  0.14292960E-01  0.14292941E+00  0.28585881E-03  0.10000000E+01  0.33630069E-01 -0.82119368E-02  0.33824230E+01  0.42371230E-03  0.33824135E+01  0.80140348E-02 -0.17945663E+01
  0.28585920E-01  0.28585765E+00  0.57171529E-03  0.10000000E+01  0.34839577E-01 -0.69449120E-02  0.35987795E+00  0.30304936E-03  0.35987498E+00  0.14924346E-02 -0.64887341E-01
  0.42878881E-01  0.42878355E+00  0.85756710E-03  0.10000000E+01  0.36836575E-01 -0.54105501E-02  0.54113209E+00  0.18393430E-03  0.54111832E+00  0.38656951E-02 -0.13755766E+00
  0.57171841E-01  0.57170595E+00  0.11434119E-02  0.10000000E+01  0.43846700E-01 -0.38164025E-02  0.60403549E+00  0.91514144E-04  0.60400633E+00  0.59355480E-02 -0.18589943E+00
  0.71464801E-01  0.71462368E+00  0.14292474E-02  0.10000000E+01  0.49563735E-01 -0.22323714E-02  0.59999823E+00  0.31312141E-04  0.59995195E+00  0.74519961E-02 -0.17316112E+00
  0.85757761E-01  0.85753557E+00  0.17150711E-02  0.10000000E+01  0.55009023E-01 -0.64670818E-03  0.60716838E+00  0.26278259E-05  0.60710041E+00  0.90844127E-02 -0.17049425E+00
  0.10005072E+00  0.10004404E+01  0.20008809E-02  0.10000000E+01  0.60189597E-01  0.94037055E-03  0.61418258E+00  0.55562006E-05  0.61408906E+00  0.10718130E-01 -0.16778782E+00
  0.11434368E+00  0.11433372E+01  0.22866743E-02  0.10000000E+01  0.65185221E-01  0.25296894E-02  0.62201456E+00  0.40208166E-04  0.62189152E+00  0.12371276E-01 -0.16583667E+00
  0.12863664E+00  0.12862245E+01  0.25724490E-02  0.10000000E+01  0.70045278E-01  0.41217753E-02  0.63038517E+00  0.10674523E-03  0.63022873E+00  0.14043517E-01 -0.16436488E+00
  0.14292960E+00  0.14291014E+01  0.28582027E-02  0.10000000E+01  0.74804665E-01  0.57170065E-02  0.63915904E+00  0.20536066E-03  0.63896535E+00  0.15735290E-01 -0.16323970E+00
  0.15722256E+00  0.15719665E+01  0.31439331E-02  0.10000000E+01  0.79488381E-01  0.73156497E-02  0.64823530E+00  0.33626811E-03  0.64800057E+00  0.17446606E-01 -0.16236649E+00
  0.17151552E+00  0.17148189E+01  0.34296377E-02  0.10000000E+01  0.84114820E-01  0.89178933E-02  0.65754394E+00  0.49969434E-03  0.65726442E+00  0.19177380E-01 -0.16168076E+00
  0.18580848E+00  0.18576572E+01  0.37153144E-02  0.10000000E+01  0.88697871E-01  0.10523872E-01  0.66703597E+00  0.69587460E-03  0.66670796E+00  0.20927499E-01 -0.16113787E+00
  0.20010144E+00  0.20004803E+01  0.40009607E-02  0.10000000E+01  0.93248248E-01  0.12133681E-01  0.67667640E+00  0.92504960E-03  0.67629628E+00  0.22696850E-01 -0.16070615E+00
  0.21439440E+00  0.21432871E+01  0.42865742E-02  0.10000000E+01  0.97774373E-01  0.13747388E-01  0.68643970E+00  0.11874635E-02  0.68600390E+00  0.24485316E-01 -0.16036256E+00
  0.22868736E+00  0.22860764E+01  0.45721528E-02  0.10000000E+01  0.10228297E+00  0.15365040E-01  0.69630686E+00  0.14833623E-02  0.69581186E+00  0.26292786E-01 -0.16009000E+00
  0.24298032E+00  0.24288470E+01  0.48576940E-02  0.10000000E+01  0.10677948E+00  0.16986667E-01  0.70626344E+00  0.18129935E-02  0.70570578E+00  0.28119150E-01 -0.15987551E+00
  0.25727328E+00  0.25715977E+01  0.51431955E-02  0.10000000E+01  0.11126836E+00  0.18612291E-01  0.71629819E+00  0.21766045E-02  0.71567449E+00  0.29964298E-01 -0.15970905E+00
  0.27156624E+00  0.27143275E+01  0.54286549E-02  0.10000000E+01  0.11575327E+00  0.20241919E-01  0.72640206E+00  0.25744428E-02  0.72570900E+00  0.31828112E-01 -0.15958267E+00
  0.28585920E+00  0.28570350E+01  0.57140700E-02  0.10000000E+01  0.12023726E+00  0.21875554E-01  0.73656741E+00  0.30067547E-02  0.73580174E+00  0.33710454E-01 -0.15948989E+00
  0.30015216E+00  0.29997192E+01  0.59994385E-02  0.10000000E+01  0.12472289E+00  0.23513189E-01  0.74678751E+00  0.34737853E-02  0.74594604E+00  0.35611160E-01 -0.15942526E+00
  0.31444512E+00  0.31423789E+01  0.62847578E-02  0.10000000E+01  0.12921228E+00  0.25154813E-01  0.75705624E+00  0.39757774E-02  0.75613587E+00  0.37530032E-01 -0.15938416E+00
  0.32873808E+00  0.32850129E+01  0.65700259E-02  0.10000000E+01  0.13370721E+00  0.26800404E-01  0.76736803E+00  0.45129713E-02  0.76636572E+00  0.39466847E-01 -0.15936258E+00
  0.34303104E+00  0.34276201E+01  0.68552402E-02  0.10000000E+01  0.13820916E+00  0.28449938E-01  0.77771791E+00  0.50856039E-02  0.77663072E+00  0.41421366E-01 -0.15935713E+00
  0.35732401E+00  0.35701993E+01  0.71403986E-02  0.10000000E+01  0.14271941E+00  0.30103383E-01  0.78810160E+00  0.56939085E-02  0.78692666E+00  0.43393346E-01 -0.15936495E+00
  0.37161697E+00  0.37127493E+01  0.74254985E-02  0.10000000E+01  0.14723899E+00  0.31760703E-01  0.79851553E+00  0.63381149E-02  0.79725006E+00  0.45382551E-01 -0.15938371E+00
  0.38590993E+00  0.38552689E+01  0.77105378E-02  0.10000000E+01  0.15176878E+00  0.33421862E-01  0.80895684E+00  0.70184491E-02  0.80759812E+00  0.47388758E-01 -0.15941151E+00
  0.40020289E+00  0.39977571E+01  0.79955141E-02  0.10000000E+01  0.15630954E+00  0.35086817E-01  0.81942321E+00  0.77351336E-02  0.81796864E+00  0.49411763E-01 -0.15944684E+00
  0.41449585E+00  0.41402125E+01  0.82804251E-02  0.10000000E+01  0.16086188E+00  0.36755527E-01  0.82991277E+00  0.84883872E-02  0.82835983E+00  0.51451370E-01 -0.15948848E+00
  0.42878881E+00  0.42826342E+01  0.85652684E-02  0.10000000E+01  0.16542634E+00  0.38427948E-01  0.84042396E+00  0.92784252E-02  0.83877022E+00  0.53507392E-01 -0.15953541E+00
  0.44308177E+00  0.44250208E+01  0.88500417E-02  0.10000000E+01  0.17000335E+00  0.40104037E-01  0.85095540E+00  0.10105459E-01  0.84919851E+00  0.55579644E-01 -0.15958679E+00
  0.45737473E+00  0.45673713E+01  0.91347427E-02  0.10000000E+01  0.17459328E+00  0.41783748E-01  0.86150581E+00  0.10969698E-01  0.85964353E+00  0.57667939E-01 -0.15964187E+00
  0.47166769E+00  0.47096845E+01  0.94193690E-02  0.10000000E+01  0.17919643E+00  0.43467037E-01  0.87207398E+00  0.11871346E-01  0.87010416E+00  0.59772088E-01 -0.15969998E+00
  0.48596065E+00  0.48519592E+01  0.97039184E-02  0.10000000E+01  0.18381305E+00  0.45153856E-01  0.88265874E+00  0.12810603E-01  0.88057933E+00  0.61891894E-01 -0.15976054E+00
  0.50025361E+00  0.49941942E+01  0.99883885E-02  0.10000000E+01  0.18844334E+00  0.46844158E-01  0.89325892E+00  0.13787666E-01  0.89106797E+00  0.64027156E-01 -0.15982300E+00
  0.51454657E+00  0.51363885E+01  0.10272777E-01  0.10000000E+01  0.19308745E+00  0.48537896E-01  0.90387341E+00  0.14802729E-01  0.90156907E+00  0.66177666E-01 -0.15988686E+00
  0.52883953E+00  0.52785407E+01  0.10557081E-01  0.10000000E+01  0.19774550E+00  0.50235021E-01  0.91450111E+00  0.15855979E-01  0.91208163E+00  0.68343215E-01 -0.15995167E+00
  0.54313249E+00  0.54206498E+01  0.10841300E-01  0.10000000E+01  0.20241755E+00  0.51935485E-01  0.92514099E+00  0.16947602E-01  0.92260473E+00  0.70523590E-01 -0.16001702E+00
  0.55742545E+00  0.55627147E+01  0.11125429E-01  0.10000000E+01  0.20710367E+00  0.53639237E-01  0.93579206E+00  0.18077778E-01  0.93313750E+00  0.72718579E-01 -0.16008255E+00
  0.57171841E+00  0.57047340E+01  0.11409468E-01  0.10000000E+01  0.21180388E+00  0.55346227E-01  0.94645342E+00  0.19246684E-01  0.94367914E+00  0.74927971E-01 -0.16014794E+00
  0.58601137E+00  0.58467068E+01  0.11693414E-01  0.10000000E+01  0.21651816E+00  0.57056405E-01  0.95712425E+00  0.20454491E-01  0.95422893E+00  0.77151557E-01 -0.16021294E+00
  0.60030433E+00  0.59886318E+01  0.11977264E-01  0.10000000E+01  0.22124651E+00  0.58769721E-01  0.96780379E+00  0.21701369E-01  0.96478624E+00  0.79389134E-01 -0.16027730E+00
  0.61459729E+00  0.61305078E+01  0.12261016E-01  0.10000000E+01  0.22598887E+00  0.60486124E-01  0.97849135E+00  0.22987481E-01  0.97535049E+00  0.81640501E-01 -0.16034087E+00
  0.62889025E+00  0.62723337E+01  0.12544667E-01  0.10000000E+01  0.23074519E+00  0.62205564E-01  0.98918633E+00  0.24312989E-01  0.98592118E+00  0.83905462E-01 -0.16040347E+00
  0.64318321E+00  0.64141084E+01  0.12828217E-01  0.10000000E+01  0.23551540E+00  0.63927992E-01  0.99988813E+00  0.25678048E-01  0.99649786E+00  0.86183824E-01 -0.16046500E+00
  0.65747617E+00  0.65558307E+01  0.13111661E-01  0.10000000E+01  0.24029943E+00  0.65653357E-01  0.10105962E+01  0.27082812E-01  0.10070801E+01  0.88475396E-01 -0.16052535E+00
  0.67176913E+00  0.66974994E+01  0.13394999E-01  0.10000000E+01  0.24509717E+00  0.67381609E-01  0.10213102E+01  0.28527429E-01  0.10176675E+01  0.90779991E-01 -0.16058446E+00
  0.68606209E+00  0.68391134E+01  0.13678227E-01  0.10000000E+01  0.24990853E+00  0.69112701E-01  0.10320294E+01  0.30012046E-01  0.10282598E+01  0.93097421E-01 -0.16064225E+00
  0.70035505E+00  0.69806715E+01  0.13961343E-01  0.10000000E+01  0.25473340E+00  0.70846582E-01  0.10427534E+01  0.31536804E-01  0.10388565E+01  0.95427498E-01 -0.16069866E+00
  0.71464801E+00  0.71221725E+01  0.14244345E-01  0.10000000E+01  0.25957166E+00  0.72583205E-01  0.10534818E+01  0.33101842E-01  0.10494574E+01  0.97770031E-01 -0.16075365E+00
  0.72894097E+00  0.72636154E+01  0.14527231E-01  0.10000000E+01  0.26442319E+00  0.74322520E-01  0.10642141E+01  0.34707293E-01  0.10600619E+01  0.10012483E+00 -0.16080716E+00
  0.74323393E+00  0.74049989E+01  0.14809998E-01  0.10000000E+01  0.26928787E+00  0.76064481E-01  0.10749496E+01  0.36353288E-01  0.10706698E+01  0.10249169E+00 -0.16085913E+00
  0.75752689E+00  0.75463219E+01  0.15092644E-01  0.10000000E+01  0.27416556E+00  0.77809038E-01  0.10856879E+01  0.38039953E-01  0.10812805E+01  0.10487041E+00 -0.16090949E+00
  0.77181985E+00  0.76875832E+01  0.15375166E-01  0.10000000E+01  0.27905613E+00  0.79556144E-01  0.10964284E+01  0.39767412E-01  0.10918937E+01  0.10726080E+00 -0.16095818E+00
  0.78611281E+00  0.78287817E+01  0.15657563E-01  0.10000000E+01  0.28395943E+00  0.81305750E-01  0.11071704E+01  0.41535783E-01  0.11025088E+01  0.10966263E+00 -0.16100513E+00
  0.80040577E+00  0.79699162E+01  0.15939832E-01  0.10000000E+01  0.28887531E+00  0.83057809E-01  0.11179134E+01  0.43345181E-01  0.11131254E+01  0.11207569E+00 -0.16105026E+00
  0.81469873E+00  0.81109856E+01  0.16221971E-01  0.10000000E+01  0.29380363E+00  0.84812271E-01  0.11286568E+01  0.45195716E-01  0.11237431E+01  0.11449977E+00 -0.16109351E+00
  0.82899169E+00  0.82519887E+01  0.16503977E-01  0.10000000E+01  0.29874422E+00  0.86569090E-01  0.11393999E+01  0.47087494E-01  0.11343614E+01  0.11693466E+00 -0.16113480E+00
  0.84328465E+00  0.83929244E+01  0.16785849E-01  0.10000000E+01  0.30369693E+00  0.88328215E-01  0.11501423E+01  0.49020619E-01  0.11449797E+01  0.11938013E+00 -0.16117409E+00
  0.85757761E+00  0.85337915E+01  0.17067583E-01  0.10000000E+01  0.30866160E+00  0.90089599E-01  0.11608832E+01  0.50995187E-01  0.11555978E+01  0.12183598E+00 -0.16121133E+00
  0.87187057E+00  0.86745889E+01  0.17349178E-01  0.10000000E+01  0.31363807E+00  0.91853195E-01  0.11716223E+01  0.53011295E-01  0.11662153E+01  0.12430200E+00 -0.16124647E+00
  0.88616353E+00  0.88153154E+01  0.17630631E-01  0.10000000E+01  0.31862616E+00  0.93618952E-01  0.11823589E+01  0.55069031E-01  0.11768316E+01  0.12677797E+00 -0.16127948E+00
  0.90045649E+00  0.89559698E+01  0.17911940E-01  0.10000000E+01  0.32362572E+00  0.95386825E-01  0.11930927E+01  0.57168483E-01  0.11874465E+01  0.12926369E+00 -0.16131035E+00
  0.91474945E+00  0.90965511E+01  0.18193102E-01  0.10000000E+01  0.32863657E+00  0.97156765E-01  0.12038230E+01  0.59309733E-01  0.11980597E+01  0.13175896E+00 -0.16133904E+00
  0.92904241E+00  0.92370580E+01  0.18474116E-01  0.10000000E+01  0.33365854E+00  0.98928724E-01  0.12145494E+01  0.61492860E-01  0.12086708E+01  0.13426356E+00 -0.16136555E+00
  0.94333537E+00  0.93774895E+01  0.18754979E-01  0.10000000E+01  0.33869145E+00  0.10070266E+00  0.12252715E+01  0.63717940E-01  0.12192794E+01  0.13677729E+00 -0.16138986E+00
  0.95762833E+00  0.95178443E+01  0.19035689E-01  0.10000000E+01  0.34373515E+00  0.10247851E+00  0.12359888E+01  0.65985042E-01  0.12298853E+01  0.13929995E+00 -0.16141197E+00
  0.97192129E+00  0.96581213E+01  0.19316243E-01  0.10000000E+01  0.34878945E+00  0.10425625E+00  0.12467008E+01  0.68294235E-01  0.12404882E+01  0.14183133E+00 -0.16143186E+00
  0.98621425E+00  0.97983195E+01  0.19596639E-01  0.10000000E+01  0.35385418E+00  0.10603581E+00  0.12574071E+01  0.70645583E-01  0.12510876E+01  0.14437122E+00 -0.16144953E+00
  0.10005072E+01  0.99384375E+01  0.19876875E-01  0.10000000E+01  0.35892917E+00  0.10781716E+00  0.12681071E+01  0.73039144E-01  0.12616834E+01  0.14691942E+00 -0.16146497E+00
  0.10148002E+01  0.10078474E+02  0.20156949E-01  0.10000000E+01  0.36401424E+00  0.10960025E+00  0.12788004E+01  0.75474975E-01  0.12722751E+01  0.14947572E+00 -0.16147817E+00
  0.10290931E+01  0.10218429E+02  0.20436858E-01  0.10000000E+01  0.36910922E+00  0.11138503E+00  0.12894866E+01  0.77953129E-01  0.12828625E+01  0.15203992E+00 -0.16148911E+00
  0.10433861E+01  0.10358300E+02  0.20716600E-01  0.10000000E+01  0.37421394E+00  0.11317146E+00  0.13001652E+01  0.80473652E-01  0.12934453E+01  0.15461179E+00 -0.16149781E+00
  0.10576791E+01  0.10498086E+02  0.20996172E-01  0.10000000E+01  0.37932821E+00  0.11495949E+00  0.13108357E+01  0.83036591E-01  0.13040231E+01  0.15719114E+00 -0.16150424E+00
  0.10719720E+01  0.10637787E+02  0.21275574E-01  0.10000000E+01  0.38445187E+00  0.11674907E+00  0.13214976E+01  0.85641984E-01  0.13145956E+01  0.15977776E+00 -0.16150839E+00
  0.10862650E+01  0.10777400E+02  0.21554801E-01  0.10000000E+01  0.38958474E+00  0.11854016E+00  0.13321505E+01  0.88289870E-01  0.13251625E+01  0.16237143E+00 -0.16151027E+00
  0.11005579E+01  0.10916926E+02  0.21833852E-01  0.10000000E+01  0.39472665E+00  0.12033271E+00  0.13427940E+01  0.90980282E-01  0.13357236E+01  0.16497195E+00 -0.16150987E+00
  0.11148509E+01  0.11056362E+02  0.22112725E-01  0.10000000E+01  0.39987742E+00  0.12212668E+00  0.13534276E+01  0.93713248E-01  0.13462784E+01  0.16757912E+00 -0.16150719E+00
  0.11291439E+01  0.11195708E+02  0.22391417E-01  0.10000000E+01  0.40503687E+00  0.12392202E+00  0.13640508E+01  0.96488795E-01  0.13568269E+01  0.17019272E+00 -0.16150222E+00
  0.11434368E+01  0.11334963E+02  0.22669926E-01  0.10000000E+01  0.41020484E+00  0.12571870E+00  0.13746633E+01  0.99306944E-01  0.13673686E+01  0.17281255E+00 -0.16149497E+00
  0.11577298E+01  0.11474125E+02  0.22948250E-01  0.10000000E+01  0.41538115E+00  0.12751665E+00  0.13852645E+01  0.10216771E+00  0.13779033E+01  0.17543842E+00 -0.16148545E+00
  0.11720227E+01  0.11613193E+02  0.23226386E-01  0.10000000E+01  0.42056563E+00  0.12931584E+00  0.13958542E+01  0.10507112E+00  0.13884307E+01  0.17807010E+00 -0.16147365E+00
  0.11863157E+01  0.11752166E+02  0.23504332E-01  0.10000000E+01  0.42575810E+00  0.13111623E+00  0.14064318E+01  0.10801717E+00  0.13989507E+01  0.18070741E+00 -0.16145959E+00
  0.12006087E+01  0.11891043E+02  0.23782087E-01  0.10000000E+01  0.43095840E+00  0.13291777E+00  0.14169970E+01  0.11100588E+00  0.14094628E+01  0.18335014E+00 -0.16144326E+00
  0.12149016E+01  0.12029823E+02  0.24059647E-01  0.10000000E+01  0.43616635E+00  0.13472042E+00  0.14275493E+01  0.11403725E+00  0.14199670E+01  0.18599808E+00 -0.16142468E+00
  0.12291946E+01  0.12168505E+02  0.24337010E-01  0.10000000E+01  0.44138179E+00  0.13652413E+00  0.14380884E+01  0.11711128E+00  0.14304629E+01  0.18865104E+00 -0.16140386E+00
  0.12434875E+01  0.12307087E+02  0.24614175E-01  0.10000000E+01  0.44660454E+00  0.13832886E+00  0.14486138E+01  0.12022796E+00  0.14409503E+01  0.19130882E+00 -0.16138079E+00
  0.12577805E+01  0.12445569E+02  0.24891138E-01  0.10000000E+01  0.45183444E+00  0.14013457E+00  0.14591252E+01  0.12338729E+00  0.14514289E+01  0.19397121E+00 -0.16135549E+00
  0.12720735E+01  0.12583949E+02  0.25167898E-01  0.10000000E+01  0.45707132E+00  0.14194121E+00  0.14696221E+01  0.12658927E+00  0.14618985E+01  0.19663802E+00 -0.16132797E+00
  0.12863664E+01  0.12722226E+02  0.25444453E-01  0.10000000E+01  0.46231501E+00  0.14374874E+00  0.14801041E+01  0.12983387E+00  0.14723590E+01  0.19930903E+00 -0.16129822E+00
  0.13006594E+01  0.12860400E+02  0.25720799E-01  0.10000000E+01  0.46756534E+00  0.14555713E+00  0.14905709E+01  0.13312108E+00  0.14828099E+01  0.20198406E+00 -0.16126626E+00
  0.13149523E+01  0.12998468E+02  0.25996936E-01  0.10000000E+01  0.47282215E+00  0.14736632E+00  0.15010219E+01  0.13645088E+00  0.14932511E+01  0.20466289E+00 -0.16123209E+00
  0.13292453E+01  0.13136430E+02  0.26272859E-01  0.10000000E+01  0.47808528E+00  0.14917628E+00  0.15114570E+01  0.13982325E+00  0.15036823E+01  0.20734533E+00 -0.16119572E+00
  0.13435383E+01  0.13274284E+02  0.26548569E-01  0.10000000E+01  0.48335456E+00  0.15098696E+00  0.15218755E+01  0.14323816E+00  0.15141034E+01  0.21003118E+00 -0.16115715E+00
  0.13578312E+01  0.13412030E+02  0.26824061E-01  0.10000000E+01  0.48862983E+00  0.15279832E+00  0.15322772E+01  0.14669558E+00  0.15245141E+01  0.21272023E+00 -0.16111638E+00
  0.13721242E+01  0.13549667E+02  0.27099334E-01  0.10000000E+01  0.49391092E+00  0.15461032E+00  0.15426616E+01  0.15019547E+00  0.15349140E+01  0.21541228E+00 -0.16107342E+00
  0.13864171E+01  0.13687193E+02  0.27374386E-01  0.10000000E+01  0.49919767E+00  0.15642292E+00  0.15530284E+01  0.15373780E+00  0.15453031E+01  0.21810714E+00 -0.16102828E+00
  0.14007101E+01  0.13824607E+02  0.27649213E-01  0.10000000E+01  0.50448993E+00  0.15823608E+00  0.15633771E+01  0.15732252E+00  0.15556811E+01  0.22080461E+00 -0.16098096E+00
  0.14150031E+01  0.13961908E+02  0.27923815E-01  0.10000000E+01  0.50978753E+00  0.16004975E+00  0.15737074E+01  0.16094960E+00  0.15660478E+01  0.22350447E+00 -0.16093146E+00
  0.14292960E+01  0.14099095E+02  0.28198189E-01  0.10000000E+01  0.51509031E+00  0.16186391E+00  0.15840189E+01  0.16461898E+00  0.15764029E+01  0.22620655E+00 -0.16087979E+00
  0.14435890E+01  0.14236166E+02  0.28472333E-01  0.10000000E+01  0.52039812E+00  0.16367849E+00  0.15943112E+01  0.16833062E+00  0.15867462E+01  0.22891063E+00 -0.16082595E+00
  0.14578819E+01  0.14373122E+02  0.28746243E-01  0.10000000E+01  0.52571080E+00  0.16549348E+00  0.16045839E+01  0.17208445E+00  0.15970775E+01  0.23161652E+00 -0.16076995E+00
  0.14721749E+01  0.14509960E+02  0.29019919E-01  0.10000000E+01  0.53102818E+00  0.16730881E+00  0.16148367E+01  0.17588043E+00  0.16073966E+01  0.23432402E+00 -0.16071180E+00
  0.14864679E+01  0.14646679E+02  0.29293358E-01  0.10000000E+01  0.53635012E+00  0.16912447E+00  0.16250691E+01  0.17971849E+00  0.16177033E+01  0.23703294E+00 -0.16065149E+00
  0.15007608E+01  0.14783279E+02  0.29566557E-01  0.10000000E+01  0.54167646E+00  0.17094040E+00  0.16352809E+01  0.18359857E+00  0.16279973E+01  0.23974307E+00 -0.16058904E+00
  0.15150538E+01  0.14919757E+02  0.29839515E-01  0.10000000E+01  0.54700704E+00  0.17275656E+00  0.16454715E+01  0.18752060E+00  0.16382785E+01  0.24245423E+00 -0.16052446E+00
  0.15293467E+01  0.15056114E+02  0.30112229E-01  0.10000000E+01  0.55234171E+00  0.17457292E+00  0.16556408E+01  0.19148450E+00  0.16485467E+01  0.24516623E+00 -0.16045773E+00
  0.15436397E+01  0.15192348E+02  0.30384696E-01  0.10000000E+01  0.55768032E+00  0.17638944E+00  0.16657882E+01  0.19549021E+00  0.16588017E+01  0.24787885E+00 -0.16038889E+00
  0.15579327E+01  0.15328458E+02  0.30656916E-01  0.10000000E+01  0.56302271E+00  0.17820607E+00  0.16759135E+01  0.19953765E+00  0.16690432E+01  0.25059193E+00 -0.16031792E+00
  0.15722256E+01  0.15464443E+02  0.30928885E-01  0.10000000E+01  0.56836873E+00  0.18002278E+00  0.16860163E+01  0.20362674E+00  0.16792711E+01  0.25330525E+00 -0.16024483E+00
  0.15865186E+01  0.15600301E+02  0.31200601E-01  0.10000000E+01  0.57371824E+00  0.18183953E+00  0.16960963E+01  0.20775740E+00  0.16894852E+01  0.25601863E+00 -0.16016964E+00
  0.16008115E+01  0.15736031E+02  0.31472063E-01  0.10000000E+01  0.57907109E+00  0.18365629E+00  0.17061530E+01  0.21192953E+00  0.16996852E+01  0.25873188E+00 -0.16009235E+00
  0.16151045E+01  0.15871633E+02  0.31743267E-01  0.10000000E+01  0.58442712E+00  0.18547300E+00  0.17161861E+01  0.21614306E+00  0.17098711E+01  0.26144481E+00 -0.16001295E+00
  0.16293975E+01  0.16007106E+02  0.32014211E-01  0.10000000E+01  0.58978618E+00  0.18728964E+00  0.17261954E+01  0.22039788E+00  0.17200426E+01  0.26415722E+00 -0.15993147E+00
  0.16436904E+01  0.16142447E+02  0.32284895E-01  0.10000000E+01  0.59514814E+00  0.18910617E+00  0.17361804E+01  0.22469390E+00  0.17301996E+01  0.26686893E+00 -0.15984789E+00
  0.16579834E+01  0.16277657E+02  0.32555314E-01  0.10000000E+01  0.59925113E+00  0.19000000E+00  0.17435192E+01  0.22682300E+00  0.17372064E+01  0.27096446E+00 -0.16026644E+00
  0.16722763E+01  0.16412734E+02  0.32825467E-01  0.10000000E+01  0.60139012E+00  0.19000000E+00  0.17447838E+01  0.22682300E+00  0.17377758E+01  0.27541656E+00 -0.15487867E+00
  0.16865693E+01  0.16547676E+02  0.33095352E-01  0.10000000E+01  0.60182928E+00  0.19000000E+00  0.17454642E+01  0.22682300E+00  0.17377746E+01  0.27970239E+00 -0.14197123E+00
  0.17008623E+01  0.16682483E+02  0.33364967E-01  0.10000000E+01  0.60067284E+00  0.19000000E+00  0.17467068E+01  0.22682300E+00  0.17383020E+01  0.28414700E+00 -0.12996447E+00
  0.17151552E+01  0.16817154E+02  0.33634309E-01  0.10000000E+01  0.59811608E+00  0.19000000E+00  0.17481337E+01  0.22682300E+00  0.17389952E+01  0.28864484E+00 -0.11904290E+00
  0.17294482E+01  0.16951688E+02  0.33903376E-01  0.10000000E+01  0.59430050E+00  0.19000000E+00  0.17499333E+01  0.22682300E+00  0.17400341E+01  0.29325199E+00 -0.10881873E+00
  0.17437411E+01  0.17086083E+02  0.34172166E-01  0.10000000E+01  0.58931721E+00  0.19000000E+00  0.17521545E+01  0.22682300E+00  0.17414646E+01  0.29798528E+00 -0.99108347E-01
  0.17580341E+01  0.17220338E+02  0.34440677E-01  0.10000000E+01  0.58322999E+00  0.19000000E+00  0.17547860E+01  0.22682300E+00  0.17432751E+01  0.30284410E+00 -0.89832722E-01
  0.17723271E+01  0.17354453E+02  0.34708906E-01  0.10000000E+01  0.57609230E+00  0.19000000E+00  0.17578034E+01  0.22682300E+00  0.17454414E+01  0.30782385E+00 -0.80961948E-01
  0.17866200E+01  0.17488426E+02  0.34976852E-01  0.10000000E+01  0.56795418E+00  0.19000000E+00  0.17612026E+01  0.22682300E+00  0.17479590E+01  0.31292583E+00 -0.72480587E-01
  0.18009130E+01  0.17622256E+02  0.35244512E-01  0.10000000E+01  0.55886413E+00  0.19000000E+00  0.17649835E+01  0.22682300E+00  0.17508268E+01  0.31815245E+00 -0.64376004E-01
  0.18152059E+01  0.17755942E+02  0.35511884E-01  0.10000000E+01  0.54886924E+00  0.19000000E+00  0.17691484E+01  0.22682300E+00  0.17540462E+01  0.32350685E+00 -0.56636653E-01
  0.18294989E+01  0.17889483E+02  0.35778966E-01  0.10000000E+01  0.53801514E+00  0.19000000E+00  0.17736995E+01  0.22682300E+00  0.17576185E+01  0.32899218E+00 -0.49252542E-01
  0.18437919E+01  0.18022878E+02  0.36045755E-01  0.10000000E+01  0.52634607E+00  0.19000000E+00  0.17786339E+01  0.22682300E+00  0.17615401E+01  0.33461002E+00 -0.42215141E-01
  0.18580848E+01  0.18156125E+02  0.36312250E-01  0.10000000E+01  0.51390494E+00  0.19000000E+00  0.17839391E+01  0.22682300E+00  0.17657982E+01  0.34035890E+00 -0.35516555E-01
  0.18723778E+01  0.18289224E+02  0.36578448E-01  0.10000000E+01  0.50073350E+00  0.19000000E+00  0.17896012E+01  0.22682300E+00  0.17703788E+01  0.34623681E+00 -0.29149326E-01
  0.18866707E+01  0.18422174E+02  0.36844347E-01  0.10000000E+01  0.48687219E+00  0.19000000E+00  0.17956439E+01  0.22682300E+00  0.17753037E+01  0.35225345E+00 -0.23109768E-01
  0.19009637E+01  0.18554973E+02  0.37109945E-01  0.10000000E+01  0.47235991E+00  0.19000000E+00  0.18021524E+01  0.22682300E+00  0.17806526E+01  0.35843837E+00 -0.17402420E-01
  0.19152567E+01  0.18687620E+02  0.37375240E-01  0.10000000E+01  0.45723429E+00  0.19000000E+00  0.18091391E+01  0.22682300E+00  0.17864364E+01  0.36479846E+00 -0.12027316E-01
  0.19295496E+01  0.18820115E+02  0.37640230E-01  0.10000000E+01  0.44153260E+00  0.19000000E+00  0.18163489E+01  0.22682300E+00  0.17924124E+01  0.37125444E+00 -0.69504935E-02
  0.19438426E+01  0.18952456E+02  0.37904912E-01  0.10000000E+01  0.42529176E+00  0.19000000E+00  0.18236197E+01  0.22682300E+00  0.17984267E+01  0.37775496E+00 -0.21403994E-02
  0.19581355E+01  0.19084642E+02  0.38169284E-01  0.10000000E+01  0.40854634E+00  0.19000000E+00  0.18314489E+01  0.22682300E+00  0.18049493E+01  0.38446295E+00  0.23393251E-02
  0.19724285E+01  0.19216672E+02  0.38433344E-01  0.10000000E+01  0.39132870E+00  0.19000000E+00  0.18401025E+01  0.22682300E+00  0.18122300E+01  0.39146944E+00  0.64394549E-02
  0.19867215E+01  0.19348545E+02  0.38697090E-01  0.10000000E+01  0.37367142E+00  0.19000000E+00  0.18487045E+01  0.22682300E+00  0.18194403E+01  0.39848940E+00  0.10310593E-01
  0.20010144E+01  0.19480260E+02  0.38960520E-01  0.10000000E+01  0.35560658E+00  0.19000000E+00  0.18571192E+01  0.22682300E+00  0.18264525E+01  0.40547715E+00  0.14004348E-01
  0.20153074E+01  0.19611816E+02  0.39223632E-01  0.10000000E+01  0.33716421E+00  0.19000000E+00  0.18663635E+01  0.22682300E+00  0.18342247E+01  0.41277256E+00  0.17301346E-01
  0.20296003E+01  0.19743212E+02  0.39486423E-01  0.10000000E+01  0.31837165E+00  0.19000000E+00  0.18766143E+01  0.22682300E+00  0.18429214E+01  0.42044064E+00  0.20179272E-01
  0.20438933E+01  0.19874446E+02  0.39748892E-01  0.10000000E+01  0.29925554E+00  0.19000000E+00  0.18861033E+01  0.22682300E+00  0.18508775E+01  0.42788659E+00  0.23076048E-01
  0.20581863E+01  0.20005518E+02  0.40011035E-01  0.10000000E+01  0.27984641E+00  0.19000000E+00  0.18945430E+01  0.22682300E+00  0.18578243E+01  0.43500692E+00  0.25896174E-01
  0.20724792E+01  0.20136426E+02  0.40272852E-01  0.10000000E+01  0.26016459E+00  0.19000000E+00  0.19079276E+01  0.22682300E+00  0.18693919E+01  0.44385821E+00  0.27477190E-01
  0.20867722E+01  0.20267170E+02  0.40534340E-01  0.10000000E+01  0.24023122E+00  0.19000000E+00  0.19171119E+01  0.22682300E+00  0.18769899E+01  0.45130426E+00  0.29963196E-01
  0.21010652E+01  0.20397748E+02  0.40795496E-01  0.10000000E+01  0.22008047E+00  0.19000000E+00  0.19237297E+01  0.22682300E+00  0.18821594E+01  0.45788733E+00  0.32530839E-01
  0.21153581E+01  0.20528159E+02  0.41056319E-01  0.10000000E+01  0.19971756E+00  0.19000000E+00  0.19455098E+01  0.22682300E+00  0.19015094E+01  0.46980773E+00  0.31704443E-01
  0.21296511E+01  0.20658403E+02  0.41316806E-01  0.10000000E+01  0.17916964E+00  0.19000000E+00  0.19430698E+01  0.22682300E+00  0.18981534E+01  0.47326817E+00  0.36422920E-01
  0.21439440E+01  0.20788478E+02  0.41576956E-01  0.10000000E+01  0.15846628E+00  0.19000000E+00  0.19624074E+01  0.22682300E+00  0.19151527E+01  0.48443948E+00  0.35287384E-01
  0.21582370E+01  0.20918383E+02  0.41836766E-01  0.10000000E+01  0.13759477E+00  0.19000000E+00  0.19808228E+01  0.22682300E+00  0.19312510E+01  0.49535537E+00  0.35060726E-01
  0.21725300E+01  0.21048117E+02  0.42096235E-01  0.10000000E+01  0.11661051E+00  0.19000000E+00  0.19640440E+01  0.22682300E+00  0.19144652E+01  0.49370089E+00  0.42334111E-01
  0.21868229E+01  0.21177680E+02  0.42355359E-01  0.10000000E+01  0.95495631E-01  0.19000000E+00  0.20252585E+01  0.22682300E+00  0.19704242E+01  0.52014319E+00  0.30914281E-01
  0.22011159E+01  0.21307069E+02  0.42614137E-01  0.10000000E+01  0.74284776E-01  0.19000000E+00  0.19703864E+01  0.22682300E+00  0.19181232E+01  0.50465295E+00  0.47537260E-01
  0.22154088E+01  0.21436284E+02  0.42872567E-01  0.10000000E+01  0.52979289E-01  0.19000000E+00  0.20587182E+01  0.22682300E+00  0.19992017E+01  0.54125977E+00  0.29148179E-01
  0.22297018E+01  0.21565323E+02  0.43130647E-01  0.10000000E+01  0.31622454E-01  0.19000000E+00  0.19811505E+01  0.22682300E+00  0.19258396E+01  0.51725000E+00  0.49647563E-01
  0.22439948E+01  0.21694187E+02  0.43388374E-01  0.10000000E+01  0.10146261E-01  0.19000000E+00  0.21045983E+01  0.22682300E+00  0.20393755E+01  0.56721288E+00  0.24586863E-01
  0.22582877E+01  0.21822873E+02  0.43645747E-01  0.10000000E+01 -0.11270841E-01  0.19000000E+00  0.19564895E+01  0.22682300E+00  0.19006014E+01  0.51673414E+00  0.57837988E-01
  0.22725807E+01  0.21951381E+02  0.43902762E-01  0.10000000E+01 -0.32825704E-01  0.19000000E+00  0.21617619E+01  0.22682300E+00  0.20898281E+01  0.59773055E+00  0.15003648E-01
  0.22868736E+01  0.22079710E+02  0.44159420E-01  0.10000000E+01 -0.54445521E-01  0.19000000E+00  0.20259857E+01  0.22682300E+00  0.19626655E+01  0.55137201E+00  0.47865742E-01
  0.23011666E+01  0.22207858E+02  0.44415716E-01  0.10000000E+01 -0.75923306E-01  0.19000000E+00  0.20441724E+01  0.22682300E+00  0.19782649E+01  0.56263431E+00  0.40750285E-01
  0.23154596E+01  0.22335825E+02  0.44671649E-01  0.10000000E+01 -0.97504124E-01  0.19000000E+00  0.21048503E+01  0.22682300E+00  0.20331288E+01  0.59011096E+00  0.31399452E-01
  0.23297525E+01  0.22463609E+02  0.44927218E-01  0.10000000E+01 -0.11919903E+00  0.19000000E+00  0.21082749E+01  0.22682300E+00  0.20349724E+01  0.59595241E+00  0.34821361E-01
  0.23440455E+01  0.22591210E+02  0.45182419E-01  0.10000000E+01 -0.14093919E+00  0.19000000E+00  0.21244280E+01  0.22682300E+00  0.20485537E+01  0.60668817E+00  0.32338399E-01
  0.23583384E+01  0.22718626E+02  0.45437251E-01  0.10000000E+01 -0.16270760E+00  0.19000000E+00  0.21310940E+01  0.22682300E+00  0.20533483E+01  0.61381674E+00  0.31233038E-01
  0.23726314E+01  0.22845856E+02  0.45691712E-01  0.10000000E+01 -0.18447567E+00  0.19000000E+00  0.21207768E+01  0.22682300E+00  0.20424724E+01  0.61436920E+00  0.34404335E-01
  0.23869244E+01  0.22972900E+02  0.45945799E-01  0.10000000E+01 -0.20623360E+00  0.19000000E+00  0.21279415E+01  0.22682300E+00  0.20477015E+01  0.62169285E+00  0.33980480E-01
  0.24012173E+01  0.23099756E+02  0.46199511E-01  0.10000000E+01 -0.22801776E+00  0.19000000E+00  0.21720058E+01  0.22682300E+00  0.20868515E+01  0.64351296E+00  0.24982430E-01
  0.24155103E+01  0.23226423E+02  0.46452846E-01  0.10000000E+01 -0.24973057E+00  0.19000000E+00  0.21091396E+01  0.22682300E+00  0.20276525E+01  0.62333261E+00  0.39185184E-01
  0.24298032E+01  0.23352900E+02  0.46705800E-01  0.10000000E+01 -0.27150638E+00  0.19000000E+00  0.22159106E+01  0.22682300E+00  0.21242960E+01  0.67013034E+00  0.18669720E-01
  0.24440962E+01  0.23479187E+02  0.46958374E-01  0.10000000E+01 -0.29340120E+00  0.19000000E+00  0.21989538E+01  0.22682300E+00  0.21072610E+01  0.66805507E+00  0.27512237E-01
  0.24583892E+01  0.23605282E+02  0.47210563E-01  0.10000000E+01 -0.31526973E+00  0.19000000E+00  0.22306350E+01  0.22682300E+00  0.21348159E+01  0.68537723E+00  0.18692435E-01
  0.24726821E+01  0.23731183E+02  0.47462367E-01  0.10000000E+01 -0.33708449E+00  0.19000000E+00  0.21704553E+01  0.22682300E+00  0.20782137E+01  0.66584755E+00  0.33602421E-01
  0.24869751E+01  0.23856891E+02  0.47713783E-01  0.10000000E+01 -0.35887287E+00  0.19000000E+00  0.22653324E+01  0.22682300E+00  0.21635184E+01  0.70877896E+00  0.11547570E-01
  0.25012680E+01  0.23982404E+02  0.47964808E-01  0.10000000E+01 -0.38065445E+00  0.19000000E+00  0.22113465E+01  0.22682300E+00  0.21126352E+01  0.69157379E+00  0.25837243E-01
  0.25155610E+01  0.24107721E+02  0.48215442E-01  0.10000000E+01 -0.40231336E+00  0.19000000E+00  0.22767470E+01  0.22682300E+00  0.21708138E+01  0.72290593E+00  0.73024232E-02
  0.25298540E+01  0.24232841E+02  0.48465682E-01  0.10000000E+01 -0.42392273E+00  0.19000000E+00  0.22383672E+01  0.22682300E+00  0.21342320E+01  0.71189192E+00  0.19237410E-01
  0.25441469E+01  0.24357763E+02  0.48715526E-01  0.10000000E+01 -0.44530206E+00  0.19000000E+00  0.23060385E+01  0.22682300E+00  0.21943225E+01  0.74445336E+00 -0.11355650E-02
  0.25584399E+01  0.24482486E+02  0.48964972E-01  0.10000000E+01 -0.46639843E+00  0.19000000E+00  0.22583137E+01  0.22682300E+00  0.21492631E+01  0.72945039E+00  0.12761024E-01
  0.25727328E+01  0.24607009E+02  0.49214018E-01  0.10000000E+01 -0.48682855E+00  0.19000000E+00  0.23729497E+01  0.22682300E+00  0.22518980E+01  0.78185325E+00 -0.21544530E-01
  0.25870258E+01  0.24731331E+02  0.49462662E-01  0.10000000E+01 -0.50660773E+00  0.19000000E+00  0.22928032E+01  0.22682300E+00  0.21774008E+01  0.75320722E+00 -0.25045858E-02
  0.26013188E+01  0.24855450E+02  0.49710901E-01  0.10000000E+01 -0.52592944E+00  0.19000000E+00  0.24211377E+01  0.22682300E+00  0.22922110E+01  0.81186524E+00 -0.41193695E-01
  0.26156117E+01  0.24979367E+02  0.49958734E-01  0.10000000E+01 -0.54511407E+00  0.19000000E+00  0.23015837E+01  0.22682300E+00  0.21820789E+01  0.76633415E+00 -0.81207518E-02
  0.26299047E+01  0.25103080E+02  0.50206159E-01  0.10000000E+01 -0.56412826E+00  0.19000000E+00  0.24439108E+01  0.22682300E+00  0.23093028E+01  0.83142586E+00 -0.51097871E-01
  0.26441976E+01  0.25226587E+02  0.50453174E-01  0.10000000E+01 -0.58310830E+00  0.19000000E+00  0.23539939E+01  0.22682300E+00  0.22261638E+01  0.79807938E+00 -0.22571466E-01
  0.26584906E+01  0.25349888E+02  0.50699776E-01  0.10000000E+01 -0.60145233E+00  0.19000000E+00  0.24519669E+01  0.22682300E+00  0.23129804E+01  0.84481492E+00 -0.60265585E-01
  0.26727836E+01  0.25472982E+02  0.50945964E-01  0.10000000E+01 -0.61962260E+00  0.19000000E+00  0.23635113E+01  0.22682300E+00  0.22313034E+01  0.81173869E+00 -0.37655945E-01
  0.26870765E+01  0.25595868E+02  0.51191736E-01  0.10000000E+01 -0.63727133E+00  0.19000000E+00  0.24586762E+01  0.22682300E+00  0.23153830E+01  0.85763563E+00 -0.64717142E-01
  0.27013695E+01  0.25718545E+02  0.51437090E-01  0.10000000E+01 -0.65472281E+00  0.19000000E+00  0.24930628E+01  0.22682300E+00  0.23445215E+01  0.87751326E+00 -0.75028295E-01
  0.27156624E+01  0.25841011E+02  0.51682023E-01  0.10000000E+01 -0.67195201E+00  0.19000000E+00  0.24649514E+01  0.22682300E+00  0.23173401E+01  0.87026948E+00 -0.64450808E-01
  0.27299554E+01  0.25963267E+02  0.51926534E-01  0.10000000E+01 -0.68863558E+00  0.19000000E+00  0.24895084E+01  0.22682300E+00  0.23375565E+01  0.88596306E+00 -0.84408932E-01
  0.27442484E+01  0.26085310E+02  0.52170620E-01  0.10000000E+01 -0.70521772E+00  0.19000000E+00  0.24171810E+01  0.22682300E+00  0.22707039E+01  0.85913718E+00 -0.62640733E-01
  0.27585413E+01  0.26207140E+02  0.52414280E-01  0.10000000E+01 -0.72143571E+00  0.19000000E+00  0.25917950E+01  0.22682300E+00  0.24255362E+01  0.94107614E+00 -0.10394014E+00
  0.27728343E+01  0.26328756E+02  0.52657512E-01  0.10000000E+01 -0.73772186E+00  0.19000000E+00  0.25654595E+01  0.22682300E+00  0.23999296E+01  0.93454210E+00 -0.98174943E-01
  0.27871272E+01  0.26450157E+02  0.52900314E-01  0.10000000E+01 -0.75363774E+00  0.19000000E+00  0.25025562E+01  0.22682300E+00  0.23416254E+01  0.91160674E+00 -0.89708139E-01
  0.28014202E+01  0.26571342E+02  0.53142683E-01  0.10000000E+01 -0.76921483E+00  0.19000000E+00  0.25510148E+01  0.22682300E+00  0.23830323E+01  0.93823352E+00 -0.10428143E+00
  0.28157132E+01  0.26692309E+02  0.53384618E-01  0.10000000E+01 -0.78464992E+00  0.19000000E+00  0.25751191E+01  0.22682300E+00  0.24025817E+01  0.95409031E+00 -0.11494007E+00
  0.28300061E+01  0.26813059E+02  0.53626117E-01  0.10000000E+01 -0.79972415E+00  0.19000000E+00  0.25391520E+01  0.22682300E+00  0.23684656E+01  0.94292748E+00 -0.10720307E+00
  0.28442991E+01  0.26933589E+02  0.53867178E-01  0.10000000E+01 -0.81462776E+00  0.19000000E+00  0.26275473E+01  0.22682300E+00  0.24452841E+01  0.98794715E+00 -0.12820442E+00
  0.28585920E+01  0.27053899E+02  0.54107798E-01  0.10000000E+01 -0.82943219E+00  0.19000000E+00  0.26555874E+01  0.22682300E+00  0.24681760E+01  0.10058330E+01 -0.13582441E+00
  0.28728850E+01  0.27173988E+02  0.54347976E-01  0.10000000E+01 -0.84371541E+00  0.19000000E+00  0.25757617E+01  0.22682300E+00  0.23950476E+01  0.97454804E+00 -0.12579270E+00
  0.28871780E+01  0.27293855E+02  0.54587711E-01  0.10000000E+01 -0.85782411E+00  0.19000000E+00  0.26404983E+01  0.22682300E+00  0.24505328E+01  0.10092418E+01 -0.14241589E+00
  0.29014709E+01  0.27413499E+02  0.54826999E-01  0.10000000E+01 -0.87174877E+00  0.19000000E+00  0.26991669E+01  0.22682300E+00  0.25005005E+01  0.10413683E+01 -0.15337630E+00
  0.29157639E+01  0.27532919E+02  0.55065839E-01  0.10000000E+01 -0.88510080E+00  0.19000000E+00  0.26111547E+01  0.22682300E+00  0.24202802E+01  0.10058934E+01 -0.14472354E+00
  0.29300568E+01  0.27652114E+02  0.55304229E-01  0.10000000E+01 -0.89863453E+00  0.19000000E+00  0.28118307E+01  0.22682300E+00  0.25959374E+01  0.11040603E+01 -0.18222033E+00
  0.29443498E+01  0.27771084E+02  0.55542167E-01  0.10000000E+01 -0.91158243E+00  0.19000000E+00  0.26909735E+01  0.22682300E+00  0.24867030E+01  0.10531359E+01 -0.16492701E+00
  0.29586428E+01  0.27889826E+02  0.55779652E-01  0.10000000E+01 -0.92438527E+00  0.19000000E+00  0.27247935E+01  0.22682300E+00  0.25144069E+01  0.10741073E+01 -0.16791537E+00
  0.29729357E+01  0.28008340E+02  0.56016680E-01  0.10000000E+01 -0.93716942E+00  0.19000000E+00  0.28041572E+01  0.22682300E+00  0.25822483E+01  0.11165752E+01 -0.19204051E+00
  0.29872287E+01  0.28126625E+02  0.56253251E-01  0.10000000E+01 -0.94921031E+00  0.19000000E+00  0.26855754E+01  0.22682300E+00  0.24753594E+01  0.10660017E+01 -0.17799383E+00
  0.30015216E+01  0.28244681E+02  0.56489362E-01  0.10000000E+01 -0.96168492E+00  0.19000000E+00  0.28732435E+01  0.22682300E+00  0.26384810E+01  0.11599115E+01 -0.19621780E+00
  0.30158146E+01  0.28362506E+02  0.56725012E-01  0.10000000E+01 -0.97334217E+00  0.19000000E+00  0.26919704E+01  0.22682300E+00  0.24765772E+01  0.10792214E+01 -0.18200714E+00
  0.30301076E+01  0.28480099E+02  0.56960198E-01  0.10000000E+01 -0.98448937E+00  0.19000000E+00  0.28600510E+01  0.22682300E+00  0.26220969E+01  0.11644518E+01 -0.21441777E+00
  0.30444005E+01  0.28597459E+02  0.57194918E-01  0.10000000E+01 -0.99672645E+00  0.19000000E+00  0.28325080E+01  0.22682300E+00  0.25955234E+01  0.11566367E+01 -0.20847860E+00
  0.30586935E+01  0.28714586E+02  0.57429171E-01  0.10000000E+01 -0.10102539E+01  0.19000000E+00  0.28519873E+01  0.22682300E+00  0.26102374E+01  0.11712990E+01 -0.19956285E+00
  0.30729864E+01  0.28831478E+02  0.57662955E-01  0.10000000E+01 -0.10242286E+01  0.19000000E+00  0.27083208E+01  0.22682300E+00  0.24819845E+01  0.11073408E+01 -0.17681331E+00
  0.30872794E+01  0.28948134E+02  0.57896268E-01  0.10000000E+01 -0.10355402E+01  0.19000000E+00  0.28561459E+01  0.22682300E+00  0.26090803E+01  0.11839418E+01 -0.22466452E+00
  0.31015724E+01  0.29064554E+02  0.58129107E-01  0.10000000E+01 -0.10468397E+01  0.19000000E+00  0.28067712E+01  0.22682300E+00  0.25635121E+01  0.11652548E+01 -0.22333854E+00
  0.31158653E+01  0.29180736E+02  0.58361472E-01  0.10000000E+01 -0.10620041E+01  0.19000000E+00  0.28438468E+01  0.22682300E+00  0.25935142E+01  0.11885275E+01 -0.20067851E+00
  0.31301583E+01  0.29296680E+02  0.58593360E-01  0.10000000E+01 -0.10782253E+01  0.19000000E+00  0.28497745E+01  0.22682300E+00  0.25962733E+01  0.11966738E+01 -0.19362263E+00
  0.31444512E+01  0.29412384E+02  0.58824769E-01  0.10000000E+01 -0.10935089E+01  0.19000000E+00  0.27209406E+01  0.22682300E+00  0.24816232E+01  0.11386451E+01 -0.18159023E+00
  0.31587442E+01  0.29527848E+02  0.59055697E-01  0.10000000E+01 -0.11085180E+01  0.19000000E+00  0.29128515E+01  0.22682300E+00  0.26463083E+01  0.12382264E+01 -0.22326260E+00
  0.31730372E+01  0.29643071E+02  0.59286142E-01  0.10000000E+01 -0.11229957E+01  0.19000000E+00  0.28147605E+01  0.22682300E+00  0.25585597E+01  0.11950303E+01 -0.21213122E+00
  0.31873301E+01  0.29758052E+02  0.59516104E-01  0.10000000E+01 -0.11370477E+01  0.19000000E+00  0.28600056E+01  0.22682300E+00  0.25954349E+01  0.12226193E+01 -0.22386961E+00
  0.32016231E+01  0.29872789E+02  0.59745578E-01  0.10000000E+01 -0.11507897E+01  0.19000000E+00  0.29659307E+01  0.22682300E+00  0.26848327E+01  0.12805731E+01 -0.25161570E+00
  0.32159160E+01  0.29987283E+02  0.59974565E-01  0.10000000E+01 -0.11639336E+01  0.19000000E+00  0.28314982E+01  0.22682300E+00  0.25658314E+01  0.12187452E+01 -0.23349559E+00
  0.32302090E+01  0.30101531E+02  0.60203062E-01  0.10000000E+01 -0.11765636E+01  0.19000000E+00  0.29453948E+01  0.22682300E+00  0.26619324E+01  0.12809820E+01 -0.26409102E+00
  0.32445020E+01  0.30215533E+02  0.60431066E-01  0.10000000E+01 -0.11886330E+01  0.19000000E+00  0.28944598E+01  0.22682300E+00  0.26153634E+01  0.12606427E+01 -0.26148550E+00
  0.32587949E+01  0.30329288E+02  0.60658577E-01  0.10000000E+01 -0.12002287E+01  0.19000000E+00  0.29681641E+01  0.22682300E+00  0.26764724E+01  0.13030512E+01 -0.28101161E+00
  0.32730879E+01  0.30442796E+02  0.60885592E-01  0.10000000E+01 -0.12113614E+01  0.19000000E+00  0.30049601E+01  0.22682300E+00  0.27056088E+01  0.13269946E+01 -0.29410337E+00
  0.32873808E+01  0.30556055E+02  0.61112109E-01  0.10000000E+01 -0.12219126E+01  0.19000000E+00  0.29887351E+01  0.22682300E+00  0.26890086E+01  0.13240919E+01 -0.29833784E+00
  0.33016738E+01  0.30669064E+02  0.61338128E-01  0.10000000E+01 -0.12318747E+01  0.19000000E+00  0.29997260E+01  0.22682300E+00  0.26958453E+01  0.13349992E+01 -0.30773773E+00
  0.33159668E+01  0.30781822E+02  0.61563645E-01  0.10000000E+01 -0.12412037E+01  0.19000000E+00  0.30157685E+01  0.22682300E+00  0.27069953E+01  0.13485122E+01 -0.32048632E+00
  0.33302597E+01  0.30894329E+02  0.61788658E-01  0.10000000E+01 -0.12500042E+01  0.19000000E+00  0.30486694E+01  0.22682300E+00  0.27325749E+01  0.13707183E+01 -0.33332370E+00
  0.33445527E+01  0.31006584E+02  0.62013167E-01  0.10000000E+01 -0.12584525E+01  0.19000000E+00  0.30999470E+01  0.22682300E+00  0.27738345E+01  0.14024843E+01 -0.34682699E+00
  0.33588456E+01  0.31118585E+02  0.62237170E-01  0.10000000E+01 -0.12663047E+01  0.19000000E+00  0.30325825E+01  0.22682300E+00  0.27134170E+01  0.13730891E+01 -0.34556649E+00
  0.33731386E+01  0.31230332E+02  0.62460663E-01  0.10000000E+01 -0.12737328E+01  0.19000000E+00  0.30826367E+01  0.22682300E+00  0.27535346E+01  0.14043307E+01 -0.36186777E+00
  0.33874316E+01  0.31341823E+02  0.62683647E-01  0.10000000E+01 -0.12809886E+01  0.19000000E+00  0.31629094E+01  0.22682300E+00  0.28193560E+01  0.14514394E+01 -0.37869932E+00
  0.34017245E+01  0.31453059E+02  0.62906118E-01  0.10000000E+01 -0.12876794E+01  0.19000000E+00  0.30607902E+01  0.22682300E+00  0.27294182E+01  0.14036244E+01 -0.37270962E+00
  0.34160175E+01  0.31564037E+02  0.63128075E-01  0.10000000E+01 -0.12941120E+01  0.19000000E+00  0.31147542E+01  0.22682300E+00  0.27726747E+01  0.14371561E+01 -0.38710350E+00
  0.34303104E+01  0.31674758E+02  0.63349516E-01  0.10000000E+01 -0.13004766E+01  0.19000000E+00  0.31627086E+01  0.22682300E+00  0.28107035E+01  0.14676921E+01 -0.39887089E+00
  0.34446034E+01  0.31785220E+02  0.63570439E-01  0.10000000E+01 -0.13065456E+01  0.19000000E+00  0.31126455E+01  0.22682300E+00  0.27653137E+01  0.14467381E+01 -0.40041957E+00
  0.34588964E+01  0.31895422E+02  0.63790843E-01  0.10000000E+01 -0.13123868E+01  0.19000000E+00  0.31303520E+01  0.22682300E+00  0.27775589E+01  0.14614098E+01 -0.40919351E+00
  0.34731893E+01  0.32005363E+02  0.64010726E-01  0.10000000E+01 -0.13178935E+01  0.19000000E+00  0.31696410E+01  0.22682300E+00  0.28080667E+01  0.14875599E+01 -0.42622590E+00
  0.34874823E+01  0.32115043E+02  0.64230086E-01  0.10000000E+01 -0.13229750E+01  0.19000000E+00  0.31330100E+01  0.22682300E+00  0.27741881E+01  0.14734588E+01 -0.42874819E+00
  0.35017753E+01  0.32224460E+02  0.64448920E-01  0.10000000E+01 -0.13278648E+01  0.19000000E+00  0.32162604E+01  0.22682300E+00  0.28417961E+01  0.15231462E+01 -0.44895229E+00
  0.35160682E+01  0.32333614E+02  0.64667229E-01  0.10000000E+01 -0.13324080E+01  0.19000000E+00  0.31660319E+01  0.22682300E+00  0.27964487E+01  0.15016927E+01 -0.44901621E+00
  0.35303612E+01  0.32442504E+02  0.64885008E-01  0.10000000E+01 -0.13366990E+01  0.19000000E+00  0.32110695E+01  0.22682300E+00  0.28315984E+01  0.15311652E+01 -0.46394523E+00
  0.35446541E+01  0.32551129E+02  0.65102258E-01  0.10000000E+01 -0.13408471E+01  0.19000000E+00  0.32469987E+01  0.22682300E+00  0.28589756E+01  0.15558625E+01 -0.47395751E+00
  0.35589471E+01  0.32659488E+02  0.65318975E-01  0.10000000E+01 -0.13445606E+01  0.19000000E+00  0.32202457E+01  0.22682300E+00  0.28335048E+01  0.15468295E+01 -0.48153045E+00
  0.35732401E+01  0.32767580E+02  0.65535159E-01  0.10000000E+01 -0.13479779E+01  0.19000000E+00  0.32461824E+01  0.22682300E+00  0.28523910E+01  0.15662101E+01 -0.49175198E+00
  0.35875330E+01  0.32875404E+02  0.65750807E-01  0.10000000E+01 -0.13511483E+01  0.19000000E+00  0.32836991E+01  0.22682300E+00  0.28809471E+01  0.15919398E+01 -0.50314751E+00
  0.36018260E+01  0.32982959E+02  0.65965918E-01  0.10000000E+01 -0.13537913E+01  0.19000000E+00  0.32568938E+01  0.22682300E+00  0.28554685E+01  0.15827526E+01 -0.51141826E+00
  0.36161189E+01  0.33090245E+02  0.66180490E-01  0.10000000E+01 -0.13562641E+01  0.19000000E+00  0.33010428E+01  0.22682300E+00  0.28894883E+01  0.16122002E+01 -0.52067391E+00
  0.36304119E+01  0.33197261E+02  0.66394521E-01  0.10000000E+01 -0.13585101E+01  0.19000000E+00  0.33064054E+01  0.22682300E+00  0.28909594E+01  0.16205304E+01 -0.52836674E+00
  0.36447049E+01  0.33304005E+02  0.66608010E-01  0.10000000E+01 -0.13605863E+01  0.19000000E+00  0.33023377E+01  0.22682300E+00  0.28845356E+01  0.16236801E+01 -0.53430436E+00
  0.36589978E+01  0.33410477E+02  0.66820954E-01  0.10000000E+01 -0.13627799E+01  0.19000000E+00  0.33396578E+01  0.22682300E+00  0.29126662E+01  0.16495873E+01 -0.54067748E+00
  0.36732908E+01  0.33516676E+02  0.67033353E-01  0.10000000E+01 -0.13649356E+01  0.19000000E+00  0.33225810E+01  0.22682300E+00  0.28953664E+01  0.16455537E+01 -0.54412381E+00
  0.36875837E+01  0.33622602E+02  0.67245203E-01  0.10000000E+01 -0.13672757E+01  0.19000000E+00  0.33413827E+01  0.22682300E+00  0.29079754E+01  0.16613145E+01 -0.54847799E+00
  0.37018767E+01  0.33728252E+02  0.67456504E-01  0.10000000E+01 -0.13697397E+01  0.19000000E+00  0.33392078E+01  0.22682300E+00  0.29030982E+01  0.16654662E+01 -0.55219469E+00
  0.37161697E+01  0.33833627E+02  0.67667254E-01  0.10000000E+01 -0.13723475E+01  0.19000000E+00  0.33399299E+01  0.22682300E+00  0.29006302E+01  0.16712047E+01 -0.55543111E+00
  0.37304626E+01  0.33938725E+02  0.67877451E-01  0.10000000E+01 -0.13749411E+01  0.19000000E+00  0.33371150E+01  0.22682300E+00  0.28952244E+01  0.16749510E+01 -0.56082331E+00
  0.37447556E+01  0.34043546E+02  0.68087093E-01  0.10000000E+01 -0.13774524E+01  0.19000000E+00  0.33443688E+01  0.22682300E+00  0.28981659E+01  0.16843058E+01 -0.56762184E+00
  0.37590485E+01  0.34148089E+02  0.68296179E-01  0.10000000E+01 -0.13795525E+01  0.19000000E+00  0.33455740E+01  0.22682300E+00  0.28960853E+01  0.16902675E+01 -0.57771274E+00
  0.37733415E+01  0.34252353E+02  0.68504706E-01  0.10000000E+01 -0.13806616E+01  0.19000000E+00  0.33623633E+01  0.22682300E+00  0.29068821E+01  0.17049845E+01 -0.59465783E+00
  0.37876345E+01  0.34356337E+02  0.68712674E-01  0.10000000E+01 -0.13793051E+01  0.19000000E+00  0.33953281E+01  0.22682300E+00  0.29309969E+01  0.17288606E+01 -0.62669931E+00
  0.38019274E+01  0.34460040E+02  0.68920081E-01  0.10000000E+01 -0.13739366E+01  0.19000000E+00  0.34436897E+01  0.22682300E+00  0.29677380E+01  0.17615272E+01 -0.67304851E+00
  0.38162204E+01  0.34563462E+02  0.69126924E-01  0.10000000E+01 -0.13690865E+01  0.19000000E+00  0.34395211E+01  0.22682300E+00  0.29611208E+01  0.17645164E+01 -0.67111985E+00
  0.38305133E+01  0.34666601E+02  0.69333202E-01  0.10000000E+01 -0.13692357E+01  0.19000000E+00  0.33956333E+01  0.22682300E+00  0.29218429E+01  0.17448805E+01 -0.62863104E+00
  0.38448063E+01  0.34769457E+02  0.69538914E-01  0.10000000E+01 -0.13705995E+01  0.19000000E+00  0.34000664E+01  0.22682300E+00  0.29223475E+01  0.17526510E+01 -0.62721349E+00
  0.38590993E+01  0.34872029E+02  0.69744058E-01  0.10000000E+01 -0.13717020E+01  0.19000000E+00  0.34129006E+01  0.22682300E+00  0.29297348E+01  0.17652177E+01 -0.63684004E+00
  0.38733922E+01  0.34974316E+02  0.69948631E-01  0.10000000E+01 -0.13728119E+01  0.19000000E+00  0.34191658E+01  0.22682300E+00  0.29317125E+01  0.17740364E+01 -0.64202013E+00
  0.38876852E+01  0.35076317E+02  0.70152633E-01  0.10000000E+01 -0.13738526E+01  0.19000000E+00  0.34254296E+01  0.22682300E+00  0.29336758E+01  0.17828524E+01 -0.64754484E+00
  0.39019781E+01  0.35178031E+02  0.70356062E-01  0.10000000E+01 -0.13747908E+01  0.19000000E+00  0.34313229E+01  0.22682300E+00  0.29353232E+01  0.17914529E+01 -0.65327683E+00
  0.39162711E+01  0.35279458E+02  0.70558916E-01  0.10000000E+01 -0.13756781E+01  0.19000000E+00  0.34360559E+01  0.22682300E+00  0.29360110E+01  0.17993798E+01 -0.65857584E+00
  0.39305641E+01  0.35380597E+02  0.70761193E-01  0.10000000E+01 -0.13765815E+01  0.19000000E+00  0.34398432E+01  0.22682300E+00  0.29359181E+01  0.18067526E+01 -0.66343475E+00
  0.39448570E+01  0.35481446E+02  0.70962892E-01  0.10000000E+01 -0.13775482E+01  0.19000000E+00  0.34428768E+01  0.22682300E+00  0.29352036E+01  0.18136782E+01 -0.66803897E+00
  0.39591500E+01  0.35582006E+02  0.71164012E-01  0.10000000E+01 -0.13785961E+01  0.19000000E+00  0.34452640E+01  0.22682300E+00  0.29339574E+01  0.18202161E+01 -0.67255523E+00
  0.39734429E+01  0.35682275E+02  0.71364549E-01  0.10000000E+01 -0.13797277E+01  0.19000000E+00  0.34469250E+01  0.22682300E+00  0.29321167E+01  0.18263166E+01 -0.67694616E+00
  0.39877359E+01  0.35782252E+02  0.71564504E-01  0.10000000E+01 -0.13809452E+01  0.19000000E+00  0.34475100E+01  0.22682300E+00  0.29294000E+01  0.18317722E+01 -0.68105808E+00
  0.40020289E+01  0.35881937E+02  0.71763874E-01  0.10000000E+01 -0.13822489E+01  0.19000000E+00  0.34468885E+01  0.22682300E+00  0.29257051E+01  0.18365019E+01 -0.68490926E+00
  0.40163218E+01  0.35981328E+02  0.71962657E-01  0.10000000E+01 -0.13836290E+01  0.19000000E+00  0.34454762E+01  0.22682300E+00  0.29213720E+01  0.18407446E+01 -0.68872621E+00
  0.40306148E+01  0.36080426E+02  0.72160852E-01  0.10000000E+01 -0.13850648E+01  0.19000000E+00  0.34439153E+01  0.22682300E+00  0.29169224E+01  0.18448753E+01 -0.69273323E+00
  0.40449077E+01  0.36179229E+02  0.72358458E-01  0.10000000E+01 -0.13865296E+01  0.19000000E+00  0.34426457E+01  0.22682300E+00  0.29127119E+01  0.18491531E+01 -0.69706512E+00
  0.40592007E+01  0.36277736E+02  0.72555472E-01  0.10000000E+01 -0.13879920E+01  0.19000000E+00  0.34418359E+01  0.22682300E+00  0.29088755E+01  0.18536790E+01 -0.70179128E+00
  0.40734937E+01  0.36375947E+02  0.72751894E-01  0.10000000E+01 -0.13894164E+01  0.19000000E+00  0.34415667E+01  0.22682300E+00  0.29054772E+01  0.18585027E+01 -0.70692880E+00
  0.40877866E+01  0.36473860E+02  0.72947720E-01  0.10000000E+01 -0.13907654E+01  0.19000000E+00  0.34418795E+01  0.22682300E+00  0.29025484E+01  0.18636511E+01 -0.71244183E+00
  0.41020796E+01  0.36571476E+02  0.73142951E-01  0.10000000E+01 -0.13920066E+01  0.19000000E+00  0.34427060E+01  0.22682300E+00  0.29000329E+01  0.18690860E+01 -0.71822946E+00
  0.41163725E+01  0.36668792E+02  0.73337584E-01  0.10000000E+01 -0.13931226E+01  0.19000000E+00  0.34438192E+01  0.22682300E+00  0.28977470E+01  0.18746738E+01 -0.72410849E+00
  0.41306655E+01  0.36765809E+02  0.73531618E-01  0.10000000E+01 -0.13941175E+01  0.19000000E+00  0.34448114E+01  0.22682300E+00  0.28953633E+01  0.18801716E+01 -0.72985766E+00
  0.41449585E+01  0.36862526E+02  0.73725051E-01  0.10000000E+01 -0.13950114E+01  0.19000000E+00  0.34452335E+01  0.22682300E+00  0.28925231E+01  0.18853096E+01 -0.73535824E+00
  0.41592514E+01  0.36958941E+02  0.73917882E-01  0.10000000E+01 -0.13958239E+01  0.19000000E+00  0.34449163E+01  0.22682300E+00  0.28890931E+01  0.18899837E+01 -0.74069555E+00
  0.41735444E+01  0.37055054E+02  0.74110108E-01  0.10000000E+01 -0.13965574E+01  0.19000000E+00  0.34441539E+01  0.22682300E+00  0.28853101E+01  0.18943680E+01 -0.74608436E+00
  0.41878373E+01  0.37150865E+02  0.74301729E-01  0.10000000E+01 -0.13971941E+01  0.19000000E+00  0.34435004E+01  0.22682300E+00  0.28816175E+01  0.18987956E+01 -0.75168254E+00
  0.42021303E+01  0.37246372E+02  0.74492743E-01  0.10000000E+01 -0.13977105E+01  0.19000000E+00  0.34432496E+01  0.22682300E+00  0.28782487E+01  0.19034445E+01 -0.75745627E+00
  0.42164233E+01  0.37341574E+02  0.74683148E-01  0.10000000E+01 -0.13980944E+01  0.19000000E+00  0.34431088E+01  0.22682300E+00  0.28749700E+01  0.19081390E+01 -0.76322504E+00
  0.42307162E+01  0.37436472E+02  0.74872943E-01  0.10000000E+01 -0.13983508E+01  0.19000000E+00  0.34425573E+01  0.22682300E+00  0.28713678E+01  0.19125628E+01 -0.76884422E+00
  0.42450092E+01  0.37531063E+02  0.75062126E-01  0.10000000E+01 -0.13984954E+01  0.19000000E+00  0.34413403E+01  0.22682300E+00  0.28672412E+01  0.19165592E+01 -0.77428445E+00
  0.42593021E+01  0.37625348E+02  0.75250696E-01  0.10000000E+01 -0.13985456E+01  0.19000000E+00  0.34394894E+01  0.22682300E+00  0.28626175E+01  0.19201450E+01 -0.77956083E+00
  0.42735951E+01  0.37719325E+02  0.75438650E-01  0.10000000E+01 -0.13985130E+01  0.19000000E+00  0.34371283E+01  0.22682300E+00  0.28575966E+01  0.19233932E+01 -0.78469167E+00
  0.42878881E+01  0.37812994E+02  0.75625988E-01  0.10000000E+01 -0.13984002E+01  0.19000000E+00  0.34343734E+01  0.22682300E+00  0.28522719E+01  0.19263733E+01 -0.78972651E+00
  0.43021810E+01  0.37906354E+02  0.75812709E-01  0.10000000E+01 -0.13981999E+01  0.19000000E+00  0.34313511E+01  0.22682300E+00  0.28467446E+01  0.19291616E+01 -0.79475372E+00
  0.43164740E+01  0.37999405E+02  0.75998809E-01  0.10000000E+01 -0.13978972E+01  0.19000000E+00  0.34282191E+01  0.22682300E+00  0.28411398E+01  0.19318540E+01 -0.79986546E+00
  0.43307669E+01  0.38092145E+02  0.76184289E-01  0.10000000E+01 -0.13974719E+01  0.19000000E+00  0.34251333E+01  0.22682300E+00  0.28355805E+01  0.19345465E+01 -0.80512553E+00
  0.43450599E+01  0.38184573E+02  0.76369146E-01  0.10000000E+01 -0.13969023E+01  0.19000000E+00  0.34222365E+01  0.22682300E+00  0.28301791E+01  0.19373275E+01 -0.81057326E+00
  0.43593529E+01  0.38276690E+02  0.76553379E-01  0.10000000E+01 -0.13961679E+01  0.19000000E+00  0.34196565E+01  0.22682300E+00  0.28250354E+01  0.19402770E+01 -0.81622700E+00
  0.43736458E+01  0.38368493E+02  0.76736987E-01  0.10000000E+01 -0.13952541E+01  0.19000000E+00  0.34173952E+01  0.22682300E+00  0.28201499E+01  0.19433973E+01 -0.82204251E+00
  0.43879388E+01  0.38459984E+02  0.76919967E-01  0.10000000E+01 -0.13941574E+01  0.19000000E+00  0.34152580E+01  0.22682300E+00  0.28153695E+01  0.19465688E+01 -0.82791064E+00
  0.44022317E+01  0.38551160E+02  0.77102319E-01  0.10000000E+01 -0.13928868E+01  0.19000000E+00  0.34129752E+01  0.22682300E+00  0.28104831E+01  0.19496238E+01 -0.83372612E+00
  0.44165247E+01  0.38642021E+02  0.77284041E-01  0.10000000E+01 -0.13914604E+01  0.19000000E+00  0.34103796E+01  0.22682300E+00  0.28053605E+01  0.19524574E+01 -0.83943664E+00
  0.44308177E+01  0.38732566E+02  0.77465132E-01  0.10000000E+01 -0.13898986E+01  0.19000000E+00  0.34074882E+01  0.22682300E+00  0.28000160E+01  0.19550793E+01 -0.84504338E+00
  0.44451106E+01  0.38822794E+02  0.77645589E-01  0.10000000E+01 -0.13882177E+01  0.19000000E+00  0.34044505E+01  0.22682300E+00  0.27945671E+01  0.19575819E+01 -0.85057556E+00
  0.44594036E+01  0.38912706E+02  0.77825412E-01  0.10000000E+01 -0.13864277E+01  0.19000000E+00  0.34014194E+01  0.22682300E+00  0.27891332E+01  0.19600609E+01 -0.85605588E+00
  0.44736965E+01  0.39002299E+02  0.78004599E-01  0.10000000E+01 -0.13845335E+01  0.19000000E+00  0.33984659E+01  0.22682300E+00  0.27837696E+01  0.19625611E+01 -0.86148103E+00
  0.44879895E+01  0.39091574E+02  0.78183148E-01  0.10000000E+01 -0.13825376E+01  0.19000000E+00  0.33955738E+01  0.22682300E+00  0.27784636E+01  0.19650726E+01 -0.86682075E+00
  0.45022825E+01  0.39180529E+02  0.78361059E-01  0.10000000E+01 -0.13804420E+01  0.19000000E+00  0.33926640E+01  0.22682300E+00  0.27731538E+01  0.19675456E+01 -0.87202246E+00
  0.45165754E+01  0.39269165E+02  0.78538329E-01  0.10000000E+01 -0.13782487E+01  0.19000000E+00  0.33896255E+01  0.22682300E+00  0.27677544E+01  0.19699100E+01 -0.87702226E+00
  0.45308684E+01  0.39357479E+02  0.78714958E-01  0.10000000E+01 -0.13759594E+01  0.19000000E+00  0.33863473E+01  0.22682300E+00  0.27621800E+01  0.19720949E+01 -0.88175963E+00
  0.45451613E+01  0.39445471E+02  0.78890943E-01  0.10000000E+01 -0.13735772E+01  0.19000000E+00  0.33827015E+01  0.22682300E+00  0.27563327E+01  0.19740183E+01 -0.88617530E+00
  0.45594543E+01  0.39533142E+02  0.79066284E-01  0.10000000E+01 -0.13711084E+01  0.19000000E+00  0.33785186E+01  0.22682300E+00  0.27500828E+01  0.19755710E+01 -0.89020838E+00
  0.45737473E+01  0.39620489E+02  0.79240978E-01  0.10000000E+01 -0.13685635E+01  0.19000000E+00  0.33736175E+01  0.22682300E+00  0.27432927E+01  0.19766358E+01 -0.89381370E+00
  0.45880402E+01  0.39707513E+02  0.79415025E-01  0.10000000E+01 -0.13659566E+01  0.19000000E+00  0.33678544E+01  0.22682300E+00  0.27358536E+01  0.19771183E+01 -0.89697974E+00
  0.46023332E+01  0.39794212E+02  0.79588423E-01  0.10000000E+01 -0.13633034E+01  0.19000000E+00  0.33611600E+01  0.22682300E+00  0.27277152E+01  0.19769712E+01 -0.89973339E+00
  0.46166261E+01  0.39880585E+02  0.79761171E-01  0.10000000E+01 -0.13606184E+01  0.19000000E+00  0.33535621E+01  0.22682300E+00  0.27189013E+01  0.19762093E+01 -0.90213038E+00
  0.46309191E+01  0.39966633E+02  0.79933267E-01  0.10000000E+01 -0.13579135E+01  0.19000000E+00  0.33451755E+01  0.22682300E+00  0.27095027E+01  0.19749034E+01 -0.90423362E+00
  0.46452121E+01  0.40052355E+02  0.80104710E-01  0.10000000E+01 -0.13551961E+01  0.19000000E+00  0.33361509E+01  0.22682300E+00  0.26996369E+01  0.19731476E+01 -0.90608771E+00
  0.46595050E+01  0.40137749E+02  0.80275498E-01  0.10000000E+01 -0.13524701E+01  0.19000000E+00  0.33266091E+01  0.22682300E+00  0.26893985E+01  0.19710182E+01 -0.90770507E+00
  0.46737980E+01  0.40222815E+02  0.80445630E-01  0.10000000E+01 -0.13497350E+01  0.19000000E+00  0.33166217E+01  0.22682300E+00  0.26788434E+01  0.19685594E+01 -0.90908031E+00
  0.46880909E+01  0.40307552E+02  0.80615105E-01  0.10000000E+01 -0.13469866E+01  0.19000000E+00  0.33062335E+01  0.22682300E+00  0.26680072E+01  0.19657990E+01 -0.91021843E+00
  0.47023839E+01  0.40391960E+02  0.80783921E-01  0.10000000E+01 -0.13442166E+01  0.19000000E+00  0.32954090E+01  0.22682300E+00  0.26568641E+01  0.19627130E+01 -0.91111539E+00
  0.47166769E+01  0.40476038E+02  0.80952077E-01  0.10000000E+01 -0.13414156E+01  0.19000000E+00  0.32839679E+01  0.22682300E+00  0.26452780E+01  0.19591829E+01 -0.91171993E+00
  0.47309698E+01  0.40559786E+02  0.81119571E-01  0.10000000E+01 -0.13385752E+01  0.19000000E+00  0.32716687E+01  0.22682300E+00  0.26330675E+01  0.19550499E+01 -0.91195506E+00
  0.47452628E+01  0.40643201E+02  0.81286403E-01  0.10000000E+01 -0.13356915E+01  0.19000000E+00  0.32582736E+01  0.22682300E+00  0.26200545E+01  0.19501564E+01 -0.91173249E+00
  0.47595557E+01  0.40726285E+02  0.81452570E-01  0.10000000E+01 -0.13327637E+01  0.19000000E+00  0.32438924E+01  0.22682300E+00  0.26063253E+01  0.19445707E+01 -0.91110369E+00
  0.47738487E+01  0.40809036E+02  0.81618072E-01  0.10000000E+01 -0.13297813E+01  0.19000000E+00  0.32295495E+01  0.22682300E+00  0.25926580E+01  0.19389593E+01 -0.91053806E+00
  0.47881417E+01  0.40891453E+02  0.81782907E-01  0.10000000E+01 -0.13267264E+01  0.19000000E+00  0.32160367E+01  0.22682300E+00  0.25796512E+01  0.19338408E+01 -0.91039700E+00
  0.48024346E+01  0.40973537E+02  0.81947073E-01  0.10000000E+01 -0.13235955E+01  0.19000000E+00  0.32028524E+01  0.22682300E+00  0.25669238E+01  0.19288894E+01 -0.91039843E+00
  0.48167276E+01  0.41055285E+02  0.82110570E-01  0.10000000E+01 -0.13203978E+01  0.19000000E+00  0.31895658E+01  0.22682300E+00  0.25541500E+01  0.19238234E+01 -0.91029389E+00
  0.48310206E+01  0.41136698E+02  0.82273396E-01  0.10000000E+01 -0.13171446E+01  0.19000000E+00  0.31760743E+01  0.22682300E+00  0.25412528E+01  0.19185752E+01 -0.91002806E+00
  0.48453135E+01  0.41217775E+02  0.82435550E-01  0.10000000E+01 -0.13138455E+01  0.19000000E+00  0.31623288E+01  0.22682300E+00  0.25281958E+01  0.19131121E+01 -0.90959873E+00
  0.48596065E+01  0.41298515E+02  0.82597030E-01  0.10000000E+01 -0.13105061E+01  0.19000000E+00  0.31483412E+01  0.22682300E+00  0.25149888E+01  0.19074413E+01 -0.90904012E+00
  0.48738994E+01  0.41378917E+02  0.82757835E-01  0.10000000E+01 -0.13071283E+01  0.19000000E+00  0.31341967E+01  0.22682300E+00  0.25016963E+01  0.19016187E+01 -0.90841998E+00
  0.48881924E+01  0.41458982E+02  0.82917964E-01  0.10000000E+01 -0.13037124E+01  0.19000000E+00  0.31198706E+01  0.22682300E+00  0.24883001E+01  0.18956276E+01 -0.90774496E+00
  0.49024854E+01  0.41538707E+02  0.83077415E-01  0.10000000E+01 -0.13002590E+01  0.19000000E+00  0.31053256E+01  0.22682300E+00  0.24747729E+01  0.18894430E+01 -0.90700130E+00
  0.49167783E+01  0.41618094E+02  0.83236187E-01  0.10000000E+01 -0.12967698E+01  0.19000000E+00  0.30904707E+01  0.22682300E+00  0.24610473E+01  0.18830040E+01 -0.90613504E+00
  0.49310713E+01  0.41697140E+02  0.83394279E-01  0.10000000E+01 -0.12932488E+01  0.19000000E+00  0.30751931E+01  0.22682300E+00  0.24470397E+01  0.18762349E+01 -0.90507019E+00
  0.49453642E+01  0.41775845E+02  0.83551690E-01  0.10000000E+01 -0.12896991E+01  0.19000000E+00  0.30595275E+01  0.22682300E+00  0.24327774E+01  0.18691579E+01 -0.90380962E+00
  0.49596572E+01  0.41854209E+02  0.83708418E-01  0.10000000E+01 -0.12861202E+01  0.19000000E+00  0.30434851E+01  0.22682300E+00  0.24182695E+01  0.18617794E+01 -0.90237022E+00
  0.49739502E+01  0.41932231E+02  0.83864462E-01  0.10000000E+01 -0.12825158E+01  0.19000000E+00  0.30267110E+01  0.22682300E+00  0.24032532E+01  0.18538614E+01 -0.90058698E+00
  0.49882431E+01  0.42009910E+02  0.84019821E-01  0.10000000E+01 -0.12788938E+01  0.19000000E+00  0.30090095E+01  0.22682300E+00  0.23875848E+01  0.18452710E+01 -0.89835188E+00
  0.50025361E+01  0.42087246E+02  0.84174493E-01  0.10000000E+01 -0.12752531E+01  0.19000000E+00  0.29910384E+01  0.22682300E+00  0.23717552E+01  0.18364467E+01 -0.89595822E+00
  0.50168290E+01  0.42164238E+02  0.84328477E-01  0.10000000E+01 -0.12715769E+01  0.19000000E+00  0.29739321E+01  0.22682300E+00  0.23566057E+01  0.18281494E+01 -0.89390365E+00
  0.50311220E+01  0.42240886E+02  0.84481772E-01  0.10000000E+01 -0.12678561E+01  0.19000000E+00  0.29572093E+01  0.22682300E+00  0.23417777E+01  0.18200585E+01 -0.89192213E+00
  0.50454150E+01  0.42317188E+02  0.84634377E-01  0.10000000E+01 -0.12641129E+01  0.19000000E+00  0.29393350E+01  0.22682300E+00  0.23261350E+01  0.18111419E+01 -0.88919494E+00
  0.50597079E+01  0.42393145E+02  0.84786290E-01  0.10000000E+01 -0.12603894E+01  0.19000000E+00  0.29195414E+01  0.22682300E+00  0.23091137E+01  0.18008789E+01 -0.88528165E+00
  0.50740009E+01  0.42468755E+02  0.84937510E-01  0.10000000E+01 -0.12567178E+01  0.19000000E+00  0.28981457E+01  0.22682300E+00  0.22909527E+01  0.17894784E+01 -0.88038797E+00
  0.50882938E+01  0.42544018E+02  0.85088037E-01  0.10000000E+01 -0.12530170E+01  0.19000000E+00  0.28794959E+01  0.22682300E+00  0.22748597E+01  0.17798760E+01 -0.87693879E+00
  0.51025868E+01  0.42618934E+02  0.85237868E-01  0.10000000E+01 -0.12491443E+01  0.19000000E+00  0.28656585E+01  0.22682300E+00  0.22623479E+01  0.17734794E+01 -0.87609901E+00
  0.51168798E+01  0.42693501E+02  0.85387002E-01  0.10000000E+01 -0.12450590E+01  0.19000000E+00  0.28531070E+01  0.22682300E+00  0.22508127E+01  0.17679113E+01 -0.87582198E+00
  0.51311727E+01  0.42767719E+02  0.85535439E-01  0.10000000E+01 -0.12407721E+01  0.19000000E+00  0.28404956E+01  0.22682300E+00  0.22392625E+01  0.17622619E+01 -0.87527674E+00
  0.51454657E+01  0.42841588E+02  0.85683177E-01  0.10000000E+01 -0.12363211E+01  0.19000000E+00  0.28269734E+01  0.22682300E+00  0.22270737E+01  0.17559527E+01 -0.87398553E+00
  0.51597586E+01  0.42915107E+02  0.85830214E-01  0.10000000E+01 -0.12317753E+01  0.19000000E+00  0.28114027E+01  0.22682300E+00  0.22134153E+01  0.17482066E+01 -0.87132626E+00
  0.51740516E+01  0.42988275E+02  0.85976550E-01  0.10000000E+01 -0.12271954E+01  0.19000000E+00  0.27941453E+01  0.22682300E+00  0.21985573E+01  0.17392648E+01 -0.86751384E+00
  0.51883446E+01  0.43061092E+02  0.86122184E-01  0.10000000E+01 -0.12226183E+01  0.19000000E+00  0.27756928E+01  0.22682300E+00  0.21828633E+01  0.17294586E+01 -0.86291725E+00
  0.52026375E+01  0.43133557E+02  0.86267114E-01  0.10000000E+01 -0.12180753E+01  0.19000000E+00  0.27555447E+01  0.22682300E+00  0.21659709E+01  0.17184428E+01 -0.85739479E+00
  0.52169305E+01  0.43205669E+02  0.86411339E-01  0.10000000E+01 -0.11912818E+01  0.19000000E+00  0.50858548E+01  0.22682300E+00  0.38623714E+01  0.33165426E+01 -0.17791575E+01
  0.52312234E+01  0.43277429E+02  0.86554858E-01  0.10000000E+01 -0.11884264E+01  0.19000000E+00  0.27434246E+01  0.22682300E+00  0.21528250E+01  0.17155674E+01 -0.82927332E+00
  0.52455164E+01  0.43348835E+02  0.86697669E-01  0.10000000E+01 -0.11851531E+01  0.19000000E+00  0.27240555E+01  0.22682300E+00  0.21366003E+01  0.17049534E+01 -0.82613122E+00
  0.52598094E+01  0.43419886E+02  0.86839773E-01  0.10000000E+01 -0.11814286E+01  0.19000000E+00  0.27001586E+01  0.22682300E+00  0.21171272E+01  0.16911764E+01 -0.82348400E+00
  0.52741023E+01  0.43490583E+02  0.86981166E-01  0.10000000E+01 -0.11988943E+01  0.19000000E+00  0.53464199E+00  0.22682300E+00  0.54398368E+00  0.20340228E+00  0.41406526E-01
  0.52883953E+01  0.43560924E+02  0.87121849E-01  0.10000000E+01 -0.11910006E+01  0.19000000E+00  0.29504825E+01  0.22682300E+00  0.22943530E+01  0.18688873E+01 -0.95104168E+00
  0.53026882E+01  0.43630910E+02  0.87261820E-01  0.10000000E+01 -0.11869470E+01  0.19000000E+00  0.25778975E+01  0.22682300E+00  0.20223916E+01  0.16146010E+01 -0.80184741E+00
  0.53169812E+01  0.43700539E+02  0.87401077E-01  0.10000000E+01 -0.11831965E+01  0.19000000E+00  0.25478898E+01  0.22682300E+00  0.19987336E+01  0.15963255E+01 -0.78953399E+00
  0.53312742E+01  0.43769811E+02  0.87539621E-01  0.10000000E+01 -0.11792392E+01  0.19000000E+00  0.25220816E+01  0.22682300E+00  0.19781654E+01  0.15808877E+01 -0.78259123E+00
  0.53455671E+01  0.43838725E+02  0.87677449E-01  0.10000000E+01 -0.11756635E+01  0.19000000E+00  0.24279383E+01  0.22682300E+00  0.19083577E+01  0.15180593E+01 -0.74726764E+00
  0.53598601E+01  0.43907281E+02  0.87814561E-01  0.10000000E+01 -0.11711059E+01  0.19000000E+00  0.24668889E+01  0.22682300E+00  0.19346024E+01  0.15473536E+01 -0.76758522E+00
  0.53741530E+01  0.43975478E+02  0.87950955E-01  0.10000000E+01 -0.11663228E+01  0.19000000E+00  0.24382693E+01  0.22682300E+00  0.19121635E+01  0.15297831E+01 -0.75969469E+00
  0.53884460E+01  0.44043315E+02  0.88086631E-01  0.10000000E+01 -0.11613003E+01  0.19000000E+00  0.24121758E+01  0.22682300E+00  0.18915946E+01  0.15139058E+01 -0.75243839E+00
  0.54027390E+01  0.44110793E+02  0.88221586E-01  0.10000000E+01 -0.11561350E+01  0.19000000E+00  0.23816979E+01  0.22682300E+00  0.18679273E+01  0.14949184E+01 -0.74287514E+00
  0.54170319E+01  0.44177911E+02  0.88355821E-01  0.10000000E+01 -0.11509156E+01  0.19000000E+00  0.23478600E+01  0.22682300E+00  0.18419070E+01  0.14735243E+01 -0.73142958E+00
  0.54313249E+01  0.44244667E+02  0.88489334E-01  0.10000000E+01 -0.11457242E+01  0.19000000E+00  0.23099725E+01  0.22682300E+00  0.18130476E+01  0.14492343E+01 -0.71780486E+00
  0.54456178E+01  0.44311062E+02  0.88622124E-01  0.10000000E+01 -0.11406294E+01  0.19000000E+00  0.22666482E+01  0.22682300E+00  0.17803659E+01  0.14210699E+01 -0.70154696E+00
  0.54599108E+01  0.44377095E+02  0.88754189E-01  0.10000000E+01 -0.11356194E+01  0.19000000E+00  0.22202172E+01  0.22682300E+00  0.17455403E+01  0.13906481E+01 -0.68400303E+00
  0.54742038E+01  0.44442765E+02  0.88885529E-01  0.10000000E+01 -0.11305452E+01  0.19000000E+00  0.21747562E+01  0.22682300E+00  0.17114884E+01  0.13608162E+01 -0.66775675E+00
  0.54884967E+01  0.44508072E+02  0.89016143E-01  0.10000000E+01 -0.11252519E+01  0.19000000E+00  0.21312750E+01  0.22682300E+00  0.16789275E+01  0.13322854E+01 -0.65321899E+00
  0.55027897E+01  0.44573015E+02  0.89146030E-01  0.10000000E+01 -0.11196985E+01  0.19000000E+00  0.20862629E+01  0.22682300E+00  0.16453517E+01  0.13025973E+01 -0.63832443E+00
  0.55170826E+01  0.44637594E+02  0.89275188E-01  0.10000000E+01 -0.11138291E+01  0.19000000E+00  0.20393605E+01  0.22682300E+00  0.16105083E+01  0.12714964E+01 -0.62303128E+00
  0.55313756E+01  0.44701808E+02  0.89403616E-01  0.10000000E+01 -0.11075044E+01  0.19000000E+00  0.19925693E+01  0.22682300E+00  0.15758241E+01  0.12403868E+01 -0.60860311E+00
  0.55456686E+01  0.44765657E+02  0.89531314E-01  0.10000000E+01 -0.11005854E+01  0.19000000E+00  0.19460601E+01  0.22682300E+00  0.15414197E+01  0.12093899E+01 -0.59518900E+00
  0.55599615E+01  0.44829140E+02  0.89658281E-01  0.10000000E+01 -0.10930013E+01  0.19000000E+00  0.18995331E+01  0.22682300E+00  0.15070813E+01  0.11782958E+01 -0.58229368E+00
  0.55742545E+01  0.44892257E+02  0.89784515E-01  0.10000000E+01 -0.10847279E+01  0.19000000E+00  0.18533102E+01  0.22682300E+00  0.14730364E+01  0.11473322E+01 -0.56982156E+00
  0.55885474E+01  0.44955007E+02  0.89910015E-01  0.10000000E+01 -0.10757396E+01  0.19000000E+00  0.18084676E+01  0.22682300E+00  0.14400456E+01  0.11172612E+01 -0.55830221E+00
  0.56028404E+01  0.45017390E+02  0.90034780E-01  0.10000000E+01 -0.10660153E+01  0.19000000E+00  0.17662055E+01  0.22682300E+00  0.14089535E+01  0.10889355E+01 -0.54829437E+00
  0.56171334E+01  0.45079405E+02  0.90158810E-01  0.10000000E+01 -0.10555770E+01  0.19000000E+00  0.17273445E+01  0.22682300E+00  0.13803333E+01  0.10629430E+01 -0.53995970E+00
  0.56314263E+01  0.45141051E+02  0.90282102E-01  0.10000000E+01 -0.10445141E+01  0.19000000E+00  0.16919202E+01  0.22682300E+00  0.13542018E+01  0.10393171E+01 -0.53297450E+00
  0.56457193E+01  0.45202329E+02  0.90404658E-01  0.10000000E+01 -0.10330094E+01  0.19000000E+00  0.16588889E+01  0.22682300E+00  0.13298155E+01  0.10173259E+01 -0.52636447E+00
  0.56600122E+01  0.45263237E+02  0.90526474E-01  0.10000000E+01 -0.10213948E+01  0.19000000E+00  0.16260467E+01  0.22682300E+00  0.13056172E+01  0.99540954E+00 -0.51830596E+00
  0.56743052E+01  0.45323775E+02  0.90647551E-01  0.10000000E+01 -0.10100014E+01  0.19000000E+00  0.15932814E+01  0.22682300E+00  0.12815275E+01  0.97348937E+00 -0.50867797E+00
  0.56885982E+01  0.45383943E+02  0.90767887E-01  0.10000000E+01 -0.99831938E+00  0.19000000E+00  0.15717698E+01  0.22682300E+00  0.12653958E+01  0.95952203E+00 -0.50673206E+00
  0.57028911E+01  0.45443740E+02  0.90887481E-01  0.10000000E+01 -0.98503640E+00  0.19000000E+00  0.15716143E+01  0.22682300E+00  0.12642846E+01  0.96073132E+00 -0.52113017E+00
  0.57171841E+01  0.45503166E+02  0.91006332E-01  0.10000000E+01 -0.96971018E+00  0.19000000E+00  0.15802372E+01  0.22682300E+00  0.12693310E+01  0.96819273E+00 -0.54188781E+00
  0.57314770E+01  0.45562220E+02  0.91124440E-01  0.10000000E+01 -0.95401867E+00  0.19000000E+00  0.15688672E+01  0.22682300E+00  0.12603719E+01  0.96138218E+00 -0.54528052E+00
  0.57457700E+01  0.45620902E+02  0.91241803E-01  0.10000000E+01 -0.93867324E+00  0.19000000E+00  0.15493216E+01  0.22682300E+00  0.12457164E+01  0.94870278E+00 -0.54139360E+00
  0.57600630E+01  0.45679210E+02  0.91358421E-01  0.10000000E+01 -0.92288277E+00  0.19000000E+00  0.15422348E+01  0.22682300E+00  0.12397989E+01  0.94489985E+00 -0.54710464E+00
  0.57743559E+01  0.45737146E+02  0.91474292E-01  0.10000000E+01 -0.90648870E+00  0.19000000E+00  0.15402291E+01  0.22682300E+00  0.12374429E+01  0.94471664E+00 -0.55595442E+00
  0.57886489E+01  0.45794708E+02  0.91589416E-01  0.10000000E+01 -0.88927451E+00  0.19000000E+00  0.15448729E+01  0.22682300E+00  0.12397310E+01  0.94928825E+00 -0.56896301E+00
  0.58029418E+01  0.45851895E+02  0.91703791E-01  0.10000000E+01 -0.87003657E+00  0.19000000E+00  0.15674102E+01  0.22682300E+00  0.12544804E+01  0.96669660E+00 -0.59620299E+00
  0.58172348E+01  0.45908708E+02  0.91817417E-01  0.10000000E+01 -0.84909341E+00  0.19000000E+00  0.15898070E+01  0.22682300E+00  0.12691050E+01  0.98402613E+00 -0.62174363E+00
  0.58315278E+01  0.45965146E+02  0.91930292E-01  0.10000000E+01 -0.82708530E+00  0.19000000E+00  0.16028059E+01  0.22682300E+00  0.12771706E+01  0.99462091E+00 -0.63999314E+00
  0.58458207E+01  0.46021208E+02  0.92042417E-01  0.10000000E+01 -0.80471874E+00  0.19000000E+00  0.16050225E+01  0.22682300E+00  0.12777360E+01  0.99746513E+00 -0.64989969E+00
  0.58601137E+01  0.46076894E+02  0.92153789E-01  0.10000000E+01 -0.78339104E+00  0.19000000E+00  0.15941402E+01  0.22682300E+00  0.12692170E+01  0.99086831E+00 -0.64642198E+00
  0.58744066E+01  0.46132204E+02  0.92264408E-01  0.10000000E+01 -0.76498463E+00  0.19000000E+00  0.15584508E+01  0.22682300E+00  0.12435272E+01  0.96636310E+00 -0.62193180E+00
  0.58886996E+01  0.46187137E+02  0.92374273E-01  0.10000000E+01 -0.74844682E+00  0.19000000E+00  0.15387963E+01  0.22682300E+00  0.12289932E+01  0.95337212E+00 -0.60989106E+00
  0.59029926E+01  0.46241692E+02  0.92483384E-01  0.10000000E+01 -0.72785857E+00  0.19000000E+00  0.16039417E+01  0.22682300E+00  0.12731406E+01  0.10015940E+01 -0.66607828E+00
  0.59172855E+01  0.46295869E+02  0.92591738E-01  0.10000000E+01 -0.70273360E+00  0.19000000E+00  0.16700770E+01  0.22682300E+00  0.13178881E+01  0.10506078E+01 -0.72562091E+00
  0.59315785E+01  0.46349668E+02  0.92699336E-01  0.10000000E+01 -0.67720047E+00  0.19000000E+00  0.16903507E+01  0.22682300E+00  0.13308951E+01  0.10665141E+01 -0.74325921E+00
  0.59458714E+01  0.46403088E+02  0.92806177E-01  0.10000000E+01 -0.65215861E+00  0.19000000E+00  0.16981357E+01  0.22682300E+00  0.13352685E+01  0.10733925E+01 -0.75032969E+00
  0.59601644E+01  0.46456129E+02  0.92912259E-01  0.10000000E+01 -0.62616530E+00  0.19000000E+00  0.17123823E+01  0.22682300E+00  0.13440889E+01  0.10849548E+01 -0.76852609E+00
  0.59744574E+01  0.46508791E+02  0.93017582E-01  0.10000000E+01 -0.59871132E+00  0.19000000E+00  0.17501402E+01  0.22682300E+00  0.13690778E+01  0.11135823E+01 -0.79911067E+00
  0.59887503E+01  0.46561072E+02  0.93122145E-01  0.10000000E+01 -0.57153166E+00  0.19000000E+00  0.17582644E+01  0.22682300E+00  0.13736471E+01  0.11207301E+01 -0.80747238E+00
  0.60030433E+01  0.46612973E+02  0.93225947E-01  0.10000000E+01 -0.54702833E+00  0.19000000E+00  0.17395476E+01  0.22682300E+00  0.13597743E+01  0.11083719E+01 -0.79116413E+00
  0.60173362E+01  0.46664493E+02  0.93328987E-01  0.10000000E+01 -0.52538691E+00  0.19000000E+00  0.17176115E+01  0.22682300E+00  0.13437231E+01  0.10936390E+01 -0.77218287E+00
  0.60316292E+01  0.46715632E+02  0.93431264E-01  0.10000000E+01 -0.50328035E+00  0.19000000E+00  0.17462349E+01  0.22682300E+00  0.13623712E+01  0.11156746E+01 -0.79210422E+00
  0.60459222E+01  0.46766389E+02  0.93532778E-01  0.10000000E+01 -0.48254542E+00  0.19000000E+00  0.17526292E+01  0.22682300E+00  0.13657622E+01  0.11215397E+01 -0.79303486E+00
  0.60602151E+01  0.46816764E+02  0.93633528E-01  0.10000000E+01 -0.45693696E+00  0.19000000E+00  0.18368367E+01  0.22682300E+00  0.14224017E+01  0.11841416E+01 -0.86134398E+00
  0.60745081E+01  0.46866756E+02  0.93733512E-01  0.10000000E+01 -0.42952304E+00  0.19000000E+00  0.18856161E+01  0.22682300E+00  0.14547183E+01  0.12209797E+01 -0.89620191E+00
  0.60888010E+01  0.46916365E+02  0.93832731E-01  0.10000000E+01 -0.40581521E+00  0.19000000E+00  0.18447636E+01  0.22682300E+00  0.14257556E+01  0.11924019E+01 -0.86453822E+00
  0.61030940E+01  0.46965591E+02  0.93931183E-01  0.10000000E+01 -0.38163404E+00  0.19000000E+00  0.18819793E+01  0.22682300E+00  0.14501280E+01  0.12208290E+01 -0.88731775E+00
  0.61173870E+01  0.47014433E+02  0.94028867E-01  0.10000000E+01 -0.35824054E+00  0.19000000E+00  0.18945443E+01  0.22682300E+00  0.14576538E+01  0.12312563E+01 -0.89272777E+00
  0.61316799E+01  0.47062891E+02  0.94125783E-01  0.10000000E+01 -0.33984698E+00  0.19000000E+00  0.18528841E+01  0.22682300E+00  0.14282332E+01  0.12019892E+01 -0.85202097E+00
  0.61459729E+01  0.47110965E+02  0.94221929E-01  0.10000000E+01 -0.31755290E+00  0.19000000E+00  0.19390655E+01  0.22682300E+00  0.14858776E+01  0.12663299E+01 -0.91458082E+00
  0.61602658E+01  0.47158653E+02  0.94317306E-01  0.10000000E+01 -0.28952646E+00  0.19000000E+00  0.20293888E+01  0.22682300E+00  0.15462403E+01  0.13337948E+01 -0.98806961E+00
  0.61745588E+01  0.47205956E+02  0.94411912E-01  0.10000000E+01 -0.26433388E+00  0.19000000E+00  0.20165192E+01  0.22682300E+00  0.15363954E+01  0.13256272E+01 -0.97089483E+00
  0.61888518E+01  0.47252873E+02  0.94505747E-01  0.10000000E+01 -0.24167490E+00  0.19000000E+00  0.20094182E+01  0.22682300E+00  0.15304895E+01  0.13216702E+01 -0.95700598E+00
  0.62031447E+01  0.47299405E+02  0.94598809E-01  0.10000000E+01 -0.22175304E+00  0.19000000E+00  0.20046074E+01  0.22682300E+00  0.15261531E+01  0.13193772E+01 -0.94278441E+00
  0.62174377E+01  0.47345549E+02  0.94691098E-01  0.10000000E+01 -0.19793602E+00  0.19000000E+00  0.20810974E+01  0.22682300E+00  0.15769178E+01  0.13768608E+01 -0.99893303E+00
  0.62317307E+01  0.47391307E+02  0.94782614E-01  0.10000000E+01 -0.17788225E+00  0.19000000E+00  0.20509787E+01  0.22682300E+00  0.15554277E+01  0.13559525E+01 -0.96686737E+00
  0.62460236E+01  0.47436678E+02  0.94873355E-01  0.10000000E+01 -0.16599327E+00  0.19000000E+00  0.19852597E+01  0.22682300E+00  0.15099008E+01  0.13087797E+01 -0.89591130E+00
  0.62603166E+01  0.47481660E+02  0.94963321E-01  0.10000000E+01 -0.14634512E+00  0.19000000E+00  0.21144241E+01  0.22682300E+00  0.15961655E+01  0.14051668E+01 -0.99463309E+00
  0.62746095E+01  0.47526255E+02  0.95052511E-01  0.10000000E+01 -0.12425554E+00  0.19000000E+00  0.21638797E+01  0.22682300E+00  0.16284663E+01  0.14428865E+01 -0.10297816E+01
  0.62889025E+01  0.47570462E+02  0.95140924E-01  0.10000000E+01 -0.99711174E-01  0.19000000E+00  0.22137766E+01  0.22682300E+00  0.16610172E+01  0.14809718E+01 -0.10655099E+01
  0.63031955E+01  0.47614280E+02  0.95228559E-01  0.10000000E+01 -0.75780357E-01  0.19000000E+00  0.22324581E+01  0.22682300E+00  0.16724776E+01  0.14960402E+01 -0.10701297E+01
  0.63174884E+01  0.47657708E+02  0.95315417E-01  0.10000000E+01 -0.52208918E-01  0.19000000E+00  0.22424369E+01  0.22682300E+00  0.16780645E+01  0.15046831E+01 -0.10740003E+01
  0.63317814E+01  0.47700748E+02  0.95401495E-01  0.10000000E+01 -0.27464290E-01  0.19000000E+00  0.22804385E+01  0.22682300E+00  0.17025090E+01  0.15340508E+01 -0.10971327E+01
  0.63460743E+01  0.47743397E+02  0.95486794E-01  0.10000000E+01 -0.32951886E-02  0.19000000E+00  0.22995088E+01  0.22682300E+00  0.17141904E+01  0.15494324E+01 -0.11022977E+01
  0.63603673E+01  0.47785656E+02  0.95571313E-01  0.10000000E+01  0.19725326E-01  0.19000000E+00  0.23012230E+01  0.22682300E+00  0.17141989E+01  0.15519658E+01 -0.10973285E+01
  0.63746603E+01  0.47827525E+02  0.95655051E-01  0.10000000E+01  0.42298431E-01  0.19000000E+00  0.23121139E+01  0.22682300E+00  0.17203761E+01  0.15612896E+01 -0.10995293E+01
  0.63889532E+01  0.47869003E+02  0.95738007E-01  0.10000000E+01  0.63451654E-01  0.19000000E+00  0.23105726E+01  0.22682300E+00  0.17182115E+01  0.15613916E+01 -0.10907259E+01
  0.64032462E+01  0.47910090E+02  0.95820180E-01  0.10000000E+01  0.80282718E-01  0.19000000E+00  0.22773527E+01  0.22682300E+00  0.16948242E+01  0.15379711E+01 -0.10518994E+01
  0.64175391E+01  0.47950786E+02  0.95901571E-01  0.10000000E+01  0.94176077E-01  0.19000000E+00  0.22739565E+01  0.22682300E+00  0.16914567E+01  0.15366525E+01 -0.10337845E+01
  0.64318321E+01  0.47991089E+02  0.95982178E-01  0.10000000E+01  0.11416053E+00  0.19000000E+00  0.23630861E+01  0.22682300E+00  0.17500251E+01  0.16040689E+01 -0.11039758E+01
  0.64461251E+01  0.48031000E+02  0.96062001E-01  0.10000000E+01  0.13397459E+00  0.19000000E+00  0.23780022E+01  0.22682300E+00  0.17588820E+01  0.16163777E+01 -0.11080295E+01
  0.64604180E+01  0.48070519E+02  0.96141039E-01  0.10000000E+01  0.15226690E+00  0.19000000E+00  0.23764602E+01  0.22682300E+00  0.17567364E+01  0.16164434E+01 -0.10977682E+01
  0.64747110E+01  0.48109645E+02  0.96219291E-01  0.10000000E+01  0.17048374E+00  0.19000000E+00  0.23921221E+01  0.22682300E+00  0.17660897E+01  0.16293017E+01 -0.11024986E+01
  0.64890039E+01  0.48148378E+02  0.96296757E-01  0.10000000E+01  0.18636576E+00  0.19000000E+00  0.23741415E+01  0.22682300E+00  0.17529911E+01  0.16171019E+01 -0.10799359E+01
  0.65032969E+01  0.48186718E+02  0.96373436E-01  0.10000000E+01  0.19608579E+00  0.19000000E+00  0.23182506E+01  0.22682300E+00  0.17146459E+01  0.15766179E+01 -0.10203215E+01
  0.65175899E+01  0.48224664E+02  0.96449327E-01  0.10000000E+01  0.20683996E+00  0.19000000E+00  0.23519215E+01  0.22682300E+00  0.17360333E+01  0.16028636E+01 -0.10380269E+01
  0.65318828E+01  0.48262215E+02  0.96524431E-01  0.10000000E+01  0.22030683E+00  0.19000000E+00  0.24077160E+01  0.22682300E+00  0.17721260E+01  0.16456349E+01 -0.10744446E+01
  0.65461758E+01  0.48299373E+02  0.96598745E-01  0.10000000E+01  0.23684470E+00  0.19000000E+00  0.24539427E+01  0.22682300E+00  0.18018103E+01  0.16812981E+01 -0.11079278E+01
  0.65604687E+01  0.48336135E+02  0.96672271E-01  0.10000000E+01  0.25293173E+00  0.19000000E+00  0.24578870E+01  0.22682300E+00  0.18033531E+01  0.16854005E+01 -0.11040086E+01
  0.65747617E+01  0.48372503E+02  0.96745006E-01  0.10000000E+01  0.26820097E+00  0.19000000E+00  0.24559645E+01  0.22682300E+00  0.18010059E+01  0.16851078E+01 -0.10951936E+01
  0.65890547E+01  0.48408475E+02  0.96816951E-01  0.10000000E+01  0.28200321E+00  0.19000000E+00  0.24478485E+01  0.22682300E+00  0.17945600E+01  0.16801682E+01 -0.10800088E+01
  0.66033476E+01  0.48444052E+02  0.96888104E-01  0.10000000E+01  0.29334907E+00  0.19000000E+00  0.24308848E+01  0.22682300E+00  0.17822635E+01  0.16685881E+01 -0.10554959E+01
  0.66176406E+01  0.48479233E+02  0.96958466E-01  0.10000000E+01  0.30194393E+00  0.19000000E+00  0.24156743E+01  0.22682300E+00  0.17711557E+01  0.16582938E+01 -0.10302233E+01
  0.66319335E+01  0.48514018E+02  0.97028036E-01  0.10000000E+01  0.31058267E+00  0.19000000E+00  0.24335323E+01  0.22682300E+00  0.17819785E+01  0.16727466E+01 -0.10343855E+01
  0.66462265E+01  0.48548406E+02  0.97096812E-01  0.10000000E+01  0.32026447E+00  0.19000000E+00  0.24566564E+01  0.22682300E+00  0.17962820E+01  0.16911476E+01 -0.10458095E+01
  0.66605195E+01  0.48582398E+02  0.97164796E-01  0.10000000E+01  0.33099483E+00  0.19000000E+00  0.24749566E+01  0.22682300E+00  0.18073848E+01  0.17059365E+01 -0.10553181E+01
  0.66748124E+01  0.48615992E+02  0.97231985E-01  0.10000000E+01  0.34250972E+00  0.19000000E+00  0.24895384E+01  0.22682300E+00  0.18160243E+01  0.17179366E+01 -0.10618166E+01
  0.66891054E+01  0.48649190E+02  0.97298380E-01  0.10000000E+01  0.35524977E+00  0.19000000E+00  0.25075385E+01  0.22682300E+00  0.18269207E+01  0.17325008E+01 -0.10720839E+01
  0.67033983E+01  0.48681990E+02  0.97363979E-01  0.10000000E+01  0.36774222E+00  0.19000000E+00  0.25065811E+01  0.22682300E+00  0.18252964E+01  0.17328273E+01 -0.10662825E+01
  0.67176913E+01  0.48714392E+02  0.97428783E-01  0.10000000E+01  0.37861238E+00  0.19000000E+00  0.24931255E+01  0.22682300E+00  0.18154380E+01  0.17237483E+01 -0.10478839E+01
  0.67319843E+01  0.48746396E+02  0.97492791E-01  0.10000000E+01  0.38818304E+00  0.19000000E+00  0.24867369E+01  0.22682300E+00  0.18102623E+01  0.17199592E+01 -0.10343434E+01
  0.67462772E+01  0.48778001E+02  0.97556002E-01  0.10000000E+01  0.39719304E+00  0.19000000E+00  0.24871914E+01  0.22682300E+00  0.18096128E+01  0.17212994E+01 -0.10272734E+01
  0.67605702E+01  0.48809208E+02  0.97618417E-01  0.10000000E+01  0.40497504E+00  0.19000000E+00  0.24778593E+01  0.22682300E+00  0.18025291E+01  0.17152621E+01 -0.10120754E+01
  0.67748631E+01  0.48840016E+02  0.97680033E-01  0.10000000E+01  0.41063193E+00  0.19000000E+00  0.24606500E+01  0.22682300E+00  0.17902800E+01  0.17032746E+01 -0.98846826E+00
  0.67891561E+01  0.48870426E+02  0.97740851E-01  0.10000000E+01  0.41397543E+00  0.19000000E+00  0.24426381E+01  0.22682300E+00  0.17775282E+01  0.16906576E+01 -0.96338767E+00
  0.68034491E+01  0.48900435E+02  0.97800871E-01  0.10000000E+01  0.41679552E+00  0.19000000E+00  0.24492752E+01  0.22682300E+00  0.17810054E+01  0.16965898E+01 -0.95870856E+00
  0.68177420E+01  0.48930045E+02  0.97860091E-01  0.10000000E+01  0.42241557E+00  0.19000000E+00  0.24866200E+01  0.22682300E+00  0.18046632E+01  0.17256646E+01 -0.98486218E+00
  0.68320350E+01  0.48959256E+02  0.97918511E-01  0.10000000E+01  0.42884901E+00  0.19000000E+00  0.24927223E+01  0.22682300E+00  0.18077899E+01  0.17311870E+01 -0.98643252E+00
  0.68463279E+01  0.48988066E+02  0.97976132E-01  0.10000000E+01  0.43462396E+00  0.19000000E+00  0.24835215E+01  0.22682300E+00  0.18008815E+01  0.17251532E+01 -0.97366764E+00
  0.68606209E+01  0.49016476E+02  0.98032952E-01  0.10000000E+01  0.44001183E+00  0.19000000E+00  0.24792480E+01  0.22682300E+00  0.17972231E+01  0.17228199E+01 -0.96433092E+00
  0.68749139E+01  0.49044485E+02  0.98088971E-01  0.10000000E+01  0.44519591E+00  0.19000000E+00  0.24761803E+01  0.22682300E+00  0.17943700E+01  0.17213815E+01 -0.95644850E+00
  0.68892068E+01  0.49072094E+02  0.98144188E-01  0.10000000E+01  0.45007054E+00  0.19000000E+00  0.24729337E+01  0.22682300E+00  0.17914134E+01  0.17197930E+01 -0.94780153E+00
  0.69034998E+01  0.49099302E+02  0.98198603E-01  0.10000000E+01  0.45411908E+00  0.19000000E+00  0.24644708E+01  0.22682300E+00  0.17850554E+01  0.17142468E+01 -0.93425274E+00
  0.69177927E+01  0.49126108E+02  0.98252216E-01  0.10000000E+01  0.45713342E+00  0.19000000E+00  0.24567583E+01  0.22682300E+00  0.17792061E+01  0.17092499E+01 -0.92004093E+00
  0.69320857E+01  0.49152513E+02  0.98305026E-01  0.10000000E+01  0.46022098E+00  0.19000000E+00  0.24626351E+01  0.22682300E+00  0.17822620E+01  0.17145152E+01 -0.91751850E+00
  0.69463787E+01  0.49178516E+02  0.98357032E-01  0.10000000E+01  0.46369456E+00  0.19000000E+00  0.24673414E+01  0.22682300E+00  0.17845602E+01  0.17188854E+01 -0.91574084E+00
  0.69606716E+01  0.49204118E+02  0.98408235E-01  0.10000000E+01  0.46666949E+00  0.19000000E+00  0.24588856E+01  0.22682300E+00  0.17782672E+01  0.17132813E+01 -0.90369130E+00
  0.69749646E+01  0.49229317E+02  0.98458634E-01  0.10000000E+01  0.46856976E+00  0.19000000E+00  0.24472320E+01  0.22682300E+00  0.17699033E+01  0.17052376E+01 -0.88721444E+00
  0.69892575E+01  0.49254114E+02  0.98508228E-01  0.10000000E+01  0.46980789E+00  0.19000000E+00  0.24434656E+01  0.22682300E+00  0.17667068E+01  0.17031499E+01 -0.87647761E+00
  0.70035505E+01  0.49278509E+02  0.98557018E-01  0.10000000E+01  0.47123773E+00  0.19000000E+00  0.24474670E+01  0.22682300E+00  0.17685920E+01  0.17069346E+01 -0.87365963E+00
  0.70178435E+01  0.49302501E+02  0.98605001E-01  0.10000000E+01  0.47290340E+00  0.19000000E+00  0.24478784E+01  0.22682300E+00  0.17681453E+01  0.17079870E+01 -0.86942897E+00
  0.70321364E+01  0.49326090E+02  0.98652180E-01  0.10000000E+01  0.47432085E+00  0.19000000E+00  0.24421681E+01  0.22682300E+00  0.17637203E+01  0.17043839E+01 -0.85977830E+00
  0.70464294E+01  0.49349276E+02  0.98698552E-01  0.10000000E+01  0.47498011E+00  0.19000000E+00  0.24316943E+01  0.22682300E+00  0.17562073E+01  0.16971511E+01 -0.84535094E+00
  0.70607223E+01  0.49372058E+02  0.98744117E-01  0.10000000E+01  0.47484925E+00  0.19000000E+00  0.24231373E+01  0.22682300E+00  0.17499605E+01  0.16913549E+01 -0.83153741E+00
  0.70750153E+01  0.49394438E+02  0.98788876E-01  0.10000000E+01  0.47448204E+00  0.19000000E+00  0.24194123E+01  0.22682300E+00  0.17468753E+01  0.16892103E+01 -0.82288009E+00
  0.70893083E+01  0.49416413E+02  0.98832827E-01  0.10000000E+01  0.47401056E+00  0.19000000E+00  0.24161577E+01  0.22682300E+00  0.17441100E+01  0.16874084E+01 -0.81472281E+00
  0.71036012E+01  0.49437985E+02  0.98875971E-01  0.10000000E+01  0.47319289E+00  0.19000000E+00  0.24098219E+01  0.22682300E+00  0.17393546E+01  0.16832516E+01 -0.80395534E+00
  0.71178942E+01  0.49459153E+02  0.98918306E-01  0.10000000E+01  0.47208952E+00  0.19000000E+00  0.24049323E+01  0.22682300E+00  0.17355544E+01  0.16801783E+01 -0.79419345E+00
  0.71321871E+01  0.49479917E+02  0.98959834E-01  0.10000000E+01  0.47093016E+00  0.19000000E+00  0.24022047E+01  0.22682300E+00  0.17331732E+01  0.16787337E+01 -0.78655755E+00
  0.71464801E+01  0.49500276E+02  0.99000552E-01  0.10000000E+01  0.46979464E+00  0.19000000E+00  0.23990561E+01  0.22682300E+00  0.17305317E+01  0.16769552E+01 -0.77910181E+00
  0.71607731E+01  0.49520231E+02  0.99040462E-01  0.10000000E+01  0.46858660E+00  0.19000000E+00  0.23936868E+01  0.22682300E+00  0.17264620E+01  0.16734738E+01 -0.77019259E+00
  0.71750660E+01  0.49539781E+02  0.99079563E-01  0.10000000E+01  0.46714365E+00  0.19000000E+00  0.23872128E+01  0.22682300E+00  0.17216897E+01  0.16691370E+01 -0.75981297E+00
  0.71893590E+01  0.49558927E+02  0.99117853E-01  0.10000000E+01  0.46530128E+00  0.19000000E+00  0.23792084E+01  0.22682300E+00  0.17159397E+01  0.16636202E+01 -0.74793067E+00
  0.72036519E+01  0.49577667E+02  0.99155334E-01  0.10000000E+01  0.46290221E+00  0.19000000E+00  0.23701164E+01  0.22682300E+00  0.17095001E+01  0.16572598E+01 -0.73477591E+00
  0.72179449E+01  0.49596003E+02  0.99192005E-01  0.10000000E+01  0.45990950E+00  0.19000000E+00  0.23623802E+01  0.22682300E+00  0.17039553E+01  0.16519157E+01 -0.72187145E+00
  0.72322379E+01  0.49613933E+02  0.99227865E-01  0.10000000E+01  0.45647179E+00  0.19000000E+00  0.23560136E+01  0.22682300E+00  0.16993131E+01  0.16475994E+01 -0.71049177E+00
  0.72465308E+01  0.49631457E+02  0.99262914E-01  0.10000000E+01  0.45279376E+00  0.19000000E+00  0.23521252E+01  0.22682300E+00  0.16962905E+01  0.16451565E+01 -0.70106716E+00
  0.72608238E+01  0.49648576E+02  0.99297152E-01  0.10000000E+01  0.44897743E+00  0.19000000E+00  0.23481835E+01  0.22682300E+00  0.16932467E+01  0.16426593E+01 -0.69209369E+00
  0.72751167E+01  0.49665290E+02  0.99330579E-01  0.10000000E+01  0.44497118E+00  0.19000000E+00  0.23424684E+01  0.22682300E+00  0.16890684E+01  0.16387968E+01 -0.68211628E+00
  0.72894097E+01  0.49681597E+02  0.99363194E-01  0.10000000E+01  0.44069785E+00  0.19000000E+00  0.23363522E+01  0.22682300E+00  0.16846445E+01  0.16346140E+01 -0.67147875E+00
  0.73037027E+01  0.49697499E+02  0.99394997E-01  0.10000000E+01  0.43617722E+00  0.19000000E+00  0.23303173E+01  0.22682300E+00  0.16802873E+01  0.16304791E+01 -0.66102581E+00
  0.73179956E+01  0.49712994E+02  0.99425988E-01  0.10000000E+01  0.43145355E+00  0.19000000E+00  0.23249994E+01  0.22682300E+00  0.16764076E+01  0.16268769E+01 -0.65092256E+00
  0.73322886E+01  0.49728083E+02  0.99456166E-01  0.10000000E+01  0.42652675E+00  0.19000000E+00  0.23190277E+01  0.22682300E+00  0.16721189E+01  0.16227620E+01 -0.64049227E+00
  0.73465815E+01  0.49742766E+02  0.99485532E-01  0.10000000E+01  0.42139516E+00  0.19000000E+00  0.23133544E+01  0.22682300E+00  0.16680368E+01  0.16188609E+01 -0.63004984E+00
  0.73608745E+01  0.49757042E+02  0.99514085E-01  0.10000000E+01  0.41603060E+00  0.19000000E+00  0.23061452E+01  0.22682300E+00  0.16629760E+01  0.16137736E+01 -0.61878485E+00
  0.73751675E+01  0.49770912E+02  0.99541824E-01  0.10000000E+01  0.41038834E+00  0.19000000E+00  0.22993650E+01  0.22682300E+00  0.16582064E+01  0.16089997E+01 -0.60723227E+00
  0.73894604E+01  0.49784375E+02  0.99568750E-01  0.10000000E+01  0.40444122E+00  0.19000000E+00  0.22940546E+01  0.22682300E+00  0.16543995E+01  0.16053341E+01 -0.59602514E+00
  0.74037534E+01  0.49797431E+02  0.99594863E-01  0.10000000E+01  0.39812179E+00  0.19000000E+00  0.22837777E+01  0.22682300E+00  0.16474000E+01  0.15978619E+01 -0.58263413E+00
  0.74180463E+01  0.49810081E+02  0.99620162E-01  0.10000000E+01  0.39151033E+00  0.19000000E+00  0.22812553E+01  0.22682300E+00  0.16454194E+01  0.15962986E+01 -0.57231957E+00
  0.74323393E+01  0.49822323E+02  0.99644646E-01  0.10000000E+01  0.38454429E+00  0.19000000E+00  0.22744156E+01  0.22682300E+00  0.16406656E+01  0.15914244E+01 -0.56004306E+00
  0.74466323E+01  0.49834158E+02  0.99668317E-01  0.10000000E+01  0.37718323E+00  0.19000000E+00  0.22638492E+01  0.22682300E+00  0.16335215E+01  0.15836885E+01 -0.54616393E+00
  0.74609252E+01  0.49845586E+02  0.99691172E-01  0.10000000E+01  0.36963328E+00  0.19000000E+00  0.22708580E+01  0.22682300E+00  0.16377252E+01  0.15893712E+01 -0.53932649E+00
  0.74752182E+01  0.49856607E+02  0.99713214E-01  0.10000000E+01  0.36161187E+00  0.19000000E+00  0.22476260E+01  0.22682300E+00  0.16224417E+01  0.15719269E+01 -0.52019716E+00
  0.74895111E+01  0.49867220E+02  0.99734440E-01  0.10000000E+01  0.35351377E+00  0.19000000E+00  0.22651624E+01  0.22682300E+00  0.16334538E+01  0.15856349E+01 -0.51711181E+00
  0.75038041E+01  0.49877426E+02  0.99754852E-01  0.10000000E+01  0.34477580E+00  0.19000000E+00  0.22341702E+01  0.22682300E+00  0.16131992E+01  0.15622271E+01 -0.49364458E+00
  0.75180971E+01  0.49887224E+02  0.99774448E-01  0.10000000E+01  0.33596354E+00  0.19000000E+00  0.22593688E+01  0.22682300E+00  0.16291673E+01  0.15817743E+01 -0.49276263E+00
  0.75323900E+01  0.49896614E+02  0.99793229E-01  0.10000000E+01  0.32639254E+00  0.19000000E+00  0.22168666E+01  0.22682300E+00  0.16015295E+01  0.15495321E+01 -0.46424758E+00
  0.75466830E+01  0.49905597E+02  0.99811195E-01  0.10000000E+01  0.31703619E+00  0.19000000E+00  0.22645843E+01  0.22682300E+00  0.16320190E+01  0.15862864E+01 -0.47241106E+00
  0.75609759E+01  0.49914172E+02  0.99828344E-01  0.10000000E+01  0.30683142E+00  0.19000000E+00  0.22112263E+01  0.22682300E+00  0.15974226E+01  0.15457075E+01 -0.43907476E+00
  0.75752689E+01  0.49922339E+02  0.99844679E-01  0.10000000E+01  0.29655800E+00  0.19000000E+00  0.22351451E+01  0.22682300E+00  0.16126017E+01  0.15642372E+01 -0.43685552E+00
  0.75895619E+01  0.49930098E+02  0.99860197E-01  0.10000000E+01  0.28586268E+00  0.19000000E+00  0.22319458E+01  0.22682300E+00  0.16103304E+01  0.15620072E+01 -0.42278119E+00
  0.76038548E+01  0.49937450E+02  0.99874899E-01  0.10000000E+01  0.27463981E+00  0.19000000E+00  0.22077893E+01  0.22682300E+00  0.15945823E+01  0.15437259E+01 -0.40238321E+00
  0.76181478E+01  0.49944393E+02  0.99888785E-01  0.10000000E+01  0.26293397E+00  0.19000000E+00  0.22052283E+01  0.22682300E+00  0.15927472E+01  0.15419589E+01 -0.38797520E+00
  0.76324408E+01  0.49950928E+02  0.99901855E-01  0.10000000E+01  0.25071560E+00  0.19000000E+00  0.22036438E+01  0.22682300E+00  0.15915517E+01  0.15409275E+01 -0.37356154E+00
  0.76467337E+01  0.49957054E+02  0.99914109E-01  0.10000000E+01  0.23797189E+00  0.19000000E+00  0.22034311E+01  0.22682300E+00  0.15912501E+01  0.15409349E+01 -0.35936582E+00
  0.76610267E+01  0.49962773E+02  0.99925546E-01  0.10000000E+01  0.22470312E+00  0.19000000E+00  0.22046931E+01  0.22682300E+00  0.15919082E+01  0.15420600E+01 -0.34550793E+00
  0.76753196E+01  0.49968083E+02  0.99936167E-01  0.10000000E+01  0.21091849E+00  0.19000000E+00  0.22075768E+01  0.22682300E+00  0.15936201E+01  0.15444155E+01 -0.33211516E+00
  0.76896126E+01  0.49972985E+02  0.99945971E-01  0.10000000E+01  0.19663656E+00  0.19000000E+00  0.22117478E+01  0.22682300E+00  0.15961704E+01  0.15477457E+01 -0.31914668E+00
  0.77039056E+01  0.49977479E+02  0.99954958E-01  0.10000000E+01  0.18188925E+00  0.19000000E+00  0.22179253E+01  0.22682300E+00  0.16000218E+01  0.15526016E+01 -0.30693489E+00
  0.77181985E+01  0.49981564E+02  0.99963128E-01  0.10000000E+01  0.16671264E+00  0.19000000E+00  0.22245386E+01  0.22682300E+00  0.16041636E+01  0.15577804E+01 -0.29501872E+00
  0.77324915E+01  0.49985241E+02  0.99970482E-01  0.10000000E+01  0.15113567E+00  0.19000000E+00  0.22326011E+01  0.22682300E+00  0.16092478E+01  0.15640582E+01 -0.28367605E+00
  0.77467844E+01  0.49988509E+02  0.99977018E-01  0.10000000E+01  0.13516682E+00  0.19000000E+00  0.22418810E+01  0.22682300E+00  0.16151249E+01  0.15712576E+01 -0.27268227E+00
  0.77610774E+01  0.49991369E+02  0.99982738E-01  0.10000000E+01  0.11879599E+00  0.19000000E+00  0.22525206E+01  0.22682300E+00  0.16218868E+01  0.15794877E+01 -0.26195889E+00
  0.77753704E+01  0.49993820E+02  0.99987641E-01  0.10000000E+01  0.10200728E+00  0.19000000E+00  0.22639909E+01  0.22682300E+00  0.16291931E+01  0.15883430E+01 -0.25143808E+00
  0.77896633E+01  0.49995863E+02  0.99991726E-01  0.10000000E+01  0.84788321E-01  0.19000000E+00  0.22756503E+01  0.22682300E+00  0.16366316E+01  0.15973321E+01 -0.24101955E+00
  0.78039563E+01  0.49997497E+02  0.99994995E-01  0.10000000E+01  0.67139388E-01  0.19000000E+00  0.22898502E+01  0.22682300E+00  0.16457140E+01  0.16082562E+01 -0.23158367E+00
  0.78182492E+01  0.49998723E+02  0.99997446E-01  0.10000000E+01  0.49052622E-01  0.19000000E+00  0.23228497E+01  0.22682300E+00  0.16668919E+01  0.16335700E+01 -0.22676114E+00
  0.78325422E+01  0.49999540E+02  0.99999081E-01  0.10000000E+01  0.30600927E-01  0.19000000E+00  0.23462143E+01  0.22682300E+00  0.16818872E+01  0.16514920E+01 -0.22101284E+00
  0.78468352E+01  0.49999949E+02  0.99999898E-01  0.10000000E+01  0.11727401E-01  0.19000000E+00  0.23443012E+01  0.22682300E+00  0.16806457E+01  0.16500385E+01 -0.20837123E+00
  0.78611281E+01  0.49999949E+02  0.99999898E-01  0.10000000E+01 -0.74956156E-02  0.19000000E+00  0.23638208E+01  0.22682300E+00  0.16931927E+01  0.16649913E+01 -0.20208880E+00
  0.78754211E+01  0.49999540E+02  0.99999081E-01  0.10000000E+01 -0.27056889E-01  0.19000000E+00  0.23853233E+01  0.22682300E+00  0.17070262E+01  0.16814510E+01 -0.19681502E+00
  0.78897140E+01  0.49998723E+02  0.99997446E-01  0.10000000E+01 -0.46939590E-01  0.19000000E+00  0.24071452E+01  0.22682300E+00  0.17210774E+01  0.16981429E+01 -0.19225068E+00
  0.79040070E+01  0.49997497E+02  0.99994995E-01  0.10000000E+01 -0.68447041E-01  0.19000000E+00  0.22885800E+01  0.22682300E+00  0.16448975E+01  0.16072832E+01 -0.13348373E+00
  0.79183000E+01  0.49995863E+02  0.99991726E-01  0.10000000E+01 -0.89888575E-01  0.19000000E+00  0.23214747E+01  0.22682300E+00  0.16660895E+01  0.16324336E+01 -0.13812837E+00
  0.79325929E+01  0.49993820E+02  0.99987641E-01  0.10000000E+01 -0.11026778E+00  0.19000000E+00  0.24721491E+01  0.22682300E+00  0.17630118E+01  0.17477870E+01 -0.18714810E+00
  0.79468859E+01  0.49991369E+02  0.99982738E-01  0.10000000E+01 -0.13082418E+00  0.19000000E+00  0.25068256E+01  0.22682300E+00  0.17853802E+01  0.17742719E+01 -0.18896217E+00
  0.79611788E+01  0.49988509E+02  0.99977018E-01  0.10000000E+01 -0.15143566E+00  0.19000000E+00  0.25419502E+01  0.22682300E+00  0.18080518E+01  0.18010853E+01 -0.19229827E+00
  0.79754718E+01  0.49985241E+02  0.99970482E-01  0.10000000E+01 -0.17174823E+00  0.19000000E+00  0.25919894E+01  0.22682300E+00  0.18403290E+01  0.18393061E+01 -0.20278545E+00
  0.79897648E+01  0.49981564E+02  0.99963128E-01  0.10000000E+01 -0.19090286E+00  0.19000000E+00  0.26287366E+01  0.22682300E+00  0.18640767E+01  0.18673304E+01 -0.21700777E+00
  0.80040577E+01  0.49977479E+02  0.99954958E-01  0.10000000E+01 -0.20753354E+00  0.19000000E+00  0.26975489E+01  0.22682300E+00  0.19084622E+01  0.19198933E+01 -0.24975790E+00
  0.80183507E+01  0.49972985E+02  0.99945971E-01  0.10000000E+01 -0.22508747E+00  0.19000000E+00  0.27294782E+01  0.22682300E+00  0.19291481E+01  0.19441933E+01 -0.24704161E+00
  0.80326436E+01  0.49968083E+02  0.99936167E-01  0.10000000E+01 -0.24619820E+00  0.19000000E+00  0.27013800E+01  0.22682300E+00  0.19112412E+01  0.19225138E+01 -0.20965290E+00
  0.80469366E+01  0.49962773E+02  0.99925546E-01  0.10000000E+01 -0.26769238E+00  0.19000000E+00  0.27397891E+01  0.22682300E+00  0.19361274E+01  0.19517437E+01 -0.21644876E+00
  0.80612296E+01  0.49957054E+02  0.99914109E-01  0.10000000E+01 -0.28926277E+00  0.19000000E+00  0.27553771E+01  0.22682300E+00  0.19463510E+01  0.19634840E+01 -0.21628790E+00
  0.80755225E+01  0.49950928E+02  0.99901855E-01  0.10000000E+01 -0.31059327E+00  0.19000000E+00  0.27991850E+01  0.22682300E+00  0.19747488E+01  0.19968106E+01 -0.22829162E+00
  0.80898155E+01  0.49944393E+02  0.99888785E-01  0.10000000E+01 -0.33193039E+00  0.19000000E+00  0.28051139E+01  0.22682300E+00  0.19787920E+01  0.20011234E+01 -0.22777442E+00
  0.81041084E+01  0.49937450E+02  0.99874899E-01  0.10000000E+01 -0.35284526E+00  0.19000000E+00  0.28588715E+01  0.22682300E+00  0.20136341E+01  0.20420265E+01 -0.24588685E+00
  0.81184014E+01  0.49930098E+02  0.99860197E-01  0.10000000E+01 -0.37382209E+00  0.19000000E+00  0.28799262E+01  0.22682300E+00  0.20274495E+01  0.20578805E+01 -0.24852079E+00
  0.81326944E+01  0.49922339E+02  0.99844679E-01  0.10000000E+01 -0.39436186E+00  0.19000000E+00  0.29447971E+01  0.22682300E+00  0.20694937E+01  0.21072434E+01 -0.27001176E+00
  0.81469873E+01  0.49914172E+02  0.99828344E-01  0.10000000E+01 -0.41486233E+00  0.19000000E+00  0.29603194E+01  0.22682300E+00  0.20797893E+01  0.21188241E+01 -0.27314172E+00
  0.81612803E+01  0.49905597E+02  0.99811195E-01  0.10000000E+01 -0.43487908E+00  0.19000000E+00  0.30017061E+01  0.22682300E+00  0.21067615E+01  0.21501730E+01 -0.28883421E+00
  0.81755732E+01  0.49896614E+02  0.99793229E-01  0.10000000E+01 -0.45586011E+00  0.19000000E+00  0.28780327E+01  0.22682300E+00  0.20274320E+01  0.20552470E+01 -0.24182371E+00
  0.81898662E+01  0.49887224E+02  0.99774448E-01  0.10000000E+01 -0.47588796E+00  0.19000000E+00  0.29784203E+01  0.22682300E+00  0.20924480E+01  0.21316889E+01 -0.28026156E+00
  0.82041592E+01  0.49877426E+02  0.99754852E-01  0.10000000E+01 -0.49588369E+00  0.19000000E+00  0.30032956E+01  0.22682300E+00  0.21088428E+01  0.21503524E+01 -0.28642827E+00
  0.82184521E+01  0.49867220E+02  0.99734440E-01  0.10000000E+01 -0.51549206E+00  0.19000000E+00  0.30237958E+01  0.22682300E+00  0.21224394E+01  0.21656502E+01 -0.29708482E+00
  0.82327451E+01  0.49856607E+02  0.99713214E-01  0.10000000E+01 -0.53547561E+00  0.19000000E+00  0.29722693E+01  0.22682300E+00  0.20896212E+01  0.21258684E+01 -0.27869555E+00
  0.82470380E+01  0.49845586E+02  0.99691172E-01  0.10000000E+01 -0.55490223E+00  0.19000000E+00  0.30585805E+01  0.22682300E+00  0.21456879E+01  0.21914349E+01 -0.30957428E+00
  0.82613310E+01  0.49834158E+02  0.99668317E-01  0.10000000E+01 -0.57457552E+00  0.19000000E+00  0.30442341E+01  0.22682300E+00  0.21368715E+01  0.21800437E+01 -0.30335511E+00
  0.82756240E+01  0.49822323E+02  0.99644646E-01  0.10000000E+01 -0.59350342E+00  0.19000000E+00  0.30868329E+01  0.22682300E+00  0.21648048E+01  0.22121497E+01 -0.32656146E+00
  0.82899169E+01  0.49810081E+02  0.99620162E-01  0.10000000E+01 -0.61282655E+00  0.19000000E+00  0.30693725E+01  0.22682300E+00  0.21540098E+01  0.21983490E+01 -0.31715066E+00
  0.83042099E+01  0.49797431E+02  0.99594863E-01  0.10000000E+01 -0.63142241E+00  0.19000000E+00  0.31620477E+01  0.22682300E+00  0.22143161E+01  0.22686556E+01 -0.35201651E+00
  0.83185028E+01  0.49784375E+02  0.99568750E-01  0.10000000E+01 -0.64998446E+00  0.19000000E+00  0.31216094E+01  0.22682300E+00  0.21887234E+01  0.22372715E+01 -0.34353740E+00
  0.83327958E+01  0.49770912E+02  0.99541824E-01  0.10000000E+01 -0.66775203E+00  0.19000000E+00  0.32301589E+01  0.22682300E+00  0.22593552E+01  0.23196312E+01 -0.38148451E+00
  0.83470888E+01  0.49757042E+02  0.99514085E-01  0.10000000E+01 -0.68511534E+00  0.19000000E+00  0.33131529E+01  0.22682300E+00  0.23135333E+01  0.23824345E+01 -0.40905171E+00
  0.83613817E+01  0.49742766E+02  0.99485532E-01  0.10000000E+01 -0.70287247E+00  0.19000000E+00  0.32570617E+01  0.22682300E+00  0.22778796E+01  0.23390519E+01 -0.39033255E+00
  0.83756747E+01  0.49728083E+02  0.99456166E-01  0.10000000E+01 -0.72006598E+00  0.19000000E+00  0.33291019E+01  0.22682300E+00  0.23250469E+01  0.23934338E+01 -0.41953744E+00
  0.83899676E+01  0.49712994E+02  0.99425988E-01  0.10000000E+01 -0.73814571E+00  0.19000000E+00  0.33248656E+01  0.22682300E+00  0.23229379E+01  0.23895899E+01 -0.40922400E+00
  0.84042606E+01  0.49697499E+02  0.99394997E-01  0.10000000E+01 -0.75658259E+00  0.19000000E+00  0.33168506E+01  0.22682300E+00  0.23183997E+01  0.23828489E+01 -0.40763011E+00
  0.84185536E+01  0.49681597E+02  0.99363194E-01  0.10000000E+01 -0.77522732E+00  0.19000000E+00  0.33293156E+01  0.22682300E+00  0.23271263E+01  0.23917095E+01 -0.41211105E+00
  0.84328465E+01  0.49665290E+02  0.99330579E-01  0.10000000E+01 -0.79433777E+00  0.19000000E+00  0.33610562E+01  0.22682300E+00  0.23483511E+01  0.24152421E+01 -0.41726005E+00
  0.84471395E+01  0.49648576E+02  0.99297152E-01  0.10000000E+01 -0.81355674E+00  0.19000000E+00  0.33527975E+01  0.22682300E+00  0.23437082E+01  0.24082632E+01 -0.41811343E+00
  0.84614324E+01  0.49631457E+02  0.99262914E-01  0.10000000E+01 -0.83273155E+00  0.19000000E+00  0.33670893E+01  0.22682300E+00  0.23536845E+01  0.24184517E+01 -0.42377170E+00
  0.84757254E+01  0.49613933E+02  0.99227865E-01  0.10000000E+01 -0.85196233E+00  0.19000000E+00  0.34001798E+01  0.22682300E+00  0.23758645E+01  0.24429365E+01 -0.43417989E+00
  0.84900184E+01  0.49596003E+02  0.99192005E-01  0.10000000E+01 -0.87109221E+00  0.19000000E+00  0.33944653E+01  0.22682300E+00  0.23729249E+01  0.24378413E+01 -0.43840445E+00
  0.85043113E+01  0.49577667E+02  0.99155334E-01  0.10000000E+01 -0.89014638E+00  0.19000000E+00  0.34092578E+01  0.22682300E+00  0.23832967E+01  0.24483432E+01 -0.44345282E+00
  0.85186043E+01  0.49558927E+02  0.99117853E-01  0.10000000E+01 -0.90891843E+00  0.19000000E+00  0.34409866E+01  0.22682300E+00  0.24046787E+01  0.24717115E+01 -0.45997980E+00
  0.85328972E+01  0.49539781E+02  0.99079563E-01  0.10000000E+01 -0.92766298E+00  0.19000000E+00  0.34475477E+01  0.22682300E+00  0.24097622E+01  0.24758999E+01 -0.46488003E+00
  0.85471902E+01  0.49520231E+02  0.99040462E-01  0.10000000E+01 -0.94608855E+00  0.19000000E+00  0.34640822E+01  0.22682300E+00  0.24213407E+01  0.24876542E+01 -0.47523585E+00
  0.85614832E+01  0.49500276E+02  0.99000552E-01  0.10000000E+01 -0.96435631E+00  0.19000000E+00  0.34866408E+01  0.22682300E+00  0.24368575E+01  0.25039645E+01 -0.48670184E+00
  0.85757761E+01  0.49479917E+02  0.98959834E-01  0.10000000E+01 -0.98230140E+00  0.19000000E+00  0.35052548E+01  0.22682300E+00  0.24498409E+01  0.25172484E+01 -0.49776611E+00
  0.85900691E+01  0.49459153E+02  0.98918306E-01  0.10000000E+01 -0.99991618E+00  0.19000000E+00  0.35027758E+01  0.22682300E+00  0.24491416E+01  0.25144765E+01 -0.50243691E+00
  0.86043620E+01  0.49437985E+02  0.98875971E-01  0.10000000E+01 -0.10169263E+01  0.19000000E+00  0.35499582E+01  0.22682300E+00  0.24807518E+01  0.25494161E+01 -0.52440459E+00
  0.86186550E+01  0.49416413E+02  0.98832827E-01  0.10000000E+01 -0.10335119E+01  0.19000000E+00  0.35519170E+01  0.22682300E+00  0.24829857E+01  0.25499695E+01 -0.53276013E+00
  0.86329480E+01  0.49394438E+02  0.98788876E-01  0.10000000E+01 -0.10501004E+01  0.19000000E+00  0.35526763E+01  0.22682300E+00  0.24844578E+01  0.25495935E+01 -0.53487384E+00
  0.86472409E+01  0.49372058E+02  0.98744117E-01  0.10000000E+01 -0.10660244E+01  0.19000000E+00  0.36399062E+01  0.22682300E+00  0.25422527E+01  0.26148264E+01 -0.57232072E+00
  0.86615339E+01  0.49349276E+02  0.98698552E-01  0.10000000E+01 -0.10838772E+01  0.19000000E+00  0.34742331E+01  0.22682300E+00  0.24353651E+01  0.24881199E+01 -0.50925275E+00
  0.86758268E+01  0.49326090E+02  0.98652180E-01  0.10000000E+01 -0.11027283E+01  0.19000000E+00  0.34093188E+01  0.22682300E+00  0.23940637E+01  0.24379012E+01 -0.48834921E+00
  0.86901198E+01  0.49302501E+02  0.98605001E-01  0.10000000E+01 -0.11205306E+01  0.19000000E+00  0.34461821E+01  0.22682300E+00  0.24191045E+01  0.24648637E+01 -0.51869091E+00
  0.87044128E+01  0.49278509E+02  0.98557018E-01  0.10000000E+01 -0.11374128E+01  0.19000000E+00  0.35942907E+01  0.22682300E+00  0.25167599E+01  0.25761005E+01 -0.57337586E+00
  0.87187057E+01  0.49254114E+02  0.98508228E-01  0.10000000E+01 -0.11542167E+01  0.19000000E+00  0.35805481E+01  0.22682300E+00  0.25088867E+01  0.25646172E+01 -0.57438225E+00
  0.87329987E+01  0.49229317E+02  0.98458634E-01  0.10000000E+01 -0.11708975E+01  0.19000000E+00  0.36060102E+01  0.22682300E+00  0.25266239E+01  0.25828143E+01 -0.58646571E+00
  0.87472916E+01  0.49204118E+02  0.98408235E-01  0.10000000E+01 -0.11873980E+01  0.19000000E+00  0.35968415E+01  0.22682300E+00  0.25217692E+01  0.25747617E+01 -0.59201641E+00
  0.87615846E+01  0.49178516E+02  0.98357032E-01  0.10000000E+01 -0.12037319E+01  0.19000000E+00  0.36524791E+01  0.22682300E+00  0.25592899E+01  0.26157384E+01 -0.61174518E+00
  0.87758776E+01  0.49152513E+02  0.98305026E-01  0.10000000E+01 -0.12198893E+01  0.19000000E+00  0.36385736E+01  0.22682300E+00  0.25513819E+01  0.26040578E+01 -0.61568210E+00
  0.87901705E+01  0.49126108E+02  0.98252216E-01  0.10000000E+01 -0.12358916E+01  0.19000000E+00  0.36761429E+01  0.22682300E+00  0.25771669E+01  0.26312898E+01 -0.63001728E+00
  0.88044635E+01  0.49099302E+02  0.98198603E-01  0.10000000E+01 -0.12517445E+01  0.19000000E+00  0.36475279E+01  0.22682300E+00  0.25596621E+01  0.26084552E+01 -0.62871001E+00
  0.88187564E+01  0.49072094E+02  0.98144188E-01  0.10000000E+01 -0.12673762E+01  0.19000000E+00  0.36898776E+01  0.22682300E+00  0.25886441E+01  0.26392360E+01 -0.64625873E+00
  0.88330494E+01  0.49044485E+02  0.98088971E-01  0.10000000E+01 -0.12828029E+01  0.19000000E+00  0.36980849E+01  0.22682300E+00  0.25952952E+01  0.26441867E+01 -0.65497194E+00
  0.88473424E+01  0.49016476E+02  0.98032952E-01  0.10000000E+01 -0.12980011E+01  0.19000000E+00  0.37049001E+01  0.22682300E+00  0.26010573E+01  0.26480625E+01 -0.66276339E+00
  0.88616353E+01  0.48988066E+02  0.97976132E-01  0.10000000E+01 -0.13129582E+01  0.19000000E+00  0.37316397E+01  0.22682300E+00  0.26199169E+01  0.26669493E+01 -0.67484585E+00
  0.88759283E+01  0.48959256E+02  0.97918511E-01  0.10000000E+01 -0.13276526E+01  0.19000000E+00  0.37177475E+01  0.22682300E+00  0.26121360E+01  0.26551536E+01 -0.68026706E+00
  0.88902212E+01  0.48930045E+02  0.97860091E-01  0.10000000E+01 -0.13421987E+01  0.19000000E+00  0.37564766E+01  0.22682300E+00  0.26389336E+01  0.26830197E+01 -0.69499786E+00
  0.89045142E+01  0.48900435E+02  0.97800871E-01  0.10000000E+01 -0.13567088E+01  0.19000000E+00  0.37447064E+01  0.22682300E+00  0.26325824E+01  0.26727859E+01 -0.69989584E+00
  0.89188072E+01  0.48870426E+02  0.97740851E-01  0.10000000E+01 -0.13713497E+01  0.19000000E+00  0.37576226E+01  0.22682300E+00  0.26424778E+01  0.26811355E+01 -0.70905006E+00
  0.89331001E+01  0.48840016E+02  0.97680033E-01  0.10000000E+01 -0.13862851E+01  0.19000000E+00  0.37847764E+01  0.22682300E+00  0.26617721E+01  0.27001761E+01 -0.71934819E+00
  0.89473931E+01  0.48809208E+02  0.97618417E-01  0.10000000E+01 -0.14014708E+01  0.19000000E+00  0.37917111E+01  0.22682300E+00  0.26677905E+01  0.27039629E+01 -0.72641351E+00
  0.89616861E+01  0.48778001E+02  0.97556002E-01  0.10000000E+01 -0.14166648E+01  0.19000000E+00  0.37984137E+01  0.22682300E+00  0.26736798E+01  0.27075509E+01 -0.73465495E+00
  0.89759790E+01  0.48746396E+02  0.97492791E-01  0.10000000E+01 -0.14315700E+01  0.19000000E+00  0.37993863E+01  0.22682300E+00  0.26758142E+01  0.27068068E+01 -0.74345139E+00
  0.89902720E+01  0.48714392E+02  0.97428783E-01  0.10000000E+01 -0.14468902E+01  0.19000000E+00  0.37567070E+01  0.22682300E+00  0.26491654E+01  0.26732412E+01 -0.72789344E+00
  0.90045649E+01  0.48681990E+02  0.97363979E-01  0.10000000E+01 -0.14610220E+01  0.19000000E+00  0.38301411E+01  0.22682300E+00  0.26991607E+01  0.27268958E+01 -0.76445721E+00
  0.90188579E+01  0.48649190E+02  0.97298380E-01  0.10000000E+01 -0.14748358E+01  0.19000000E+00  0.38277221E+01  0.22682300E+00  0.26991232E+01  0.27235343E+01 -0.77072478E+00
  0.90331509E+01  0.48615992E+02  0.97231985E-01  0.10000000E+01 -0.14882986E+01  0.19000000E+00  0.38114253E+01  0.22682300E+00  0.26899269E+01  0.27097425E+01 -0.77629197E+00
  0.90474438E+01  0.48582398E+02  0.97164796E-01  0.10000000E+01 -0.15015292E+01  0.19000000E+00  0.38382247E+01  0.22682300E+00  0.27092442E+01  0.27282619E+01 -0.78639374E+00
  0.90617368E+01  0.48548406E+02  0.97096812E-01  0.10000000E+01 -0.15146333E+01  0.19000000E+00  0.38567695E+01  0.22682300E+00  0.27231387E+01  0.27405538E+01 -0.79354698E+00
  0.90760297E+01  0.48514018E+02  0.97028036E-01  0.10000000E+01 -0.15275494E+01  0.19000000E+00  0.38380134E+01  0.22682300E+00  0.27123584E+01  0.27248684E+01 -0.79737718E+00
  0.90903227E+01  0.48479233E+02  0.96958466E-01  0.10000000E+01 -0.15402473E+01  0.19000000E+00  0.38335640E+01  0.22682300E+00  0.27110627E+01  0.27198898E+01 -0.80335563E+00
  0.91046157E+01  0.48444052E+02  0.96888104E-01  0.10000000E+01 -0.15526473E+01  0.19000000E+00  0.38417723E+01  0.22682300E+00  0.27181772E+01  0.27243670E+01 -0.81107797E+00
  0.91189086E+01  0.48408475E+02  0.96816951E-01  0.10000000E+01 -0.15645380E+01  0.19000000E+00  0.38499485E+01  0.22682300E+00  0.27252959E+01  0.27287936E+01 -0.82137083E+00
  0.91332016E+01  0.48372503E+02  0.96745006E-01  0.10000000E+01 -0.15758274E+01  0.19000000E+00  0.38572142E+01  0.22682300E+00  0.27318351E+01  0.27325130E+01 -0.83113469E+00
  0.91474945E+01  0.48336135E+02  0.96672271E-01  0.10000000E+01 -0.15864889E+01  0.19000000E+00  0.38601900E+01  0.22682300E+00  0.27355471E+01  0.27330016E+01 -0.84019930E+00
  0.91617875E+01  0.48299373E+02  0.96598745E-01  0.10000000E+01 -0.15965177E+01  0.19000000E+00  0.38611420E+01  0.22682300E+00  0.27379334E+01  0.27319566E+01 -0.85042320E+00
  0.91760805E+01  0.48262215E+02  0.96524431E-01  0.10000000E+01 -0.16059972E+01  0.19000000E+00  0.38634352E+01  0.22682300E+00  0.27412312E+01  0.27318916E+01 -0.86012046E+00
  0.91903734E+01  0.48224664E+02  0.96449327E-01  0.10000000E+01 -0.16150254E+01  0.19000000E+00  0.38651396E+01  0.22682300E+00  0.27441566E+01  0.27313655E+01 -0.86767608E+00
  0.92046664E+01  0.48186718E+02  0.96373436E-01  0.10000000E+01 -0.16235969E+01  0.19000000E+00  0.38672335E+01  0.22682300E+00  0.27473609E+01  0.27311081E+01 -0.87583641E+00
  0.92189593E+01  0.48148378E+02  0.96296757E-01  0.10000000E+01 -0.16316928E+01  0.19000000E+00  0.38647394E+01  0.22682300E+00  0.27475238E+01  0.27274113E+01 -0.88308647E+00
  0.92332523E+01  0.48109645E+02  0.96219291E-01  0.10000000E+01 -0.16392935E+01  0.19000000E+00  0.38619922E+01  0.22682300E+00  0.27475326E+01  0.27235082E+01 -0.89056338E+00
  0.92475453E+01  0.48070519E+02  0.96141039E-01  0.10000000E+01 -0.16445898E+01  0.19000000E+00  0.40824474E+01  0.22682300E+00  0.28967033E+01  0.28856429E+01 -0.98175475E+00
  0.92618382E+01  0.48031000E+02  0.96062001E-01  0.10000000E+01 -0.16517472E+01  0.19000000E+00  0.38686041E+01  0.22682300E+00  0.27556899E+01  0.27246504E+01 -0.90198705E+00
  0.92761312E+01  0.47991089E+02  0.95982178E-01  0.10000000E+01 -0.16607637E+01  0.19000000E+00  0.36386551E+01  0.22682300E+00  0.26036947E+01  0.25518687E+01 -0.81877022E+00
  0.92904241E+01  0.47950786E+02  0.95901571E-01  0.10000000E+01 -0.16674528E+01  0.19000000E+00  0.38098957E+01  0.22682300E+00  0.27201807E+01  0.26771946E+01 -0.89983532E+00
  0.93047171E+01  0.47910090E+02  0.95820180E-01  0.10000000E+01 -0.16728241E+01  0.19000000E+00  0.38963503E+01  0.22682300E+00  0.27800317E+01  0.27394193E+01 -0.94383918E+00
  0.93190101E+01  0.47869003E+02  0.95738007E-01  0.10000000E+01 -0.16774500E+01  0.19000000E+00  0.39207741E+01  0.22682300E+00  0.27983796E+01  0.27555380E+01 -0.96208276E+00
  0.93333030E+01  0.47827525E+02  0.95655051E-01  0.10000000E+01 -0.16817889E+01  0.19000000E+00  0.38902110E+01  0.22682300E+00  0.27798547E+01  0.27308603E+01 -0.95782615E+00
  0.93475960E+01  0.47785656E+02  0.95571313E-01  0.10000000E+01 -0.16851802E+01  0.19000000E+00  0.39157747E+01  0.22682300E+00  0.27990259E+01  0.27477616E+01 -0.97692078E+00
  0.93618889E+01  0.47743397E+02  0.95486794E-01  0.10000000E+01 -0.16878638E+01  0.19000000E+00  0.39267580E+01  0.22682300E+00  0.28084376E+01  0.27538256E+01 -0.98940927E+00
  0.93761819E+01  0.47700748E+02  0.95401495E-01  0.10000000E+01 -0.16903673E+01  0.19000000E+00  0.38977528E+01  0.22682300E+00  0.27909661E+01  0.27302810E+01 -0.98539664E+00
  0.93904749E+01  0.47657708E+02  0.95315417E-01  0.10000000E+01 -0.16921849E+01  0.19000000E+00  0.39303354E+01  0.22682300E+00  0.28149625E+01  0.27522666E+01 -0.10060070E+01
  0.94047678E+01  0.47614280E+02  0.95228559E-01  0.10000000E+01 -0.16940252E+01  0.19000000E+00  0.39023274E+01  0.22682300E+00  0.27981671E+01  0.27294447E+01 -0.10019479E+01
  0.94190608E+01  0.47570462E+02  0.95140924E-01  0.10000000E+01 -0.16955534E+01  0.19000000E+00  0.39143477E+01  0.22682300E+00  0.28083636E+01  0.27361763E+01 -0.10135084E+01
  0.94333537E+01  0.47526255E+02  0.95052511E-01  0.10000000E+01 -0.16970823E+01  0.19000000E+00  0.39048773E+01  0.22682300E+00  0.28040789E+01  0.27270234E+01 -0.10148943E+01
  0.94476467E+01  0.47481660E+02  0.94963321E-01  0.10000000E+01 -0.16986774E+01  0.19000000E+00  0.38985885E+01  0.22682300E+00  0.28019504E+01  0.27202049E+01 -0.10159486E+01
  0.94619397E+01  0.47436678E+02  0.94873355E-01  0.10000000E+01 -0.17002834E+01  0.19000000E+00  0.38992756E+01  0.22682300E+00  0.28045500E+01  0.27185103E+01 -0.10198768E+01
  0.94762326E+01  0.47391307E+02  0.94782614E-01  0.10000000E+01 -0.17019360E+01  0.19000000E+00  0.38882285E+01  0.22682300E+00  0.27992231E+01  0.27081581E+01 -0.10205195E+01
  0.94905256E+01  0.47345549E+02  0.94691098E-01  0.10000000E+01 -0.17035475E+01  0.19000000E+00  0.38715085E+01  0.22682300E+00  0.27900559E+01  0.26936248E+01 -0.10207693E+01
  0.95048185E+01  0.47299405E+02  0.94598809E-01  0.10000000E+01 -0.17049357E+01  0.19000000E+00  0.38597286E+01  0.22682300E+00  0.27842356E+01  0.26827198E+01 -0.10238504E+01
  0.95191115E+01  0.47252873E+02  0.94505747E-01  0.10000000E+01 -0.17060995E+01  0.19000000E+00  0.38370746E+01  0.22682300E+00  0.27710367E+01  0.26638217E+01 -0.10227652E+01
  0.95334045E+01  0.47205956E+02  0.94411912E-01  0.10000000E+01 -0.17066566E+01  0.19000000E+00  0.38458353E+01  0.22682300E+00  0.27791688E+01  0.26679803E+01 -0.10340829E+01
  0.95476974E+01  0.47158653E+02  0.94317306E-01  0.10000000E+01 -0.17066896E+01  0.19000000E+00  0.38440353E+01  0.22682300E+00  0.27801465E+01  0.26643651E+01 -0.10407405E+01
  0.95619904E+01  0.47110965E+02  0.94221929E-01  0.10000000E+01 -0.17064199E+01  0.19000000E+00  0.38218394E+01  0.22682300E+00  0.27672571E+01  0.26457878E+01 -0.10388566E+01
  0.95762833E+01  0.47062891E+02  0.94125783E-01  0.10000000E+01 -0.17055533E+01  0.19000000E+00  0.38328784E+01  0.22682300E+00  0.27769958E+01  0.26515468E+01 -0.10502817E+01
  0.95905763E+01  0.47014433E+02  0.94028867E-01  0.10000000E+01 -0.17044583E+01  0.19000000E+00  0.38175089E+01  0.22682300E+00  0.27687581E+01  0.26379540E+01 -0.10502504E+01
  0.96048693E+01  0.46965591E+02  0.93931183E-01  0.10000000E+01 -0.17033260E+01  0.19000000E+00  0.37906903E+01  0.22682300E+00  0.27527038E+01  0.26159899E+01 -0.10453855E+01
  0.96191622E+01  0.46916365E+02  0.93832731E-01  0.10000000E+01 -0.17021540E+01  0.19000000E+00  0.37739520E+01  0.22682300E+00  0.27435170E+01  0.26013990E+01 -0.10441529E+01
  0.96334552E+01  0.46866756E+02  0.93733512E-01  0.10000000E+01 -0.17011224E+01  0.19000000E+00  0.37532628E+01  0.22682300E+00  0.27316233E+01  0.25839243E+01 -0.10403459E+01
  0.96477481E+01  0.46816764E+02  0.93633528E-01  0.10000000E+01 -0.17004437E+01  0.19000000E+00  0.37176963E+01  0.22682300E+00  0.27095374E+01  0.25556059E+01 -0.10304035E+01
  0.96620411E+01  0.46766389E+02  0.93532778E-01  0.10000000E+01 -0.16996647E+01  0.19000000E+00  0.37149095E+01  0.22682300E+00  0.27098744E+01  0.25511923E+01 -0.10350329E+01
  0.96763341E+01  0.46715632E+02  0.93431264E-01  0.10000000E+01 -0.16988199E+01  0.19000000E+00  0.36842869E+01  0.22682300E+00  0.26911379E+01  0.25264987E+01 -0.10306048E+01
  0.96906270E+01  0.46664493E+02  0.93328987E-01  0.10000000E+01 -0.16973598E+01  0.19000000E+00  0.36869898E+01  0.22682300E+00  0.26952468E+01  0.25260617E+01 -0.10412689E+01
  0.97049200E+01  0.46612973E+02  0.93225947E-01  0.10000000E+01 -0.16953336E+01  0.19000000E+00  0.36735124E+01  0.22682300E+00  0.26882591E+01  0.25138426E+01 -0.10456339E+01
  0.97192129E+01  0.46561072E+02  0.93122145E-01  0.10000000E+01 -0.16926513E+01  0.19000000E+00  0.36593714E+01  0.22682300E+00  0.26808121E+01  0.25011385E+01 -0.10501386E+01
  0.97335059E+01  0.46508791E+02  0.93017582E-01  0.10000000E+01 -0.16892714E+01  0.19000000E+00  0.36521506E+01  0.22682300E+00  0.26781236E+01  0.24934528E+01 -0.10567611E+01
  0.97477989E+01  0.46456129E+02  0.92912259E-01  0.10000000E+01 -0.16853681E+01  0.19000000E+00  0.36396564E+01  0.22682300E+00  0.26718068E+01  0.24819339E+01 -0.10599811E+01
  0.97620918E+01  0.46403088E+02  0.92806177E-01  0.10000000E+01 -0.16811991E+01  0.19000000E+00  0.36186541E+01  0.22682300E+00  0.26596206E+01  0.24642494E+01 -0.10583129E+01
  0.97763848E+01  0.46349668E+02  0.92699336E-01  0.10000000E+01 -0.16769746E+01  0.19000000E+00  0.36031600E+01  0.22682300E+00  0.26512221E+01  0.24505576E+01 -0.10564514E+01
  0.97906777E+01  0.46295869E+02  0.92591738E-01  0.10000000E+01 -0.16731336E+01  0.19000000E+00  0.35705947E+01  0.22682300E+00  0.26310214E+01  0.24245250E+01 -0.10456372E+01
  0.98049707E+01  0.46241692E+02  0.92483384E-01  0.10000000E+01 -0.16698144E+01  0.19000000E+00  0.35354257E+01  0.22682300E+00  0.26089893E+01  0.23966348E+01 -0.10328992E+01
  0.98192637E+01  0.46187137E+02  0.92374273E-01  0.10000000E+01 -0.16669557E+01  0.19000000E+00  0.35019137E+01  0.22682300E+00  0.25880695E+01  0.23699671E+01 -0.10207308E+01
  0.98335566E+01  0.46132204E+02  0.92264408E-01  0.10000000E+01 -0.16645959E+01  0.19000000E+00  0.34543107E+01  0.22682300E+00  0.25573519E+01  0.23331658E+01 -0.10033832E+01
  0.98478496E+01  0.46076894E+02  0.92153789E-01  0.10000000E+01 -0.16623783E+01  0.19000000E+00  0.34138384E+01  0.22682300E+00  0.25315276E+01  0.23015449E+01 -0.99069776E+00
  0.98621425E+01  0.46021208E+02  0.92042417E-01  0.10000000E+01 -0.16597114E+01  0.19000000E+00  0.33696962E+01  0.22682300E+00  0.25031113E+01  0.22673188E+01 -0.98036072E+00
  0.98764355E+01  0.45965146E+02  0.91930292E-01  0.10000000E+01 -0.16553974E+01  0.19000000E+00  0.33434242E+01  0.22682300E+00  0.24870671E+01  0.22459811E+01 -0.98295713E+00
  0.98907285E+01  0.45908708E+02  0.91817417E-01  0.10000000E+01 -0.16486489E+01  0.19000000E+00  0.33264508E+01  0.22682300E+00  0.24774681E+01  0.22313394E+01 -0.99466129E+00
  0.99050214E+01  0.45851895E+02  0.91703791E-01  0.10000000E+01 -0.16406434E+01  0.19000000E+00  0.33110618E+01  0.22682300E+00  0.24689607E+01  0.22178395E+01 -0.10011230E+01
  0.99193144E+01  0.45794708E+02  0.91589416E-01  0.10000000E+01 -0.16331330E+01  0.19000000E+00  0.32866827E+01  0.22682300E+00  0.24541753E+01  0.21978980E+01 -0.99454059E+00
  0.99336073E+01  0.45737146E+02  0.91474292E-01  0.10000000E+01 -0.16258625E+01  0.19000000E+00  0.32845617E+01  0.22682300E+00  0.24549018E+01  0.21939124E+01 -0.99614767E+00
  0.99479003E+01  0.45679210E+02  0.91358421E-01  0.10000000E+01 -0.16173730E+01  0.19000000E+00  0.33441616E+01  0.22682300E+00  0.24987599E+01  0.22340690E+01 -0.10259920E+01
  0.99621933E+01  0.45620902E+02  0.91241803E-01  0.10000000E+01 -0.16069765E+01  0.19000000E+00  0.34145457E+01  0.22682300E+00  0.25502590E+01  0.22818304E+01 -0.10618916E+01
  0.99764862E+01  0.45562220E+02  0.91124440E-01  0.10000000E+01 -0.15984443E+01  0.19000000E+00  0.30869145E+01  0.22682300E+00  0.23232088E+01  0.20452849E+01 -0.93956194E+00
  0.99907792E+01  0.45503166E+02  0.91006332E-01  0.10000000E+01 -0.15916753E+01  0.19000000E+00  0.27550364E+01  0.22682300E+00  0.20927123E+01  0.18061643E+01 -0.82107396E+00
  0.10005072E+02  0.45443740E+02  0.90887481E-01  0.10000000E+01 -0.15799249E+01  0.19000000E+00  0.30515322E+01  0.22682300E+00  0.23026087E+01  0.20152644E+01 -0.96324351E+00
  0.10019365E+02  0.45383943E+02  0.90767887E-01  0.10000000E+01 -0.15668913E+01  0.19000000E+00  0.30405386E+01  0.22682300E+00  0.22969893E+01  0.20050346E+01 -0.97242476E+00
  0.10033658E+02  0.45323775E+02  0.90647551E-01  0.10000000E+01 -0.15531535E+01  0.19000000E+00  0.30252155E+01  0.22682300E+00  0.22883199E+01  0.19917252E+01 -0.97653513E+00
  0.10047951E+02  0.45263237E+02  0.90526474E-01  0.10000000E+01 -0.15392732E+01  0.19000000E+00  0.29966668E+01  0.22682300E+00  0.22703291E+01  0.19690269E+01 -0.97235664E+00
  0.10062244E+02  0.45202329E+02  0.90404658E-01  0.10000000E+01 -0.15253673E+01  0.19000000E+00  0.29562200E+01  0.22682300E+00  0.22439219E+01  0.19379112E+01 -0.96238900E+00
  0.10076537E+02  0.45141051E+02  0.90282102E-01  0.10000000E+01 -0.15112606E+01  0.19000000E+00  0.29193237E+01  0.22682300E+00  0.22199679E+01  0.19093564E+01 -0.95460161E+00
  0.10090830E+02  0.45079405E+02  0.90158810E-01  0.10000000E+01 -0.14967445E+01  0.19000000E+00  0.29015380E+01  0.22682300E+00  0.22094620E+01  0.18943730E+01 -0.95533130E+00
  0.10105123E+02  0.45017390E+02  0.90034780E-01  0.10000000E+01 -0.14828358E+01  0.19000000E+00  0.28847637E+01  0.22682300E+00  0.21996535E+01  0.18801157E+01 -0.95061852E+00
  0.10119416E+02  0.44955007E+02  0.89910015E-01  0.10000000E+01 -0.14710271E+01  0.19000000E+00  0.28243274E+01  0.22682300E+00  0.21589308E+01  0.18350183E+01 -0.92148804E+00
  0.10133709E+02  0.44892257E+02  0.89784515E-01  0.10000000E+01 -0.14593751E+01  0.19000000E+00  0.27764743E+01  0.22682300E+00  0.21270383E+01  0.17988791E+01 -0.91001838E+00
  0.10148002E+02  0.44829140E+02  0.89658281E-01  0.10000000E+01 -0.14463378E+01  0.19000000E+00  0.27822496E+01  0.22682300E+00  0.21331146E+01  0.18006065E+01 -0.92660238E+00
  0.10162295E+02  0.44765657E+02  0.89531314E-01  0.10000000E+01 -0.14311792E+01  0.19000000E+00  0.28052484E+01  0.22682300E+00  0.21514373E+01  0.18144378E+01 -0.95263612E+00
  0.10176588E+02  0.44701808E+02  0.89403616E-01  0.10000000E+01 -0.14146126E+01  0.19000000E+00  0.27783203E+01  0.22682300E+00  0.21343181E+01  0.17930976E+01 -0.95670329E+00
  0.10190881E+02  0.44637594E+02  0.89275188E-01  0.10000000E+01 -0.13987450E+01  0.19000000E+00  0.27392256E+01  0.22682300E+00  0.21085079E+01  0.17632356E+01 -0.94329243E+00
  0.10205174E+02  0.44573015E+02  0.89146030E-01  0.10000000E+01 -0.13803032E+01  0.19000000E+00  0.27387505E+01  0.22682300E+00  0.21101555E+01  0.17605245E+01 -0.96604680E+00
  0.10219467E+02  0.44508072E+02  0.89016143E-01  0.10000000E+01 -0.13578848E+01  0.19000000E+00  0.27813213E+01  0.22682300E+00  0.21425091E+01  0.17879742E+01 -0.10113581E+01
  0.10233760E+02  0.44442765E+02  0.88885529E-01  0.10000000E+01 -0.13365431E+01  0.19000000E+00  0.27535388E+01  0.22682300E+00  0.21247103E+01  0.17660777E+01 -0.10033465E+01
  0.10248052E+02  0.44377095E+02  0.88754189E-01  0.10000000E+01 -0.13146100E+01  0.19000000E+00  0.27768240E+01  0.22682300E+00  0.21433763E+01  0.17799264E+01 -0.10242456E+01
  0.10262345E+02  0.44311062E+02  0.88622124E-01  0.10000000E+01 -0.12902524E+01  0.19000000E+00  0.27789482E+01  0.22682300E+00  0.21469462E+01  0.17789389E+01 -0.10479461E+01
  0.10276638E+02  0.44244667E+02  0.88489334E-01  0.10000000E+01 -0.12656374E+01  0.19000000E+00  0.27677871E+01  0.22682300E+00  0.21410108E+01  0.17686624E+01 -0.10555668E+01
  0.10290931E+02  0.44177911E+02  0.88355821E-01  0.10000000E+01 -0.12401766E+01  0.19000000E+00  0.27756323E+01  0.22682300E+00  0.21486964E+01  0.17716339E+01 -0.10735624E+01
  0.10305224E+02  0.44110793E+02  0.88221586E-01  0.10000000E+01 -0.12148614E+01  0.19000000E+00  0.27544731E+01  0.22682300E+00  0.21355781E+01  0.17543879E+01 -0.10711636E+01
  0.10319517E+02  0.44043315E+02  0.88086631E-01  0.10000000E+01 -0.11913966E+01  0.19000000E+00  0.26576461E+01  0.22682300E+00  0.20680422E+01  0.16845573E+01 -0.10402596E+01
  0.10333810E+02  0.43975478E+02  0.87950955E-01  0.10000000E+01 -0.11647800E+01  0.19000000E+00  0.27851189E+01  0.22682300E+00  0.21617693E+01  0.17706183E+01 -0.11122747E+01
  0.10348103E+02  0.43907281E+02  0.87814561E-01  0.10000000E+01 -0.11359910E+01  0.19000000E+00  0.27365655E+01  0.22682300E+00  0.21288944E+01  0.17343725E+01 -0.11224078E+01
  0.10362396E+02  0.43838725E+02  0.87677449E-01  0.10000000E+01 -0.11110218E+01  0.19000000E+00  0.27134723E+01  0.22682300E+00  0.21143112E+01  0.17158290E+01 -0.11033838E+01
  0.10376689E+02  0.43769811E+02  0.87539621E-01  0.10000000E+01 -0.10853238E+01  0.19000000E+00  0.27923144E+01  0.22682300E+00  0.21733072E+01  0.17678247E+01 -0.11424730E+01
  0.10390982E+02  0.43700539E+02  0.87401077E-01  0.10000000E+01 -0.10560812E+01  0.19000000E+00  0.27639368E+01  0.22682300E+00  0.21549271E+01  0.17455900E+01 -0.11719942E+01
  0.10405275E+02  0.43630910E+02  0.87261820E-01  0.10000000E+01 -0.10212418E+01  0.19000000E+00  0.28885827E+01  0.22682300E+00  0.22472654E+01  0.18289769E+01 -0.12603850E+01
  0.10419568E+02  0.43560924E+02  0.87121849E-01  0.10000000E+01 -0.98437393E+00  0.19000000E+00  0.28817606E+01  0.22682300E+00  0.22445542E+01  0.18215293E+01 -0.12801613E+01
  0.10433861E+02  0.43490583E+02  0.86981166E-01  0.10000000E+01 -0.94785426E+00  0.19000000E+00  0.28845536E+01  0.22682300E+00  0.22488151E+01  0.18206946E+01 -0.12889489E+01
  0.10448154E+02  0.43419886E+02  0.86839773E-01  0.10000000E+01 -0.91331978E+00  0.19000000E+00  0.28208169E+01  0.22682300E+00  0.22047657E+01  0.17741096E+01 -0.12667954E+01
  0.10462447E+02  0.43348835E+02  0.86697669E-01  0.10000000E+01 -0.87796622E+00  0.19000000E+00  0.28488905E+01  0.22682300E+00  0.22273788E+01  0.17906449E+01 -0.12903142E+01
  0.10476740E+02  0.43277429E+02  0.86554858E-01  0.10000000E+01 -0.84029633E+00  0.19000000E+00  0.28832416E+01  0.22682300E+00  0.22546178E+01  0.18114164E+01 -0.13270560E+01
  0.10491033E+02  0.43205669E+02  0.86411339E-01  0.10000000E+01 -0.80473429E+00  0.19000000E+00  0.27913096E+01  0.22682300E+00  0.21898754E+01  0.17456528E+01 -0.12902762E+01
  0.10505326E+02  0.43133557E+02  0.86267114E-01  0.10000000E+01 -0.77355852E+00  0.19000000E+00  0.28354010E+01  0.22682300E+00  0.22242470E+01  0.17730406E+01 -0.12832509E+01
  0.10519619E+02  0.43061092E+02  0.86122184E-01  0.10000000E+01 -0.74582530E+00  0.19000000E+00  0.27096918E+01  0.22682300E+00  0.21346413E+01  0.16843946E+01 -0.12378960E+01
  0.10533912E+02  0.42988275E+02  0.85976550E-01  0.10000000E+01 -0.71870714E+00  0.19000000E+00  0.27393278E+01  0.22682300E+00  0.21584587E+01  0.17018876E+01 -0.12443590E+01
  0.10548205E+02  0.42915107E+02  0.85830214E-01  0.10000000E+01 -0.69771534E+00  0.19000000E+00  0.26576706E+01  0.22682300E+00  0.21008276E+01  0.16435283E+01 -0.11853606E+01
  0.10562498E+02  0.42841588E+02  0.85683177E-01  0.10000000E+01 -0.67635037E+00  0.19000000E+00  0.27025719E+01  0.22682300E+00  0.21358580E+01  0.16713629E+01 -0.12071969E+01
  0.10576791E+02  0.42767719E+02  0.85535439E-01  0.10000000E+01 -0.64998718E+00  0.19000000E+00  0.27767746E+01  0.22682300E+00  0.21924842E+01  0.17189936E+01 -0.12752856E+01
  0.10591084E+02  0.42693501E+02  0.85387002E-01  0.10000000E+01 -0.61514019E+00  0.19000000E+00  0.28524268E+01  0.22682300E+00  0.22503127E+01  0.17674501E+01 -0.13668815E+01
  0.10605376E+02  0.42618934E+02  0.85237868E-01  0.10000000E+01 -0.57369029E+00  0.19000000E+00  0.30875699E+01  0.22682300E+00  0.24256466E+01  0.19237399E+01 -0.14813874E+01
  0.10619669E+02  0.42544018E+02  0.85088037E-01  0.10000000E+01 -0.53354494E+00  0.19000000E+00  0.29180891E+01  0.22682300E+00  0.23032935E+01  0.18059711E+01 -0.14353368E+01
  0.10633962E+02  0.42468755E+02  0.84937510E-01  0.10000000E+01 -0.49862133E+00  0.19000000E+00  0.28829846E+01  0.22682300E+00  0.22797692E+01  0.17792418E+01 -0.13877961E+01
  0.10648255E+02  0.42393145E+02  0.84786290E-01  0.10000000E+01 -0.46767850E+00  0.19000000E+00  0.28182246E+01  0.22682300E+00  0.22342875E+01  0.17325696E+01 -0.13491882E+01
  0.10662548E+02  0.42317188E+02  0.84634377E-01  0.10000000E+01 -0.44123756E+00  0.19000000E+00  0.28300290E+01  0.22682300E+00  0.22453110E+01  0.17375533E+01 -0.13235891E+01
  0.10676841E+02  0.42240886E+02  0.84481772E-01  0.10000000E+01 -0.41503820E+00  0.19000000E+00  0.27561369E+01  0.22682300E+00  0.21929188E+01  0.16848877E+01 -0.13065231E+01
  0.10691134E+02  0.42164238E+02  0.84328477E-01  0.10000000E+01 -0.38804259E+00  0.19000000E+00  0.27459752E+01  0.22682300E+00  0.21876386E+01  0.16751315E+01 -0.13139275E+01
  0.10705427E+02  0.42087246E+02  0.84174493E-01  0.10000000E+01 -0.36212963E+00  0.19000000E+00  0.28256642E+01  0.22682300E+00  0.22490269E+01  0.17256028E+01 -0.13350838E+01
  0.10719720E+02  0.42009910E+02  0.84019821E-01  0.10000000E+01 -0.33009733E+00  0.19000000E+00  0.28696563E+01  0.22682300E+00  0.22840414E+01  0.17520077E+01 -0.13995002E+01
  0.10734013E+02  0.41932231E+02  0.83864462E-01  0.10000000E+01 -0.29705180E+00  0.19000000E+00  0.29075540E+01  0.22682300E+00  0.23146080E+01  0.17742346E+01 -0.14148881E+01
  0.10748306E+02  0.41854209E+02  0.83708418E-01  0.10000000E+01 -0.27534017E+00  0.19000000E+00  0.27493130E+01  0.22682300E+00  0.21991570E+01  0.16654968E+01 -0.12936251E+01
  0.10762599E+02  0.41775845E+02  0.83551690E-01  0.10000000E+01 -0.25554224E+00  0.19000000E+00  0.27289034E+01  0.22682300E+00  0.21862122E+01  0.16488901E+01 -0.12825422E+01
  0.10776892E+02  0.41697140E+02  0.83394279E-01  0.10000000E+01 -0.22678397E+00  0.19000000E+00  0.29175937E+01  0.22682300E+00  0.23293648E+01  0.17714009E+01 -0.14009332E+01
  0.10791185E+02  0.41618094E+02  0.83236187E-01  0.10000000E+01 -0.19846965E+00  0.19000000E+00  0.28731262E+01  0.22682300E+00  0.22985630E+01  0.17386520E+01 -0.13880429E+01
  0.10805478E+02  0.41538707E+02  0.83077415E-01  0.10000000E+01 -0.16783762E+00  0.19000000E+00  0.28523789E+01  0.22682300E+00  0.22854403E+01  0.17217075E+01 -0.14009665E+01
  0.10819771E+02  0.41458982E+02  0.82917964E-01  0.10000000E+01 -0.13561898E+00  0.19000000E+00  0.29041139E+01  0.22682300E+00  0.23266056E+01  0.17527786E+01 -0.14274115E+01
  0.10834064E+02  0.41378917E+02  0.82757835E-01  0.10000000E+01 -0.10730428E+00  0.19000000E+00  0.28169695E+01  0.22682300E+00  0.22636635E+01  0.16919202E+01 -0.13807358E+01
  0.10848357E+02  0.41298515E+02  0.82597030E-01  0.10000000E+01 -0.85213424E-01  0.19000000E+00  0.28409311E+01  0.22682300E+00  0.22840374E+01  0.17045561E+01 -0.13452955E+01
  0.10862650E+02  0.41217775E+02  0.82435550E-01  0.10000000E+01 -0.60099813E-01  0.19000000E+00  0.26993876E+01  0.22682300E+00  0.21799666E+01  0.16080695E+01 -0.13296388E+01
  0.10876943E+02  0.41136698E+02  0.82273396E-01  0.10000000E+01 -0.36093025E-01  0.19000000E+00  0.27465697E+01  0.22682300E+00  0.22177748E+01  0.16360223E+01 -0.13404258E+01
  0.10891236E+02  0.41055285E+02  0.82110570E-01  0.10000000E+01 -0.82601538E-02  0.19000000E+00  0.27596392E+01  0.22682300E+00  0.22299525E+01  0.16414532E+01 -0.13684206E+01
  0.10905529E+02  0.40973537E+02  0.81947073E-01  0.10000000E+01  0.11587548E-01  0.19000000E+00  0.27337332E+01  0.22682300E+00  0.22127329E+01  0.16212831E+01 -0.13044314E+01
  0.10919822E+02  0.40891453E+02  0.81782907E-01  0.10000000E+01  0.27859947E-01  0.19000000E+00  0.27363031E+01  0.22682300E+00  0.22169960E+01  0.16197937E+01 -0.12853856E+01
  0.10934115E+02  0.40809036E+02  0.81618072E-01  0.10000000E+01  0.52774682E-01  0.19000000E+00  0.27433660E+01  0.22682300E+00  0.22246696E+01  0.16212189E+01 -0.13498947E+01
  0.10948408E+02  0.40726285E+02  0.81452570E-01  0.10000000E+01  0.73832616E-01  0.19000000E+00  0.26965062E+01  0.22682300E+00  0.21914968E+01  0.15874307E+01 -0.13109881E+01
  0.10962700E+02  0.40643201E+02  0.81286403E-01  0.10000000E+01  0.96881893E-01  0.19000000E+00  0.27817684E+01  0.22682300E+00  0.22584917E+01  0.16397864E+01 -0.13515269E+01
  0.10976993E+02  0.40559786E+02  0.81119571E-01  0.10000000E+01  0.12663905E+00  0.19000000E+00  0.28334589E+01  0.22682300E+00  0.23001473E+01  0.16701078E+01 -0.14157098E+01
  0.10991286E+02  0.40476038E+02  0.80952077E-01  0.10000000E+01  0.15760199E+00  0.19000000E+00  0.28097639E+01  0.22682300E+00  0.22845618E+01  0.16513629E+01 -0.14178065E+01
  0.11005579E+02  0.40391960E+02  0.80783921E-01  0.10000000E+01  0.18200462E+00  0.19000000E+00  0.28268252E+01  0.22682300E+00  0.22999770E+01  0.16590646E+01 -0.13763035E+01
  0.11019872E+02  0.40307552E+02  0.80615105E-01  0.10000000E+01  0.19455423E+00  0.19000000E+00  0.25215861E+01  0.22682300E+00  0.20696484E+01  0.14582183E+01 -0.12005791E+01
  0.11034165E+02  0.40222815E+02  0.80445630E-01  0.10000000E+01  0.21065851E+00  0.19000000E+00  0.26393225E+01  0.22682300E+00  0.21616992E+01  0.15311855E+01 -0.12650961E+01
  0.11048458E+02  0.40137749E+02  0.80275498E-01  0.10000000E+01  0.21915884E+00  0.19000000E+00  0.25487683E+01  0.22682300E+00  0.20947417E+01  0.14696006E+01 -0.11781862E+01
  0.11062751E+02  0.40052355E+02  0.80104710E-01  0.10000000E+01  0.23086265E+00  0.19000000E+00  0.27040869E+01  0.22682300E+00  0.22158193E+01  0.15664225E+01 -0.12546863E+01
  0.11077044E+02  0.39966633E+02  0.79933267E-01  0.10000000E+01  0.25854946E+00  0.19000000E+00  0.27088817E+01  0.22682300E+00  0.22218352E+01  0.15661855E+01 -0.13703099E+01
  0.11091337E+02  0.39880585E+02  0.79761171E-01  0.10000000E+01  0.28706288E+00  0.19000000E+00  0.28788284E+01  0.22682300E+00  0.23545989E+01  0.16718150E+01 -0.14243089E+01
  0.11105630E+02  0.39794212E+02  0.79588423E-01  0.10000000E+01  0.30689691E+00  0.19000000E+00  0.26118055E+01  0.22682300E+00  0.21519500E+01  0.14973603E+01 -0.12832811E+01
  0.11119923E+02  0.39707513E+02  0.79415025E-01  0.10000000E+01  0.31145651E+00  0.19000000E+00  0.24908481E+01  0.22682300E+00  0.20611589E+01  0.14168264E+01 -0.11404703E+01
  0.11134216E+02  0.39620489E+02  0.79240978E-01  0.10000000E+01  0.31759480E+00  0.19000000E+00  0.23973306E+01  0.22682300E+00  0.19912733E+01  0.13540581E+01 -0.11233762E+01
  0.11148509E+02  0.39533142E+02  0.79066284E-01  0.10000000E+01  0.31196894E+00  0.19000000E+00  0.23456253E+01  0.22682300E+00  0.19534572E+01  0.13181092E+01 -0.10217932E+01
  0.11162802E+02  0.39445471E+02  0.78890943E-01  0.10000000E+01  0.32128355E+00  0.19000000E+00  0.25080598E+01  0.22682300E+00  0.20809085E+01  0.14183203E+01 -0.11825520E+01
  0.11177095E+02  0.39357479E+02  0.78714958E-01  0.10000000E+01  0.33957739E+00  0.19000000E+00  0.25897866E+01  0.22682300E+00  0.21462757E+01  0.14669504E+01 -0.12687569E+01
  0.11191388E+02  0.39269165E+02  0.78538329E-01  0.10000000E+01  0.36178845E+00  0.19000000E+00  0.26915396E+01  0.22682300E+00  0.22273096E+01  0.15280465E+01 -0.13292352E+01
  0.11205681E+02  0.39180529E+02  0.78361059E-01  0.10000000E+01  0.38141805E+00  0.19000000E+00  0.26115393E+01  0.22682300E+00  0.21676578E+01  0.14740576E+01 -0.12833078E+01
  0.11219974E+02  0.39091574E+02  0.78183148E-01  0.10000000E+01  0.39348485E+00  0.19000000E+00  0.24725687E+01  0.22682300E+00  0.20620833E+01  0.13830609E+01 -0.11868558E+01
  0.11234267E+02  0.39002299E+02  0.78004599E-01  0.10000000E+01  0.38865909E+00  0.19000000E+00  0.23365440E+01  0.22682300E+00  0.19585281E+01  0.12942389E+01 -0.10239075E+01
  0.11248560E+02  0.38912706E+02  0.77825412E-01  0.10000000E+01  0.38944464E+00  0.19000000E+00  0.23987583E+01  0.22682300E+00  0.20089587E+01  0.13302537E+01 -0.10886108E+01
  0.11262853E+02  0.38822794E+02  0.77645589E-01  0.10000000E+01  0.40117973E+00  0.19000000E+00  0.24797991E+01  0.22682300E+00  0.20741817E+01  0.13779052E+01 -0.11819425E+01
  0.11277146E+02  0.38732566E+02  0.77465132E-01  0.10000000E+01  0.40682594E+00  0.19000000E+00  0.24393345E+01  0.22682300E+00  0.20447836E+01  0.13493189E+01 -0.11259204E+01
  0.11291439E+02  0.38642021E+02  0.77284041E-01  0.10000000E+01  0.40424602E+00  0.19000000E+00  0.23028161E+01  0.22682300E+00  0.19402840E+01  0.12608365E+01 -0.10167063E+01
  0.11305732E+02  0.38551160E+02  0.77102319E-01  0.10000000E+01  0.40841537E+00  0.19000000E+00  0.24325605E+01  0.22682300E+00  0.20437479E+01  0.13386164E+01 -0.11098465E+01
  0.11320024E+02  0.38459984E+02  0.76919967E-01  0.10000000E+01  0.42328121E+00  0.19000000E+00  0.24939846E+01  0.22682300E+00  0.20939731E+01  0.13735663E+01 -0.11908316E+01
  0.11334317E+02  0.38368493E+02  0.76736987E-01  0.10000000E+01  0.41999508E+00  0.19000000E+00  0.22364194E+01  0.22682300E+00  0.18942236E+01  0.12103458E+01 -0.97764569E+00
  0.11348610E+02  0.38276690E+02  0.76553379E-01  0.10000000E+01  0.41689447E+00  0.19000000E+00  0.23058378E+01  0.22682300E+00  0.19506560E+01  0.12503111E+01 -0.10061549E+01
  0.11362903E+02  0.38184573E+02  0.76369146E-01  0.10000000E+01  0.42116278E+00  0.19000000E+00  0.23465162E+01  0.22682300E+00  0.19846378E+01  0.12723206E+01 -0.10619075E+01
  0.11377196E+02  0.38092145E+02  0.76184289E-01  0.10000000E+01  0.43505910E+00  0.19000000E+00  0.24708072E+01  0.22682300E+00  0.20845072E+01  0.13457960E+01 -0.11657941E+01
  0.11391489E+02  0.37999405E+02  0.75998809E-01  0.10000000E+01  0.44471731E+00  0.19000000E+00  0.23803537E+01  0.22682300E+00  0.20154038E+01  0.12867322E+01 -0.11016028E+01
  0.11405782E+02  0.37906354E+02  0.75812709E-01  0.10000000E+01  0.44795794E+00  0.19000000E+00  0.23027086E+01  0.22682300E+00  0.19562276E+01  0.12357544E+01 -0.10311522E+01
  0.11420075E+02  0.37812994E+02  0.75625988E-01  0.10000000E+01  0.44826631E+00  0.19000000E+00  0.22310538E+01  0.22682300E+00  0.19016302E+01  0.11886346E+01 -0.98020076E+00
  0.11434368E+02  0.37719325E+02  0.75438650E-01  0.10000000E+01  0.42823471E+00  0.19000000E+00  0.19602937E+01  0.22682300E+00  0.16893950E+01  0.10198748E+01 -0.74776440E+00
  0.11448661E+02  0.37625348E+02  0.75250696E-01  0.10000000E+01  0.41803102E+00  0.19000000E+00  0.21150709E+01  0.22682300E+00  0.18136521E+01  0.11115933E+01 -0.86410777E+00
  0.11462954E+02  0.37531063E+02  0.75062126E-01  0.10000000E+01  0.40596793E+00  0.19000000E+00  0.20824411E+01  0.22682300E+00  0.17896026E+01  0.10887294E+01 -0.83461879E+00
  0.11477247E+02  0.37436472E+02  0.74872943E-01  0.10000000E+01  0.41209583E+00  0.19000000E+00  0.23271190E+01  0.22682300E+00  0.19856787E+01  0.12345086E+01 -0.10370017E+01
  0.11491540E+02  0.37341574E+02  0.74683148E-01  0.10000000E+01  0.41556014E+00  0.19000000E+00  0.22576315E+01  0.22682300E+00  0.19324758E+01  0.11890694E+01 -0.98783851E+00
  0.11505833E+02  0.37246372E+02  0.74492743E-01  0.10000000E+01  0.40771183E+00  0.19000000E+00  0.20967416E+01  0.22682300E+00  0.18063740E+01  0.10884791E+01 -0.85079678E+00
  0.11520126E+02  0.37150865E+02  0.74301729E-01  0.10000000E+01  0.39779015E+00  0.19000000E+00  0.21043293E+01  0.22682300E+00  0.18142337E+01  0.10900490E+01 -0.83924599E+00
  0.11534419E+02  0.37055054E+02  0.74110108E-01  0.10000000E+01  0.40476293E+00  0.19000000E+00  0.22762021E+01  0.22682300E+00  0.19532182E+01  0.11905811E+01 -0.10001363E+01
  0.11548712E+02  0.36958941E+02  0.73917882E-01  0.10000000E+01  0.41242878E+00  0.19000000E+00  0.22556033E+01  0.22682300E+00  0.19387528E+01  0.11749180E+01 -0.99027303E+00
  0.11563005E+02  0.36862526E+02  0.73725051E-01  0.10000000E+01  0.41686565E+00  0.19000000E+00  0.21875386E+01  0.22682300E+00  0.18862701E+01  0.11308221E+01 -0.93818721E+00
  0.11577298E+02  0.36765809E+02  0.73531618E-01  0.10000000E+01  0.41408421E+00  0.19000000E+00  0.20945407E+01  0.22682300E+00  0.18136768E+01  0.10719730E+01 -0.85425456E+00
  0.11591591E+02  0.36668792E+02  0.73337584E-01  0.10000000E+01  0.41858644E+00  0.19000000E+00  0.21925934E+01  0.22682300E+00  0.18941375E+01  0.11274563E+01 -0.93317621E+00
  0.11605884E+02  0.36571476E+02  0.73142951E-01  0.10000000E+01  0.42652060E+00  0.19000000E+00  0.22022092E+01  0.22682300E+00  0.19037723E+01  0.11299668E+01 -0.95136364E+00
  0.11620177E+02  0.36473860E+02  0.72947720E-01  0.10000000E+01  0.43011440E+00  0.19000000E+00  0.21282683E+01  0.22682300E+00  0.18462367E+01  0.10827671E+01 -0.89182639E+00
  0.11634470E+02  0.36375947E+02  0.72751894E-01  0.10000000E+01  0.42910415E+00  0.19000000E+00  0.20662595E+01  0.22682300E+00  0.17981584E+01  0.10428342E+01 -0.83624683E+00
  0.11648763E+02  0.36277736E+02  0.72555472E-01  0.10000000E+01  0.42536639E+00  0.19000000E+00  0.20240570E+01  0.22682300E+00  0.17659214E+01  0.10147793E+01 -0.79904070E+00
  0.11663056E+02  0.36179229E+02  0.72358458E-01  0.10000000E+01  0.42656941E+00  0.19000000E+00  0.20789902E+01  0.22682300E+00  0.18120042E+01  0.10441694E+01 -0.84595174E+00
  0.11677348E+02  0.36080426E+02  0.72160852E-01  0.10000000E+01  0.43010945E+00  0.19000000E+00  0.20787005E+01  0.22682300E+00  0.18135679E+01  0.10408726E+01 -0.85376656E+00
  0.11691641E+02  0.35981328E+02  0.71962657E-01  0.10000000E+01  0.43022218E+00  0.19000000E+00  0.20205320E+01  0.22682300E+00  0.17682951E+01  0.10035591E+01 -0.80555471E+00
  0.11705934E+02  0.35881937E+02  0.71763874E-01  0.10000000E+01  0.42769162E+00  0.19000000E+00  0.19814422E+01  0.22682300E+00  0.17383617E+01  0.97757890E+00 -0.76960886E+00
  0.11720227E+02  0.35782252E+02  0.71564504E-01  0.10000000E+01  0.42479725E+00  0.19000000E+00  0.19668414E+01  0.22682300E+00  0.17282151E+01  0.96601581E+00 -0.75605904E+00
  0.11734520E+02  0.35682275E+02  0.71364549E-01  0.10000000E+01  0.41996404E+00  0.19000000E+00  0.19268604E+01  0.22682300E+00  0.16974229E+01  0.93967818E+00 -0.72259179E+00
  0.11748813E+02  0.35582006E+02  0.71164012E-01  0.10000000E+01  0.41244269E+00  0.19000000E+00  0.18889146E+01  0.22682300E+00  0.16682041E+01  0.91462677E+00 -0.68693258E+00
  0.11763106E+02  0.35481446E+02  0.70962892E-01  0.10000000E+01  0.40648185E+00  0.19000000E+00  0.18817816E+01  0.22682300E+00  0.16639983E+01  0.90755724E+00 -0.68730166E+00
  0.11777399E+02  0.35380597E+02  0.70761193E-01  0.10000000E+01  0.39964976E+00  0.19000000E+00  0.18574080E+01  0.22682300E+00  0.16457208E+01  0.89051450E+00 -0.66721969E+00
  0.11791692E+02  0.35279458E+02  0.70558916E-01  0.10000000E+01  0.39602908E+00  0.19000000E+00  0.18783679E+01  0.22682300E+00  0.16644007E+01  0.89971379E+00 -0.68766212E+00
  0.11805985E+02  0.35178031E+02  0.70356062E-01  0.10000000E+01  0.39101116E+00  0.19000000E+00  0.18391041E+01  0.22682300E+00  0.16338979E+01  0.87414537E+00 -0.65637930E+00
  0.11820278E+02  0.35076317E+02  0.70152633E-01  0.10000000E+01  0.38406261E+00  0.19000000E+00  0.18053166E+01  0.22682300E+00  0.16077959E+01  0.85182686E+00 -0.62692595E+00
  0.11834571E+02  0.34974316E+02  0.69948631E-01  0.10000000E+01  0.38082642E+00  0.19000000E+00  0.18249954E+01  0.22682300E+00  0.16254348E+01  0.86024332E+00 -0.65259365E+00
  0.11848864E+02  0.34872029E+02  0.69744058E-01  0.10000000E+01  0.37999332E+00  0.19000000E+00  0.18238280E+01  0.22682300E+00  0.16260102E+01  0.85667269E+00 -0.66000750E+00
  0.11863157E+02  0.34769457E+02  0.69538914E-01  0.10000000E+01  0.37864510E+00  0.19000000E+00  0.18014566E+01  0.22682300E+00  0.16091641E+01  0.84100252E+00 -0.63999501E+00
  0.11877450E+02  0.34666601E+02  0.69333202E-01  0.10000000E+01  0.37558544E+00  0.19000000E+00  0.17613293E+01  0.22682300E+00  0.15776676E+01  0.81528802E+00 -0.60784075E+00
  0.11891743E+02  0.34563462E+02  0.69126924E-01  0.10000000E+01  0.37085851E+00  0.19000000E+00  0.17139558E+01  0.22682300E+00  0.15401207E+01  0.78557087E+00 -0.57617031E+00
  0.11906036E+02  0.34460040E+02  0.68920081E-01  0.10000000E+01  0.36497429E+00  0.19000000E+00  0.16839461E+01  0.22682300E+00  0.15167925E+01  0.76580914E+00 -0.55165748E+00
  0.11920329E+02  0.34356337E+02  0.68712674E-01  0.10000000E+01  0.35642050E+00  0.19000000E+00  0.16554551E+01  0.22682300E+00  0.14946555E+01  0.74698402E+00 -0.51576974E+00
  0.11934622E+02  0.34252353E+02  0.68504706E-01  0.10000000E+01  0.34734702E+00  0.19000000E+00  0.16351770E+01  0.22682300E+00  0.14792476E+01  0.73285691E+00 -0.50156933E+00
  0.11948915E+02  0.34148089E+02  0.68296179E-01  0.10000000E+01  0.34133759E+00  0.19000000E+00  0.16327583E+01  0.22682300E+00  0.14785770E+01  0.72880612E+00 -0.51565797E+00
  0.11963208E+02  0.34043546E+02  0.68087093E-01  0.10000000E+01  0.33725148E+00  0.19000000E+00  0.16548739E+01  0.22682300E+00  0.14982296E+01  0.73848787E+00 -0.52569290E+00
  0.11977501E+02  0.33938725E+02  0.67877451E-01  0.10000000E+01  0.33698699E+00  0.19000000E+00  0.16736920E+01  0.22682300E+00  0.15151903E+01  0.74625194E+00 -0.54972046E+00
  0.11991794E+02  0.33833627E+02  0.67667254E-01  0.10000000E+01  0.33831351E+00  0.19000000E+00  0.16211772E+01  0.22682300E+00  0.14729348E+01  0.71423200E+00 -0.53452639E+00
  0.12006087E+02  0.33728252E+02  0.67456504E-01  0.10000000E+01  0.32876317E+00  0.19000000E+00  0.15064594E+01  0.22682300E+00  0.13788373E+01  0.64782428E+00 -0.41448102E+00
  0.12020380E+02  0.33622602E+02  0.67245203E-01  0.10000000E+01  0.31749862E+00  0.19000000E+00  0.14809957E+01  0.22682300E+00  0.13588258E+01  0.63118089E+00 -0.39206878E+00
  0.12034672E+02  0.33516676E+02  0.67033353E-01  0.10000000E+01  0.31033441E+00  0.19000000E+00  0.14874001E+01  0.22682300E+00  0.13653299E+01  0.63220408E+00 -0.41531583E+00
  0.12048965E+02  0.33410477E+02  0.66820954E-01  0.10000000E+01  0.30272596E+00  0.19000000E+00  0.15008688E+01  0.22682300E+00  0.13777423E+01  0.63708862E+00 -0.40575767E+00
  0.12063258E+02  0.33304005E+02  0.66608010E-01  0.10000000E+01  0.29400751E+00  0.19000000E+00  0.14249175E+01  0.22682300E+00  0.13154461E+01  0.59282386E+00 -0.36912092E+00
  0.12077551E+02  0.33197261E+02  0.66394521E-01  0.10000000E+01  0.28433189E+00  0.19000000E+00  0.14309833E+01  0.22682300E+00  0.13216240E+01  0.59369325E+00 -0.35540252E+00
  0.12091844E+02  0.33090245E+02  0.66180490E-01  0.10000000E+01  0.27438509E+00  0.19000000E+00  0.13969456E+01  0.22682300E+00  0.12942134E+01  0.57264053E+00 -0.33562365E+00
  0.12106137E+02  0.32982959E+02  0.65965918E-01  0.10000000E+01  0.26447262E+00  0.19000000E+00  0.13745259E+01  0.22682300E+00  0.12764771E+01  0.55801110E+00 -0.32106890E+00
  0.12120430E+02  0.32875404E+02  0.65750807E-01  0.10000000E+01  0.25437643E+00  0.19000000E+00  0.13711763E+01  0.22682300E+00  0.12747092E+01  0.55379570E+00 -0.30955212E+00
  0.12134723E+02  0.32767580E+02  0.65535159E-01  0.10000000E+01  0.24409357E+00  0.19000000E+00  0.13249634E+01  0.22682300E+00  0.12368899E+01  0.52638392E+00 -0.28667443E+00
  0.12149016E+02  0.32659488E+02  0.65318975E-01  0.10000000E+01  0.23395489E+00  0.19000000E+00  0.13358375E+01  0.22682300E+00  0.12470356E+01  0.52991771E+00 -0.28169371E+00
  0.12163309E+02  0.32551129E+02  0.65102258E-01  0.10000000E+01  0.22382794E+00  0.19000000E+00  0.12906578E+01  0.22682300E+00  0.12099530E+01  0.50324928E+00 -0.25964085E+00
  0.12177602E+02  0.32442504E+02  0.64885008E-01  0.10000000E+01  0.21331571E+00  0.19000000E+00  0.12817449E+01  0.22682300E+00  0.12033831E+01  0.49617314E+00 -0.24492056E+00
  0.12191895E+02  0.32333614E+02  0.64667229E-01  0.10000000E+01  0.20223199E+00  0.19000000E+00  0.12573871E+01  0.22682300E+00  0.11837428E+01  0.48085752E+00 -0.22511628E+00
  0.12206188E+02  0.32224460E+02  0.64448920E-01  0.10000000E+01  0.19060331E+00  0.19000000E+00  0.12157870E+01  0.22682300E+00  0.11494645E+01  0.45641878E+00 -0.19972155E+00
  0.12220481E+02  0.32115043E+02  0.64230086E-01  0.10000000E+01  0.17862213E+00  0.19000000E+00  0.12325519E+01  0.22682300E+00  0.11645336E+01  0.46313539E+00 -0.19444034E+00
  0.12234774E+02  0.32005363E+02  0.64010726E-01  0.10000000E+01  0.16627508E+00  0.19000000E+00  0.11751055E+01  0.22682300E+00  0.11167035E+01  0.43045876E+00 -0.16509597E+00
  0.12249067E+02  0.31895422E+02  0.63790843E-01  0.10000000E+01  0.15366514E+00  0.19000000E+00  0.11764333E+01  0.22682300E+00  0.11186548E+01  0.42901681E+00 -0.15521698E+00
  0.12263360E+02  0.31785220E+02  0.63570439E-01  0.10000000E+01  0.14084199E+00  0.19000000E+00  0.11708343E+01  0.22682300E+00  0.11147186E+01  0.42391520E+00 -0.14379641E+00
  0.12277653E+02  0.31674758E+02  0.63349516E-01  0.10000000E+01  0.12774968E+00  0.19000000E+00  0.11299755E+01  0.22682300E+00  0.10807612E+01  0.40031048E+00 -0.11959150E+00
  0.12291946E+02  0.31564037E+02  0.63128075E-01  0.10000000E+01  0.11430147E+00  0.19000000E+00  0.11170613E+01  0.22682300E+00  0.10705292E+01  0.39146129E+00 -0.10427801E+00
  0.12306239E+02  0.31453059E+02  0.62906118E-01  0.10000000E+01  0.10049395E+00  0.19000000E+00  0.11142385E+01  0.22682300E+00  0.10688774E+01  0.38791406E+00 -0.92804986E-01
  0.12320532E+02  0.31341823E+02  0.62683647E-01  0.10000000E+01  0.86451886E-01  0.19000000E+00  0.10980226E+01  0.22682300E+00  0.10557788E+01  0.37740362E+00 -0.77359709E-01
  0.12334825E+02  0.31230332E+02  0.62460663E-01  0.10000000E+01  0.72305256E-01  0.19000000E+00  0.10801997E+01  0.22682300E+00  0.10412710E+01  0.36610765E+00 -0.61933315E-01
  0.12349118E+02  0.31118585E+02  0.62237170E-01  0.10000000E+01  0.58029924E-01  0.19000000E+00  0.10679513E+01  0.22682300E+00  0.10314972E+01  0.35774601E+00 -0.48182969E-01
  0.12363411E+02  0.31006584E+02  0.62013167E-01  0.10000000E+01  0.43509579E-01  0.19000000E+00  0.10561049E+01  0.22682300E+00  0.10220409E+01  0.34962642E+00 -0.33970855E-01
  0.12377704E+02  0.30894329E+02  0.61788658E-01  0.10000000E+01  0.28685074E-01  0.19000000E+00  0.10456263E+01  0.22682300E+00  0.10137320E+01  0.34224305E+00 -0.19887256E-01
  0.12391996E+02  0.30781822E+02  0.61563645E-01  0.10000000E+01  0.13610767E-01  0.19000000E+00  0.10372432E+01  0.22682300E+00  0.10072001E+01  0.33596162E+00 -0.68332292E-02
  0.12406289E+02  0.30669064E+02  0.61338128E-01  0.10000000E+01 -0.16554937E-02  0.19000000E+00  0.10262771E+01  0.22682300E+00  0.99842698E+00  0.32838519E+00  0.67213711E-02
  0.12420582E+02  0.30556055E+02  0.61112109E-01  0.10000000E+01 -0.17212050E-01  0.19000000E+00  0.10211151E+01  0.22682300E+00  0.99462761E+00  0.32379103E+00  0.19024455E-01
  0.12434875E+02  0.30442796E+02  0.60885592E-01  0.10000000E+01 -0.33271318E-01  0.19000000E+00  0.10062178E+01  0.22682300E+00  0.98242219E+00  0.31427613E+00  0.35926712E-01
  0.12449168E+02  0.30329288E+02  0.60658577E-01  0.10000000E+01 -0.49904002E-01  0.19000000E+00  0.10049002E+01  0.22682300E+00  0.98190564E+00  0.31166393E+00  0.48300130E-01
  0.12463461E+02  0.30215533E+02  0.60431066E-01  0.10000000E+01 -0.67143538E-01  0.19000000E+00  0.98864736E+00  0.22682300E+00  0.96847778E+00  0.30153452E+00  0.65935562E-01
  0.12477754E+02  0.30101531E+02  0.60203062E-01  0.10000000E+01 -0.85427382E-01  0.19000000E+00  0.99237976E+00  0.22682300E+00  0.97230487E+00  0.30147886E+00  0.79203336E-01
  0.12492047E+02  0.29987283E+02  0.59974565E-01  0.10000000E+01 -0.10774738E+00  0.19000000E+00  0.92148499E+00  0.22682300E+00  0.91149955E+00  0.26410572E+00  0.13829568E+00
  0.12506340E+02  0.29872789E+02  0.59745578E-01  0.10000000E+01 -0.13073859E+00  0.19000000E+00  0.94838518E+00  0.22682300E+00  0.93535154E+00  0.27568209E+00  0.13935436E+00
  0.12520633E+02  0.29758052E+02  0.59516104E-01  0.10000000E+01 -0.14828450E+00  0.19000000E+00  0.10073367E+01  0.22682300E+00  0.98707923E+00  0.30306836E+00  0.91258198E-01
  0.12534926E+02  0.29643071E+02  0.59286142E-01  0.10000000E+01 -0.16526249E+00  0.19000000E+00  0.10212272E+01  0.22682300E+00  0.99975805E+00  0.30795709E+00  0.89954327E-01
  0.12549219E+02  0.29527848E+02  0.59055697E-01  0.10000000E+01 -0.18234260E+00  0.19000000E+00  0.10447882E+01  0.22682300E+00  0.10208761E+01  0.31755787E+00  0.88289155E-01
  0.12563512E+02  0.29412384E+02  0.58824769E-01  0.10000000E+01 -0.19951818E+00  0.19000000E+00  0.10449251E+01  0.22682300E+00  0.10216332E+01  0.31556717E+00  0.95389278E-01
  0.12577805E+02  0.29296680E+02  0.58593360E-01  0.10000000E+01 -0.21675344E+00  0.19000000E+00  0.10549208E+01  0.22682300E+00  0.10309857E+01  0.31839464E+00  0.98250590E-01
  0.12592098E+02  0.29180736E+02  0.58361472E-01  0.10000000E+01 -0.23394411E+00  0.19000000E+00  0.10762213E+01  0.22682300E+00  0.10502250E+01  0.32669306E+00  0.95543177E-01
  0.12606391E+02  0.29064554E+02  0.58129107E-01  0.10000000E+01 -0.25102003E+00  0.19000000E+00  0.10954244E+01  0.22682300E+00  0.10676702E+01  0.33389156E+00  0.92849808E-01
  0.12620684E+02  0.28948134E+02  0.57896268E-01  0.10000000E+01 -0.26793581E+00  0.19000000E+00  0.11136881E+01  0.22682300E+00  0.10843282E+01  0.34056140E+00  0.89950292E-01
  0.12634977E+02  0.28831478E+02  0.57662955E-01  0.10000000E+01 -0.28466246E+00  0.19000000E+00  0.11336336E+01  0.22682300E+00  0.11024925E+01  0.34797142E+00  0.85815262E-01
  0.12649270E+02  0.28714586E+02  0.57429171E-01  0.10000000E+01 -0.30117562E+00  0.19000000E+00  0.11550199E+01  0.22682300E+00  0.11219564E+01  0.35599641E+00  0.80514620E-01
  0.12663563E+02  0.28597459E+02  0.57194918E-01  0.10000000E+01 -0.31743995E+00  0.19000000E+00  0.11775344E+01  0.22682300E+00  0.11424497E+01  0.36447877E+00  0.74114918E-01
  0.12677856E+02  0.28480099E+02  0.56960198E-01  0.10000000E+01 -0.33338095E+00  0.19000000E+00  0.12015783E+01  0.22682300E+00  0.11643280E+01  0.37360329E+00  0.66254422E-01
  0.12692149E+02  0.28362506E+02  0.56725012E-01  0.10000000E+01 -0.34881606E+00  0.19000000E+00  0.12296171E+01  0.22682300E+00  0.11897653E+01  0.38453264E+00  0.55293430E-01
  0.12706442E+02  0.28244681E+02  0.56489362E-01  0.10000000E+01 -0.36327082E+00  0.19000000E+00  0.12654973E+01  0.22682300E+00  0.12221617E+01  0.39906504E+00  0.38037080E-01
  0.12720735E+02  0.28126625E+02  0.56253251E-01  0.10000000E+01 -0.37485153E+00  0.19000000E+00  0.13269448E+01  0.22682300E+00  0.12771724E+01  0.42551366E+00 -0.71177840E-03
  0.12735028E+02  0.28008340E+02  0.56016680E-01  0.10000000E+01 -0.38073312E+00  0.19000000E+00  0.14202237E+01  0.22682300E+00  0.13604021E+01  0.46667985E+00 -0.68183176E-01
  0.12749321E+02  0.27889826E+02  0.55779652E-01  0.10000000E+01 -0.38867786E+00  0.19000000E+00  0.14146236E+01  0.22682300E+00  0.13564149E+01  0.46124538E+00 -0.51606519E-01
  0.12763613E+02  0.27771084E+02  0.55542167E-01  0.10000000E+01 -0.40302664E+00  0.19000000E+00  0.13614293E+01  0.22682300E+00  0.13103007E+01  0.43364789E+00  0.77589010E-02
  0.12777906E+02  0.27652114E+02  0.55304229E-01  0.10000000E+01 -0.41743182E+00  0.19000000E+00  0.13864290E+01  0.22682300E+00  0.13333426E+01  0.44252867E+00 -0.98342463E-03
  0.12792199E+02  0.27532919E+02  0.55065839E-01  0.10000000E+01 -0.43108105E+00  0.19000000E+00  0.14190082E+01  0.22682300E+00  0.13631497E+01  0.45481390E+00 -0.17519326E-01
  0.12806492E+02  0.27413499E+02  0.54826999E-01  0.10000000E+01 -0.44413276E+00  0.19000000E+00  0.14497344E+01  0.22682300E+00  0.13913706E+01  0.46611835E+00 -0.32695268E-01
  0.12820785E+02  0.27293855E+02  0.54587711E-01  0.10000000E+01 -0.45654952E+00  0.19000000E+00  0.14804627E+01  0.22682300E+00  0.14196481E+01  0.47730251E+00 -0.48306096E-01
  0.12835078E+02  0.27173988E+02  0.54347976E-01  0.10000000E+01 -0.46830055E+00  0.19000000E+00  0.15108702E+01  0.22682300E+00  0.14476948E+01  0.48821837E+00 -0.64140649E-01
  0.12849371E+02  0.27053899E+02  0.54107798E-01  0.10000000E+01 -0.47934203E+00  0.19000000E+00  0.15407786E+01  0.22682300E+00  0.14753507E+01  0.49878621E+00 -0.80149012E-01
  0.12863664E+02  0.26933589E+02  0.53867178E-01  0.10000000E+01 -0.48962594E+00  0.19000000E+00  0.15698641E+01  0.22682300E+00  0.15023254E+01  0.50886163E+00 -0.96173113E-01
  0.12877957E+02  0.26813059E+02  0.53626117E-01  0.10000000E+01 -0.49911113E+00  0.19000000E+00  0.15977012E+01  0.22682300E+00  0.15282368E+01  0.51825695E+00 -0.11195183E+00
  0.12892250E+02  0.26692309E+02  0.53384618E-01  0.10000000E+01 -0.50778133E+00  0.19000000E+00  0.16237546E+01  0.22682300E+00  0.15526025E+01  0.52673824E+00 -0.12707823E+00
  0.12906543E+02  0.26571342E+02  0.53142683E-01  0.10000000E+01 -0.51566029E+00  0.19000000E+00  0.16474287E+01  0.22682300E+00  0.15748848E+01  0.53404880E+00 -0.14105076E+00
  0.12920836E+02  0.26450157E+02  0.52900314E-01  0.10000000E+01 -0.52280723E+00  0.19000000E+00  0.16682853E+01  0.22682300E+00  0.15946841E+01  0.54000653E+00 -0.15349572E+00
  0.12935129E+02  0.26328756E+02  0.52657512E-01  0.10000000E+01 -0.52928958E+00  0.19000000E+00  0.16862842E+01  0.22682300E+00  0.16119565E+01  0.54460934E+00 -0.16438751E+00
  0.12949422E+02  0.26207140E+02  0.52414280E-01  0.10000000E+01 -0.53516258E+00  0.19000000E+00  0.17016199E+01  0.22682300E+00  0.16268681E+01  0.54795907E+00 -0.17389017E+00
  0.12963715E+02  0.26085310E+02  0.52170620E-01  0.10000000E+01 -0.54048913E+00  0.19000000E+00  0.17140805E+01  0.22682300E+00  0.16392210E+01  0.54997762E+00 -0.18183749E+00
  0.12978008E+02  0.25963267E+02  0.51926534E-01  0.10000000E+01 -0.54539134E+00  0.19000000E+00  0.17227223E+01  0.22682300E+00  0.16481583E+01  0.55026807E+00 -0.18749732E+00
  0.12992301E+02  0.25841011E+02  0.51682023E-01  0.10000000E+01 -0.55008307E+00  0.19000000E+00  0.17268733E+01  0.22682300E+00  0.16530647E+01  0.54855938E+00 -0.19015019E+00
  0.13006594E+02  0.25718545E+02  0.51437090E-01  0.10000000E+01 -0.55483320E+00  0.19000000E+00  0.17277717E+01  0.22682300E+00  0.16550428E+01  0.54541463E+00 -0.19002651E+00
  0.13020887E+02  0.25595868E+02  0.51191736E-01  0.10000000E+01 -0.55987279E+00  0.19000000E+00  0.17282177E+01  0.22682300E+00  0.16566090E+01  0.54206245E+00 -0.18842805E+00
  0.13035180E+02  0.25472982E+02  0.50945964E-01  0.10000000E+01 -0.56532483E+00  0.19000000E+00  0.17297620E+01  0.22682300E+00  0.16591620E+01  0.53917233E+00 -0.18661288E+00
  0.13049473E+02  0.25349888E+02  0.50699776E-01  0.10000000E+01 -0.57120543E+00  0.19000000E+00  0.17310958E+01  0.22682300E+00  0.16615219E+01  0.53617763E+00 -0.18483647E+00
  0.13063766E+02  0.25226587E+02  0.50453174E-01  0.10000000E+01 -0.57746568E+00  0.19000000E+00  0.17304300E+01  0.22682300E+00  0.16620696E+01  0.53231700E+00 -0.18295126E+00
  0.13078059E+02  0.25103080E+02  0.50206159E-01  0.10000000E+01 -0.58402686E+00  0.19000000E+00  0.17287022E+01  0.22682300E+00  0.16616485E+01  0.52799996E+00 -0.18154147E+00
  0.13092352E+02  0.24979367E+02  0.49958734E-01  0.10000000E+01 -0.59079645E+00  0.19000000E+00  0.17292088E+01  0.22682300E+00  0.16632439E+01  0.52462485E+00 -0.18184959E+00
  0.13106645E+02  0.24855450E+02  0.49710901E-01  0.10000000E+01 -0.59767813E+00  0.19000000E+00  0.17341729E+01  0.22682300E+00  0.16688790E+01  0.52311302E+00 -0.18458772E+00
  0.13120937E+02  0.24731331E+02  0.49462662E-01  0.10000000E+01 -0.60458456E+00  0.19000000E+00  0.17427601E+01  0.22682300E+00  0.16778079E+01  0.52308908E+00 -0.18927922E+00
  0.13135230E+02  0.24607009E+02  0.49214018E-01  0.10000000E+01 -0.61144594E+00  0.19000000E+00  0.17521776E+01  0.22682300E+00  0.16875012E+01  0.52336866E+00 -0.19475499E+00
  0.13149523E+02  0.24482486E+02  0.48964972E-01  0.10000000E+01 -0.61820668E+00  0.19000000E+00  0.17597652E+01  0.22682300E+00  0.16955400E+01  0.52284434E+00 -0.20002186E+00
  0.13163816E+02  0.24357763E+02  0.48715526E-01  0.10000000E+01 -0.62481465E+00  0.19000000E+00  0.17648547E+01  0.22682300E+00  0.17013107E+01  0.52125132E+00 -0.20489147E+00
  0.13178109E+02  0.24232841E+02  0.48465682E-01  0.10000000E+01 -0.63121495E+00  0.19000000E+00  0.17695320E+01  0.22682300E+00  0.17067082E+01  0.51946047E+00 -0.21010270E+00
  0.13192402E+02  0.24107721E+02  0.48215442E-01  0.10000000E+01 -0.63735541E+00  0.19000000E+00  0.17764069E+01  0.22682300E+00  0.17141138E+01  0.51854027E+00 -0.21645898E+00
  0.13206695E+02  0.23982404E+02  0.47964808E-01  0.10000000E+01 -0.64319850E+00  0.19000000E+00  0.17847244E+01  0.22682300E+00  0.17228433E+01  0.51817063E+00 -0.22354512E+00
  0.13220988E+02  0.23856891E+02  0.47713783E-01  0.10000000E+01 -0.64872526E+00  0.19000000E+00  0.17908030E+01  0.22682300E+00  0.17295335E+01  0.51685384E+00 -0.22998998E+00
  0.13235281E+02  0.23731183E+02  0.47462367E-01  0.10000000E+01 -0.65392712E+00  0.19000000E+00  0.17929692E+01  0.22682300E+00  0.17326464E+01  0.51392975E+00 -0.23521501E+00
  0.13249574E+02  0.23605282E+02  0.47210563E-01  0.10000000E+01 -0.65879853E+00  0.19000000E+00  0.17937364E+01  0.22682300E+00  0.17344745E+01  0.51042840E+00 -0.24009771E+00
  0.13263867E+02  0.23479187E+02  0.46958374E-01  0.10000000E+01 -0.66334013E+00  0.19000000E+00  0.17962709E+01  0.22682300E+00  0.17379183E+01  0.50761977E+00 -0.24566007E+00
  0.13278160E+02  0.23352900E+02  0.46705800E-01  0.10000000E+01 -0.66756552E+00  0.19000000E+00  0.18000153E+01  0.22682300E+00  0.17424706E+01  0.50527222E+00 -0.25159306E+00
  0.13292453E+02  0.23226423E+02  0.46452846E-01  0.10000000E+01 -0.67150060E+00  0.19000000E+00  0.18018939E+01  0.22682300E+00  0.17453080E+01  0.50216544E+00 -0.25673431E+00
  0.13306746E+02  0.23099756E+02  0.46199511E-01  0.10000000E+01 -0.67517688E+00  0.19000000E+00  0.18003796E+01  0.22682300E+00  0.17450210E+01  0.49771163E+00 -0.26045490E+00
  0.13321039E+02  0.22972900E+02  0.45945799E-01  0.10000000E+01 -0.67862309E+00  0.19000000E+00  0.17967226E+01  0.22682300E+00  0.17427518E+01  0.49241954E+00 -0.26312813E+00
  0.13335332E+02  0.22845856E+02  0.45691712E-01  0.10000000E+01 -0.68185353E+00  0.19000000E+00  0.17939930E+01  0.22682300E+00  0.17413238E+01  0.48749430E+00 -0.26600801E+00
  0.13349625E+02  0.22718626E+02  0.45437251E-01  0.10000000E+01 -0.68486899E+00  0.19000000E+00  0.17939493E+01  0.22682300E+00  0.17423618E+01  0.48360947E+00 -0.26997576E+00
  0.13363918E+02  0.22591210E+02  0.45182419E-01  0.10000000E+01 -0.68768040E+00  0.19000000E+00  0.17924445E+01  0.22682300E+00  0.17420436E+01  0.47915547E+00 -0.27343721E+00
  0.13378211E+02  0.22463609E+02  0.44927218E-01  0.10000000E+01 -0.69029803E+00  0.19000000E+00  0.17872661E+01  0.22682300E+00  0.17383209E+01  0.47329604E+00 -0.27555695E+00
  0.13392504E+02  0.22335825E+02  0.44671649E-01  0.10000000E+01 -0.69271133E+00  0.19000000E+00  0.17852704E+01  0.22682300E+00  0.17375262E+01  0.46865951E+00 -0.27910842E+00
  0.13406797E+02  0.22207858E+02  0.44415716E-01  0.10000000E+01 -0.69497636E+00  0.19000000E+00  0.17854636E+01  0.22682300E+00  0.17387474E+01  0.46485071E+00 -0.28330053E+00
  0.13421090E+02  0.22079710E+02  0.44159420E-01  0.10000000E+01 -0.69727449E+00  0.19000000E+00  0.17822187E+01  0.22682300E+00  0.17367759E+01  0.45974092E+00 -0.28525690E+00
  0.13435383E+02  0.21951381E+02  0.43902762E-01  0.10000000E+01 -0.70015124E+00  0.19000000E+00  0.16849409E+01  0.22682300E+00  0.16475759E+01  0.41948544E+00 -0.25686641E+00
  0.13449676E+02  0.21822873E+02  0.43645747E-01  0.10000000E+01 -0.70291193E+00  0.19000000E+00  0.16843322E+01  0.22682300E+00  0.16479475E+01  0.41556279E+00 -0.26167783E+00
  0.13463969E+02  0.21694187E+02  0.43388374E-01  0.10000000E+01 -0.70489648E+00  0.19000000E+00  0.17765201E+01  0.22682300E+00  0.17345350E+01  0.44593796E+00 -0.29695241E+00
  0.13478261E+02  0.21565323E+02  0.43130647E-01  0.10000000E+01 -0.70623996E+00  0.19000000E+00  0.17812607E+01  0.22682300E+00  0.17399423E+01  0.44377815E+00 -0.30531362E+00
  0.13492554E+02  0.21436284E+02  0.42872567E-01  0.10000000E+01 -0.70652051E+00  0.19000000E+00  0.17883330E+01  0.22682300E+00  0.17475204E+01  0.44244308E+00 -0.31661591E+00
  0.13506847E+02  0.21307069E+02  0.42614137E-01  0.10000000E+01 -0.70540679E+00  0.19000000E+00  0.17956037E+01  0.22682300E+00  0.17552875E+01  0.44114283E+00 -0.32958612E+00
  0.13521140E+02  0.21177680E+02  0.42355359E-01  0.10000000E+01 -0.70270980E+00  0.19000000E+00  0.18011593E+01  0.22682300E+00  0.17614597E+01  0.43918483E+00 -0.34270375E+00
  0.13535433E+02  0.21048117E+02  0.42096235E-01  0.10000000E+01 -0.69874201E+00  0.19000000E+00  0.18021973E+01  0.22682300E+00  0.17634171E+01  0.43557335E+00 -0.35218875E+00
  0.13549726E+02  0.20918383E+02  0.41836766E-01  0.10000000E+01 -0.69455215E+00  0.19000000E+00  0.17903431E+01  0.22682300E+00  0.17533258E+01  0.42734693E+00 -0.35079031E+00
  0.13564019E+02  0.20788478E+02  0.41576956E-01  0.10000000E+01 -0.69227228E+00  0.19000000E+00  0.17571970E+01  0.22682300E+00  0.17233021E+01  0.41160640E+00 -0.32932200E+00
  0.13578312E+02  0.20658403E+02  0.41316806E-01  0.10000000E+01 -0.69306252E+00  0.19000000E+00  0.17166508E+01  0.22682300E+00  0.16862930E+01  0.39338852E+00 -0.29883530E+00
  0.13592605E+02  0.20528159E+02  0.41056319E-01  0.10000000E+01 -0.69533631E+00  0.19000000E+00  0.16851290E+01  0.22682300E+00  0.16576628E+01  0.37850060E+00 -0.28050685E+00
  0.13606898E+02  0.20397748E+02  0.40795496E-01  0.10000000E+01 -0.69805215E+00  0.19000000E+00  0.16565304E+01  0.22682300E+00  0.16317146E+01  0.36475896E+00 -0.26882356E+00
  0.13621191E+02  0.20267170E+02  0.40534340E-01  0.10000000E+01 -0.70142948E+00  0.19000000E+00  0.16233912E+01  0.22682300E+00  0.16014542E+01  0.34955995E+00 -0.25447419E+00
  0.13635484E+02  0.20136426E+02  0.40272852E-01  0.10000000E+01 -0.70587392E+00  0.19000000E+00  0.15871312E+01  0.22682300E+00  0.15682041E+01  0.33342193E+00 -0.23716431E+00
  0.13649777E+02  0.20005518E+02  0.40011035E-01  0.10000000E+01 -0.71167755E+00  0.19000000E+00  0.15540120E+01  0.22682300E+00  0.15378410E+01  0.31850762E+00 -0.22007578E+00
  0.13664070E+02  0.19874446E+02  0.39748892E-01  0.10000000E+01 -0.71858632E+00  0.19000000E+00  0.15288938E+01  0.22682300E+00  0.15149434E+01  0.30644957E+00 -0.20836464E+00
  0.13678363E+02  0.19743212E+02  0.39486423E-01  0.10000000E+01 -0.72569317E+00  0.19000000E+00  0.15209866E+01  0.22682300E+00  0.15081990E+01  0.30030776E+00 -0.20877223E+00
  0.13692656E+02  0.19611816E+02  0.39223632E-01  0.10000000E+01 -0.73226485E+00  0.19000000E+00  0.15251906E+01  0.22682300E+00  0.15128439E+01  0.29825931E+00 -0.21794046E+00
  0.13706949E+02  0.19480260E+02  0.38960520E-01  0.10000000E+01 -0.73808416E+00  0.19000000E+00  0.15266217E+01  0.22682300E+00  0.15148739E+01  0.29526216E+00 -0.22669550E+00
  0.13721242E+02  0.19348545E+02  0.38697090E-01  0.10000000E+01 -0.74344217E+00  0.19000000E+00  0.15129429E+01  0.22682300E+00  0.15026424E+01  0.28724693E+00 -0.22650720E+00
  0.13735535E+02  0.19216672E+02  0.38433344E-01  0.10000000E+01 -0.74904187E+00  0.19000000E+00  0.13863451E+01  0.22682300E+00  0.13837557E+01  0.24211907E+00 -0.18730711E+00
  0.13749828E+02  0.19084642E+02  0.38169284E-01  0.10000000E+01 -0.75397961E+00  0.19000000E+00  0.13642033E+01  0.22682300E+00  0.13633852E+01  0.23169018E+00 -0.18606012E+00
  0.13764121E+02  0.18952456E+02  0.37904912E-01  0.10000000E+01 -0.75782009E+00  0.19000000E+00  0.14457507E+01  0.22682300E+00  0.14410426E+01  0.25502935E+00 -0.21917810E+00
  0.13778414E+02  0.18820115E+02  0.37640230E-01  0.10000000E+01 -0.76153603E+00  0.19000000E+00  0.14427695E+01  0.22682300E+00  0.14388060E+01  0.25073845E+00 -0.22359097E+00
  0.13792707E+02  0.18687620E+02  0.37375240E-01  0.10000000E+01 -0.76515118E+00  0.19000000E+00  0.13550011E+01  0.22682300E+00  0.13562408E+01  0.21928886E+00 -0.20503973E+00
  0.13807000E+02  0.18554973E+02  0.37109945E-01  0.10000000E+01 -0.76771331E+00  0.19000000E+00  0.13610651E+01  0.22682300E+00  0.13624936E+01  0.21807803E+00 -0.21883867E+00
  0.13821293E+02  0.18422174E+02  0.36844347E-01  0.10000000E+01 -0.76930537E+00  0.19000000E+00  0.13633257E+01  0.22682300E+00  0.13651402E+01  0.21563389E+00 -0.22983199E+00
  0.13835585E+02  0.18289224E+02  0.36578448E-01  0.10000000E+01 -0.77002857E+00  0.19000000E+00  0.13515904E+01  0.22682300E+00  0.13544944E+01  0.20878294E+00 -0.23482037E+00
  0.13849878E+02  0.18156125E+02  0.36312250E-01  0.10000000E+01 -0.76965824E+00  0.19000000E+00  0.13581594E+01  0.22682300E+00  0.13612176E+01  0.20768279E+00 -0.24821165E+00
  0.13864171E+02  0.18022878E+02  0.36045755E-01  0.10000000E+01 -0.76806547E+00  0.19000000E+00  0.13595435E+01  0.22682300E+00  0.13630131E+01  0.20494481E+00 -0.26100007E+00
  0.13878464E+02  0.17889483E+02  0.35778966E-01  0.10000000E+01 -0.76521500E+00  0.19000000E+00  0.14560601E+01  0.22682300E+00  0.14553367E+01  0.23141909E+00 -0.30013538E+00
  0.13892757E+02  0.17755942E+02  0.35511884E-01  0.10000000E+01 -0.76233548E+00  0.19000000E+00  0.14481815E+01  0.22682300E+00  0.14483688E+01  0.22562379E+00 -0.30108923E+00
  0.13907050E+02  0.17622256E+02  0.35244512E-01  0.10000000E+01 -0.76044826E+00  0.19000000E+00  0.14279644E+01  0.22682300E+00  0.14296229E+01  0.21612322E+00 -0.29128526E+00
  0.13921343E+02  0.17488426E+02  0.34976852E-01  0.10000000E+01 -0.75989132E+00  0.19000000E+00  0.14000688E+01  0.22682300E+00  0.14035176E+01  0.20440036E+00 -0.27635547E+00
  0.13935636E+02  0.17354453E+02  0.34708906E-01  0.10000000E+01 -0.75927995E+00  0.19000000E+00  0.13846766E+01  0.22682300E+00  0.13893002E+01  0.19652679E+00 -0.27366118E+00
  0.13949929E+02  0.17220338E+02  0.34440677E-01  0.10000000E+01 -0.75752882E+00  0.19000000E+00  0.13848407E+01  0.22682300E+00  0.13899132E+01  0.19332286E+00 -0.28316230E+00
  0.13964222E+02  0.17086083E+02  0.34172166E-01  0.10000000E+01 -0.75556922E+00  0.19000000E+00  0.13674226E+01  0.22682300E+00  0.13737130E+01  0.18494789E+00 -0.28070509E+00
  0.13978515E+02  0.16951688E+02  0.33903376E-01  0.10000000E+01 -0.75428620E+00  0.19000000E+00  0.13451264E+01  0.22682300E+00  0.13528157E+01  0.17522438E+00 -0.27128459E+00
  0.13992808E+02  0.16817154E+02  0.33634309E-01  0.10000000E+01 -0.75336148E+00  0.19000000E+00  0.13236797E+01  0.22682300E+00  0.13326938E+01  0.16584246E+00 -0.26382193E+00
  0.14007101E+02  0.16682483E+02  0.33364967E-01  0.10000000E+01 -0.75151771E+00  0.19000000E+00  0.13106785E+01  0.22682300E+00  0.13206259E+01  0.15897735E+00 -0.26641921E+00
  0.14021394E+02  0.16547676E+02  0.33095352E-01  0.10000000E+01 -0.74743775E+00  0.19000000E+00  0.13090423E+01  0.22682300E+00  0.13194280E+01  0.15540372E+00 -0.28033682E+00
  0.14035687E+02  0.16412734E+02  0.32825467E-01  0.10000000E+01 -0.74107155E+00  0.19000000E+00  0.13095123E+01  0.22682300E+00  0.13202412E+01  0.15242858E+00 -0.29476463E+00
  0.14049980E+02  0.16277657E+02  0.32555314E-01  0.10000000E+01 -0.73338633E+00  0.19000000E+00  0.12912097E+01  0.22682300E+00  0.13030279E+01  0.14418556E+00 -0.29720553E+00
  0.14064273E+02  0.16142447E+02  0.32284895E-01  0.10000000E+01 -0.72524119E+00  0.19000000E+00  0.12703106E+01  0.22682300E+00  0.12832894E+01  0.13529971E+00 -0.29436277E+00
  0.14078566E+02  0.16007106E+02  0.32014211E-01  0.10000000E+01 -0.71690698E+00  0.19000000E+00  0.12615339E+01  0.22682300E+00  0.12751690E+01  0.12984776E+00 -0.29499004E+00
  0.14092859E+02  0.15871633E+02  0.31743267E-01  0.10000000E+01 -0.70956604E+00  0.19000000E+00  0.12330465E+01  0.22682300E+00  0.12480711E+01  0.11904153E+00 -0.28135619E+00
  0.14107152E+02  0.15736031E+02  0.31472063E-01  0.10000000E+01 -0.70439562E+00  0.19000000E+00  0.11944695E+01  0.22682300E+00  0.12112181E+01  0.10562507E+00 -0.25792497E+00
  0.14121445E+02  0.15600301E+02  0.31200601E-01  0.10000000E+01 -0.70073340E+00  0.19000000E+00  0.11579451E+01  0.22682300E+00  0.11762861E+01  0.92933146E-01 -0.23898045E+00
  0.14135738E+02  0.15464443E+02  0.30928885E-01  0.10000000E+01 -0.69736093E+00  0.19000000E+00  0.11467150E+01  0.22682300E+00  0.11656796E+01  0.87149316E-01 -0.23634368E+00
  0.14150031E+02  0.15328458E+02  0.30656916E-01  0.10000000E+01 -0.69367700E+00  0.19000000E+00  0.11309431E+01  0.22682300E+00  0.11506724E+01  0.80213152E-01 -0.23473293E+00
  0.14164324E+02  0.15192348E+02  0.30384696E-01  0.10000000E+01 -0.68893041E+00  0.19000000E+00  0.11195317E+01  0.22682300E+00  0.11398470E+01  0.74488939E-01 -0.23918716E+00
  0.14178617E+02  0.15056114E+02  0.30112229E-01  0.10000000E+01 -0.68337659E+00  0.19000000E+00  0.11079350E+01  0.22682300E+00  0.11288223E+01  0.68766067E-01 -0.24216400E+00
  0.14192909E+02  0.14919757E+02  0.29839515E-01  0.10000000E+01 -0.67779098E+00  0.19000000E+00  0.10898047E+01  0.22682300E+00  0.11114637E+01  0.61411495E-01 -0.23786004E+00
  0.14207202E+02  0.14783279E+02  0.29566557E-01  0.10000000E+01 -0.67241794E+00  0.19000000E+00  0.10636099E+01  0.22682300E+00  0.10862791E+01  0.52079845E-01 -0.22843289E+00
  0.14221495E+02  0.14646679E+02  0.29293358E-01  0.10000000E+01 -0.66647608E+00  0.19000000E+00  0.10359299E+01  0.22682300E+00  0.10596197E+01  0.42490780E-01 -0.22236733E+00
  0.14235788E+02  0.14509960E+02  0.29019919E-01  0.10000000E+01 -0.65918404E+00  0.19000000E+00  0.10227811E+01  0.22682300E+00  0.10469887E+01  0.36667795E-01 -0.22581398E+00
  0.14250081E+02  0.14373122E+02  0.28746243E-01  0.10000000E+01 -0.65016053E+00  0.19000000E+00  0.10117793E+01  0.22682300E+00  0.10364158E+01  0.31436149E-01 -0.23237712E+00
  0.14264374E+02  0.14236166E+02  0.28472333E-01  0.10000000E+01 -0.64035203E+00  0.18999388E+00  0.99239228E+00  0.22680838E+00  0.10176928E+01  0.24205224E-01 -0.23089901E+00
  0.14278667E+02  0.14099095E+02  0.28198189E-01  0.10000000E+01 -0.63146206E+00  0.18964748E+00  0.96441551E+00  0.22598209E+00  0.99041249E+00  0.15756743E-01 -0.22048112E+00
  0.14292960E+02  0.13961908E+02  0.27923815E-01  0.10000000E+01 -0.62292228E+00  0.18914386E+00  0.94719556E+00  0.22478348E+00  0.97344697E+00  0.10393718E-01 -0.21549117E+00
  0.14307253E+02  0.13824607E+02  0.27649213E-01  0.10000000E+01 -0.61414899E+00  0.18855506E+00  0.93585917E+00  0.22338615E+00  0.96212720E+00  0.67089817E-02 -0.21522300E+00
  0.14321546E+02  0.13687193E+02  0.27374386E-01  0.10000000E+01 -0.60540225E+00  0.18789596E+00  0.91787561E+00  0.22182719E+00  0.94429878E+00  0.16608744E-02 -0.21091234E+00
  0.14335839E+02  0.13549667E+02  0.27099334E-01  0.10000000E+01 -0.59698200E+00  0.18718884E+00  0.90530742E+00  0.22016070E+00  0.93169122E+00 -0.19301816E-02 -0.20654889E+00
  0.14350132E+02  0.13412030E+02  0.26824061E-01  0.10000000E+01 -0.58927074E+00  0.18642526E+00  0.88144694E+00  0.21836821E+00  0.90805839E+00 -0.79591697E-02 -0.19612851E+00
  0.14364425E+02  0.13274284E+02  0.26548569E-01  0.10000000E+01 -0.58247535E+00  0.18562073E+00  0.86320389E+00  0.21648750E+00  0.88984916E+00 -0.12500616E-01 -0.18617607E+00
  0.14378718E+02  0.13136430E+02  0.26272859E-01  0.10000000E+01 -0.57628838E+00  0.18478289E+00  0.84840420E+00  0.21453758E+00  0.87496094E+00 -0.16106210E-01 -0.17916682E+00
  0.14393011E+02  0.12998468E+02  0.25996936E-01  0.10000000E+01 -0.57040025E+00  0.18389992E+00  0.82534888E+00  0.21249219E+00  0.85199502E+00 -0.21405703E-01 -0.17130509E+00
  0.14407304E+02  0.12860400E+02  0.25720799E-01  0.10000000E+01 -0.56473505E+00  0.18301931E+00  0.83231809E+00  0.21046201E+00  0.85828347E+00 -0.19928300E-01 -0.17442371E+00
  0.14421597E+02  0.12722226E+02  0.25444453E-01  0.10000000E+01 -0.56036089E+00  0.18209903E+00  0.80881362E+00  0.20835078E+00  0.83484056E+00 -0.25114922E-01 -0.16113720E+00
  0.14435890E+02  0.12583949E+02  0.25167898E-01  0.10000000E+01 -0.55743045E+00  0.18112580E+00  0.77394086E+00  0.20612967E+00  0.80025856E+00 -0.32559616E-01 -0.14243751E+00
  0.14450183E+02  0.12445569E+02  0.24891138E-01  0.10000000E+01 -0.55349865E+00  0.18016093E+00  0.78082615E+00  0.20393939E+00  0.80642905E+00 -0.30869614E-01 -0.15078875E+00
  0.14464476E+02  0.12307087E+02  0.24614175E-01  0.10000000E+01 -0.54688887E+00  0.17921589E+00  0.79807697E+00  0.20180545E+00  0.82275162E+00 -0.27056695E-01 -0.17199344E+00
  0.14478769E+02  0.12168505E+02  0.24337010E-01  0.10000000E+01 -0.53855585E+00  0.17826361E+00  0.79748733E+00  0.19966653E+00  0.82165652E+00 -0.27080051E-01 -0.18260426E+00
  0.14493062E+02  0.12029823E+02  0.24059647E-01  0.10000000E+01 -0.53012442E+00  0.17728216E+00  0.77707894E+00  0.19747400E+00  0.80117140E+00 -0.31177903E-01 -0.17672736E+00
  0.14507355E+02  0.11891043E+02  0.23782087E-01  0.10000000E+01 -0.52241577E+00  0.17629308E+00  0.76742647E+00  0.19527670E+00  0.79119542E+00 -0.32957131E-01 -0.16969741E+00
  0.14521648E+02  0.11752166E+02  0.23504332E-01  0.10000000E+01 -0.51526734E+00  0.17529075E+00  0.75145055E+00  0.19306249E+00  0.77502121E+00 -0.35960944E-01 -0.16046345E+00
  0.14535941E+02  0.11613193E+02  0.23226386E-01  0.10000000E+01 -0.50812561E+00  0.17427796E+00  0.73897469E+00  0.19083797E+00  0.76226343E+00 -0.38173138E-01 -0.15593063E+00
  0.14550233E+02  0.11474125E+02  0.22948250E-01  0.10000000E+01 -0.50085150E+00  0.17324917E+00  0.72383794E+00  0.18859155E+00  0.74688742E+00 -0.40832742E-01 -0.15165719E+00
  0.14564526E+02  0.11334963E+02  0.22669926E-01  0.10000000E+01 -0.49303868E+00  0.17221665E+00  0.71877407E+00  0.18635032E+00  0.74138045E+00 -0.41444444E-01 -0.15371138E+00
  0.14578819E+02  0.11195708E+02  0.22391417E-01  0.10000000E+01 -0.48447419E+00  0.17117848E+00  0.71198036E+00  0.18411035E+00  0.73417819E+00 -0.42367946E-01 -0.15600982E+00
  0.14593112E+02  0.11056362E+02  0.22112725E-01  0.10000000E+01 -0.47549224E+00  0.17013557E+00  0.70462753E+00  0.18187378E+00  0.72642771E+00 -0.43368403E-01 -0.15613942E+00
  0.14607405E+02  0.10916926E+02  0.21833852E-01  0.10000000E+01 -0.46633827E+00  0.16909292E+00  0.70008543E+00  0.17965146E+00  0.72143923E+00 -0.43814227E-01 -0.15592295E+00
  0.14621698E+02  0.10777400E+02  0.21554801E-01  0.10000000E+01 -0.45713965E+00  0.16803896E+00  0.68692120E+00  0.17741888E+00  0.70798090E+00 -0.45839365E-01 -0.15171990E+00
  0.14635991E+02  0.10637787E+02  0.21275574E-01  0.10000000E+01 -0.44783759E+00  0.16697310E+00  0.67348920E+00  0.17517530E+00  0.69425178E+00 -0.47838897E-01 -0.14778055E+00
  0.14650284E+02  0.10498086E+02  0.20996172E-01  0.10000000E+01 -0.43822432E+00  0.16590817E+00  0.66954159E+00  0.17294795E+00  0.68984571E+00 -0.48060699E-01 -0.14854703E+00
  0.14664577E+02  0.10358300E+02  0.20716600E-01  0.10000000E+01 -0.42810044E+00  0.16483853E+00  0.66244682E+00  0.17072508E+00  0.68234758E+00 -0.48832610E-01 -0.14938065E+00
  0.14678870E+02  0.10218429E+02  0.20436858E-01  0.10000000E+01 -0.41732409E+00  0.16377109E+00  0.66120430E+00  0.16852112E+00  0.68061254E+00 -0.48549639E-01 -0.15343728E+00
  0.14693163E+02  0.10078474E+02  0.20156949E-01  0.10000000E+01 -0.40615176E+00  0.16271185E+00  0.66411402E+00  0.16634826E+00  0.68297649E+00 -0.47563481E-01 -0.15783504E+00
  0.14707456E+02  0.99384375E+01  0.19876875E-01  0.10000000E+01 -0.39518603E+00  0.16165493E+00  0.66281813E+00  0.16419418E+00  0.68120999E+00 -0.47334508E-01 -0.15784390E+00
  0.14721749E+02  0.97983195E+01  0.19596639E-01  0.10000000E+01 -0.38478755E+00  0.16059120E+00  0.65427624E+00  0.16204042E+00  0.67230838E+00 -0.48331593E-01 -0.15305672E+00
  0.14736042E+02  0.96581213E+01  0.19316243E-01  0.10000000E+01 -0.37454982E+00  0.15953200E+00  0.65459446E+00  0.15990995E+00  0.67214438E+00 -0.47822872E-01 -0.15377070E+00
  0.14750335E+02  0.95178443E+01  0.19035689E-01  0.10000000E+01 -0.36411506E+00  0.15847436E+00  0.65342906E+00  0.15779670E+00  0.67052649E+00 -0.47576879E-01 -0.15580504E+00
  0.14764628E+02  0.93774895E+01  0.18754979E-01  0.10000000E+01 -0.35335035E+00  0.15742615E+00  0.65833120E+00  0.15571614E+00  0.67490556E+00 -0.46367794E-01 -0.16091485E+00
  0.14778921E+02  0.92370580E+01  0.18474116E-01  0.10000000E+01 -0.34246817E+00  0.15638149E+00  0.65836299E+00  0.15365637E+00  0.67449063E+00 -0.45983679E-01 -0.16285896E+00
  0.14793214E+02  0.90965511E+01  0.18193102E-01  0.10000000E+01 -0.33232783E+00  0.15533026E+00  0.64914004E+00  0.15159749E+00  0.66494337E+00 -0.47062741E-01 -0.15642542E+00
  0.14807507E+02  0.89559698E+01  0.17911940E-01  0.10000000E+01 -0.32326809E+00  0.15426275E+00  0.63128904E+00  0.14952093E+00  0.64686926E+00 -0.49421833E-01 -0.14442399E+00
  0.14821800E+02  0.88153154E+01  0.17630631E-01  0.10000000E+01 -0.31418661E+00  0.15318805E+00  0.62066970E+00  0.14744487E+00  0.63593393E+00 -0.50585543E-01 -0.14060060E+00
  0.14836093E+02  0.86745889E+01  0.17349178E-01  0.10000000E+01 -0.30364130E+00  0.15212807E+00  0.62759316E+00  0.14541145E+00  0.64234535E+00 -0.49092963E-01 -0.15093642E+00
  0.14850386E+02  0.85337915E+01  0.17067583E-01  0.10000000E+01 -0.29190349E+00  0.15107864E+00  0.63113640E+00  0.14341216E+00  0.64543010E+00 -0.48168354E-01 -0.15857421E+00
  0.14864679E+02  0.83929244E+01  0.16785849E-01  0.10000000E+01 -0.28007700E+00  0.15002479E+00  0.62252942E+00  0.14141840E+00  0.63650391E+00 -0.49038927E-01 -0.15580764E+00
  0.14878972E+02  0.82519887E+01  0.16503977E-01  0.10000000E+01 -0.26862783E+00  0.14895831E+00  0.60765458E+00  0.13941496E+00  0.62137298E+00 -0.50756689E-01 -0.14824614E+00
  0.14893265E+02  0.81109856E+01  0.16221971E-01  0.10000000E+01 -0.25723157E+00  0.14787987E+00  0.59407065E+00  0.13740356E+00  0.60751435E+00 -0.52211010E-01 -0.14296878E+00
  0.14907557E+02  0.79699162E+01  0.15939832E-01  0.10000000E+01 -0.24510862E+00  0.14680045E+00  0.58950883E+00  0.13540498E+00  0.60258909E+00 -0.52359857E-01 -0.14519593E+00
  0.14921850E+02  0.78287817E+01  0.15657563E-01  0.10000000E+01 -0.23188993E+00  0.14572876E+00  0.59119521E+00  0.13343521E+00  0.60386065E+00 -0.51662911E-01 -0.15154256E+00
  0.14936143E+02  0.76875832E+01  0.15375166E-01  0.10000000E+01 -0.21868620E+00  0.14465223E+00  0.58094019E+00  0.13147106E+00  0.59330589E+00 -0.52576231E-01 -0.14711196E+00
  0.14950436E+02  0.75463219E+01  0.15092644E-01  0.10000000E+01 -0.20685323E+00  0.14355052E+00  0.55341070E+00  0.12947604E+00  0.56562140E+00 -0.55676494E-01 -0.12884390E+00
  0.14964729E+02  0.74049989E+01  0.14809998E-01  0.10000000E+01 -0.19691324E+00  0.14241237E+00  0.51788231E+00  0.12743106E+00  0.52998672E+00 -0.59622502E-01 -0.10521457E+00
  0.14979022E+02  0.72636154E+01  0.14527231E-01  0.10000000E+01 -0.18864989E+00  0.14123616E+00  0.48281704E+00  0.12533479E+00  0.49478907E+00 -0.63284146E-01 -0.83462031E-01
  0.14993315E+02  0.71221725E+01  0.14244345E-01  0.10000000E+01 -0.18075818E+00  0.14003364E+00  0.45878848E+00  0.12320962E+00  0.47052468E+00 -0.65375825E-01 -0.72981415E-01
  0.15007608E+02  0.69806715E+01  0.13961343E-01  0.10000000E+01 -0.17176751E+00  0.13882230E+00  0.44861582E+00  0.12108724E+00  0.46000660E+00 -0.65667338E-01 -0.75116716E-01
  0.15021901E+02  0.68391134E+01  0.13678227E-01  0.10000000E+01 -0.16145976E+00  0.13760660E+00  0.43951291E+00  0.11897574E+00  0.45055338E+00 -0.65791176E-01 -0.77925008E-01
  0.15036194E+02  0.66974994E+01  0.13394999E-01  0.10000000E+01 -0.15053379E+00  0.13637930E+00  0.42247219E+00  0.11686293E+00  0.43321855E+00 -0.66793597E-01 -0.73537670E-01
  0.15050487E+02  0.65558307E+01  0.13111661E-01  0.10000000E+01 -0.14002582E+00  0.13512998E+00  0.39632421E+00  0.11473166E+00  0.40683174E+00 -0.68732578E-01 -0.60416119E-01
  0.15064780E+02  0.64141084E+01  0.12828217E-01  0.10000000E+01 -0.13036388E+00  0.13385425E+00  0.36677902E+00  0.11257559E+00  0.37705937E+00 -0.70896699E-01 -0.44118527E-01
  0.15079073E+02  0.62723337E+01  0.12544667E-01  0.10000000E+01 -0.12134285E+00  0.13255311E+00  0.33953941E+00  0.11039762E+00  0.34956829E+00 -0.72640601E-01 -0.30427346E-01
  0.15093366E+02  0.61305078E+01  0.12261016E-01  0.10000000E+01 -0.11249546E+00  0.13123046E+00  0.31749150E+00  0.10820546E+00  0.32723148E+00 -0.73680626E-01 -0.21904865E-01
  0.15107659E+02  0.59886318E+01  0.11977264E-01  0.10000000E+01 -0.10359595E+00  0.12988743E+00  0.29686077E+00  0.10600202E+00  0.30630000E+00 -0.74451706E-01 -0.15262066E-01
  0.15121952E+02  0.58467068E+01  0.11693414E-01  0.10000000E+01 -0.94621180E-01  0.12852305E+00  0.27501787E+00  0.10378675E+00  0.28415970E+00 -0.75231525E-01 -0.81291897E-02
  0.15136245E+02  0.57047340E+01  0.11409468E-01  0.10000000E+01 -0.85612400E-01  0.12713714E+00  0.25297841E+00  0.10156048E+00  0.26182081E+00 -0.75910933E-01 -0.77370147E-03
  0.15150538E+02  0.55627147E+01  0.11125429E-01  0.10000000E+01 -0.76810684E-01  0.12572956E+00  0.23067474E+00  0.99324111E-01  0.23921643E+00 -0.76495852E-01  0.77721280E-02
  0.15164831E+02  0.54206498E+01  0.10841300E-01  0.10000000E+01 -0.68584977E-01  0.12429717E+00  0.20495862E+00  0.97073876E-01  0.21321233E+00 -0.77277910E-01  0.19683432E-01
  0.15179124E+02  0.52785407E+01  0.10557081E-01  0.10000000E+01 -0.60820128E-01  0.12304085E+00  0.22606040E+00  0.95121458E-01  0.23385268E+00 -0.73921044E-01  0.22373767E-01
  0.15193417E+02  0.51363885E+01  0.10272777E-01  0.10000000E+01 -0.53502477E-01  0.12175354E+00  0.19446915E+00  0.93141473E-01  0.20202690E+00 -0.75357242E-01  0.37177948E-01
  0.15207710E+02  0.49941942E+01  0.99883885E-02  0.10000000E+01 -0.47131955E-01  0.12023105E+00  0.10733052E+00  0.90826620E-01  0.11482994E+00 -0.81138161E-01  0.67900037E-01
  0.15222003E+02  0.48519592E+01  0.97039184E-02  0.10000000E+01 -0.43274011E-01  0.11866073E+00  0.54626930E-01  0.88469563E-01  0.61914065E-01 -0.83532111E-01  0.10207315E+00
  0.15236296E+02  0.47096845E+01  0.94193690E-02  0.10000000E+01 -0.42044947E-01  0.11704897E+00  0.87081640E-02  0.86082547E-01  0.15746738E-01 -0.85076891E-01  0.13283035E+00
  0.15250589E+02  0.45673713E+01  0.91347427E-02  0.10000000E+01 -0.40995686E-01  0.11543070E+00 -0.55377594E-02  0.83718705E-01  0.11464533E-02 -0.83893826E-01  0.13735725E+00
  0.15264882E+02  0.44250208E+01  0.88500417E-02  0.10000000E+01 -0.38979297E-01  0.11382211E+00 -0.60330490E-02  0.81401635E-01  0.26543147E-03 -0.81624466E-01  0.13055339E+00
  0.15279174E+02  0.42826342E+01  0.85652684E-02  0.10000000E+01 -0.36427989E-01  0.11221916E+00 -0.11023385E-01  0.79125027E-01 -0.50838265E-02 -0.79727282E-01  0.12816645E+00
  0.15293467E+02  0.41402125E+01  0.82804251E-02  0.10000000E+01 -0.34167325E-01  0.11061361E+00 -0.24013263E-01  0.76877106E-01 -0.18400264E-01 -0.78410181E-01  0.13346604E+00
  0.15307760E+02  0.39977571E+01  0.79955141E-02  0.10000000E+01 -0.32488801E-01  0.10900375E+00 -0.38867468E-01  0.74655664E-01 -0.33568094E-01 -0.77183750E-01  0.14101485E+00
  0.15322053E+02  0.38552689E+01  0.77105378E-02  0.10000000E+01 -0.31406902E-01  0.10739080E+00 -0.52687836E-01  0.72462624E-01 -0.47696483E-01 -0.75841185E-01  0.14812307E+00
  0.15336346E+02  0.37127493E+01  0.74254985E-02  0.10000000E+01 -0.30939699E-01  0.10577665E+00 -0.64882745E-01  0.70300680E-01 -0.60194296E-01 -0.74354576E-01  0.15452709E+00
  0.15350639E+02  0.35701993E+01  0.71403986E-02  0.10000000E+01 -0.30745363E-01  0.10416873E+00 -0.70413208E-01  0.68179632E-01 -0.66030912E-01 -0.72432043E-01  0.15624257E+00
  0.15364932E+02  0.34276201E+01  0.68552402E-02  0.10000000E+01 -0.29912361E-01  0.10258123E+00 -0.62944834E-01  0.66117386E-01 -0.58879234E-01 -0.69762430E-01  0.14773454E+00
  0.15379225E+02  0.32850129E+01  0.65700259E-02  0.10000000E+01 -0.27657509E-01  0.10102560E+00 -0.44687938E-01  0.64127271E-01 -0.40939831E-01 -0.66582647E-01  0.13067198E+00
  0.15393518E+02  0.31423789E+01  0.62847578E-02  0.10000000E+01 -0.23657366E-01  0.99506345E-01 -0.21734629E-01  0.62213040E-01 -0.18291593E-01 -0.63310932E-01  0.11002612E+00
  0.15407811E+02  0.29997192E+01  0.59994385E-02  0.10000000E+01 -0.17943897E-01  0.98022570E-01  0.12569892E-02  0.60371512E-01  0.44145724E-02 -0.60223011E-01  0.89561813E-01
  0.15422104E+02  0.28570350E+01  0.57140700E-02  0.10000000E+01 -0.10385906E-01  0.96573979E-01  0.25210888E-01  0.58600339E-01  0.28100427E-01 -0.57270888E-01  0.68010066E-01
  0.15436397E+02  0.27143275E+01  0.54286549E-02  0.10000000E+01 -0.12738385E-02  0.95153501E-01  0.44247302E-01  0.56889147E-01  0.46891715E-01 -0.54729936E-01  0.49975736E-01
  0.15450690E+02  0.25715977E+01  0.51431955E-02  0.10000000E+01  0.83227283E-02  0.93746588E-01  0.51117132E-01  0.55219291E-01  0.53543221E-01 -0.52870169E-01  0.42412922E-01
  0.15464983E+02  0.24288470E+01  0.48576940E-02  0.10000000E+01  0.18203686E-01  0.92350898E-01  0.56555892E-01  0.53587330E-01  0.58776044E-01 -0.51142424E-01  0.36310203E-01
  0.15479276E+02  0.22860764E+01  0.45721528E-02  0.10000000E+01  0.28325741E-01  0.90964034E-01  0.60570541E-01  0.51989938E-01  0.62596160E-01 -0.49532463E-01  0.30930214E-01
  0.15493569E+02  0.21432871E+01  0.42865742E-02  0.10000000E+01  0.38358337E-01  0.89578617E-01  0.58542541E-01  0.50418345E-01  0.60387167E-01 -0.48193659E-01  0.29748345E-01
  0.15507862E+02  0.20004803E+01  0.40009607E-02  0.10000000E+01  0.47744569E-01  0.88183970E-01  0.47242553E-01  0.48860643E-01  0.48919382E-01 -0.47181727E-01  0.35312177E-01
  0.15522155E+02  0.18576572E+01  0.37153144E-02  0.10000000E+01  0.55632655E-01  0.86766476E-01  0.23620153E-01  0.47302468E-01  0.25141122E-01 -0.46511924E-01  0.50399925E-01
  0.15536448E+02  0.17148189E+01  0.34296377E-02  0.10000000E+01  0.62122490E-01  0.85326532E-01  0.28643494E-03  0.45745468E-01  0.16552292E-02 -0.45716409E-01  0.64714319E-01
  0.15550741E+02  0.15719665E+01  0.31439331E-02  0.10000000E+01  0.68297684E-01  0.83877501E-01 -0.10702806E-01  0.44204944E-01 -0.94861233E-02 -0.44481913E-01  0.68089414E-01
  0.15565034E+02  0.14291014E+01  0.28582027E-02  0.10000000E+01  0.74547753E-01  0.82424829E-01 -0.16550512E-01  0.42687035E-01 -0.15480752E-01 -0.43086526E-01  0.67135140E-01
  0.15579327E+02  0.12862245E+01  0.25724490E-02  0.10000000E+01  0.80836978E-01  0.80969499E-01 -0.21441074E-01  0.41192940E-01 -0.20511015E-01 -0.41663848E-01  0.65797903E-01
  0.15593620E+02  0.11433372E+01  0.22866743E-02  0.10000000E+01  0.86900467E-01  0.79509393E-01 -0.28276197E-01  0.39720687E-01 -0.27477994E-01 -0.40276993E-01  0.66502131E-01
  0.15607913E+02  0.10004404E+01  0.20008809E-02  0.10000000E+01  0.92484344E-01  0.78247150E-01  0.11702852E-01  0.38469535E-01  0.12372749E-01 -0.38259338E-01  0.59786000E-01
  0.15622206E+02  0.85753557E+00  0.17150711E-02  0.10000000E+01  0.96746163E-01  0.76955146E-01 -0.10103086E-01  0.37209618E-01 -0.95450656E-02 -0.37356656E-01  0.72192718E-01
  0.15636498E+02  0.71462368E+00  0.14292474E-02  0.10000000E+01  0.99608578E-01  0.75651923E-01 -0.28856697E-01  0.35960012E-01 -0.28405951E-01 -0.36317121E-01  0.84767572E-01
  0.15650791E+02  0.57170595E+00  0.11434119E-02  0.10000000E+01  0.10138850E+00  0.74331287E-01 -0.47050993E-01  0.34715481E-01 -0.46702260E-01 -0.35183227E-01  0.94920555E-01
  0.15665084E+02  0.42878355E+00  0.85756710E-03  0.10000000E+01  0.10247068E+00  0.72992464E-01 -0.62481581E-01  0.33476183E-01 -0.62229308E-01 -0.33942833E-01  0.10157155E+00
  0.15679377E+02  0.28585765E+00  0.57171529E-03  0.10000000E+01  0.10307884E+00  0.71648975E-01 -0.72912361E-01  0.32255208E-01 -0.72750527E-01 -0.32618576E-01  0.10547209E+00
  0.15693670E+02  0.14292941E+00  0.28585881E-03  0.10000000E+01  0.10328912E+00  0.70287901E-01 -0.85831802E-01  0.31041381E-01 -0.85754099E-01 -0.31255399E-01  0.10923146E+00
  0.15707963E+02  0.61232340E-14  0.12246468E-16  0.10000000E+01  0.10319793E+00  0.68941591E-01 -0.90257699E-01  0.29863622E-01 -0.90257699E-01 -0.29863622E-01  0.11054702E+00
  0.15722256E+02 -0.14292941E+00 -0.28585881E-03  0.10000000E+01  0.10280617E+00  0.67575084E-01 -0.10311112E+00  0.28691488E-01 -0.10318237E+00 -0.28434179E-01  0.11349885E+00
  0.15736549E+02 -0.28585765E+00 -0.57171529E-03  0.10000000E+01  0.10218453E+00  0.66213252E-01 -0.10945273E+00  0.27546708E-01 -0.10958880E+00 -0.27000291E-01  0.11458517E+00
  0.15750842E+02 -0.42878355E+00 -0.85756710E-03  0.10000000E+01  0.10133491E+00  0.64834780E-01 -0.12092914E+00  0.26411676E-01 -0.12112341E+00 -0.25505949E-01  0.11664205E+00
  0.15765135E+02 -0.57170595E+00 -0.11434119E-02  0.10000000E+01  0.10029258E+00  0.63447161E-01 -0.13040321E+00  0.25293228E-01 -0.13064909E+00 -0.23990808E-01  0.11799836E+00
  0.15779428E+02 -0.71462368E+00 -0.14292474E-02  0.10000000E+01  0.99089157E-01  0.62063974E-01 -0.13644047E+00  0.24202434E-01 -0.13673172E+00 -0.22498837E-01  0.11842978E+00
  0.15793721E+02 -0.85753557E+00 -0.17150711E-02  0.10000000E+01  0.97733273E-01  0.60681094E-01 -0.14347642E+00  0.23135915E-01 -0.14380661E+00 -0.20986018E-01  0.11900715E+00
  0.15808014E+02 -0.10004404E+01 -0.20008809E-02  0.10000000E+01  0.96230975E-01  0.59292142E-01 -0.15211612E+00  0.22088903E-01 -0.15247861E+00 -0.19429575E-01  0.11986636E+00
  0.15822307E+02 -0.11433372E+01 -0.22866743E-02  0.10000000E+01  0.94582574E-01  0.57888376E-01 -0.16302899E+00  0.21055357E-01 -0.16341666E+00 -0.17798138E-01  0.12117583E+00
  0.15836600E+02 -0.12862245E+01 -0.25724490E-02  0.10000000E+01  0.92818311E-01  0.56489196E-01 -0.16916690E+00  0.20049829E-01 -0.16957433E+00 -0.16247493E-01  0.12132156E+00
  0.15850893E+02 -0.14291014E+01 -0.28582027E-02  0.10000000E+01  0.90934267E-01  0.55086699E-01 -0.17733764E+00  0.19066605E-01 -0.17775800E+00 -0.14637885E-01  0.12191887E+00
  0.15865186E+02 -0.15719665E+01 -0.31439331E-02  0.10000000E+01  0.88931922E-01  0.53674776E-01 -0.18709302E+00  0.18101742E-01 -0.18751918E+00 -0.12962490E-01  0.12282438E+00
  0.15879479E+02 -0.17148189E+01 -0.34296377E-02  0.10000000E+01  0.86827881E-01  0.52263450E-01 -0.19445402E+00  0.17162321E-01 -0.19488051E+00 -0.11335644E-01  0.12314504E+00
  0.15893772E+02 -0.18576572E+01 -0.37153144E-02  0.10000000E+01  0.84612198E-01  0.50841088E-01 -0.20483462E+00  0.16240880E-01 -0.20525344E+00 -0.95923115E-02  0.12415543E+00
  0.15908065E+02 -0.20004803E+01 -0.40009607E-02  0.10000000E+01  0.82293741E-01  0.49411296E-01 -0.21446019E+00  0.15340247E-01 -0.21486498E+00 -0.78445485E-02  0.12496516E+00
  0.15922358E+02 -0.21432871E+01 -0.42865742E-02  0.10000000E+01  0.79882132E-01  0.47980998E-01 -0.22250094E+00  0.14465000E-01 -0.22288626E+00 -0.61336356E-02  0.12540941E+00
  0.15936651E+02 -0.22860764E+01 -0.45721528E-02  0.10000000E+01  0.77369039E-01  0.46540570E-01 -0.23307774E+00  0.13609535E-01 -0.23343511E+00 -0.43014713E-02  0.12643727E+00
  0.15950944E+02 -0.24288470E+01 -0.48576940E-02  0.10000000E+01  0.74761253E-01  0.45092449E-01 -0.24318340E+00  0.12775783E-01 -0.24350635E+00 -0.24585135E-02  0.12733353E+00
  0.15965237E+02 -0.25715977E+01 -0.51431955E-02  0.10000000E+01  0.72072629E-01  0.43646498E-01 -0.25089385E+00  0.11969574E-01 -0.25117823E+00 -0.70046920E-03  0.12765633E+00
  0.15979530E+02 -0.27143275E+01 -0.54286549E-02  0.10000000E+01  0.69298498E-01  0.42195117E-01 -0.26052527E+00  0.11186759E-01 -0.26076274E+00  0.11632879E-02  0.12839583E+00
  0.15993822E+02 -0.28570350E+01 -0.57140700E-02  0.10000000E+01  0.66449379E-01  0.40741430E-01 -0.26933716E+00  0.10429234E-01 -0.26952221E+00  0.30085727E-02  0.12887188E+00
  0.16008115E+02 -0.29997192E+01 -0.59994385E-02  0.10000000E+01  0.63512708E-01  0.39269319E-01 -0.28210434E+00  0.96891712E-02 -0.28222484E+00  0.50869251E-02  0.13018854E+00
  0.16022408E+02 -0.31423789E+01 -0.62847578E-02  0.10000000E+01  0.60517508E-01  0.37800820E-01 -0.28942972E+00  0.89780561E-02 -0.28948669E+00  0.69012191E-02  0.13020040E+00
  0.16036701E+02 -0.32850129E+01 -0.65700259E-02  0.10000000E+01  0.57433034E-01  0.36309118E-01 -0.30353476E+00  0.82834506E-02 -0.30351066E+00  0.91235781E-02  0.13178100E+00
  0.16050994E+02 -0.34276201E+01 -0.68552402E-02  0.10000000E+01  0.54300467E-01  0.34829389E-01 -0.30908860E+00  0.76220465E-02 -0.30899138E+00  0.10871248E-01  0.13139257E+00
  0.16065287E+02 -0.35701993E+01 -0.71403986E-02  0.10000000E+01  0.51091525E-01  0.33338130E-01 -0.32054520E+00  0.69833266E-02 -0.32035796E+00  0.12991030E-01  0.13239162E+00
  0.16079580E+02 -0.37127493E+01 -0.74254985E-02  0.10000000E+01  0.47848455E-01  0.31859576E-01 -0.32557748E+00  0.63776382E-02 -0.32530715E+00  0.14718309E-01  0.13171449E+00
  0.16093873E+02 -0.38552689E+01 -0.77105378E-02  0.10000000E+01  0.44551424E-01  0.30368763E-01 -0.33650688E+00  0.57947416E-02 -0.33613501E+00  0.16843874E-01  0.13227735E+00
  0.16108166E+02 -0.39977571E+01 -0.79955141E-02  0.10000000E+01  0.41219588E-01  0.28886279E-01 -0.34272297E+00  0.52427975E-02 -0.34225456E+00  0.18663722E-01  0.13185956E+00
  0.16122459E+02 -0.41402125E+01 -0.82804251E-02  0.10000000E+01  0.37829133E-01  0.27399160E-01 -0.35256451E+00  0.47168753E-02 -0.35198499E+00  0.20749701E-01  0.13242891E+00
  0.16136752E+02 -0.42826342E+01 -0.85652684E-02  0.10000000E+01  0.34371339E-01  0.25897348E-01 -0.36504502E+00  0.42139606E-02 -0.36434043E+00  0.23058086E-01  0.13359478E+00
  0.16151045E+02 -0.44250208E+01 -0.88500417E-02  0.10000000E+01  0.30859706E-01  0.24390181E-01 -0.37520835E+00  0.37377473E-02 -0.37437830E+00  0.25222382E-01  0.13417644E+00
  0.16165338E+02 -0.45673713E+01 -0.91347427E-02  0.10000000E+01  0.27296616E-01  0.22877685E-01 -0.38532679E+00  0.32885468E-02 -0.38436501E+00  0.27405958E-01  0.13470357E+00
  0.16179631E+02 -0.47096845E+01 -0.94193690E-02  0.10000000E+01  0.23685538E-01  0.21358804E-01 -0.39564667E+00  0.28663800E-02 -0.39454613E+00  0.29628647E-01  0.13521368E+00
  0.16193924E+02 -0.48519592E+01 -0.97039184E-02  0.10000000E+01  0.20037119E-01  0.19841136E-01 -0.40408489E+00  0.24735059E-02 -0.40284609E+00  0.31713460E-01  0.13526458E+00
  0.16208217E+02 -0.49941942E+01 -0.99883885E-02  0.10000000E+01  0.16345753E-01  0.18318644E-01 -0.41402650E+00  0.21084656E-02 -0.41263821E+00  0.33942533E-01  0.13565031E+00
  0.16222510E+02 -0.51363885E+01 -0.10272777E-01  0.10000000E+01  0.12608502E-01  0.16787990E-01 -0.42492268E+00  0.17708317E-02 -0.42337490E+00  0.36278275E-01  0.13625827E+00
  0.16236803E+02 -0.52785407E+01 -0.10557081E-01  0.10000000E+01  0.88332851E-02  0.15257476E-01 -0.43391318E+00  0.14626664E-02 -0.43220762E+00  0.38462529E-01  0.13645301E+00
  0.16251096E+02 -0.54206498E+01 -0.10841300E-01  0.10000000E+01  0.50108585E-02  0.13717970E-01 -0.44517672E+00  0.11823868E-02 -0.44329757E+00  0.40877462E-01  0.13715514E+00
  0.16265389E+02 -0.55627147E+01 -0.11125429E-01  0.10000000E+01  0.11471712E-02  0.12171603E-01 -0.45591389E+00  0.93084093E-03 -0.45385708E+00  0.43267663E-01  0.13768775E+00
  0.16279682E+02 -0.57047340E+01 -0.11409468E-01  0.10000000E+01 -0.27578322E-02  0.10621461E-01 -0.46610329E+00  0.70884030E-03 -0.46386531E+00  0.45626255E-01  0.13814699E+00
  0.16293975E+02 -0.58467068E+01 -0.11693414E-01  0.10000000E+01 -0.67011732E-02  0.90731853E-02 -0.47511034E+00  0.51724874E-03 -0.47269151E+00  0.47883641E-01  0.13839519E+00
  0.16308268E+02 -0.59886318E+01 -0.11977264E-01  0.10000000E+01 -0.10674132E-01  0.75275711E-02 -0.48363157E+00  0.35603247E-03 -0.48102935E+00  0.50103742E-01  0.13841870E+00
  0.16322561E+02 -0.61305078E+01 -0.12261016E-01  0.10000000E+01 -0.14680494E-01  0.59686002E-02 -0.49565798E+00  0.22383338E-03 -0.49284733E+00  0.52710500E-01  0.13903697E+00
  0.16336854E+02 -0.62723337E+01 -0.12544667E-01  0.10000000E+01 -0.18718279E-01  0.44006513E-02 -0.50681451E+00  0.12167848E-03 -0.50379393E+00  0.55250740E-01  0.13949756E+00
  0.16351146E+02 -0.64141084E+01 -0.12828217E-01  0.10000000E+01 -0.22799086E-01  0.28353980E-02 -0.51616473E+00  0.50513555E-04 -0.51293941E+00  0.57612442E-01  0.13992871E+00
  0.16365439E+02 -0.65558307E+01 -0.13111661E-01  0.10000000E+01 -0.26955614E-01  0.12564609E-02 -0.53030063E+00  0.99192277E-05 -0.52683417E+00  0.60535273E-01  0.14170014E+00
  0.16379732E+02 -0.66974994E+01 -0.13394999E-01  0.10000000E+01 -0.31183550E-01 -0.34140467E-03 -0.54552470E+00  0.73235020E-06 -0.54180198E+00  0.63622397E-01  0.14356456E+00
  0.16394025E+02 -0.68391134E+01 -0.13678227E-01  0.10000000E+01 -0.35377440E-01 -0.19364286E-02 -0.55180138E+00  0.23560410E-04 -0.54787781E+00  0.65686108E-01  0.14201396E+00
  0.16408318E+02 -0.69806715E+01 -0.13961343E-01  0.10000000E+01 -0.39474246E-01 -0.35123817E-02 -0.55193803E+00  0.77514561E-04 -0.54785605E+00  0.67002577E-01  0.13831289E+00
  0.16422611E+02 -0.71221725E+01 -0.14244345E-01  0.10000000E+01 -0.43552416E-01 -0.50743816E-02 -0.55643161E+00  0.16178794E-03 -0.55215826E+00  0.68828905E-01  0.13682825E+00
  0.16436904E+02 -0.72636154E+01 -0.14527231E-01  0.10000000E+01 -0.47690618E-01 -0.66598501E-02 -0.57183580E+00  0.27868192E-03 -0.56728201E+00  0.72023443E-01  0.13845133E+00
  0.16451197E+02 -0.74049989E+01 -0.14809998E-01  0.10000000E+01 -0.51876602E-01 -0.82438025E-02 -0.58189931E+00  0.42700705E-03 -0.57710126E+00  0.74572971E-01  0.13910628E+00
  0.16465490E+02 -0.75463219E+01 -0.15092644E-01  0.10000000E+01 -0.56138895E-01 -0.98307229E-02 -0.59410630E+00  0.60722660E-03 -0.58904050E+00  0.77420650E-01  0.14062942E+00
  0.16479783E+02 -0.76875832E+01 -0.15375166E-01  0.10000000E+01 -0.60492742E-01 -0.11444016E-01 -0.61191272E+00  0.82288052E-03 -0.60652306E+00  0.81040953E-01  0.14328565E+00
  0.16494076E+02 -0.78287817E+01 -0.15657563E-01  0.10000000E+01 -0.64885069E-01 -0.13054721E-01 -0.62181105E+00  0.10708165E-02 -0.61616135E+00  0.83638066E-01  0.14378688E+00
  0.16508369E+02 -0.79699162E+01 -0.15939832E-01  0.10000000E+01 -0.69334944E-01 -0.14681983E-01 -0.63639276E+00  0.13544073E-02 -0.63043364E+00  0.86896525E-01  0.14531304E+00
  0.16522662E+02 -0.81109856E+01 -0.16221971E-01  0.10000000E+01 -0.78909945E-01 -0.17259491E-01 -0.10670700E+01  0.18716982E-02 -0.10566598E+01  0.14870106E+00  0.30903727E+00
  0.16536955E+02 -0.82519887E+01 -0.16503977E-01  0.10000000E+01 -0.78028387E-01 -0.17957708E-01 -0.23430923E+00  0.20261972E-02 -0.23217410E+00  0.31624477E-01 -0.24387843E-01
  0.16551248E+02 -0.83929244E+01 -0.16785849E-01  0.10000000E+01 -0.82224643E-01 -0.19561902E-01 -0.65187090E+00  0.24043741E-02 -0.64524055E+00  0.92769016E-01  0.13890774E+00
  0.16565541E+02 -0.85337915E+01 -0.17067583E-01  0.10000000E+01 -0.86731675E-01 -0.21185773E-01 -0.67132028E+00  0.28201261E-02 -0.66430626E+00  0.96830116E-01  0.14392789E+00
  0.16579834E+02 -0.86745889E+01 -0.17349178E-01  0.10000000E+01 -0.86439320E-01 -0.21929546E-01 -0.28817588E+00  0.30216153E-02 -0.28533513E+00  0.40476329E-01 -0.94480302E-02
  0.16594127E+02 -0.88153154E+01 -0.17630631E-01  0.10000000E+01 -0.97534070E-01 -0.24729882E-01 -0.12167698E+01  0.38425894E-02 -0.12029856E+01  0.18267277E+00  0.35310717E+00
  0.16608420E+02 -0.89559698E+01 -0.17911940E-01  0.10000000E+01 -0.10179458E+00 -0.26309498E-01 -0.67684282E+00  0.43491561E-02 -0.66926799E+00  0.10107165E+00  0.13329319E+00
  0.16622713E+02 -0.90965511E+01 -0.18193102E-01  0.10000000E+01 -0.10640105E+00 -0.27989378E-01 -0.72937158E+00  0.49222805E-02 -0.72097672E+00  0.11045228E+00  0.14890492E+00
  0.16637006E+02 -0.92370580E+01 -0.18474116E-01  0.10000000E+01 -0.11077018E+00 -0.29610247E-01 -0.71403814E+00  0.55088881E-02 -0.70566324E+00  0.10917968E+00  0.13951044E+00
  0.16651299E+02 -0.93774895E+01 -0.18754979E-01  0.10000000E+01 -0.11469918E+00 -0.31151908E-01 -0.68712461E+00  0.60974633E-02 -0.67893556E+00  0.10594297E+00  0.12506140E+00
  0.16665592E+02 -0.95178443E+01 -0.19035689E-01  0.10000000E+01 -0.11923288E+00 -0.32796540E-01 -0.74291544E+00  0.67582762E-02 -0.73380609E+00  0.11617937E+00  0.14355292E+00
  0.16679885E+02 -0.96581213E+01 -0.19316243E-01  0.10000000E+01 -0.12369768E+00 -0.34422966E-01 -0.74446442E+00  0.74452014E-02 -0.73516172E+00  0.11755828E+00  0.14044980E+00
  0.16694178E+02 -0.97983195E+01 -0.19596639E-01  0.10000000E+01 -0.12823324E+00 -0.36066989E-01 -0.76015280E+00  0.81733417E-02 -0.75045531E+00  0.12130914E+00  0.14246827E+00
  0.16708470E+02 -0.99384375E+01 -0.19876875E-01  0.10000000E+01 -0.13285653E+00 -0.37719949E-01 -0.77485036E+00  0.89396820E-02 -0.76476568E+00  0.12492585E+00  0.14463749E+00
  0.16722763E+02 -0.10078474E+02 -0.20156949E-01  0.10000000E+01 -0.13823072E+00 -0.39773116E-01 -0.89590285E+00  0.99393757E-02 -0.88381753E+00  0.14699417E+00  0.17468463E+00
  0.16737056E+02 -0.10218429E+02 -0.20436858E-01  0.10000000E+01 -0.14359564E+00 -0.41763757E-01 -0.89451737E+00  0.10959204E-01 -0.88227325E+00  0.14790317E+00  0.17235700E+00
  0.16751349E+02 -0.10358300E+02 -0.20716600E-01  0.10000000E+01 -0.14905527E+00 -0.43760203E-01 -0.90960037E+00  0.12032020E-01 -0.89693964E+00  0.15171318E+00  0.17396771E+00
  0.16765642E+02 -0.10498086E+02 -0.20996172E-01  0.10000000E+01 -0.15454155E+00 -0.45760435E-01 -0.92221541E+00  0.13157100E-01 -0.90917570E+00  0.15509326E+00  0.17414388E+00
  0.16779935E+02 -0.10637787E+02 -0.21275574E-01  0.10000000E+01 -0.15990964E+00 -0.47734460E-01 -0.92234331E+00  0.14316732E-01 -0.90913461E+00  0.15619349E+00  0.16962623E+00
  0.16794228E+02 -0.10777400E+02 -0.21554801E-01  0.10000000E+01 -0.16516010E+00 -0.49693776E-01 -0.92462687E+00  0.15516146E-01 -0.91121887E+00  0.15765708E+00  0.16543426E+00
  0.16808521E+02 -0.10916926E+02 -0.21833852E-01  0.10000000E+01 -0.17043708E+00 -0.51657810E-01 -0.93706298E+00  0.16766865E-01 -0.92328017E+00  0.16100273E+00  0.16560897E+00
  0.16822814E+02 -0.11056362E+02 -0.22112725E-01  0.10000000E+01 -0.17564320E+00 -0.53607120E-01 -0.94119129E+00  0.18056136E-01 -0.92718455E+00  0.16277553E+00  0.16258228E+00
  0.16837107E+02 -0.11195708E+02 -0.22391417E-01  0.10000000E+01 -0.18068234E+00 -0.55441247E-01 -0.92117331E+00  0.19312827E-01 -0.90739290E+00  0.15991052E+00  0.15440949E+00
  0.16851400E+02 -0.11334963E+02 -0.22669926E-01  0.10000000E+01 -0.18574553E+00 -0.57356440E-01 -0.94757063E+00  0.20670180E-01 -0.93315078E+00  0.16597279E+00  0.15642124E+00
  0.16865693E+02 -0.11474125E+02 -0.22948250E-01  0.10000000E+01 -0.19065777E+00 -0.59235546E-01 -0.94412816E+00  0.22046755E-01 -0.92964508E+00  0.16620491E+00  0.15095436E+00
  0.16879986E+02 -0.11613193E+02 -0.23226386E-01  0.10000000E+01 -0.19574651E+00 -0.61136799E-01 -0.96595348E+00  0.23484714E-01 -0.95090692E+00  0.17144584E+00  0.15548678E+00
  0.16894279E+02 -0.11752166E+02 -0.23504332E-01  0.10000000E+01 -0.20061343E+00 -0.63006474E-01 -0.95927778E+00  0.24943088E-01 -0.94424955E+00  0.17096429E+00  0.14786022E+00
  0.16908572E+02 -0.11891043E+02 -0.23782087E-01  0.10000000E+01 -0.20575989E+00 -0.64911847E-01 -0.98886424E+00  0.26474503E-01 -0.97309951E+00  0.17785030E+00  0.15574917E+00
  0.16922865E+02 -0.12029823E+02 -0.24059647E-01  0.10000000E+01 -0.21061237E+00 -0.66766099E-01 -0.97507052E+00  0.28008631E-01 -0.95949481E+00  0.17583145E+00  0.14564338E+00
  0.16937158E+02 -0.12168505E+02 -0.24337010E-01  0.10000000E+01 -0.21598975E+00 -0.68706388E-01 -0.10258519E+01  0.29660203E-01 -0.10090550E+01  0.18724296E+00  0.16159482E+00
  0.16951451E+02 -0.12307087E+02 -0.24614175E-01  0.10000000E+01 -0.22091846E+00 -0.70562825E-01 -0.99892608E+00  0.31284686E-01 -0.98263834E+00  0.18235660E+00  0.14649589E+00
  0.16965744E+02 -0.12445569E+02 -0.24891138E-01  0.10000000E+01 -0.22693512E+00 -0.72608994E-01 -0.10962132E+01  0.33125368E-01 -0.10775924E+01  0.20390018E+00  0.18059832E+00
  0.16980037E+02 -0.12583949E+02 -0.25167898E-01  0.10000000E+01 -0.23257787E+00 -0.74591713E-01 -0.10775947E+01  0.34959164E-01 -0.10593251E+01  0.20065603E+00  0.16815800E+00
  0.16994330E+02 -0.12722226E+02 -0.25444453E-01  0.10000000E+01 -0.23794011E+00 -0.76524895E-01 -0.10668685E+01  0.36794708E-01 -0.10487791E+01  0.19905934E+00  0.15922722E+00
  0.17008623E+02 -0.12860400E+02 -0.25720799E-01  0.10000000E+01 -0.24237714E+00 -0.78280057E-01 -0.10001485E+01  0.38501899E-01 -0.98362967E+00  0.18507332E+00  0.12901818E+00
  0.17022916E+02 -0.12998468E+02 -0.25996936E-01  0.10000000E+01 -0.24634467E+00 -0.79932972E-01 -0.96766800E+00  0.40145031E-01 -0.95190218E+00  0.17853637E+00  0.11301891E+00
  0.17037209E+02 -0.13136430E+02 -0.26272859E-01  0.10000000E+01 -0.25178491E+00 -0.81841105E-01 -0.10929316E+01  0.42084565E-01 -0.10738960E+01  0.20740788E+00  0.15873052E+00
  0.17051502E+02 -0.13274284E+02 -0.26548569E-01  0.10000000E+01 -0.25784128E+00 -0.83850977E-01 -0.11506383E+01  0.44176991E-01 -0.11300391E+01  0.22120476E+00  0.17722411E+00
  0.17065794E+02 -0.13412030E+02 -0.26824061E-01  0.10000000E+01 -0.26317591E+00 -0.85747692E-01 -0.11073275E+01  0.46198168E-01 -0.10878433E+01  0.21190879E+00  0.15460978E+00
  0.17080087E+02 -0.13549667E+02 -0.27099334E-01  0.10000000E+01 -0.26836097E+00 -0.87598946E-01 -0.11029473E+01  0.48214497E-01 -0.10835453E+01  0.21153497E+00  0.14941000E+00
  0.17094380E+02 -0.13687193E+02 -0.27374386E-01  0.10000000E+01 -0.27347413E+00 -0.89439917E-01 -0.11076297E+01  0.50262335E-01 -0.10880684E+01  0.21325343E+00  0.14671220E+00
  0.17108673E+02 -0.13824607E+02 -0.27649213E-01  0.10000000E+01 -0.27726435E+00 -0.91018291E-01 -0.10055181E+01  0.52051978E-01 -0.98882788E+00  0.18972495E+00  0.10351929E+00
  0.17122966E+02 -0.13961908E+02 -0.27923815E-01  0.10000000E+01 -0.28174697E+00 -0.92723071E-01 -0.10701191E+01  0.54020114E-01 -0.10515377E+01  0.20577071E+00  0.12509123E+00
  0.17137259E+02 -0.14099095E+02 -0.28198189E-01  0.10000000E+01 -0.28662957E+00 -0.94488242E-01 -0.11082091E+01  0.56096455E-01 -0.10884903E+01  0.21555280E+00  0.13651792E+00
  0.17151552E+02 -0.14236166E+02 -0.28472333E-01  0.10000000E+01 -0.29214288E+00 -0.96346319E-01 -0.11647935E+01  0.58324380E-01 -0.11433661E+01  0.22991192E+00  0.15560000E+00
  0.17165845E+02 -0.14373122E+02 -0.28746243E-01  0.10000000E+01 -0.29865491E+00 -0.98395372E-01 -0.12587024E+01  0.60831597E-01 -0.12344052E+01  0.25352705E+00  0.18747031E+00
  0.17180138E+02 -0.14509960E+02 -0.29019919E-01  0.10000000E+01 -0.30712664E+00 -0.10082135E+00 -0.14353288E+01  0.63868227E-01 -0.14055498E+01  0.29778811E+00  0.25073275E+00
  0.17194431E+02 -0.14646679E+02 -0.29293358E-01  0.10000000E+01 -0.31441553E+00 -0.10305697E+00 -0.13599599E+01  0.66732078E-01 -0.13326397E+01  0.27931279E+00  0.21425036E+00
  0.17208724E+02 -0.14783279E+02 -0.29566557E-01  0.10000000E+01 -0.31673763E+00 -0.10439812E+00 -0.97270419E+00  0.68480229E-01 -0.95797929E+00  0.18198531E+00  0.57134638E-01
  0.17223017E+02 -0.14919757E+02 -0.29839515E-01  0.10000000E+01 -0.31838999E+00 -0.10556793E+00 -0.91544659E+00  0.70023510E-01 -0.90261314E+00  0.16803356E+00  0.34303947E-01
  0.17237310E+02 -0.15056114E+02 -0.30112229E-01  0.10000000E+01 -0.32382776E+00 -0.10739832E+00 -0.12201829E+01  0.72472767E-01 -0.11971222E+01  0.24697581E+00  0.15203651E+00
  0.17251603E+02 -0.15192348E+02 -0.30384696E-01  0.10000000E+01 -0.32993745E+00 -0.10934627E+00 -0.12817239E+01  0.75125578E-01 -0.12566170E+01  0.26338890E+00  0.17179038E+00
  0.17265896E+02 -0.15328458E+02 -0.30656916E-01  0.10000000E+01 -0.33510895E+00 -0.11113294E+00 -0.12196824E+01  0.77600679E-01 -0.11968076E+01  0.24758549E+00  0.14253159E+00
  0.17280189E+02 -0.15464443E+02 -0.30928885E-01  0.10000000E+01 -0.33943627E+00 -0.11275966E+00 -0.11607542E+01  0.79889078E-01 -0.11400321E+01  0.23250709E+00  0.11567833E+00
  0.17294482E+02 -0.15600301E+02 -0.31200601E-01  0.10000000E+01 -0.34562500E+00 -0.11471081E+00 -0.13185930E+01  0.82677739E-01 -0.12922516E+01  0.27497048E+00  0.17438600E+00
  0.17308775E+02 -0.15736031E+02 -0.31472063E-01  0.10000000E+01 -0.35347089E+00 -0.11697673E+00 -0.14671909E+01  0.85976324E-01 -0.14355199E+01  0.31515664E+00  0.22717600E+00
  0.17323068E+02 -0.15871633E+02 -0.31743267E-01  0.10000000E+01 -0.36202489E+00 -0.11948441E+00 -0.15621849E+01  0.89702053E-01 -0.15271615E+01  0.34094877E+00  0.25337644E+00
  0.17337361E+02 -0.16007106E+02 -0.32014211E-01  0.10000000E+01 -0.36719892E+00 -0.12130343E+00 -0.12898487E+01  0.92454073E-01 -0.12653328E+01  0.26681485E+00  0.14475938E+00
  0.17351654E+02 -0.16142447E+02 -0.32284895E-01  0.10000000E+01 -0.37415024E+00 -0.12346434E+00 -0.14504936E+01  0.95777387E-01 -0.14199343E+01  0.31127426E+00  0.20258401E+00
  0.17365947E+02 -0.16277657E+02 -0.32555314E-01  0.10000000E+01 -0.37543777E+00 -0.12459070E+00 -0.99877098E+00  0.97532898E-01 -0.98607264E+00  0.18632466E+00  0.20909373E-01
  0.17380240E+02 -0.16412734E+02 -0.32825467E-01  0.10000000E+01 -0.37958230E+00 -0.12619048E+00 -0.12292022E+01  0.10005368E+00 -0.12073843E+01  0.25134020E+00  0.11107077E+00
  0.17394533E+02 -0.16547676E+02 -0.33095352E-01  0.10000000E+01 -0.38856243E+00 -0.12865535E+00 -0.16246461E+01  0.10400054E+00 -0.15869790E+01  0.36302732E+00  0.26247468E+00
  0.17408826E+02 -0.16682483E+02 -0.33364967E-01  0.10000000E+01 -0.39385448E+00 -0.13046354E+00 -0.13419628E+01  0.10694443E+00 -0.13161803E+01  0.28279100E+00  0.14520392E+00
  0.17423118E+02 -0.16817154E+02 -0.33634309E-01  0.10000000E+01 -0.40009138E+00 -0.13245756E+00 -0.14360105E+01  0.11023853E+00 -0.14064905E+01  0.30994032E+00  0.17746579E+00
  0.17437411E+02 -0.16951688E+02 -0.33903376E-01  0.10000000E+01 -0.40983566E+00 -0.13511350E+00 -0.17376596E+01  0.11470369E+00 -0.16956036E+01  0.39692124E+00  0.28953387E+00
  0.17451704E+02 -0.17086083E+02 -0.34172166E-01  0.10000000E+01 -0.41253461E+00 -0.13649901E+00 -0.11825690E+01  0.11706818E+00 -0.11647712E+01  0.23554712E+00  0.65435895E-01
  0.17465997E+02 -0.17220338E+02 -0.34440677E-01  0.10000000E+01 -0.41318413E+00 -0.13748379E+00 -0.10203701E+01  0.11876347E+00 -0.10097899E+01  0.18863794E+00  0.61333107E-03
  0.17480290E+02 -0.17354453E+02 -0.34708906E-01  0.10000000E+01 -0.42100224E+00 -0.13972234E+00 -0.15948312E+01  0.12266243E+00 -0.15588189E+01  0.35863110E+00  0.22556297E+00
  0.17494583E+02 -0.17488426E+02 -0.34976852E-01  0.10000000E+01 -0.42898660E+00 -0.14201195E+00 -0.16221650E+01  0.12671547E+00 -0.15852644E+01  0.36662352E+00  0.22952081E+00
  0.17508876E+02 -0.17622256E+02 -0.35244512E-01  0.10000000E+01 -0.43698165E+00 -0.14433524E+00 -0.16472306E+01  0.13089547E+00 -0.16095585E+01  0.37392984E+00  0.23262953E+00
  0.17523169E+02 -0.17755942E+02 -0.35511884E-01  0.10000000E+01 -0.43913080E+00 -0.14559601E+00 -0.11864631E+01  0.13319222E+00 -0.11705636E+01  0.23497993E+00  0.46938674E-01
  0.17537462E+02 -0.17889483E+02 -0.35778966E-01  0.10000000E+01 -0.44809785E+00 -0.14810650E+00 -0.17522337E+01  0.13782504E+00 -0.17098519E+01  0.40709324E+00  0.26529025E+00
  0.17551755E+02 -0.18022878E+02 -0.36045755E-01  0.10000000E+01 -0.46085256E+00 -0.15128759E+00 -0.20688980E+01  0.14380914E+00 -0.20118776E+01  0.50335741E+00  0.38389058E+00
  0.17566048E+02 -0.18156125E+02 -0.36312250E-01  0.10000000E+01 -0.45956633E+00 -0.15196504E+00 -0.95821748E+00  0.14509996E+00 -0.95572295E+00  0.16071207E+00 -0.60682616E-01
  0.17580341E+02 -0.18289224E+02 -0.36578448E-01  0.10000000E+01 -0.46291788E+00 -0.15347923E+00 -0.13423694E+01  0.14800593E+00 -0.13210052E+01  0.28072482E+00  0.89362731E-01
  0.17594634E+02 -0.18422174E+02 -0.36844347E-01  0.10000000E+01 -0.46658192E+00 -0.15498261E+00 -0.13528507E+01  0.15091966E+00 -0.13312153E+01  0.28433721E+00  0.92750875E-01
  0.17608927E+02 -0.18554973E+02 -0.37109945E-01  0.10000000E+01 -0.47237190E+00 -0.15685853E+00 -0.15305786E+01  0.15459526E+00 -0.15002117E+01  0.34049292E+00  0.15963050E+00
  0.17623220E+02 -0.18687620E+02 -0.37375240E-01  0.10000000E+01 -0.47881166E+00 -0.15883837E+00 -0.15902699E+01  0.15852244E+00 -0.15572221E+01  0.35937068E+00  0.17931478E+00
  0.17637513E+02 -0.18820115E+02 -0.37640230E-01  0.10000000E+01 -0.48313119E+00 -0.16045216E+00 -0.14339263E+01  0.16175996E+00 -0.14094464E+01  0.30947015E+00  0.11263933E+00
  0.17651806E+02 -0.18952456E+02 -0.37904912E-01  0.10000000E+01 -0.48930267E+00 -0.16240782E+00 -0.15958241E+01  0.16572718E+00 -0.15631374E+01  0.36155442E+00  0.17225562E+00
  0.17666099E+02 -0.19084642E+02 -0.38169284E-01  0.10000000E+01 -0.49600249E+00 -0.16443403E+00 -0.16439533E+01  0.16988822E+00 -0.16091434E+01  0.37696395E+00  0.18780462E+00
  0.17680392E+02 -0.19216672E+02 -0.38433344E-01  0.10000000E+01 -0.50157073E+00 -0.16627403E+00 -0.15685623E+01  0.17371157E+00 -0.15383386E+01  0.35224637E+00  0.15272758E+00
  0.17694685E+02 -0.19348545E+02 -0.38697090E-01  0.10000000E+01 -0.50896056E+00 -0.16844016E+00 -0.17278071E+01  0.17826710E+00 -0.16892839E+01  0.40424791E+00  0.21128097E+00
  0.17708978E+02 -0.19480260E+02 -0.38960520E-01  0.10000000E+01 -0.51762801E+00 -0.17087955E+00 -0.18527829E+01  0.18346788E+00 -0.18079063E+01  0.44490438E+00  0.25311688E+00
  0.17723271E+02 -0.19611816E+02 -0.39223632E-01  0.10000000E+01 -0.52608221E+00 -0.17329767E+00 -0.18556468E+01  0.18869714E+00 -0.18113329E+01  0.44508967E+00  0.24787109E+00
  0.17737564E+02 -0.19743212E+02 -0.39486423E-01  0.10000000E+01 -0.52622384E+00 -0.17421368E+00 -0.11963476E+01  0.19069723E+00 -0.11904401E+01  0.22464516E+00 -0.16067860E-01
  0.17751857E+02 -0.19874446E+02 -0.39748892E-01  0.10000000E+01 -0.53187038E+00 -0.17610868E+00 -0.16457230E+01  0.19486840E+00 -0.16139510E+01  0.37621824E+00  0.15936017E+00
  0.17766150E+02 -0.20005518E+02 -0.40011035E-01  0.10000000E+01 -0.53816288E+00 -0.17808480E+00 -0.16951136E+01  0.19926617E+00 -0.16610010E+01  0.39267402E+00  0.17572407E+00
  0.17780442E+02 -0.20136426E+02 -0.40272852E-01  0.10000000E+01 -0.54395252E+00 -0.17997012E+00 -0.16668746E+01  0.20350764E+00 -0.16350467E+01  0.38276434E+00  0.16029605E+00
  0.17794735E+02 -0.20267170E+02 -0.40534340E-01  0.10000000E+01 -0.55112808E+00 -0.18211790E+00 -0.17932351E+01  0.20839398E+00 -0.17543988E+01  0.42568159E+00  0.20508371E+00
  0.17809028E+02 -0.20397748E+02 -0.40795496E-01  0.10000000E+01 -0.56197111E+00 -0.18497970E+00 -0.21143693E+01  0.21499483E+00 -0.20567225E+01  0.53541842E+00  0.32353882E+00
  0.17823321E+02 -0.20528159E+02 -0.41056319E-01  0.10000000E+01 -0.56657996E+00 -0.18673341E+00 -0.16303142E+01  0.21909071E+00 -0.16036172E+01  0.36652010E+00  0.12621291E+00
  0.17837614E+02 -0.20658403E+02 -0.41316806E-01  0.10000000E+01 -0.56904169E+00 -0.18810637E+00 -0.14706873E+01  0.22232428E+00 -0.14545577E+01  0.31082313E+00  0.59790135E-01
  0.17851907E+02 -0.20788478E+02 -0.41576956E-01  0.10000000E+01 -0.57211617E+00 -0.18954997E+00 -0.15158589E+01  0.22574976E+00 -0.14972949E+01  0.32695429E+00  0.76443671E-01
  0.17866200E+02 -0.20918383E+02 -0.41836766E-01  0.10000000E+01 -0.57567673E+00 -0.19000000E+00 -0.17013961E+01  0.22682300E+00 -0.16702414E+01  0.39558952E+00  0.15007635E+00
  0.17880493E+02 -0.21048117E+02 -0.42096235E-01  0.10000000E+01 -0.57809392E+00 -0.19000000E+00 -0.17576310E+01  0.22682300E+00 -0.17218243E+01  0.41956728E+00  0.16388179E+00
  0.17894786E+02 -0.21177680E+02 -0.42355359E-01  0.10000000E+01 -0.57918727E+00 -0.19000000E+00 -0.18204424E+01  0.22682300E+00 -0.17794405E+01  0.44615106E+00  0.17391351E+00
  0.17909079E+02 -0.21307069E+02 -0.42614137E-01  0.10000000E+01 -0.57858526E+00 -0.19000000E+00 -0.18406648E+01  0.22682300E+00 -0.17972685E+01  0.45751650E+00  0.16710047E+00
  0.17923372E+02 -0.21436284E+02 -0.42872567E-01  0.10000000E+01 -0.57684357E+00 -0.19000000E+00 -0.19073656E+01  0.22682300E+00 -0.18583189E+01  0.48594547E+00  0.17892011E+00
  0.17937665E+02 -0.21565323E+02 -0.43130647E-01  0.10000000E+01 -0.57148953E+00 -0.19000000E+00 -0.16905145E+01  0.22682300E+00 -0.16555484E+01  0.41042332E+00  0.78201764E-01
  0.17951958E+02 -0.21694187E+02 -0.43388374E-01  0.10000000E+01 -0.56464224E+00 -0.19000000E+00 -0.16453551E+01  0.22682300E+00 -0.16126604E+01  0.39745247E+00  0.50410705E-01
  0.17966251E+02 -0.21822873E+02 -0.43645747E-01  0.10000000E+01 -0.55687268E+00 -0.19000000E+00 -0.16414341E+01  0.22682300E+00 -0.16081237E+01  0.39961594E+00  0.40415341E-01
  0.17980544E+02 -0.21951381E+02 -0.43902762E-01  0.10000000E+01 -0.54830837E+00 -0.19000000E+00 -0.16497091E+01  0.22682300E+00 -0.16148984E+01  0.40631510E+00  0.35226545E-01
  0.17994837E+02 -0.22079710E+02 -0.44159420E-01  0.10000000E+01 -0.53869311E+00 -0.19000000E+00 -0.16215801E+01  0.22682300E+00 -0.15879183E+01  0.39935751E+00  0.16495896E-01
  0.18009130E+02 -0.22207858E+02 -0.44415716E-01  0.10000000E+01 -0.52925532E+00 -0.19000000E+00 -0.17186515E+01  0.22682300E+00 -0.16768915E+01  0.43959789E+00  0.48292957E-01
  0.18023423E+02 -0.22335825E+02 -0.44671649E-01  0.10000000E+01 -0.51988316E+00 -0.19000000E+00 -0.18275258E+01  0.22682300E+00 -0.17766112E+01  0.48471802E+00  0.82176542E-01
  0.18037716E+02 -0.22463609E+02 -0.44927218E-01  0.10000000E+01 -0.50939312E+00 -0.19000000E+00 -0.18289844E+01  0.22682300E+00 -0.17768738E+01  0.48923647E+00  0.71086267E-01
  0.18052009E+02 -0.22591210E+02 -0.45182419E-01  0.10000000E+01 -0.49718716E+00 -0.19000000E+00 -0.17532171E+01  0.22682300E+00 -0.17058261E+01  0.46408612E+00  0.30262004E-01
  0.18066302E+02 -0.22718626E+02 -0.45437251E-01  0.10000000E+01 -0.48487947E+00 -0.19000000E+00 -0.18342452E+01  0.22682300E+00 -0.17795313E+01  0.49917200E+00  0.53088053E-01
  0.18080595E+02 -0.22845856E+02 -0.45691712E-01  0.10000000E+01 -0.47246196E+00 -0.19000000E+00 -0.19221136E+01  0.22682300E+00 -0.18593938E+01  0.53723755E+00  0.77852926E-01
  0.18094888E+02 -0.22972900E+02 -0.45945799E-01  0.10000000E+01 -0.45878828E+00 -0.19000000E+00 -0.19008043E+01  0.22682300E+00 -0.18385787E+01  0.53304220E+00  0.57291162E-01
  0.18109181E+02 -0.23099756E+02 -0.46199511E-01  0.10000000E+01 -0.44352091E+00 -0.19000000E+00 -0.18265245E+01  0.22682300E+00 -0.17690698E+01  0.50796918E+00  0.16983110E-01
  0.18123474E+02 -0.23226423E+02 -0.46452846E-01  0.10000000E+01 -0.42565455E+00 -0.19000000E+00 -0.16117156E+01  0.22682300E+00 -0.15705431E+01  0.42716565E+00 -0.76524707E-01
  0.18137767E+02 -0.23352900E+02 -0.46705800E-01  0.10000000E+01 -0.40865693E+00 -0.19000000E+00 -0.17286125E+01  0.22682300E+00 -0.16769170E+01  0.47696863E+00 -0.33888365E-01
  0.18152059E+02 -0.23479187E+02 -0.46958374E-01  0.10000000E+01 -0.39236555E+00 -0.19000000E+00 -0.18464143E+01  0.22682300E+00 -0.17839100E+01  0.52759769E+00  0.74213732E-02
  0.18166352E+02 -0.23605282E+02 -0.47210563E-01  0.10000000E+01 -0.37531923E+00 -0.19000000E+00 -0.18350461E+01  0.22682300E+00 -0.17723277E+01  0.52697019E+00 -0.57644098E-02
  0.18180645E+02 -0.23731183E+02 -0.47462367E-01  0.10000000E+01 -0.35751363E+00 -0.19000000E+00 -0.18078602E+01  0.22682300E+00 -0.17462783E+01  0.51992258E+00 -0.23557285E-01
  0.18194938E+02 -0.23856891E+02 -0.47713783E-01  0.10000000E+01 -0.33969798E+00 -0.19000000E+00 -0.18574263E+01  0.22682300E+00 -0.17904644E+01  0.54379985E+00 -0.10908176E-01
  0.18209231E+02 -0.23982404E+02 -0.47964808E-01  0.10000000E+01 -0.32152632E+00 -0.19000000E+00 -0.18745473E+01  0.22682300E+00 -0.18049119E+01  0.55467973E+00 -0.11725773E-01
  0.18223524E+02 -0.24107721E+02 -0.48215442E-01  0.10000000E+01 -0.30325974E+00 -0.19000000E+00 -0.19267005E+01  0.22682300E+00 -0.18512987E+01  0.57992823E+00  0.11027172E-03
  0.18237817E+02 -0.24232841E+02 -0.48465682E-01  0.10000000E+01 -0.28389022E+00 -0.19000000E+00 -0.18585028E+01  0.22682300E+00 -0.17878394E+01  0.55597817E+00 -0.34141088E-01
  0.18252110E+02 -0.24357763E+02 -0.48715526E-01  0.10000000E+01 -0.26384084E+00 -0.19000000E+00 -0.18198879E+01  0.22682300E+00 -0.17514452E+01  0.54394882E+00 -0.55401022E-01
  0.18266403E+02 -0.24482486E+02 -0.48964972E-01  0.10000000E+01 -0.24432272E+00 -0.19000000E+00 -0.19104263E+01  0.22682300E+00 -0.18326549E+01  0.58528057E+00 -0.25868688E-01
  0.18280696E+02 -0.24607009E+02 -0.49214018E-01  0.10000000E+01 -0.22495931E+00 -0.19000000E+00 -0.19522592E+01  0.22682300E+00 -0.18694124E+01  0.60668106E+00 -0.13299238E-01
  0.18294989E+02 -0.24731331E+02 -0.49462662E-01  0.10000000E+01 -0.20478647E+00 -0.19000000E+00 -0.19277340E+01  0.22682300E+00 -0.18458159E+01  0.60047546E+00 -0.33232634E-01
  0.18309282E+02 -0.24855450E+02 -0.49710901E-01  0.10000000E+01 -0.18411353E+00 -0.19000000E+00 -0.19141732E+01  0.22682300E+00 -0.18322061E+01  0.59877263E+00 -0.45479611E-01
  0.18323575E+02 -0.24979367E+02 -0.49958734E-01  0.10000000E+01 -0.16321596E+00 -0.19000000E+00 -0.19001069E+01  0.22682300E+00 -0.18181562E+01  0.59679373E+00 -0.54230057E-01
  0.18337868E+02 -0.25103080E+02 -0.50206159E-01  0.10000000E+01 -0.14256590E+00 -0.19000000E+00 -0.19658959E+01  0.22682300E+00 -0.18764384E+01  0.62862896E+00 -0.35688462E-01
  0.18352161E+02 -0.25226587E+02 -0.50453174E-01  0.10000000E+01 -0.12228469E+00 -0.19000000E+00 -0.20163141E+01  0.22682300E+00 -0.19206887E+01  0.65416054E+00 -0.18503641E-01
  0.18366454E+02 -0.25349888E+02 -0.50699776E-01  0.10000000E+01 -0.10165592E+00 -0.19000000E+00 -0.20363848E+01  0.22682300E+00 -0.19374146E+01  0.66688555E+00 -0.19363523E-01
  0.18380747E+02 -0.25472982E+02 -0.50945964E-01  0.10000000E+01 -0.80638542E-01 -0.19000000E+00 -0.20151931E+01  0.22682300E+00 -0.19168458E+01  0.66193210E+00 -0.32950681E-01
  0.18395040E+02 -0.25595868E+02 -0.51191736E-01  0.10000000E+01 -0.59404605E-01 -0.19000000E+00 -0.20122380E+01  0.22682300E+00 -0.19127566E+01  0.66476509E+00 -0.36883245E-01
  0.18409333E+02 -0.25718545E+02 -0.51437090E-01  0.10000000E+01 -0.38309680E-01 -0.19000000E+00 -0.20188553E+01  0.22682300E+00 -0.19172907E+01  0.67173060E+00 -0.34621321E-01
  0.18423626E+02 -0.25841011E+02 -0.51682023E-01  0.10000000E+01 -0.16847762E-01 -0.19000000E+00 -0.20656311E+01  0.22682300E+00 -0.19579490E+01  0.69621555E+00 -0.33122431E-01
  0.18437919E+02 -0.25963267E+02 -0.51926534E-01  0.10000000E+01  0.47285850E-02 -0.19000000E+00 -0.19709151E+01  0.22682300E+00 -0.18713022E+01  0.65892560E+00 -0.58734540E-01
  0.18452212E+02 -0.26085310E+02 -0.52170620E-01  0.10000000E+01  0.26284727E-01 -0.19000000E+00 -0.20275704E+01  0.22682300E+00 -0.19207788E+01  0.68782191E+00 -0.46390897E-01
  0.18466505E+02 -0.26207140E+02 -0.52414280E-01  0.10000000E+01  0.47743676E-01 -0.19000000E+00 -0.19864520E+01  0.22682300E+00 -0.18824204E+01  0.67374598E+00 -0.57114909E-01
  0.18480798E+02 -0.26328756E+02 -0.52657512E-01  0.10000000E+01  0.69079521E-01 -0.19000000E+00 -0.20562040E+01  0.22682300E+00 -0.19435023E+01  0.70867655E+00 -0.40173128E-01
  0.18495091E+02 -0.26450157E+02 -0.52900314E-01  0.10000000E+01  0.90350923E-01 -0.19000000E+00 -0.21502004E+01  0.22682300E+00 -0.20261534E+01  0.75466071E+00 -0.16900455E-01
  0.18509383E+02 -0.26571342E+02 -0.53142683E-01  0.10000000E+01  0.11167507E+00 -0.19000000E+00 -0.21131677E+01  0.22682300E+00 -0.19914315E+01  0.74237932E+00 -0.27737083E-01
  0.18523676E+02 -0.26692309E+02 -0.53384618E-01  0.10000000E+01  0.13307080E+00 -0.19000000E+00 -0.21607478E+01  0.22682300E+00 -0.20323693E+01  0.76795511E+00 -0.14510717E-01
  0.18537969E+02 -0.26813059E+02 -0.53626117E-01  0.10000000E+01  0.15462611E+00 -0.19000000E+00 -0.20518716E+01  0.22682300E+00 -0.19335761E+01  0.72312457E+00 -0.44896158E-01
  0.18552262E+02 -0.26933589E+02 -0.53867178E-01  0.10000000E+01  0.17632571E+00 -0.19000000E+00 -0.21243909E+01  0.22682300E+00 -0.19967040E+01  0.76003871E+00 -0.31738956E-01
  0.18566555E+02 -0.27053899E+02 -0.54107798E-01  0.10000000E+01  0.19811434E+00 -0.19000000E+00 -0.20760357E+01  0.22682300E+00 -0.19520395E+01  0.74223640E+00 -0.47411289E-01
  0.18580848E+02 -0.27173988E+02 -0.54347976E-01  0.10000000E+01  0.21997546E+00 -0.19000000E+00 -0.21977015E+01  0.22682300E+00 -0.20587163E+01  0.80189018E+00 -0.22626060E-01
  0.18595141E+02 -0.27293855E+02 -0.54587711E-01  0.10000000E+01  0.24161859E+00 -0.19000000E+00 -0.20437068E+01  0.22682300E+00 -0.19201842E+01  0.73558047E+00 -0.53389472E-01
  0.18609434E+02 -0.27413499E+02 -0.54826999E-01  0.10000000E+01  0.26312115E+00 -0.19000000E+00 -0.21263344E+01  0.22682300E+00 -0.19919931E+01  0.77763105E+00 -0.33678514E-01
  0.18623727E+02 -0.27532919E+02 -0.55065839E-01  0.10000000E+01  0.28473646E+00 -0.19000000E+00 -0.21220693E+01  0.22682300E+00 -0.19865860E+01  0.77980966E+00 -0.42649546E-01
  0.18638020E+02 -0.27652114E+02 -0.55304229E-01  0.10000000E+01  0.30627359E+00 -0.19000000E+00 -0.21982249E+01  0.22682300E+00 -0.20524166E+01  0.81928470E+00 -0.20734245E-01
  0.18652313E+02 -0.27771084E+02 -0.55542167E-01  0.10000000E+01  0.32793433E+00 -0.19000000E+00 -0.21489129E+01  0.22682300E+00 -0.20070790E+01  0.80056816E+00 -0.40539317E-01
  0.18666606E+02 -0.27889826E+02 -0.55779652E-01  0.10000000E+01  0.34957014E+00 -0.19000000E+00 -0.22594420E+01  0.22682300E+00 -0.21031066E+01  0.85642851E+00 -0.11203830E-01
  0.18680899E+02 -0.28008340E+02 -0.56016680E-01  0.10000000E+01  0.37131105E+00 -0.19000000E+00 -0.22191179E+01  0.22682300E+00 -0.20657292E+01  0.84184065E+00 -0.25382911E-01
  0.18695192E+02 -0.28126625E+02 -0.56253251E-01  0.10000000E+01  0.39285023E+00 -0.19000000E+00 -0.21925344E+01  0.22682300E+00 -0.20405427E+01  0.83357145E+00 -0.25386433E-01
  0.18709485E+02 -0.28244681E+02 -0.56489362E-01  0.10000000E+01  0.41414149E+00 -0.19000000E+00 -0.21124234E+01  0.22682300E+00 -0.19682483E+01  0.79986259E+00 -0.41666767E-01
  0.18723778E+02 -0.28362506E+02 -0.56725012E-01  0.10000000E+01  0.43539783E+00 -0.19000000E+00 -0.22694244E+01  0.22682300E+00 -0.21047538E+01  0.87849154E+00 -0.85167839E-02
  0.18738071E+02 -0.28480099E+02 -0.56960198E-01  0.10000000E+01  0.45670124E+00 -0.19000000E+00 -0.22563847E+01  0.22682300E+00 -0.20914847E+01  0.87659143E+00 -0.15099103E-01
  0.18752364E+02 -0.28597459E+02 -0.57194918E-01  0.10000000E+01  0.47783235E+00 -0.19000000E+00 -0.22301145E+01  0.22682300E+00 -0.20666194E+01  0.86829931E+00 -0.18063049E-01
  0.18766657E+02 -0.28714586E+02 -0.57429171E-01  0.10000000E+01  0.49875051E+00 -0.19000000E+00 -0.23206754E+01  0.22682300E+00 -0.21442641E+01  0.91603183E+00  0.68204838E-02
  0.18780950E+02 -0.28831478E+02 -0.57662955E-01  0.10000000E+01  0.51948269E+00 -0.19000000E+00 -0.22520568E+01  0.22682300E+00 -0.20822780E+01  0.88731426E+00 -0.13263700E-01
  0.18795243E+02 -0.28948134E+02 -0.57896268E-01  0.10000000E+01  0.53928193E+00 -0.19000000E+00 -0.23509572E+01  0.22682300E+00 -0.21670107E+01  0.93942157E+00  0.21464149E-01
  0.18809536E+02 -0.29064554E+02 -0.58129107E-01  0.10000000E+01  0.55818838E+00 -0.19000000E+00 -0.22114832E+01  0.22682300E+00 -0.20431870E+01  0.87606707E+00 -0.54123964E-02
  0.18823829E+02 -0.29180736E+02 -0.58361472E-01  0.10000000E+01  0.57669125E+00 -0.19000000E+00 -0.24539870E+01  0.22682300E+00 -0.22531330E+01  0.99844498E+00  0.54851774E-01
  0.18838122E+02 -0.29296680E+02 -0.58593360E-01  0.10000000E+01  0.59540288E+00 -0.19000000E+00 -0.23091597E+01  0.22682300E+00 -0.21248044E+01  0.93213375E+00  0.24354523E-01
  0.18852415E+02 -0.29412384E+02 -0.58824769E-01  0.10000000E+01  0.61390713E+00 -0.19000000E+00 -0.23592504E+01  0.22682300E+00 -0.21665521E+01  0.96102189E+00  0.29554430E-01
  0.18866707E+02 -0.29527848E+02 -0.59055697E-01  0.10000000E+01  0.63213155E+00 -0.19000000E+00 -0.22966250E+01  0.22682300E+00 -0.21101197E+01  0.93452135E+00  0.23430740E-01
  0.18881000E+02 -0.29643071E+02 -0.59286142E-01  0.10000000E+01  0.64966250E+00 -0.19000000E+00 -0.24975417E+01  0.22682300E+00 -0.22828574E+01  0.10381354E+01  0.72283028E-01
  0.18895293E+02 -0.29758052E+02 -0.59516104E-01  0.10000000E+01  0.66645787E+00 -0.19000000E+00 -0.24307734E+01  0.22682300E+00 -0.22228060E+01  0.10095748E+01  0.60945479E-01
  0.18909586E+02 -0.29872789E+02 -0.59745578E-01  0.10000000E+01  0.68365671E+00 -0.19000000E+00 -0.23763559E+01  0.22682300E+00 -0.21735926E+01  0.98692004E+00  0.43462355E-01
  0.18923879E+02 -0.29987283E+02 -0.59974565E-01  0.10000000E+01  0.70071398E+00 -0.19000000E+00 -0.25176086E+01  0.22682300E+00 -0.22939602E+01  0.10618607E+01  0.79085429E-01
  0.18938172E+02 -0.30101531E+02 -0.60203062E-01  0.10000000E+01  0.71460623E+00 -0.19000000E+00 -0.24830898E+01  0.22682300E+00 -0.22619748E+01  0.10491204E+01  0.98390721E-01
  0.18952465E+02 -0.30215533E+02 -0.60431066E-01  0.10000000E+01  0.72752089E+00 -0.19000000E+00 -0.25082946E+01  0.22682300E+00 -0.22816633E+01  0.10663034E+01  0.11036455E+00
  0.18966758E+02 -0.30329288E+02 -0.60658577E-01  0.10000000E+01  0.74319429E+00 -0.19000000E+00 -0.25063015E+01  0.22682300E+00 -0.22778215E+01  0.10698249E+01  0.87838190E-01
  0.18981051E+02 -0.30442796E+02 -0.60885592E-01  0.10000000E+01  0.76032995E+00 -0.19000000E+00 -0.24516241E+01  0.22682300E+00 -0.22285583E+01  0.10466315E+01  0.70802401E-01
  0.18995344E+02 -0.30556055E+02 -0.61112109E-01  0.10000000E+01  0.77661351E+00 -0.19000000E+00 -0.25460302E+01  0.22682300E+00 -0.23077811E+01  0.10990290E+01  0.95794638E-01
  0.19009637E+02 -0.30669064E+02 -0.61338128E-01  0.10000000E+01  0.79087564E+00 -0.19000000E+00 -0.25413078E+01  0.22682300E+00 -0.23015470E+01  0.11011699E+01  0.11126865E+00
  0.19023930E+02 -0.30781822E+02 -0.61563645E-01  0.10000000E+01  0.80510869E+00 -0.19000000E+00 -0.25730714E+01  0.22682300E+00 -0.23266643E+01  0.11219529E+01  0.12429266E+00
  0.19038223E+02 -0.30894329E+02 -0.61788658E-01  0.10000000E+01  0.82050858E+00 -0.19000000E+00 -0.24624240E+01  0.22682300E+00 -0.22295084E+01  0.10697068E+01  0.83141755E-01
  0.19052516E+02 -0.31006584E+02 -0.62013167E-01  0.10000000E+01  0.83578290E+00 -0.19000000E+00 -0.26410305E+01  0.22682300E+00 -0.23804934E+01  0.11660796E+01  0.13084322E+00
  0.19066809E+02 -0.31118585E+02 -0.62237170E-01  0.10000000E+01  0.84973228E+00 -0.19000000E+00 -0.26600404E+01  0.22682300E+00 -0.23944838E+01  0.11805552E+01  0.14130748E+00
  0.19081102E+02 -0.31230332E+02 -0.62460663E-01  0.10000000E+01  0.86189339E+00 -0.19000000E+00 -0.25880940E+01  0.22682300E+00 -0.23306562E+01  0.11479203E+01  0.14174674E+00
  0.19095395E+02 -0.31341823E+02 -0.62683647E-01  0.10000000E+01  0.87177574E+00 -0.19000000E+00 -0.26441096E+01  0.22682300E+00 -0.23762598E+01  0.11815895E+01  0.17775470E+00
  0.19109688E+02 -0.31453059E+02 -0.62906118E-01  0.10000000E+01  0.88025399E+00 -0.19000000E+00 -0.26894958E+01  0.22682300E+00 -0.24126789E+01  0.12098831E+01  0.19462798E+00
  0.19123981E+02 -0.31564037E+02 -0.63128075E-01  0.10000000E+01  0.89136501E+00 -0.19000000E+00 -0.27813589E+01  0.22682300E+00 -0.24886033E+01  0.12626399E+01  0.19426971E+00
  0.19138274E+02 -0.31674758E+02 -0.63349516E-01  0.10000000E+01  0.90445918E+00 -0.19000000E+00 -0.25638352E+01  0.22682300E+00 -0.23010368E+01  0.11532256E+01  0.13214642E+00
  0.19152567E+02 -0.31785220E+02 -0.63570439E-01  0.10000000E+01  0.91419836E+00 -0.19000000E+00 -0.28052179E+01  0.22682300E+00 -0.25039914E+01  0.12848048E+01  0.21434509E+00
  0.19166860E+02 -0.31895422E+02 -0.63790843E-01  0.10000000E+01  0.92505777E+00 -0.19000000E+00 -0.27397957E+01  0.22682300E+00 -0.24459713E+01  0.12550514E+01  0.18562694E+00
  0.19181153E+02 -0.32005363E+02 -0.64010726E-01  0.10000000E+01  0.94055478E+00 -0.19000000E+00 -0.26808284E+01  0.22682300E+00 -0.23935543E+01  0.12284899E+01  0.14142801E+00
  0.19195446E+02 -0.32115043E+02 -0.64230086E-01  0.10000000E+01  0.95614582E+00 -0.19000000E+00 -0.26072016E+01  0.22682300E+00 -0.23288377E+01  0.11939280E+01  0.12668679E+00
  0.19209739E+02 -0.32224460E+02 -0.64448920E-01  0.10000000E+01  0.96855515E+00 -0.19000000E+00 -0.27052588E+01  0.22682300E+00 -0.24095064E+01  0.12506610E+01  0.17843976E+00
  0.19224031E+02 -0.32333614E+02 -0.64667229E-01  0.10000000E+01  0.97945957E+00 -0.19000000E+00 -0.28037291E+01  0.22682300E+00 -0.24903217E+01  0.13079157E+01  0.20925510E+00
  0.19238324E+02 -0.32442504E+02 -0.64885008E-01  0.10000000E+01  0.99182793E+00 -0.19000000E+00 -0.27294940E+01  0.22682300E+00 -0.24251822E+01  0.12728225E+01  0.18827171E+00
  0.19252617E+02 -0.32551129E+02 -0.65102258E-01  0.10000000E+01  0.10072905E+01 -0.19000000E+00 -0.27360674E+01  0.22682300E+00 -0.24283056E+01  0.12809548E+01  0.16361720E+00
  0.19266910E+02 -0.32659488E+02 -0.65318975E-01  0.10000000E+01  0.10227327E+01 -0.19000000E+00 -0.26844925E+01  0.22682300E+00 -0.23824582E+01  0.12577129E+01  0.14838355E+00
  0.19281203E+02 -0.32767580E+02 -0.65535159E-01  0.10000000E+01  0.10358325E+01 -0.19000000E+00 -0.27105176E+01  0.22682300E+00 -0.24019650E+01  0.12762909E+01  0.17986242E+00
  0.19295496E+02 -0.32875404E+02 -0.65750807E-01  0.10000000E+01  0.10457702E+01 -0.19000000E+00 -0.27479540E+01  0.22682300E+00 -0.24310000E+01  0.13011299E+01  0.20858728E+00
  0.19309789E+02 -0.32982959E+02 -0.65965918E-01  0.10000000E+01  0.10534027E+01 -0.19000000E+00 -0.26946704E+01  0.22682300E+00 -0.23838572E+01  0.12766840E+01  0.21095047E+00
  0.19324082E+02 -0.33090245E+02 -0.66180490E-01  0.10000000E+01  0.10567849E+01 -0.19000000E+00 -0.29979142E+01  0.22682300E+00 -0.26355236E+01  0.14467043E+01  0.33587408E+00
  0.19338375E+02 -0.33197261E+02 -0.66394521E-01  0.10000000E+01  0.10631724E+01 -0.19000000E+00 -0.30689145E+01  0.22682300E+00 -0.26922293E+01  0.14904987E+01  0.34215373E+00
  0.19352668E+02 -0.33304005E+02 -0.66608010E-01  0.10000000E+01  0.10769602E+01 -0.19000000E+00 -0.27758114E+01  0.22682300E+00 -0.24444813E+01  0.13345744E+01  0.19830977E+00
  0.19366961E+02 -0.33410477E+02 -0.66820954E-01  0.10000000E+01  0.10920712E+01 -0.19000000E+00 -0.28367487E+01  0.22682300E+00 -0.24928643E+01  0.13726687E+01  0.20872779E+00
  0.19381254E+02 -0.33516676E+02 -0.67033353E-01  0.10000000E+01  0.11065483E+01 -0.19000000E+00 -0.27750981E+01  0.22682300E+00 -0.24389161E+01  0.13432448E+01  0.19949740E+00
  0.19395547E+02 -0.33622602E+02 -0.67245203E-01  0.10000000E+01  0.11207466E+01 -0.19000000E+00 -0.27880274E+01  0.22682300E+00 -0.24471949E+01  0.13549106E+01  0.20271168E+00
  0.19409840E+02 -0.33728252E+02 -0.67456504E-01  0.10000000E+01  0.11344701E+01 -0.19000000E+00 -0.29032009E+01  0.22682300E+00 -0.25404799E+01  0.14233714E+01  0.24182062E+00
  0.19424133E+02 -0.33833627E+02 -0.67667254E-01  0.10000000E+01  0.11478045E+01 -0.19000000E+00 -0.27623488E+01  0.22682300E+00 -0.24208579E+01  0.13496172E+01  0.21561189E+00
  0.19438426E+02 -0.33938725E+02 -0.67877451E-01  0.10000000E+01  0.11606119E+01 -0.19000000E+00 -0.28361547E+01  0.22682300E+00 -0.24796102E+01  0.13952618E+01  0.23264677E+00
  0.19452719E+02 -0.34043546E+02 -0.68087093E-01  0.10000000E+01  0.11727454E+01 -0.19000000E+00 -0.29794747E+01  0.22682300E+00 -0.25958102E+01  0.14800297E+01  0.28065691E+00
  0.19467012E+02 -0.34148089E+02 -0.68296179E-01  0.10000000E+01  0.11838774E+01 -0.19000000E+00 -0.28823331E+01  0.22682300E+00 -0.25127119E+01  0.14302347E+01  0.26400897E+00
  0.19481305E+02 -0.34252353E+02 -0.68504706E-01  0.10000000E+01  0.11926081E+01 -0.19000000E+00 -0.28834288E+01  0.22682300E+00 -0.25110108E+01  0.14354215E+01  0.28811659E+00
  0.19495598E+02 -0.34356337E+02 -0.68712674E-01  0.10000000E+01  0.11961983E+01 -0.19000000E+00 -0.30099843E+01  0.22682300E+00 -0.26128787E+01  0.15113964E+01  0.35809087E+00
  0.19509891E+02 -0.34460040E+02 -0.68920081E-01  0.10000000E+01  0.11988100E+01 -0.19000000E+00 -0.30575414E+01  0.22682300E+00 -0.26493507E+01  0.15430324E+01  0.37148711E+00
  0.19524184E+02 -0.34563462E+02 -0.69126924E-01  0.10000000E+01  0.12059248E+01 -0.19000000E+00 -0.30087493E+01  0.22682300E+00 -0.26063809E+01  0.15201314E+01  0.33723712E+00
  0.19538477E+02 -0.34666601E+02 -0.69333202E-01  0.10000000E+01  0.12173180E+01 -0.19000000E+00 -0.28706337E+01  0.22682300E+00 -0.24900435E+01  0.14462606E+01  0.27304803E+00
  0.19552770E+02 -0.34769457E+02 -0.69538914E-01  0.10000000E+01  0.12278904E+01 -0.19000000E+00 -0.30012629E+01  0.22682300E+00 -0.25947490E+01  0.15252230E+01  0.32054178E+00
  0.19567063E+02 -0.34872029E+02 -0.69744058E-01  0.10000000E+01  0.12384223E+01 -0.19000000E+00 -0.29349959E+01  0.22682300E+00 -0.25376469E+01  0.14919778E+01  0.30310615E+00
  0.19581355E+02 -0.34974316E+02 -0.69948631E-01  0.10000000E+01  0.12484198E+01 -0.19000000E+00 -0.30343364E+01  0.22682300E+00 -0.26163798E+01  0.15534487E+01  0.34063380E+00
  0.19595648E+02 -0.35076317E+02 -0.70152633E-01  0.10000000E+01  0.12586046E+01 -0.19000000E+00 -0.29965356E+01  0.22682300E+00 -0.25826744E+01  0.15363812E+01  0.32797704E+00
  0.19609941E+02 -0.35178031E+02 -0.70356062E-01  0.10000000E+01  0.12683205E+01 -0.19000000E+00 -0.30367411E+01  0.22682300E+00 -0.26128055E+01  0.15641268E+01  0.34793804E+00
  0.19624234E+02 -0.35279458E+02 -0.70558916E-01  0.10000000E+01  0.12777825E+01 -0.19000000E+00 -0.30058261E+01  0.22682300E+00 -0.25847953E+01  0.15508942E+01  0.34624947E+00
  0.19638527E+02 -0.35380597E+02 -0.70761193E-01  0.10000000E+01  0.12869722E+01 -0.19000000E+00 -0.30641924E+01  0.22682300E+00 -0.26296410E+01  0.15892488E+01  0.36403283E+00
  0.19652820E+02 -0.35481446E+02 -0.70962892E-01  0.10000000E+01  0.12956837E+01 -0.19000000E+00 -0.30668710E+01  0.22682300E+00 -0.26290208E+01  0.15954297E+01  0.37382758E+00
  0.19667113E+02 -0.35582006E+02 -0.71164012E-01  0.10000000E+01  0.13037909E+01 -0.19000000E+00 -0.30373720E+01  0.22682300E+00 -0.26022256E+01  0.15828769E+01  0.37574822E+00
  0.19681406E+02 -0.35682275E+02 -0.71364549E-01  0.10000000E+01  0.13112122E+01 -0.19000000E+00 -0.31531487E+01  0.22682300E+00 -0.26934928E+01  0.16549598E+01  0.41133892E+00
  0.19695699E+02 -0.35782252E+02 -0.71564504E-01  0.10000000E+01  0.13183575E+01 -0.19000000E+00 -0.31375117E+01  0.22682300E+00 -0.26779154E+01  0.16505142E+01  0.41543371E+00
  0.19709992E+02 -0.35881937E+02 -0.71763874E-01  0.10000000E+01  0.13247499E+01 -0.19000000E+00 -0.31500259E+01  0.22682300E+00 -0.26851791E+01  0.16625056E+01  0.43195172E+00
  0.19724285E+02 -0.35981328E+02 -0.71962657E-01  0.10000000E+01  0.13307409E+01 -0.19000000E+00 -0.31499748E+01  0.22682300E+00 -0.26822497E+01  0.16671311E+01  0.43733546E+00
  0.19738578E+02 -0.36080426E+02 -0.72160852E-01  0.10000000E+01  0.13364435E+01 -0.19000000E+00 -0.31714400E+01  0.22682300E+00 -0.26967103E+01  0.16844091E+01  0.44665909E+00
  0.19752871E+02 -0.36179229E+02 -0.72358458E-01  0.10000000E+01  0.13415410E+01 -0.19000000E+00 -0.32010651E+01  0.22682300E+00 -0.27177142E+01  0.17065449E+01  0.46215002E+00
  0.19767164E+02 -0.36277736E+02 -0.72555472E-01  0.10000000E+01  0.13461968E+01 -0.19000000E+00 -0.31877283E+01  0.22682300E+00 -0.27040247E+01  0.17033236E+01  0.46332001E+00
  0.19781457E+02 -0.36375947E+02 -0.72751894E-01  0.10000000E+01  0.13503916E+01 -0.19000000E+00 -0.32005770E+01  0.22682300E+00 -0.27114461E+01  0.17155763E+01  0.47397314E+00
  0.19795750E+02 -0.36473860E+02 -0.72947720E-01  0.10000000E+01  0.13538455E+01 -0.19000000E+00 -0.32341788E+01  0.22682300E+00 -0.27355304E+01  0.17401822E+01  0.49366462E+00
  0.19810043E+02 -0.36571476E+02 -0.73142951E-01  0.10000000E+01  0.13564035E+01 -0.19000000E+00 -0.32257045E+01  0.22682300E+00 -0.27257559E+01  0.17397911E+01  0.50088216E+00
  0.19824336E+02 -0.36668792E+02 -0.73337584E-01  0.10000000E+01  0.13568553E+01 -0.19000000E+00 -0.32774278E+01  0.22682300E+00 -0.27642842E+01  0.17753068E+01  0.53537955E+00
  0.19838629E+02 -0.36765809E+02 -0.73531618E-01  0.10000000E+01  0.13528853E+01 -0.19000000E+00 -0.33338807E+01  0.22682300E+00 -0.28064980E+01  0.18137746E+01  0.58614715E+00
  0.19852922E+02 -0.36862526E+02 -0.73725051E-01  0.10000000E+01  0.13469039E+01 -0.19000000E+00 -0.33387628E+01  0.22682300E+00 -0.28073384E+01  0.18214381E+01  0.60367912E+00
  0.19867215E+02 -0.36958941E+02 -0.73917882E-01  0.10000000E+01  0.13455111E+01 -0.19000000E+00 -0.32956302E+01  0.22682300E+00 -0.27698035E+01  0.18002265E+01  0.56381072E+00
  0.19881508E+02 -0.37055054E+02 -0.74110108E-01  0.10000000E+01  0.13489449E+01 -0.19000000E+00 -0.32358943E+01  0.22682300E+00 -0.27191071E+01  0.17688745E+01  0.51849003E+00
  0.19895801E+02 -0.37150865E+02 -0.74301729E-01  0.10000000E+01  0.13522238E+01 -0.19000000E+00 -0.32466013E+01  0.22682300E+00 -0.27246794E+01  0.17798851E+01  0.52844416E+00
  0.19910094E+02 -0.37246372E+02 -0.74492743E-01  0.10000000E+01  0.13552947E+01 -0.19000000E+00 -0.32590395E+01  0.22682300E+00 -0.27316100E+01  0.17919525E+01  0.53822487E+00
  0.19924387E+02 -0.37341574E+02 -0.74683148E-01  0.10000000E+01  0.13581566E+01 -0.19000000E+00 -0.32636508E+01  0.22682300E+00 -0.27322949E+01  0.17992859E+01  0.54436653E+00
  0.19938679E+02 -0.37436472E+02 -0.74872943E-01  0.10000000E+01  0.13606892E+01 -0.19000000E+00 -0.33040127E+01  0.22682300E+00 -0.27613595E+01  0.18283441E+01  0.56445218E+00
  0.19952972E+02 -0.37531063E+02 -0.75062126E-01  0.10000000E+01  0.13629867E+01 -0.19000000E+00 -0.33156150E+01  0.22682300E+00 -0.27675381E+01  0.18399685E+01  0.57247467E+00
  0.19967265E+02 -0.37625348E+02 -0.75250696E-01  0.10000000E+01  0.13651288E+01 -0.19000000E+00 -0.33386054E+01  0.22682300E+00 -0.27827155E+01  0.18585558E+01  0.58604710E+00
  0.19981558E+02 -0.37719325E+02 -0.75438650E-01  0.10000000E+01  0.13668737E+01 -0.19000000E+00 -0.33715754E+01  0.22682300E+00 -0.28057432E+01  0.18832884E+01  0.60256433E+00
  0.19995851E+02 -0.37812994E+02 -0.75625988E-01  0.10000000E+01  0.13686528E+01 -0.19000000E+00 -0.33772242E+01  0.22682300E+00 -0.28071231E+01  0.18913359E+01  0.60818141E+00
  0.20010144E+02 -0.37906354E+02 -0.75812709E-01  0.10000000E+01  0.13710524E+01 -0.19000000E+00 -0.33112922E+01  0.22682300E+00 -0.27520162E+01  0.18554006E+01  0.58459899E+00
  0.20024437E+02 -0.37999405E+02 -0.75998809E-01  0.10000000E+01  0.13730315E+01 -0.19000000E+00 -0.33553864E+01  0.22682300E+00 -0.27837463E+01  0.18870143E+01  0.60687720E+00
  0.20038730E+02 -0.38092145E+02 -0.76184289E-01  0.10000000E+01  0.13750530E+01 -0.19000000E+00 -0.33445360E+01  0.22682300E+00 -0.27721488E+01  0.18848237E+01  0.60595391E+00
  0.20053023E+02 -0.38184573E+02 -0.76369146E-01  0.10000000E+01  0.13769153E+01 -0.19000000E+00 -0.33613198E+01  0.22682300E+00 -0.27822972E+01  0.18996690E+01  0.61741220E+00
  0.20067316E+02 -0.38276690E+02 -0.76553379E-01  0.10000000E+01  0.13788277E+01 -0.19000000E+00 -0.33512396E+01  0.22682300E+00 -0.27713261E+01  0.18978954E+01  0.61698010E+00
  0.20081609E+02 -0.38368493E+02 -0.76736987E-01  0.10000000E+01  0.13805433E+01 -0.19000000E+00 -0.33697803E+01  0.22682300E+00 -0.27828182E+01  0.19138419E+01  0.62893967E+00
  0.20095902E+02 -0.38459984E+02 -0.76919967E-01  0.10000000E+01  0.13822378E+01 -0.19000000E+00 -0.33684361E+01  0.22682300E+00 -0.27787060E+01  0.19174471E+01  0.63300156E+00
  0.20110195E+02 -0.38551160E+02 -0.77102319E-01  0.10000000E+01  0.13837840E+01 -0.19000000E+00 -0.33813610E+01  0.22682300E+00 -0.27857591E+01  0.19299214E+01  0.64258006E+00
  0.20124488E+02 -0.38642021E+02 -0.77284041E-01  0.10000000E+01  0.13854202E+01 -0.19000000E+00 -0.33808754E+01  0.22682300E+00 -0.27823159E+01  0.19340335E+01  0.64599226E+00
  0.20138781E+02 -0.38732566E+02 -0.77465132E-01  0.10000000E+01  0.13869946E+01 -0.19000000E+00 -0.33879094E+01  0.22682300E+00 -0.27847431E+01  0.19428291E+01  0.65375276E+00
  0.20153074E+02 -0.38822794E+02 -0.77645589E-01  0.10000000E+01  0.13885508E+01 -0.19000000E+00 -0.33892941E+01  0.22682300E+00 -0.27827589E+01  0.19480801E+01  0.65919937E+00
  0.20167367E+02 -0.38912706E+02 -0.77825412E-01  0.10000000E+01  0.13900662E+01 -0.19000000E+00 -0.33898861E+01  0.22682300E+00 -0.27801591E+01  0.19528164E+01  0.66443162E+00
  0.20181660E+02 -0.39002299E+02 -0.78004599E-01  0.10000000E+01  0.13913674E+01 -0.19000000E+00 -0.34003456E+01  0.22682300E+00 -0.27852304E+01  0.19637441E+01  0.67420221E+00
  0.20195953E+02 -0.39091574E+02 -0.78183148E-01  0.10000000E+01  0.13924469E+01 -0.19000000E+00 -0.34041089E+01  0.22682300E+00 -0.27850880E+01  0.19704544E+01  0.68157481E+00
  0.20210246E+02 -0.39180529E+02 -0.78361059E-01  0.10000000E+01  0.13929325E+01 -0.19000000E+00 -0.34287077E+01  0.22682300E+00 -0.28010934E+01  0.19903168E+01  0.69833579E+00
  0.20224539E+02 -0.39269165E+02 -0.78538329E-01  0.10000000E+01  0.13924078E+01 -0.19000000E+00 -0.34510868E+01  0.22682300E+00 -0.28153366E+01  0.20088128E+01  0.71695462E+00
  0.20238832E+02 -0.39357479E+02 -0.78714958E-01  0.10000000E+01  0.13895884E+01 -0.19000000E+00 -0.34887084E+01  0.22682300E+00 -0.28413260E+01  0.20370079E+01  0.74853593E+00
  0.20253125E+02 -0.39445471E+02 -0.78890943E-01  0.10000000E+01  0.13831783E+01 -0.19000000E+00 -0.35296296E+01  0.22682300E+00 -0.28697949E+01  0.20673681E+01  0.78889897E+00
  0.20267418E+02 -0.39533142E+02 -0.79066284E-01  0.10000000E+01  0.13771101E+01 -0.19000000E+00 -0.35205483E+01  0.22682300E+00 -0.28596242E+01  0.20659764E+01  0.78559221E+00
  0.20281711E+02 -0.39620489E+02 -0.79240978E-01  0.10000000E+01  0.13762539E+01 -0.19000000E+00 -0.34488096E+01  0.22682300E+00 -0.28012121E+01  0.20245858E+01  0.73346514E+00
  0.20296003E+02 -0.39707513E+02 -0.79415025E-01  0.10000000E+01  0.13780111E+01 -0.19000000E+00 -0.33892148E+01  0.22682300E+00 -0.27522866E+01  0.19907648E+01  0.70431188E+00
  0.20310296E+02 -0.39794212E+02 -0.79588423E-01  0.10000000E+01  0.13790321E+01 -0.19000000E+00 -0.34645744E+01  0.22682300E+00 -0.28071734E+01  0.20431597E+01  0.73813121E+00
  0.20324589E+02 -0.39880585E+02 -0.79761171E-01  0.10000000E+01  0.13804469E+01 -0.19000000E+00 -0.34212770E+01  0.22682300E+00 -0.27708645E+01  0.20196274E+01  0.72727550E+00
  0.20338882E+02 -0.39966633E+02 -0.79933267E-01  0.10000000E+01  0.13819511E+01 -0.19000000E+00 -0.34355677E+01  0.22682300E+00 -0.27787809E+01  0.20329660E+01  0.73477469E+00
  0.20353175E+02 -0.40052355E+02 -0.80104710E-01  0.10000000E+01  0.13834945E+01 -0.19000000E+00 -0.34346349E+01  0.22682300E+00 -0.27750222E+01  0.20365209E+01  0.73841345E+00
  0.20367468E+02 -0.40137749E+02 -0.80275498E-01  0.10000000E+01  0.13849497E+01 -0.19000000E+00 -0.34403569E+01  0.22682300E+00 -0.27763584E+01  0.20443431E+01  0.74536495E+00
  0.20381761E+02 -0.40222815E+02 -0.80445630E-01  0.10000000E+01  0.13862816E+01 -0.19000000E+00 -0.34328878E+01  0.22682300E+00 -0.27676171E+01  0.20436396E+01  0.74970697E+00
  0.20396054E+02 -0.40307552E+02 -0.80615105E-01  0.10000000E+01  0.13875622E+01 -0.19000000E+00 -0.34317419E+01  0.22682300E+00 -0.27637178E+01  0.20469892E+01  0.75428706E+00
  0.20410347E+02 -0.40391960E+02 -0.80783921E-01  0.10000000E+01  0.13888497E+01 -0.19000000E+00 -0.34203443E+01  0.22682300E+00 -0.27520184E+01  0.20436727E+01  0.75558752E+00
  0.20424640E+02 -0.40476038E+02 -0.80952077E-01  0.10000000E+01  0.13901755E+01 -0.19000000E+00 -0.34049711E+01  0.22682300E+00 -0.27373225E+01  0.20377297E+01  0.75535336E+00
  0.20438933E+02 -0.40559786E+02 -0.81119571E-01  0.10000000E+01  0.13914521E+01 -0.19000000E+00 -0.33960336E+01  0.22682300E+00 -0.27275510E+01  0.20359171E+01  0.75788845E+00
  0.20453226E+02 -0.40643201E+02 -0.81286403E-01  0.10000000E+01  0.13926037E+01 -0.19000000E+00 -0.33965843E+01  0.22682300E+00 -0.27250019E+01  0.20402446E+01  0.76371846E+00
  0.20467519E+02 -0.40726285E+02 -0.81452570E-01  0.10000000E+01  0.13935891E+01 -0.19000000E+00 -0.33920178E+01  0.22682300E+00 -0.27185799E+01  0.20412146E+01  0.76889938E+00
  0.20481812E+02 -0.40809036E+02 -0.81618072E-01  0.10000000E+01  0.13943490E+01 -0.19000000E+00 -0.33949715E+01  0.22682300E+00 -0.27178646E+01  0.20470691E+01  0.77673966E+00
  0.20496105E+02 -0.40891453E+02 -0.81782907E-01  0.10000000E+01  0.13948884E+01 -0.19000000E+00 -0.33946508E+01  0.22682300E+00 -0.27146747E+01  0.20507666E+01  0.78375849E+00
  0.20510398E+02 -0.40973537E+02 -0.81947073E-01  0.10000000E+01  0.13952733E+01 -0.19000000E+00 -0.33961150E+01  0.22682300E+00 -0.27128395E+01  0.20556137E+01  0.79019534E+00
  0.20524691E+02 -0.41055285E+02 -0.82110570E-01  0.10000000E+01  0.13955156E+01 -0.19000000E+00 -0.33889963E+01  0.22682300E+00 -0.27045358E+01  0.20548068E+01  0.79451652E+00
  0.20538984E+02 -0.41136698E+02 -0.82273396E-01  0.10000000E+01  0.13956208E+01 -0.19000000E+00 -0.33867333E+01  0.22682300E+00 -0.26999090E+01  0.20571589E+01  0.79986162E+00
  0.20553277E+02 -0.41217775E+02 -0.82435550E-01  0.10000000E+01  0.13954042E+01 -0.19000000E+00 -0.34063068E+01  0.22682300E+00 -0.27117187E+01  0.20738748E+01  0.81342825E+00
  0.20567570E+02 -0.41298515E+02 -0.82597030E-01  0.10000000E+01  0.13956224E+01 -0.19000000E+00 -0.33470318E+01  0.22682300E+00 -0.26642613E+01  0.20385736E+01  0.79576450E+00
  0.20581863E+02 -0.41378917E+02 -0.82757835E-01  0.10000000E+01  0.13956599E+01 -0.19000000E+00 -0.33477548E+01  0.22682300E+00 -0.26619405E+01  0.20427882E+01  0.80246569E+00
  0.20596156E+02 -0.41458982E+02 -0.82917964E-01  0.10000000E+01  0.13948078E+01 -0.19000000E+00 -0.34243905E+01  0.22682300E+00 -0.27165164E+01  0.20972452E+01  0.83894646E+00
  0.20610449E+02 -0.41538707E+02 -0.83077415E-01  0.10000000E+01  0.13941087E+01 -0.19000000E+00 -0.33946091E+01  0.22682300E+00 -0.26913039E+01  0.20812744E+01  0.83297039E+00
  0.20624742E+02 -0.41618094E+02 -0.83236187E-01  0.10000000E+01  0.13934918E+01 -0.19000000E+00 -0.33644257E+01  0.22682300E+00 -0.26658529E+01  0.20649546E+01  0.82796651E+00
  0.20639035E+02 -0.41697140E+02 -0.83394279E-01  0.10000000E+01  0.13929697E+01 -0.19000000E+00 -0.33443899E+01  0.22682300E+00 -0.26480413E+01  0.20553028E+01  0.82515791E+00
  0.20653327E+02 -0.41775845E+02 -0.83551690E-01  0.10000000E+01  0.13922672E+01 -0.19000000E+00 -0.33412355E+01  0.22682300E+00 -0.26428631E+01  0.20568369E+01  0.83101527E+00
  0.20667620E+02 -0.41854209E+02 -0.83708418E-01  0.10000000E+01  0.13914553E+01 -0.19000000E+00 -0.33325901E+01  0.22682300E+00 -0.26336080E+01  0.20546811E+01  0.83431571E+00
  0.20681913E+02 -0.41932231E+02 -0.83864462E-01  0.10000000E+01  0.13905119E+01 -0.19000000E+00 -0.33262917E+01  0.22682300E+00 -0.26261220E+01  0.20540566E+01  0.83845697E+00
  0.20696206E+02 -0.42009910E+02 -0.84019821E-01  0.10000000E+01  0.13892471E+01 -0.19000000E+00 -0.33394348E+01  0.22682300E+00 -0.26331005E+01  0.20664112E+01  0.85036115E+00
  0.20710499E+02 -0.42087246E+02 -0.84174493E-01  0.10000000E+01  0.13878996E+01 -0.19000000E+00 -0.33380737E+01  0.22682300E+00 -0.26292988E+01  0.20690511E+01  0.85497282E+00
  0.20724792E+02 -0.42164238E+02 -0.84328477E-01  0.10000000E+01  0.13863263E+01 -0.19000000E+00 -0.33354654E+01  0.22682300E+00 -0.26245828E+01  0.20708316E+01  0.86181823E+00
  0.20739085E+02 -0.42240886E+02 -0.84481772E-01  0.10000000E+01  0.13846621E+01 -0.19000000E+00 -0.33355225E+01  0.22682300E+00 -0.26218524E+01  0.20743791E+01  0.86706347E+00
  0.20753378E+02 -0.42317188E+02 -0.84634377E-01  0.10000000E+01  0.13828887E+01 -0.19000000E+00 -0.33356872E+01  0.22682300E+00 -0.26192094E+01  0.20779798E+01  0.87274503E+00
  0.20767671E+02 -0.42393145E+02 -0.84786290E-01  0.10000000E+01  0.13810208E+01 -0.19000000E+00 -0.33260181E+01  0.22682300E+00 -0.26093114E+01  0.20749312E+01  0.87586524E+00
  0.20781964E+02 -0.42468755E+02 -0.84937510E-01  0.10000000E+01  0.13790831E+01 -0.19000000E+00 -0.33191511E+01  0.22682300E+00 -0.26015055E+01  0.20737362E+01  0.87909150E+00
  0.20796257E+02 -0.42544018E+02 -0.85088037E-01  0.10000000E+01  0.13770875E+01 -0.19000000E+00 -0.33123440E+01  0.22682300E+00 -0.25937640E+01  0.20725491E+01  0.88201184E+00
  0.20810550E+02 -0.42618934E+02 -0.85237868E-01  0.10000000E+01  0.13750989E+01 -0.19000000E+00 -0.33006593E+01  0.22682300E+00 -0.25824535E+01  0.20680268E+01  0.88259303E+00
  0.20824843E+02 -0.42693501E+02 -0.85387002E-01  0.10000000E+01  0.13731514E+01 -0.19000000E+00 -0.32753872E+01  0.22682300E+00 -0.25611851E+01  0.20542495E+01  0.87931934E+00
  0.20839136E+02 -0.42767719E+02 -0.85535439E-01  0.10000000E+01  0.13711319E+01 -0.19000000E+00 -0.32594683E+01  0.22682300E+00 -0.25468356E+01  0.20467561E+01  0.87995487E+00
  0.20853429E+02 -0.42841588E+02 -0.85683177E-01  0.10000000E+01  0.13690825E+01 -0.19000000E+00 -0.32513138E+01  0.22682300E+00 -0.25382155E+01  0.20444930E+01  0.88155696E+00
  0.20867722E+02 -0.42915107E+02 -0.85830214E-01  0.10000000E+01  0.13669743E+01 -0.19000000E+00 -0.32311643E+01  0.22682300E+00 -0.25208333E+01  0.20340282E+01  0.88074721E+00
  0.20882015E+02 -0.42988275E+02 -0.85976550E-01  0.10000000E+01  0.13604294E+01 -0.19000000E+00 -0.36724469E+01  0.22682300E+00 -0.28410290E+01  0.23381336E+01  0.10618177E+01
  0.20896308E+02 -0.43061092E+02 -0.86122184E-01  0.10000000E+01  0.13611117E+01 -0.19000000E+00 -0.29370180E+01  0.22682300E+00 -0.23007316E+01  0.18396079E+01  0.77063988E+00
  0.20910601E+02 -0.43133557E+02 -0.86267114E-01  0.10000000E+01  0.13585776E+01 -0.19000000E+00 -0.32166309E+01  0.22682300E+00 -0.25024540E+01  0.20336880E+01  0.89190162E+00
  0.20924894E+02 -0.43205669E+02 -0.86411339E-01  0.10000000E+01  0.13558831E+01 -0.19000000E+00 -0.32117960E+01  0.22682300E+00 -0.24963683E+01  0.20335259E+01  0.89603142E+00
  0.20939187E+02 -0.43277429E+02 -0.86554858E-01  0.10000000E+01  0.13566083E+01 -0.19000000E+00 -0.28370845E+01  0.22682300E+00 -0.22210135E+01  0.17797743E+01  0.75333062E+00
  0.20953480E+02 -0.43348835E+02 -0.86697669E-01  0.10000000E+01  0.13501149E+01 -0.19000000E+00 -0.35355968E+01  0.22682300E+00 -0.27267433E+01  0.22620265E+01  0.10406129E+01
  0.20967773E+02 -0.43419886E+02 -0.86839773E-01  0.10000000E+01  0.13472602E+01 -0.19000000E+00 -0.31719135E+01  0.22682300E+00 -0.24597799E+01  0.20154323E+01  0.89689257E+00
  0.20982066E+02 -0.43490583E+02 -0.86981166E-01  0.10000000E+01  0.13440101E+01 -0.19000000E+00 -0.31859050E+01  0.22682300E+00 -0.24674418E+01  0.20280952E+01  0.90860672E+00
  0.20996359E+02 -0.43560924E+02 -0.87121849E-01  0.10000000E+01  0.13407379E+01 -0.19000000E+00 -0.31658737E+01  0.22682300E+00 -0.24504346E+01  0.20173189E+01  0.90564565E+00
  0.21010652E+02 -0.43630910E+02 -0.87261820E-01  0.10000000E+01  0.13375615E+01 -0.19000000E+00 -0.31337202E+01  0.22682300E+00 -0.24246959E+01  0.19981243E+01  0.89827342E+00
  0.21024944E+02 -0.43700539E+02 -0.87401077E-01  0.10000000E+01  0.13341593E+01 -0.19000000E+00 -0.31341719E+01  0.22682300E+00 -0.24225924E+01  0.20013815E+01  0.90422774E+00
  0.21039237E+02 -0.43769811E+02 -0.87539621E-01  0.10000000E+01  0.13307376E+01 -0.19000000E+00 -0.31140784E+01  0.22682300E+00 -0.24056610E+01  0.19904091E+01  0.90174789E+00
  0.21053530E+02 -0.43838725E+02 -0.87677449E-01  0.10000000E+01  0.13272077E+01 -0.19000000E+00 -0.31044174E+01  0.22682300E+00 -0.23962968E+01  0.19866096E+01  0.90327294E+00
  0.21067823E+02 -0.43907281E+02 -0.87814561E-01  0.10000000E+01  0.13235593E+01 -0.19000000E+00 -0.30971050E+01  0.22682300E+00 -0.23886497E+01  0.19844043E+01  0.90568338E+00
  0.21082116E+02 -0.43975478E+02 -0.87950955E-01  0.10000000E+01  0.13197267E+01 -0.19000000E+00 -0.31016916E+01  0.22682300E+00 -0.23895868E+01  0.19904307E+01  0.91212762E+00
  0.21096409E+02 -0.44043315E+02 -0.88086631E-01  0.10000000E+01  0.13157288E+01 -0.19000000E+00 -0.31074428E+01  0.22682300E+00 -0.23913625E+01  0.19972568E+01  0.91869067E+00
  0.21110702E+02 -0.44110793E+02 -0.88221586E-01  0.10000000E+01  0.13117123E+01 -0.19000000E+00 -0.30994661E+01  0.22682300E+00 -0.23832814E+01  0.19945196E+01  0.91965626E+00
  0.21124995E+02 -0.44177911E+02 -0.88355821E-01  0.10000000E+01  0.13078115E+01 -0.19000000E+00 -0.30787485E+01  0.22682300E+00 -0.23660851E+01  0.19828722E+01  0.91537043E+00
  0.21139288E+02 -0.44244667E+02 -0.88489334E-01  0.10000000E+01  0.13039696E+01 -0.19000000E+00 -0.30603488E+01  0.22682300E+00 -0.23505923E+01  0.19727897E+01  0.91238569E+00
  0.21153581E+02 -0.44311062E+02 -0.88622124E-01  0.10000000E+01  0.13002232E+01 -0.19000000E+00 -0.30326582E+01  0.22682300E+00 -0.23284904E+01  0.19561689E+01  0.90632740E+00
  0.21167874E+02 -0.44377095E+02 -0.88754189E-01  0.10000000E+01  0.12968421E+01 -0.19000000E+00 -0.29778236E+01  0.22682300E+00 -0.22870413E+01  0.19205011E+01  0.88922612E+00
  0.21182167E+02 -0.44442765E+02 -0.88885529E-01  0.10000000E+01  0.12941492E+01 -0.19000000E+00 -0.28845907E+01  0.22682300E+00 -0.22182749E+01  0.18578398E+01  0.85760681E+00
  0.21196460E+02 -0.44508072E+02 -0.89016143E-01  0.10000000E+01  0.12918649E+01 -0.19000000E+00 -0.28119108E+01  0.22682300E+00 -0.21643240E+01  0.18094177E+01  0.83539415E+00
  0.21210753E+02 -0.44573015E+02 -0.89146030E-01  0.10000000E+01  0.12886953E+01 -0.19000000E+00 -0.28740326E+01  0.22682300E+00 -0.22065246E+01  0.18554679E+01  0.86653154E+00
  0.21225046E+02 -0.44637594E+02 -0.89275188E-01  0.10000000E+01  0.12843094E+01 -0.19000000E+00 -0.29807941E+01  0.22682300E+00 -0.22803996E+01  0.19329665E+01  0.91375976E+00
  0.21239339E+02 -0.44701808E+02 -0.89403616E-01  0.10000000E+01  0.12799523E+01 -0.19000000E+00 -0.29697807E+01  0.22682300E+00 -0.22704038E+01  0.19277740E+01  0.91219075E+00
  0.21253632E+02 -0.44765657E+02 -0.89531314E-01  0.10000000E+01  0.12761124E+01 -0.19000000E+00 -0.28999351E+01  0.22682300E+00 -0.22186642E+01  0.18811171E+01  0.88786583E+00
  0.21267925E+02 -0.44829140E+02 -0.89658281E-01  0.10000000E+01  0.12727053E+01 -0.19000000E+00 -0.28353702E+01  0.22682300E+00 -0.21707883E+01  0.18380562E+01  0.86575843E+00
  0.21282218E+02 -0.44892257E+02 -0.89784515E-01  0.10000000E+01  0.12701518E+01 -0.19000000E+00 -0.27261740E+01  0.22682300E+00 -0.20914038E+01  0.17633784E+01  0.82628570E+00
  0.21296511E+02 -0.44955007E+02 -0.89910015E-01  0.10000000E+01  0.12674379E+01 -0.19000000E+00 -0.27159411E+01  0.22682300E+00 -0.20822299E+01  0.17584378E+01  0.82741123E+00
  0.21310804E+02 -0.45017390E+02 -0.90034780E-01  0.10000000E+01  0.12635535E+01 -0.19000000E+00 -0.28115360E+01  0.22682300E+00 -0.21478894E+01  0.18283201E+01  0.87020649E+00
  0.21325097E+02 -0.45079405E+02 -0.90158810E-01  0.10000000E+01  0.12603438E+01 -0.19000000E+00 -0.27201331E+01  0.22682300E+00 -0.20813672E+01  0.17659227E+01  0.83712093E+00
  0.21339390E+02 -0.45141051E+02 -0.90282102E-01  0.10000000E+01  0.12565832E+01 -0.19000000E+00 -0.27400793E+01  0.22682300E+00 -0.20935354E+01  0.17822999E+01  0.84998679E+00
  0.21353683E+02 -0.45202329E+02 -0.90404658E-01  0.10000000E+01  0.12522605E+01 -0.19000000E+00 -0.27648120E+01  0.22682300E+00 -0.21090548E+01  0.18020882E+01  0.86417704E+00
  0.21367976E+02 -0.45263237E+02 -0.90526474E-01  0.10000000E+01  0.12477216E+01 -0.19000000E+00 -0.27607404E+01  0.22682300E+00 -0.21042721E+01  0.18014370E+01  0.86605618E+00
  0.21382268E+02 -0.45323775E+02 -0.90647551E-01  0.10000000E+01  0.12432406E+01 -0.19000000E+00 -0.27278974E+01  0.22682300E+00 -0.20792756E+01  0.17803050E+01  0.85690461E+00
  0.21396561E+02 -0.45383943E+02 -0.90767887E-01  0.10000000E+01  0.12389043E+01 -0.19000000E+00 -0.26933309E+01  0.22682300E+00 -0.20531271E+01  0.17578821E+01  0.84604605E+00
  0.21410854E+02 -0.45443740E+02 -0.90887481E-01  0.10000000E+01  0.12338983E+01 -0.19000000E+00 -0.27429363E+01  0.22682300E+00 -0.20860949E+01  0.17953708E+01  0.86873375E+00
  0.21425147E+02 -0.45503166E+02 -0.91006332E-01  0.10000000E+01  0.12279131E+01 -0.19000000E+00 -0.28330984E+01  0.22682300E+00 -0.21474236E+01  0.18618451E+01  0.90650044E+00
  0.21439440E+02 -0.45562220E+02 -0.91124440E-01  0.10000000E+01  0.12232713E+01 -0.19000000E+00 -0.26925605E+01  0.22682300E+00 -0.20471081E+01  0.17637118E+01  0.85121351E+00
  0.21453733E+02 -0.45620902E+02 -0.91241803E-01  0.10000000E+01  0.12196789E+01 -0.19000000E+00 -0.25670256E+01  0.22682300E+00 -0.19575012E+01  0.16760842E+01  0.80399776E+00
  0.21468026E+02 -0.45679210E+02 -0.91358421E-01  0.10000000E+01  0.12165549E+01 -0.19000000E+00 -0.24932964E+01  0.22682300E+00 -0.19042817E+01  0.16253266E+01  0.77870220E+00
  0.21482319E+02 -0.45737146E+02 -0.91474292E-01  0.10000000E+01  0.12129630E+01 -0.19000000E+00 -0.25192277E+01  0.22682300E+00 -0.19207361E+01  0.16458220E+01  0.79305039E+00
  0.21496612E+02 -0.45794708E+02 -0.91589416E-01  0.10000000E+01  0.12081588E+01 -0.19000000E+00 -0.26339996E+01  0.22682300E+00 -0.19991042E+01  0.17300246E+01  0.84138172E+00
  0.21510905E+02 -0.45851895E+02 -0.91703791E-01  0.10000000E+01  0.12056874E+01 -0.19000000E+00 -0.23869758E+01  0.22682300E+00 -0.18253205E+01  0.15547691E+01  0.74479649E+00
  0.21525198E+02 -0.45908708E+02 -0.91817417E-01  0.10000000E+01  0.12041251E+01 -0.19000000E+00 -0.22577207E+01  0.22682300E+00 -0.17338418E+01  0.14637432E+01  0.69828702E+00
  0.21539491E+02 -0.45965146E+02 -0.91930292E-01  0.10000000E+01  0.11991182E+01 -0.19000000E+00 -0.25685655E+01  0.22682300E+00 -0.19484661E+01  0.16889220E+01  0.82780866E+00
  0.21553784E+02 -0.46021208E+02 -0.92042417E-01  0.10000000E+01  0.11952411E+01 -0.19000000E+00 -0.24307499E+01  0.22682300E+00 -0.18511145E+01  0.15916560E+01  0.77521451E+00
  0.21568077E+02 -0.46076894E+02 -0.92153789E-01  0.10000000E+01  0.11923031E+01 -0.19000000E+00 -0.22889792E+01  0.22682300E+00 -0.17512215E+01  0.14913410E+01  0.72379557E+00
  0.21582370E+02 -0.46132204E+02 -0.92264408E-01  0.10000000E+01  0.11876106E+01 -0.19000000E+00 -0.24248939E+01  0.22682300E+00 -0.18439695E+01  0.15910173E+01  0.78188881E+00
  0.21596663E+02 -0.46187137E+02 -0.92374273E-01  0.10000000E+01  0.11831272E+01 -0.19000000E+00 -0.23562352E+01  0.22682300E+00 -0.17949104E+01  0.15432399E+01  0.75925978E+00
  0.21610956E+02 -0.46241692E+02 -0.92483384E-01  0.10000000E+01  0.11778559E+01 -0.19000000E+00 -0.24122135E+01  0.22682300E+00 -0.18321557E+01  0.15853794E+01  0.78325921E+00
  0.21625249E+02 -0.46295869E+02 -0.92591738E-01  0.10000000E+01  0.11713731E+01 -0.19000000E+00 -0.25087037E+01  0.22682300E+00 -0.18973243E+01  0.16568656E+01  0.82467383E+00
  0.21639542E+02 -0.46349668E+02 -0.92699336E-01  0.10000000E+01  0.11684489E+01 -0.19000000E+00 -0.21421129E+01  0.22682300E+00 -0.16427264E+01  0.13933938E+01  0.67720160E+00
  0.21653835E+02 -0.46403088E+02 -0.92806177E-01  0.10000000E+01  0.11647678E+01 -0.19000000E+00 -0.21908353E+01  0.22682300E+00 -0.16750245E+01  0.14302100E+01  0.69988185E+00
  0.21668128E+02 -0.46456129E+02 -0.92912259E-01  0.10000000E+01  0.11575063E+01 -0.19000000E+00 -0.25547428E+01  0.22682300E+00 -0.19243992E+01  0.16955373E+01  0.84502797E+00
  0.21682421E+02 -0.46508791E+02 -0.93017582E-01  0.10000000E+01  0.11537405E+01 -0.19000000E+00 -0.22095668E+01  0.22682300E+00 -0.16852750E+01  0.14468871E+01  0.70482622E+00
  0.21696714E+02 -0.46561072E+02 -0.93122145E-01  0.10000000E+01  0.11515860E+01 -0.19000000E+00 -0.20035516E+01  0.22682300E+00 -0.15423019E+01  0.12988350E+01  0.62663727E+00
  0.21711007E+02 -0.46612973E+02 -0.93225947E-01  0.10000000E+01  0.11504984E+01 -0.19000000E+00 -0.18171261E+01  0.22682300E+00 -0.14130648E+01  0.11647505E+01  0.55980074E+00
  0.21725300E+02 -0.46664493E+02 -0.93328987E-01  0.10000000E+01  0.11464145E+01 -0.19000000E+00 -0.20551704E+01  0.22682300E+00 -0.15753794E+01  0.13391617E+01  0.66088881E+00
  0.21739592E+02 -0.46715632E+02 -0.93431264E-01  0.10000000E+01  0.11406640E+01 -0.19000000E+00 -0.21880118E+01  0.22682300E+00 -0.16652621E+01  0.14372704E+01  0.71651603E+00
  0.21753885E+02 -0.46766389E+02 -0.93532778E-01  0.10000000E+01  0.11338679E+01 -0.19000000E+00 -0.22683868E+01  0.22682300E+00 -0.17190431E+01  0.14973037E+01  0.74956991E+00
  0.21768178E+02 -0.46816764E+02 -0.93633528E-01  0.10000000E+01  0.11290084E+01 -0.19000000E+00 -0.20600059E+01  0.22682300E+00 -0.15751239E+01  0.13468696E+01  0.66418880E+00
  0.21782471E+02 -0.46866756E+02 -0.93733512E-01  0.10000000E+01  0.11251311E+01 -0.19000000E+00 -0.19105748E+01  0.22682300E+00 -0.14717825E+01  0.12391938E+01  0.60835429E+00
  0.21796764E+02 -0.46916365E+02 -0.93832731E-01  0.10000000E+01  0.11192578E+01 -0.19000000E+00 -0.20785067E+01  0.22682300E+00 -0.15854174E+01  0.13631179E+01  0.67730155E+00
  0.21811057E+02 -0.46965591E+02 -0.93931183E-01  0.10000000E+01  0.11101302E+01 -0.19000000E+00 -0.24039772E+01  0.22682300E+00 -0.18063589E+01  0.16023802E+01  0.80481930E+00
  0.21825350E+02 -0.47014433E+02 -0.94028867E-01  0.10000000E+01  0.11025742E+01 -0.19000000E+00 -0.22458451E+01  0.22682300E+00 -0.16971756E+01  0.14882418E+01  0.73724568E+00
  0.21839643E+02 -0.47062891E+02 -0.94125783E-01  0.10000000E+01  0.10972225E+01 -0.19000000E+00 -0.20034812E+01  0.22682300E+00 -0.15308193E+01  0.13122417E+01  0.63826063E+00
  0.21853936E+02 -0.47110965E+02 -0.94221929E-01  0.10000000E+01  0.10882617E+01 -0.19000000E+00 -0.23612811E+01  0.22682300E+00 -0.17732294E+01  0.15756760E+01  0.77848272E+00
  0.21868229E+02 -0.47158653E+02 -0.94317306E-01  0.10000000E+01  0.10840151E+01 -0.19000000E+00 -0.18860983E+01  0.22682300E+00 -0.14488069E+01  0.12287286E+01  0.58425790E+00
  0.21882522E+02 -0.47205956E+02 -0.94411912E-01  0.10000000E+01  0.10827248E+01 -0.19000000E+00 -0.15408184E+01  0.22682300E+00 -0.12132209E+01  0.97655773E+00  0.44873448E+00
  0.21896815E+02 -0.47252873E+02 -0.94505747E-01  0.10000000E+01  0.10835976E+01 -0.19000000E+00 -0.12399325E+01  0.22682300E+00 -0.10081903E+01  0.75659328E+00  0.33620822E+00
  0.21911108E+02 -0.47299405E+02 -0.94598809E-01  0.10000000E+01  0.10832985E+01 -0.19000000E+00 -0.12678574E+01  0.22682300E+00 -0.10265134E+01  0.77793406E+00  0.35581821E+00
  0.21925401E+02 -0.47345549E+02 -0.94691098E-01  0.10000000E+01  0.10764685E+01 -0.19000000E+00 -0.18404091E+01  0.22682300E+00 -0.14138333E+01  0.11998457E+01  0.59157561E+00
  0.21939694E+02 -0.47391307E+02 -0.94782614E-01  0.10000000E+01  0.10671605E+01 -0.19000000E+00 -0.20372973E+01  0.22682300E+00 -0.15461655E+01  0.13458830E+01  0.67062959E+00
  0.21953987E+02 -0.47436678E+02 -0.94873355E-01  0.10000000E+01  0.10587381E+01 -0.19000000E+00 -0.19280859E+01  0.22682300E+00 -0.14712282E+01  0.12666695E+01  0.62238333E+00
  0.21968280E+02 -0.47481660E+02 -0.94963321E-01  0.10000000E+01  0.10503950E+01 -0.19000000E+00 -0.19169547E+01  0.22682300E+00 -0.14627105E+01  0.12596198E+01  0.61246210E+00
  0.21982573E+02 -0.47526255E+02 -0.95052511E-01  0.10000000E+01  0.10448916E+01 -0.19000000E+00 -0.16092251E+01  0.22682300E+00 -0.12539345E+01  0.10337805E+01  0.48689248E+00
  0.21996866E+02 -0.47570462E+02 -0.95140924E-01  0.10000000E+01  0.10400179E+01 -0.19000000E+00 -0.14886130E+01  0.22682300E+00 -0.11717616E+01  0.94572299E+00  0.44157293E+00
  0.22011159E+02 -0.47614280E+02 -0.95228559E-01  0.10000000E+01  0.10338512E+01 -0.19000000E+00 -0.15654377E+01  0.22682300E+00 -0.12228270E+01  0.10033633E+01  0.47485205E+00
  0.22025452E+02 -0.47657708E+02 -0.95315417E-01  0.10000000E+01  0.10322765E+01 -0.19000000E+00 -0.10488933E+01  0.22682300E+00 -0.87414335E+00  0.62249434E+00  0.27192344E+00
  0.22039745E+02 -0.47700748E+02 -0.95401495E-01  0.10000000E+01  0.10270755E+01 -0.19000000E+00 -0.13397931E+01  0.22682300E+00 -0.10694519E+01  0.83831193E+00  0.39647345E+00
  0.22054038E+02 -0.47743397E+02 -0.95486794E-01  0.10000000E+01  0.10132909E+01 -0.19000000E+00 -0.21627503E+01  0.22682300E+00 -0.16222269E+01  0.14482118E+01  0.72736786E+00
  0.22068331E+02 -0.47785656E+02 -0.95571313E-01  0.10000000E+01  0.10057262E+01 -0.19000000E+00 -0.15113415E+01  0.22682300E+00 -0.11834728E+01  0.96695086E+00  0.46286229E+00
  0.22082624E+02 -0.47827525E+02 -0.95655051E-01  0.10000000E+01  0.10044535E+01 -0.19000000E+00 -0.73115717E+00  0.22682300E+00 -0.65897774E+00  0.38959955E+00  0.16065357E+00
  0.22096916E+02 -0.47869003E+02 -0.95738007E-01  0.10000000E+01  0.99512540E+00 -0.19000000E+00 -0.13492693E+01  0.22682300E+00 -0.10733424E+01  0.84847654E+00  0.42543356E+00
  0.22111209E+02 -0.47910090E+02 -0.95820180E-01  0.10000000E+01  0.98693467E+00 -0.19000000E+00 -0.11292005E+01  0.22682300E+00 -0.92522245E+00  0.68593428E+00  0.34412687E+00
  0.22125502E+02 -0.47950786E+02 -0.95901571E-01  0.10000000E+01  0.97809089E+00 -0.19000000E+00 -0.11228128E+01  0.22682300E+00 -0.92045673E+00  0.68184794E+00  0.34669722E+00
  0.22139795E+02 -0.47991089E+02 -0.95982178E-01  0.10000000E+01  0.96529331E+00 -0.19000000E+00 -0.14668804E+01  0.22682300E+00 -0.11502428E+01  0.93815149E+00  0.48806945E+00
  0.22154088E+02 -0.48031000E+02 -0.96062001E-01  0.10000000E+01  0.95203048E+00 -0.19000000E+00 -0.15548920E+01  0.22682300E+00 -0.12084449E+01  0.10043898E+01  0.51782873E+00
  0.22168381E+02 -0.48070519E+02 -0.96141039E-01  0.10000000E+01  0.94674558E+00 -0.19000000E+00 -0.91034214E+00  0.22682300E+00 -0.77705367E+00  0.52569865E+00  0.24756123E+00
  0.22182674E+02 -0.48109645E+02 -0.96219291E-01  0.10000000E+01  0.94001650E+00 -0.19000000E+00 -0.11099831E+01  0.22682300E+00 -0.90999619E+00  0.67484665E+00  0.32678016E+00
  0.22196967E+02 -0.48148378E+02 -0.96296757E-01  0.10000000E+01  0.93552590E+00 -0.19000000E+00 -0.76487329E+00  0.22682300E+00 -0.67928121E+00  0.41839796E+00  0.19873940E+00
  0.22211260E+02 -0.48186718E+02 -0.96373436E-01  0.10000000E+01  0.92046521E+00 -0.19000000E+00 -0.15642526E+01  0.22682300E+00 -0.12119515E+01  0.10146470E+01  0.53888361E+00
  0.22225553E+02 -0.48224664E+02 -0.96449327E-01  0.10000000E+01  0.90755460E+00 -0.19000000E+00 -0.12706362E+01  0.22682300E+00 -0.10156686E+01  0.79648121E+00  0.42565590E+00
  0.22239846E+02 -0.48262215E+02 -0.96524431E-01  0.10000000E+01  0.90012681E+00 -0.19000000E+00 -0.47380348E+00  0.22682300E+00 -0.48467684E+00  0.20255065E+00  0.12610053E+00
  0.22254139E+02 -0.48299373E+02 -0.96598745E-01  0.10000000E+01  0.88172042E+00 -0.19000000E+00 -0.13231860E+01  0.22682300E+00 -0.10495873E+01  0.83704017E+00  0.49061471E+00
  0.22268432E+02 -0.48336135E+02 -0.96672271E-01  0.10000000E+01  0.86665913E+00 -0.19000000E+00 -0.91279428E+00  0.22682300E+00 -0.77623834E+00  0.53112720E+00  0.33496457E+00
  0.22282725E+02 -0.48372503E+02 -0.96745006E-01  0.10000000E+01  0.85379664E+00 -0.19000000E+00 -0.59510178E+00  0.22682300E+00 -0.56486270E+00  0.29415120E+00  0.22053829E+00
  0.22297018E+02 -0.48408475E+02 -0.96816951E-01  0.10000000E+01  0.83600723E+00 -0.19000000E+00 -0.96551943E+00  0.22682300E+00 -0.81056691E+00  0.57153978E+00  0.38586104E+00
  0.22311311E+02 -0.48444052E+02 -0.96888104E-01  0.10000000E+01  0.81275519E+00 -0.19000000E+00 -0.14803816E+01  0.22682300E+00 -0.11517462E+01  0.95731860E+00  0.59957425E+00
  0.22325604E+02 -0.48479233E+02 -0.96958466E-01  0.10000000E+01  0.78631532E+00 -0.19000000E+00 -0.18814710E+01  0.22682300E+00 -0.14170370E+01  0.12583275E+01  0.75652151E+00
  0.22339897E+02 -0.48514018E+02 -0.97028036E-01  0.10000000E+01  0.77219190E+00 -0.19000000E+00 -0.80139210E+00  0.22682300E+00 -0.70078875E+00  0.45008122E+00  0.31369629E+00
  0.22354190E+02 -0.48548406E+02 -0.97096812E-01  0.10000000E+01  0.75168260E+00 -0.19000000E+00 -0.15519858E+01  0.22682300E+00 -0.11974018E+01  0.10130832E+01  0.61453376E+00
  0.22368483E+02 -0.48582398E+02 -0.97164796E-01  0.10000000E+01  0.74003868E+00 -0.19000000E+00 -0.79848445E+00  0.22682300E+00 -0.69832756E+00  0.44873678E+00  0.30733994E+00
  0.22382776E+02 -0.48615992E+02 -0.97231985E-01  0.10000000E+01  0.73716181E+00 -0.19000000E+00  0.51658630E-01  0.22682300E+00 -0.13603266E+00 -0.18871248E+00 -0.24462764E-01
  0.22397069E+02 -0.48649190E+02 -0.97298380E-01  0.10000000E+01  0.72114662E+00 -0.19000000E+00 -0.97295745E+00  0.22682300E+00 -0.81307264E+00  0.58052369E+00  0.42026157E+00
  0.22411362E+02 -0.48681990E+02 -0.97363979E-01  0.10000000E+01  0.69376339E+00 -0.19000000E+00 -0.17387162E+01  0.22682300E+00 -0.13183230E+01  0.11561172E+01  0.75929519E+00
  0.22425655E+02 -0.48714392E+02 -0.97428783E-01  0.10000000E+01  0.66118898E+00 -0.19000000E+00 -0.22180579E+01  0.22682300E+00 -0.16339448E+01  0.15170543E+01  0.95556753E+00
  0.22439948E+02 -0.48746396E+02 -0.97492791E-01  0.10000000E+01  0.63907974E+00 -0.19000000E+00 -0.11383750E+01  0.22682300E+00 -0.92116177E+00  0.70626293E+00  0.52459382E+00
  0.22454240E+02 -0.48778001E+02 -0.97556002E-01  0.10000000E+01  0.60736303E+00 -0.19000000E+00 -0.20491314E+01  0.22682300E+00 -0.15209407E+01  0.13918073E+01  0.89981063E+00
  0.22468533E+02 -0.48809208E+02 -0.97618417E-01  0.10000000E+01  0.59421196E+00 -0.19000000E+00 -0.25034309E+00  0.22682300E+00 -0.33555709E+00  0.39009892E-01  0.17697808E+00
  0.22482826E+02 -0.48840016E+02 -0.97680033E-01  0.10000000E+01  0.57622362E+00 -0.19000000E+00 -0.64431761E+00  0.22682300E+00 -0.59483583E+00  0.33580380E+00  0.35553373E+00
  0.22497119E+02 -0.48870426E+02 -0.97740851E-01  0.10000000E+01  0.55415435E+00 -0.19000000E+00 -0.99099740E+00  0.22682300E+00 -0.82269104E+00  0.59724699E+00  0.50920076E+00
  0.22511412E+02 -0.48900435E+02 -0.97800871E-01  0.10000000E+01  0.52816623E+00 -0.19000000E+00 -0.14444205E+01  0.22682300E+00 -0.11204446E+01  0.93936314E+00  0.69535321E+00
  0.22525705E+02 -0.48930045E+02 -0.97860091E-01  0.10000000E+01  0.50265141E+00 -0.19000000E+00 -0.17610549E+01  0.22682300E+00 -0.13279815E+01  0.11786552E+01  0.80271348E+00
  0.22539998E+02 -0.48959256E+02 -0.97918511E-01  0.10000000E+01  0.47598117E+00 -0.19000000E+00 -0.23710527E+01  0.22682300E+00 -0.17279022E+01  0.16394186E+01  0.10156816E+01
  0.22554291E+02 -0.48988066E+02 -0.97976132E-01  0.10000000E+01  0.46177749E+00 -0.19000000E+00 -0.91843818E+00  0.22682300E+00 -0.77384850E+00  0.54418367E+00  0.44384682E+00
  0.22568584E+02 -0.49016476E+02 -0.98032952E-01  0.10000000E+01  0.44676717E+00 -0.19000000E+00 -0.62086098E+00  0.22682300E+00 -0.57841496E+00  0.31992681E+00  0.35655524E+00
  0.22582877E+02 -0.49044485E+02 -0.98088971E-01  0.10000000E+01  0.41959359E+00 -0.19000000E+00 -0.17878221E+01  0.22682300E+00 -0.13431698E+01  0.12015204E+01  0.83923437E+00
  0.22597170E+02 -0.49072094E+02 -0.98144188E-01  0.10000000E+01  0.39306345E+00 -0.19000000E+00 -0.19491758E+01  0.22682300E+00 -0.14482949E+01  0.13240758E+01  0.89069220E+00
  0.22611463E+02 -0.49099302E+02 -0.98198603E-01  0.10000000E+01  0.37798081E+00 -0.19000000E+00 -0.93131751E+00  0.22682300E+00 -0.78122329E+00  0.55541979E+00  0.47460441E+00
  0.22625756E+02 -0.49126108E+02 -0.98252216E-01  0.10000000E+01  0.36389270E+00 -0.19000000E+00 -0.69327029E+00  0.22682300E+00 -0.62518612E+00  0.37578541E+00  0.39609642E+00
  0.22640049E+02 -0.49152513E+02 -0.98305026E-01  0.10000000E+01  0.32983740E+00 -0.19000000E+00 -0.26989314E+01  0.22682300E+00 -0.19368110E+01  0.18932624E+01  0.12079509E+01
  0.22654342E+02 -0.49178516E+02 -0.98357032E-01  0.10000000E+01  0.31124733E+00 -0.19000000E+00 -0.14371824E+01  0.22682300E+00 -0.11111407E+01  0.93931259E+00  0.67811747E+00
  0.22668635E+02 -0.49204118E+02 -0.98408235E-01  0.10000000E+01  0.30129646E+00 -0.19000000E+00 -0.92392288E+00  0.22682300E+00 -0.77537450E+00  0.55124998E+00  0.45165526E+00
  0.22682928E+02 -0.49229317E+02 -0.98458634E-01  0.10000000E+01  0.29550210E+00 -0.19000000E+00 -0.74230170E+00  0.22682300E+00 -0.65652733E+00  0.41404390E+00  0.37067773E+00
  0.22697221E+02 -0.49254114E+02 -0.98508228E-01  0.10000000E+01  0.27682357E+00 -0.19000000E+00 -0.17604043E+01  0.22682300E+00 -0.13208690E+01  0.11856546E+01  0.80618277E+00
  0.22711514E+02 -0.49278509E+02 -0.98557018E-01  0.10000000E+01  0.25046421E+00 -0.19000000E+00 -0.20170224E+01  0.22682300E+00 -0.14877774E+01  0.13807051E+01  0.94278288E+00
  0.22725807E+02 -0.49302501E+02 -0.98605001E-01  0.10000000E+01  0.22654824E+00 -0.19000000E+00 -0.18238735E+01  0.22682300E+00 -0.13612534E+01  0.12348896E+01  0.85943512E+00
  0.22740100E+02 -0.49326090E+02 -0.98652180E-01  0.10000000E+01  0.19090479E+00 -0.19000000E+00 -0.30456553E+01  0.22682300E+00 -0.21570450E+01  0.21620875E+01  0.13462293E+01
  0.22754393E+02 -0.49349276E+02 -0.98698552E-01  0.10000000E+01  0.17694682E+00 -0.19000000E+00 -0.98334353E+00  0.22682300E+00 -0.81268479E+00  0.59829475E+00  0.50422456E+00
  0.22768686E+02 -0.49372058E+02 -0.98744117E-01  0.10000000E+01  0.15500601E+00 -0.19000000E+00 -0.18145593E+01  0.22682300E+00 -0.13536883E+01  0.12294723E+01  0.84093115E+00
  0.22782979E+02 -0.49394438E+02 -0.98788876E-01  0.10000000E+01  0.14885217E+00 -0.19000000E+00 -0.39274441E+00  0.22682300E+00 -0.42782274E+00  0.15054748E+00  0.26120616E+00
  0.22797272E+02 -0.49416413E+02 -0.98832827E-01  0.10000000E+01  0.13292999E+00 -0.19000000E+00 -0.18012775E+01  0.22682300E+00 -0.13440955E+01  0.12204329E+01  0.80797895E+00
  0.22811564E+02 -0.49437985E+02 -0.98875971E-01  0.10000000E+01  0.11607438E+00 -0.19000000E+00 -0.23487162E+01  0.22682300E+00 -0.16996193E+01  0.16368295E+01  0.99947647E+00
  0.22825857E+02 -0.49459153E+02 -0.98918306E-01  0.10000000E+01  0.10121093E+00 -0.19000000E+00 -0.18393406E+01  0.22682300E+00 -0.13679254E+01  0.12503610E+01  0.80968659E+00
  0.22840150E+02 -0.49479917E+02 -0.98959834E-01  0.10000000E+01  0.10025467E+00 -0.19000000E+00 -0.52173682E+00  0.22682300E+00 -0.51140591E+00  0.24924281E+00  0.27556388E+00
  0.22854443E+02 -0.49500276E+02 -0.99000552E-01  0.10000000E+01  0.86387554E-01 -0.19000000E+00 -0.16574622E+01  0.22682300E+00 -0.12489078E+01  0.11130404E+01  0.74981284E+00
  0.22868736E+02 -0.49520231E+02 -0.99040462E-01  0.10000000E+01  0.66104670E-01 -0.19000000E+00 -0.19866043E+01  0.22682300E+00 -0.14621924E+01  0.13638325E+01  0.90301788E+00
  0.22883029E+02 -0.49539781E+02 -0.99079563E-01  0.10000000E+01  0.43932630E-01 -0.19000000E+00 -0.22833125E+01  0.22682300E+00 -0.16542668E+01  0.15900837E+01  0.10108996E+01
  0.22897322E+02 -0.49558927E+02 -0.99117853E-01  0.10000000E+01  0.34540477E-01 -0.19000000E+00 -0.12665858E+01  0.22682300E+00 -0.99421969E+00  0.81683266E+00  0.58180037E+00
  0.22911615E+02 -0.49577667E+02 -0.99155334E-01  0.10000000E+01  0.22779915E-01 -0.19000000E+00 -0.15363542E+01  0.22682300E+00 -0.11688748E+01  0.10225286E+01  0.69083766E+00
  0.22925908E+02 -0.49596003E+02 -0.99192005E-01  0.10000000E+01  0.69744490E-02 -0.19000000E+00 -0.20686077E+01  0.22682300E+00 -0.15135399E+01  0.14282100E+01  0.89597818E+00
  0.22940201E+02 -0.49613933E+02 -0.99227865E-01  0.10000000E+01 -0.65290167E-02 -0.19000000E+00 -0.20848461E+01  0.22682300E+00 -0.15236143E+01  0.14410523E+01  0.88284915E+00
  0.22954494E+02 -0.49631457E+02 -0.99262914E-01  0.10000000E+01 -0.19912792E-01 -0.19000000E+00 -0.19957858E+01  0.22682300E+00 -0.14654889E+01  0.13736637E+01  0.84773578E+00
  0.22968787E+02 -0.49648576E+02 -0.99297152E-01  0.10000000E+01 -0.27453067E-01 -0.19000000E+00 -0.14708483E+01  0.22682300E+00 -0.11251950E+01  0.97405317E+00  0.62986527E+00
  0.22983080E+02 -0.49665290E+02 -0.99330579E-01  0.10000000E+01 -0.34842985E-01 -0.19000000E+00 -0.16313396E+01  0.22682300E+00 -0.12287891E+01  0.10967200E+01  0.68240857E+00
  0.22997373E+02 -0.49681597E+02 -0.99363194E-01  0.10000000E+01 -0.39582885E-01 -0.19000000E+00 -0.19638021E+01  0.22682300E+00 -0.14435917E+01  0.13505593E+01  0.77391327E+00
  0.23011666E+02 -0.49697499E+02 -0.99394997E-01  0.10000000E+01 -0.46308646E-01 -0.19000000E+00 -0.19735467E+01  0.22682300E+00 -0.14495198E+01  0.13583915E+01  0.78904069E+00
  0.23025959E+02 -0.49712994E+02 -0.99425988E-01  0.10000000E+01 -0.57754793E-01 -0.19000000E+00 -0.19028306E+01  0.22682300E+00 -0.14034262E+01  0.13048402E+01  0.79159517E+00
  0.23040252E+02 -0.49728083E+02 -0.99456166E-01  0.10000000E+01 -0.70597381E-01 -0.19000000E+00 -0.20317277E+01  0.22682300E+00 -0.14864036E+01  0.14035564E+01  0.84163955E+00
  0.23054545E+02 -0.49742766E+02 -0.99485532E-01  0.10000000E+01 -0.84347126E-01 -0.19000000E+00 -0.20998953E+01  0.22682300E+00 -0.15300952E+01  0.14559594E+01  0.86638284E+00
  0.23068838E+02 -0.49757042E+02 -0.99514085E-01  0.10000000E+01 -0.94068729E-01 -0.19000000E+00 -0.18107352E+01  0.22682300E+00 -0.13429262E+01  0.12356212E+01  0.73814408E+00
  0.23083131E+02 -0.49770912E+02 -0.99541824E-01  0.10000000E+01 -0.10495805E+00 -0.19000000E+00 -0.19732515E+01  0.22682300E+00 -0.14475875E+01  0.13600223E+01  0.79894182E+00
  0.23097424E+02 -0.49784375E+02 -0.99568750E-01  0.10000000E+01 -0.11277429E+00 -0.19000000E+00 -0.16954441E+01  0.22682300E+00 -0.12678970E+01  0.11482231E+01  0.68239449E+00
  0.23111717E+02 -0.49797431E+02 -0.99594863E-01  0.10000000E+01 -0.12397663E+00 -0.19000000E+00 -0.20217176E+01  0.22682300E+00 -0.14782423E+01  0.13977090E+01  0.81218901E+00
  0.23126010E+02 -0.49810081E+02 -0.99620162E-01  0.10000000E+01 -0.13500769E+00 -0.19000000E+00 -0.20649790E+01  0.22682300E+00 -0.15058513E+01  0.14310831E+01  0.82124484E+00
  0.23140303E+02 -0.49822323E+02 -0.99644646E-01  0.10000000E+01 -0.14046016E+00 -0.19000000E+00 -0.16608567E+01  0.22682300E+00 -0.12448219E+01  0.11226362E+01  0.64465673E+00
  0.23154596E+02 -0.49834158E+02 -0.99668317E-01  0.10000000E+01 -0.14601949E+00 -0.19000000E+00 -0.17514370E+01  0.22682300E+00 -0.13030145E+01  0.11921130E+01  0.67450963E+00
  0.23168888E+02 -0.49845586E+02 -0.99691172E-01  0.10000000E+01 -0.15405298E+00 -0.19000000E+00 -0.19658040E+01  0.22682300E+00 -0.14410112E+01  0.13562156E+01  0.75903452E+00
  0.23183181E+02 -0.49856607E+02 -0.99713214E-01  0.10000000E+01 -0.16298975E+00 -0.19000000E+00 -0.20633851E+01  0.22682300E+00 -0.15036611E+01  0.14310870E+01  0.79294453E+00
  0.23197474E+02 -0.49867220E+02 -0.99734440E-01  0.10000000E+01 -0.17126912E+00 -0.19000000E+00 -0.20510355E+01  0.22682300E+00 -0.14954359E+01  0.14219236E+01  0.77910482E+00
  0.23211767E+02 -0.49877426E+02 -0.99754852E-01  0.10000000E+01 -0.17926272E+00 -0.19000000E+00 -0.20353494E+01  0.22682300E+00 -0.14850741E+01  0.14101953E+01  0.76632347E+00
  0.23226060E+02 -0.49887224E+02 -0.99774448E-01  0.10000000E+01 -0.18816305E+00 -0.19000000E+00 -0.21278741E+01  0.22682300E+00 -0.15444460E+01  0.14812100E+01  0.79736669E+00
  0.23240353E+02 -0.49896614E+02 -0.99793229E-01  0.10000000E+01 -0.19504683E+00 -0.19000000E+00 -0.19990963E+01  0.22682300E+00 -0.14612486E+01  0.13829632E+01  0.73367144E+00
  0.23254646E+02 -0.49905597E+02 -0.99811195E-01  0.10000000E+01 -0.19863229E+00 -0.19000000E+00 -0.17386337E+01  0.22682300E+00 -0.12932812E+01  0.11839425E+01  0.62003837E+00
  0.23268939E+02 -0.49914172E+02 -0.99828344E-01  0.10000000E+01 -0.20266034E+00 -0.19000000E+00 -0.18044131E+01  0.22682300E+00 -0.13354615E+01  0.12344625E+01  0.64126744E+00
  0.23283232E+02 -0.49922339E+02 -0.99844679E-01  0.10000000E+01 -0.20548283E+00 -0.19000000E+00 -0.16875069E+01  0.22682300E+00 -0.12600184E+01  0.11451995E+01  0.58921170E+00
  0.23297525E+02 -0.49930098E+02 -0.99860197E-01  0.10000000E+01 -0.20961080E+00 -0.19000000E+00 -0.18322199E+01  0.22682300E+00 -0.13530182E+01  0.12561131E+01  0.64354567E+00
  0.23311818E+02 -0.49937450E+02 -0.99874899E-01  0.10000000E+01 -0.22094505E+00 -0.19000000E+00 -0.26784173E+01  0.22682300E+00 -0.18974895E+01  0.19039173E+01  0.96913529E+00
  0.23326111E+02 -0.49944393E+02 -0.99888785E-01  0.10000000E+01 -0.22377810E+00 -0.19000000E+00 -0.20581091E+01  0.22682300E+00 -0.14980715E+01  0.14293508E+01  0.69299031E+00
  0.23340404E+02 -0.49950928E+02 -0.99901855E-01  0.10000000E+01 -0.22135169E+00 -0.19000000E+00 -0.16504339E+01  0.22682300E+00 -0.12355925E+01  0.11174489E+01  0.51508055E+00
  0.23354697E+02 -0.49957054E+02 -0.99914109E-01  0.10000000E+01 -0.22113104E+00 -0.19000000E+00 -0.19504153E+01  0.22682300E+00 -0.14284695E+01  0.13472355E+01  0.62584458E+00
  0.23368990E+02 -0.49962773E+02 -0.99925546E-01  0.10000000E+01 -0.22063213E+00 -0.19000000E+00 -0.20071501E+01  0.22682300E+00 -0.14648316E+01  0.13908157E+01  0.63728818E+00
  0.23383283E+02 -0.49968083E+02 -0.99936167E-01  0.10000000E+01 -0.21938904E+00 -0.19000000E+00 -0.19782540E+01  0.22682300E+00 -0.14461164E+01  0.13688262E+01  0.61672419E+00
  0.23397576E+02 -0.49972985E+02 -0.99945971E-01  0.10000000E+01 -0.21702074E+00 -0.19000000E+00 -0.19432341E+01  0.22682300E+00 -0.14234762E+01  0.13421337E+01  0.58984663E+00
  0.23411869E+02 -0.49977479E+02 -0.99954958E-01  0.10000000E+01 -0.21409345E+00 -0.19000000E+00 -0.19174712E+01  0.22682300E+00 -0.14068031E+01  0.13225163E+01  0.57166065E+00
  0.23426162E+02 -0.49981564E+02 -0.99963128E-01  0.10000000E+01 -0.21164607E+00 -0.19000000E+00 -0.19463059E+01  0.22682300E+00 -0.14252505E+01  0.13446993E+01  0.57650702E+00
  0.23440455E+02 -0.49985241E+02 -0.99970482E-01  0.10000000E+01 -0.20954497E+00 -0.19000000E+00 -0.19446763E+01  0.22682300E+00 -0.14241165E+01  0.13435427E+01  0.57176842E+00
  0.23454748E+02 -0.49988509E+02 -0.99977018E-01  0.10000000E+01 -0.20702662E+00 -0.19000000E+00 -0.19185945E+01  0.22682300E+00 -0.14072707E+01  0.13236475E+01  0.55168553E+00
  0.23469041E+02 -0.49991369E+02 -0.99982738E-01  0.10000000E+01 -0.20414557E+00 -0.19000000E+00 -0.19286477E+01  0.22682300E+00 -0.14136679E+01  0.13314180E+01  0.54504004E+00
  0.23483334E+02 -0.49993820E+02 -0.99987641E-01  0.10000000E+01 -0.20048100E+00 -0.19000000E+00 -0.19286099E+01  0.22682300E+00 -0.14135866E+01  0.13314494E+01  0.53430573E+00
  0.23497627E+02 -0.49995863E+02 -0.99991726E-01  0.10000000E+01 -0.19588169E+00 -0.19000000E+00 -0.19315764E+01  0.22682300E+00 -0.14154461E+01  0.13337722E+01  0.52220472E+00
  0.23511920E+02 -0.49997497E+02 -0.99994995E-01  0.10000000E+01 -0.19106358E+00 -0.19000000E+00 -0.19401290E+01  0.22682300E+00 -0.14209059E+01  0.13403640E+01  0.51521692E+00
  0.23526213E+02 -0.49998723E+02 -0.99997446E-01  0.10000000E+01 -0.18642065E+00 -0.19000000E+00 -0.19213848E+01  0.22682300E+00 -0.14088284E+01  0.13260358E+01  0.50299767E+00
  0.23540505E+02 -0.49999540E+02 -0.99999081E-01  0.10000000E+01 -0.18194096E+00 -0.19000000E+00 -0.19484095E+01  0.22682300E+00 -0.14261808E+01  0.13467579E+01  0.50320846E+00
  0.23554798E+02 -0.49999949E+02 -0.99999898E-01  0.10000000E+01 -0.17708119E+00 -0.19000000E+00 -0.19346770E+01  0.22682300E+00 -0.14173441E+01  0.13362483E+01  0.48730850E+00
  0.23569091E+02 -0.49999949E+02 -0.99999898E-01  0.10000000E+01 -0.17142464E+00 -0.19000000E+00 -0.19044508E+01  0.22682300E+00 -0.13979150E+01  0.13130938E+01  0.46297224E+00
  0.23583384E+02 -0.49999540E+02 -0.99999081E-01  0.10000000E+01 -0.16518048E+00 -0.19000000E+00 -0.19144891E+01  0.22682300E+00 -0.14043769E+01  0.13207735E+01  0.45523625E+00
  0.23597677E+02 -0.49998723E+02 -0.99997446E-01  0.10000000E+01 -0.15803254E+00 -0.19000000E+00 -0.19432896E+01  0.22682300E+00 -0.14229089E+01  0.13428155E+01  0.45018158E+00
  0.23611970E+02 -0.49997497E+02 -0.99994995E-01  0.10000000E+01 -0.14985130E+00 -0.19000000E+00 -0.19082749E+01  0.22682300E+00 -0.14004294E+01  0.13159632E+01  0.42578331E+00
  0.23626263E+02 -0.49995863E+02 -0.99991726E-01  0.10000000E+01 -0.14159348E+00 -0.19000000E+00 -0.19076898E+01  0.22682300E+00 -0.14000908E+01  0.13154751E+01  0.41742836E+00
  0.23640556E+02 -0.49993820E+02 -0.99987641E-01  0.10000000E+01 -0.13362629E+00 -0.19000000E+00 -0.19053477E+01  0.22682300E+00 -0.13986321E+01  0.13136312E+01  0.41091114E+00
  0.23654849E+02 -0.49991369E+02 -0.99982738E-01  0.10000000E+01 -0.12568019E+00 -0.19000000E+00 -0.19106569E+01  0.22682300E+00 -0.14021015E+01  0.13176379E+01  0.40359231E+00
  0.23669142E+02 -0.49988509E+02 -0.99977018E-01  0.10000000E+01 -0.11765202E+00 -0.19000000E+00 -0.19245076E+01  0.22682300E+00 -0.14110725E+01  0.13281764E+01  0.39865212E+00
  0.23683435E+02 -0.49985241E+02 -0.99970482E-01  0.10000000E+01 -0.10928421E+00 -0.19000000E+00 -0.19338905E+01  0.22682300E+00 -0.14171813E+01  0.13352821E+01  0.38980199E+00
  0.23697728E+02 -0.49981564E+02 -0.99963128E-01  0.10000000E+01 -0.10028821E+00 -0.19000000E+00 -0.19177943E+01  0.22682300E+00 -0.14069166E+01  0.13228641E+01  0.37143909E+00
  0.23712021E+02 -0.49977479E+02 -0.99954958E-01  0.10000000E+01 -0.90733553E-01 -0.19000000E+00 -0.19178728E+01  0.22682300E+00 -0.14070614E+01  0.13228238E+01  0.35899381E+00
  0.23726314E+02 -0.49972985E+02 -0.99945971E-01  0.10000000E+01 -0.80686230E-01 -0.19000000E+00 -0.18951222E+01  0.22682300E+00 -0.13925331E+01  0.13052924E+01  0.34204602E+00
  0.23740607E+02 -0.49968083E+02 -0.99936167E-01  0.10000000E+01 -0.70496326E-01 -0.19000000E+00 -0.19259325E+01  0.22682300E+00 -0.14124624E+01  0.13287643E+01  0.34229819E+00
  0.23754900E+02 -0.49962773E+02 -0.99925546E-01  0.10000000E+01 -0.60037268E-01 -0.19000000E+00 -0.19340751E+01  0.22682300E+00 -0.14178236E+01  0.13348676E+01  0.33417683E+00
  0.23769193E+02 -0.49957054E+02 -0.99914109E-01  0.10000000E+01 -0.49435098E-01 -0.19000000E+00 -0.19655026E+01  0.22682300E+00 -0.14381760E+01  0.13587858E+01  0.33364971E+00
  0.23783486E+02 -0.49950928E+02 -0.99901855E-01  0.10000000E+01 -0.38728663E-01 -0.19000000E+00 -0.20031099E+01  0.22682300E+00 -0.14625195E+01  0.13874201E+01  0.33574418E+00
  0.23797779E+02 -0.49944393E+02 -0.99888785E-01  0.10000000E+01 -0.29760248E-01 -0.19000000E+00 -0.22131526E+01  0.22682300E+00 -0.15978467E+01  0.15480243E+01  0.40951214E+00
  0.23812072E+02 -0.49937450E+02 -0.99874899E-01  0.10000000E+01 -0.17743941E-01 -0.19000000E+00 -0.19625334E+01  0.22682300E+00 -0.14367299E+01  0.13560212E+01  0.29609183E+00
  0.23826365E+02 -0.49930098E+02 -0.99860197E-01  0.10000000E+01 -0.13730139E-02 -0.19000000E+00 -0.15358093E+01  0.22682300E+00 -0.11622123E+01  0.10292821E+01  0.11767416E+00
  0.23840658E+02 -0.49922339E+02 -0.99844679E-01  0.10000000E+01  0.11687765E-01 -0.19000000E+00 -0.18406473E+01  0.22682300E+00 -0.13586140E+01  0.12623783E+01  0.23661032E+00
  0.23854951E+02 -0.49914172E+02 -0.99828344E-01  0.10000000E+01  0.23995135E-01 -0.19000000E+00 -0.19389236E+01  0.22682300E+00 -0.14220775E+01  0.13373740E+01  0.26628437E+00
  0.23869244E+02 -0.49905597E+02 -0.99811195E-01  0.10000000E+01  0.36538809E-01 -0.19000000E+00 -0.19596965E+01  0.22682300E+00 -0.14356563E+01  0.13530520E+01  0.26206693E+00
  0.23883537E+02 -0.49896614E+02 -0.99793229E-01  0.10000000E+01  0.49342084E-01 -0.19000000E+00 -0.19830204E+01  0.22682300E+00 -0.14508930E+01  0.13706670E+01  0.25751252E+00
  0.23897829E+02 -0.49887224E+02 -0.99774448E-01  0.10000000E+01  0.62641866E-01 -0.19000000E+00 -0.19538261E+01  0.22682300E+00 -0.14323079E+01  0.13481020E+01  0.23643074E+00
  0.23912122E+02 -0.49877426E+02 -0.99754852E-01  0.10000000E+01  0.76119233E-01 -0.19000000E+00 -0.19548675E+01  0.22682300E+00 -0.14332096E+01  0.13486534E+01  0.22823836E+00
  0.23926415E+02 -0.49867220E+02 -0.99734440E-01  0.10000000E+01  0.90079452E-01 -0.19000000E+00 -0.19255406E+01  0.22682300E+00 -0.14145468E+01  0.13259761E+01  0.20915710E+00
  0.23940708E+02 -0.49856607E+02 -0.99713214E-01  0.10000000E+01  0.10427195E+00 -0.19000000E+00 -0.19650070E+01  0.22682300E+00 -0.14402365E+01  0.13558835E+01  0.21144808E+00
  0.23955001E+02 -0.49845586E+02 -0.99691172E-01  0.10000000E+01  0.11882251E+00 -0.19000000E+00 -0.19701857E+01  0.22682300E+00 -0.14438367E+01  0.13595646E+01  0.20320039E+00
  0.23969294E+02 -0.49834158E+02 -0.99668317E-01  0.10000000E+01  0.13345002E+00 -0.19000000E+00 -0.20078050E+01  0.22682300E+00 -0.14683724E+01  0.13880245E+01  0.20595671E+00
  0.23983587E+02 -0.49822323E+02 -0.99644646E-01  0.10000000E+01  0.14858036E+00 -0.19000000E+00 -0.19705809E+01  0.22682300E+00 -0.14446436E+01  0.13592802E+01  0.18368698E+00
  0.23997880E+02 -0.49810081E+02 -0.99620162E-01  0.10000000E+01  0.16375796E+00 -0.19000000E+00 -0.20091008E+01  0.22682300E+00 -0.14697917E+01  0.13883972E+01  0.18768548E+00
  0.24012173E+02 -0.49797431E+02 -0.99594863E-01  0.10000000E+01  0.17951975E+00 -0.19000000E+00 -0.19778756E+01  0.22682300E+00 -0.14499426E+01  0.13642239E+01  0.16764995E+00
  0.24026466E+02 -0.49784375E+02 -0.99568750E-01  0.10000000E+01  0.19693079E+00 -0.19000000E+00 -0.18529099E+01  0.22682300E+00 -0.13695674E+01  0.12684671E+01  0.10738804E+00
  0.24040759E+02 -0.49770912E+02 -0.99541824E-01  0.10000000E+01  0.21609662E+00 -0.19000000E+00 -0.16654916E+01  0.22682300E+00 -0.12488222E+01  0.11250574E+01  0.28398920E-01
  0.24055052E+02 -0.49757042E+02 -0.99514085E-01  0.10000000E+01  0.22988601E+00 -0.19000000E+00 -0.21856866E+01  0.22682300E+00 -0.15851561E+01  0.15218261E+01  0.23392144E+00
  0.24069345E+02 -0.49742766E+02 -0.99485532E-01  0.10000000E+01  0.24108498E+00 -0.19000000E+00 -0.25283878E+01  0.22682300E+00 -0.18069957E+01  0.17829638E+01  0.35703491E+00
  0.24083638E+02 -0.49728083E+02 -0.99456166E-01  0.10000000E+01  0.25726026E+00 -0.19000000E+00 -0.21444355E+01  0.22682300E+00 -0.15592597E+01  0.14895507E+01  0.18574070E+00
  0.24097931E+02 -0.49712994E+02 -0.99425988E-01  0.10000000E+01  0.27417534E+00 -0.19000000E+00 -0.20963377E+01  0.22682300E+00 -0.15285511E+01  0.14524503E+01  0.15678380E+00
  0.24112224E+02 -0.49697499E+02 -0.99394997E-01  0.10000000E+01  0.29105915E+00 -0.19000000E+00 -0.20884561E+01  0.22682300E+00 -0.15238458E+01  0.14460260E+01  0.14960549E+00
  0.24126517E+02 -0.49681597E+02 -0.99363194E-01  0.10000000E+01  0.30790237E+00 -0.19000000E+00 -0.21289449E+01  0.22682300E+00 -0.15504448E+01  0.14764742E+01  0.15877437E+00
  0.24140810E+02 -0.49665290E+02 -0.99330579E-01  0.10000000E+01  0.32481282E+00 -0.19000000E+00 -0.21390503E+01  0.22682300E+00 -0.15574057E+01  0.14837359E+01  0.15621670E+00
  0.24155103E+02 -0.49648576E+02 -0.99297152E-01  0.10000000E+01  0.34186404E+00 -0.19000000E+00 -0.21533401E+01  0.22682300E+00 -0.15670907E+01  0.14941716E+01  0.15405046E+00
  0.24169396E+02 -0.49631457E+02 -0.99262914E-01  0.10000000E+01  0.35886349E+00 -0.19000000E+00 -0.21997606E+01  0.22682300E+00 -0.15976037E+01  0.15290708E+01  0.16658670E+00
  0.24183689E+02 -0.49613933E+02 -0.99227865E-01  0.10000000E+01  0.37596448E+00 -0.19000000E+00 -0.22022249E+01  0.22682300E+00 -0.15996681E+01  0.15304592E+01  0.16090597E+00
  0.24197982E+02 -0.49596003E+02 -0.99192005E-01  0.10000000E+01  0.39312864E+00 -0.19000000E+00 -0.22138443E+01  0.22682300E+00 -0.16076783E+01  0.15388066E+01  0.15978337E+00
  0.24212275E+02 -0.49577667E+02 -0.99155334E-01  0.10000000E+01  0.41021496E+00 -0.19000000E+00 -0.22477022E+01  0.22682300E+00 -0.16301247E+01  0.15640676E+01  0.16871478E+00
  0.24226568E+02 -0.49558927E+02 -0.99117853E-01  0.10000000E+01  0.42730177E+00 -0.19000000E+00 -0.22475127E+01  0.22682300E+00 -0.16305132E+01  0.15633901E+01  0.16456310E+00
  0.24240861E+02 -0.49539781E+02 -0.99079563E-01  0.10000000E+01  0.44421633E+00 -0.19000000E+00 -0.23127785E+01  0.22682300E+00 -0.16733878E+01  0.16125031E+01  0.18420716E+00
  0.24255153E+02 -0.49520231E+02 -0.99040462E-01  0.10000000E+01  0.46106931E+00 -0.19000000E+00 -0.23377247E+01  0.22682300E+00 -0.16901325E+01  0.16309070E+01  0.18941766E+00
  0.24269446E+02 -0.49500276E+02 -0.99000552E-01  0.10000000E+01  0.47766166E+00 -0.19000000E+00 -0.23593277E+01  0.22682300E+00 -0.17047304E+01  0.16467454E+01  0.19600658E+00
  0.24283739E+02 -0.49479917E+02 -0.98959834E-01  0.10000000E+01  0.49387194E+00 -0.19000000E+00 -0.23952432E+01  0.22682300E+00 -0.17286502E+01  0.16734417E+01  0.20916176E+00
  0.24298032E+02 -0.49459153E+02 -0.98918306E-01  0.10000000E+01  0.50939932E+00 -0.19000000E+00 -0.24255472E+01  0.22682300E+00 -0.17489539E+01  0.16958445E+01  0.21979436E+00
  0.24312325E+02 -0.49437985E+02 -0.98875971E-01  0.10000000E+01  0.52348019E+00 -0.19000000E+00 -0.25063776E+01  0.22682300E+00 -0.18021419E+01  0.17566052E+01  0.25512520E+00
  0.24326618E+02 -0.49416413E+02 -0.98832827E-01  0.10000000E+01  0.53691210E+00 -0.19000000E+00 -0.25086711E+01  0.22682300E+00 -0.18042952E+01  0.17576684E+01  0.25788873E+00
  0.24340911E+02 -0.49394438E+02 -0.98788876E-01  0.10000000E+01  0.55097467E+00 -0.19000000E+00 -0.25252368E+01  0.22682300E+00 -0.18157510E+01  0.17695531E+01  0.25789754E+00
  0.24355204E+02 -0.49372058E+02 -0.98744117E-01  0.10000000E+01  0.56632350E+00 -0.19000000E+00 -0.25658683E+01  0.22682300E+00 -0.18428990E+01  0.17996811E+01  0.25999282E+00
  0.24369497E+02 -0.49349276E+02 -0.98698552E-01  0.10000000E+01  0.58195723E+00 -0.19000000E+00 -0.25849155E+01  0.22682300E+00 -0.18560227E+01  0.18133992E+01  0.26341787E+00
  0.24383790E+02 -0.49326090E+02 -0.98652180E-01  0.10000000E+01  0.59774500E+00 -0.19000000E+00 -0.25859676E+01  0.22682300E+00 -0.18574420E+01  0.18134460E+01  0.26160401E+00
  0.24398083E+02 -0.49302501E+02 -0.98605001E-01  0.10000000E+01  0.61332335E+00 -0.19000000E+00 -0.26221264E+01  0.22682300E+00 -0.18817664E+01  0.18400953E+01  0.27174013E+00
  0.24412376E+02 -0.49278509E+02 -0.98557018E-01  0.10000000E+01  0.62862150E+00 -0.19000000E+00 -0.26409042E+01  0.22682300E+00 -0.18947870E+01  0.18535387E+01  0.27953409E+00
  0.24426669E+02 -0.49254114E+02 -0.98508228E-01  0.10000000E+01  0.64331093E+00 -0.19000000E+00 -0.26904357E+01  0.22682300E+00 -0.19279056E+01  0.18902575E+01  0.29675457E+00
  0.24440962E+02 -0.49229317E+02 -0.98458634E-01  0.10000000E+01  0.65711001E+00 -0.19000000E+00 -0.27022327E+01  0.22682300E+00 -0.19364273E+01  0.18983571E+01  0.30557696E+00
  0.24455255E+02 -0.49204118E+02 -0.98408235E-01  0.10000000E+01  0.66913365E+00 -0.19000000E+00 -0.27179491E+01  0.22682300E+00 -0.19475306E+01  0.19094033E+01  0.32254547E+00
  0.24469548E+02 -0.49178516E+02 -0.98357032E-01  0.10000000E+01  0.68039971E+00 -0.19000000E+00 -0.27498880E+01  0.22682300E+00 -0.19692622E+01  0.19327026E+01  0.33591402E+00
  0.24483841E+02 -0.49152513E+02 -0.98305026E-01  0.10000000E+01  0.69227793E+00 -0.19000000E+00 -0.27659444E+01  0.22682300E+00 -0.19806407E+01  0.19439545E+01  0.33565154E+00
  0.24498134E+02 -0.49126108E+02 -0.98252216E-01  0.10000000E+01  0.70594743E+00 -0.19000000E+00 -0.27227070E+01  0.22682300E+00 -0.19532420E+01  0.19103475E+01  0.31092726E+00
  0.24512427E+02 -0.49099302E+02 -0.98198603E-01  0.10000000E+01  0.72068422E+00 -0.19000000E+00 -0.27621953E+01  0.22682300E+00 -0.19799905E+01  0.19392805E+01  0.31481528E+00
  0.24526720E+02 -0.49072094E+02 -0.98144188E-01  0.10000000E+01  0.73516579E+00 -0.19000000E+00 -0.27587500E+01  0.22682300E+00 -0.19786542E+01  0.19357371E+01  0.31664155E+00
  0.24541013E+02 -0.49044485E+02 -0.98088971E-01  0.10000000E+01  0.74942602E+00 -0.19000000E+00 -0.27803279E+01  0.22682300E+00 -0.19937304E+01  0.19510794E+01  0.32493036E+00
  0.24555306E+02 -0.49016476E+02 -0.98032952E-01  0.10000000E+01  0.76329360E+00 -0.19000000E+00 -0.28079603E+01  0.22682300E+00 -0.20128065E+01  0.19709642E+01  0.33689393E+00
  0.24569599E+02 -0.48988066E+02 -0.97976132E-01  0.10000000E+01  0.77682401E+00 -0.19000000E+00 -0.28071905E+01  0.22682300E+00 -0.20132784E+01  0.19693850E+01  0.33950395E+00
  0.24583892E+02 -0.48959256E+02 -0.97918511E-01  0.10000000E+01  0.78959777E+00 -0.19000000E+00 -0.28751736E+01  0.22682300E+00 -0.20589058E+01  0.20196482E+01  0.36514442E+00
  0.24598185E+02 -0.48930045E+02 -0.97860091E-01  0.10000000E+01  0.80102516E+00 -0.19000000E+00 -0.28482115E+01  0.22682300E+00 -0.20422216E+01  0.19982713E+01  0.37000946E+00
  0.24612477E+02 -0.48900435E+02 -0.97800871E-01  0.10000000E+01  0.81031685E+00 -0.19000000E+00 -0.29353624E+01  0.22682300E+00 -0.21005444E+01  0.20628898E+01  0.41006815E+00
  0.24626770E+02 -0.48870426E+02 -0.97740851E-01  0.10000000E+01  0.81896811E+00 -0.19000000E+00 -0.29504759E+01  0.22682300E+00 -0.21115657E+01  0.20731732E+01  0.42068759E+00
  0.24641063E+02 -0.48840016E+02 -0.97680033E-01  0.10000000E+01  0.82940284E+00 -0.19000000E+00 -0.29170391E+01  0.22682300E+00 -0.20906588E+01  0.20468785E+01  0.40197437E+00
  0.24655356E+02 -0.48809208E+02 -0.97618417E-01  0.10000000E+01  0.84191574E+00 -0.19000000E+00 -0.29788010E+01  0.22682300E+00 -0.21324336E+01  0.20922312E+01  0.40662980E+00
  0.24669649E+02 -0.48778001E+02 -0.97556002E-01  0.10000000E+01  0.85433986E+00 -0.19000000E+00 -0.29486005E+01  0.22682300E+00 -0.21136713E+01  0.20683537E+01  0.40510319E+00
  0.24683942E+02 -0.48746396E+02 -0.97492791E-01  0.10000000E+01  0.86673255E+00 -0.19000000E+00 -0.29817839E+01  0.22682300E+00 -0.21366929E+01  0.20921347E+01  0.41663289E+00
  0.24698235E+02 -0.48714392E+02 -0.97428783E-01  0.10000000E+01  0.87933936E+00 -0.19000000E+00 -0.30180805E+01  0.22682300E+00 -0.21618101E+01  0.21182152E+01  0.42622358E+00
  0.24712528E+02 -0.48681990E+02 -0.97363979E-01  0.10000000E+01  0.89191729E+00 -0.19000000E+00 -0.29749513E+01  0.22682300E+00 -0.21345321E+01  0.20845999E+01  0.42051004E+00
  0.24726821E+02 -0.48649190E+02 -0.97298380E-01  0.10000000E+01  0.90434869E+00 -0.19000000E+00 -0.30773477E+01  0.22682300E+00 -0.22033752E+01  0.21602444E+01  0.45007596E+00
  0.24741114E+02 -0.48615992E+02 -0.97231985E-01  0.10000000E+01  0.91672688E+00 -0.19000000E+00 -0.30433943E+01  0.22682300E+00 -0.21821797E+01  0.21334922E+01  0.44719807E+00
  0.24755407E+02 -0.48582398E+02 -0.97164796E-01  0.10000000E+01  0.92915807E+00 -0.19000000E+00 -0.30596398E+01  0.22682300E+00 -0.21941774E+01  0.21443950E+01  0.45302869E+00
  0.24769700E+02 -0.48548406E+02 -0.97096812E-01  0.10000000E+01  0.94183663E+00 -0.19000000E+00 -0.30666146E+01  0.22682300E+00 -0.22000664E+01  0.21483206E+01  0.45265224E+00
  0.24783993E+02 -0.48514018E+02 -0.97028036E-01  0.10000000E+01  0.95467363E+00 -0.19000000E+00 -0.30019277E+01  0.22682300E+00 -0.21585045E+01  0.20985417E+01  0.43811473E+00
  0.24798286E+02 -0.48479233E+02 -0.96958466E-01  0.10000000E+01  0.96761787E+00 -0.19000000E+00 -0.30448457E+01  0.22682300E+00 -0.21882280E+01  0.21293642E+01  0.44849219E+00
  0.24812579E+02 -0.48444052E+02 -0.96888104E-01  0.10000000E+01  0.98063578E+00 -0.19000000E+00 -0.29770047E+01  0.22682300E+00 -0.21445328E+01  0.20772542E+01  0.43508285E+00
  0.24826872E+02 -0.48408475E+02 -0.96816951E-01  0.10000000E+01  0.99375975E+00 -0.19000000E+00 -0.30023588E+01  0.22682300E+00 -0.21626526E+01  0.20948845E+01  0.43867811E+00
  0.24841165E+02 -0.48372503E+02 -0.96745006E-01  0.10000000E+01  0.10066058E+01 -0.19000000E+00 -0.29892976E+01  0.22682300E+00 -0.21552911E+01  0.20837632E+01  0.44576878E+00
  0.24855458E+02 -0.48336135E+02 -0.96672271E-01  0.10000000E+01  0.10188567E+01 -0.19000000E+00 -0.31092382E+01  0.22682300E+00 -0.22363449E+01  0.21719973E+01  0.49048356E+00
  0.24869751E+02 -0.48299373E+02 -0.96598745E-01  0.10000000E+01  0.10302915E+01 -0.19000000E+00 -0.32042721E+01  0.22682300E+00 -0.23009582E+01  0.22415172E+01  0.53167354E+00
  0.24884044E+02 -0.48262215E+02 -0.96524431E-01  0.10000000E+01  0.10414608E+01 -0.19000000E+00 -0.32965414E+01  0.22682300E+00 -0.23638372E+01  0.23088758E+01  0.56283324E+00
  0.24898337E+02 -0.48224664E+02 -0.96449327E-01  0.10000000E+01  0.10537004E+01 -0.19000000E+00 -0.32253021E+01  0.22682300E+00 -0.23178895E+01  0.22541984E+01  0.53709190E+00
  0.24912630E+02 -0.48186718E+02 -0.96373436E-01  0.10000000E+01  0.10663627E+01 -0.19000000E+00 -0.31837933E+01  0.22682300E+00 -0.22917077E+01  0.22217254E+01  0.51906950E+00
  0.24926923E+02 -0.48148378E+02 -0.96296757E-01  0.10000000E+01  0.10794601E+01 -0.19000000E+00 -0.31429135E+01  0.22682300E+00 -0.22659188E+01  0.21897411E+01  0.50690192E+00
  0.24941216E+02 -0.48109645E+02 -0.96219291E-01  0.10000000E+01  0.10922369E+01 -0.19000000E+00 -0.31773942E+01  0.22682300E+00 -0.22904215E+01  0.22138771E+01  0.52489112E+00
  0.24955509E+02 -0.48070519E+02 -0.96141039E-01  0.10000000E+01  0.11041388E+01 -0.19000000E+00 -0.32331884E+01  0.22682300E+00 -0.23292153E+01  0.22538215E+01  0.55186881E+00
  0.24969801E+02 -0.48031000E+02 -0.96062001E-01  0.10000000E+01  0.11159332E+01 -0.19000000E+00 -0.32380628E+01  0.22682300E+00 -0.23340290E+01  0.22558386E+01  0.55819298E+00
  0.24984094E+02 -0.47991089E+02 -0.95982178E-01  0.10000000E+01  0.11280083E+01 -0.19000000E+00 -0.32069949E+01  0.22682300E+00 -0.23148078E+01  0.22311275E+01  0.55083636E+00
  0.24998387E+02 -0.47950786E+02 -0.95901571E-01  0.10000000E+01  0.11404669E+01 -0.19000000E+00 -0.31209670E+01  0.22682300E+00 -0.22587579E+01  0.21656170E+01  0.52344755E+00
  0.25012680E+02 -0.47910090E+02 -0.95820180E-01  0.10000000E+01  0.11525818E+01 -0.19000000E+00 -0.31886495E+01  0.22682300E+00 -0.23056628E+01  0.22142389E+01  0.55475132E+00
  0.25026973E+02 -0.47869003E+02 -0.95738007E-01  0.10000000E+01  0.11645322E+01 -0.19000000E+00 -0.31778151E+01  0.22682300E+00 -0.22999820E+01  0.22045500E+01  0.55644847E+00
  0.25041266E+02 -0.47827525E+02 -0.95655051E-01  0.10000000E+01  0.11761355E+01 -0.19000000E+00 -0.32670151E+01  0.22682300E+00 -0.23614630E+01  0.22689929E+01  0.59359367E+00
  0.25055559E+02 -0.47785656E+02 -0.95571313E-01  0.10000000E+01  0.11883593E+01 -0.19000000E+00 -0.31867372E+01  0.22682300E+00 -0.23091812E+01  0.22078099E+01  0.56491514E+00
  0.25069852E+02 -0.47743397E+02 -0.95486794E-01  0.10000000E+01  0.12009583E+01 -0.19000000E+00 -0.32024942E+01  0.22682300E+00 -0.23214049E+01  0.22177686E+01  0.57171833E+00
  0.25084145E+02 -0.47700748E+02 -0.95401495E-01  0.10000000E+01  0.12132007E+01 -0.19000000E+00 -0.32013110E+01  0.22682300E+00 -0.23222587E+01  0.22151648E+01  0.57791378E+00
  0.25098438E+02 -0.47657708E+02 -0.95315417E-01  0.10000000E+01  0.12252012E+01 -0.19000000E+00 -0.32428847E+01  0.22682300E+00 -0.23519244E+01  0.22441483E+01  0.59607778E+00
  0.25112731E+02 -0.47614280E+02 -0.95228559E-01  0.10000000E+01  0.12371376E+01 -0.19000000E+00 -0.32073199E+01  0.22682300E+00 -0.23296499E+01  0.22160960E+01  0.58841164E+00
  0.25127024E+02 -0.47570462E+02 -0.95140924E-01  0.10000000E+01  0.12485284E+01 -0.19000000E+00 -0.31835797E+01  0.22682300E+00 -0.23153268E+01  0.21967908E+01  0.58747955E+00
  0.25141317E+02 -0.47526255E+02 -0.95052511E-01  0.10000000E+01  0.12590770E+01 -0.19000000E+00 -0.32606867E+01  0.22682300E+00 -0.23690878E+01  0.22518769E+01  0.62297888E+00
  0.25155610E+02 -0.47481660E+02 -0.94963321E-01  0.10000000E+01  0.12694047E+01 -0.19000000E+00 -0.31425770E+01  0.22682300E+00 -0.22910181E+01  0.21629783E+01  0.59001907E+00
  0.25169903E+02 -0.47436678E+02 -0.94873355E-01  0.10000000E+01  0.12792239E+01 -0.19000000E+00 -0.32561952E+01  0.22682300E+00 -0.23695674E+01  0.22448621E+01  0.63229945E+00
  0.25184196E+02 -0.47391307E+02 -0.94782614E-01  0.10000000E+01  0.12894208E+01 -0.19000000E+00 -0.31530466E+01  0.22682300E+00 -0.23015140E+01  0.21670682E+01  0.60310905E+00
  0.25198489E+02 -0.47345549E+02 -0.94691098E-01  0.10000000E+01  0.12992403E+01 -0.19000000E+00 -0.32294634E+01  0.22682300E+00 -0.23550221E+01  0.22214306E+01  0.63501499E+00
  0.25212782E+02 -0.47299405E+02 -0.94598809E-01  0.10000000E+01  0.13081023E+01 -0.19000000E+00 -0.33836614E+01  0.22682300E+00 -0.24613824E+01  0.23328544E+01  0.69482385E+00
  0.25227075E+02 -0.47252873E+02 -0.94505747E-01  0.10000000E+01  0.13165009E+01 -0.19000000E+00 -0.32951158E+01  0.22682300E+00 -0.24031746E+01  0.22658306E+01  0.67708746E+00
  0.25241368E+02 -0.47205956E+02 -0.94411912E-01  0.10000000E+01  0.13253466E+01 -0.19000000E+00 -0.33415109E+01  0.22682300E+00 -0.24365484E+01  0.22979068E+01  0.68767746E+00
  0.25255661E+02 -0.47158653E+02 -0.94317306E-01  0.10000000E+01  0.13349135E+01 -0.19000000E+00 -0.31754150E+01  0.22682300E+00 -0.23255044E+01  0.21741064E+01  0.63394424E+00
  0.25269954E+02 -0.47110965E+02 -0.94221929E-01  0.10000000E+01  0.13435708E+01 -0.19000000E+00 -0.32400232E+01  0.22682300E+00 -0.23712842E+01  0.22195067E+01  0.66831027E+00
  0.25284247E+02 -0.47062891E+02 -0.94125783E-01  0.10000000E+01  0.13513125E+01 -0.19000000E+00 -0.33884586E+01  0.22682300E+00 -0.24742591E+01  0.23261862E+01  0.72464226E+00
  0.25298540E+02 -0.47014433E+02 -0.94028867E-01  0.10000000E+01  0.13591380E+01 -0.19000000E+00 -0.32537254E+01  0.22682300E+00 -0.23843626E+01  0.22255320E+01  0.69051851E+00
  0.25312833E+02 -0.46965591E+02 -0.93931183E-01  0.10000000E+01  0.13673718E+01 -0.19000000E+00 -0.33050307E+01  0.22682300E+00 -0.24212715E+01  0.22609999E+01  0.70284225E+00
  0.25327125E+02 -0.46916365E+02 -0.93832731E-01  0.10000000E+01  0.13760504E+01 -0.19000000E+00 -0.31492848E+01  0.22682300E+00 -0.23168286E+01  0.21451686E+01  0.66284559E+00
  0.25341418E+02 -0.46866756E+02 -0.93733512E-01  0.10000000E+01  0.13844742E+01 -0.19000000E+00 -0.32179570E+01  0.22682300E+00 -0.23656362E+01  0.21932765E+01  0.68794056E+00
  0.25355711E+02 -0.46816764E+02 -0.93633528E-01  0.10000000E+01  0.13921646E+01 -0.19000000E+00 -0.31977646E+01  0.22682300E+00 -0.23537306E+01  0.21764879E+01  0.70074334E+00
  0.25370004E+02 -0.46766389E+02 -0.93532778E-01  0.10000000E+01  0.13996205E+01 -0.19000000E+00 -0.33406280E+01  0.22682300E+00 -0.24535011E+01  0.22785031E+01  0.75056151E+00
  0.25384297E+02 -0.46715632E+02 -0.93431264E-01  0.10000000E+01  0.14078602E+01 -0.19000000E+00 -0.32963151E+01  0.22682300E+00 -0.24251368E+01  0.22440708E+01  0.74278149E+00
  0.25398590E+02 -0.46664493E+02 -0.93328987E-01  0.10000000E+01  0.14165674E+01 -0.19000000E+00 -0.33694082E+01  0.22682300E+00 -0.24773003E+01  0.22950694E+01  0.76703086E+00
  0.25412883E+02 -0.46612973E+02 -0.93225947E-01  0.10000000E+01  0.14253150E+01 -0.19000000E+00 -0.35331875E+01  0.22682300E+00 -0.25918668E+01  0.24118643E+01  0.82231690E+00
  0.25427176E+02 -0.46561072E+02 -0.93122145E-01  0.10000000E+01  0.14343591E+01 -0.19000000E+00 -0.34281976E+01  0.22682300E+00 -0.25218614E+01  0.23332815E+01  0.79494958E+00
  0.25441469E+02 -0.46508791E+02 -0.93017582E-01  0.10000000E+01  0.14434488E+01 -0.19000000E+00 -0.33168931E+01  0.22682300E+00 -0.24473848E+01  0.22502302E+01  0.75075652E+00
  0.25455762E+02 -0.46456129E+02 -0.92912259E-01  0.10000000E+01  0.14521100E+01 -0.19000000E+00 -0.33141684E+01  0.22682300E+00 -0.24475750E+01  0.22460048E+01  0.75325694E+00
  0.25470055E+02 -0.46403088E+02 -0.92806177E-01  0.10000000E+01  0.14609104E+01 -0.19000000E+00 -0.32430137E+01  0.22682300E+00 -0.24005862E+01  0.21922071E+01  0.73324013E+00
  0.25484348E+02 -0.46349668E+02 -0.92699336E-01  0.10000000E+01  0.14692394E+01 -0.19000000E+00 -0.32457422E+01  0.22682300E+00 -0.24045125E+01  0.21919423E+01  0.74262385E+00
  0.25498641E+02 -0.46295869E+02 -0.92591738E-01  0.10000000E+01  0.14767836E+01 -0.19000000E+00 -0.32681783E+01  0.22682300E+00 -0.24220715E+01  0.22059030E+01  0.75776803E+00
  0.25512934E+02 -0.46241692E+02 -0.92483384E-01  0.10000000E+01  0.14837175E+01 -0.19000000E+00 -0.32969731E+01  0.22682300E+00 -0.24440712E+01  0.22244091E+01  0.77566114E+00
  0.25527227E+02 -0.46187137E+02 -0.92374273E-01  0.10000000E+01  0.14907534E+01 -0.19000000E+00 -0.33088641E+01  0.22682300E+00 -0.24544203E+01  0.22306616E+01  0.78350248E+00
  0.25541520E+02 -0.46132204E+02 -0.92264408E-01  0.10000000E+01  0.14983542E+01 -0.19000000E+00 -0.31127163E+01  0.22682300E+00 -0.23206281E+01  0.20868965E+01  0.72266663E+00
  0.25555813E+02 -0.46076894E+02 -0.92153789E-01  0.10000000E+01  0.15058798E+01 -0.19000000E+00 -0.31954975E+01  0.22682300E+00 -0.23800662E+01  0.21442802E+01  0.74962627E+00
  0.25570106E+02 -0.46021208E+02 -0.92042417E-01  0.10000000E+01  0.15120875E+01 -0.19000000E+00 -0.31928347E+01  0.22682300E+00 -0.23803001E+01  0.21400499E+01  0.76797850E+00
  0.25584399E+02 -0.45965146E+02 -0.91930292E-01  0.10000000E+01  0.15161931E+01 -0.19000000E+00 -0.33035536E+01  0.22682300E+00 -0.24593532E+01  0.22173175E+01  0.81907597E+00
  0.25598692E+02 -0.45908708E+02 -0.91817417E-01  0.10000000E+01  0.15195772E+01 -0.19000000E+00 -0.32590902E+01  0.22682300E+00 -0.24305983E+01  0.21829588E+01  0.81706463E+00
  0.25612985E+02 -0.45851895E+02 -0.91703791E-01  0.10000000E+01  0.15234676E+01 -0.19000000E+00 -0.32285523E+01  0.22682300E+00 -0.24114916E+01  0.21586355E+01  0.80600157E+00
  0.25627278E+02 -0.45794708E+02 -0.91589416E-01  0.10000000E+01  0.15281049E+01 -0.19000000E+00 -0.32823850E+01  0.22682300E+00 -0.24511787E+01  0.21948172E+01  0.82626592E+00
  0.25641571E+02 -0.45737146E+02 -0.91474292E-01  0.10000000E+01  0.15338748E+01 -0.19000000E+00 -0.31454076E+01  0.22682300E+00 -0.23577790E+01  0.20942578E+01  0.78060830E+00
  0.25655864E+02 -0.45679210E+02 -0.91358421E-01  0.10000000E+01  0.15387429E+01 -0.19000000E+00 -0.32188584E+01  0.22682300E+00 -0.24112137E+01  0.21444222E+01  0.80962416E+00
  0.25670157E+02 -0.45620902E+02 -0.91241803E-01  0.10000000E+01  0.15417073E+01 -0.19000000E+00 -0.32703706E+01  0.22682300E+00 -0.24494225E+01  0.21787844E+01  0.84823513E+00
  0.25684449E+02 -0.45562220E+02 -0.91124440E-01  0.10000000E+01  0.15452937E+01 -0.19000000E+00 -0.32350700E+01  0.22682300E+00 -0.24269376E+01  0.21510696E+01  0.83178369E+00
  0.25698742E+02 -0.45503166E+02 -0.91006332E-01  0.10000000E+01  0.15498575E+01 -0.19000000E+00 -0.31712817E+01  0.22682300E+00 -0.23844461E+01  0.21030676E+01  0.81147697E+00
  0.25713035E+02 -0.45443740E+02 -0.90887481E-01  0.10000000E+01  0.15558663E+01 -0.19000000E+00 -0.31358827E+01  0.22682300E+00 -0.23617898E+01  0.20753694E+01  0.79172875E+00
  0.25727328E+02 -0.45383943E+02 -0.90767887E-01  0.10000000E+01  0.15627605E+01 -0.19000000E+00 -0.32073986E+01  0.22682300E+00 -0.24141838E+01  0.21238105E+01  0.81146013E+00
  0.25741621E+02 -0.45323775E+02 -0.90647551E-01  0.10000000E+01  0.15706888E+01 -0.19000000E+00 -0.30927691E+01  0.22682300E+00 -0.23358168E+01  0.20397620E+01  0.78147911E+00
  0.25755914E+02 -0.45263237E+02 -0.90526474E-01  0.10000000E+01  0.15794024E+01 -0.19000000E+00 -0.30194881E+01  0.22682300E+00 -0.22863918E+01  0.19852379E+01  0.74389531E+00
  0.25770207E+02 -0.45202329E+02 -0.90404658E-01  0.10000000E+01  0.15855432E+01 -0.19000000E+00 -0.28634626E+01  0.22682300E+00 -0.21785646E+01  0.18720907E+01  0.72005500E+00
  0.25784500E+02 -0.45141051E+02 -0.90282102E-01  0.10000000E+01  0.15867972E+01 -0.19000000E+00 -0.29514462E+01  0.22682300E+00 -0.22426260E+01  0.19321264E+01  0.78054642E+00
  0.25798793E+02 -0.45079405E+02 -0.90158810E-01  0.10000000E+01  0.15850418E+01 -0.19000000E+00 -0.30678472E+01  0.22682300E+00 -0.23268973E+01  0.20121342E+01  0.84343442E+00
  0.25813086E+02 -0.45017390E+02 -0.90034780E-01  0.10000000E+01  0.15814043E+01 -0.19000000E+00 -0.30976603E+01  0.22682300E+00 -0.23501484E+01  0.20307020E+01  0.87200171E+00
  0.25827379E+02 -0.44955007E+02 -0.89910015E-01  0.10000000E+01  0.15756659E+01 -0.19000000E+00 -0.31159687E+01  0.22682300E+00 -0.23653142E+01  0.20410778E+01  0.89359603E+00
  0.25841672E+02 -0.44892257E+02 -0.89784515E-01  0.10000000E+01  0.15707316E+01 -0.19000000E+00 -0.30706005E+01  0.22682300E+00 -0.23354077E+01  0.20064663E+01  0.87843822E+00
  0.25855965E+02 -0.44829140E+02 -0.89658281E-01  0.10000000E+01  0.15677790E+01 -0.19000000E+00 -0.30142990E+01  0.22682300E+00 -0.22976869E+01  0.19642001E+01  0.85844275E+00
  0.25870258E+02 -0.44765657E+02 -0.89531314E-01  0.10000000E+01  0.15652934E+01 -0.19000000E+00 -0.30177999E+01  0.22682300E+00 -0.23023474E+01  0.19641185E+01  0.86065282E+00
  0.25884551E+02 -0.44701808E+02 -0.89403616E-01  0.10000000E+01  0.15603913E+01 -0.19000000E+00 -0.29998197E+01  0.22682300E+00 -0.22917548E+01  0.19489040E+01  0.87531907E+00
  0.25898844E+02 -0.44637594E+02 -0.89275188E-01  0.10000000E+01  0.15538630E+01 -0.19000000E+00 -0.30079842E+01  0.22682300E+00 -0.22997472E+01  0.19520708E+01  0.88980400E+00
  0.25913137E+02 -0.44573015E+02 -0.89146030E-01  0.10000000E+01  0.15507479E+01 -0.19000000E+00 -0.29473806E+01  0.22682300E+00 -0.22587746E+01  0.19069449E+01  0.85169633E+00
  0.25927430E+02 -0.44508072E+02 -0.89016143E-01  0.10000000E+01  0.15504165E+01 -0.19000000E+00 -0.29142525E+01  0.22682300E+00 -0.22373092E+01  0.18811602E+01  0.82213824E+00
  0.25941723E+02 -0.44442765E+02 -0.88885529E-01  0.10000000E+01  0.15494249E+01 -0.19000000E+00 -0.28466963E+01  0.22682300E+00 -0.21912202E+01  0.18313063E+01  0.81131913E+00
  0.25956016E+02 -0.44377095E+02 -0.88754189E-01  0.10000000E+01  0.15482011E+01 -0.19000000E+00 -0.28310663E+01  0.22682300E+00 -0.21821461E+01  0.18178623E+01  0.80320417E+00
  0.25970309E+02 -0.44311062E+02 -0.88622124E-01  0.10000000E+01  0.15475912E+01 -0.19000000E+00 -0.27458063E+01  0.22682300E+00 -0.21232313E+01  0.17557875E+01  0.77761378E+00
  0.25984602E+02 -0.44244667E+02 -0.88489334E-01  0.10000000E+01  0.15477552E+01 -0.19000000E+00 -0.26711041E+01  0.22682300E+00 -0.20717503E+01  0.17012044E+01  0.74899475E+00
  0.25998895E+02 -0.44177911E+02 -0.88355821E-01  0.10000000E+01  0.15483415E+01 -0.19000000E+00 -0.26847024E+01  0.22682300E+00 -0.20834834E+01  0.17082659E+01  0.74908550E+00
  0.26013188E+02 -0.44110793E+02 -0.88221586E-01  0.10000000E+01  0.15490138E+01 -0.19000000E+00 -0.26264198E+01  0.22682300E+00 -0.20436364E+01  0.16652566E+01  0.73948013E+00
  0.26027481E+02 -0.44043315E+02 -0.88086631E-01  0.10000000E+01  0.15468171E+01 -0.19000000E+00 -0.26978640E+01  0.22682300E+00 -0.20969513E+01  0.17125168E+01  0.77630650E+00
  0.26041773E+02 -0.43975478E+02 -0.87950955E-01  0.10000000E+01  0.15391452E+01 -0.19000000E+00 -0.26763108E+01  0.22682300E+00 -0.20834670E+01  0.16950674E+01  0.81385741E+00
  0.26056066E+02 -0.43907281E+02 -0.87814561E-01  0.10000000E+01  0.15292864E+01 -0.19000000E+00 -0.26518777E+01  0.22682300E+00 -0.20678800E+01  0.16756421E+01  0.81585271E+00
  0.26070359E+02 -0.43838725E+02 -0.87677449E-01  0.10000000E+01  0.15183890E+01 -0.19000000E+00 -0.26243406E+01  0.22682300E+00 -0.20500212E+01  0.16540936E+01  0.82076849E+00
  0.26084652E+02 -0.43769811E+02 -0.87539621E-01  0.10000000E+01  0.15072784E+01 -0.19000000E+00 -0.26083143E+01  0.22682300E+00 -0.20404361E+01  0.16405402E+01  0.81746201E+00
  0.26098945E+02 -0.43700539E+02 -0.87401077E-01  0.10000000E+01  0.14965942E+01 -0.19000000E+00 -0.26186459E+01  0.22682300E+00 -0.20498875E+01  0.16452101E+01  0.82319523E+00
  0.26113238E+02 -0.43630910E+02 -0.87261820E-01  0.10000000E+01  0.14862271E+01 -0.19000000E+00 -0.26063275E+01  0.22682300E+00 -0.20429692E+01  0.16342179E+01  0.81943396E+00
  0.26127531E+02 -0.43560924E+02 -0.87121849E-01  0.10000000E+01  0.14752708E+01 -0.19000000E+00 -0.25349230E+01  0.22682300E+00 -0.19932212E+01  0.15825146E+01  0.80450312E+00
  0.26141824E+02 -0.43490583E+02 -0.86981166E-01  0.10000000E+01  0.14607723E+01 -0.19000000E+00 -0.24734574E+01  0.22682300E+00 -0.19505700E+01  0.15377636E+01  0.81050901E+00
  0.26156117E+02 -0.43419886E+02 -0.86839773E-01  0.10000000E+01  0.14430215E+01 -0.19000000E+00 -0.24837097E+01  0.22682300E+00 -0.19599125E+01  0.15424024E+01  0.83940573E+00
  0.26170410E+02 -0.43348835E+02 -0.86697669E-01  0.10000000E+01  0.14240943E+01 -0.19000000E+00 -0.25431343E+01  0.22682300E+00 -0.20050366E+01  0.15807621E+01  0.87155057E+00
  0.26184703E+02 -0.43277429E+02 -0.86554858E-01  0.10000000E+01  0.14056083E+01 -0.19000000E+00 -0.25203418E+01  0.22682300E+00 -0.19904112E+01  0.15626371E+01  0.86510393E+00
  0.26198996E+02 -0.43205669E+02 -0.86411339E-01  0.10000000E+01  0.13886295E+01 -0.19000000E+00 -0.24820294E+01  0.22682300E+00 -0.19644408E+01  0.15339136E+01  0.84883723E+00
  0.26213289E+02 -0.43133557E+02 -0.86267114E-01  0.10000000E+01  0.13741320E+01 -0.19000000E+00 -0.23794145E+01  0.22682300E+00 -0.18914854E+01  0.14612821E+01  0.80376334E+00
  0.26227582E+02 -0.43061092E+02 -0.86122184E-01  0.10000000E+01  0.13593455E+01 -0.19000000E+00 -0.23630293E+01  0.22682300E+00 -0.18813606E+01  0.14477012E+01  0.80830114E+00
  0.26241875E+02 -0.42988275E+02 -0.85976550E-01  0.10000000E+01  0.13413061E+01 -0.19000000E+00 -0.24633699E+01  0.22682300E+00 -0.19565974E+01  0.15137261E+01  0.86988644E+00
  0.26256168E+02 -0.42915107E+02 -0.85830214E-01  0.10000000E+01  0.13183476E+01 -0.19000000E+00 -0.26116262E+01  0.22682300E+00 -0.20671063E+01  0.16121760E+01  0.95903608E+00
  0.26270461E+02 -0.42841588E+02 -0.85683177E-01  0.10000000E+01  0.12911424E+01 -0.19000000E+00 -0.27097962E+01  0.22682300E+00 -0.21411551E+01  0.16762753E+01  0.10248329E+01
  0.26284754E+02 -0.42767719E+02 -0.85535439E-01  0.10000000E+01  0.12639940E+01 -0.19000000E+00 -0.26457930E+01  0.22682300E+00 -0.20963289E+01  0.16300535E+01  0.10077187E+01
  0.26299047E+02 -0.42693501E+02 -0.85387002E-01  0.10000000E+01  0.12375700E+01 -0.19000000E+00 -0.25752998E+01  0.22682300E+00 -0.20466267E+01  0.15795368E+01  0.98567031E+00
  0.26313340E+02 -0.42618934E+02 -0.85237868E-01  0.10000000E+01  0.12119332E+01 -0.19000000E+00 -0.24596995E+01  0.22682300E+00 -0.19636135E+01  0.14985968E+01  0.94843736E+00
  0.26327633E+02 -0.42544018E+02 -0.85088037E-01  0.10000000E+01  0.11865501E+01 -0.19000000E+00 -0.24535576E+01  0.22682300E+00 -0.19610462E+01  0.14918751E+01  0.95309662E+00
  0.26341926E+02 -0.42468755E+02 -0.84937510E-01  0.10000000E+01  0.11610858E+01 -0.19000000E+00 -0.24732271E+01  0.22682300E+00 -0.19775133E+01  0.15025784E+01  0.96849212E+00
  0.26356219E+02 -0.42393145E+02 -0.84786290E-01  0.10000000E+01  0.11360507E+01 -0.19000000E+00 -0.25400747E+01  0.22682300E+00 -0.20288639E+01  0.15450371E+01  0.99711828E+00
  0.26370512E+02 -0.42317188E+02 -0.84634377E-01  0.10000000E+01  0.11080877E+01 -0.19000000E+00 -0.26207231E+01  0.22682300E+00 -0.20905441E+01  0.15966413E+01  0.10511118E+01
  0.26384805E+02 -0.42240886E+02 -0.84481772E-01  0.10000000E+01  0.10774416E+01 -0.19000000E+00 -0.26327301E+01  0.22682300E+00 -0.21015576E+01  0.16019276E+01  0.10797917E+01
  0.26399098E+02 -0.42164238E+02 -0.84328477E-01  0.10000000E+01  0.10452911E+01 -0.19000000E+00 -0.26386440E+01  0.22682300E+00 -0.21080822E+01  0.16030846E+01  0.10988033E+01
  0.26413390E+02 -0.42087246E+02 -0.84174493E-01  0.10000000E+01  0.10159637E+01 -0.19000000E+00 -0.25357420E+01  0.22682300E+00 -0.20338683E+01  0.15312791E+01  0.10524291E+01
  0.26427683E+02 -0.42009910E+02 -0.84019821E-01  0.10000000E+01  0.99042116E+00 -0.19000000E+00 -0.25056357E+01  0.22682300E+00 -0.20135635E+01  0.15083835E+01  0.10259500E+01
  0.26441976E+02 -0.41932231E+02 -0.83864462E-01  0.10000000E+01  0.96495304E+00 -0.19000000E+00 -0.25378717E+01  0.22682300E+00 -0.20395881E+01  0.15271940E+01  0.10450287E+01
  0.26456269E+02 -0.41854209E+02 -0.83708418E-01  0.10000000E+01  0.93501100E+00 -0.19000000E+00 -0.25496890E+01  0.22682300E+00 -0.20504680E+01  0.15323001E+01  0.10869591E+01
  0.26470562E+02 -0.41775845E+02 -0.83551690E-01  0.10000000E+01  0.90230264E+00 -0.19000000E+00 -0.26072756E+01  0.22682300E+00 -0.20955074E+01  0.15678595E+01  0.11323035E+01
  0.26484855E+02 -0.41697140E+02 -0.83394279E-01  0.10000000E+01  0.87147001E+00 -0.19000000E+00 -0.25984694E+01  0.22682300E+00 -0.20910838E+01  0.15591217E+01  0.11218015E+01
  0.26499148E+02 -0.41618094E+02 -0.83236187E-01  0.10000000E+01  0.84750522E+00 -0.19000000E+00 -0.24944672E+01  0.22682300E+00 -0.20154820E+01  0.14871610E+01  0.10511645E+01
  0.26513441E+02 -0.41538707E+02 -0.83077415E-01  0.10000000E+01  0.82797817E+00 -0.19000000E+00 -0.24471564E+01  0.22682300E+00 -0.19821280E+01  0.14529939E+01  0.10153820E+01
  0.26527734E+02 -0.41458982E+02 -0.82917964E-01  0.10000000E+01  0.80030859E+00 -0.19000000E+00 -0.26511863E+01  0.22682300E+00 -0.21370541E+01  0.15853194E+01  0.11420208E+01
  0.26542027E+02 -0.41378917E+02 -0.82757835E-01  0.10000000E+01  0.76801065E+00 -0.19000000E+00 -0.26795272E+01  0.22682300E+00 -0.21605330E+01  0.16010659E+01  0.11898084E+01
  0.26556320E+02 -0.41298515E+02 -0.82597030E-01  0.10000000E+01  0.74469330E+00 -0.19000000E+00 -0.24824106E+01  0.22682300E+00 -0.20146876E+01  0.14679390E+01  0.10671162E+01
  0.26570613E+02 -0.41217775E+02 -0.82435550E-01  0.10000000E+01  0.72734591E+00 -0.19000000E+00 -0.22862656E+01  0.22682300E+00 -0.18692119E+01  0.13358540E+01  0.97078079E+00
  0.26584906E+02 -0.41136698E+02 -0.82273396E-01  0.10000000E+01  0.70545784E+00 -0.19000000E+00 -0.23555880E+01  0.22682300E+00 -0.19233100E+01  0.13788120E+01  0.10306980E+01
  0.26599199E+02 -0.41055285E+02 -0.82110570E-01  0.10000000E+01  0.68136475E+00 -0.19000000E+00 -0.24712719E+01  0.22682300E+00 -0.20125016E+01  0.14520573E+01  0.10906981E+01
  0.26613492E+02 -0.40973537E+02 -0.81947073E-01  0.10000000E+01  0.66373258E+00 -0.19000000E+00 -0.23559939E+01  0.22682300E+00 -0.19275350E+01  0.13735955E+01  0.10133219E+01
  0.26627785E+02 -0.40891453E+02 -0.81782907E-01  0.10000000E+01  0.64088087E+00 -0.19000000E+00 -0.24571065E+01  0.22682300E+00 -0.20059371E+01  0.14370238E+01  0.10891508E+01
  0.26642078E+02 -0.40809036E+02 -0.81618072E-01  0.10000000E+01  0.61550187E+00 -0.19000000E+00 -0.25024351E+01  0.22682300E+00 -0.20423110E+01  0.14637609E+01  0.11221051E+01
  0.26656371E+02 -0.40726285E+02 -0.81452570E-01  0.10000000E+01  0.59288764E+00 -0.19000000E+00 -0.24294078E+01  0.22682300E+00 -0.19890802E+01  0.14131633E+01  0.10820509E+01
  0.26670664E+02 -0.40643201E+02 -0.81286403E-01  0.10000000E+01  0.56700590E+00 -0.19000000E+00 -0.23826437E+01  0.22682300E+00 -0.19556437E+01  0.13798179E+01  0.10976962E+01
  0.26684957E+02 -0.40559786E+02 -0.81119571E-01  0.10000000E+01  0.54041681E+00 -0.19000000E+00 -0.23146121E+01  0.22682300E+00 -0.19059650E+01  0.13327323E+01  0.10813201E+01
  0.26699250E+02 -0.40476038E+02 -0.80952077E-01  0.10000000E+01  0.51390885E+00 -0.19000000E+00 -0.23680715E+01  0.22682300E+00 -0.19485763E+01  0.13646471E+01  0.11074512E+01
  0.26713543E+02 -0.40391960E+02 -0.80783921E-01  0.10000000E+01  0.48633370E+00 -0.19000000E+00 -0.24025259E+01  0.22682300E+00 -0.19768182E+01  0.13841131E+01  0.11202763E+01
  0.26727836E+02 -0.40307552E+02 -0.80615105E-01  0.10000000E+01  0.46105799E+00 -0.19000000E+00 -0.22168059E+01  0.22682300E+00 -0.18372282E+01  0.12610589E+01  0.10606168E+01
  0.26742129E+02 -0.40222815E+02 -0.80445630E-01  0.10000000E+01  0.43660823E+00 -0.19000000E+00 -0.23392558E+01  0.22682300E+00 -0.19325865E+01  0.13374138E+01  0.10909769E+01
  0.26756422E+02 -0.40137749E+02 -0.80275498E-01  0.10000000E+01  0.41339035E+00 -0.19000000E+00 -0.22860992E+01  0.22682300E+00 -0.18939320E+01  0.13002769E+01  0.10725451E+01
  0.26770714E+02 -0.40052355E+02 -0.80104710E-01  0.10000000E+01  0.40397069E+00 -0.19000000E+00 -0.20862465E+01  0.22682300E+00 -0.17428892E+01  0.11688500E+01  0.91687353E+00
  0.26785007E+02 -0.39966633E+02 -0.79933267E-01  0.10000000E+01  0.39397168E+00 -0.19000000E+00 -0.21933481E+01  0.22682300E+00 -0.18267206E+01  0.12350369E+01  0.95524121E+00
  0.26799300E+02 -0.39880585E+02 -0.79761171E-01  0.10000000E+01  0.37734170E+00 -0.19000000E+00 -0.21888714E+01  0.22682300E+00 -0.18251380E+01  0.12294217E+01  0.10081463E+01
  0.26813593E+02 -0.39794212E+02 -0.79588423E-01  0.10000000E+01  0.36955347E+00 -0.19000000E+00 -0.22647682E+01  0.22682300E+00 -0.18853045E+01  0.12752453E+01  0.96915177E+00
  0.26827886E+02 -0.39707513E+02 -0.79415025E-01  0.10000000E+01  0.34420694E+00 -0.19000000E+00 -0.24774600E+01  0.22682300E+00 -0.20508592E+01  0.14082731E+01  0.11648360E+01
  0.26842179E+02 -0.39620489E+02 -0.79240978E-01  0.10000000E+01  0.31268873E+00 -0.19000000E+00 -0.24435315E+01  0.22682300E+00 -0.20268612E+01  0.13835204E+01  0.11951311E+01
  0.26856472E+02 -0.39533142E+02 -0.79066284E-01  0.10000000E+01  0.29629658E+00 -0.19000000E+00 -0.23202333E+01  0.22682300E+00 -0.19338735E+01  0.13019466E+01  0.10463127E+01
  0.26870765E+02 -0.39445471E+02 -0.78890943E-01  0.10000000E+01  0.27688142E+00 -0.19000000E+00 -0.22944211E+01  0.22682300E+00 -0.19159304E+01  0.12825863E+01  0.10690335E+01
  0.26885058E+02 -0.39357479E+02 -0.78714958E-01  0.10000000E+01  0.25786436E+00 -0.19000000E+00 -0.21575093E+01  0.22682300E+00 -0.18120371E+01  0.11928189E+01  0.10218494E+01
  0.26899351E+02 -0.39269165E+02 -0.78538329E-01  0.10000000E+01  0.23660607E+00 -0.19000000E+00 -0.23232214E+01  0.22682300E+00 -0.19421646E+01  0.12949142E+01  0.10809921E+01
  0.26913644E+02 -0.39180529E+02 -0.78361059E-01  0.10000000E+01  0.21657016E+00 -0.19000000E+00 -0.23263015E+01  0.22682300E+00 -0.19465531E+01  0.12938541E+01  0.10801930E+01
  0.26927937E+02 -0.39091574E+02 -0.78183148E-01  0.10000000E+01  0.19942531E+00 -0.19000000E+00 -0.23018493E+01  0.22682300E+00 -0.19295812E+01  0.12754118E+01  0.10493266E+01
  0.26942230E+02 -0.39002299E+02 -0.78004599E-01  0.10000000E+01  0.18746526E+00 -0.19000000E+00 -0.22086067E+01  0.22682300E+00 -0.18591054E+01  0.12137213E+01  0.98722023E+00
  0.26956523E+02 -0.38912706E+02 -0.77825412E-01  0.10000000E+01  0.16724567E+00 -0.19000000E+00 -0.23263734E+01  0.22682300E+00 -0.19526357E+01  0.12847862E+01  0.10865028E+01
  0.26970816E+02 -0.38822794E+02 -0.77645589E-01  0.10000000E+01  0.13959955E+00 -0.19000000E+00 -0.23879634E+01  0.22682300E+00 -0.20026335E+01  0.13203320E+01  0.11512476E+01
  0.26985109E+02 -0.38732566E+02 -0.77465132E-01  0.10000000E+01  0.11378336E+00 -0.19000000E+00 -0.23739497E+01  0.22682300E+00 -0.19937786E+01  0.13084085E+01  0.11297881E+01
  0.26999402E+02 -0.38642021E+02 -0.77284041E-01  0.10000000E+01  0.92219641E-01 -0.19000000E+00 -0.22911300E+01  0.22682300E+00 -0.19311564E+01  0.12535391E+01  0.10860779E+01
  0.27013695E+02 -0.38551160E+02 -0.77102319E-01  0.10000000E+01  0.75825464E-01 -0.19000000E+00 -0.20983230E+01  0.22682300E+00 -0.17823568E+01  0.11303152E+01  0.98641333E+00
  0.27027988E+02 -0.38459984E+02 -0.76919967E-01  0.10000000E+01  0.71640979E-01 -0.19000000E+00 -0.20451694E+01  0.22682300E+00 -0.17425316E+01  0.10944176E+01  0.88038820E+00
  0.27042281E+02 -0.38368493E+02 -0.76736987E-01  0.10000000E+01  0.64581991E-01 -0.19000000E+00 -0.21044255E+01  0.22682300E+00 -0.17907359E+01  0.11284150E+01  0.92258365E+00
  0.27056574E+02 -0.38276690E+02 -0.76553379E-01  0.10000000E+01  0.41832712E-01 -0.19000000E+00 -0.21519809E+01  0.22682300E+00 -0.18298739E+01  0.11550030E+01  0.10477548E+01
  0.27070867E+02 -0.38184573E+02 -0.76369146E-01  0.10000000E+01  0.17649891E-01 -0.19000000E+00 -0.23001738E+01  0.22682300E+00 -0.19482116E+01  0.12436719E+01  0.11058745E+01
  0.27085160E+02 -0.38092145E+02 -0.76184289E-01  0.10000000E+01 -0.27394128E-03 -0.19000000E+00 -0.21026020E+01  0.22682300E+00 -0.17947225E+01  0.11186399E+01  0.99939308E+00
  0.27099453E+02 -0.37999405E+02 -0.75998809E-01  0.10000000E+01 -0.23671364E-02 -0.19000000E+00 -0.18784631E+01  0.22682300E+00 -0.16199054E+01  0.97774159E+00  0.81678285E+00
  0.27113746E+02 -0.37906354E+02 -0.75812709E-01  0.10000000E+01 -0.11212919E-01 -0.19000000E+00 -0.20190508E+01  0.22682300E+00 -0.17324171E+01  0.10614828E+01  0.91117397E+00
  0.27128038E+02 -0.37812994E+02 -0.75625988E-01  0.10000000E+01 -0.27567161E-01 -0.19000000E+00 -0.21035146E+01  0.22682300E+00 -0.18008722E+01  0.11104421E+01  0.98408339E+00
  0.27142331E+02 -0.37719325E+02 -0.75438650E-01  0.10000000E+01 -0.43253877E-01 -0.19000000E+00 -0.21087988E+01  0.22682300E+00 -0.18068651E+01  0.11107294E+01  0.98304443E+00
  0.27156624E+02 -0.37625348E+02 -0.75250696E-01  0.10000000E+01 -0.58723989E-01 -0.19000000E+00 -0.20727665E+01  0.22682300E+00 -0.17801462E+01  0.10857666E+01  0.96858409E+00
  0.27170917E+02 -0.37531063E+02 -0.75062126E-01  0.10000000E+01 -0.61887569E-01 -0.19000000E+00 -0.18733993E+01  0.22682300E+00 -0.16238277E+01  0.96138296E+00  0.81982518E+00
  0.27185210E+02 -0.37436472E+02 -0.74872943E-01  0.10000000E+01 -0.61260724E-01 -0.19000000E+00 -0.18000638E+01  0.22682300E+00 -0.15671822E+01  0.91412154E+00  0.77566011E+00
  0.27199503E+02 -0.37341574E+02 -0.74683148E-01  0.10000000E+01 -0.70770380E-01 -0.19000000E+00 -0.19726885E+01  0.22682300E+00 -0.17059366E+01  0.10162328E+01  0.89888665E+00
  0.27213796E+02 -0.37246372E+02 -0.74492743E-01  0.10000000E+01 -0.81656239E-01 -0.19000000E+00 -0.20091728E+01  0.22682300E+00 -0.17366657E+01  0.10354787E+01  0.91338648E+00
  0.27228089E+02 -0.37150865E+02 -0.74301729E-01  0.10000000E+01 -0.98069013E-01 -0.19000000E+00 -0.20738181E+01  0.22682300E+00 -0.17899148E+01  0.10716227E+01  0.96769536E+00
  0.27242382E+02 -0.37055054E+02 -0.74110108E-01  0.10000000E+01 -0.10585489E+00 -0.19000000E+00 -0.18977486E+01  0.22682300E+00 -0.16511908E+01  0.96253178E+00  0.85051229E+00
  0.27256675E+02 -0.36958941E+02 -0.73917882E-01  0.10000000E+01 -0.10184449E+00 -0.19000000E+00 -0.17829422E+01  0.22682300E+00 -0.15610652E+01  0.89073410E+00  0.74105418E+00
  0.27270968E+02 -0.36862526E+02 -0.73725051E-01  0.10000000E+01 -0.96268075E-01 -0.19000000E+00 -0.17090736E+01  0.22682300E+00 -0.15034613E+01  0.84379236E+00  0.70185945E+00
  0.27285261E+02 -0.36765809E+02 -0.73531618E-01  0.10000000E+01 -0.93202789E-01 -0.19000000E+00 -0.18050764E+01  0.22682300E+00 -0.15817902E+01  0.89871536E+00  0.75195794E+00
  0.27299554E+02 -0.36668792E+02 -0.73337584E-01  0.10000000E+01 -0.11009047E+00 -0.19000000E+00 -0.19833453E+01  0.22682300E+00 -0.17262994E+01  0.10024958E+01  0.93966262E+00
  0.27313847E+02 -0.36571476E+02 -0.73142951E-01  0.10000000E+01 -0.12266726E+00 -0.19000000E+00 -0.19221192E+01  0.22682300E+00 -0.16788281E+01  0.96308217E+00  0.88270299E+00
  0.27328140E+02 -0.36473860E+02 -0.72947720E-01  0.10000000E+01 -0.11699054E+00 -0.19000000E+00 -0.16810715E+01  0.22682300E+00 -0.14866332E+01  0.81692827E+00  0.67257765E+00
  0.27342433E+02 -0.36375947E+02 -0.72751894E-01  0.10000000E+01 -0.11223306E+00 -0.19000000E+00 -0.16871405E+01  0.22682300E+00 -0.14929135E+01  0.81798599E+00  0.68443097E+00
  0.27356726E+02 -0.36277736E+02 -0.72555472E-01  0.10000000E+01 -0.11271505E+00 -0.19000000E+00 -0.17536865E+01  0.22682300E+00 -0.15479600E+01  0.85480103E+00  0.73067732E+00
  0.27371019E+02 -0.36179229E+02 -0.72358458E-01  0.10000000E+01 -0.10867371E+00 -0.19000000E+00 -0.16911893E+01  0.22682300E+00 -0.14989813E+01  0.81524552E+00  0.68052941E+00
  0.27385312E+02 -0.36080426E+02 -0.72160852E-01  0.10000000E+01 -0.11669318E+00 -0.19000000E+00 -0.18037819E+01  0.22682300E+00 -0.15913811E+01  0.87896743E+00  0.79315907E+00
  0.27399605E+02 -0.35981328E+02 -0.71962657E-01  0.10000000E+01 -0.12474837E+00 -0.19000000E+00 -0.18161187E+01  0.22682300E+00 -0.16028821E+01  0.88346185E+00  0.78814782E+00
  0.27413898E+02 -0.35881937E+02 -0.71763874E-01  0.10000000E+01 -0.12923258E+00 -0.19000000E+00 -0.17132125E+01  0.22682300E+00 -0.15210349E+01  0.82036493E+00  0.72498794E+00
  0.27428191E+02 -0.35782252E+02 -0.71564504E-01  0.10000000E+01 -0.12977682E+00 -0.19000000E+00 -0.16971870E+01  0.22682300E+00 -0.15094593E+01  0.80834714E+00  0.68713595E+00
  0.27442484E+02 -0.35682275E+02 -0.71364549E-01  0.10000000E+01 -0.12896937E+00 -0.19000000E+00 -0.16342391E+01  0.22682300E+00 -0.14597372E+01  0.76899514E+00  0.65261688E+00
  0.27456777E+02 -0.35582006E+02 -0.71164012E-01  0.10000000E+01 -0.12999813E+00 -0.19000000E+00 -0.16705534E+01  0.22682300E+00 -0.14906145E+01  0.78756948E+00  0.67462317E+00
  0.27471070E+02 -0.35481446E+02 -0.70962892E-01  0.10000000E+01 -0.13752509E+00 -0.19000000E+00 -0.17315948E+01  0.22682300E+00 -0.15417007E+01  0.82038293E+00  0.73267008E+00
  0.27485362E+02 -0.35380597E+02 -0.70761193E-01  0.10000000E+01 -0.14767906E+00 -0.19000000E+00 -0.17308648E+01  0.22682300E+00 -0.15425471E+01  0.81724535E+00  0.74469110E+00
  0.27499655E+02 -0.35279458E+02 -0.70558916E-01  0.10000000E+01 -0.16018884E+00 -0.19000000E+00 -0.17351587E+01  0.22682300E+00 -0.15474926E+01  0.81700117E+00  0.75600215E+00
  0.27513948E+02 -0.35178031E+02 -0.70356062E-01  0.10000000E+01 -0.17222893E+00 -0.19000000E+00 -0.17252084E+01  0.22682300E+00 -0.15408034E+01  0.80852789E+00  0.74288060E+00
  0.27528241E+02 -0.35076317E+02 -0.70152633E-01  0.10000000E+01 -0.17697927E+00 -0.19000000E+00 -0.16222857E+01  0.22682300E+00 -0.14580058E+01  0.74664506E+00  0.65216010E+00
  0.27542534E+02 -0.34974316E+02 -0.69948631E-01  0.10000000E+01 -0.17209661E+00 -0.19000000E+00 -0.14921897E+01  0.22682300E+00 -0.13527308E+01  0.66947603E+00  0.53695641E+00
  0.27556827E+02 -0.34872029E+02 -0.69744058E-01  0.10000000E+01 -0.15949979E+00 -0.19000000E+00 -0.13879101E+01  0.22682300E+00 -0.12683696E+01  0.60743862E+00  0.44495119E+00
  0.27571120E+02 -0.34769457E+02 -0.69538914E-01  0.10000000E+01 -0.15387606E+00 -0.19000000E+00 -0.14846749E+01  0.22682300E+00 -0.13489428E+01  0.66034961E+00  0.52067233E+00
  0.27585413E+02 -0.34666601E+02 -0.69333202E-01  0.10000000E+01 -0.14794786E+00 -0.19000000E+00 -0.14338936E+01  0.22682300E+00 -0.13083597E+01  0.62904255E+00  0.49037840E+00
  0.27599706E+02 -0.34563462E+02 -0.69126924E-01  0.10000000E+01 -0.14164894E+00 -0.19000000E+00 -0.14295564E+01  0.22682300E+00 -0.13059182E+01  0.62422574E+00  0.48308492E+00
  0.27613999E+02 -0.34460040E+02 -0.68920081E-01  0.10000000E+01 -0.14254221E+00 -0.19000000E+00 -0.14805375E+01  0.22682300E+00 -0.13490778E+01  0.65071420E+00  0.53798482E+00
  0.27628292E+02 -0.34356337E+02 -0.68712674E-01  0.10000000E+01 -0.14126018E+00 -0.19000000E+00 -0.14374354E+01  0.22682300E+00 -0.13146707E+01  0.62394721E+00  0.50026666E+00
  0.27642585E+02 -0.34252353E+02 -0.68504706E-01  0.10000000E+01 -0.13056416E+00 -0.19000000E+00 -0.12883243E+01  0.22682300E+00 -0.11925507E+01  0.53763472E+00  0.37711996E+00
  0.27656878E+02 -0.34148089E+02 -0.68296179E-01  0.10000000E+01 -0.10982062E+00 -0.19000000E+00 -0.11931660E+01  0.22682300E+00 -0.11147751E+01  0.48204811E+00  0.27645048E+00
  0.27671171E+02 -0.34043546E+02 -0.68087093E-01  0.10000000E+01 -0.10532621E+00 -0.19000000E+00 -0.13593515E+01  0.22682300E+00 -0.12533561E+01  0.57304768E+00  0.42918472E+00
  0.27685464E+02 -0.33938725E+02 -0.67877451E-01  0.10000000E+01 -0.92636204E-01 -0.19000000E+00 -0.12329595E+01  0.22682300E+00 -0.11495431E+01  0.50018834E+00  0.32233408E+00
  0.27699757E+02 -0.33833627E+02 -0.67667254E-01  0.10000000E+01 -0.80273326E-01 -0.19000000E+00 -0.12180319E+01  0.22682300E+00 -0.11380590E+01  0.48976745E+00  0.31081468E+00
  0.27714050E+02 -0.33728252E+02 -0.67456504E-01  0.10000000E+01 -0.67181896E-01 -0.19000000E+00 -0.11953568E+01  0.22682300E+00 -0.11200994E+01  0.47508313E+00  0.28862693E+00
  0.27728343E+02 -0.33622602E+02 -0.67245203E-01  0.10000000E+01 -0.56858187E-01 -0.19000000E+00 -0.12115199E+01  0.22682300E+00 -0.11344326E+01  0.48196674E+00  0.30450709E+00
  0.27742636E+02 -0.33516676E+02 -0.67033353E-01  0.10000000E+01 -0.41645142E-01 -0.19000000E+00 -0.11598358E+01  0.22682300E+00 -0.10922313E+01  0.45132972E+00  0.24807299E+00
  0.27756929E+02 -0.33410477E+02 -0.66820954E-01  0.10000000E+01 -0.35857378E-01 -0.19000000E+00 -0.12589522E+01  0.22682300E+00 -0.11758031E+01  0.50388128E+00  0.33651002E+00
  0.27771222E+02 -0.33304005E+02 -0.66608010E-01  0.10000000E+01 -0.29989156E-01 -0.19000000E+00 -0.12188850E+01  0.22682300E+00 -0.11432505E+01  0.47969526E+00  0.31070195E+00
  0.27785515E+02 -0.33197261E+02 -0.66394521E-01  0.10000000E+01 -0.22796749E-01 -0.19000000E+00 -0.11980634E+01  0.22682300E+00 -0.11267189E+01  0.46616423E+00  0.28777160E+00
  0.27799808E+02 -0.33090245E+02 -0.66180490E-01  0.10000000E+01 -0.17239550E-01 -0.19000000E+00 -0.11950179E+01  0.22682300E+00 -0.11250361E+01  0.46239622E+00  0.28955311E+00
  0.27814101E+02 -0.32982959E+02 -0.65965918E-01  0.10000000E+01 -0.11250867E-01 -0.19000000E+00 -0.11821172E+01  0.22682300E+00 -0.11150784E+01  0.45326581E+00  0.27391571E+00
  0.27828394E+02 -0.32875404E+02 -0.65750807E-01  0.10000000E+01 -0.50213927E-02 -0.19000000E+00 -0.10959243E+01  0.22682300E+00 -0.10435379E+01  0.40438505E+00  0.23524934E+00
  0.27842686E+02 -0.32767580E+02 -0.65535159E-01  0.10000000E+01 -0.12611149E-03 -0.19000000E+00 -0.12702501E+01  0.22682300E+00 -0.11908830E+01  0.49677133E+00  0.29408917E+00
  0.27856979E+02 -0.32659488E+02 -0.65318975E-01  0.10000000E+01  0.10568574E-01 -0.19000000E+00 -0.10001731E+01  0.22682300E+00 -0.96444221E+00  0.34877801E+00  0.15598637E+00
  0.27871272E+02 -0.32551129E+02 -0.65102258E-01  0.10000000E+01  0.21172355E-01 -0.19000000E+00 -0.10745906E+01  0.22682300E+00 -0.10278275E+01  0.38699390E+00  0.17454152E+00
  0.27885565E+02 -0.32442504E+02 -0.64885008E-01  0.10000000E+01  0.30255618E-01 -0.19000000E+00 -0.11271445E+01  0.22682300E+00 -0.10729112E+01  0.41323731E+00  0.19330377E+00
  0.27899858E+02 -0.32333614E+02 -0.64667229E-01  0.10000000E+01  0.41362664E-01 -0.19000000E+00 -0.90398729E+00  0.22682300E+00 -0.88513829E+00  0.29184227E+00  0.95495675E-01
  0.27914151E+02 -0.32224460E+02 -0.64448920E-01  0.10000000E+01  0.49286983E-01 -0.19000000E+00 -0.11481121E+01  0.22682300E+00 -0.10922139E+01  0.42033196E+00  0.19162482E+00
  0.27928444E+02 -0.32115043E+02 -0.64230086E-01  0.10000000E+01  0.58090639E-01 -0.19000000E+00 -0.10122064E+01  0.22682300E+00 -0.97790484E+00  0.34599509E+00  0.13137753E+00
  0.27942737E+02 -0.32005363E+02 -0.64010726E-01  0.10000000E+01  0.67583555E-01 -0.19000000E+00 -0.10079389E+01  0.22682300E+00 -0.97494657E+00  0.34186072E+00  0.11763538E+00
  0.27957030E+02 -0.31895422E+02 -0.63790843E-01  0.10000000E+01  0.78284786E-01 -0.19000000E+00 -0.98801429E+00  0.22682300E+00 -0.95868445E+00  0.32946174E+00  0.94735627E-01
  0.27971323E+02 -0.31785220E+02 -0.63570439E-01  0.10000000E+01  0.88970478E-01 -0.19000000E+00 -0.97590768E+00  0.22682300E+00 -0.94902539E+00  0.32124021E+00  0.81774090E-01
  0.27985616E+02 -0.31674758E+02 -0.63349516E-01  0.10000000E+01  0.99169602E-01 -0.19000000E+00 -0.98077960E+00  0.22682300E+00 -0.95378917E+00  0.32196820E+00  0.77920641E-01
  0.27999909E+02 -0.31564037E+02 -0.63128075E-01  0.10000000E+01  0.10909775E+00 -0.19000000E+00 -0.96672600E+00  0.22682300E+00 -0.94243512E+00  0.31276808E+00  0.66886160E-01
  0.28014202E+02 -0.31453059E+02 -0.62906118E-01  0.10000000E+01  0.11931012E+00 -0.19000000E+00 -0.94854463E+00  0.22682300E+00 -0.92752922E+00  0.30145502E+00  0.50760546E-01
  0.28028495E+02 -0.31341823E+02 -0.62683647E-01  0.10000000E+01  0.12990188E+00 -0.19000000E+00 -0.95278535E+00  0.22682300E+00 -0.93173464E+00  0.30185951E+00  0.41224130E-01
  0.28042788E+02 -0.31230332E+02 -0.62460663E-01  0.10000000E+01  0.14128440E+00 -0.19000000E+00 -0.91807706E+00  0.22682300E+00 -0.90264156E+00  0.28205033E+00  0.15687082E-01
  0.28057081E+02 -0.31118585E+02 -0.62237170E-01  0.10000000E+01  0.15316677E+00 -0.19000000E+00 -0.91460648E+00  0.22682300E+00 -0.90021877E+00  0.27849569E+00  0.30743385E-02
  0.28071374E+02 -0.31006584E+02 -0.62013167E-01  0.10000000E+01  0.16593562E+00 -0.19000000E+00 -0.90160031E+00  0.22682300E+00 -0.88961376E+00  0.27003547E+00 -0.15144135E-01
  0.28085667E+02 -0.30894329E+02 -0.61788658E-01  0.10000000E+01  0.17925921E+00 -0.19000000E+00 -0.89383251E+00  0.22682300E+00 -0.88347544E+00  0.26430359E+00 -0.28546761E-01
  0.28099960E+02 -0.30781822E+02 -0.61563645E-01  0.10000000E+01  0.19235799E+00 -0.19000000E+00 -0.89700762E+00  0.22682300E+00 -0.88672053E+00  0.26419320E+00 -0.33578347E-01
  0.28114253E+02 -0.30669064E+02 -0.61338128E-01  0.10000000E+01  0.20538962E+00 -0.19000000E+00 -0.89553724E+00  0.22682300E+00 -0.88597403E+00  0.26169761E+00 -0.41293492E-01
  0.28128546E+02 -0.30556055E+02 -0.61112109E-01  0.10000000E+01  0.21877716E+00 -0.19000000E+00 -0.89043880E+00  0.22682300E+00 -0.88209804E+00  0.25735767E+00 -0.52711588E-01
  0.28142839E+02 -0.30442796E+02 -0.60885592E-01  0.10000000E+01  0.23253006E+00 -0.19000000E+00 -0.88517061E+00  0.22682300E+00 -0.87806316E+00  0.25294422E+00 -0.63889426E-01
  0.28157132E+02 -0.30329288E+02 -0.60658577E-01  0.10000000E+01  0.24610471E+00 -0.19000000E+00 -0.89772654E+00  0.22682300E+00 -0.88940003E+00  0.25754456E+00 -0.65057151E-01
  0.28171425E+02 -0.30215533E+02 -0.60431066E-01  0.10000000E+01  0.25947175E+00 -0.19000000E+00 -0.90502086E+00  0.22682300E+00 -0.89621290E+00  0.25944913E+00 -0.67752130E-01
  0.28185718E+02 -0.30101531E+02 -0.60203062E-01  0.10000000E+01  0.27287009E+00 -0.19000000E+00 -0.90956819E+00  0.22682300E+00 -0.90066143E+00  0.25994605E+00 -0.72724319E-01
  0.28200010E+02 -0.29987283E+02 -0.59974565E-01  0.10000000E+01  0.28640322E+00 -0.19000000E+00 -0.91959110E+00  0.22682300E+00 -0.90985918E+00  0.26315914E+00 -0.76306547E-01
  0.28214303E+02 -0.29872789E+02 -0.59745578E-01  0.10000000E+01  0.30016359E+00 -0.19000000E+00 -0.92173001E+00  0.22682300E+00 -0.91223795E+00  0.26240580E+00 -0.83164854E-01
  0.28228596E+02 -0.29758052E+02 -0.59516104E-01  0.10000000E+01  0.31390986E+00 -0.19000000E+00 -0.93538794E+00  0.22682300E+00 -0.92461845E+00  0.26735743E+00 -0.83606623E-01
  0.28242889E+02 -0.29643071E+02 -0.59286142E-01  0.10000000E+01  0.32785576E+00 -0.19000000E+00 -0.93524404E+00  0.22682300E+00 -0.92502805E+00  0.26543021E+00 -0.90270793E-01
  0.28257182E+02 -0.29527848E+02 -0.59055697E-01  0.10000000E+01  0.34171453E+00 -0.19000000E+00 -0.96166339E+00  0.22682300E+00 -0.94854787E+00  0.27659011E+00 -0.85277415E-01
  0.28271475E+02 -0.29412384E+02 -0.58824769E-01  0.10000000E+01  0.35581350E+00 -0.19000000E+00 -0.95838240E+00  0.22682300E+00 -0.94624524E+00  0.27306674E+00 -0.92453680E-01
  0.28285768E+02 -0.29296680E+02 -0.58593360E-01  0.10000000E+01  0.36960836E+00 -0.19000000E+00 -0.99595787E+00  0.22682300E+00 -0.97956423E+00  0.28954219E+00 -0.81197342E-01
  0.28300061E+02 -0.29180736E+02 -0.58361472E-01  0.10000000E+01  0.38325695E+00 -0.19000000E+00 -0.10133692E+01  0.22682300E+00 -0.99534969E+00  0.29604851E+00 -0.77791310E-01
  0.28314354E+02 -0.29064554E+02 -0.58129107E-01  0.10000000E+01  0.39661756E+00 -0.19000000E+00 -0.10467533E+01  0.22682300E+00 -0.10251282E+01  0.31024742E+00 -0.67914849E-01
  0.28328647E+02 -0.28948134E+02 -0.57896268E-01  0.10000000E+01  0.40987742E+00 -0.19000000E+00 -0.10648321E+01  0.22682300E+00 -0.10415765E+01  0.31691428E+00 -0.64008003E-01
  0.28342940E+02 -0.28831478E+02 -0.57662955E-01  0.10000000E+01  0.42314705E+00 -0.19000000E+00 -0.10721102E+01  0.22682300E+00 -0.10485954E+01  0.31830266E+00 -0.64345146E-01
  0.28357233E+02 -0.28714586E+02 -0.57429171E-01  0.10000000E+01  0.43602794E+00 -0.19000000E+00 -0.11078293E+01  0.22682300E+00 -0.10805691E+01  0.33332384E+00 -0.51355852E-01
  0.28371526E+02 -0.28597459E+02 -0.57194918E-01  0.10000000E+01  0.44849199E+00 -0.19000000E+00 -0.11516551E+01  0.22682300E+00 -0.11197275E+01  0.35209155E+00 -0.35336021E-01
  0.28385819E+02 -0.28480099E+02 -0.56960198E-01  0.10000000E+01  0.46081229E+00 -0.19000000E+00 -0.11729935E+01  0.22682300E+00 -0.11392025E+01  0.35997256E+00 -0.28451098E-01
  0.28400112E+02 -0.28362506E+02 -0.56725012E-01  0.10000000E+01  0.47279458E+00 -0.19000000E+00 -0.12176519E+01  0.22682300E+00 -0.11792365E+01  0.37884862E+00 -0.12404700E-01
  0.28414405E+02 -0.28244681E+02 -0.56489362E-01  0.10000000E+01  0.48442762E+00 -0.19000000E+00 -0.12542326E+01  0.22682300E+00 -0.12122382E+01  0.39373416E+00  0.20601799E-02
  0.28428698E+02 -0.28126625E+02 -0.56253251E-01  0.10000000E+01  0.49600570E+00 -0.19000000E+00 -0.12641047E+01  0.22682300E+00 -0.12217532E+01  0.39588950E+00  0.53519638E-02
  0.28442991E+02 -0.28008340E+02 -0.56016680E-01  0.10000000E+01  0.50709690E+00 -0.19000000E+00 -0.13049155E+01  0.22682300E+00 -0.12585989E+01  0.41253114E+00  0.23091611E-01
  0.28457284E+02 -0.27889826E+02 -0.55779652E-01  0.10000000E+01  0.51782889E+00 -0.19000000E+00 -0.13354797E+01  0.22682300E+00 -0.12864636E+01  0.42422396E+00  0.36390388E-01
  0.28471577E+02 -0.27771084E+02 -0.55542167E-01  0.10000000E+01  0.52815482E+00 -0.19000000E+00 -0.13683324E+01  0.22682300E+00 -0.13164087E+01  0.43686436E+00  0.51190221E-01
  0.28485870E+02 -0.27652114E+02 -0.55304229E-01  0.10000000E+01  0.53815414E+00 -0.19000000E+00 -0.13906070E+01  0.22682300E+00 -0.13370434E+01  0.44446770E+00  0.62171935E-01
  0.28500163E+02 -0.27532919E+02 -0.55065839E-01  0.10000000E+01  0.54731026E+00 -0.19000000E+00 -0.14636390E+01  0.22682300E+00 -0.14027259E+01  0.47544487E+00  0.93846164E-01
  0.28514456E+02 -0.27413499E+02 -0.54826999E-01  0.10000000E+01  0.55560486E+00 -0.19000000E+00 -0.15408399E+01  0.22682300E+00 -0.14722456E+01  0.50806414E+00  0.12699164E+00
  0.28528749E+02 -0.27293855E+02 -0.54587711E-01  0.10000000E+01  0.56398355E+00 -0.19000000E+00 -0.15235109E+01  0.22682300E+00 -0.14579036E+01  0.49704242E+00  0.12184624E+00
  0.28543042E+02 -0.27173988E+02 -0.54347976E-01  0.10000000E+01  0.57222629E+00 -0.19000000E+00 -0.15154516E+01  0.22682300E+00 -0.14517705E+01  0.49031067E+00  0.12189221E+00
  0.28557334E+02 -0.27053899E+02 -0.54107798E-01  0.10000000E+01  0.57949826E+00 -0.19000000E+00 -0.15874424E+01  0.22682300E+00 -0.15169085E+01  0.52001023E+00  0.15427607E+00
  0.28571627E+02 -0.26933589E+02 -0.53867178E-01  0.10000000E+01  0.58607636E+00 -0.19000000E+00 -0.16247105E+01  0.22682300E+00 -0.15512227E+01  0.53370471E+00  0.17350836E+00
  0.28585920E+02 -0.26813059E+02 -0.53626117E-01  0.10000000E+01  0.59209494E+00 -0.19000000E+00 -0.16555806E+01  0.22682300E+00 -0.15798932E+01  0.54436526E+00  0.18867367E+00
  0.28600213E+02 -0.26692309E+02 -0.53384618E-01  0.10000000E+01  0.59783790E+00 -0.19000000E+00 -0.16459370E+01  0.22682300E+00 -0.15724209E+01  0.53670253E+00  0.18892111E+00
  0.28614506E+02 -0.26571342E+02 -0.53142683E-01  0.10000000E+01  0.60293020E+00 -0.19000000E+00 -0.16752220E+01  0.22682300E+00 -0.15997425E+01  0.54648107E+00  0.20415684E+00
  0.28628799E+02 -0.26450157E+02 -0.52900314E-01  0.10000000E+01  0.60734196E+00 -0.19000000E+00 -0.17062464E+01  0.22682300E+00 -0.16286716E+01  0.55691513E+00  0.22016117E+00
  0.28643092E+02 -0.26328756E+02 -0.52657512E-01  0.10000000E+01  0.61104830E+00 -0.19000000E+00 -0.17441083E+01  0.22682300E+00 -0.16637821E+01  0.57025551E+00  0.23837165E+00
  0.28657385E+02 -0.26207140E+02 -0.52414280E-01  0.10000000E+01  0.61493891E+00 -0.19000000E+00 -0.16996322E+01  0.22682300E+00 -0.16250848E+01  0.54708129E+00  0.22238760E+00
  0.28671678E+02 -0.26085310E+02 -0.52170620E-01  0.10000000E+01  0.61765261E+00 -0.19000000E+00 -0.18002081E+01  0.22682300E+00 -0.17165756E+01  0.58784866E+00  0.26410890E+00
  0.28685971E+02 -0.25963267E+02 -0.51926534E-01  0.10000000E+01  0.62133959E+00 -0.19000000E+00 -0.16867412E+01  0.22682300E+00 -0.16158086E+01  0.53451572E+00  0.21924801E+00
  0.28700264E+02 -0.25841011E+02 -0.51682023E-01  0.10000000E+01  0.62494121E+00 -0.19000000E+00 -0.16754202E+01  0.22682300E+00 -0.16067565E+01  0.52613221E+00  0.21640602E+00
  0.28714557E+02 -0.25718545E+02 -0.51437090E-01  0.10000000E+01  0.62753287E+00 -0.19000000E+00 -0.17712645E+01  0.22682300E+00 -0.16942271E+01  0.56428838E+00  0.25505773E+00
  0.28728850E+02 -0.25595868E+02 -0.51191736E-01  0.10000000E+01  0.63077905E+00 -0.19000000E+00 -0.16988576E+01  0.22682300E+00 -0.16301302E+01  0.52937827E+00  0.22620254E+00
  0.28743143E+02 -0.25472982E+02 -0.50945964E-01  0.10000000E+01  0.63417236E+00 -0.19000000E+00 -0.16695551E+01  0.22682300E+00 -0.16048079E+01  0.51327824E+00  0.21608690E+00
  0.28757436E+02 -0.25349888E+02 -0.50699776E-01  0.10000000E+01  0.63637002E+00 -0.19000000E+00 -0.17887489E+01  0.22682300E+00 -0.17136236E+01  0.56086151E+00  0.26436927E+00
  0.28771729E+02 -0.25226587E+02 -0.50453174E-01  0.10000000E+01  0.63933109E+00 -0.19000000E+00 -0.17097971E+01  0.22682300E+00 -0.16434045E+01  0.52352328E+00  0.23304138E+00
  0.28786022E+02 -0.25103080E+02 -0.50206159E-01  0.10000000E+01  0.64320309E+00 -0.19000000E+00 -0.16067721E+01  0.22682300E+00 -0.15512353E+01  0.47627137E+00  0.19317401E+00
  0.28800315E+02 -0.24979367E+02 -0.49958734E-01  0.10000000E+01  0.64615488E+00 -0.19000000E+00 -0.16950892E+01  0.22682300E+00 -0.16323159E+01  0.51021644E+00  0.22994489E+00
  0.28814608E+02 -0.24855450E+02 -0.49710901E-01  0.10000000E+01  0.64931764E+00 -0.19000000E+00 -0.16665110E+01  0.22682300E+00 -0.16074846E+01  0.49467268E+00  0.22030836E+00
  0.28828901E+02 -0.24731331E+02 -0.49462662E-01  0.10000000E+01  0.65179553E+00 -0.19000000E+00 -0.17349678E+01  0.22682300E+00 -0.16707303E+01  0.51982906E+00  0.24878910E+00
  0.28843194E+02 -0.24607009E+02 -0.49214018E-01  0.10000000E+01  0.65580358E+00 -0.19000000E+00 -0.15732982E+01  0.22682300E+00 -0.15248666E+01  0.44888470E+00  0.18523028E+00
  0.28857487E+02 -0.24482486E+02 -0.48964972E-01  0.10000000E+01  0.65928385E+00 -0.19000000E+00 -0.16166316E+01  0.22682300E+00 -0.15652759E+01  0.46352764E+00  0.20463919E+00
  0.28871780E+02 -0.24357763E+02 -0.48715526E-01  0.10000000E+01  0.66080463E+00 -0.19000000E+00 -0.18164690E+01  0.22682300E+00 -0.17483307E+01  0.54253876E+00  0.28600334E+00
  0.28886073E+02 -0.24232841E+02 -0.48465682E-01  0.10000000E+01  0.66468032E+00 -0.19000000E+00 -0.15725396E+01  0.22682300E+00 -0.15270738E+01  0.43860579E+00  0.18859504E+00
  0.28900366E+02 -0.24107721E+02 -0.48215442E-01  0.10000000E+01  0.66757523E+00 -0.19000000E+00 -0.16509191E+01  0.22682300E+00 -0.15995711E+01  0.46728434E+00  0.22278210E+00
  0.28914658E+02 -0.23982404E+02 -0.47964808E-01  0.10000000E+01  0.67075505E+00 -0.19000000E+00 -0.16043281E+01  0.22682300E+00 -0.15580205E+01  0.44484746E+00  0.20640095E+00
  0.28928951E+02 -0.23856891E+02 -0.47713783E-01  0.10000000E+01  0.67361472E+00 -0.19000000E+00 -0.16167982E+01  0.22682300E+00 -0.15703959E+01  0.44647696E+00  0.21415822E+00
  0.28943244E+02 -0.23731183E+02 -0.47462367E-01  0.10000000E+01  0.67604675E+00 -0.19000000E+00 -0.16443537E+01  0.22682300E+00 -0.15965973E+01  0.45412004E+00  0.22765935E+00
  0.28957537E+02 -0.23605282E+02 -0.47210563E-01  0.10000000E+01  0.67887814E+00 -0.19000000E+00 -0.15892316E+01  0.22682300E+00 -0.15470815E+01  0.42853781E+00  0.20803986E+00
  0.28971830E+02 -0.23479187E+02 -0.46958374E-01  0.10000000E+01  0.68145125E+00 -0.19000000E+00 -0.16031164E+01  0.22682300E+00 -0.15607560E+01  0.43066394E+00  0.21639425E+00
  0.28986123E+02 -0.23352900E+02 -0.46705800E-01  0.10000000E+01  0.68385520E+00 -0.19000000E+00 -0.16162947E+01  0.22682300E+00 -0.15738003E+01  0.43244662E+00  0.22415296E+00
  0.29000416E+02 -0.23226423E+02 -0.46452846E-01  0.10000000E+01  0.68670654E+00 -0.19000000E+00 -0.15735384E+01  0.22682300E+00 -0.15354600E+01  0.41210986E+00  0.20918546E+00
  0.29014709E+02 -0.23099756E+02 -0.46199511E-01  0.10000000E+01  0.68950027E+00 -0.19000000E+00 -0.15830457E+01  0.22682300E+00 -0.15451123E+01  0.41244435E+00  0.21557139E+00
  0.29029002E+02 -0.22972900E+02 -0.45945799E-01  0.10000000E+01  0.69228920E+00 -0.19000000E+00 -0.15884979E+01  0.22682300E+00 -0.15510415E+01  0.41115036E+00  0.21995569E+00
  0.29043295E+02 -0.22845856E+02 -0.45691712E-01  0.10000000E+01  0.69415184E+00 -0.19000000E+00 -0.16871338E+01  0.22682300E+00 -0.16428475E+01  0.44600587E+00  0.26135879E+00
  0.29057588E+02 -0.22718626E+02 -0.45437251E-01  0.10000000E+01  0.69751087E+00 -0.19000000E+00 -0.15151606E+01  0.22682300E+00 -0.14852036E+01  0.37593961E+00  0.19519687E+00
  0.29071881E+02 -0.22591210E+02 -0.45182419E-01  0.10000000E+01  0.69970484E+00 -0.19000000E+00 -0.15897507E+01  0.22682300E+00 -0.15549027E+01  0.40128992E+00  0.23001840E+00
  0.29086174E+02 -0.22463609E+02 -0.44927218E-01  0.10000000E+01  0.70147474E+00 -0.19000000E+00 -0.15860034E+01  0.22682300E+00 -0.15523296E+01  0.39639425E+00  0.23341463E+00
  0.29100467E+02 -0.22335825E+02 -0.44671649E-01  0.10000000E+01  0.70320282E+00 -0.19000000E+00 -0.15358376E+01  0.22682300E+00 -0.15068078E+01  0.37386644E+00  0.21868913E+00
  0.29114760E+02 -0.22207858E+02 -0.44415716E-01  0.10000000E+01  0.70442041E+00 -0.19000000E+00 -0.15251784E+01  0.22682300E+00 -0.14977705E+01  0.36647130E+00  0.22060065E+00
  0.29129053E+02 -0.22079710E+02 -0.44159420E-01  0.10000000E+01  0.70365068E+00 -0.19000000E+00 -0.16752691E+01  0.22682300E+00 -0.16376698E+01  0.41953898E+00  0.28617767E+00
  0.29143346E+02 -0.21951381E+02 -0.43902762E-01  0.10000000E+01  0.70303011E+00 -0.19000000E+00 -0.16034028E+01  0.22682300E+00 -0.15719492E+01  0.38900490E+00  0.26262365E+00
  0.29157639E+02 -0.21822873E+02 -0.43645747E-01  0.10000000E+01  0.70201068E+00 -0.19000000E+00 -0.15872805E+01  0.22682300E+00 -0.15578509E+01  0.37948496E+00  0.26124673E+00
  0.29171932E+02 -0.21694187E+02 -0.43388374E-01  0.10000000E+01  0.70087953E+00 -0.19000000E+00 -0.15621907E+01  0.22682300E+00 -0.15353865E+01  0.36671054E+00  0.25570443E+00
  0.29186225E+02 -0.21565323E+02 -0.43130647E-01  0.10000000E+01  0.70006531E+00 -0.19000000E+00 -0.15650431E+01  0.22682300E+00 -0.15388602E+01  0.36430485E+00  0.25725356E+00
  0.29200518E+02 -0.21436284E+02 -0.42872567E-01  0.10000000E+01  0.70080988E+00 -0.19000000E+00 -0.15415779E+01  0.22682300E+00 -0.15178347E+01  0.35226239E+00  0.24216783E+00
  0.29214811E+02 -0.21307069E+02 -0.42614137E-01  0.10000000E+01  0.70283185E+00 -0.19000000E+00 -0.15261509E+01  0.22682300E+00 -0.15042528E+01  0.34323278E+00  0.23208094E+00
  0.29229104E+02 -0.21177680E+02 -0.42355359E-01  0.10000000E+01  0.70550489E+00 -0.19000000E+00 -0.15041182E+01  0.22682300E+00 -0.14844793E+01  0.33187534E+00  0.22321586E+00
  0.29243397E+02 -0.21048117E+02 -0.42096235E-01  0.10000000E+01  0.70815414E+00 -0.19000000E+00 -0.15287916E+01  0.22682300E+00 -0.15082532E+01  0.33737917E+00  0.23467822E+00
  0.29257690E+02 -0.20918383E+02 -0.41836766E-01  0.10000000E+01  0.71124109E+00 -0.19000000E+00 -0.14881403E+01  0.22682300E+00 -0.14710413E+01  0.31944914E+00  0.22059581E+00
  0.29271983E+02 -0.20788478E+02 -0.41576956E-01  0.10000000E+01  0.71404331E+00 -0.19000000E+00 -0.14804053E+01  0.22682300E+00 -0.14645303E+01  0.31336778E+00  0.22238728E+00
  0.29286275E+02 -0.20658403E+02 -0.41316806E-01  0.10000000E+01  0.71622046E+00 -0.19000000E+00 -0.14757726E+01  0.22682300E+00 -0.14609032E+01  0.30840776E+00  0.22746613E+00
  0.29300568E+02 -0.20528159E+02 -0.41056319E-01  0.10000000E+01  0.71763621E+00 -0.19000000E+00 -0.14788180E+01  0.22682300E+00 -0.14644525E+01  0.30615399E+00  0.23581792E+00
  0.29314861E+02 -0.20397748E+02 -0.40795496E-01  0.10000000E+01  0.71860895E+00 -0.19000000E+00 -0.14536382E+01  0.22682300E+00 -0.14415446E+01  0.29404388E+00  0.23310474E+00
  0.29329154E+02 -0.20267170E+02 -0.40534340E-01  0.10000000E+01  0.71910876E+00 -0.19000000E+00 -0.14491008E+01  0.22682300E+00 -0.14379545E+01  0.28918607E+00  0.23756199E+00
  0.29343447E+02 -0.20136426E+02 -0.40272852E-01  0.10000000E+01  0.71919102E+00 -0.19000000E+00 -0.14593741E+01  0.22682300E+00 -0.14482561E+01  0.28944070E+00  0.24643241E+00
  0.29357740E+02 -0.20005518E+02 -0.40011035E-01  0.10000000E+01  0.71906781E+00 -0.19000000E+00 -0.14618427E+01  0.22682300E+00 -0.14512332E+01  0.28697551E+00  0.25143453E+00
  0.29372033E+02 -0.19874446E+02 -0.39748892E-01  0.10000000E+01  0.71910673E+00 -0.19000000E+00 -0.14324214E+01  0.22682300E+00 -0.14242169E+01  0.27365280E+00  0.24336902E+00
  0.29386326E+02 -0.19743212E+02 -0.39486423E-01  0.10000000E+01  0.71903817E+00 -0.19000000E+00 -0.14259823E+01  0.22682300E+00 -0.14187795E+01  0.26821483E+00  0.24535633E+00
  0.29400619E+02 -0.19611816E+02 -0.39223632E-01  0.10000000E+01  0.71881164E+00 -0.19000000E+00 -0.14087145E+01  0.22682300E+00 -0.14031247E+01  0.25916457E+00  0.24445587E+00
  0.29414912E+02 -0.19480260E+02 -0.38960520E-01  0.10000000E+01  0.71793846E+00 -0.19000000E+00 -0.14371673E+01  0.22682300E+00 -0.14305402E+01  0.26543072E+00  0.26248556E+00
  0.29429205E+02 -0.19348545E+02 -0.38697090E-01  0.10000000E+01  0.71614016E+00 -0.19000000E+00 -0.14928877E+01  0.22682300E+00 -0.14837199E+01  0.28060234E+00  0.29130113E+00
  0.29443498E+02 -0.19216672E+02 -0.38433344E-01  0.10000000E+01  0.71429918E+00 -0.19000000E+00 -0.14410481E+01  0.22682300E+00 -0.14354107E+01  0.26012408E+00  0.27771284E+00
  0.29457791E+02 -0.19084642E+02 -0.38169284E-01  0.10000000E+01  0.71158852E+00 -0.19000000E+00 -0.14211302E+01  0.22682300E+00 -0.14171832E+01  0.25030326E+00  0.27961198E+00
  0.29472084E+02 -0.18952456E+02 -0.37904912E-01  0.10000000E+01  0.70727421E+00 -0.19000000E+00 -0.14592736E+01  0.22682300E+00 -0.14538324E+01  0.25942138E+00  0.30507382E+00
  0.29486377E+02 -0.18820115E+02 -0.37640230E-01  0.10000000E+01  0.70280232E+00 -0.19000000E+00 -0.14500546E+01  0.22682300E+00 -0.14457017E+01  0.25308862E+00  0.30503117E+00
  0.29500670E+02 -0.18687620E+02 -0.37375240E-01  0.10000000E+01  0.70020416E+00 -0.19000000E+00 -0.14032203E+01  0.22682300E+00 -0.14019178E+01  0.23473868E+00  0.27951906E+00
  0.29514963E+02 -0.18554973E+02 -0.37109945E-01  0.10000000E+01  0.69951298E+00 -0.19000000E+00 -0.13851728E+01  0.22682300E+00 -0.13853481E+01  0.22574945E+00  0.26440628E+00
  0.29529256E+02 -0.18422174E+02 -0.36844347E-01  0.10000000E+01  0.69948564E+00 -0.19000000E+00 -0.13564749E+01  0.22682300E+00 -0.13586405E+01  0.21346894E+00  0.25301619E+00
  0.29543549E+02 -0.18289224E+02 -0.36578448E-01  0.10000000E+01  0.69859134E+00 -0.19000000E+00 -0.13909930E+01  0.22682300E+00 -0.13919065E+01  0.22114799E+00  0.27273059E+00
  0.29557842E+02 -0.18156125E+02 -0.36312250E-01  0.10000000E+01  0.69717894E+00 -0.19000000E+00 -0.13798514E+01  0.22682300E+00 -0.13818296E+01  0.21444219E+00  0.27437718E+00
  0.29572135E+02 -0.18022878E+02 -0.36045755E-01  0.10000000E+01  0.69555690E+00 -0.19000000E+00 -0.13475002E+01  0.22682300E+00 -0.13515608E+01  0.20121866E+00  0.26665501E+00
  0.29586428E+02 -0.17889483E+02 -0.35778966E-01  0.10000000E+01  0.69381006E+00 -0.19000000E+00 -0.13287673E+01  0.22682300E+00 -0.13341984E+01  0.19231705E+00  0.26265505E+00
  0.29600721E+02 -0.17755942E+02 -0.35511884E-01  0.10000000E+01  0.69159816E+00 -0.19000000E+00 -0.13351030E+01  0.22682300E+00 -0.13406769E+01  0.19113901E+00  0.26888180E+00
  0.29615014E+02 -0.17622256E+02 -0.35244512E-01  0.10000000E+01  0.68890346E+00 -0.19000000E+00 -0.13136620E+01  0.22682300E+00 -0.13206844E+01  0.18151930E+00  0.26517426E+00
  0.29629307E+02 -0.17488426E+02 -0.34976852E-01  0.10000000E+01  0.68584589E+00 -0.19000000E+00 -0.12802039E+01  0.22682300E+00 -0.12891932E+01  0.16837938E+00  0.25675387E+00
  0.29643599E+02 -0.17354453E+02 -0.34708906E-01  0.10000000E+01  0.68229587E+00 -0.19000000E+00 -0.12710166E+01  0.22682300E+00 -0.12808143E+01  0.16262405E+00  0.25771762E+00
  0.29657892E+02 -0.17220338E+02 -0.34440677E-01  0.10000000E+01  0.67829949E+00 -0.19000000E+00 -0.12479490E+01  0.22682300E+00 -0.12591579E+01  0.15279646E+00  0.25383372E+00
  0.29672185E+02 -0.17086083E+02 -0.34172166E-01  0.10000000E+01  0.67357549E+00 -0.19000000E+00 -0.12449869E+01  0.22682300E+00 -0.12566811E+01  0.14897529E+00  0.25879115E+00
  0.29686478E+02 -0.16951688E+02 -0.33903376E-01  0.10000000E+01  0.66836477E+00 -0.19000000E+00 -0.12265793E+01  0.22682300E+00 -0.12394192E+01  0.14066014E+00  0.25705708E+00
  0.29700771E+02 -0.16817154E+02 -0.33634309E-01  0.10000000E+01  0.66264558E+00 -0.19000000E+00 -0.12249548E+01  0.22682300E+00 -0.12381911E+01  0.13727955E+00  0.26136779E+00
  0.29715064E+02 -0.16682483E+02 -0.33364967E-01  0.10000000E+01  0.65694176E+00 -0.19000000E+00 -0.11956354E+01  0.22682300E+00 -0.12104250E+01  0.12595220E+00  0.25312301E+00
  0.29729357E+02 -0.16547676E+02 -0.33095352E-01  0.10000000E+01  0.65184095E+00 -0.19000000E+00 -0.11786851E+01  0.22682300E+00 -0.11944697E+01  0.11827626E+00  0.24571063E+00
  0.29743650E+02 -0.16412734E+02 -0.32825467E-01  0.10000000E+01  0.64873015E+00 -0.19000000E+00 -0.11192845E+01  0.22682300E+00 -0.11377649E+01  0.98678831E-01  0.21516186E+00
  0.29757943E+02 -0.16277657E+02 -0.32555314E-01  0.10000000E+01  0.64758451E+00 -0.19000000E+00 -0.10834986E+01  0.22682300E+00 -0.11036429E+01  0.85965709E-01  0.19212471E+00
  0.29772236E+02 -0.16142447E+02 -0.32284895E-01  0.10000000E+01  0.64695435E+00 -0.19000000E+00 -0.10199107E+01  0.22682300E+00 -0.10427619E+01  0.65681932E-01  0.16711712E+00
  0.29786529E+02 -0.16007106E+02 -0.32014211E-01  0.10000000E+01  0.64277789E+00 -0.19000000E+00 -0.10271626E+01  0.22682300E+00 -0.10498848E+01  0.65218326E-01  0.18954290E+00
  0.29800822E+02 -0.15871633E+02 -0.31743267E-01  0.10000000E+01  0.63384867E+00 -0.19000000E+00 -0.10531710E+01  0.22682300E+00 -0.10750530E+01  0.69848628E-01  0.22706148E+00
  0.29815115E+02 -0.15736031E+02 -0.31472063E-01  0.10000000E+01  0.62253160E+00 -0.19000000E+00 -0.10236882E+01  0.22682300E+00 -0.10468375E+01  0.59308192E-01  0.23232633E+00
  0.29829408E+02 -0.15600301E+02 -0.31200601E-01  0.10000000E+01  0.60955948E+00 -0.19000000E+00 -0.10370932E+01  0.22682300E+00 -0.10598862E+01  0.60433072E-01  0.24811348E+00
  0.29843701E+02 -0.15464443E+02 -0.30928885E-01  0.10000000E+01  0.59605363E+00 -0.19000000E+00 -0.98496866E+00  0.22682300E+00 -0.10097891E+01  0.44021225E-01  0.23394314E+00
  0.29857994E+02 -0.15328458E+02 -0.30656916E-01  0.10000000E+01  0.58378943E+00 -0.19000000E+00 -0.96078205E+00  0.22682300E+00 -0.98656455E+00  0.35230711E-01  0.21789698E+00
  0.29872287E+02 -0.15192348E+02 -0.30384696E-01  0.10000000E+01  0.57293637E+00 -0.19000000E+00 -0.89369178E+00  0.22682300E+00 -0.92189990E+00  0.15305271E-01  0.18633808E+00
  0.29886580E+02 -0.15056114E+02 -0.30112229E-01  0.10000000E+01  0.56339937E+00 -0.18986968E+00 -0.86010025E+00  0.22651194E+00 -0.88941449E+00  0.46876761E-02  0.16854752E+00
  0.29900873E+02 -0.14919757E+02 -0.29839515E-01  0.10000000E+01  0.55610016E+00 -0.18931277E+00 -0.77535608E+00  0.22518513E+00 -0.80719429E+00 -0.17965694E-01  0.13137050E+00
  0.29915166E+02 -0.14783279E+02 -0.29566557E-01  0.10000000E+01  0.54858789E+00 -0.18865596E+00 -0.76914873E+00  0.22362531E+00 -0.80074933E+00 -0.19964085E-01  0.13110531E+00
  0.29929459E+02 -0.14646679E+02 -0.29293358E-01  0.10000000E+01  0.54366124E+00 -0.18753359E+00 -0.57439220E+00  0.22097240E+00 -0.61160103E+00 -0.68552088E-01  0.53406958E-01
  0.29943752E+02 -0.14509960E+02 -0.29019919E-01  0.10000000E+01  0.54106453E+00 -0.18641193E+00 -0.56438919E+00  0.21833699E+00 -0.60109145E+00 -0.69966181E-01  0.36110969E-01
  0.29958045E+02 -0.14373122E+02 -0.28746243E-01  0.10000000E+01  0.54054986E+00 -0.18510770E+00 -0.47777076E+00  0.21529247E+00 -0.51625963E+00 -0.89954098E-01 -0.31369313E-02
  0.29972338E+02 -0.14236166E+02 -0.28472333E-01  0.10000000E+01  0.53951682E+00 -0.18385956E+00 -0.50753150E+00  0.21239892E+00 -0.54417836E+00 -0.81064440E-01  0.12665715E-01
  0.29986631E+02 -0.14099095E+02 -0.28198189E-01  0.10000000E+01  0.53793006E+00 -0.18253269E+00 -0.48380091E+00  0.20934432E+00 -0.52022304E+00 -0.85184251E-01  0.12107177E-01
  0.30000923E+02 -0.13961908E+02 -0.27923815E-01  0.10000000E+01  0.53242565E+00 -0.18139038E+00 -0.58328561E+00  0.20673231E+00 -0.61593293E+00 -0.59891422E-01  0.70776741E-01
  0.30015216E+02 -0.13824607E+02 -0.27649213E-01  0.10000000E+01  0.52441497E+00 -0.18021675E+00 -0.58525326E+00  0.20406579E+00 -0.61706112E+00 -0.58307794E-01  0.89249833E-01
  0.30029509E+02 -0.13687193E+02 -0.27374386E-01  0.10000000E+01  0.51583381E+00 -0.17911655E+00 -0.61647071E+00  0.20158180E+00 -0.64666268E+00 -0.49987386E-01  0.10416171E+00
  0.30043802E+02 -0.13549667E+02 -0.27099334E-01  0.10000000E+01  0.50590558E+00 -0.17795429E+00 -0.60140485E+00  0.19897421E+00 -0.63128337E+00 -0.52534148E-01  0.11038885E+00
  0.30058095E+02 -0.13412030E+02 -0.26824061E-01  0.10000000E+01  0.49098898E+00 -0.17686376E+00 -0.66032228E+00  0.19654300E+00 -0.68790201E+00 -0.38019537E-01  0.16233224E+00
  0.30072388E+02 -0.13274284E+02 -0.26548569E-01  0.10000000E+01  0.47434860E+00 -0.17579768E+00 -0.67401289E+00  0.19418075E+00 -0.70059104E+00 -0.34230553E-01  0.17751513E+00
  0.30086681E+02 -0.13136430E+02 -0.26272859E-01  0.10000000E+01  0.46020168E+00 -0.17461110E+00 -0.60801154E+00  0.19156827E+00 -0.63563871E+00 -0.48372136E-01  0.14185515E+00
  0.30100974E+02 -0.12998468E+02 -0.25996936E-01  0.10000000E+01  0.44870232E+00 -0.17351196E+00 -0.62117289E+00  0.18916410E+00 -0.64780374E+00 -0.44599661E-01  0.12925281E+00
  0.30115267E+02 -0.12860400E+02 -0.25720799E-01  0.10000000E+01  0.44360491E+00 -0.17230295E+00 -0.52209359E+00  0.18653713E+00 -0.55051576E+00 -0.65652206E-01  0.55570166E-01
  0.30129560E+02 -0.12722226E+02 -0.25444453E-01  0.10000000E+01  0.44044770E+00 -0.17098535E+00 -0.47099541E+00  0.18369514E+00 -0.49988628E+00 -0.75460489E-01  0.29358847E-01
  0.30143853E+02 -0.12583949E+02 -0.25167898E-01  0.10000000E+01  0.43335784E+00 -0.16988103E+00 -0.53584913E+00  0.18132999E+00 -0.56248321E+00 -0.60228682E-01  0.68807269E-01
  0.30158146E+02 -0.12445569E+02 -0.24891138E-01  0.10000000E+01  0.42426331E+00 -0.16887040E+00 -0.57477375E+00  0.17917893E+00 -0.59988246E+00 -0.51097770E-01  0.92414393E-01
  0.30172439E+02 -0.12307087E+02 -0.24614175E-01  0.10000000E+01  0.41545711E+00 -0.16784509E+00 -0.55637908E+00  0.17700974E+00 -0.58132290E+00 -0.54349017E-01  0.83799216E-01
  0.30186732E+02 -0.12168505E+02 -0.24337010E-01  0.10000000E+01  0.40500233E+00 -0.16694836E+00 -0.60892891E+00  0.17512340E+00 -0.63216126E+00 -0.42834110E-01  0.10992874E+00
  0.30201025E+02 -0.12029823E+02 -0.24059647E-01  0.10000000E+01  0.39683723E+00 -0.16595382E+00 -0.54015505E+00  0.17304313E+00 -0.56435862E+00 -0.56663420E-01  0.71228579E-01
  0.30215318E+02 -0.11891043E+02 -0.23782087E-01  0.10000000E+01  0.39219579E+00 -0.16470772E+00 -0.40165925E+00  0.17045423E+00 -0.42816243E+00 -0.84034102E-01  0.34514307E-02
  0.30229611E+02 -0.11752166E+02 -0.23504332E-01  0.10000000E+01  0.38412069E+00 -0.16366845E+00 -0.49767443E+00  0.16830996E+00 -0.52152323E+00 -0.63416097E-01  0.55271954E-01
  0.30243904E+02 -0.11613193E+02 -0.23226386E-01  0.10000000E+01  0.37204083E+00 -0.16302959E+00 -0.67405326E+00  0.16699857E+00 -0.69387205E+00 -0.27890660E-01  0.13447891E+00
  0.30258197E+02 -0.11474125E+02 -0.22948250E-01  0.10000000E+01  0.36242750E+00 -0.16207856E+00 -0.51891617E+00  0.16505589E+00 -0.54137925E+00 -0.58531594E-01  0.67989020E-01
  0.30272490E+02 -0.11334963E+02 -0.22669926E-01  0.10000000E+01  0.35622387E+00 -0.16054017E+00 -0.25132679E+00  0.16193746E+00 -0.27825255E+00 -0.10938196E+00 -0.37570216E-01
  0.30286783E+02 -0.11195708E+02 -0.22391417E-01  0.10000000E+01  0.34847481E+00 -0.15915050E+00 -0.31228212E+00  0.15914606E+00 -0.33723923E+00 -0.95484490E-01 -0.79593672E-02
  0.30301076E+02 -0.11056362E+02 -0.22112725E-01  0.10000000E+01  0.33926547E+00 -0.15815965E+00 -0.46955870E+00  0.15717059E+00 -0.49098455E+00 -0.64203943E-01  0.49419016E-01
  0.30315369E+02 -0.10916926E+02 -0.21833852E-01  0.10000000E+01  0.32942102E+00 -0.15730865E+00 -0.51716934E+00  0.15548378E+00 -0.53725640E+00 -0.54725573E-01  0.66087182E-01
  0.30329662E+02 -0.10777400E+02 -0.21554801E-01  0.10000000E+01  0.32336538E+00 -0.15613438E+00 -0.35075657E+00  0.15317115E+00 -0.37321167E+00 -0.84880057E-01 -0.12478589E-01
  0.30343955E+02 -0.10637787E+02 -0.21275574E-01  0.10000000E+01  0.32360941E+00 -0.15464350E+00 -0.16815455E+00  0.15025994E+00 -0.19300253E+00 -0.11663629E+00 -0.11193350E+00
  0.30358247E+02 -0.10498086E+02 -0.20996172E-01  0.10000000E+01  0.32428110E+00 -0.15341458E+00 -0.25926259E+00  0.14788126E+00 -0.28186715E+00 -0.98167537E-01 -0.86922711E-01
  0.30372540E+02 -0.10358300E+02 -0.20716600E-01  0.10000000E+01  0.32277889E+00 -0.15236382E+00 -0.33933712E+00  0.14586248E+00 -0.36003336E+00 -0.82471382E-01 -0.47932907E-01
  0.30386833E+02 -0.10218429E+02 -0.20436858E-01  0.10000000E+01  0.32017538E+00 -0.15135042E+00 -0.35670478E+00  0.14392861E+00 -0.37658006E+00 -0.78365813E-01 -0.35536704E-01
  0.30401126E+02 -0.10078474E+02 -0.20156949E-01  0.10000000E+01  0.31430793E+00 -0.15049522E+00 -0.43646494E+00  0.14230668E+00 -0.45463306E+00 -0.63730760E-01  0.10418100E-01
  0.30415419E+02 -0.99384375E+01 -0.19876875E-01  0.10000000E+01  0.30881307E+00 -0.14951630E+00 -0.37052548E+00  0.14046139E+00 -0.38920751E+00 -0.74404618E-01 -0.14807480E-01
  0.30429712E+02 -0.97983195E+01 -0.19596639E-01  0.10000000E+01  0.30961990E+00 -0.14794374E+00 -0.77620226E-01  0.13752227E+00 -0.99891594E-01 -0.12230676E+00 -0.14816222E+00
  0.30444005E+02 -0.96581213E+01 -0.19316243E-01  0.10000000E+01  0.31409315E+00 -0.14624271E+00  0.18294691E-02  0.13437805E+00 -0.20740915E-01 -0.13278035E+00 -0.19504196E+00
  0.30458298E+02 -0.95178443E+01 -0.19035689E-01  0.10000000E+01  0.31336907E+00 -0.14554039E+00 -0.43252243E+00  0.13309047E+00 -0.44857554E+00 -0.59738717E-01 -0.24737637E-01
  0.30472591E+02 -0.93774895E+01 -0.18754979E-01  0.10000000E+01  0.31556598E+00 -0.14410079E+00 -0.10591469E+00  0.13047058E+00 -0.12575793E+00 -0.11146944E+00 -0.14623801E+00
  0.30486884E+02 -0.92370580E+01 -0.18474116E-01  0.10000000E+01  0.32034784E+00 -0.14210646E+00  0.14099816E+00  0.12688419E+00  0.11880239E+00 -0.14787181E+00 -0.23784060E+00
  0.30501177E+02 -0.90965511E+01 -0.18193102E-01  0.10000000E+01  0.32056228E+00 -0.14079446E+00 -0.15989462E+00  0.12455209E+00 -0.17757519E+00 -0.97706521E-01 -0.11212932E+00
  0.30515470E+02 -0.89559698E+01 -0.17911940E-01  0.10000000E+01  0.31815868E+00 -0.14007300E+00 -0.41231240E+00  0.12327889E+00 -0.42647709E+00 -0.57589006E-01 -0.16422102E-01
  0.30529763E+02 -0.88153154E+01 -0.17630631E-01  0.10000000E+01  0.31825365E+00 -0.13907636E+00 -0.27740755E+00  0.12153085E+00 -0.29275526E+00 -0.77582553E-01 -0.75551087E-01
  0.30544056E+02 -0.86745889E+01 -0.17349178E-01  0.10000000E+01  0.31883512E+00 -0.13758777E+00 -0.72635527E-01  0.11894318E+00 -0.89743938E-01 -0.10662751E+00 -0.14124007E+00
  0.30558349E+02 -0.85337915E+01 -0.17067583E-01  0.10000000E+01  0.31975430E+00 -0.13596205E+00 -0.95981477E-02  0.11614895E+00 -0.26727537E-01 -0.11343872E+00 -0.16104114E+00
  0.30572642E+02 -0.83929244E+01 -0.16785849E-01  0.10000000E+01  0.31701190E+00 -0.13477562E+00 -0.21216894E+00  0.11413072E+00 -0.22655530E+00 -0.81940063E-01 -0.71135679E-01
  0.30586935E+02 -0.82519887E+01 -0.16503977E-01  0.10000000E+01  0.30940419E+00 -0.13402613E+00 -0.42043149E+00  0.11286488E+00 -0.43227767E+00 -0.51353060E-01  0.26493314E-01
  0.30601228E+02 -0.81109856E+01 -0.16221971E-01  0.10000000E+01  0.29906548E+00 -0.13355199E+00 -0.55011827E+00  0.11206774E+00 -0.56042699E+00 -0.33329913E-01  0.84717925E-01
  0.30615521E+02 -0.79699162E+01 -0.15939832E-01  0.10000000E+01  0.28924419E+00 -0.13298846E+00 -0.51226595E+00  0.11112398E+00 -0.52272566E+00 -0.39023353E-01  0.69622116E-01
  0.30629814E+02 -0.78287817E+01 -0.15657563E-01  0.10000000E+01  0.28131811E+00 -0.13216686E+00 -0.39310979E+00  0.10975519E+00 -0.40439593E+00 -0.55185457E-01  0.20169541E-01
  0.30644107E+02 -0.76875832E+01 -0.15375166E-01  0.10000000E+01  0.27977874E+00 -0.13033098E+00  0.61994930E-01  0.10672722E+00  0.47160680E-01 -0.11406113E+00 -0.16138793E+00
  0.30658400E+02 -0.75463219E+01 -0.15092644E-01  0.10000000E+01  0.27830720E+00 -0.12845148E+00  0.78530308E-01  0.10367120E+00  0.64235258E-01 -0.11308651E+00 -0.16248958E+00
  0.30672693E+02 -0.74049989E+01 -0.14809998E-01  0.10000000E+01  0.27103035E+00 -0.12731305E+00 -0.26035618E+00  0.10184172E+00 -0.27131036E+00 -0.67437099E-01 -0.15869662E-01
  0.30686986E+02 -0.72636154E+01 -0.14527231E-01  0.10000000E+01  0.26063808E+00 -0.12634127E+00 -0.34718758E+00  0.10029294E+00 -0.35708188E+00 -0.55591519E-01  0.32398043E-01
  0.30701279E+02 -0.71221725E+01 -0.14244345E-01  0.10000000E+01  0.24952997E+00 -0.12537746E+00 -0.35294186E+00  0.98768580E-01 -0.36246445E+00 -0.54246816E-01  0.39360124E-01
  0.30715571E+02 -0.69806715E+01 -0.13961343E-01  0.10000000E+01  0.23774438E+00 -0.12446849E+00 -0.37936758E+00  0.97341652E-01 -0.38838578E+00 -0.50513825E-01  0.52936480E-01
  0.30729864E+02 -0.68391134E+01 -0.13678227E-01  0.10000000E+01  0.22584481E+00 -0.12349465E+00 -0.35383346E+00  0.95824416E-01 -0.36272668E+00 -0.53007448E-01  0.46626044E-01
  0.30744157E+02 -0.66974994E+01 -0.13394999E-01  0.10000000E+01  0.21330690E+00 -0.12259275E+00 -0.38765133E+00  0.94429887E-01 -0.39601901E+00 -0.48574709E-01  0.62294713E-01
  0.30758450E+02 -0.65558307E+01 -0.13111661E-01  0.10000000E+01  0.20047333E+00 -0.12178381E+00 -0.42692412E+00  0.93187783E-01 -0.43477186E+00 -0.43835941E-01  0.77063010E-01
  0.30772743E+02 -0.64141084E+01 -0.12828217E-01  0.10000000E+01  0.18784977E+00 -0.12090714E+00 -0.39784491E+00  0.91850979E-01 -0.40561558E+00 -0.46831331E-01  0.67149292E-01
  0.30787036E+02 -0.62723337E+01 -0.12544667E-01  0.10000000E+01  0.17278517E+00 -0.12033833E+00 -0.53872803E+00  0.90988779E-01 -0.54544403E+00 -0.31585723E-01  0.12720338E+00
  0.30801329E+02 -0.61305078E+01 -0.12261016E-01  0.10000000E+01  0.15482995E+00 -0.12017949E+00 -0.72480107E+00  0.90748743E-01 -0.73034747E+00 -0.12825723E-01  0.20324238E+00
  0.30815622E+02 -0.59886318E+01 -0.11977264E-01  0.10000000E+01  0.13963504E+00 -0.11948426E+00 -0.48784400E+00  0.89701826E-01 -0.49454034E+00 -0.38314969E-01  0.11014700E+00
  0.30829915E+02 -0.58467068E+01 -0.11693414E-01  0.10000000E+01  0.12994870E+00 -0.11780875E+00 -0.51640418E-01  0.87203712E-01 -0.60254990E-01 -0.81489609E-01 -0.60910937E-01
  0.30844208E+02 -0.57047340E+01 -0.11409468E-01  0.10000000E+01  0.12039114E+00 -0.11616362E+00 -0.60291924E-01  0.84785223E-01 -0.68421138E-01 -0.78372177E-01 -0.56533361E-01
  0.30858501E+02 -0.55627147E+01 -0.11125429E-01  0.10000000E+01  0.10717666E+00 -0.11528619E+00 -0.39399793E+00  0.83509227E-01 -0.40023746E+00 -0.44923675E-01  0.73021651E-01
  0.30872794E+02 -0.54206498E+01 -0.10841300E-01  0.10000000E+01  0.94778858E-01 -0.11428348E+00 -0.33460031E+00  0.82062893E-01 -0.34085622E+00 -0.50087179E-01  0.49313233E-01
  0.30887087E+02 -0.52785407E+01 -0.10557081E-01  0.10000000E+01  0.82367315E-01 -0.11330187E+00 -0.33972385E+00  0.80659225E-01 -0.34570361E+00 -0.49063372E-01  0.51154728E-01
  0.30901380E+02 -0.51363885E+01 -0.10272777E-01  0.10000000E+01  0.70890582E-01 -0.11227498E+00 -0.30972123E+00  0.79203771E-01 -0.31556838E+00 -0.51157350E-01  0.35554191E-01
  0.30915673E+02 -0.49941942E+01 -0.99883885E-02  0.10000000E+01  0.61005284E-01 -0.11122652E+00 -0.28464000E+00  0.77731414E-01 -0.29032627E+00 -0.52657030E-01  0.17442427E-01
  0.30929966E+02 -0.48519592E+01 -0.97039184E-02  0.10000000E+01  0.52377331E-01 -0.11014222E+00 -0.25701522E+00  0.76223257E-01 -0.26254130E+00 -0.54211385E-01  0.10912721E-02
  0.30944259E+02 -0.47096845E+01 -0.94193690E-02  0.10000000E+01  0.43785121E-01 -0.10907005E+00 -0.25606051E+00  0.74746505E-01 -0.26133313E+00 -0.53469773E-01  0.81547127E-03
  0.30958552E+02 -0.45673713E+01 -0.91347427E-02  0.10000000E+01  0.35307790E-01 -0.10796645E+00 -0.23636462E+00  0.73241549E-01 -0.24144633E+00 -0.54186947E-01 -0.59527608E-02
  0.30972845E+02 -0.44250208E+01 -0.88500417E-02  0.10000000E+01  0.27122084E-01 -0.10681795E+00 -0.21000916E+00  0.71691619E-01 -0.21491448E+00 -0.55274779E-01 -0.15801547E-01
  0.30987138E+02 -0.42826342E+01 -0.85652684E-02  0.10000000E+01  0.18841852E-01 -0.10569885E+00 -0.21589974E+00  0.70197295E-01 -0.22053899E+00 -0.53878657E-01 -0.13046140E-01
  0.31001431E+02 -0.41402125E+01 -0.82804251E-02  0.10000000E+01  0.10698550E-01 -0.10455039E+00 -0.19722805E+00  0.68680140E-01 -0.20167189E+00 -0.54261542E-01 -0.19286160E-01
  0.31015724E+02 -0.39977571E+01 -0.79955141E-02  0.10000000E+01  0.27112799E-02 -0.10335740E+00 -0.17337521E+00  0.67121718E-01 -0.17763291E+00 -0.54871123E-01 -0.26894789E-01
  0.31030017E+02 -0.38552689E+01 -0.77105378E-02  0.10000000E+01 -0.54079213E-02 -0.10218188E+00 -0.17501899E+00  0.65603601E-01 -0.17903388E+00 -0.53687502E-01 -0.24778527E-01
  0.31044310E+02 -0.37127493E+01 -0.74254985E-02  0.10000000E+01 -0.13671878E-01 -0.10102283E+00 -0.17776080E+00  0.64123757E-01 -0.18154001E+00 -0.52478390E-01 -0.22003771E-01
  0.31058603E+02 -0.35701993E+01 -0.71403986E-02  0.10000000E+01 -0.21830527E-01 -0.99835739E-01 -0.16074011E+00  0.62625607E-01 -0.16432794E+00 -0.52494552E-01 -0.26986743E-01
  0.31072895E+02 -0.34276201E+01 -0.68552402E-02  0.10000000E+01 -0.29988577E-01 -0.98644703E-01 -0.15464212E+00  0.61140280E-01 -0.15802091E+00 -0.51785229E-01 -0.27693119E-01
  0.31087188E+02 -0.32850129E+01 -0.65700259E-02  0.10000000E+01 -0.38235760E-01 -0.97477034E-01 -0.16028056E+00  0.59701397E-01 -0.16343826E+00 -0.50418760E-01 -0.24130516E-01
  0.31101481E+02 -0.31423789E+01 -0.62847578E-02  0.10000000E+01 -0.46411397E-01 -0.96314672E-01 -0.15701832E+00  0.58286071E-01 -0.15997732E+00 -0.49591101E-01 -0.24527557E-01
  0.31115774E+02 -0.29997192E+01 -0.59994385E-02  0.10000000E+01 -0.54644716E-01 -0.95191249E-01 -0.16868797E+00  0.56934293E-01 -0.17143626E+00 -0.48028660E-01 -0.19402786E-01
  0.31130067E+02 -0.28570350E+01 -0.57140700E-02  0.10000000E+01 -0.63759983E-01 -0.94274765E-01 -0.25407254E+00  0.55843264E-01 -0.25654018E+00 -0.43109858E-01  0.13786459E-01
  0.31144360E+02 -0.27143275E+01 -0.54286549E-02  0.10000000E+01 -0.74526624E-01 -0.93722163E-01 -0.40838754E+00  0.55190520E-01 -0.41054297E+00 -0.35788903E-01  0.72675384E-01
  0.31158653E+02 -0.25715977E+01 -0.51431955E-02  0.10000000E+01 -0.82888762E-01 -0.92785048E-01 -0.23120493E+00  0.54092353E-01 -0.23339910E+00 -0.43664226E-01  0.14553422E-02
  0.31172946E+02 -0.24288470E+01 -0.48576940E-02  0.10000000E+01 -0.85521941E-01 -0.90847331E-01  0.21888399E+00  0.51856623E-01  0.21648973E+00 -0.61086051E-01 -0.17462914E+00
  0.31187239E+02 -0.22860764E+01 -0.45721528E-02  0.10000000E+01 -0.87045650E-01 -0.88775498E-01  0.28708803E+00  0.49518345E-01  0.28488431E+00 -0.60930581E-01 -0.19939209E+00
  0.31201532E+02 -0.21432871E+01 -0.42865742E-02  0.10000000E+01 -0.92317195E-01 -0.87459350E-01 -0.39243188E-01  0.48060952E-01 -0.41013151E-01 -0.46559686E-01 -0.69868352E-01
  0.31215825E+02 -0.20004803E+01 -0.40009607E-02  0.10000000E+01 -0.97395951E-01 -0.86141777E-01 -0.33141044E-01  0.46623785E-01 -0.34748383E-01 -0.45438486E-01 -0.70927525E-01
  0.31230118E+02 -0.18576572E+01 -0.37153144E-02  0.10000000E+01 -0.10188163E+00 -0.84764427E-01 -0.19938005E-03  0.45144738E-01 -0.16627122E-02 -0.45114549E-01 -0.82859987E-01
  0.31244411E+02 -0.17148189E+01 -0.34296377E-02  0.10000000E+01 -0.10627533E+00 -0.83423791E-01 -0.10725356E-01  0.43728011E-01 -0.12029104E-01 -0.43387473E-01 -0.77629046E-01
  0.31258704E+02 -0.15719665E+01 -0.31439331E-02  0.10000000E+01 -0.11030471E+00 -0.82051702E-01  0.83461338E-02  0.42301432E-01  0.71825566E-02 -0.42514468E-01 -0.83357886E-01
  0.31272997E+02 -0.14291014E+01 -0.28582027E-02  0.10000000E+01 -0.11438921E+00 -0.80706084E-01  0.10707153E-03  0.40925353E-01 -0.91363757E-03 -0.40915293E-01 -0.77542245E-01
  0.31287290E+02 -0.12862245E+01 -0.25724490E-02  0.10000000E+01 -0.11797467E+00 -0.79318748E-01  0.23599678E-01  0.39530434E-01  0.22706394E-01 -0.40050215E-01 -0.85195715E-01
  0.31301583E+02 -0.11433372E+01 -0.22866743E-02  0.10000000E+01 -0.12098666E+00 -0.77963747E-01  0.17164875E-01  0.38191374E-01  0.16399399E-01 -0.38526273E-01 -0.83799077E-01
  0.31315876E+02 -0.10004404E+01 -0.20008809E-02  0.10000000E+01 -0.12281447E+00 -0.76586872E-01  0.37068710E-01  0.36854332E-01  0.36419579E-01 -0.37495937E-01 -0.94630706E-01
  0.31330169E+02 -0.85753557E+00 -0.17150711E-02  0.10000000E+01 -0.12354593E+00 -0.75178422E-01  0.60515800E-01  0.35511277E-01  0.59977551E-01 -0.36412995E-01 -0.10594557E+00
  0.31344462E+02 -0.71462368E+00 -0.14292474E-02  0.10000000E+01 -0.12363697E+00 -0.73756558E-01  0.74369947E-01  0.34180716E-01  0.73937853E-01 -0.35105616E-01 -0.11137536E+00
  0.31358755E+02 -0.57170595E+00 -0.11434119E-02  0.10000000E+01 -0.12338775E+00 -0.72340631E-01  0.78800116E-01  0.32880958E-01  0.78468107E-01 -0.33665587E-01 -0.11197535E+00
  0.31373048E+02 -0.42878355E+00 -0.85756710E-03  0.10000000E+01 -0.12272270E+00 -0.70903332E-01  0.95078160E-01  0.31587349E-01  0.94839110E-01 -0.32297992E-01 -0.11679742E+00
  0.31387341E+02 -0.28585765E+00 -0.57171529E-03  0.10000000E+01 -0.12177402E+00 -0.69463026E-01  0.10366466E+00  0.30317074E-01  0.10351211E+00 -0.30833893E-01 -0.11841817E+00
  0.31401634E+02 -0.14292941E+00 -0.28585881E-03  0.10000000E+01 -0.12057289E+00 -0.68018365E-01  0.11276938E+00  0.29069145E-01  0.11269651E+00 -0.29350367E-01 -0.12001573E+00
  0.31415927E+02 -0.12246468E-13 -0.24492936E-16  0.10000000E+01 -0.11907044E+00 -0.66553988E-01  0.12844098E+00  0.27830951E-01  0.12844098E+00 -0.27830951E-01 -0.12394628E+00
