# time bound_circ lift drag moment
0.057172 0.017984 0.182146 0.000880 -0.028975
0.085758 0.024086 0.305019 0.002281 -0.088341
0.114344 0.029672 0.310509 0.003092 -0.084911
0.142930 0.034782 0.317887 0.003921 -0.082447
0.171516 0.039644 0.326470 0.004774 -0.081095
0.200101 0.044362 0.335677 0.005647 -0.080265
0.228687 0.048995 0.345270 0.006541 -0.079739
0.257273 0.053578 0.355123 0.007454 -0.079402
0.285859 0.058135 0.365161 0.008388 -0.079187
0.314445 0.062681 0.375341 0.009340 -0.079055
0.343031 0.067228 0.385633 0.010312 -0.078982
0.371617 0.071784 0.396018 0.011302 -0.078951
0.400203 0.076354 0.406483 0.012310 -0.078951
0.428789 0.080943 0.417018 0.013337 -0.078973
0.457375 0.085553 0.427616 0.014381 -0.079013
0.485961 0.090187 0.438271 0.015444 -0.079065
0.514547 0.094846 0.448980 0.016524 -0.079128
0.543132 0.099532 0.459738 0.017621 -0.079198
0.571718 0.104246 0.470543 0.018735 -0.079274
0.600304 0.108988 0.481392 0.019865 -0.079353
0.628890 0.113759 0.492283 0.021013 -0.079436
0.657476 0.118558 0.503213 0.022177 -0.079520
0.686062 0.123387 0.514180 0.023356 -0.079605
0.714648 0.128244 0.525183 0.024552 -0.079691
0.743234 0.133130 0.536220 0.025763 -0.079777
0.771820 0.138044 0.547290 0.026990 -0.079861
0.800406 0.142986 0.558392 0.028232 -0.079945
0.828992 0.147957 0.569524 0.029489 -0.080028
0.857578 0.152954 0.580686 0.030760 -0.080110
0.886164 0.157980 0.591876 0.032046 -0.080190
0.914749 0.163031 0.603094 0.033347 -0.080268
0.943335 0.168110 0.614338 0.034661 -0.080345
0.971921 0.173214 0.625608 0.035990 -0.080420
1.000507 0.178343 0.636904 0.037332 -0.080493
1.029093 0.183498 0.648224 0.038687 -0.080565
1.057679 0.188677 0.659567 0.040056 -0.080634
1.086265 0.193881 0.670933 0.041438 -0.080702
1.114851 0.199108 0.682321 0.042833 -0.080768
1.143437 0.204359 0.693731 0.044240 -0.080832
1.172023 0.209633 0.705161 0.045660 -0.080893
1.200609 0.214929 0.716611 0.047092 -0.080953
1.229195 0.220246 0.728080 0.048536 -0.081011
1.257780 0.225586 0.739568 0.049992 -0.081067
1.286366 0.230946 0.751074 0.051460 -0.081121
1.314952 0.236328 0.762597 0.052939 -0.081174
1.343538 0.241729 0.774137 0.054429 -0.081224
1.372124 0.247151 0.785692 0.055930 -0.081272
1.400710 0.252591 0.797263 0.057442 -0.081318
1.429296 0.258051 0.808849 0.058965 -0.081363
1.457882 0.263530 0.820449 0.060498 -0.081406
1.486468 0.269026 0.832063 0.062042 -0.081447
1.515054 0.274541 0.843690 0.063595 -0.081486
1.543640 0.280073 0.855330 0.065158 -0.081523
1.572226 0.285621 0.866981 0.066731 -0.081558
1.600812 0.291187 0.878644 0.068313 -0.081592
1.629397 0.296769 0.890318 0.069905 -0.081624
1.657983 0.302367 0.902003 0.071505 -0.081655
1.686569 0.307980 0.913697 0.073115 -0.081683
1.715155 0.313609 0.925401 0.074733 -0.081710
1.743741 0.319252 0.937114 0.076360 -0.081735
1.772327 0.324910 0.948835 0.077995 -0.081759
1.800913 0.330582 0.960564 0.079638 -0.081781
1.829499 0.336268 0.972301 0.081289 -0.081802
1.858085 0.341967 0.984045 0.082947 -0.081820
1.886671 0.347680 0.995795 0.084614 -0.081838
1.915257 0.353405 1.007551 0.086287 -0.081853
1.943843 0.359143 1.019312 0.087968 -0.081868
1.972429 0.364893 1.031079 0.089656 -0.081880
2.001014 0.370655 1.042851 0.091350 -0.081891
2.029600 0.376428 1.054626 0.093052 -0.081901
2.058186 0.382213 1.066406 0.094759 -0.081909
2.086772 0.388009 1.078189 0.096473 -0.081916
2.115358 0.393816 1.089975 0.098193 -0.081921
2.143944 0.399632 1.101763 0.099919 -0.081925
2.172530 0.405459 1.113554 0.101651 -0.081927
2.201116 0.411296 1.125347 0.103388 -0.081929
2.229702 0.417143 1.137140 0.105131 -0.081928
2.258288 0.422998 1.148935 0.106879 -0.081926
2.286874 0.428863 1.160730 0.108632 -0.081923
2.315460 0.434736 1.172526 0.110389 -0.081919
2.344045 0.440618 1.184321 0.112152 -0.081913
2.372631 0.446508 1.196116 0.113919 -0.081906
2.401217 0.452406 1.207910 0.115690 -0.081898
2.429803 0.458311 1.219702 0.117465 -0.081888
2.458389 0.464224 1.231493 0.119245 -0.081877
2.486975 0.470145 1.243282 0.121028 -0.081865
2.515561 0.476072 1.255068 0.122815 -0.081851
2.544147 0.482006 1.266852 0.124605 -0.081837
2.572733 0.487946 1.278632 0.126399 -0.081821
2.601319 0.493892 1.290410 0.128196 -0.081803
2.629905 0.499845 1.302183 0.129995 -0.081785
2.658491 0.505803 1.313952 0.131798 -0.081765
2.687077 0.511767 1.325717 0.133603 -0.081744
2.715662 0.517736 1.337478 0.135411 -0.081722
2.744248 0.523710 1.349233 0.137221 -0.081699
2.772834 0.529689 1.360983 0.139034 -0.081675
2.801420 0.535672 1.372727 0.140848 -0.081649
2.830006 0.541660 1.384466 0.142664 -0.081622
2.858592 0.547652 1.396198 0.144482 -0.081595
2.887178 0.553648 1.407923 0.146302 -0.081566
2.915764 0.559648 1.419642 0.148123 -0.081536
2.944350 0.565652 1.431354 0.149945 -0.081504
2.972936 0.571659 1.443058 0.151768 -0.081472
3.001522 0.577669 1.454754 0.153593 -0.081439
3.030108 0.583226 1.465308 0.155693 -0.081608
3.058693 0.584659 1.464239 0.158993 -0.082904
3.087279 0.581754 1.460363 0.161525 -0.076618
3.115865 0.574792 1.457927 0.164433 -0.070627
3.144451 0.564795 1.457490 0.167880 -0.064836
3.173037 0.552399 1.457861 0.171552 -0.059165
3.201623 0.537756 1.459270 0.175518 -0.053683
3.230209 0.520853 1.462289 0.179948 -0.048462
3.258795 0.501663 1.469785 0.185679 -0.043799
3.287381 0.480181 1.483911 0.193367 -0.040096
3.315967 0.456657 1.491320 0.199166 -0.036041
3.344553 0.431748 1.470482 0.196683 -0.028538
3.373139 0.405689 1.461206 0.197529 -0.023081
3.401725 0.377842 1.517843 0.218080 -0.028842
3.430310 0.348546 1.517172 0.221600 -0.023561
3.458896 0.318692 1.456693 0.206887 -0.006940
3.487482 0.287286 1.569085 0.245000 -0.028725
3.516068 0.254844 1.534359 0.238093 -0.014611
3.544654 0.222191 1.460842 0.218884 0.007320
3.573240 0.187970 1.679526 0.291364 -0.048271
3.601826 0.153639 1.445343 0.221117 0.024039
3.630412 0.118705 1.610158 0.277431 -0.022240
3.658998 0.082984 1.660120 0.297521 -0.035404
3.687584 0.047155 1.438918 0.229641 0.044445
3.716170 0.011271 1.752538 0.336010 -0.066802
3.744756 -0.026312 1.645051 0.304815 -0.001043
3.773341 -0.061330 1.351599 0.211123 0.052714
3.801927 -0.097971 1.941724 0.412504 -0.110775
3.830513 -0.136330 1.584370 0.296451 0.034122
3.859099 -0.173781 1.924731 0.416351 -0.108332
3.887685 -0.210241 1.188109 0.168172 0.147890
3.916271 -0.245707 2.162616 0.508209 -0.194033
3.944857 -0.281920 1.677138 0.344381 0.001143
3.973443 -0.314890 1.378851 0.243778 0.058628
4.002029 -0.344787 1.747472 0.377539 -0.088372
4.030615 -0.376564 1.540852 0.308239 0.008053
4.059201 -0.405777 2.011136 0.480813 -0.157674
4.087787 -0.436370 1.818250 0.416092 -0.084132
4.116373 -0.468004 2.166384 0.547347 -0.179155
4.144958 -0.495528 1.796006 0.416950 -0.089543
4.173544 -0.523476 1.487871 0.307618 0.007622
4.202130 -0.547176 2.241020 0.591331 -0.242412
4.230716 -0.576467 1.606766 0.359442 -0.004347
4.259302 -0.598383 2.264376 0.611348 -0.255289
4.287888 -0.624514 1.931175 0.490522 -0.142050
4.316474 -0.653476 1.318630 0.261193 0.076113
4.345060 -0.680675 1.915202 0.493984 -0.139538
4.373646 -0.701016 2.419853 0.694264 -0.319295
4.402232 -0.724026 2.116723 0.582112 -0.204623
4.430818 -0.737619 1.610833 0.388776 -0.104851
4.459404 -0.762993 2.409422 0.708375 -0.291893
4.487990 -0.783002 1.891606 0.508426 -0.156320
4.516575 -0.803996 2.418801 0.724239 -0.328889
4.545161 -0.832771 1.984091 0.555114 -0.138297
4.573747 -0.835570 1.757983 0.468343 -0.214877
4.602333 -0.830371 2.530308 0.788007 -0.436075
4.630919 -0.851260 2.024986 0.586765 -0.208199
4.659505 -0.877364 1.780286 0.490647 -0.166436
4.688091 -0.915185 2.861124 0.944782 -0.360665
4.716677 -0.947736 1.667103 0.452099 -0.098134
4.745263 -0.979009 2.177684 0.671334 -0.193345
4.773849 -0.998477 2.425839 0.781991 -0.380793
4.802435 -1.003556 2.104958 0.651236 -0.298065
4.831021 -1.033679 2.132036 0.668128 -0.209139
4.859606 -1.064752 2.329450 0.758708 -0.305482
4.888192 -1.095455 1.713391 0.496966 -0.064386
4.916778 -1.123018 2.616888 0.896042 -0.424344
4.945364 -1.149922 1.804044 0.545318 -0.135675
4.973950 -1.168420 2.783394 0.982912 -0.532788
5.002536 -1.174071 2.106240 0.688729 -0.333675
5.031122 -1.195646 2.679292 0.950441 -0.432073
5.059708 -1.218047 1.903286 0.607942 -0.248511
5.088294 -1.240568 2.308406 0.796102 -0.354308
5.116880 -1.265950 2.720088 0.989380 -0.438832
5.145466 -1.283798 2.189985 0.753498 -0.396326
5.174052 -1.286876 2.163843 0.746962 -0.413058
5.202638 -1.288776 3.228044 1.245380 -0.737571
5.231223 -1.310133 2.135554 0.744660 -0.324024
5.259809 -1.325803 2.525864 0.932885 -0.538739
5.288395 -1.343874 2.698413 1.020571 -0.519835
5.316981 -1.354432 2.585598 0.973971 -0.576062
5.345567 -1.346082 2.458838 0.920135 -0.599702
5.374153 -1.353715 2.947191 1.160291 -0.650866
5.402739 -1.365798 2.507776 0.956148 -0.611187
5.431325 -1.378906 2.749444 1.079538 -0.612169
5.459911 -1.392299 2.685727 1.055501 -0.594076
5.488497 -1.400894 2.627866 1.033995 -0.657957
5.517083 -1.408878 2.968504 1.208333 -0.739672
5.545669 -1.416919 3.041256 1.251906 -0.760750
5.574254 -1.421118 2.312211 0.896973 -0.562284
5.602840 -1.422867 2.919899 1.206741 -0.765741
5.631426 -1.434475 3.029181 1.269131 -0.753658
5.660012 -1.450481 2.522370 1.020714 -0.595070
5.688598 -1.462558 2.935124 1.236818 -0.777067
5.717184 -1.475242 2.699781 1.124116 -0.678451
5.745770 -1.488493 2.977387 1.273495 -0.730678
5.774356 -1.497615 2.423804 0.995449 -0.648376
5.802942 -1.506494 3.101200 1.352921 -0.843750
5.831528 -1.515565 2.384235 0.987103 -0.617157
5.860114 -1.523900 3.278306 1.461584 -0.902558
5.888700 -1.532783 2.635229 1.131349 -0.722962
5.917286 -1.538647 2.787852 1.218827 -0.820778
5.945871 -1.545152 2.811769 1.238656 -0.793295
5.974457 -1.550313 2.458154 1.056804 -0.688688
6.003043 -1.554734 3.520820 1.633904 -1.051495
6.031629 -1.559784 2.259311 0.961929 -0.646895
6.060215 -1.559782 3.048926 1.396009 -0.970355
6.088801 -1.561239 2.510065 1.110048 -0.741060
6.117387 -1.561483 3.241169 1.516933 -1.017204
6.145973 -1.562275 2.673751 1.212903 -0.822876
6.174559 -1.559769 2.498582 1.122822 -0.815953
6.203145 -1.555606 3.134206 1.482436 -1.026488
6.231731 -1.553756 2.998612 1.414750 -0.958995
6.260317 -1.555585 2.761662 1.289473 -0.900654
6.288902 -1.558567 2.641836 1.228966 -0.888983
6.317488 -1.561989 2.767021 1.306600 -0.918002
6.346074 -1.566629 2.839875 1.355120 -0.921745
6.374660 -1.571134 2.712057 1.289296 -0.885300
6.403246 -1.576630 2.621577 1.244240 -0.859439
6.431832 -1.582265 2.590487 1.232973 -0.853260
6.460418 -1.584054 2.620163 1.256768 -0.868591
6.489004 -1.577213 2.621249 1.264070 -0.885646
6.517590 -1.564016 2.448560 1.169714 -0.857305
6.546176 -1.550420 2.409161 1.152772 -0.860050
6.574762 -1.549774 2.646461 1.298973 -0.908227
6.603348 -1.551616 2.510861 1.225299 -0.851682
6.631934 -1.541912 2.491907 1.220386 -0.870138
6.660519 -1.525919 2.402297 1.173095 -0.848390
6.689105 -1.498263 2.361805 1.154847 -0.888616
6.717691 -1.477148 2.242166 1.088604 -0.827381
6.746277 -1.460764 2.285434 1.120500 -0.815793
6.774863 -1.450110 2.159833 1.049783 -0.769383
6.803449 -1.419743 2.215509 1.089279 -0.866908
6.832035 -1.385862 2.414226 1.216947 -0.917261
6.860621 -1.359828 2.135477 1.051074 -0.825116
6.889207 -1.332386 2.085865 1.025705 -0.820067
6.917793 -1.292829 2.280667 1.152177 -0.914277
6.946379 -1.251768 2.098524 1.044096 -0.879019
6.974965 -1.221879 2.027993 1.005098 -0.804156
7.003551 -1.186191 2.144984 1.083925 -0.887384
7.032136 -1.154666 2.116945 1.071570 -0.861974
7.060722 -1.121660 1.824303 0.890867 -0.751505
7.089308 -1.091816 2.109175 1.077245 -0.871024
7.117894 -1.052177 2.161602 1.116146 -0.919703
7.146480 -1.016646 1.823181 0.903753 -0.785435
7.175066 -0.966193 2.139604 1.112795 -0.964364
7.203652 -0.917635 2.028618 1.046139 -0.896023
7.232238 -0.871381 1.866234 0.945397 -0.869576
7.260824 -0.842558 1.927709 0.990263 -0.804586
7.289410 -0.793491 2.031106 1.062996 -0.945194
7.317996 -0.747266 2.042188 1.075384 -0.951621
7.346582 -0.702797 2.081840 1.106751 -0.930273
7.375167 -0.652676 1.572038 0.772960 -0.798025
7.403753 -0.602707 2.143706 1.158473 -0.992439
7.432339 -0.547913 1.978742 1.053271 -0.988371
7.460925 -0.516734 1.999613 1.072246 -0.870889
7.489511 -0.473073 1.617139 0.818825 -0.810697
7.518097 -0.437671 2.043128 1.111728 -0.915618
7.546683 -0.398129 1.895768 1.016481 -0.919291
7.575269 -0.373591 1.750548 0.921911 -0.771778
7.603855 -0.358115 2.015849 1.108289 -0.850974
7.632441 -0.309730 1.678840 0.881137 -0.878919
7.661027 -0.275717 1.699341 0.899434 -0.797945
7.689613 -0.235908 1.739891 0.931756 -0.874083
7.718199 -0.232773 1.928596 1.067540 -0.768977
7.746784 -0.204055 1.649201 0.876869 -0.796182
7.775370 -0.175073 1.974545 1.109356 -0.909900
7.803956 -0.156831 1.529946 0.800875 -0.688868
7.832542 -0.130910 1.990909 1.130719 -0.916536
7.861128 -0.095847 1.925925 1.089502 -0.907537
7.889714 -0.080435 1.355670 0.687779 -0.631788
7.918300 -0.071061 2.062073 1.196422 -0.876359
7.946886 -0.055677 1.644832 0.901913 -0.746964
7.975472 -0.020105 1.713362 0.955310 -0.836533
8.004058 -0.001978 1.506830 0.810089 -0.681551
8.032644 -0.004980 1.822520 1.042929 -0.750134
8.061230 0.000722 1.646462 0.919104 -0.700981
8.089815 0.016650 1.506275 0.820579 -0.672145
8.118401 0.006910 1.704068 0.969381 -0.661103
8.146987 -0.017032 1.322833 0.692702 -0.455258
8.175573 0.008957 1.813119 1.058285 -0.830439
8.204159 0.024386 1.582955 0.891954 -0.692334
8.232745 -0.006906 1.356894 0.727462 -0.418827
8.261331 -0.006885 1.623887 0.930169 -0.649690
8.289917 -0.015401 1.499665 0.840946 -0.550744
8.318503 -0.024480 1.444587 0.803093 -0.518797
8.347089 -0.025403 1.517544 0.861620 -0.566040
8.375675 -0.060477 1.193324 0.619592 -0.290854
8.404261 -0.062294 1.603857 0.934502 -0.596978
8.432847 -0.092044 1.367265 0.757846 -0.372468
8.461432 -0.088967 1.580383 0.924228 -0.582927
8.490018 -0.085537 1.622291 0.960202 -0.591705
8.518604 -0.083672 1.516622 0.882640 -0.527949
8.547190 -0.109469 1.313288 0.728984 -0.323054
8.575776 -0.129099 1.456898 0.843503 -0.414646
8.604362 -0.158426 1.335871 0.752709 -0.304547
8.632948 -0.171957 1.445598 0.841560 -0.403650
8.661534 -0.200547 1.320466 0.746880 -0.279026
8.690120 -0.215029 1.449881 0.851741 -0.378184
8.718706 -0.235459 1.386712 0.805308 -0.314304
8.747292 -0.244698 1.431568 0.844064 -0.372808
8.775878 -0.254321 1.479805 0.885735 -0.370692
8.804463 -0.281884 1.364540 0.797359 -0.248691
8.833049 -0.301287 1.341774 0.782333 -0.272652
8.861635 -0.316683 1.474520 0.891919 -0.315223
8.890221 -0.336232 1.460753 0.884294 -0.288646
8.918807 -0.351710 1.305981 0.762764 -0.242479
8.947393 -0.373694 1.500528 0.923327 -0.266542
8.975979 -0.398692 1.365461 0.817102 -0.210871
9.004565 -0.420521 1.373214 0.826575 -0.214644
9.033151 -0.443633 1.523407 0.952542 -0.248216
9.061737 -0.469066 1.289914 0.764591 -0.163901
9.090323 -0.493595 1.504524 0.944106 -0.219158
9.118909 -0.515626 1.425370 0.882274 -0.213076
9.147495 -0.537792 1.567966 1.003613 -0.253743
9.176080 -0.560747 1.386217 0.856330 -0.166568
9.204666 -0.582710 1.546775 0.993251 -0.243362
9.233252 -0.604929 1.507106 0.963688 -0.211644
9.261838 -0.627598 1.518567 0.976771 -0.212555
9.290424 -0.650014 1.626395 1.070918 -0.258492
9.319010 -0.672305 1.394286 0.878973 -0.158505
9.347596 -0.694685 1.891263 1.302465 -0.347993
9.376182 -0.716881 1.327970 0.829061 -0.137901
9.404768 -0.739734 1.855050 1.280510 -0.321632
9.433354 -0.762577 1.627289 1.090474 -0.249505
9.461940 -0.785794 1.699730 1.156219 -0.259635
9.490526 -0.808240 1.811984 1.256498 -0.321311
9.519111 -0.831081 1.847085 1.290915 -0.315429
9.547697 -0.851831 1.685304 1.155502 -0.297538
9.576283 -0.873888 2.162003 1.572172 -0.430336
9.604869 -0.893608 1.596976 1.086513 -0.284699
9.633455 -0.915068 2.378677 1.770989 -0.528789
9.662041 -0.935008 1.599910 1.096327 -0.295934
9.690627 -0.955832 2.498958 1.887501 -0.591724
9.719213 -0.973887 1.741281 1.227758 -0.380023
9.747799 -0.992245 2.535907 1.931757 -0.634816
9.776385 -1.007683 1.901057 1.376827 -0.470576
9.804971 -1.023624 2.548855 1.955074 -0.673281
9.833557 -1.036353 2.089116 1.552578 -0.585286
9.862143 -1.050894 2.535452 1.954999 -0.696924
9.890728 -1.062976 2.152376 1.618663 -0.624768
9.919314 -1.074349 2.639530 2.059986 -0.793691
9.947900 -1.087178 2.093099 1.575261 -0.598359
9.976486 -1.097801 2.759932 2.180651 -0.876604
10.005072 -1.109289 2.038515 1.535476 -0.591973
10.033658 -1.115602 2.838005 2.264108 -0.922545
10.062244 -1.125435 2.028586 1.535666 -0.613909
10.090830 -1.135981 2.807188 2.249130 -0.907601
10.119416 -1.148334 2.013539 1.531047 -0.615974
10.148002 -1.160553 2.776068 2.233518 -0.904607
10.176588 -1.172464 2.119642 1.637426 -0.674032
10.205174 -1.184251 2.459914 1.955271 -0.780270
10.233760 -1.196042 2.370147 1.878004 -0.771281
10.262345 -1.205207 2.147089 1.677004 -0.664397
10.290931 -1.209984 2.320713 1.842790 -0.757225
10.319517 -1.214246 2.242053 1.774833 -0.730902
10.348103 -1.210193 2.127935 1.673435 -0.691621
10.376689 -1.194679 2.254939 1.796814 -0.814658
10.405275 -1.178111 2.252382 1.799400 -0.817961
10.433861 -1.160384 2.150088 1.708282 -0.777355
10.462447 -1.147593 2.238994 1.796705 -0.811126
10.491033 -1.146324 2.043747 1.617304 -0.697079
10.519619 -1.140002 2.142318 1.715015 -0.760071
10.548205 -1.131177 2.112379 1.691264 -0.762279
10.576791 -1.098523 2.220143 1.798314 -0.896058
10.605376 -1.067869 2.118798 1.706506 -0.868167
10.633962 -1.046613 2.203439 1.791949 -0.875991
10.662548 -1.012168 2.147197 1.742813 -0.899840
10.691134 -0.987932 2.289557 1.884111 -0.926597
10.719720 -0.949568 2.171216 1.775110 -0.961459
10.748306 -0.908071 2.048220 1.661059 -0.925035
10.776892 -0.869899 2.215543 1.827213 -0.981562
10.805478 -0.840590 2.101741 1.721585 -0.903154
10.834064 -0.824913 1.984150 1.611743 -0.861528
10.862650 -0.803103 2.238060 1.863186 -0.939857
10.891236 -0.776879 2.012989 1.648164 -0.870755
10.919822 -0.745644 1.969069 1.609368 -0.926011
10.948408 -0.738825 1.939211 1.584151 -0.787984
10.976993 -0.712476 2.064836 1.711624 -0.954464
11.005579 -0.669823 2.212848 1.861698 -1.029433
11.034165 -0.637374 2.119356 1.773947 -1.002319
11.062751 -0.609601 2.145134 1.803802 -1.017658
11.091337 -0.574022 1.732394 1.398808 -0.843460
11.119923 -0.530463 2.123985 1.791531 -1.074143
11.148509 -0.519550 2.062257 1.734340 -0.930905
11.177095 -0.485526 2.108004 1.784171 -1.044336
11.205681 -0.453760 1.849830 1.530080 -0.939360
11.234267 -0.428020 1.950738 1.634931 -0.938002
11.262853 -0.374522 2.278014 1.967689 -1.211083
11.291439 -0.330006 2.075285 1.768079 -1.105587
11.320024 -0.315840 1.574680 1.266956 -0.778503
11.348610 -0.303789 2.078790 1.779814 -1.005424
11.377196 -0.270021 2.309452 2.017665 -1.146084
11.405782 -0.255387 1.748396 1.452400 -0.852122
11.434368 -0.242503 1.568973 1.273144 -0.792369
11.462954 -0.193995 2.228868 1.949075 -1.193684
11.491540 -0.137512 2.094190 1.815768 -1.222496
11.520126 -0.088329 1.894705 1.615520 -1.048404
11.548712 -0.044341 2.058817 1.787502 -1.116130
11.577298 -0.006242 2.069753 1.802661 -1.154275
11.605884 0.020785 1.526158 1.246576 -0.793336
11.634470 0.026663 1.994544 1.732849 -0.994763
11.663056 0.045111 1.749112 1.482736 -0.932655
11.691641 0.076632 1.955971 1.700318 -1.062910
11.720227 0.102200 1.886223 1.631515 -0.988821
11.748813 0.111814 1.691820 1.432733 -0.897948
11.777399 0.140954 1.856417 1.607350 -0.966324
11.805985 0.169958 1.728291 1.476912 -0.971231
11.834571 0.138319 1.622616 1.369441 -0.677882
11.863157 0.124843 1.627705 1.377648 -0.748860
11.891743 0.147839 1.740839 1.499329 -0.925045
11.920329 0.161732 1.594647 1.348583 -0.876089
11.948915 0.196952 2.060960 1.842899 -1.125533
11.977501 0.221053 1.536088 1.292273 -0.832382
12.006087 0.206330 1.701308 1.469697 -0.766196
12.034672 0.224304 1.817124 1.595376 -0.953555
12.063258 0.234013 1.587671 1.354888 -0.844245
12.091844 0.245553 1.587059 1.356920 -0.825961
12.120430 0.241854 1.537402 1.306676 -0.722413
12.149016 0.238368 1.571501 1.345631 -0.738873
12.177602 0.249179 1.745969 1.534785 -0.907046
12.206188 0.265964 1.706594 1.495524 -0.903754
12.234774 0.254917 1.606088 1.390513 -0.728035
12.263360 0.264147 1.564635 1.348584 -0.786111
12.291946 0.249644 1.360856 1.131739 -0.610049
12.320532 0.250322 1.462609 1.243612 -0.747860
12.349118 0.256777 1.476947 1.261415 -0.731647
12.377704 0.209937 1.271123 1.041060 -0.412961
12.406289 0.203261 1.498456 1.289362 -0.686366
12.434875 0.178045 1.297203 1.073253 -0.522433
12.463461 0.192633 1.590770 1.394375 -0.792772
12.492047 0.199632 1.607572 1.415133 -0.747058
12.520633 0.194139 1.336471 1.121942 -0.582723
12.549219 0.178984 1.532881 1.338477 -0.627648
12.577805 0.179567 1.391236 1.185829 -0.611388
12.606391 0.172761 1.558380 1.371025 -0.649433
12.634977 0.167476 1.328463 1.121045 -0.537756
12.663563 0.164602 1.525774 1.339816 -0.630939
12.692149 0.158167 1.461204 1.270980 -0.580723
12.720735 0.153556 1.413947 1.221001 -0.552786
12.749321 0.140378 1.359747 1.163186 -0.483947
12.777906 0.124149 1.355318 1.160206 -0.464011
12.806492 0.101282 1.321809 1.125000 -0.412368
12.835078 0.085105 1.351596 1.159850 -0.446261
12.863664 0.064081 1.296859 1.100935 -0.389373
12.892250 0.029854 1.272092 1.075154 -0.333262
12.920836 0.005803 1.272661 1.077491 -0.356106
12.949422 -0.016182 1.272978 1.079534 -0.355533
12.978008 -0.045832 1.240651 1.045119 -0.303695
13.006594 -0.072797 1.233225 1.038430 -0.301930
13.035180 -0.091753 1.292885 1.106800 -0.349805
13.063766 -0.108353 1.347100 1.169229 -0.367243
13.092352 -0.126232 1.291113 1.108116 -0.332825
13.120937 -0.143349 1.221125 1.031092 -0.305424
13.149523 -0.160226 1.026301 0.813379 -0.235784
13.178109 -0.179743 1.264229 1.082664 -0.290725
13.206695 -0.200551 1.361571 1.194016 -0.312633
13.235281 -0.220888 1.249632 1.069249 -0.272195
13.263867 -0.239869 1.365138 1.201362 -0.304768
13.292453 -0.258404 1.274210 1.100047 -0.277182
13.321039 -0.278986 1.362514 1.201642 -0.279002
13.349625 -0.297647 1.078415 0.880813 -0.203485
13.378211 -0.316186 1.130039 0.940675 -0.202493
13.406797 -0.337308 1.353482 1.196112 -0.251124
13.435383 -0.360416 1.304398 1.141749 -0.223098
13.463969 -0.384599 1.387260 1.237678 -0.238258
13.492554 -0.408106 1.402829 1.256994 -0.254772
13.521140 -0.432692 1.466657 1.331474 -0.268214
13.549726 -0.457740 1.186375 1.012467 -0.157622
13.578312 -0.482949 1.110772 0.927137 -0.120157
13.606898 -0.507953 1.258749 1.097906 -0.171999
13.635484 -0.532303 1.512549 1.390453 -0.267483
13.664070 -0.557618 1.682922 1.587749 -0.325302
13.692656 -0.583797 1.293070 1.141228 -0.151399
13.721242 -0.609265 1.603096 1.499373 -0.291089
13.749828 -0.631701 1.410381 1.278960 -0.255122
13.778414 -0.653107 1.396945 1.264854 -0.236137
13.807000 -0.675677 1.721605 1.641000 -0.343467
13.835585 -0.699091 1.646401 1.555794 -0.303798
13.864171 -0.720905 1.660959 1.574219 -0.345041
13.892757 -0.741114 1.594369 1.498714 -0.339211
13.921343 -0.761712 1.699008 1.621445 -0.373186
13.949929 -0.784211 1.887858 1.842031 -0.417714
13.978515 -0.804627 1.760220 1.695621 -0.423643
14.007101 -0.824002 1.812459 1.757896 -0.455051
14.035687 -0.844289 1.907925 1.870511 -0.481205
14.064273 -0.864464 1.986032 1.963083 -0.522572
14.092859 -0.882659 1.907131 1.872921 -0.537880
14.121445 -0.901449 2.005951 1.989730 -0.560345
14.150031 -0.919598 2.083764 2.082188 -0.612586
14.178617 -0.936421 2.022970 2.012948 -0.613435
14.207202 -0.952987 2.102342 2.107325 -0.649849
14.235788 -0.969444 2.140285 2.153373 -0.677031
14.264374 -0.985748 2.089090 2.095163 -0.669708
14.292960 -1.001780 2.170604 2.192218 -0.705620
14.321546 -1.015709 2.129445 2.145644 -0.706703
14.350132 -1.026576 2.164373 2.188181 -0.739076
14.378718 -1.037995 2.173754 2.200769 -0.747143
14.407304 -1.052916 2.137258 2.159477 -0.733911
14.435890 -1.072403 2.142264 2.166854 -0.721980
14.464476 -1.095780 2.102604 2.121699 -0.705414
14.493062 -1.113595 2.132325 2.158065 -0.739653
14.521648 -1.124949 2.125901 2.151900 -0.766031
14.550233 -1.139037 2.082387 2.102013 -0.731654
14.578819 -1.151835 2.016386 2.025536 -0.694939
14.607405 -1.152188 2.024257 2.036039 -0.740889
14.635991 -1.149679 2.020094 2.032325 -0.755351
14.664577 -1.147644 1.997762 2.007129 -0.746533
14.693163 -1.144564 1.996460 2.006711 -0.756884
14.721749 -1.127875 2.023793 2.040094 -0.821459
14.750335 -1.114008 1.999885 2.012905 -0.808041
14.778921 -1.099715 1.990638 2.002999 -0.812146
14.807507 -1.088495 1.930394 1.932709 -0.771646
14.836093 -1.071152 1.978440 1.990516 -0.829671
14.864679 -1.040853 1.970377 1.981893 -0.868349
14.893265 -1.015701 1.980331 1.994579 -0.874788
14.921850 -0.997075 1.937117 1.944226 -0.838329
14.950436 -0.963158 2.024936 2.049170 -0.950417
14.979022 -0.923218 1.967863 1.982297 -0.938305
15.007608 -0.883572 2.065627 2.099072 -1.011007
15.036194 -0.852358 1.862632 1.858898 -0.879626
15.064780 -0.837218 1.982434 2.001816 -0.901492
15.093366 -0.808914 1.838339 1.831348 -0.888784
15.121952 -0.770494 2.017157 2.044408 -1.011779
15.150538 -0.728499 2.129086 2.178068 -1.104724
15.179124 -0.703814 1.749063 1.726933 -0.859051
15.207710 -0.660729 2.007469 2.034695 -1.060417
15.236296 -0.611541 2.157446 2.213616 -1.157139
15.264882 -0.562214 2.084857 2.127804 -1.141824
15.293467 -0.524058 1.843141 1.840670 -0.997984
15.322053 -0.490100 1.902710 1.911970 -1.003981
15.350639 -0.463051 1.965826 1.987492 -1.020742
15.379225 -0.432701 2.105352 2.153984 -1.108312
15.407811 -0.384414 1.857830 1.859600 -1.072797
15.436397 -0.334578 2.017016 2.049477 -1.157006
15.464983 -0.296133 2.153923 2.212837 -1.185928
15.493569 -0.281651 1.659458 1.624071 -0.867660
15.522155 -0.238781 1.928854 1.945205 -1.129310
15.550741 -0.209642 2.166050 2.228004 -1.157890
15.579327 -0.160914 1.988736 2.016892 -1.174719
15.607913 -0.133685 1.959002 1.981585 -1.074471
15.636498 -0.128484 1.901267 1.912875 -0.983182
15.665084 -0.113458 1.751157 1.734043 -0.965200
15.693670 -0.123309 1.595073 1.548057 -0.779075
15.722256 -0.079048 2.032907 2.069846 -1.235219
15.750842 -0.037000 2.092330 2.140631 -1.187757
15.779428 0.001837 1.948592 1.969272 -1.168284
15.808014 0.033391 1.994573 2.023973 -1.135555
15.836600 0.061348 1.745062 1.726536 -1.049502
15.865186 0.060078 1.886098 1.894444 -0.941781
15.893772 0.055811 1.809205 1.802656 -0.912947
15.922358 0.069067 1.852875 1.854482 -1.019309
15.950944 0.113406 1.768508 1.753758 -1.113319
15.979530 0.134590 1.777588 1.764324 -1.003068
16.008115 0.146623 2.004584 2.034355 -1.056858
16.036701 0.174887 2.045749 2.083020 -1.137331
16.065287 0.192405 1.708633 1.681328 -0.960317
16.093873 0.180974 1.742066 1.720775 -0.864940
16.122459 0.193306 1.733594 1.710316 -0.952150
16.151045 0.203743 1.940966 1.956620 -1.026289
16.179631 0.217754 1.695251 1.663878 -0.914905
16.208217 0.225655 2.003982 2.030549 -1.036167
16.236803 0.238038 1.689069 1.655612 -0.948161
16.265389 0.263088 1.882152 1.884592 -1.066840
16.293975 0.276704 1.571282 1.514649 -0.853701
16.322561 0.287772 1.940171 1.952301 -1.005762
16.351146 0.303833 1.858747 1.854951 -1.021703
16.379732 0.320036 1.579292 1.522572 -0.911950
16.408318 0.333100 1.572448 1.513872 -0.867565
16.436904 0.327600 1.871363 1.867833 -0.882351
16.465490 0.328788 1.827202 1.814715 -0.923555
16.494076 0.329997 1.433611 1.347445 -0.769414
16.522662 0.331382 1.848088 1.837901 -0.922062
16.551248 0.319097 1.515848 1.443606 -0.702347
16.579834 0.309598 1.663618 1.617841 -0.825213
16.608420 0.310184 1.566892 1.502602 -0.772763
16.637006 0.306192 1.661192 1.613368 -0.810555
16.665592 0.300925 1.338382 1.230928 -0.677286
16.694178 0.299854 1.694699 1.651256 -0.816072
16.722763 0.292824 1.702421 1.659466 -0.768140
16.751349 0.281134 1.546622 1.474634 -0.683565
16.779935 0.265243 1.505335 1.425063 -0.654312
16.808521 0.244128 1.334717 1.223033 -0.565094
16.837107 0.238020 1.505395 1.423387 -0.683688
16.865693 0.229157 1.641186 1.582405 -0.694830
16.894279 0.207204 1.449544 1.355818 -0.558871
16.922865 0.165532 1.146348 0.998257 -0.364776
16.951451 0.144983 1.521289 1.438319 -0.583057
16.980037 0.128509 1.568025 1.492221 -0.596652
17.008623 0.108711 1.208928 1.069553 -0.441978
17.037209 0.094619 1.520352 1.434138 -0.579397
17.065794 0.080767 1.496512 1.405117 -0.551876
17.094380 0.066210 1.215268 1.074514 -0.426858
17.122966 0.051902 1.606824 1.532111 -0.583393
17.151552 0.033721 1.148813 0.995021 -0.358912
17.180138 0.011047 1.500135 1.404936 -0.494471
17.208724 -0.016196 1.210400 1.065281 -0.320646
17.237310 -0.038957 1.442621 1.335451 -0.461945
17.265896 -0.059688 1.195432 1.045956 -0.320397
17.294482 -0.076545 1.447250 1.338525 -0.455026
17.323068 -0.094244 1.271483 1.132625 -0.364744
17.351654 -0.119863 1.251932 1.108827 -0.294474
17.380240 -0.142267 1.254238 1.110462 -0.325323
17.408826 -0.163773 1.333896 1.201937 -0.343681
17.437411 -0.184966 1.300419 1.161918 -0.327901
17.465997 -0.206968 1.280407 1.137564 -0.302285
17.494583 -0.226642 1.245173 1.095596 -0.289416
17.523169 -0.219376 1.283490 1.138830 -0.423790
17.551755 -0.231711 1.241909 1.089559 -0.301910
17.580341 -0.256186 1.279950 1.132362 -0.273107
17.608927 -0.282446 1.270255 1.119960 -0.232341
17.637513 -0.307855 1.197096 1.034369 -0.200066
17.666099 -0.331643 1.202345 1.039265 -0.229095
17.694685 -0.355276 1.213090 1.050461 -0.216754
17.723271 -0.380955 1.223490 1.061219 -0.160835
17.751857 -0.405601 1.367935 1.225918 -0.260509
17.780442 -0.430230 1.134579 0.956719 -0.155922
17.809028 -0.456451 1.349105 1.201486 -0.190532
17.837614 -0.481287 1.167447 0.992037 -0.155947
17.866200 -0.507083 1.335257 1.182772 -0.189446
17.894786 -0.533929 1.498469 1.367825 -0.240199
17.923372 -0.558435 1.013876 0.813041 -0.079488
17.951958 -0.585571 1.729358 1.627718 -0.299487
17.980544 -0.610364 1.090835 0.898532 -0.112190
18.009130 -0.637931 1.655203 1.539337 -0.259970
18.037716 -0.662688 1.273834 1.104061 -0.171858
18.066302 -0.685893 1.682728 1.566656 -0.287471
18.094888 -0.681822 1.490262 1.346454 -0.377339
18.123474 -0.701575 1.752875 1.642001 -0.329861
18.152059 -0.726789 1.472787 1.323097 -0.257052
18.180645 -0.751803 1.752041 1.636704 -0.337086
18.209231 -0.775186 1.662680 1.533689 -0.335272
18.237817 -0.797416 1.764520 1.646323 -0.381719
18.266403 -0.818983 1.819149 1.705523 -0.411107
18.294989 -0.838807 1.842540 1.729439 -0.444510
18.323575 -0.857223 1.917193 1.810798 -0.483677
18.352161 -0.873426 1.949765 1.844748 -0.522159
18.380747 -0.888287 2.005368 1.904360 -0.557149
18.409333 -0.902012 2.038022 1.938126 -0.586491
18.437919 -0.914930 2.067362 1.968069 -0.609562
18.466505 -0.926988 2.104230 2.006293 -0.637657
18.495091 -0.937946 2.113185 2.013301 -0.654316
18.523676 -0.947322 2.126823 2.025463 -0.672332
18.552262 -0.953173 2.175030 2.075937 -0.720773
18.580848 -0.955670 2.161254 2.057515 -0.730872
18.609434 -0.957882 2.167194 2.060939 -0.741085
18.638020 -0.961011 2.294692 2.198701 -0.817982
18.666606 -0.966804 2.165038 2.052157 -0.752095
18.695192 -0.973451 2.159037 2.042307 -0.761557
18.723778 -0.982437 2.419857 2.326131 -0.881973
18.752364 -0.997384 1.976548 1.835224 -0.651317
18.780950 -1.011138 2.279915 2.165129 -0.802051
18.809536 -1.024590 2.073202 1.935109 -0.704124
18.838122 -1.030730 2.130822 1.994941 -0.740303
18.866707 -1.032761 1.914914 1.755777 -0.659904
18.895293 -1.032306 2.316656 2.190939 -0.864217
18.923879 -1.032800 1.825572 1.652510 -0.630546
18.952465 -1.033691 1.970650 1.807366 -0.687007
18.981051 -1.021088 2.204975 2.058567 -0.871149
19.009637 -1.006641 1.861351 1.682620 -0.701947
19.038223 -0.991626 1.935458 1.759807 -0.758584
19.066809 -0.969930 2.359881 2.215096 -0.965648
19.095395 -0.953415 1.730899 1.532919 -0.691263
19.123981 -0.944139 1.954176 1.770473 -0.758376
19.152567 -0.933633 2.171746 2.001066 -0.844400
19.181153 -0.896062 1.889219 1.694287 -0.863617
19.209739 -0.857897 2.038381 1.850894 -0.919050
19.238324 -0.818004 2.267857 2.092807 -1.039201
19.266910 -0.778950 1.877197 1.671925 -0.872351
19.295496 -0.739953 2.144632 1.953689 -1.001100
19.324082 -0.705093 1.986818 1.782120 -0.926497
19.352668 -0.688820 1.786612 1.566114 -0.768797
19.381254 -0.658267 2.086430 1.880802 -0.981846
19.409840 -0.633153 1.972318 1.756412 -0.904384
19.438426 -0.619503 1.959466 1.739374 -0.878282
19.467012 -0.580015 1.982379 1.760066 -0.990107
19.495598 -0.554410 1.806917 1.571927 -0.868106
19.524184 -0.539193 2.130990 1.909073 -1.004028
19.552770 -0.501059 2.073817 1.845288 -1.045948
19.581355 -0.461731 1.982624 1.746114 -1.019220
19.609941 -0.416418 1.959461 1.718325 -1.039090
19.638527 -0.371059 1.899938 1.652713 -1.029383
19.667113 -0.337766 2.185283 1.946094 -1.126930
19.695699 -0.299082 1.773292 1.514257 -0.950708
19.724285 -0.254979 2.157512 1.909175 -1.166895
19.752871 -0.217115 2.068350 1.812915 -1.096443
19.781457 -0.206250 1.641466 1.368390 -0.798637
19.810043 -0.174866 1.912439 1.644517 -1.037846
19.838629 -0.147462 1.957816 1.687574 -1.028156
19.867215 -0.117324 1.771777 1.492980 -0.948878
19.895801 -0.106623 1.875666 1.596024 -0.947708
19.924387 -0.085889 2.032374 1.752598 -1.033131
19.952972 -0.080879 1.761833 1.472782 -0.868861
19.981558 -0.075967 1.947193 1.658067 -0.917711
20.010144 -0.060696 2.004787 1.712794 -1.005550
20.038730 -0.034542 1.825478 1.527161 -0.971128
20.067316 -0.010691 1.806706 1.504637 -0.931534
20.095902 -0.013285 1.763251 1.457268 -0.821263
20.124488 0.020100 2.169798 1.863262 -1.154699
20.153074 0.060668 1.842433 1.529958 -1.020637
20.181660 0.089332 1.871687 1.555660 -0.999616
20.210246 0.115432 2.124671 1.805087 -1.105454
20.238832 0.142303 1.645035 1.321929 -0.885342
20.267418 0.153625 1.986465 1.658833 -0.972318
20.296003 0.165519 1.582782 1.253547 -0.801377
20.324589 0.146019 1.601177 1.268661 -0.675145
20.353175 0.161010 2.086962 1.746231 -1.040978
20.381761 0.143876 1.605635 1.266685 -0.684783
20.410347 0.161326 1.756850 1.412446 -0.885547
20.438933 0.174454 1.669695 1.323210 -0.813376
20.467519 0.156480 1.542039 1.194631 -0.639823
20.496105 0.148056 1.558190 1.207328 -0.672629
20.524691 0.117362 1.489303 1.136924 -0.562327
20.553277 0.101266 1.547688 1.190781 -0.634191
20.581863 0.078977 1.448022 1.090783 -0.545272
20.610449 0.052682 1.559826 1.196235 -0.602866
20.639035 0.045663 1.629468 1.260390 -0.670960
20.667620 0.056846 1.514449 1.146044 -0.711079
20.696206 0.062204 1.715231 1.336194 -0.726986
20.724792 0.052695 1.517765 1.142987 -0.601640
20.753378 0.037329 1.441478 1.066766 -0.540451
20.781964 0.018845 1.418558 1.041887 -0.532472
20.810550 0.025432 1.564801 1.178372 -0.664584
20.839136 0.025975 1.635833 1.242643 -0.632146
20.867722 0.021724 1.412011 1.026858 -0.549186
20.896308 0.011636 1.405704 1.017949 -0.511327
20.924894 0.004377 1.512790 1.116099 -0.553231
20.953480 -0.005850 1.265180 0.879753 -0.458440
20.982066 -0.021147 1.341581 0.948893 -0.442947
21.010652 -0.031736 1.581277 1.170653 -0.515253
21.039237 -0.043123 1.215307 0.825267 -0.403745
21.067823 -0.056977 1.436631 1.029049 -0.446147
21.096409 -0.066809 1.182583 0.789791 -0.386915
21.124995 -0.080420 1.399880 0.988847 -0.401439
21.153581 -0.102673 1.331155 0.922295 -0.337974
21.182167 -0.125669 1.077164 0.685146 -0.271207
21.210753 -0.151959 1.347783 0.931935 -0.295971
21.239339 -0.175590 1.223886 0.815349 -0.271906
21.267925 -0.194315 1.169105 0.762619 -0.273481
21.296511 -0.211220 1.316955 0.895131 -0.292527
21.325097 -0.235178 1.222657 0.806449 -0.227814
21.353683 -0.261805 1.128384 0.718242 -0.194201
21.382268 -0.283566 1.214914 0.794224 -0.214918
21.410854 -0.309176 1.242378 0.816433 -0.189817
21.439440 -0.335704 1.153551 0.733756 -0.163862
21.468026 -0.360851 1.140357 0.719446 -0.151218
21.496612 -0.386713 1.228528 0.796000 -0.158158
21.525198 -0.409343 1.190318 0.759213 -0.156427
21.553784 -0.431669 1.237191 0.798407 -0.165183
21.582370 -0.455108 1.172581 0.738323 -0.128467
21.610956 -0.479341 1.230207 0.786844 -0.135360
21.639542 -0.506522 1.222537 0.777389 -0.111952
21.668128 -0.535716 1.202792 0.757330 -0.091813
21.696714 -0.566784 1.264379 0.808811 -0.097276
21.725300 -0.601747 1.199629 0.749312 -0.056606
21.753885 -0.636548 1.300329 0.834648 -0.083773
21.782471 -0.668896 1.274458 0.809234 -0.086156
21.811057 -0.698491 1.380206 0.898253 -0.127669
21.839643 -0.728418 1.371514 0.887635 -0.127927
21.868229 -0.755941 1.447116 0.949838 -0.162758
21.896815 -0.781169 1.506552 0.997738 -0.196011
21.925401 -0.804977 1.514632 1.001248 -0.211478
21.953987 -0.828012 1.637873 1.103276 -0.253115
21.982573 -0.849767 1.584401 1.053875 -0.259578
22.011159 -0.871963 1.746249 1.187939 -0.302239
22.039745 -0.891613 1.703188 1.147354 -0.325185
22.068331 -0.910442 1.819128 1.241457 -0.360656
22.096916 -0.927811 1.873667 1.283189 -0.404314
22.125502 -0.943841 1.878554 1.282897 -0.421912
22.154088 -0.959293 1.999900 1.380180 -0.469812
22.182674 -0.973238 2.009492 1.383459 -0.497742
22.211260 -0.986040 2.061671 1.422158 -0.531214
22.239846 -0.998071 2.130527 1.474433 -0.566856
22.268432 -1.009077 2.164080 1.497120 -0.595636
22.297018 -1.019094 2.198951 1.520717 -0.622721
22.325604 -1.028385 2.239374 1.548696 -0.649528
22.354190 -1.037238 2.241788 1.545286 -0.660749
22.382776 -1.046057 2.279799 1.570961 -0.682530
22.411362 -1.055802 2.259153 1.548628 -0.678323
22.439948 -1.067078 2.243856 1.530739 -0.673619
22.468533 -1.078644 2.238876 1.521278 -0.667857
22.497119 -1.081340 2.214400 1.496099 -0.692077
22.525705 -1.081659 2.243789 1.514384 -0.712072
22.554291 -1.088168 2.172350 1.451638 -0.672752
22.582877 -1.100975 2.139819 1.420363 -0.643422
22.611463 -1.118312 2.080011 1.367514 -0.608289
22.640049 -1.135246 2.052386 1.340534 -0.597980
22.668635 -1.141252 2.059776 1.341413 -0.631622
22.697221 -1.135726 1.995105 1.285386 -0.625486
22.725807 -1.119292 2.046058 1.320627 -0.688266
22.754393 -1.101538 2.061299 1.327604 -0.703978
22.782979 -1.084283 1.988094 1.265396 -0.672913
22.811564 -1.052253 2.106536 1.352793 -0.788000
22.840150 -1.018256 2.241611 1.452474 -0.859797
22.868736 -0.984337 2.049305 1.298239 -0.773459
22.897322 -0.949686 2.095283 1.328677 -0.810154
22.925908 -0.916952 2.209617 1.411379 -0.848585
22.954494 -0.890239 1.887370 1.159247 -0.706378
22.983080 -0.883295 2.056853 1.283962 -0.705671
23.011666 -0.858693 1.918350 1.173617 -0.716363
23.040252 -0.826374 1.936593 1.182759 -0.769831
23.068838 -0.802088 2.146900 1.336823 -0.802941
23.097424 -0.781742 1.789559 1.062660 -0.674081
23.126010 -0.747958 2.022056 1.232634 -0.814747
23.154596 -0.727349 1.801051 1.062540 -0.666756
23.183181 -0.711562 1.935959 1.158594 -0.732171
23.211767 -0.695867 1.741917 1.009887 -0.619215
23.240353 -0.684536 1.866266 1.097574 -0.702835
23.268939 -0.675810 1.780784 1.030036 -0.633782
23.297525 -0.648445 1.761910 1.011835 -0.697290
23.326111 -0.625609 1.950084 1.145152 -0.768132
23.354697 -0.600772 1.785601 1.020493 -0.706513
23.383283 -0.587146 1.600436 0.881686 -0.598960
23.411869 -0.596177 1.699861 0.949728 -0.530572
23.440455 -0.602315 1.513033 0.810923 -0.508683
23.469041 -0.595534 1.721458 0.956938 -0.603746
23.497627 -0.575347 1.544408 0.826056 -0.599786
23.526213 -0.583194 1.682036 0.920415 -0.526220
23.554798 -0.581808 1.480131 0.772920 -0.495802
23.583384 -0.568817 1.511979 0.791875 -0.555335
23.611970 -0.576318 1.654332 0.888548 -0.510385
23.640556 -0.550351 1.506777 0.780892 -0.601677
23.669142 -0.525597 1.727798 0.931850 -0.662450
23.697728 -0.509801 1.434353 0.723110 -0.522838
23.726314 -0.501235 1.589162 0.827117 -0.545780
23.754900 -0.492244 1.319873 0.637005 -0.461169
23.783486 -0.488112 1.668112 0.873746 -0.532403
23.812072 -0.471478 1.229113 0.568387 -0.456894
23.840658 -0.453505 1.531618 0.772251 -0.543752
23.869244 -0.457393 1.514280 0.756712 -0.428914
23.897829 -0.463697 1.115152 0.482304 -0.324990
23.926415 -0.487733 1.175586 0.520505 -0.234152
23.955001 -0.483194 1.582471 0.791529 -0.468786
23.983587 -0.472024 1.270572 0.578590 -0.415638
24.012173 -0.471040 1.161600 0.502790 -0.316907
24.040759 -0.494151 1.303497 0.594389 -0.228015
24.069345 -0.490943 1.273875 0.571633 -0.339809
24.097931 -0.483384 1.243543 0.548565 -0.364494
24.126517 -0.485373 1.261421 0.557331 -0.294509
24.155103 -0.515379 1.073038 0.431040 -0.082852
24.183689 -0.525865 1.207331 0.516023 -0.260657
24.212275 -0.541395 0.909034 0.319546 -0.100624
24.240861 -0.555839 1.352041 0.603777 -0.252788
24.269446 -0.565931 1.157956 0.475578 -0.197649
24.298032 -0.590774 0.999891 0.371500 -0.076291
24.326618 -0.603520 1.081531 0.421274 -0.159059
24.355204 -0.630919 1.007507 0.371662 -0.064293
24.383790 -0.647032 1.127555 0.445291 -0.134956
24.412376 -0.676397 0.949232 0.330206 -0.032716
24.440962 -0.679436 1.213179 0.493668 -0.216684
24.469548 -0.683714 1.029919 0.376219 -0.128986
24.498134 -0.692602 1.087278 0.409490 -0.133972
24.526720 -0.728882 0.874906 0.275311 0.048905
24.555306 -0.754783 1.038707 0.374363 -0.049211
24.583892 -0.762062 1.068030 0.389926 -0.121459
24.612477 -0.777912 1.060944 0.383062 -0.076972
24.641063 -0.798339 1.020920 0.356174 -0.050120
24.669649 -0.804492 1.167970 0.442931 -0.152336
24.698235 -0.794161 1.249405 0.489293 -0.244597
24.726821 -0.797344 1.159196 0.432059 -0.152291
24.755407 -0.811141 1.184595 0.444479 -0.130529
24.783993 -0.824373 1.143360 0.417071 -0.122185
24.812579 -0.838060 1.286234 0.499063 -0.167190
24.841165 -0.850390 1.208656 0.450146 -0.159375
24.869751 -0.860617 1.375517 0.545299 -0.223020
24.898337 -0.868204 1.375547 0.541960 -0.242833
24.926923 -0.874903 1.411715 0.559666 -0.264196
24.955509 -0.881477 1.497384 0.605875 -0.294301
24.984094 -0.887312 1.482576 0.593648 -0.302482
25.012680 -0.892969 1.555150 0.631690 -0.329358
25.041266 -0.898640 1.579197 0.641602 -0.344044
25.069852 -0.904400 1.598151 0.648487 -0.356252
25.098438 -0.910365 1.659513 0.679291 -0.381245
25.127024 -0.916381 1.669079 0.680568 -0.390566
25.155610 -0.921844 1.705137 0.696660 -0.412903
25.184196 -0.926775 1.718521 0.699896 -0.421450
25.212782 -0.930977 1.760471 0.718939 -0.443590
25.241368 -0.934843 1.744324 0.705622 -0.441562
25.269954 -0.938327 1.767712 0.714155 -0.454346
25.298540 -0.941498 1.738210 0.693589 -0.444786
25.327125 -0.943397 1.751258 0.696377 -0.453347
25.355711 -0.943177 1.721929 0.676105 -0.449056
25.384297 -0.941492 1.718072 0.669740 -0.452130
25.412883 -0.941322 1.685677 0.648065 -0.437601
25.441469 -0.946567 1.625917 0.611934 -0.399120
25.470055 -0.957239 1.592998 0.590397 -0.371978
25.498641 -0.961391 1.597534 0.588857 -0.396222
25.527227 -0.956852 1.603014 0.587789 -0.423024
25.555813 -0.950667 1.544323 0.553071 -0.397377
25.584399 -0.935757 1.522854 0.538067 -0.413039
25.612985 -0.918766 1.538644 0.542502 -0.432180
25.641571 -0.904339 1.515544 0.526785 -0.416925
25.670157 -0.893769 1.467470 0.498370 -0.388376
25.698742 -0.874389 1.566688 0.545433 -0.459630
25.727328 -0.846940 1.554787 0.535516 -0.486364
25.755914 -0.824516 1.568121 0.538416 -0.473591
25.784500 -0.806640 1.457833 0.479090 -0.419681
25.813086 -0.787971 1.479270 0.486228 -0.425913
25.841672 -0.762832 1.495674 0.490749 -0.459755
25.870258 -0.746224 1.411321 0.445324 -0.395492
25.898844 -0.736749 1.358402 0.415816 -0.349723
25.927430 -0.729135 1.324718 0.396004 -0.335411
25.956016 -0.715771 1.372893 0.416231 -0.373021
25.984602 -0.707839 1.329004 0.391616 -0.336638
26.013188 -0.697262 1.279246 0.364406 -0.322795
26.041773 -0.690072 1.233588 0.339422 -0.293055
26.070359 -0.673023 1.288421 0.362552 -0.342493
26.098945 -0.671066 1.118242 0.278792 -0.219542
26.127531 -0.662711 1.208676 0.318709 -0.277576
26.156117 -0.664065 1.180794 0.302720 -0.227657
26.184703 -0.662652 1.059308 0.243270 -0.186773
26.213289 -0.663902 0.961700 0.195519 -0.137615
26.241875 -0.647662 1.241315 0.322035 -0.305771
26.270461 -0.635380 1.145332 0.275064 -0.250923
26.299047 -0.620531 1.098174 0.250830 -0.235077
26.327633 -0.610067 1.181725 0.286018 -0.254306
26.356219 -0.612851 1.008740 0.205300 -0.134985
26.384805 -0.638569 0.707671 0.068174 0.059933
26.413390 -0.658558 0.836828 0.124017 -0.008641
26.441976 -0.643375 1.248873 0.304287 -0.285085
26.470562 -0.633681 1.008650 0.195647 -0.164698
26.499148 -0.648023 0.662720 0.042073 0.046905
26.527734 -0.662221 0.932582 0.157797 -0.053918
26.556320 -0.656172 0.886782 0.135818 -0.099106
26.584906 -0.652789 0.948147 0.160066 -0.110463
26.613492 -0.648633 0.874501 0.126408 -0.086042
26.642078 -0.645446 0.899423 0.134919 -0.089857
26.670664 -0.647215 0.912273 0.138212 -0.068934
26.699250 -0.649560 0.842585 0.106881 -0.048972
26.727836 -0.649019 0.816182 0.093923 -0.046291
26.756422 -0.647064 0.911279 0.131339 -0.083675
26.785007 -0.639540 1.036891 0.180796 -0.149258
26.813593 -0.624336 1.038412 0.178937 -0.179052
26.842179 -0.623361 1.020085 0.169019 -0.122577
26.870765 -0.622140 0.959024 0.141972 -0.109299
26.899351 -0.619687 0.924556 0.125892 -0.106888
26.927937 -0.616172 0.986142 0.148204 -0.133752
26.956523 -0.612487 1.090270 0.187009 -0.168289
26.985109 -0.609842 1.207261 0.230323 -0.200920
27.013695 -0.608395 1.268912 0.251444 -0.215883
27.042281 -0.607367 1.207739 0.224659 -0.196593
27.070867 -0.605917 1.114233 0.185749 -0.171123
27.099453 -0.604217 1.129469 0.188890 -0.178060
27.128038 -0.602483 1.169180 0.201243 -0.192768
27.156624 -0.600521 1.164999 0.196840 -0.195589
27.185210 -0.598941 1.289479 0.240636 -0.230536
27.213796 -0.598002 1.309348 0.244886 -0.230372
27.242382 -0.596835 1.235256 0.214338 -0.206760
27.270968 -0.594799 1.089475 0.157887 -0.163822
27.299554 -0.591694 1.054191 0.142421 -0.157648
27.328140 -0.588267 1.237992 0.206334 -0.217681
27.356726 -0.585289 1.259162 0.210928 -0.222129
27.385312 -0.583240 1.249489 0.204422 -0.209587
27.413898 -0.581424 1.227788 0.193711 -0.198181
27.442484 -0.579148 1.259301 0.201798 -0.210099
27.471070 -0.577179 1.236731 0.190872 -0.196821
27.499655 -0.575776 1.232484 0.186401 -0.191514
27.528241 -0.574667 1.288099 0.202508 -0.218235
27.556827 -0.575420 1.214951 0.174444 -0.184054
27.585413 -0.574753 1.169326 0.156067 -0.169326
27.613999 -0.571257 1.156229 0.148843 -0.173696
27.642585 -0.564970 1.172107 0.151337 -0.185785
27.671171 -0.553281 1.221811 0.164930 -0.219574
27.699757 -0.537645 1.226258 0.163425 -0.229422
27.728343 -0.532531 1.182549 0.146229 -0.179655
27.756929 -0.529971 1.164970 0.137692 -0.168594
27.785515 -0.527192 1.180549 0.139863 -0.177833
27.814101 -0.524434 1.176019 0.135567 -0.179396
27.842686 -0.521163 1.176178 0.132771 -0.177403
27.871272 -0.517052 1.134658 0.116949 -0.160195
27.899858 -0.511445 1.100124 0.103505 -0.149649
27.928444 -0.503628 1.113102 0.104843 -0.159622
27.957030 -0.492266 1.151390 0.113828 -0.185303
27.985616 -0.476149 1.189600 0.122593 -0.216414
28.014202 -0.463156 1.198128 0.122267 -0.210368
28.042788 -0.452983 1.182314 0.114665 -0.196041
28.071374 -0.442492 1.155172 0.103806 -0.184747
28.099960 -0.432036 1.122801 0.091560 -0.172917
28.128546 -0.420771 1.114884 0.086557 -0.173949
28.157132 -0.408455 1.135231 0.089702 -0.185161
28.185718 -0.395177 1.157707 0.093349 -0.197706
28.214303 -0.380801 1.172526 0.094723 -0.209303
28.242889 -0.364964 1.191562 0.097198 -0.222033
28.271475 -0.346681 1.243327 0.108631 -0.243189
28.300061 -0.323478 1.237473 0.104006 -0.252020
28.328647 -0.303881 1.156813 0.079096 -0.209998
28.357233 -0.293217 1.122052 0.066945 -0.164996
28.385819 -0.281201 1.076706 0.052150 -0.149268
28.414405 -0.268596 1.054358 0.043656 -0.138205
28.442991 -0.255618 1.023330 0.033006 -0.124507
28.471577 -0.241500 0.995585 0.023364 -0.114759
28.500163 -0.226070 0.984634 0.018167 -0.110953
28.528749 -0.209487 0.965739 0.011009 -0.103809
28.557334 -0.191733 0.924769 -0.001598 -0.089117
28.585920 -0.173213 0.906493 -0.008051 -0.080508
28.614506 -0.154889 0.887834 -0.013423 -0.073488
28.643092 -0.136234 0.874342 -0.016989 -0.069702
28.671678 -0.116867 0.894525 -0.012684 -0.074191
28.700264 -0.097102 0.892646 -0.013681 -0.072320
28.728850 -0.077457 0.873670 -0.018560 -0.062270
28.757436 -0.058573 0.838386 -0.026918 -0.044454
28.786022 -0.040420 0.806783 -0.034051 -0.028839
28.814608 -0.022754 0.788903 -0.037791 -0.019550
28.843194 -0.005061 0.787123 -0.037817 -0.018069
28.871780 0.012859 0.791397 -0.036533 -0.019620
28.900366 0.030862 0.799891 -0.034537 -0.020890
28.928951 0.048656 0.788146 -0.036822 -0.017088
28.957537 0.066456 0.790834 -0.035968 -0.018151
28.986123 0.084371 0.799262 -0.033971 -0.021783
29.014709 0.102441 0.807955 -0.032026 -0.025595
29.043295 0.120752 0.815682 -0.030379 -0.029277
29.071881 0.139306 0.822762 -0.028954 -0.032622
29.100467 0.157923 0.826626 -0.028246 -0.033965
29.129053 0.176374 0.825212 -0.028617 -0.032338
29.157639 0.194487 0.819287 -0.029852 -0.028308
29.186225 0.212168 0.810609 -0.031558 -0.022925
29.214811 0.229373 0.800314 -0.033489 -0.016889
29.243397 0.246082 0.790008 -0.035326 -0.011005
29.271983 0.262233 0.780179 -0.036983 -0.005360
29.300568 0.277724 0.770668 -0.038497 0.000225
29.329154 0.292456 0.761869 -0.039802 0.005578
29.357740 0.306343 0.754059 -0.040862 0.010563
29.386326 0.319293 0.747038 -0.041726 0.015272
29.414912 0.331161 0.739864 -0.042564 0.020184
29.443498 0.341764 0.731131 -0.043608 0.025936
29.472084 0.351030 0.722086 -0.044633 0.031701
29.500670 0.359036 0.714768 -0.045304 0.036304
29.529256 0.365883 0.708650 -0.045729 0.039936
29.557842 0.371678 0.703012 -0.046037 0.042913
29.586428 0.376522 0.697296 -0.046319 0.045504
29.615014 0.380504 0.691203 -0.046621 0.047866
29.643599 0.383714 0.684810 -0.046928 0.049986
29.672185 0.386238 0.678227 -0.047219 0.051850
29.700771 0.388144 0.671231 -0.047526 0.053593
29.729357 0.389497 0.663881 -0.047838 0.055222
29.757943 0.390350 0.656174 -0.048151 0.056761
29.786529 0.390755 0.648174 -0.048455 0.058205
29.815115 0.390754 0.639905 -0.048745 0.059561
29.843701 0.390388 0.631439 -0.049009 0.060817
29.872287 0.389819 0.639013 -0.047310 0.058611
29.900873 0.388775 0.605860 -0.050645 0.064853
29.929459 0.387587 0.615459 -0.048545 0.062032
29.958045 0.386044 0.592114 -0.050461 0.065990
29.986631 0.384407 0.601285 -0.048476 0.063073
30.015216 0.382586 0.593349 -0.048635 0.063672
30.043802 0.380594 0.584834 -0.048821 0.064326
30.072388 0.378313 0.560261 -0.050617 0.068251
30.100974 0.375880 0.554496 -0.050188 0.068181
30.129560 0.373242 0.539576 -0.050686 0.069945
30.158146 0.370517 0.538701 -0.049699 0.068731
30.186732 0.367595 0.520854 -0.050421 0.070992
30.215318 0.364600 0.519132 -0.049485 0.069857
30.243904 0.361467 0.506371 -0.049638 0.070978
30.272490 0.358270 0.502801 -0.048903 0.070152
30.301076 0.354979 0.493087 -0.048758 0.070573
30.329662 0.351523 0.474103 -0.049333 0.072869
30.358247 0.347994 0.467995 -0.048692 0.072455
30.386833 0.344399 0.460866 -0.048165 0.072223
30.415419 0.340710 0.449055 -0.048003 0.072930
30.444005 0.336954 0.440457 -0.047544 0.072944
30.472591 0.333106 0.427999 -0.047349 0.073729
30.501177 0.329169 0.415777 -0.047068 0.074433
30.529763 0.325171 0.407050 -0.046496 0.074385
30.558349 0.321108 0.396903 -0.046011 0.074608
30.586935 0.316964 0.384333 -0.045647 0.075306
30.615521 0.312767 0.375223 -0.045018 0.075265
30.644107 0.308523 0.366150 -0.044381 0.075194
30.672693 0.304227 0.355830 -0.043806 0.075365
30.701279 0.299876 0.344749 -0.043245 0.075674
30.729864 0.295481 0.334973 -0.042585 0.075698
30.758450 0.291041 0.324697 -0.041935 0.075810
30.787036 0.286547 0.312786 -0.041336 0.076245
30.815622 0.282018 0.303507 -0.040582 0.076117
30.844208 0.277445 0.292427 -0.039895 0.076349
30.872794 0.272838 0.282602 -0.039131 0.076312
30.901380 0.268183 0.270469 -0.038437 0.076736
30.929966 0.263499 0.261152 -0.037607 0.076565
30.958552 0.258776 0.249695 -0.036840 0.076826
30.987138 0.254014 0.238463 -0.036035 0.077028
31.015724 0.249226 0.228699 -0.035163 0.076915
31.044310 0.244407 0.218004 -0.034306 0.076987
31.072895 0.239561 0.207484 -0.033426 0.077012
31.101481 0.234700 0.198328 -0.032502 0.076751
31.130067 0.229801 0.185948 -0.031633 0.077149
31.158653 0.224885 0.176408 -0.030682 0.076957
31.187239 0.219928 0.163515 -0.029769 0.077445
31.215825 0.214970 0.155920 -0.028758 0.076834
31.244411 0.209978 0.143278 -0.027806 0.077259
31.272997 0.204978 0.134482 -0.026792 0.076888
31.301583 0.199949 0.122308 -0.025793 0.077207
31.330169 0.194919 0.114155 -0.024758 0.076695
31.358755 0.189870 0.102866 -0.023729 0.076828
31.387341 0.184809 0.092554 -0.022679 0.076758
31.415927 0.179755 0.084666 -0.021631 0.076176
31.444512 0.174734 0.079409 -0.020617 0.075059
31.473098 0.169698 0.067027 -0.019562 0.075426
31.501684 0.164672 0.058719 -0.018523 0.074972
31.530270 0.159616 0.044963 -0.017403 0.075640
31.558856 0.154602 0.041007 -0.016407 0.074286
31.587442 0.149503 0.020036 -0.015114 0.076466
31.616028 0.144435 0.015817 -0.014078 0.075144
31.644614 0.139313 -0.000612 -0.012783 0.076358
31.673200 0.134202 -0.007665 -0.011671 0.075620
31.701786 0.129067 -0.020113 -0.010417 0.075990
31.730372 0.123917 -0.031042 -0.009178 0.076053
31.758958 0.118746 -0.042754 -0.007894 0.076266
31.787544 0.113559 -0.053638 -0.006615 0.076305
31.816129 0.108383 -0.061361 -0.005441 0.075684
31.844715 0.103197 -0.072487 -0.004136 0.075768
31.873301 0.098054 -0.076830 -0.003103 0.074451
31.901887 0.092964 -0.081007 -0.002111 0.073128
31.930473 0.087895 -0.090214 -0.000906 0.072864
31.959059 0.082845 -0.099376 0.000307 0.072610
31.987645 0.077795 -0.110759 0.001649 0.072823
32.016231 0.072677 -0.129771 0.003436 0.074619
32.044817 0.067564 -0.137813 0.004674 0.074136
32.073403 0.062445 -0.148074 0.006044 0.074106
32.101989 0.057444 -0.142807 0.006470 0.070872
32.130575 0.052445 -0.155294 0.007952 0.071342
32.159160 0.047430 -0.168995 0.009551 0.072065
32.187746 0.042478 -0.171375 0.010411 0.070471
32.216332 0.037491 -0.187525 0.012224 0.071736
32.244918 0.032579 -0.188088 0.012947 0.069778
32.273504 0.027683 -0.197868 0.014334 0.069756
32.302090 0.022784 -0.209716 0.015902 0.070172
32.330676 0.017846 -0.224904 0.017769 0.071275
32.359262 0.012803 -0.247457 0.020291 0.073894
32.387848 0.007774 -0.252283 0.021384 0.072802
32.416434 0.002767 -0.258393 0.022578 0.071959
32.445020 -0.002235 -0.267534 0.024041 0.071756
32.473606 -0.007383 -0.295811 0.027280 0.075513
32.502192 -0.012468 -0.294049 0.027776 0.073007
32.530777 -0.017435 -0.288843 0.027902 0.069787
32.559363 -0.022451 -0.307858 0.030384 0.071635
32.587949 -0.027500 -0.321962 0.032420 0.072464
32.616535 -0.032533 -0.329073 0.033762 0.071834
32.645121 -0.037517 -0.332664 0.034736 0.070478
32.673707 -0.042673 -0.365403 0.038866 0.075176
32.702293 -0.047729 -0.359107 0.038760 0.071729
32.730879 -0.052812 -0.372832 0.040882 0.072459
32.759465 -0.057954 -0.389782 0.043403 0.073851
32.788051 -0.062950 -0.379790 0.042785 0.069638
32.816637 -0.067988 -0.397815 0.045496 0.071283
32.845223 -0.073205 -0.430369 0.050021 0.075931
32.873808 -0.078466 -0.441326 0.051914 0.076046
32.902394 -0.083613 -0.433637 0.051453 0.072260
32.930980 -0.088903 -0.462699 0.055726 0.076117
32.959566 -0.094264 -0.478654 0.058316 0.077215
32.988152 -0.099455 -0.463917 0.056815 0.071913
33.016738 -0.104587 -0.469335 0.058044 0.070844
33.045324 -0.109738 -0.484553 0.060642 0.071851
33.073910 -0.114902 -0.497275 0.062908 0.072353
33.102496 -0.120097 -0.511076 0.065346 0.073076
33.131082 -0.125364 -0.529412 0.068460 0.074731
33.159668 -0.130749 -0.552091 0.072231 0.077257
33.188254 -0.136128 -0.557220 0.073380 0.076088
33.216840 -0.141459 -0.559474 0.074104 0.074304
33.245425 -0.146818 -0.573410 0.076651 0.074963
33.274011 -0.152276 -0.595473 0.080486 0.077307
33.302597 -0.157652 -0.592507 0.080335 0.074409
33.331183 -0.163081 -0.609838 0.083492 0.075774
33.359769 -0.168787 -0.653755 0.091015 0.082636
33.388355 -0.174490 -0.655944 0.091563 0.080717
33.416941 -0.180045 -0.644110 0.089768 0.075840
33.445527 -0.185637 -0.661231 0.092974 0.077043
33.474113 -0.191104 -0.656266 0.092352 0.073645
33.502699 -0.196614 -0.675284 0.095988 0.075313
33.531285 -0.202320 -0.710432 0.102486 0.080353
33.559871 -0.207900 -0.700689 0.100842 0.075946
33.588456 -0.213525 -0.717512 0.104117 0.077116
33.617042 -0.219147 -0.727290 0.106082 0.076804
33.645628 -0.224852 -0.748008 0.110110 0.078788
33.674214 -0.230583 -0.759424 0.112353 0.078796
33.702800 -0.236264 -0.762354 0.112978 0.077015
33.731386 -0.241905 -0.768530 0.114273 0.075920
33.759972 -0.247678 -0.796747 0.119929 0.079472
33.788558 -0.253730 -0.838170 0.128156 0.086000
33.817144 -0.259764 -0.839451 0.128180 0.083522
33.845730 -0.265735 -0.838766 0.127861 0.080821
33.874316 -0.271669 -0.845206 0.129075 0.079617
33.902902 -0.277935 -0.897673 0.139891 0.088156
33.931488 -0.284050 -0.882196 0.136215 0.082260
33.960073 -0.290262 -0.904912 0.140816 0.084438
33.988659 -0.296345 -0.897931 0.138983 0.080349
34.017245 -0.302404 -0.908198 0.141016 0.079915
34.045831 -0.308516 -0.927627 0.145074 0.081445
34.074417 -0.314696 -0.946775 0.149025 0.082923
34.103003 -0.320790 -0.945801 0.148427 0.080122
34.131589 -0.326919 -0.962640 0.151956 0.081114
34.160175 -0.333049 -0.974061 0.154217 0.080957
34.188761 -0.339174 -0.984742 0.156316 0.080651
34.217347 -0.345284 -0.994785 0.158281 0.080201
34.245933 -0.351398 -1.007148 0.160812 0.080269
34.274519 -0.357549 -1.023420 0.164274 0.081161
34.303104 -0.363726 -1.037373 0.167147 0.081553
34.331690 -0.369941 -1.052524 0.170298 0.082186
34.360276 -0.376140 -1.060861 0.171760 0.081363
34.388862 -0.382377 -1.076891 0.175160 0.082171
34.417448 -0.388686 -1.096248 0.179355 0.083674
34.446034 -0.394970 -1.102521 0.180195 0.082374
34.474620 -0.401259 -1.114376 0.182514 0.082260
34.503206 -0.407585 -1.130206 0.185858 0.082991
34.531792 -0.413910 -1.140919 0.187844 0.082626
34.560378 -0.420202 -1.148129 0.188938 0.081514
34.588964 -0.426474 -1.158079 0.190809 0.080999
34.617550 -0.432742 -1.170286 0.193305 0.080982
34.646136 -0.439003 -1.181936 0.195652 0.080853
34.674721 -0.445274 -1.195334 0.198478 0.081105
34.703307 -0.451548 -1.207590 0.200979 0.081118
34.731893 -0.457818 -1.219027 0.203255 0.080953
34.760479 -0.464095 -1.231785 0.205906 0.081077
34.789065 -0.470340 -1.239868 0.207246 0.080194
34.817651 -0.476580 -1.251880 0.209744 0.080168
34.846237 -0.482823 -1.264576 0.212436 0.080297
34.874823 -0.489068 -1.277074 0.215063 0.080386
34.903409 -0.495315 -1.289307 0.217608 0.080418
34.931995 -0.501564 -1.301443 0.220123 0.080439
34.960581 -0.507834 -1.315690 0.223254 0.080906
34.989167 -0.514086 -1.325086 0.224922 0.080319
35.017753 -0.520336 -1.336987 0.227375 0.080280
35.046338 -0.526573 -1.347466 0.229402 0.079939
35.074924 -0.532835 -1.362649 0.232873 0.080619
35.103510 -0.539107 -1.375550 0.235600 0.080803
35.132096 -0.545378 -1.386713 0.237780 0.080605
35.160682 -0.551636 -1.396938 0.239683 0.080203
35.189268 -0.557873 -1.406620 0.241445 0.079691
35.217854 -0.564123 -1.420584 0.244587 0.080117
35.246440 -0.570366 -1.431759 0.246812 0.079942
35.275026 -0.574211 -1.438360 0.250586 0.081165
35.303612 -0.574330 -1.433276 0.252362 0.077727
35.332198 -0.569922 -1.430493 0.254908 0.071575
35.360784 -0.561465 -1.426687 0.257083 0.065288
35.389369 -0.550070 -1.428089 0.261068 0.060046
35.417955 -0.536401 -1.427528 0.264365 0.054091
35.446541 -0.520567 -1.429891 0.268702 0.048713
35.475127 -0.502522 -1.434279 0.273778 0.043613
35.503713 -0.482204 -1.444811 0.281097 0.039647
35.532299 -0.459726 -1.453897 0.287945 0.035241
35.560885 -0.435507 -1.451230 0.290531 0.030018
35.589471 -0.410101 -1.432822 0.287291 0.023447
35.618057 -0.383329 -1.448812 0.296746 0.022020
35.646643 -0.354735 -1.497329 0.318464 0.025860
35.675229 -0.325246 -1.452540 0.305255 0.012715
35.703815 -0.294907 -1.460590 0.311872 0.010975
35.732401 -0.262858 -1.558313 0.352807 0.028458
35.760986 -0.230699 -1.416877 0.302215 -0.010246
35.789572 -0.197433 -1.561888 0.361865 0.024671
35.818158 -0.163357 -1.533010 0.354449 0.011609
35.846744 -0.129348 -1.422117 0.314681 -0.023695
35.875330 -0.093997 -1.727754 0.438961 0.066143
35.903916 -0.058968 -1.336176 0.287458 -0.062248
35.932502 -0.023201 -1.740592 0.452661 0.066248
35.961088 0.012755 -1.497792 0.359117 -0.015312
35.989674 0.048891 -1.557289 0.386933 -0.002783
36.018260 0.086222 -1.859159 0.514009 0.091309
36.046846 0.121469 -1.062778 0.191432 -0.159721
36.075432 0.159099 -2.321233 0.714312 0.239789
36.104017 0.196212 -1.069303 0.199242 -0.182110
36.132603 0.231929 -2.040351 0.608375 0.168849
36.161189 0.268722 -1.590018 0.423749 -0.022870
36.189775 0.302860 -1.804543 0.518614 0.080540
36.218361 0.335660 -1.422242 0.360036 -0.050640
36.246947 0.368231 -1.804850 0.527717 0.087565
36.275533 0.399334 -1.609680 0.447938 0.020045
36.304119 0.431092 -1.782178 0.526845 0.093117
36.332705 0.458360 -1.532731 0.422267 0.011898
36.361291 0.488397 -2.021568 0.640945 0.164190
36.389877 0.515925 -1.789156 0.543221 0.078380
36.418463 0.541252 -1.917625 0.604822 0.168374
36.447049 0.567907 -1.286645 0.327255 -0.090565
36.475634 0.589547 -2.214005 0.747798 0.257438
36.504220 0.616204 -1.881651 0.602897 0.147063
36.532806 0.639195 -1.716668 0.532465 0.095743
36.561392 0.662135 -1.924178 0.631763 0.173959
36.589978 0.673483 -2.091784 0.713771 0.257060
36.618564 0.700820 -1.928975 0.643600 0.118234
36.647150 0.735395 -2.206486 0.777705 0.214949
36.675736 0.758312 -1.518834 0.461091 0.028642
36.704322 0.756977 -1.880058 0.635018 0.219183
36.732908 0.776448 -2.165017 0.774715 0.246327
36.761494 0.809414 -1.228652 0.334079 -0.079509
36.790080 0.835985 -2.663214 1.024257 0.424923
36.818665 0.847066 -1.870646 0.649263 0.203974
36.847251 0.867808 -2.052367 0.741942 0.241162
36.875837 0.890731 -2.247037 0.841885 0.270827
36.904423 0.907878 -2.139377 0.794843 0.275059
36.933009 0.935493 -1.606669 0.538017 0.087500
36.961595 0.949843 -2.397649 0.933414 0.355964
36.990181 0.972304 -2.135822 0.809220 0.268325
37.018767 1.002589 -1.904850 0.699077 0.174605
37.047353 1.032690 -1.976336 0.739782 0.179110
37.075939 1.061416 -2.433630 0.975863 0.365534
37.104525 1.087332 -2.129149 0.827330 0.271675
37.133111 1.104390 -1.861309 0.695899 0.187342
37.161697 1.094118 -2.472048 1.014077 0.546394
37.190282 1.102108 -2.516140 1.043095 0.486513
37.218868 1.131954 -1.762002 0.658346 0.124511
37.247454 1.159445 -2.363184 0.976129 0.366927
37.276040 1.184911 -2.504126 1.055956 0.461369
37.304626 1.211905 -1.977452 0.784967 0.216288
37.333212 1.237722 -2.240222 0.928996 0.325928
37.361798 1.260323 -2.399631 1.019442 0.446902
37.390384 1.281860 -1.966460 0.793971 0.275586
37.418970 1.302221 -2.884747 1.292205 0.584194
37.447556 1.318890 -2.221950 0.941760 0.378798
37.476142 1.324703 -2.204861 0.938099 0.467668
37.504728 1.338417 -2.673190 1.198977 0.505786
37.533314 1.351054 -2.060365 0.870071 0.435865
37.561899 1.365972 -2.980282 1.381639 0.647782
37.590485 1.362290 -2.398570 1.067503 0.610962
37.619071 1.368087 -2.505354 1.132932 0.531524
37.647657 1.386618 -2.728895 1.264129 0.622417
37.676243 1.403388 -2.530786 1.159929 0.586434
37.704829 1.422198 -2.462881 1.128079 0.500100
37.733415 1.436455 -2.400507 1.099001 0.554330
37.762001 1.447240 -2.936615 1.410172 0.722187
37.790587 1.441317 -2.498350 1.167113 0.681557
37.819173 1.447300 -2.719160 1.300290 0.674334
37.847759 1.460249 -2.239751 1.030579 0.540654
37.876345 1.472162 -2.927789 1.435103 0.762678
37.904930 1.485371 -2.657178 1.284995 0.666560
37.933516 1.497453 -2.595393 1.255616 0.652624
37.962102 1.504961 -2.430696 1.165428 0.680385
37.990688 1.517467 -3.127690 1.583073 0.800419
38.019274 1.526700 -2.463558 1.197247 0.693373
38.047860 1.534451 -2.690179 1.338495 0.744453
38.076446 1.543031 -2.809176 1.416553 0.770640
38.105032 1.549963 -2.690638 1.352481 0.777513
38.133618 1.556995 -2.737381 1.387556 0.792387
38.162204 1.563650 -2.717696 1.382600 0.796394
38.190790 1.568549 -2.753054 1.411061 0.814519
38.219376 1.570782 -2.651352 1.355873 0.803868
38.247962 1.568583 -2.756288 1.427089 0.856799
38.276547 1.556378 -2.814856 1.470254 0.911999
38.305133 1.538753 -2.794002 1.464515 0.922623
38.333719 1.535307 -2.668629 1.393619 0.859018
38.362305 1.530502 -2.736734 1.442977 0.905667
38.390891 1.526301 -2.877418 1.538252 0.947797
38.419477 1.526378 -2.873325 1.543020 0.938274
38.448063 1.529405 -2.816903 1.514640 0.916636
38.476649 1.534076 -2.700714 1.447967 0.879362
38.505235 1.537297 -2.517461 1.337865 0.850827
38.533821 1.542506 -2.753100 1.495291 0.894224
38.562407 1.550872 -2.681579 1.456266 0.851193
38.590993 1.557083 -2.525339 1.362103 0.820804
38.619578 1.554273 -2.500828 1.352596 0.845570
38.648164 1.542206 -2.560446 1.397780 0.887993
38.676750 1.532866 -2.510122 1.371343 0.870153
38.705336 1.537809 -2.398408 1.304305 0.787505
38.733922 1.538321 -2.404106 1.314120 0.808382
38.762508 1.518576 -2.477206 1.368604 0.905765
38.791094 1.498337 -2.424391 1.339747 0.881496
38.819680 1.469370 -2.444723 1.359441 0.922853
38.848266 1.436905 -2.393900 1.331548 0.919888
38.876852 1.405126 -2.403096 1.343771 0.932305
38.905438 1.377754 -2.378673 1.333328 0.915832
38.934024 1.353954 -2.252300 1.253604 0.849765
38.962610 1.322313 -2.341437 1.319953 0.926900
38.991195 1.290074 -2.311311 1.305246 0.917976
39.019781 1.262606 -2.243901 1.264791 0.879643
39.048367 1.227625 -2.205165 1.243728 0.895805
39.076953 1.197464 -2.225025 1.262981 0.898601
39.105539 1.160072 -2.270293 1.299976 0.947247
39.134125 1.126159 -2.275623 1.309378 0.944609
39.162711 1.086364 -2.171490 1.242230 0.931059
39.191297 1.041903 -2.316189 1.349257 1.004200
39.219883 1.002664 -2.063358 1.176849 0.889364
39.248469 0.964692 -2.032853 1.160394 0.867810
39.277055 0.920569 -2.329058 1.375789 1.024625
39.305641 0.869595 -2.132285 1.241354 0.991059
39.334226 0.829811 -2.149608 1.259049 0.936162
39.362812 0.786251 -2.141192 1.258350 0.965725
39.391398 0.747253 -2.019535 1.175985 0.911041
39.419984 0.724962 -2.054836 1.206516 0.870807
39.448570 0.682057 -1.749227 0.989715 0.836198
39.477156 0.630568 -2.115341 1.260772 1.018107
39.505742 0.580081 -2.098344 1.253579 1.011779
39.534328 0.549141 -2.029158 1.207988 0.917445
39.562914 0.538100 -1.794937 1.040461 0.758796
39.591500 0.486787 -2.063652 1.243492 1.028509
39.620086 0.443538 -1.638628 0.933258 0.829106
39.648672 0.412469 -1.998987 1.205520 0.924889
39.677258 0.382081 -1.918871 1.150571 0.893455
39.705843 0.354870 -1.912986 1.150854 0.881280
39.734429 0.300444 -2.036119 1.248179 1.050251
39.763015 0.266822 -1.925916 1.169966 0.901672
39.791601 0.231469 -1.829623 1.101709 0.882870
39.820187 0.200036 -1.962204 1.206959 0.938822
39.848773 0.184114 -1.358196 0.750926 0.633845
39.877359 0.170247 -1.988143 1.236395 0.882479
39.905945 0.150380 -2.077519 1.309903 0.935371
39.934531 0.105690 -1.466000 0.843620 0.765068
39.963117 0.072368 -1.790996 1.098455 0.922998
39.991703 0.048485 -1.585023 0.942934 0.750927
40.020289 0.004171 -2.080316 1.332377 1.023900
40.048875 -0.028841 -2.155344 1.396063 1.012462
40.077460 -0.028636 -1.220355 0.668405 0.533378
40.106046 -0.070349 -1.912671 1.215720 0.989123
40.134632 -0.087777 -1.501246 0.895685 0.685765
40.163218 -0.103772 -1.916712 1.228150 0.876205
40.191804 -0.118366 -1.741633 1.093704 0.786547
40.220390 -0.112970 -1.468637 0.880314 0.567686
40.248976 -0.108245 -1.790468 1.141060 0.762525
40.277562 -0.120034 -1.519881 0.928303 0.701915
40.306148 -0.128384 -1.438957 0.866755 0.635319
40.334734 -0.139919 -1.952430 1.284620 0.867279
40.363320 -0.159071 -1.333760 0.788270 0.616980
40.391906 -0.146807 -1.889899 1.243172 0.737504
40.420491 -0.156626 -1.374755 0.827830 0.614644
40.449077 -0.088147 -1.115981 0.619433 0.209442
40.477663 -0.099569 -1.820332 1.199622 0.795530
40.506249 -0.111928 -1.421803 0.876048 0.609602
40.534835 -0.112771 -1.513705 0.955178 0.619399
40.563421 -0.075131 -1.410341 0.873119 0.418629
40.592007 -0.078363 -1.465435 0.922115 0.601470
40.620593 -0.070208 -1.499987 0.954277 0.561009
40.649179 -0.063640 -1.443298 0.910373 0.533981
40.677765 -0.029919 -1.253052 0.754241 0.344899
40.706351 -0.027486 -1.448465 0.921340 0.536892
40.734937 -0.007475 -1.358859 0.849101 0.427597
40.763523 0.008576 -1.342375 0.838243 0.422497
40.792108 0.014797 -1.413675 0.901764 0.485700
40.820694 0.016609 -1.412854 0.904279 0.490738
40.849280 0.038132 -1.290804 0.803332 0.352482
40.877866 0.054494 -1.362845 0.867883 0.400755
40.906452 0.065273 -1.359682 0.868237 0.409193
40.935038 0.077773 -1.346581 0.860013 0.387084
40.963624 0.097838 -1.316777 0.837297 0.338073
40.992210 0.111818 -1.328797 0.850643 0.356771
41.020796 0.127203 -1.313361 0.840200 0.334661
41.049382 0.146220 -1.295025 0.827148 0.302962
41.077968 0.159356 -1.319775 0.851634 0.327479
41.106554 0.172125 -1.308463 0.844648 0.312652
41.135139 0.203224 -1.202187 0.754177 0.185264
41.163725 0.224674 -1.311473 0.853074 0.268112
41.192311 0.239227 -1.286149 0.833587 0.269672
41.220897 0.261263 -1.297244 0.846234 0.229865
41.249483 0.288192 -1.300193 0.851693 0.205495
41.278069 0.308802 -1.271263 0.828762 0.208839
41.306655 0.332779 -1.323467 0.878161 0.200174
41.335241 0.357142 -1.334613 0.891032 0.196240
41.363827 0.378217 -1.300902 0.863659 0.188964
41.392413 0.403387 -1.407243 0.962260 0.195074
41.420999 0.438485 -1.244698 0.818528 0.095741
41.449585 0.467962 -1.454799 1.011466 0.185138
41.478171 0.493069 -1.392068 0.957678 0.179163
41.506756 0.521368 -1.446826 1.010550 0.173646
41.535342 0.556781 -1.425148 0.993902 0.136893
41.563928 0.590270 -1.466191 1.034551 0.157555
41.592514 0.622207 -1.506983 1.075161 0.175611
41.621100 0.658896 -1.531931 1.101381 0.165111
41.649686 0.690702 -1.595123 1.162996 0.213422
41.678272 0.717913 -1.656876 1.223575 0.255670
41.706858 0.744196 -1.708040 1.274622 0.281728
41.735444 0.771128 -1.751860 1.319076 0.300703
41.764030 0.796965 -1.803222 1.370760 0.332537
41.792616 0.820740 -1.875127 1.441876 0.374604
41.821202 0.841686 -1.914256 1.482615 0.408877
41.849787 0.860699 -2.018420 1.584614 0.463734
41.878373 0.878866 -1.997709 1.569508 0.462590
41.906959 0.896270 -2.089103 1.660117 0.509935
41.935545 0.912990 -2.124266 1.697932 0.532543
41.964131 0.929376 -2.053662 1.635562 0.508521
41.992717 0.944415 -2.331761 1.904462 0.641801
42.021303 0.960046 -2.011199 1.603931 0.508939
42.049889 0.974568 -2.394311 1.974354 0.678079
42.078475 0.989139 -2.229012 1.821187 0.631802
42.107061 1.003510 -2.263343 1.858939 0.647345
42.135647 1.018659 -2.339686 1.937273 0.666463
42.164233 1.032764 -2.169196 1.777784 0.639869
42.192819 1.047406 -2.418021 2.023040 0.715652
42.221404 1.061365 -2.230621 1.846526 0.678678
42.249990 1.074733 -2.399177 2.015028 0.741214
42.278576 1.089146 -2.151834 1.779204 0.628812
42.307162 1.101469 -2.407742 2.033537 0.769399
42.335748 1.115021 -2.106635 1.743976 0.625044
42.364334 1.126682 -2.377616 2.014112 0.765684
42.392920 1.138003 -2.087303 1.733708 0.644237
42.421506 1.147627 -2.361764 2.008411 0.774148
42.450092 1.156931 -2.088764 1.743739 0.670811
42.478678 1.167185 -2.374895 2.031184 0.787353
42.507264 1.180519 -1.971015 1.635485 0.616451
42.535850 1.194811 -2.246625 1.913442 0.717798
42.564435 1.206495 -2.053290 1.725408 0.640146
42.593021 1.207607 -1.980317 1.656684 0.651813
42.621607 1.203727 -2.057929 1.738305 0.686884
42.650193 1.202727 -1.991766 1.676073 0.656268
42.678779 1.197048 -2.044101 1.732622 0.709913
42.707365 1.176232 -2.024386 1.716819 0.758883
42.735951 1.153854 -2.030637 1.727122 0.779283
42.764537 1.133145 -2.100256 1.801524 0.800170
42.793123 1.121146 -1.920566 1.623532 0.719888
42.821709 1.102885 -2.024813 1.733132 0.772246
42.850295 1.072667 -2.043200 1.755775 0.843311
42.878881 1.045228 -1.970104 1.685181 0.810277
42.907467 1.026628 -1.974419 1.693372 0.777599
42.936052 1.014545 -1.912104 1.633337 0.760452
42.964638 0.981260 -1.986610 1.713413 0.843270
42.993224 0.954965 -1.856164 1.583063 0.785942
43.021810 0.929238 -2.227364 1.968949 0.961943
43.050396 0.888734 -1.827261 1.560174 0.845018
43.078982 0.858684 -2.125744 1.872275 0.955114
43.107568 0.833104 -1.770351 1.507961 0.788520
43.136154 0.810554 -2.161580 1.917423 0.946994
43.164740 0.790010 -1.664853 1.404678 0.727010
43.193326 0.756971 -2.154587 1.918138 1.010003
43.221912 0.716389 -1.574335 1.316134 0.789069
43.250498 0.689632 -2.057933 1.824908 0.974759
43.279084 0.658813 -2.063383 1.834351 0.967341
43.307669 0.631247 -1.915494 1.682755 0.928103
43.336255 0.592143 -1.829217 1.595390 0.940897
43.364841 0.556382 -2.021524 1.801328 0.967138
43.393427 0.524707 -1.792335 1.562878 0.953679
43.422013 0.499876 -1.799352 1.573423 0.861546
43.450599 0.471721 -2.139271 1.936806 1.032296
43.479185 0.458437 -1.690007 1.463543 0.803997
43.507771 0.431068 -1.576623 1.345819 0.810838
43.536357 0.428517 -1.949091 1.745338 0.909718
43.564943 0.389288 -1.740999 1.526550 0.922151
43.593529 0.372377 -1.687626 1.472403 0.851765
43.622115 0.353000 -1.636089 1.420008 0.841976
43.650700 0.304783 -2.239162 2.069745 1.232434
43.679286 0.277349 -1.481573 1.259315 0.765197
43.707872 0.242969 -1.961924 1.778814 1.039522
43.736458 0.215732 -1.405130 1.181630 0.791674
43.765044 0.178436 -2.155915 1.994787 1.135322
43.793630 0.150193 -1.561160 1.354852 0.831983
43.822216 0.123733 -1.569912 1.366797 0.893973
43.850802 0.122829 -1.835725 1.657776 0.849238
43.879388 0.102185 -1.632771 1.440037 0.853974
43.907974 0.091673 -1.662829 1.475301 0.888953
43.936560 0.057453 -1.868849 1.702557 0.986735
43.965146 0.033287 -1.544540 1.351212 0.839575
43.993732 0.013633 -1.524954 1.332117 0.856457
44.022317 0.032843 -1.508740 1.316635 0.601842
44.050903 0.015442 -1.621898 1.443048 0.933256
44.079489 0.017546 -1.640147 1.465514 0.744098
44.108075 -0.008557 -1.459300 1.268884 0.832034
44.136661 -0.026459 -1.636412 1.466221 0.876193
44.165247 -0.020486 -1.710825 1.550746 0.788923
44.193833 -0.045400 -1.296543 1.095229 0.756407
44.222419 -0.076285 -1.573902 1.404096 0.905952
44.251005 -0.089662 -1.688146 1.532982 0.845165
44.279591 -0.063170 -1.499120 1.325497 0.616779
44.308177 -0.070700 -1.425479 1.245693 0.751988
44.336763 -0.097518 -1.411346 1.231898 0.789139
44.365348 -0.107018 -1.742080 1.602534 0.852976
44.393934 -0.086533 -1.255394 1.061578 0.520334
44.422520 -0.110021 -1.769214 1.637621 0.953609
44.451106 -0.126667 -1.237427 1.044719 0.666478
44.479692 -0.142241 -1.552435 1.399386 0.801591
44.508278 -0.146554 -1.486806 1.327753 0.729363
44.536864 -0.107488 -1.280927 1.098297 0.449952
44.565450 -0.117332 -1.474706 1.317942 0.736692
44.594036 -0.124183 -1.354628 1.184513 0.655472
44.622622 -0.131529 -1.404722 1.242694 0.680652
44.651208 -0.132318 -1.345897 1.177977 0.623390
44.679794 -0.122838 -1.256914 1.078977 0.531084
44.708380 -0.090459 -1.238042 1.059097 0.446902
44.736965 -0.064272 -1.196626 1.013595 0.427708
44.765551 -0.028412 -1.188764 1.006049 0.388617
44.794137 -0.024196 -1.311598 1.146969 0.554946
44.822723 -0.005944 -1.257660 1.087110 0.473952
44.851309 -0.000020 -1.277682 1.111324 0.519120
44.879895 0.014576 -1.235400 1.064538 0.461913
44.908481 0.028033 -1.228507 1.058021 0.452373
44.937067 0.034079 -1.287657 1.126938 0.505024
44.965653 0.036084 -1.258459 1.094923 0.495690
44.994239 0.040956 -1.250346 1.086966 0.470847
45.022825 0.063401 -1.141523 0.963526 0.344112
45.051411 0.075815 -1.235305 1.072305 0.426021
45.079996 0.084731 -1.222073 1.058364 0.417371
45.108582 0.097358 -1.188375 1.020842 0.379067
45.137168 0.106082 -1.208275 1.044918 0.392984
45.165754 0.116529 -1.237133 1.079348 0.389718
45.194340 0.129623 -1.153548 0.984145 0.330048
45.222926 0.149252 -1.185587 1.022218 0.313141
45.251512 0.169608 -1.166593 1.001379 0.291180
45.280098 0.187313 -1.203602 1.045253 0.310863
45.308684 0.202778 -1.172838 1.010736 0.289299
45.337270 0.217884 -1.215641 1.061377 0.304498
45.365856 0.239275 -1.163979 1.002540 0.241894
45.394442 0.272864 -1.128188 0.962005 0.170763
45.423028 0.295795 -1.185629 1.029692 0.228792
45.451613 0.322776 -1.174719 1.018004 0.196977
45.480199 0.350537 -1.178859 1.023793 0.191644
45.508785 0.384127 -1.134942 0.973605 0.136299
45.537371 0.416874 -1.180290 1.027365 0.159156
45.565957 0.438637 -1.227478 1.083338 0.214009
45.594543 0.459971 -1.225092 1.081508 0.208519
45.623129 0.482891 -1.238732 1.098381 0.203373
45.651715 0.504905 -1.245686 1.107443 0.208742
45.680301 0.524344 -1.284638 1.153939 0.231156
45.708887 0.542049 -1.287704 1.158465 0.237755
45.737473 0.559083 -1.308633 1.183909 0.244516
45.766059 0.576037 -1.312451 1.189305 0.243993
45.794645 0.593138 -1.324886 1.204800 0.244937
45.823230 0.610294 -1.333205 1.215463 0.244950
45.851816 0.627529 -1.335232 1.218729 0.242385
45.880402 0.645062 -1.359849 1.248534 0.248807
45.908988 0.662936 -1.363620 1.253835 0.248563
45.937574 0.681196 -1.384817 1.279633 0.254327
45.966160 0.699538 -1.413728 1.314524 0.268518
45.994746 0.717843 -1.413656 1.315284 0.268254
46.023332 0.736247 -1.469548 1.382006 0.291120
46.051918 0.754547 -1.448291 1.357768 0.289001
46.080504 0.773330 -1.561179 1.491816 0.326994
46.109090 0.791419 -1.451299 1.362905 0.300276
46.137676 0.809731 -1.583339 1.519679 0.343095
46.166261 0.827612 -1.618914 1.562551 0.374479
46.194847 0.845231 -1.587672 1.526417 0.361612
46.223433 0.861443 -1.548896 1.481309 0.373959
46.252019 0.878085 -1.715815 1.679630 0.423141
46.280605 0.894180 -1.762679 1.735922 0.462567
46.309191 0.909215 -1.644652 1.596876 0.429145
46.337777 0.922937 -1.690657 1.652109 0.465646
46.366363 0.937118 -1.866300 1.861073 0.523897
46.394949 0.949737 -1.738558 1.710305 0.512844
46.423535 0.961951 -1.843592 1.835609 0.551760
46.452121 0.973287 -1.876374 1.875209 0.586007
46.480707 0.983721 -1.881063 1.881448 0.604193
46.509293 0.993563 -1.910631 1.917214 0.618989
46.537878 1.002356 -1.865438 1.864145 0.611992
46.566464 1.009906 -1.911086 1.918979 0.639332
46.595050 1.016173 -1.906056 1.913567 0.655793
46.623636 1.022693 -1.850473 1.848009 0.623474
46.652222 1.027377 -1.949705 1.966528 0.709077
46.680808 1.031920 -1.983218 2.006887 0.729800
46.709394 1.036031 -1.918306 1.930113 0.697829
46.737980 1.039049 -1.926680 1.940499 0.715096
46.766566 1.043259 -1.951370 1.970283 0.742546
46.795152 1.049826 -1.880108 1.885805 0.694802
46.823738 1.050894 -1.933308 1.949480 0.741142
46.852324 1.045422 -1.914868 1.927821 0.762821
46.880909 1.043715 -1.863176 1.866520 0.732301
46.909495 1.046262 -1.872787 1.878202 0.716851
46.938081 1.047934 -1.821474 1.817273 0.709371
46.966667 1.046621 -1.780307 1.768394 0.694161
46.995253 1.038041 -1.791461 1.781824 0.709963
47.023839 1.023241 -1.774583 1.761823 0.729342
47.052425 0.989376 -1.779381 1.767623 0.787242
47.081011 0.947907 -1.713524 1.689195 0.780848
47.109597 0.922320 -1.845405 1.846391 0.822201
47.138183 0.894255 -1.685089 1.655334 0.741265
47.166769 0.864968 -1.664858 1.631198 0.748371
47.195355 0.833735 -1.894962 1.905362 0.880511
47.223941 0.800865 -1.543003 1.485860 0.713931
47.252526 0.769763 -1.909391 1.922346 0.901197
47.281112 0.752710 -1.543088 1.485750 0.675007
47.309698 0.719303 -1.760767 1.744948 0.864846
47.338284 0.694573 -1.840381 1.839598 0.860728
47.366870 0.661804 -1.489610 1.421554 0.753869
47.395456 0.638912 -1.996833 2.025440 0.953270
47.424042 0.607599 -1.527730 1.466516 0.775503
47.452628 0.585068 -1.693615 1.663765 0.830350
47.481214 0.535405 -1.920365 1.933374 1.041569
47.509800 0.484112 -1.744815 1.724047 0.989260
47.538386 0.437475 -1.929855 1.943855 1.052356
47.566972 0.394497 -1.784166 1.770077 0.983659
47.595557 0.369561 -1.680969 1.646890 0.880766
47.624143 0.369748 -1.529038 1.465786 0.721015
47.652729 0.331991 -1.803556 1.791715 1.002209
47.681315 0.297411 -1.790297 1.775424 0.989591
47.709901 0.255491 -1.943936 1.957412 1.101957
47.738487 0.221512 -1.698607 1.665378 0.945421
47.767073 0.191466 -1.629070 1.582233 0.918650
47.795659 0.176611 -1.825760 1.815130 0.962854
47.824245 0.164749 -1.603169 1.550326 0.840150
47.852831 0.129674 -1.862573 1.857407 1.063524
47.881417 0.130249 -1.501856 1.428946 0.737728
47.910003 0.117239 -1.636580 1.588014 0.874984
47.938589 0.111398 -1.580733 1.521146 0.818560
47.967174 0.085535 -1.767491 1.741621 1.004153
47.995760 0.054334 -1.972758 1.983789 1.074151
48.024346 0.032943 -1.329088 1.221224 0.785695
48.052932 0.015996 -1.845300 1.831110 0.967146
48.081518 0.014215 -1.885965 1.878238 0.929545
48.110104 0.002681 -1.294098 1.177929 0.748463
48.138690 -0.025167 -1.719870 1.680073 0.941603
48.167276 -0.045601 -1.951032 1.951972 0.996995
48.195862 -0.060781 -1.697140 1.651334 0.909454
48.224448 -0.067445 -1.333360 1.221432 0.732284
48.253034 -0.041797 -1.487488 1.402286 0.616102
48.281620 -0.058013 -1.865966 1.847131 0.939923
48.310206 -0.080285 -1.570588 1.498288 0.798123
48.338791 -0.072732 -1.786073 1.750768 0.839302
48.367377 -0.072040 -1.196694 1.056733 0.593205
48.395963 -0.083603 -1.524730 1.441356 0.784227
48.424549 -0.096851 -1.697114 1.642718 0.834384
48.453135 -0.110310 -1.691355 1.634775 0.817160
48.481721 -0.102463 -1.740152 1.690784 0.741118
48.510307 -0.105055 -1.517181 1.428262 0.705466
48.538893 -0.105953 -1.267193 1.134450 0.610225
48.567479 -0.045971 -1.201703 1.056903 0.291897
48.596065 -0.039852 -1.720114 1.662126 0.690340
48.624651 -0.027325 -1.477928 1.377831 0.563459
48.653237 -0.020431 -1.206379 1.059663 0.500331
48.681822 -0.004412 -1.308142 1.177431 0.494284
48.710408 -0.001956 -1.482303 1.379382 0.591472
48.738994 0.006657 -1.492490 1.390017 0.546753
48.767580 0.022145 -1.490823 1.386819 0.507927
48.796166 0.031112 -1.591988 1.503167 0.563966
48.824752 0.040087 -1.522211 1.420708 0.534294
48.853338 0.053172 -0.998499 0.811471 0.324036
48.881924 0.068972 -1.464435 1.350982 0.450069
48.910510 0.085110 -1.466549 1.352100 0.447245
48.939096 0.103321 -1.285924 1.141648 0.365131
48.967682 0.124497 -1.288859 1.143860 0.339347
48.996268 0.145314 -1.448233 1.326812 0.380073
49.024854 0.162594 -1.213670 1.054638 0.318977
49.053439 0.182527 -1.447834 1.323545 0.355488
49.082025 0.205295 -1.232152 1.073608 0.280443
49.110611 0.228965 -1.357610 1.216809 0.294223
49.139197 0.251151 -1.306153 1.156272 0.281530
49.167783 0.275216 -1.318121 1.168696 0.264946
49.196369 0.299154 -1.318726 1.168035 0.256821
49.224955 0.322860 -1.319544 1.167599 0.250712
49.253541 0.348057 -1.328261 1.176189 0.239398
49.282127 0.371739 -1.329307 1.175966 0.242397
49.310713 0.394545 -1.358539 1.207931 0.248804
49.339299 0.418583 -1.320694 1.163244 0.217449
49.367885 0.443787 -1.350058 1.195263 0.228069
49.396470 0.469223 -1.355420 1.199855 0.215919
49.425056 0.492575 -1.402524 1.251901 0.244595
49.453642 0.515047 -1.364930 1.207567 0.228103
49.482228 0.537624 -1.422300 1.271093 0.239205
49.510814 0.560133 -1.400406 1.244596 0.231700
49.539400 0.581241 -1.295400 1.124039 0.211562
49.567986 0.603734 -1.641518 1.513906 0.305489
49.596572 0.624561 -1.449194 1.294648 0.242135
49.625158 0.634499 -1.530615 1.384710 0.328872
49.653744 0.650555 -1.480124 1.325905 0.274597
49.682330 0.673803 -1.310731 1.133431 0.187994
49.710916 0.698778 -1.758864 1.635404 0.321071
49.739502 0.722784 -1.425293 1.258714 0.225374
49.768087 0.747075 -1.662050 1.522252 0.307927
49.796673 0.771297 -1.601585 1.452361 0.290836
49.825259 0.795075 -1.652761 1.507436 0.315861
49.853845 0.817739 -1.776578 1.643435 0.378841
49.882431 0.837486 -1.715565 1.572972 0.358629
49.911017 0.850697 -1.749589 1.608485 0.396955
49.939603 0.866424 -1.880041 1.751084 0.456367
49.968189 0.890672 -1.796514 1.655684 0.396942
49.996775 0.913781 -2.052764 1.937233 0.536125
50.025361 0.936809 -1.863007 1.724168 0.441800
50.053947 0.958662 -1.899517 1.761829 0.465121
50.082533 0.977885 -2.059589 1.935750 0.575554
50.111118 0.995629 -2.155700 2.038628 0.626076
50.139704 1.011597 -1.923920 1.780273 0.531963
50.168290 1.024419 -2.304315 2.195444 0.726217
50.196876 1.036819 -1.993922 1.851292 0.604638
50.225462 1.048603 -2.383240 2.274815 0.782637
50.254048 1.062363 -1.918591 1.762759 0.586615
50.282634 1.075772 -2.505444 2.400821 0.856628
50.311220 1.091818 -1.983167 1.827234 0.620711
50.339806 1.104497 -2.306499 2.176187 0.794543
50.368392 1.117257 -2.228944 2.088173 0.742385
50.396978 1.129473 -2.033171 1.872087 0.689328
50.425564 1.144267 -2.399874 2.266199 0.819220
50.454150 1.161202 -1.896746 1.717924 0.616809
50.482735 1.177551 -2.205275 2.048102 0.731145
50.511321 1.190966 -2.078313 1.907550 0.697985
50.539907 1.196957 -1.904856 1.717377 0.636720
50.568493 1.195675 -2.253520 2.088951 0.825105
50.597079 1.190772 -1.879888 1.684276 0.661319
50.625665 1.179632 -2.106398 1.923745 0.812162
50.654251 1.167677 -2.156440 1.973675 0.816177
50.682837 1.151555 -1.809279 1.599432 0.708512
50.711423 1.134666 -2.199863 2.012539 0.861357
50.740009 1.121413 -1.933030 1.724909 0.746382
50.768595 1.108030 -2.032577 1.827269 0.797915
50.797181 1.078320 -1.932189 1.717329 0.837580
50.825766 1.045283 -2.265168 2.066233 0.964198
50.854352 1.022740 -1.701120 1.466552 0.717229
50.882938 1.003609 -2.192913 1.981990 0.896697
50.911524 0.972444 -1.749606 1.511625 0.801856
50.940110 0.957570 -2.209839 1.991881 0.881809
50.968696 0.922859 -1.830835 1.590580 0.878426
50.997282 0.884410 -2.238959 2.014314 0.978801
51.025868 0.845763 -1.703243 1.450754 0.832431
51.054454 0.806571 -2.303423 2.073274 1.035488
51.083040 0.767706 -1.674724 1.414947 0.833353
51.111626 0.726554 -2.324602 2.086691 1.068295
51.140212 0.677592 -2.395986 2.156305 1.168485
51.168798 0.638099 -1.763653 1.497776 0.856697
51.197383 0.602886 -1.847330 1.580889 0.881656
51.225969 0.563679 -1.944283 1.677322 0.979826
51.254555 0.532209 -2.150098 1.885266 0.987777
51.283141 0.491231 -2.125658 1.856086 1.032922
51.311727 0.448607 -2.288774 2.019044 1.132851
51.340313 0.415175 -1.574183 1.284367 0.823725
51.368899 0.386015 -1.815470 1.527483 0.877249
51.397485 0.365679 -2.111117 1.824895 0.958260
51.426071 0.334043 -2.087004 1.796294 1.041284
51.454657 0.307378 -1.734072 1.434522 0.866974
51.483243 0.283447 -1.988063 1.688056 0.955547
51.511829 0.252766 -1.868826 1.563817 0.969473
51.540415 0.226987 -1.603078 1.292525 0.802383
51.569000 0.188175 -2.203505 1.892812 1.121938
51.597586 0.162314 -1.660401 1.343788 0.851679
51.626172 0.166579 -1.712948 1.393114 0.744554
51.654758 0.177911 -1.733600 1.410355 0.746187
51.683344 0.155494 -1.911900 1.584548 0.937977
51.711930 0.115357 -1.889929 1.558866 1.020179
51.740516 0.082977 -2.182461 1.845209 1.058593
51.769102 0.066644 -1.439783 1.105754 0.741157
51.797688 0.070494 -1.707031 1.366805 0.733463
51.826274 0.045738 -1.784905 1.440086 0.927742
51.854860 0.038065 -1.740260 1.392573 0.793005
51.883446 0.016521 -1.806032 1.453538 0.896149
51.912031 0.007107 -1.585903 1.234445 0.753531
51.940617 0.012565 -1.836768 1.476132 0.804871
51.969203 0.028901 -1.442380 1.088213 0.582738
51.997789 0.001867 -1.908949 1.538670 0.958208
52.026375 -0.023615 -1.693583 1.325904 0.834555
52.054961 -0.025745 -1.505925 1.140906 0.671970
52.083547 -0.019249 -1.574262 1.203755 0.657677
52.112133 0.007347 -1.575762 1.201946 0.581088
52.140719 0.002171 -1.656737 1.276437 0.743681
52.169305 -0.015636 -1.571691 1.191503 0.726882
52.197891 -0.026709 -1.570507 1.187096 0.699700
52.226477 -0.031180 -1.546152 1.160594 0.658096
52.255063 -0.025428 -1.487674 1.101746 0.591961
52.283648 -0.023103 -1.463222 1.075440 0.584630
52.312234 0.001233 -1.364168 0.978643 0.451046
52.340820 0.040173 -1.233488 0.852449 0.315570
52.369406 0.100621 -1.189548 0.808537 0.221951
52.397992 0.095820 -1.473943 1.073214 0.577580
52.426578 0.090623 -1.618603 1.205623 0.628604
52.455164 0.101127 -1.221889 0.831418 0.386321
52.483750 0.139318 -1.333885 0.933276 0.316662
52.512336 0.156613 -1.480595 1.066868 0.474421
52.540922 0.161889 -1.360480 0.952309 0.439784
52.569508 0.166847 -1.360642 0.949569 0.429921
52.598094 0.172662 -1.347181 0.934254 0.417467
52.626679 0.186700 -1.304264 0.891892 0.357339
52.655265 0.210118 -1.294674 0.880315 0.321036
52.683851 0.232654 -1.212191 0.802057 0.271464
52.712437 0.295716 -1.037074 0.639626 0.034123
52.741023 0.310942 -1.263255 0.843412 0.310391
52.769609 0.327706 -1.241238 0.820718 0.275737
52.798195 0.343828 -1.186401 0.768402 0.263778
52.826781 0.361753 -1.231352 0.806475 0.252283
52.855367 0.381031 -1.149742 0.730324 0.211780
52.883953 0.395676 -1.312210 0.873816 0.284926
52.912539 0.412132 -1.150080 0.725726 0.202824
52.941125 0.429579 -1.122479 0.698609 0.178438
52.969711 0.445949 -1.250074 0.809885 0.223371
52.998296 0.462682 -1.073938 0.650687 0.155046
53.026882 0.480016 -1.161019 0.725548 0.171089
53.055468 0.497574 -1.364045 0.902405 0.227137
53.084054 0.500686 -1.120849 0.685141 0.214053
53.112640 0.495905 -1.239678 0.787112 0.249232
53.141226 0.521338 -1.238819 0.783641 0.139199
53.169812 0.545468 -1.176807 0.726753 0.116701
53.198398 0.569542 -1.116231 0.671421 0.089467
53.226984 0.591891 -1.221327 0.760271 0.131988
53.255570 0.615240 -1.317403 0.840777 0.147001
53.284156 0.638130 -1.142798 0.687074 0.098153
53.312742 0.660038 -1.198846 0.732824 0.116741
53.341327 0.683494 -1.342157 0.853193 0.145879
53.369913 0.708272 -1.349206 0.856209 0.144403
53.398499 0.730121 -1.252710 0.770824 0.137328
53.427085 0.749142 -1.321338 0.826414 0.169596
53.455671 0.767196 -1.367637 0.862710 0.186490
53.484257 0.785693 -1.482561 0.956806 0.218051
53.512843 0.804592 -1.492785 0.962027 0.219567
53.541429 0.822180 -1.449477 0.922191 0.228661
53.570015 0.838947 -1.422551 0.896299 0.220454
53.598601 0.856100 -1.615393 1.054169 0.284022
53.627187 0.874026 -1.575593 1.017256 0.262168
53.655773 0.890648 -1.655065 1.079591 0.324129
53.684359 0.906062 -1.538124 0.978907 0.287853
53.712944 0.920984 -1.812606 1.201864 0.386108
53.741530 0.934976 -1.755104 1.150268 0.380822
53.770116 0.946988 -1.700931 1.101694 0.389950
53.798702 0.958613 -1.917160 1.274470 0.464941
53.827288 0.969210 -1.820377 1.191019 0.444266
53.855874 0.977668 -1.956249 1.297077 0.514598
53.884460 0.984144 -1.904144 1.250196 0.516380
53.913046 0.989244 -1.998369 1.321705 0.558815
53.941632 0.993237 -2.012000 1.327869 0.577227
53.970218 0.996040 -2.022707 1.331612 0.595504
53.998804 0.998437 -2.034207 1.335927 0.607894
54.027390 1.001011 -2.039032 1.334859 0.615863
54.055976 1.004224 -2.011511 1.308067 0.604482
54.084561 1.004740 -2.010130 1.302108 0.615158
54.113147 0.998006 -2.028288 1.311570 0.649347
54.141733 0.991388 -1.994660 1.280203 0.637882
54.170319 0.988093 -2.033371 1.305712 0.657583
54.198905 0.988105 -1.926811 1.217518 0.599301
54.227491 0.987232 -2.013076 1.280019 0.650673
54.256077 0.986126 -1.882279 1.173617 0.586522
54.284663 0.982720 -1.892953 1.177312 0.590784
54.313249 0.969004 -1.783050 1.088005 0.570307
54.341835 0.946447 -1.926579 1.193953 0.664728
54.370421 0.916963 -1.870953 1.146678 0.678136
54.399007 0.884734 -1.928090 1.185723 0.708244
54.427592 0.852125 -2.009428 1.242864 0.758217
54.456178 0.829668 -1.710027 1.011092 0.594863
54.484764 0.806582 -2.027668 1.246795 0.737071
54.513350 0.774360 -1.801978 1.072005 0.680060
54.541936 0.749466 -1.933731 1.166409 0.702431
54.570522 0.714795 -1.826900 1.081853 0.699604
54.599108 0.680197 -1.914486 1.142607 0.739961
54.627694 0.658272 -1.837943 1.081128 0.663957
54.656280 0.628185 -1.943830 1.154913 0.738841
54.684866 0.590237 -1.809126 1.050913 0.720779
54.713452 0.556884 -1.963985 1.160153 0.752064
54.742038 0.529044 -1.877431 1.092018 0.708056
54.770624 0.502337 -1.750420 0.994857 0.666581
54.799209 0.475567 -1.946829 1.133183 0.711643
54.827795 0.463778 -1.414879 0.743572 0.506241
54.856381 0.448844 -2.033854 1.186306 0.709342
54.884967 0.443386 -1.652191 0.907197 0.545298
54.913553 0.437428 -1.402389 0.724448 0.476099
54.942139 0.425266 -1.738598 0.960732 0.593433
54.970725 0.412776 -1.740302 0.957681 0.600009
54.999311 0.437777 -1.494281 0.779354 0.375874
55.027897 0.442090 -1.635476 0.875257 0.496112
55.056483 0.463347 -1.455217 0.744687 0.357168
55.085069 0.449189 -1.272209 0.613148 0.452956
55.113655 0.439041 -1.595704 0.835553 0.544007
55.142240 0.453040 -1.296257 0.623774 0.312923
55.170826 0.442938 -1.706826 0.904610 0.569119
55.199412 0.424448 -1.383523 0.677688 0.497542
55.227998 0.412197 -1.432039 0.707646 0.466264
55.256584 0.407178 -1.551176 0.785621 0.466786
55.285170 0.416843 -1.408383 0.684602 0.371267
55.313756 0.415725 -1.121345 0.486504 0.315347
55.342342 0.416825 -1.460396 0.712927 0.406629
55.370928 0.430399 -1.311611 0.609252 0.296571
55.399514 0.446228 -1.112660 0.472743 0.229313
55.428100 0.448340 -1.458945 0.701306 0.376594
55.456686 0.453354 -1.280379 0.579016 0.307714
55.485272 0.455051 -1.073489 0.438916 0.249467
55.513857 0.465823 -1.398101 0.650518 0.306539
55.542443 0.466189 -1.381236 0.636047 0.347762
55.571029 0.466584 -1.117459 0.460105 0.249053
55.599615 0.471816 -1.222079 0.525634 0.245765
55.628201 0.483686 -1.239237 0.533843 0.232947
55.656787 0.505180 -1.126498 0.458004 0.146616
55.685373 0.516079 -1.027509 0.391614 0.151987
55.713959 0.538957 -1.186981 0.491423 0.150599
55.742545 0.550696 -1.158542 0.470432 0.173919
55.771131 0.566513 -1.036714 0.390228 0.122733
55.799717 0.587052 -1.146715 0.457419 0.129023
55.828303 0.598481 -1.058823 0.399285 0.129914
55.856888 0.618898 -1.037512 0.383408 0.078488
55.885474 0.635772 -1.092398 0.415268 0.103703
55.914060 0.653163 -0.914729 0.302107 0.042177
55.942646 0.683378 -1.030998 0.372036 0.028000
55.971232 0.692657 -1.186166 0.465346 0.152964
55.999818 0.700639 -1.002704 0.349794 0.111429
56.028404 0.711042 -1.029174 0.363629 0.089859
56.056990 0.723234 -1.247146 0.493948 0.126825
56.085576 0.733603 -1.076890 0.387705 0.107041
56.114162 0.745039 -0.894868 0.275265 0.050326
56.142748 0.763573 -1.053346 0.368441 0.045464
56.171334 0.782734 -1.151546 0.424705 0.083955
56.199920 0.795884 -1.065167 0.370492 0.081362
56.228505 0.808524 -1.036218 0.350796 0.077919
56.257091 0.820694 -1.229538 0.462474 0.134244
56.285677 0.822178 -1.293439 0.497061 0.201926
56.314263 0.809530 -1.305398 0.500919 0.260883
56.342849 0.822825 -1.209168 0.441707 0.139216
56.371435 0.834455 -1.239853 0.456581 0.159731
56.400021 0.846126 -1.280562 0.477075 0.175350
56.428607 0.858106 -1.291296 0.480135 0.181975
56.457193 0.868645 -1.352473 0.511976 0.216667
56.485779 0.876787 -1.351488 0.508117 0.228887
56.514365 0.883611 -1.455467 0.563716 0.277968
56.542951 0.890697 -1.416526 0.538190 0.265092
56.571537 0.898276 -1.519178 0.592318 0.307425
56.600122 0.906287 -1.449318 0.549563 0.285398
56.628708 0.913664 -1.583717 0.620701 0.342037
56.657294 0.919411 -1.526395 0.585080 0.335657
56.685880 0.922782 -1.640964 0.644384 0.390548
56.714466 0.923723 -1.624565 0.631333 0.402707
56.743052 0.922980 -1.679388 0.657196 0.431851
56.771638 0.921690 -1.704597 0.666702 0.449250
56.800224 0.920557 -1.676654 0.647381 0.445054
56.828810 0.920949 -1.720824 0.666946 0.455413
56.857396 0.924293 -1.612135 0.604567 0.412027
56.885982 0.929140 -1.648528 0.619933 0.418380
56.914568 0.931892 -1.612019 0.596522 0.412492
56.943153 0.928075 -1.578501 0.574881 0.419797
56.971739 0.921437 -1.606489 0.585643 0.439197
57.000325 0.920451 -1.524734 0.539048 0.394334
57.028911 0.922806 -1.473842 0.508892 0.364820
57.057497 0.931899 -1.408886 0.471749 0.318666
57.086083 0.946827 -1.354263 0.440254 0.281530
57.114669 0.941923 -1.410353 0.465591 0.363647
57.143255 0.926619 -1.389681 0.451631 0.382797
57.171841 0.910857 -1.359857 0.433154 0.374958
57.200427 0.898073 -1.328425 0.414026 0.354470
57.229013 0.883711 -1.304429 0.398784 0.352348
57.257599 0.861262 -1.316023 0.401374 0.385979
57.286185 0.843413 -1.294050 0.387291 0.363885
57.314770 0.826761 -1.250114 0.362515 0.344135
57.343356 0.806945 -1.231447 0.350341 0.349885
57.371942 0.782354 -1.249552 0.356171 0.371045
57.400528 0.765151 -1.167471 0.313385 0.313202
57.429114 0.751793 -1.145266 0.299872 0.286746
57.457700 0.736752 -1.151572 0.300134 0.296345
57.486286 0.720285 -1.150042 0.296629 0.298906
57.514872 0.702770 -1.115333 0.277413 0.288301
57.543458 0.676026 -1.174704 0.302704 0.341492
57.572044 0.654615 -1.146108 0.286469 0.312171
57.600630 0.645941 -1.025051 0.227310 0.220752
57.629216 0.643301 -1.024062 0.224408 0.195275
57.657801 0.631234 -1.005835 0.213571 0.219133
57.686387 0.624400 -0.987266 0.202672 0.191508
57.714973 0.606214 -1.067947 0.237066 0.257439
57.743559 0.605888 -0.901230 0.159030 0.127190
57.772145 0.602069 -0.915801 0.163468 0.145207
57.800731 0.592622 -0.926889 0.166270 0.162328
57.829317 0.585934 -0.961069 0.179287 0.166788
57.857903 0.583095 -0.841113 0.123959 0.097786
57.886489 0.590290 -0.808602 0.107703 0.048398
57.915075 0.585866 -0.893949 0.143120 0.116527
57.943661 0.597228 -0.687223 0.051218 -0.017748
57.972247 0.597509 -0.713654 0.061067 0.029471
58.000833 0.610154 -0.769450 0.083379 0.002957
58.029418 0.600463 -0.871037 0.124930 0.112628
58.058004 0.587393 -0.782699 0.085437 0.081269
58.086590 0.578910 -0.796453 0.089417 0.072528
58.115176 0.578646 -0.763586 0.073805 0.028317
58.143762 0.556410 -0.943083 0.146724 0.172993
58.172348 0.534997 -0.909914 0.130775 0.148382
58.200934 0.534467 -0.873234 0.113556 0.067777
58.229520 0.527660 -0.954392 0.144636 0.117955
58.258106 0.518188 -0.934901 0.134464 0.119070
58.286692 0.507898 -0.884790 0.112053 0.101436
58.315278 0.495516 -0.888945 0.111632 0.106410
58.343864 0.486956 -0.876328 0.104517 0.085436
58.372449 0.484955 -0.848021 0.091266 0.050980
58.401035 0.483173 -0.862092 0.094801 0.053114
58.429621 0.480837 -0.886430 0.102266 0.062257
58.458207 0.477908 -0.916599 0.111863 0.075744
58.486793 0.475051 -0.960012 0.126401 0.090700
58.515379 0.472243 -0.985194 0.133744 0.100247
58.543965 0.469028 -0.987240 0.132172 0.101976
58.572551 0.465444 -0.974753 0.125110 0.096515
58.601137 0.461432 -1.018995 0.139355 0.116516
58.629723 0.456956 -1.093336 0.164562 0.150199
58.658309 0.452482 -1.104459 0.166039 0.153122
58.686895 0.447971 -1.105410 0.163730 0.150057
58.715481 0.443018 -1.129991 0.170018 0.161873
58.744066 0.437823 -1.149419 0.174316 0.171153
58.772652 0.433204 -1.132453 0.165451 0.159733
58.801238 0.429330 -1.119644 0.158156 0.150056
58.829824 0.426125 -1.120753 0.155849 0.147033
58.858410 0.423745 -1.114326 0.150891 0.139215
58.886996 0.422206 -1.105271 0.145050 0.130064
58.915582 0.421744 -1.074659 0.131796 0.111188
58.944168 0.421121 -1.096699 0.136782 0.120137
58.972754 0.419640 -1.065339 0.123454 0.104812
59.001340 0.415204 -1.110748 0.136253 0.132332
59.029926 0.415054 -1.067410 0.119029 0.100298
59.058512 0.419919 -1.025593 0.102535 0.068215
59.087097 0.428851 -0.984429 0.086473 0.038044
59.115683 0.437869 -0.989547 0.085799 0.038756
59.144269 0.437449 -1.039038 0.099536 0.086166
59.172855 0.433358 -1.046314 0.099391 0.099443
59.201441 0.430267 -1.045783 0.096709 0.096288
59.230027 0.425703 -1.065377 0.100422 0.108865
59.258613 0.420775 -1.068464 0.098833 0.110564
59.287199 0.415530 -1.072755 0.097604 0.112442
59.315785 0.409588 -1.081621 0.097771 0.117092
59.344371 0.403435 -1.065920 0.090340 0.111569
59.372957 0.397591 -1.053697 0.084050 0.106336
59.401543 0.392296 -1.062400 0.084148 0.108204
59.430129 0.387045 -1.066262 0.082749 0.108329
59.458714 0.380987 -1.041552 0.072841 0.099899
59.487300 0.373650 -1.060774 0.076001 0.111337
59.515886 0.364687 -1.085401 0.080639 0.126163
59.544472 0.354290 -1.072841 0.074388 0.123251
59.573058 0.340712 -1.129395 0.088028 0.156199
59.601644 0.324195 -1.147677 0.090497 0.170875
59.630230 0.307073 -1.118532 0.079509 0.159203
59.658816 0.294273 -1.089188 0.068615 0.136329
59.687402 0.283191 -1.055382 0.056635 0.116695
59.715988 0.269647 -1.070546 0.058250 0.129858
59.744574 0.251762 -1.095313 0.062396 0.152627
59.773160 0.230593 -1.120809 0.066611 0.170989
59.801746 0.215965 -1.098116 0.057855 0.142124
59.830331 0.203979 -1.092135 0.053625 0.130745
59.858917 0.191548 -1.058976 0.042323 0.118685
59.887503 0.179290 -1.051929 0.037946 0.112758
59.916089 0.166527 -1.039708 0.032280 0.106247
59.944675 0.152817 -0.989421 0.017017 0.085611
59.973261 0.137541 -0.956214 0.006300 0.074844
60.001847 0.120607 -0.999768 0.014836 0.095108
60.030433 0.102694 -0.987302 0.009365 0.090944
60.059019 0.083901 -0.956030 -0.000624 0.076487
60.087605 0.064937 -0.900804 -0.015311 0.055739
60.116191 0.045444 -0.916824 -0.012218 0.065799
60.144777 0.025994 -0.918808 -0.012354 0.065826
60.173362 0.006928 -0.898580 -0.017479 0.055546
60.201948 -0.011660 -0.862583 -0.025864 0.039717
60.230534 -0.030024 -0.852774 -0.028006 0.035505
60.259120 -0.047915 -0.846414 -0.029287 0.031318
60.287706 -0.065334 -0.837046 -0.031161 0.025930
60.316292 -0.082375 -0.819494 -0.034701 0.017692
60.344878 -0.099283 -0.806001 -0.037205 0.012049
60.373464 -0.116185 -0.800080 -0.037999 0.009820
60.402050 -0.132882 -0.793963 -0.038802 0.006779
60.430636 -0.149257 -0.786507 -0.039845 0.002893
60.459222 -0.165431 -0.779121 -0.040825 -0.000493
60.487808 -0.181453 -0.773090 -0.041485 -0.002998
60.516394 -0.197255 -0.768905 -0.041749 -0.004810
60.544979 -0.212688 -0.764309 -0.042079 -0.007131
60.573565 -0.227633 -0.758315 -0.042661 -0.010330
60.602151 -0.242069 -0.752130 -0.043249 -0.013629
60.630737 -0.256024 -0.745780 -0.043835 -0.016861
60.659323 -0.269599 -0.740299 -0.044228 -0.019446
60.687909 -0.282839 -0.735666 -0.044443 -0.021483
60.716495 -0.295612 -0.730311 -0.044774 -0.024028
60.745081 -0.307643 -0.723162 -0.045400 -0.027862
60.773667 -0.318688 -0.714814 -0.046195 -0.032642
60.802253 -0.328703 -0.707261 -0.046799 -0.037023
60.830839 -0.337794 -0.701780 -0.047007 -0.040111
60.859425 -0.345382 -0.617217 -0.059481 -0.059491
60.888010 -0.352688 -0.669924 -0.049194 -0.047772
60.916596 -0.358997 -0.654034 -0.050509 -0.052205
60.945182 -0.364338 -0.636583 -0.051837 -0.056894
60.973768 -0.368807 -0.632693 -0.050959 -0.058717
61.002354 -0.372443 -0.627240 -0.050363 -0.060532
61.030940 -0.375218 -0.610736 -0.051351 -0.064443
61.059526 -0.377344 -0.613119 -0.049509 -0.063937
61.088112 -0.378784 -0.602234 -0.049664 -0.066087
61.116698 -0.379609 -0.592104 -0.049630 -0.067844
61.145284 -0.379924 -0.587953 -0.048744 -0.068152
61.173870 -0.379797 -0.584208 -0.047861 -0.068216
61.202456 -0.379242 -0.574995 -0.047740 -0.069339
61.231042 -0.378167 -0.549474 -0.049618 -0.073819
61.259627 -0.376863 -0.557209 -0.047074 -0.071059
61.288213 -0.375234 -0.546090 -0.047100 -0.072268
61.316799 -0.373325 -0.536443 -0.046887 -0.073061
61.345385 -0.371163 -0.527089 -0.046608 -0.073707
61.373971 -0.368759 -0.516180 -0.046480 -0.074588
61.402557 -0.366129 -0.504623 -0.046373 -0.075516
61.431143 -0.363316 -0.496524 -0.045831 -0.075643
61.459729 -0.360316 -0.485033 -0.045656 -0.076407
61.488315 -0.357150 -0.474710 -0.045307 -0.076861
61.516901 -0.353829 -0.464310 -0.044935 -0.077284
61.545487 -0.350366 -0.453731 -0.044553 -0.077696
61.574073 -0.346764 -0.442606 -0.044195 -0.078183
61.602658 -0.342981 -0.425097 -0.044408 -0.079976
61.631244 -0.339099 -0.417946 -0.043523 -0.079515
61.659830 -0.335116 -0.408398 -0.042894 -0.079544
61.688416 -0.331041 -0.398974 -0.042254 -0.079517
61.717002 -0.326845 -0.384677 -0.042030 -0.080472
61.745588 -0.322578 -0.376620 -0.041211 -0.080099
61.774174 -0.318199 -0.361929 -0.040954 -0.081070
61.802760 -0.313742 -0.351824 -0.040259 -0.081061
61.831346 -0.309207 -0.340538 -0.039651 -0.081266
61.859932 -0.304581 -0.327046 -0.039185 -0.081903
61.888518 -0.299898 -0.317794 -0.038363 -0.081632
61.917104 -0.295141 -0.305270 -0.037781 -0.082019
61.945690 -0.290327 -0.294639 -0.037036 -0.081992
61.974275 -0.285434 -0.280711 -0.036498 -0.082625
62.002861 -0.280488 -0.270016 -0.035705 -0.082570
62.031447 -0.275481 -0.257699 -0.035006 -0.082832
62.060033 -0.270430 -0.247419 -0.034162 -0.082657
62.088619 -0.265320 -0.234263 -0.033480 -0.083061
62.117205 -0.260160 -0.222467 -0.032690 -0.083167
62.145791 -0.254952 -0.210576 -0.031888 -0.083277
62.174377 -0.249712 -0.200366 -0.030987 -0.083029
62.202963 -0.244404 -0.184997 -0.030330 -0.083827
62.231549 -0.239070 -0.175270 -0.029364 -0.083450
62.260135 -0.233693 -0.162797 -0.028526 -0.083627
62.288721 -0.228269 -0.149636 -0.027694 -0.083931
62.317307 -0.222762 -0.131870 -0.027005 -0.085187
62.345892 -0.217255 -0.125590 -0.025833 -0.084015
62.374478 -0.211687 -0.109732 -0.025031 -0.084837
62.403064 -0.206097 -0.099397 -0.024005 -0.084490
62.431650 -0.200485 -0.088356 -0.023007 -0.084289
62.460236 -0.194841 -0.075713 -0.022050 -0.084414
62.488822 -0.189131 -0.058814 -0.021175 -0.085420
62.517408 -0.183425 -0.051300 -0.020039 -0.084447
62.545994 -0.177796 -0.051752 -0.018791 -0.081841
62.574580 -0.172141 -0.036673 -0.017917 -0.082493
62.603166 -0.166459 -0.022608 -0.016979 -0.082924
62.631752 -0.160698 -0.002791 -0.016077 -0.084570
62.660338 -0.154971 0.001222 -0.014931 -0.082898
62.688923 -0.149229 0.013599 -0.013915 -0.082993
62.717509 -0.143522 0.019600 -0.012847 -0.081719
62.746095 -0.137689 0.046914 -0.011883 -0.084899
62.774681 -0.131836 0.057544 -0.010758 -0.084587
62.803267 -0.126097 0.052101 -0.009664 -0.080937
62.831853 -0.120403 0.059603 -0.008655 -0.079999
