# time bound_circ lift drag moment
0.014293 0.071043 0.721732 0.001893 -0.140997
0.021439 0.066236 0.895651 0.005280 -0.137839
0.028586 0.069574 1.096197 0.009792 -0.302305
0.035732 0.076683 1.192398 0.013981 -0.377348
0.042879 0.083377 1.194670 0.017213 -0.369722
0.050025 0.089498 1.194288 0.020377 -0.359412
0.057172 0.095402 1.201298 0.023655 -0.355895
0.064318 0.101115 1.207963 0.026929 -0.352455
0.071465 0.106636 1.214038 0.030189 -0.348753
0.078611 0.111994 1.220409 0.033456 -0.345478
0.085758 0.117220 1.227199 0.036736 -0.342681
0.092904 0.122335 1.234340 0.040030 -0.340261
0.100051 0.127356 1.241794 0.043338 -0.338158
0.107197 0.132297 1.249538 0.046662 -0.336330
0.114344 0.137172 1.257550 0.050004 -0.334741
0.121490 0.141988 1.265810 0.053365 -0.333362
0.128637 0.146756 1.274300 0.056744 -0.332170
0.135783 0.151481 1.283001 0.060144 -0.331141
0.142930 0.156170 1.291892 0.063565 -0.330256
0.150076 0.160828 1.300951 0.067006 -0.329497
0.157223 0.165460 1.310156 0.070468 -0.328846
0.164369 0.170070 1.319485 0.073950 -0.328287
0.171516 0.174660 1.328914 0.077452 -0.327807
0.178662 0.179234 1.338423 0.080973 -0.327390
0.185808 0.183793 1.347993 0.084513 -0.327026
0.192955 0.188341 1.357607 0.088070 -0.326704
0.200101 0.192879 1.367249 0.091644 -0.326414
0.207248 0.197408 1.376909 0.095233 -0.326150
0.214394 0.201929 1.386576 0.098838 -0.325905
0.221541 0.206445 1.396245 0.102458 -0.325676
0.228687 0.210955 1.405914 0.106092 -0.325459
0.235834 0.215461 1.415584 0.109741 -0.325256
0.242980 0.219964 1.425259 0.113404 -0.325065
0.250127 0.224464 1.434944 0.117082 -0.324889
0.257273 0.228962 1.444644 0.120776 -0.324729
0.264420 0.233459 1.454362 0.124485 -0.324587
0.271566 0.237955 1.464101 0.128210 -0.324462
0.278713 0.242452 1.473859 0.131952 -0.324354
0.285859 0.246950 1.483636 0.135709 -0.324262
0.293006 0.251449 1.493428 0.139481 -0.324183
0.300152 0.255949 1.503229 0.143269 -0.324115
0.307299 0.260452 1.513037 0.147071 -0.324057
0.314445 0.264958 1.522846 0.150887 -0.324005
0.321592 0.269467 1.532654 0.154716 -0.323959
0.328738 0.273979 1.542457 0.158558 -0.323917
0.335885 0.278494 1.552252 0.162413 -0.323878
0.343031 0.283013 1.562038 0.166280 -0.323840
0.350178 0.287536 1.571812 0.170159 -0.323803
0.357324 0.292063 1.581574 0.174049 -0.323766
0.364470 0.296594 1.591325 0.177950 -0.323729
0.371617 0.301130 1.601063 0.181862 -0.323692
0.378763 0.305669 1.610789 0.185785 -0.323655
0.385910 0.310214 1.620506 0.189720 -0.323618
0.393056 0.314763 1.630213 0.193665 -0.323582
0.400203 0.319316 1.639912 0.197620 -0.323547
0.407349 0.323875 1.649603 0.201587 -0.323513
0.414496 0.328438 1.659288 0.205564 -0.323481
0.421642 0.333006 1.668965 0.209552 -0.323450
0.428789 0.337580 1.678636 0.213550 -0.323420
0.435935 0.342158 1.688299 0.217559 -0.323392
0.443082 0.346741 1.697953 0.221577 -0.323364
0.450228 0.351330 1.707598 0.225605 -0.323337
0.457375 0.355924 1.717231 0.229642 -0.323309
0.464521 0.360523 1.726852 0.233687 -0.323281
0.471668 0.365127 1.736459 0.237741 -0.323251
0.478814 0.369737 1.746049 0.241803 -0.323220
0.485961 0.374351 1.755622 0.245872 -0.323185
0.493107 0.378971 1.765175 0.249947 -0.323148
0.500254 0.383596 1.774709 0.254029 -0.323107
0.507400 0.388226 1.784223 0.258118 -0.323062
0.514547 0.392862 1.793717 0.262212 -0.323014
0.521693 0.397502 1.803191 0.266312 -0.322962
0.528840 0.402147 1.812645 0.270418 -0.322907
0.535986 0.406797 1.822081 0.274529 -0.322849
0.543132 0.411452 1.831499 0.278646 -0.322788
0.550279 0.416112 1.840900 0.282768 -0.322725
0.557425 0.420776 1.850284 0.286896 -0.322659
0.564572 0.425445 1.859652 0.291028 -0.322592
0.571718 0.430119 1.869002 0.295166 -0.322522
0.578865 0.434798 1.878337 0.299308 -0.322450
0.586011 0.439481 1.887654 0.303455 -0.322376
0.593158 0.444168 1.896953 0.307606 -0.322299
0.600304 0.448860 1.906235 0.311761 -0.322220
0.607451 0.453556 1.915498 0.315919 -0.322139
0.614597 0.458257 1.924742 0.320081 -0.322055
0.621744 0.462962 1.933966 0.324245 -0.321967
0.628890 0.467671 1.943169 0.328412 -0.321877
0.636037 0.472384 1.952351 0.332581 -0.321783
0.643183 0.477101 1.961512 0.336752 -0.321686
0.650330 0.481823 1.970650 0.340924 -0.321585
0.657476 0.486548 1.979765 0.345097 -0.321480
0.664623 0.491277 1.988857 0.349271 -0.321371
0.671769 0.496009 1.997926 0.353446 -0.321258
0.678916 0.500745 2.006972 0.357621 -0.321141
0.686062 0.505485 2.015994 0.361796 -0.321021
0.693209 0.510228 2.024992 0.365970 -0.320896
0.700355 0.514974 2.033968 0.370145 -0.320767
0.707502 0.519724 2.042920 0.374319 -0.320635
0.714648 0.524477 2.051850 0.378492 -0.320499
0.721794 0.529233 2.060756 0.382664 -0.320360
0.728941 0.533992 2.069640 0.386836 -0.320216
0.736087 0.538754 2.078501 0.391006 -0.320070
0.743234 0.543518 2.087339 0.395174 -0.319920
0.750380 0.548286 2.096154 0.399340 -0.319766
0.757527 0.553056 2.104946 0.403505 -0.319609
0.764673 0.557829 2.113715 0.407667 -0.319449
0.771820 0.562604 2.122461 0.411827 -0.319285
0.778966 0.567381 2.131183 0.415984 -0.319118
0.786113 0.572161 2.139881 0.420138 -0.318947
0.793259 0.576943 2.148556 0.424289 -0.318772
0.800406 0.581727 2.157206 0.428435 -0.318594
0.807552 0.586513 2.165831 0.432578 -0.318413
0.814699 0.591301 2.174432 0.436717 -0.318227
0.821845 0.596090 2.183008 0.440851 -0.318038
0.828992 0.600882 2.191558 0.444981 -0.317845
0.836138 0.605675 2.200083 0.449105 -0.317648
0.843285 0.610470 2.208583 0.453224 -0.317447
0.850431 0.615266 2.217056 0.457338 -0.317242
0.857578 0.620063 2.225503 0.461445 -0.317033
0.864724 0.624862 2.233924 0.465547 -0.316820
0.871871 0.629662 2.242319 0.469642 -0.316603
0.879017 0.634463 2.250687 0.473730 -0.316382
0.886164 0.639265 2.259028 0.477811 -0.316157
0.893310 0.644068 2.267342 0.481885 -0.315927
0.900456 0.648871 2.275629 0.485952 -0.315694
0.907603 0.652165 2.280104 0.491959 -0.316019
0.914749 0.654512 2.278644 0.497173 -0.307225
0.921896 0.656024 2.276617 0.502196 -0.289752
0.929042 0.656712 2.275099 0.507377 -0.272416
0.936189 0.656665 2.273666 0.512578 -0.256793
0.943335 0.655934 2.272367 0.517818 -0.242133
0.950482 0.654557 2.271242 0.523111 -0.228190
0.957628 0.652564 2.270319 0.528467 -0.214830
0.964775 0.649980 2.269619 0.533896 -0.201980
0.971921 0.646827 2.269153 0.539402 -0.189597
0.979068 0.643127 2.268933 0.544992 -0.177656
0.986214 0.638900 2.268966 0.550671 -0.166136
0.993361 0.634167 2.269261 0.556442 -0.155023
1.000507 0.628946 2.269822 0.562311 -0.144304
1.007654 0.623257 2.270654 0.568279 -0.133970
1.014800 0.617116 2.271761 0.574352 -0.124011
1.021947 0.610543 2.273146 0.580533 -0.114422
1.029093 0.603555 2.274809 0.586822 -0.105194
1.036240 0.596169 2.276751 0.593224 -0.096322
1.043386 0.588401 2.278972 0.599740 -0.087800
1.050533 0.580268 2.281471 0.606372 -0.079622
1.057679 0.571788 2.284244 0.613121 -0.071784
1.064826 0.562974 2.287290 0.619988 -0.064278
1.071972 0.553844 2.290604 0.626974 -0.057101
1.079118 0.544411 2.294181 0.634078 -0.050245
1.086265 0.534692 2.298017 0.641302 -0.043705
1.093411 0.524701 2.302105 0.648645 -0.037474
1.100558 0.514451 2.306437 0.656105 -0.031545
1.107704 0.503957 2.311004 0.663682 -0.025911
1.114851 0.493231 2.315798 0.671372 -0.020566
1.121997 0.482288 2.320815 0.679178 -0.015501
1.129144 0.471139 2.326051 0.687099 -0.010710
1.136290 0.459797 2.331487 0.695129 -0.006184
1.143437 0.448272 2.337085 0.703254 -0.001910
1.150583 0.436577 2.342862 0.711482 0.002115
1.157730 0.424722 2.348877 0.719839 0.005893
1.164876 0.412717 2.355021 0.728283 0.009443
1.172023 0.400573 2.361173 0.736763 0.012788
1.179169 0.388298 2.367631 0.745404 0.015898
1.186316 0.375901 2.374305 0.754171 0.018786
1.193462 0.363392 2.380655 0.762837 0.021536
1.200609 0.350777 2.387503 0.771750 0.024042
1.207755 0.338065 2.394563 0.780791 0.026335
1.214902 0.325263 2.400890 0.789554 0.028574
1.222048 0.312376 2.408363 0.798848 0.030482
1.229195 0.299413 2.415100 0.807861 0.032307
1.236341 0.286379 2.421991 0.816978 0.033992
1.243488 0.273280 2.429229 0.826287 0.035401
1.250634 0.260120 2.436190 0.835511 0.036723
1.257780 0.246906 2.442773 0.844603 0.037908
1.264927 0.233642 2.450471 0.854233 0.038738
1.272073 0.220332 2.456308 0.863062 0.039668
1.279220 0.206980 2.463777 0.872666 0.040180
1.286366 0.193590 2.470247 0.881853 0.040650
1.293513 0.180164 2.475937 0.890716 0.041170
1.300659 0.166702 2.482801 0.900154 0.041418
1.307806 0.153203 2.488315 0.909000 0.042053
1.314952 0.139664 2.493755 0.917841 0.042969
1.322099 0.126079 2.499417 0.926817 0.044186
1.329245 0.112446 2.503942 0.935286 0.045995
1.336392 0.098767 2.509794 0.944411 0.047447
1.343538 0.085049 2.514857 0.953190 0.048634
1.350685 0.071300 2.520338 0.962198 0.049107
1.357831 0.057529 2.525388 0.971028 0.049139
1.364978 0.043740 2.529983 0.979663 0.049213
1.372124 0.029934 2.536075 0.989057 0.048937
1.379271 0.016112 2.540158 0.997495 0.049216
1.386417 0.002273 2.546641 1.007143 0.049094
1.393564 -0.011581 2.550616 1.015579 0.049525
1.400710 -0.025452 2.557052 1.025267 0.049733
1.407857 -0.039339 2.562525 1.034506 0.050101
1.415003 -0.053242 2.567867 1.043709 0.050715
1.422150 -0.067159 2.574596 1.053646 0.050998
1.429296 -0.081089 2.580294 1.063093 0.051443
1.436443 -0.095030 2.586298 1.072728 0.051709
1.443589 -0.108979 2.592480 1.082487 0.051637
1.450735 -0.122931 2.597952 1.091911 0.051553
1.457882 -0.136883 2.603110 1.101202 0.051152
1.465028 -0.150832 2.609235 1.111028 0.050421
1.472175 -0.164774 2.612573 1.119418 0.050027
1.479321 -0.178708 2.620051 1.130019 0.048637
1.486468 -0.192630 2.622572 1.138023 0.048371
1.493614 -0.206538 2.630427 1.148893 0.046788
1.500761 -0.220430 2.634174 1.157598 0.046396
1.507907 -0.234302 2.641296 1.168145 0.045060
1.515054 -0.248155 2.646385 1.177628 0.044394
1.522200 -0.261985 2.652805 1.187865 0.043299
1.529347 -0.275791 2.658110 1.197524 0.042423
1.536493 -0.289569 2.664442 1.207778 0.041239
1.543640 -0.303316 2.669304 1.217253 0.040264
1.550786 -0.317029 2.676287 1.227933 0.038672
1.557933 -0.330702 2.680934 1.237346 0.037650
1.565079 -0.344332 2.688169 1.248236 0.035774
1.572226 -0.357915 2.693081 1.257856 0.034596
1.579372 -0.371449 2.700004 1.268640 0.032615
1.586519 -0.384928 2.704573 1.278122 0.031032
1.593665 -0.398349 2.710902 1.288636 0.028754
1.600812 -0.411705 2.715496 1.298186 0.026581
1.607958 -0.424991 2.721428 1.308533 0.023787
1.615105 -0.438200 2.725816 1.318017 0.021189
1.622251 -0.451327 2.732729 1.328994 0.017757
1.629397 -0.464367 2.736558 1.338204 0.014958
1.636544 -0.477316 2.744049 1.349586 0.011166
1.643690 -0.490168 2.749119 1.359579 0.008014
1.650837 -0.502917 2.756415 1.370918 0.004388
1.657983 -0.515556 2.762972 1.381857 0.001102
1.665130 -0.528079 2.769942 1.393077 -0.001965
1.672276 -0.540477 2.777826 1.404883 -0.005293
1.679423 -0.552746 2.784007 1.415703 -0.008270
1.686569 -0.564880 2.791066 1.427087 -0.011878
1.693716 -0.576871 2.796844 1.437729 -0.015680
1.700862 -0.588715 2.802122 1.448095 -0.019828
1.708009 -0.600401 2.808052 1.458890 -0.025001
1.715155 -0.611922 2.811996 1.468489 -0.030028
1.722302 -0.623261 2.819054 1.480039 -0.036678
1.729448 -0.634407 2.823858 1.490223 -0.042869
1.736595 -0.645340 2.832149 1.502611 -0.050497
1.743741 -0.656045 2.839862 1.514680 -0.057788
1.750888 -0.666502 2.849714 1.528137 -0.065794
1.758034 -0.676695 2.859853 1.541827 -0.073606
1.765181 -0.686610 2.870978 1.556197 -0.081483
1.772327 -0.696234 2.882947 1.571164 -0.089497
1.779474 -0.705562 2.893577 1.585335 -0.096908
1.786620 -0.714593 2.906074 1.600764 -0.105030
1.793767 -0.723335 2.915103 1.614015 -0.112056
1.800913 -0.731796 2.926014 1.628535 -0.119893
1.808059 -0.739993 2.933597 1.640943 -0.126709
1.815206 -0.747940 2.942154 1.654028 -0.133943
1.822352 -0.755659 2.948438 1.665663 -0.140150
1.829499 -0.763176 2.955396 1.677773 -0.146278
1.836645 -0.770521 2.960500 1.688692 -0.151183
1.843792 -0.777715 2.965318 1.699445 -0.155766
1.850938 -0.784766 2.969420 1.709745 -0.159917
1.858085 -0.791659 2.973355 1.719951 -0.164271
1.865231 -0.798355 2.978397 1.730922 -0.169490
1.872378 -0.804786 2.983943 1.742258 -0.175660
1.879524 -0.810846 2.992274 1.755510 -0.184262
1.886671 -0.816421 3.001254 1.769245 -0.194597
1.893817 -0.821476 3.011077 1.783603 -0.205991
1.900964 -0.826109 3.016990 1.795327 -0.215066
1.908110 -0.830545 3.018546 1.804077 -0.220238
1.915257 -0.835028 3.014464 1.808934 -0.220726
1.922403 -0.839683 3.008343 1.812351 -0.219573
1.929550 -0.844431 3.003317 1.816496 -0.220470
1.936696 -0.849165 3.001146 1.822608 -0.224357
1.943843 -0.853873 2.999025 1.828740 -0.228767
1.950989 -0.858411 3.001537 1.838123 -0.236952
1.958136 -0.862535 3.009040 1.851048 -0.249993
1.965282 -0.866304 3.017282 1.864533 -0.262072
1.972429 -0.869874 3.023089 1.876323 -0.270619
1.979575 -0.873082 3.033247 1.891253 -0.282270
1.986721 -0.875839 3.045670 1.907860 -0.295277
1.993868 -0.878403 3.053730 1.921383 -0.302397
2.001014 -0.880808 3.062041 1.935127 -0.308462
2.008161 -0.882873 3.072685 1.950604 -0.317284
2.015307 -0.884810 3.078576 1.962670 -0.321198
2.022454 -0.886914 3.077019 1.969316 -0.318736
2.029600 -0.888998 3.077055 1.977118 -0.320009
2.036747 -0.890903 3.077901 1.985513 -0.324557
2.043893 -0.892857 3.073211 1.989815 -0.324823
2.051040 -0.895030 3.065094 1.991544 -0.322133
2.058186 -0.897173 3.061706 1.996746 -0.324719
2.065333 -0.899098 3.062013 2.004686 -0.331171
2.072479 -0.900956 3.059323 2.010376 -0.334462
2.079626 -0.902973 3.053013 2.013322 -0.333559
2.086772 -0.905010 3.049508 2.018348 -0.335756
2.093919 -0.906804 3.052069 2.027945 -0.343828
2.101065 -0.908325 3.055907 2.038521 -0.352723
2.108212 -0.909782 3.057264 2.047219 -0.357722
2.115358 -0.911293 3.056960 2.054646 -0.360127
2.122505 -0.912763 3.058747 2.063672 -0.364121
2.129651 -0.914161 3.060612 2.072761 -0.368181
2.136798 -0.915616 3.059762 2.079753 -0.369280
2.143944 -0.917316 3.055044 2.083733 -0.366259
2.151091 -0.919304 3.049584 2.087104 -0.362422
2.158237 -0.921464 3.046150 2.092022 -0.360756
2.165383 -0.923678 3.045366 2.098992 -0.361459
2.172530 -0.925897 3.045586 2.106742 -0.362943
2.179676 -0.928147 3.045237 2.114036 -0.363651
2.186823 -0.930478 3.043336 2.120093 -0.363123
2.193969 -0.932905 3.040017 2.125005 -0.362020
2.201116 -0.935430 3.035334 2.128807 -0.360836
2.208262 -0.938029 3.029809 2.131902 -0.360259
2.215409 -0.940664 3.024311 2.134982 -0.360749
2.222555 -0.943303 3.019617 2.138674 -0.362283
2.229702 -0.945915 3.016237 2.143393 -0.364854
2.236848 -0.948510 3.013704 2.148774 -0.367420
2.243995 -0.951136 3.011411 2.154327 -0.369132
2.251141 -0.953807 3.009549 2.160211 -0.370452
2.258288 -0.956582 3.006798 2.165350 -0.370288
2.265434 -0.959626 3.000966 2.167939 -0.366466
2.272581 -0.963020 2.993450 2.169104 -0.360764
2.279727 -0.966524 2.989710 2.173337 -0.359751
2.286874 -0.969794 2.991609 2.182210 -0.365613
2.294020 -0.972608 2.997015 2.193997 -0.375930
2.301167 -0.975005 3.001324 2.204887 -0.385453
2.308313 -0.977370 2.998446 2.209784 -0.387204
2.315460 -0.980008 2.990017 2.210004 -0.382954
2.322606 -0.983030 2.979337 2.208279 -0.376550
2.329753 -0.986655 2.964610 2.203078 -0.365929
2.336899 -0.990961 2.948727 2.196813 -0.354168
2.344045 -0.995529 2.940471 2.196927 -0.351349
2.351192 -1.000014 2.938084 2.201981 -0.355606
2.358338 -1.004370 2.936446 2.207654 -0.360953
2.365485 -1.008616 2.934553 2.213087 -0.366071
2.372631 -1.012747 2.932967 2.218765 -0.371508
2.379778 -1.016741 2.931983 2.224941 -0.377595
2.386924 -1.020577 2.931526 2.231555 -0.384295
2.394071 -1.024238 2.931461 2.238496 -0.391505
2.401217 -1.027709 2.931747 2.245729 -0.399180
2.408364 -1.030970 2.932449 2.253315 -0.407346
2.415510 -1.033996 2.933763 2.261427 -0.416122
2.422657 -1.036744 2.936061 2.270395 -0.425812
2.429803 -1.039134 2.940026 2.280826 -0.437090
2.436950 -1.041031 2.946636 2.293595 -0.451018
2.444096 -1.042299 2.955780 2.308622 -0.467472
2.451243 -1.043071 2.962690 2.321703 -0.480957
2.458389 -1.043795 2.961996 2.328050 -0.485137
2.465536 -1.044798 2.956003 2.329659 -0.482684
2.472682 -1.046326 2.946050 2.327688 -0.475285
2.479829 -1.048579 2.933180 2.323040 -0.464159
2.486975 -1.051245 2.926046 2.323468 -0.459697
2.494122 -1.053896 2.925734 2.329991 -0.463744
2.501268 -1.056439 2.926217 2.337218 -0.469396
2.508415 -1.058912 2.925400 2.343254 -0.474070
2.515561 -1.061338 2.923832 2.348591 -0.478269
2.522707 -1.063709 2.922133 2.353785 -0.482606
2.529854 -1.066015 2.920474 2.358993 -0.487192
2.537000 -1.068248 2.918839 2.364201 -0.491931
2.544147 -1.070407 2.917217 2.369396 -0.496744
2.551293 -1.072491 2.915628 2.374600 -0.501595
2.558440 -1.074500 2.914110 2.379845 -0.506460
2.565586 -1.076436 2.912689 2.385158 -0.511312
2.572733 -1.078299 2.911373 2.390544 -0.516118
2.579879 -1.080094 2.910131 2.395977 -0.520842
2.587026 -1.081823 2.908899 2.401397 -0.525448
2.594172 -1.083492 2.907586 2.406719 -0.529906
2.601319 -1.085107 2.906098 2.411855 -0.534190
2.608465 -1.086674 2.904360 2.416732 -0.538289
2.615612 -1.088198 2.902326 2.421304 -0.542205
2.622758 -1.089686 2.899982 2.425558 -0.545955
2.629905 -1.091141 2.897348 2.429507 -0.549574
2.637051 -1.092565 2.894465 2.433191 -0.553109
2.644198 -1.093958 2.891394 2.436666 -0.556607
2.651344 -1.095318 2.888200 2.439990 -0.560097
2.658491 -1.096644 2.884927 2.443206 -0.563577
2.665637 -1.097937 2.881586 2.446323 -0.567010
2.672784 -1.099198 2.878145 2.449311 -0.570337
2.679930 -1.100432 2.874547 2.452112 -0.573499
2.687077 -1.101646 2.870723 2.454661 -0.576456
2.694223 -1.102848 2.866620 2.456903 -0.579189
2.701369 -1.104046 2.862210 2.458809 -0.581708
2.708516 -1.105247 2.857491 2.460375 -0.584038
2.715662 -1.106457 2.852480 2.461616 -0.586216
2.722809 -1.107680 2.847212 2.462564 -0.588278
2.729955 -1.108921 2.841730 2.463258 -0.590263
2.737102 -1.110181 2.836082 2.463745 -0.592200
2.744248 -1.111460 2.830320 2.464075 -0.594109
2.751395 -1.112761 2.824486 2.464287 -0.596005
2.758541 -1.114081 2.818611 2.464412 -0.597895
2.765688 -1.115422 2.812712 2.464466 -0.599786
2.772834 -1.116780 2.806797 2.464458 -0.601692
2.779981 -1.118155 2.800870 2.464391 -0.603629
2.787127 -1.119543 2.794939 2.464272 -0.605614
2.794274 -1.120941 2.789011 2.464109 -0.607659
2.801420 -1.122344 2.783095 2.463911 -0.609769
2.808567 -1.123750 2.777201 2.463688 -0.611944
2.815713 -1.125156 2.771340 2.463450 -0.614177
2.822860 -1.126559 2.765521 2.463207 -0.616463
2.830006 -1.127957 2.759754 2.462970 -0.618794
2.837153 -1.129349 2.754046 2.462745 -0.621160
2.844299 -1.130733 2.748397 2.462533 -0.623554
2.851446 -1.132109 2.742800 2.462327 -0.625965
2.858592 -1.133476 2.737244 2.462117 -0.628386
2.865739 -1.134834 2.731716 2.461889 -0.630805
2.872885 -1.136182 2.726201 2.461627 -0.633215
2.880031 -1.137520 2.720687 2.461321 -0.635608
2.887178 -1.138848 2.715163 2.460958 -0.637979
2.894324 -1.140165 2.709620 2.460529 -0.640325
2.901471 -1.141472 2.704050 2.460026 -0.642646
2.908617 -1.142767 2.698451 2.459445 -0.644947
2.915764 -1.144052 2.692822 2.458787 -0.647235
2.922910 -1.145324 2.687169 2.458057 -0.649518
2.930057 -1.146583 2.681496 2.457260 -0.651802
2.937203 -1.147829 2.675810 2.456400 -0.654093
2.944350 -1.149059 2.670112 2.455481 -0.656390
2.951496 -1.150273 2.664403 2.454504 -0.658693
2.958643 -1.151469 2.658681 2.453465 -0.660999
2.965789 -1.152647 2.652943 2.452361 -0.663302
2.972936 -1.153805 2.647182 2.451186 -0.665599
2.980082 -1.154945 2.641396 2.449936 -0.667890
2.987229 -1.156064 2.635583 2.448611 -0.670172
2.994375 -1.157163 2.629747 2.447212 -0.672447
3.001522 -1.158241 2.623892 2.445745 -0.674716
3.008668 -1.159299 2.618024 2.444217 -0.676980
3.015815 -1.160335 2.612152 2.442634 -0.679241
3.022961 -1.161349 2.606279 2.441004 -0.681501
3.030108 -1.162340 2.600412 2.439330 -0.683767
3.037254 -1.163309 2.594555 2.437620 -0.686044
3.044401 -1.164254 2.588715 2.435879 -0.688339
3.051547 -1.165173 2.582899 2.434115 -0.690660
3.058693 -1.166067 2.577115 2.432338 -0.693013
3.065840 -1.166934 2.571371 2.430556 -0.695401
3.072986 -1.167774 2.565674 2.428775 -0.697824
3.080133 -1.168584 2.560025 2.426999 -0.700277
3.087279 -1.169365 2.554424 2.425227 -0.702753
3.094426 -1.170115 2.548867 2.423456 -0.705242
3.101572 -1.170833 2.543346 2.421676 -0.707733
3.108719 -1.171521 2.537851 2.419876 -0.710211
3.115865 -1.172176 2.532367 2.418042 -0.712664
3.123012 -1.172800 2.526878 2.416156 -0.715077
3.130158 -1.173391 2.521367 2.414199 -0.717439
3.137305 -1.173951 2.515817 2.412151 -0.719740
3.144451 -1.174479 2.510209 2.409993 -0.721972
3.151598 -1.174976 2.504529 2.407709 -0.724135
3.158744 -1.175443 2.498768 2.405289 -0.726229
3.165891 -1.175879 2.492923 2.402727 -0.728263
3.173037 -1.176286 2.486996 2.400028 -0.730250
3.180184 -1.176663 2.480999 2.397203 -0.732203
3.187330 -1.177011 2.474949 2.394271 -0.734141
3.194477 -1.177328 2.468868 2.391257 -0.736080
3.201623 -1.177616 2.462780 2.388186 -0.738033
3.208770 -1.177872 2.456709 2.385085 -0.740014
3.215916 -1.178097 2.450677 2.381979 -0.742030
3.223063 -1.178288 2.444703 2.378888 -0.744085
3.230209 -1.178446 2.438801 2.375831 -0.746181
3.237355 -1.178569 2.432983 2.372818 -0.748316
3.244502 -1.178656 2.427256 2.369860 -0.750488
3.251648 -1.178705 2.421621 2.366958 -0.752690
3.258795 -1.178716 2.416078 2.364112 -0.754916
3.265941 -1.178689 2.410621 2.361315 -0.757156
3.273088 -1.178621 2.405239 2.358556 -0.759399
3.280234 -1.178514 2.399917 2.355820 -0.761632
3.287381 -1.178367 2.394639 2.353087 -0.763841
3.294527 -1.178182 2.389384 2.350335 -0.766011
3.301674 -1.177958 2.384133 2.347541 -0.768131
3.308820 -1.177697 2.378866 2.344683 -0.770188
3.315967 -1.177402 2.373564 2.341742 -0.772175
3.323113 -1.177073 2.368214 2.338701 -0.774085
3.330260 -1.176712 2.362805 2.335547 -0.775917
3.337406 -1.176322 2.357331 2.332274 -0.777672
3.344553 -1.175903 2.351791 2.328881 -0.779355
3.351699 -1.175458 2.346187 2.325369 -0.780973
3.358846 -1.174988 2.340528 2.321748 -0.782533
3.365992 -1.174492 2.334821 2.318028 -0.784044
3.373139 -1.173973 2.329079 2.314222 -0.785513
3.380285 -1.173429 2.323315 2.310344 -0.786946
3.387432 -1.172861 2.317539 2.306407 -0.788346
3.394578 -1.172269 2.311760 2.302422 -0.789713
3.401725 -1.171653 2.305987 2.298396 -0.791047
3.408871 -1.171011 2.300222 2.294336 -0.792344
3.416017 -1.170345 2.294468 2.290243 -0.793602
3.423164 -1.169654 2.288726 2.286117 -0.794819
3.430310 -1.168937 2.282991 2.281957 -0.795990
3.437457 -1.168196 2.277260 2.277755 -0.797115
3.444603 -1.167430 2.271525 2.273503 -0.798187
3.451750 -1.166640 2.265773 2.269188 -0.799203
3.458896 -1.165826 2.259992 2.264796 -0.800155
3.466043 -1.164989 2.254169 2.260309 -0.801035
3.473189 -1.164130 2.248290 2.255714 -0.801835
3.480336 -1.163249 2.242347 2.251001 -0.802547
3.487482 -1.162347 2.236344 2.246174 -0.803173
3.494629 -1.161424 2.230302 2.241256 -0.803725
3.501775 -1.160482 2.224255 2.236290 -0.804226
3.508922 -1.159521 2.218235 2.231311 -0.804696
3.516068 -1.158540 2.212244 2.226322 -0.805138
3.523215 -1.157540 2.206253 2.221289 -0.805536
3.530361 -1.156522 2.200220 2.216163 -0.805861
3.537508 -1.155487 2.194104 2.210899 -0.806090
3.544654 -1.154437 2.187873 2.205456 -0.806201
3.551801 -1.153373 2.181491 2.199793 -0.806173
3.558947 -1.152297 2.174930 2.193879 -0.805989
3.566094 -1.151212 2.168185 2.187706 -0.805646
3.573240 -1.150118 2.161304 2.181329 -0.805177
3.580387 -1.149016 2.154398 2.174881 -0.804664
3.587533 -1.147905 2.147610 2.168527 -0.804208
3.594679 -1.146781 2.141015 2.162357 -0.803866
3.601826 -1.145644 2.134580 2.156332 -0.803611
3.608972 -1.144491 2.128217 2.150351 -0.803378
3.616119 -1.143325 2.121853 2.144326 -0.803108
3.623265 -1.142145 2.115447 2.138212 -0.802768
3.630412 -1.140954 2.108980 2.131985 -0.802344
3.637558 -1.139752 2.102438 2.125627 -0.801824
3.644705 -1.138542 2.095811 2.119130 -0.801204
3.651851 -1.137325 2.089115 2.112509 -0.800492
3.658998 -1.136100 2.082383 2.105807 -0.799715
3.666144 -1.134870 2.075661 2.099075 -0.798907
3.673291 -1.133632 2.068977 2.092350 -0.798093
3.680437 -1.132388 2.062332 2.085630 -0.797276
3.687584 -1.131136 2.055701 2.078887 -0.796439
3.694730 -1.129876 2.049043 2.072074 -0.795554
3.701877 -1.128609 2.042322 2.065146 -0.794595
3.709023 -1.127336 2.035505 2.058067 -0.793541
3.716170 -1.126059 2.028564 2.050803 -0.792373
3.723316 -1.124777 2.021485 2.043337 -0.791082
3.730463 -1.123491 2.014289 2.035694 -0.789690
3.737609 -1.122202 2.007037 2.027947 -0.788246
3.744756 -1.120907 1.999780 2.020156 -0.786792
3.751902 -1.119606 1.992526 2.012332 -0.785335
3.759049 -1.118297 1.985296 2.004499 -0.783885
3.766195 -1.116978 1.978115 1.996688 -0.782460
3.773341 -1.115649 1.970936 1.988843 -0.781025
3.780488 -1.114310 1.963670 1.980858 -0.779504
3.787634 -1.112963 1.956310 1.972728 -0.777882
3.794781 -1.111607 1.948977 1.964592 -0.776235
3.801927 -1.110243 1.941812 1.956622 -0.774667
3.809074 -1.108868 1.934870 1.948882 -0.773222
3.816220 -1.107481 1.928089 1.941300 -0.771860
3.823367 -1.106081 1.921350 1.933734 -0.770496
3.830513 -1.104670 1.914558 1.926072 -0.769060
3.837660 -1.103249 1.907690 1.918286 -0.767531
3.844806 -1.101820 1.900773 1.910409 -0.765925
3.851953 -1.100383 1.893839 1.902480 -0.764268
3.859099 -1.098939 1.886899 1.894512 -0.762570
3.866246 -1.097488 1.879940 1.886487 -0.760826
3.873392 -1.096031 1.872940 1.878385 -0.759024
3.880539 -1.094569 1.865875 1.870172 -0.757149
3.887685 -1.093102 1.858709 1.861810 -0.755179
3.894832 -1.091630 1.851415 1.853263 -0.753096
3.901978 -1.090156 1.843991 1.844532 -0.750901
3.909125 -1.088678 1.836498 1.835690 -0.748642
3.916271 -1.087194 1.829064 1.826888 -0.746417
3.923418 -1.085700 1.821810 1.818271 -0.744321
3.930564 -1.084193 1.814730 1.809834 -0.742354
3.937711 -1.082669 1.807681 1.801404 -0.740405
3.944857 -1.081129 1.800511 1.792803 -0.738354
3.952003 -1.079574 1.793176 1.783978 -0.736162
3.959150 -1.078004 1.785729 1.774994 -0.733864
3.966296 -1.076420 1.778247 1.765940 -0.731518
3.973443 -1.074821 1.770775 1.756871 -0.729158
3.980589 -1.073205 1.763321 1.747799 -0.726787
3.987736 -1.071573 1.755888 1.738726 -0.724402
3.994882 -1.069925 1.748483 1.729661 -0.722003
4.002029 -1.068260 1.741107 1.720606 -0.719581
4.009175 -1.066581 1.733715 1.711508 -0.717095
4.016322 -1.064892 1.726203 1.702243 -0.714457
4.023468 -1.063197 1.718432 1.692647 -0.711558
4.030615 -1.061505 1.710284 1.682579 -0.708305
4.037761 -1.059824 1.701688 1.671955 -0.704647
4.044908 -1.058162 1.692619 1.660747 -0.700571
4.052054 -1.056525 1.683098 1.648981 -0.696108
4.059201 -1.054919 1.673222 1.636773 -0.691357
4.066347 -1.053341 1.663238 1.624417 -0.686546
4.073494 -1.051777 1.653614 1.612471 -0.682091
4.080640 -1.050205 1.644935 1.601628 -0.678498
4.087787 -1.048591 1.637518 1.592265 -0.676033
4.094933 -1.046913 1.631145 1.584122 -0.674483
4.102080 -1.045156 1.625325 1.576615 -0.673387
4.109226 -1.043322 1.619658 1.569271 -0.672369
4.116373 -1.041415 1.613906 1.561806 -0.671202
4.123519 -1.039445 1.607910 1.554033 -0.669746
4.130665 -1.037426 1.601522 1.545777 -0.667877
4.137812 -1.035373 1.594605 1.536876 -0.665488
4.144958 -1.033301 1.587091 1.527251 -0.662530
4.152105 -1.031226 1.579009 1.516939 -0.659043
4.159251 -1.029157 1.570445 1.506042 -0.655114
4.166398 -1.027103 1.561472 1.494648 -0.650823
4.173544 -1.025071 1.552129 1.482803 -0.646218
4.180691 -1.023064 1.542443 1.470542 -0.641344
4.187837 -1.021085 1.532470 1.457930 -0.636268
4.194984 -1.019132 1.522290 1.445065 -0.631082
4.202130 -1.017198 1.511992 1.432049 -0.625879
4.209277 -1.015278 1.501639 1.418962 -0.620728
4.216423 -1.013361 1.491264 1.405840 -0.615664
4.223570 -1.011439 1.480860 1.392677 -0.610688
4.230716 -1.009502 1.470404 1.379446 -0.605778
4.237863 -1.007543 1.459877 1.366125 -0.600909
4.245009 -1.005554 1.449275 1.352710 -0.596067
4.252156 -1.003530 1.438604 1.339209 -0.591239
4.259302 -1.001466 1.427875 1.325637 -0.586415
4.266449 -0.999361 1.417095 1.312000 -0.581575
4.273595 -0.997214 1.406252 1.298287 -0.576686
4.280742 -0.995028 1.395322 1.284471 -0.571700
4.287888 -0.992807 1.384279 1.270520 -0.566572
4.295035 -0.990558 1.373107 1.256419 -0.561272
4.302181 -0.988287 1.361812 1.242174 -0.555794
4.309328 -0.986001 1.350411 1.227805 -0.550149
4.316474 -0.983704 1.338924 1.213339 -0.544364
4.323620 -0.981399 1.327359 1.198783 -0.538462
4.330767 -0.979088 1.315698 1.184120 -0.532455
4.337913 -0.976771 1.303897 1.169297 -0.526338
4.345060 -0.974445 1.291891 1.154241 -0.520091
4.352206 -0.972109 1.279609 1.138871 -0.513687
4.359353 -0.969758 1.267003 1.123131 -0.507108
4.366499 -0.967390 1.254057 1.107006 -0.500357
4.373646 -0.964999 1.240804 1.090533 -0.493462
4.380792 -0.962582 1.227313 1.073797 -0.486477
4.387939 -0.960134 1.213675 1.056903 -0.479459
4.395085 -0.957652 1.199974 1.039950 -0.472458
4.402232 -0.955133 1.186267 1.023004 -0.465495
4.409378 -0.952575 1.172569 1.006082 -0.458566
4.416525 -0.949979 1.158855 0.989158 -0.451645
4.423671 -0.947345 1.145079 0.972178 -0.444698
4.430818 -0.944673 1.131189 0.955083 -0.437698
4.437964 -0.941963 1.117146 0.937832 -0.430635
4.445111 -0.939212 1.102938 0.920410 -0.423519
4.452257 -0.936417 1.088582 0.902837 -0.416383
4.459404 -0.933572 1.074109 0.885153 -0.409266
4.466550 -0.930673 1.059555 0.867397 -0.402200
4.473697 -0.927712 1.044934 0.849587 -0.395191
4.480843 -0.924688 1.030234 0.831711 -0.388207
4.487990 -0.921598 1.015425 0.813736 -0.381192
4.495136 -0.918447 1.000479 0.795630 -0.374084
4.502282 -0.915241 0.985390 0.777387 -0.366845
4.509429 -0.911990 0.970196 0.759054 -0.359481
4.516575 -0.908700 0.954986 0.740731 -0.352051
4.523722 -0.905380 0.939894 0.722570 -0.344670
4.530868 -0.902031 0.925091 0.704767 -0.337499
4.538015 -0.898650 0.910768 0.687536 -0.330724
4.545161 -0.895228 0.897096 0.671071 -0.324518
4.552308 -0.891754 0.884203 0.655510 -0.318998
4.559454 -0.888215 0.872151 0.640924 -0.314210
4.566601 -0.884600 0.860963 0.627335 -0.310157
4.573747 -0.880897 0.850702 0.614810 -0.306903
4.580894 -0.877077 0.841584 0.603587 -0.304723
4.588040 -0.873091 0.833951 0.594047 -0.304068
4.595187 -0.868866 0.828135 0.586555 -0.305385
4.602333 -0.864314 0.824314 0.581300 -0.308932
4.609480 -0.859370 0.821983 0.577712 -0.314108
4.616626 -0.854055 0.819731 0.574210 -0.319159
4.623773 -0.848431 0.816731 0.569874 -0.323069
4.630919 -0.842528 0.813499 0.565281 -0.326533
4.638066 -0.836338 0.810557 0.561010 -0.330245
4.645212 -0.829870 0.807623 0.556750 -0.333870
4.652359 -0.823175 0.803961 0.551684 -0.336494
4.659505 -0.816335 0.799035 0.545225 -0.337448
4.666652 -0.809436 0.792783 0.537308 -0.336641
4.673798 -0.802560 0.785395 0.528153 -0.334274
4.680944 -0.795779 0.777098 0.518013 -0.330565
4.688091 -0.789158 0.768228 0.507263 -0.325847
4.695237 -0.782709 0.759790 0.497008 -0.321291
4.702384 -0.776312 0.754108 0.489793 -0.319749
4.709530 -0.769723 0.753283 0.487905 -0.323849
4.716677 -0.762711 0.757060 0.491038 -0.333285
4.723823 -0.755132 0.763887 0.497478 -0.346167
4.730970 -0.747060 0.769936 0.503039 -0.357771
4.738116 -0.738773 0.771754 0.503974 -0.363788
4.745263 -0.730460 0.770753 0.501833 -0.366024
4.752409 -0.722141 0.769784 0.499725 -0.368057
4.759556 -0.713705 0.771094 0.500079 -0.372664
4.766702 -0.704995 0.775450 0.503710 -0.380795
4.773849 -0.695940 0.781378 0.509013 -0.390647
4.780995 -0.686625 0.786117 0.513009 -0.398824
4.788142 -0.677217 0.788226 0.514153 -0.403565
4.795288 -0.667818 0.788765 0.513599 -0.406205
4.802435 -0.658410 0.789790 0.513555 -0.409275
4.809581 -0.648935 0.792052 0.514824 -0.413676
4.816728 -0.639461 0.793521 0.515231 -0.416841
4.823874 -0.630272 0.790559 0.510903 -0.414198
4.831021 -0.621655 0.783300 0.502009 -0.405834
4.838167 -0.613370 0.780612 0.497990 -0.402762
4.845314 -0.604731 0.789933 0.506700 -0.414305
4.852460 -0.595142 0.809790 0.526516 -0.438596
4.859606 -0.584511 0.831730 0.548449 -0.465131
4.866753 -0.573350 0.845591 0.561773 -0.481283
4.873899 -0.562092 0.852486 0.567707 -0.488567
4.881046 -0.550909 0.856557 0.570642 -0.492252
4.888192 -0.539878 0.859424 0.572291 -0.494298
4.895339 -0.529029 0.862104 0.573725 -0.495867
4.902485 -0.518313 0.865979 0.576391 -0.498613
4.909632 -0.507608 0.872264 0.581545 -0.504031
4.916778 -0.496792 0.880918 0.589132 -0.512100
4.923925 -0.485822 0.890537 0.597679 -0.521119
4.931071 -0.474753 0.899432 0.605430 -0.529023
4.938218 -0.463713 0.906385 0.611128 -0.534306
4.945364 -0.452865 0.910852 0.614225 -0.536248
4.952511 -0.442275 0.914642 0.616599 -0.536986
4.959657 -0.431693 0.923093 0.623742 -0.543082
4.966804 -0.420776 0.937571 0.637027 -0.556342
4.973950 -0.409557 0.951718 0.649906 -0.568930
4.981097 -0.398393 0.960379 0.657113 -0.574344
4.988243 -0.387554 0.965184 0.660343 -0.574478
4.995390 -0.377042 0.970690 0.664260 -0.574917
5.002536 -0.366698 0.979393 0.671392 -0.578836
5.009683 -0.356612 0.986902 0.677270 -0.580951
5.016829 -0.347030 0.990936 0.679595 -0.578262
5.023976 -0.337455 1.004186 0.691196 -0.586278
5.031122 -0.327210 1.028841 0.714218 -0.608149
5.038268 -0.316410 1.051179 0.734799 -0.627253
5.045415 -0.305841 1.060213 0.741934 -0.629889
5.052561 -0.295468 1.070435 0.750211 -0.633499
5.059708 -0.284711 1.090590 0.768354 -0.649016
5.066854 -0.273454 1.112833 0.788481 -0.666864
5.074001 -0.262247 1.126002 0.799483 -0.673328
5.081147 -0.251730 1.128848 0.800179 -0.666753
5.088294 -0.242163 1.128056 0.797255 -0.655127
5.095440 -0.232836 1.139996 0.806899 -0.658445
5.102587 -0.222969 1.165074 0.829425 -0.677657
5.109733 -0.212340 1.193383 0.855008 -0.700918
5.116880 -0.201377 1.213898 0.872811 -0.714805
5.124026 -0.190279 1.230618 0.886802 -0.724150
5.131173 -0.179126 1.245508 0.898922 -0.731369
5.138319 -0.168018 1.258466 0.909085 -0.736203
5.145466 -0.157040 1.270057 0.917853 -0.739208
5.152612 -0.146269 1.280485 0.925433 -0.740554
5.159759 -0.135843 1.288940 0.931048 -0.739199
5.166905 -0.125962 1.294450 0.933775 -0.733903
5.174052 -0.116835 1.296935 0.933556 -0.724527
5.181198 -0.108511 1.299148 0.933057 -0.714398
5.188345 -0.100471 1.310427 0.941225 -0.714951
5.195491 -0.091901 1.334828 0.961871 -0.731616
5.202638 -0.082616 1.361071 0.984153 -0.751128
5.209784 -0.072959 1.380453 0.999780 -0.762829
5.216930 -0.063250 1.393824 1.009605 -0.767525
5.224077 -0.053704 1.403251 1.015627 -0.767575
5.231223 -0.044507 1.409492 1.018590 -0.763737
5.238370 -0.035875 1.412301 1.018284 -0.755583
5.245516 -0.027989 1.412472 1.015478 -0.743961
5.252663 -0.020667 1.416266 1.016057 -0.736351
5.259809 -0.013310 1.430155 1.026045 -0.740849
5.266956 -0.005607 1.448469 1.040083 -0.751072
5.274102 0.002268 1.462989 1.050499 -0.757160
5.281249 0.010092 1.473258 1.056895 -0.758384
5.288395 0.017830 1.482614 1.062389 -0.758653
5.295542 0.025578 1.493225 1.068988 -0.760623
5.302688 0.033385 1.504068 1.075743 -0.763178
5.309835 0.041195 1.513400 1.081049 -0.764233
5.316981 0.048920 1.520796 1.084532 -0.763210
5.324128 0.056477 1.526525 1.086449 -0.760354
5.331274 0.063800 1.530943 1.087136 -0.756033
5.338421 0.070845 1.534513 1.087025 -0.750778
5.345567 0.077598 1.537655 1.086501 -0.745127
5.352714 0.083992 1.539197 1.084509 -0.737829
5.359860 0.089715 1.534597 1.076970 -0.723697
5.367007 0.094302 1.521227 1.061569 -0.699592
5.374153 0.098018 1.512846 1.050694 -0.681174
5.381300 0.102489 1.533202 1.065527 -0.696242
5.388446 0.108341 1.563831 1.089403 -0.723692
5.395592 0.115497 1.592618 1.111486 -0.749221
5.402739 0.122890 1.601749 1.116004 -0.752303
5.409885 0.130032 1.602412 1.112990 -0.745446
5.417032 0.136982 1.603837 1.110636 -0.739613
5.424178 0.143766 1.605432 1.108418 -0.734140
5.431325 0.150397 1.607000 1.106161 -0.728774
5.438471 0.156884 1.608468 1.103802 -0.723424
5.445618 0.163228 1.609714 1.101236 -0.717943
5.452764 0.169424 1.610672 1.098408 -0.712239
5.459911 0.175465 1.611332 1.095309 -0.706286
5.467057 0.181345 1.611709 1.091956 -0.700086
5.474204 0.187054 1.611826 1.088372 -0.693653
5.481350 0.192586 1.611705 1.084576 -0.687004
5.488497 0.197932 1.611368 1.080590 -0.680156
5.495643 0.203087 1.610843 1.076440 -0.673141
5.502790 0.208044 1.610159 1.072150 -0.665991
5.509936 0.212802 1.609338 1.067743 -0.658739
5.517083 0.217359 1.608394 1.063229 -0.651407
5.524229 0.221715 1.607327 1.058610 -0.644002
5.531376 0.225869 1.606129 1.053882 -0.636523
5.538522 0.229822 1.604785 1.049031 -0.628958
5.545669 0.233573 1.603271 1.044040 -0.621283
5.552815 0.237119 1.601562 1.038889 -0.613466
5.559962 0.240455 1.599638 1.033562 -0.605480
5.567108 0.243577 1.597490 1.028055 -0.597308
5.574254 0.246479 1.595130 1.022379 -0.588948
5.581401 0.249155 1.592580 1.016554 -0.580420
5.588547 0.251601 1.589873 1.010607 -0.571750
5.595694 0.253814 1.587043 1.004570 -0.562977
5.602840 0.255792 1.584124 0.998469 -0.554137
5.609987 0.257538 1.581145 0.992331 -0.545268
5.617133 0.259052 1.578129 0.986172 -0.536402
5.624280 0.260341 1.575093 0.980009 -0.527572
5.631426 0.261411 1.572049 0.973851 -0.518803
5.638573 0.262269 1.568988 0.967690 -0.510101
5.645719 0.262922 1.565874 0.961499 -0.501440
5.652866 0.263376 1.562651 0.955233 -0.492764
5.660012 0.263632 1.559265 0.948850 -0.484007
5.667159 0.263686 1.555686 0.942327 -0.475125
5.674305 0.263537 1.551924 0.935675 -0.466112
5.681452 0.263182 1.548019 0.928926 -0.457002
5.688598 0.262622 1.544025 0.922123 -0.447851
5.695745 0.261860 1.539989 0.915305 -0.438715
5.702891 0.260902 1.535926 0.908483 -0.429618
5.710038 0.259754 1.531813 0.901641 -0.420544
5.717184 0.258419 1.527603 0.894741 -0.411436
5.724331 0.256896 1.523247 0.887746 -0.402231
5.731477 0.255180 1.518721 0.880641 -0.392885
5.738624 0.253266 1.514037 0.873435 -0.383390
5.745770 0.251148 1.509230 0.866157 -0.373775
5.752916 0.248821 1.504353 0.858847 -0.364092
5.760063 0.246285 1.499460 0.851548 -0.354408
5.767209 0.243543 1.494599 0.844295 -0.344794
5.774356 0.240602 1.489804 0.837115 -0.335312
5.781502 0.237476 1.485088 0.830016 -0.326005
5.788649 0.234176 1.480434 0.822986 -0.316879
5.795795 0.230715 1.475797 0.815989 -0.307897
5.802942 0.227104 1.471111 0.808978 -0.298984
5.810088 0.223345 1.466315 0.801908 -0.290057
5.817235 0.219439 1.461380 0.794758 -0.281059
5.824381 0.215383 1.456318 0.787538 -0.271974
5.831528 0.211174 1.451166 0.780277 -0.262825
5.838674 0.206809 1.445972 0.773009 -0.253652
5.845821 0.202289 1.440766 0.765758 -0.244490
5.852967 0.197614 1.435560 0.758532 -0.235359
5.860114 0.192784 1.430347 0.751327 -0.226258
5.867260 0.187801 1.425113 0.744131 -0.217177
5.874407 0.182664 1.419843 0.736936 -0.208102
5.881553 0.177372 1.414539 0.729741 -0.199034
5.888700 0.171925 1.409216 0.722560 -0.189987
5.895846 0.166323 1.403909 0.715415 -0.181000
5.902993 0.160571 1.398665 0.708342 -0.172129
5.910139 0.154677 1.393532 0.701372 -0.163440
5.917286 0.148651 1.388543 0.694528 -0.154984
5.924432 0.142508 1.383697 0.687809 -0.146781
5.931578 0.136261 1.378957 0.681186 -0.138802
5.938725 0.129920 1.374256 0.674614 -0.130980
5.945871 0.123491 1.369528 0.668047 -0.123239
5.953018 0.116978 1.364732 0.661457 -0.115513
5.960164 0.110379 1.359858 0.654837 -0.107769
5.967311 0.103693 1.354926 0.648202 -0.099999
5.974457 0.096918 1.349970 0.641575 -0.092216
5.981604 0.090049 1.345028 0.634983 -0.084442
5.988750 0.083085 1.340139 0.628450 -0.076703
5.995897 0.076023 1.335333 0.621999 -0.069024
6.003043 0.068862 1.330635 0.615643 -0.061425
6.010190 0.061599 1.326061 0.609393 -0.053925
6.017336 0.054235 1.321621 0.603256 -0.046538
6.024483 0.046769 1.317317 0.597230 -0.039271
6.031629 0.039199 1.313145 0.591312 -0.032131
6.038776 0.031525 1.309099 0.585498 -0.025119
6.045922 0.023747 1.305171 0.579781 -0.018237
6.053069 0.015864 1.301356 0.574157 -0.011491
6.060215 0.007875 1.297655 0.568626 -0.004888
6.067362 -0.000220 1.294072 0.563190 0.001559
6.074508 -0.008421 1.290622 0.557856 0.007829
6.081655 -0.016726 1.287325 0.552638 0.013889
6.088801 -0.025130 1.284219 0.547557 0.019692
6.095948 -0.033625 1.281350 0.542643 0.025177
6.103094 -0.042200 1.278779 0.537930 0.030264
6.110240 -0.050836 1.276567 0.533455 0.034869
6.117387 -0.059512 1.274766 0.529247 0.038916
6.124533 -0.068201 1.273387 0.525312 0.042365
6.131680 -0.076876 1.272378 0.521612 0.045243
6.138826 -0.085513 1.271618 0.518070 0.047653
6.145973 -0.094094 1.270927 0.514574 0.049766
6.153119 -0.102611 1.270095 0.510994 0.051789
6.160266 -0.111066 1.268951 0.507227 0.053904
6.167412 -0.119466 1.267408 0.503225 0.056228
6.174559 -0.127824 1.265413 0.498956 0.058813
6.181705 -0.136149 1.262985 0.494438 0.061629
6.188852 -0.144452 1.260283 0.489767 0.064569
6.195998 -0.152735 1.257432 0.485022 0.067530
6.203145 -0.161002 1.254399 0.480183 0.070476
6.210291 -0.169251 1.251263 0.475299 0.073356
6.217438 -0.177483 1.248191 0.470469 0.076108
6.224584 -0.185697 1.245088 0.465636 0.078771
6.231731 -0.193891 1.241869 0.460751 0.081376
6.238877 -0.202066 1.238755 0.455944 0.083843
6.246024 -0.210218 1.235739 0.451210 0.086169
6.253170 -0.218343 1.232630 0.446437 0.088397
6.260317 -0.226436 1.229648 0.441753 0.090425
6.267463 -0.234488 1.226861 0.437195 0.092212
6.274610 -0.242493 1.224014 0.432618 0.093831
6.281756 -0.250439 1.221324 0.428144 0.095193
6.288902 -0.258317 1.218835 0.423796 0.096286
6.296049 -0.266116 1.216250 0.419408 0.097223
6.303195 -0.273827 1.213832 0.415126 0.097926
6.310342 -0.281442 1.211425 0.410862 0.098487
6.317488 -0.288957 1.208803 0.406492 0.099027
6.324635 -0.296370 1.206213 0.402153 0.099517
6.331781 -0.303687 1.203199 0.397597 0.100192
6.338928 -0.310917 1.199854 0.392876 0.101083
6.346074 -0.318076 1.196027 0.387913 0.102309
6.353221 -0.325183 1.191740 0.382723 0.103887
6.360367 -0.332257 1.187025 0.377325 0.105808
6.367514 -0.339316 1.181583 0.371567 0.108148
6.374660 -0.346374 1.176018 0.365771 0.110634
6.381807 -0.353441 1.170290 0.359919 0.113237
6.388953 -0.360524 1.164185 0.353899 0.115999
6.396100 -0.367628 1.158554 0.348159 0.118562
6.403246 -0.374752 1.152942 0.342457 0.121090
6.410393 -0.381897 1.146978 0.336604 0.123678
6.417539 -0.389062 1.141625 0.331095 0.125952
6.424686 -0.396245 1.135845 0.325397 0.128288
6.431832 -0.403439 1.130623 0.320012 0.130270
6.438979 -0.410643 1.125418 0.314663 0.132177
6.446125 -0.417864 1.120045 0.309257 0.134137
6.453272 -0.425102 1.114732 0.303909 0.135996
6.460418 -0.432335 1.109777 0.298767 0.137354
6.467564 -0.439532 1.105663 0.294067 0.137943
6.474711 -0.446691 1.101582 0.289405 0.138458
6.481857 -0.453860 1.096650 0.284347 0.139823
6.489004 -0.461083 1.090334 0.278642 0.142174
6.496150 -0.468350 1.084498 0.273201 0.144154
6.503297 -0.475615 1.079975 0.268424 0.145017
6.510443 -0.482837 1.076047 0.263955 0.145070
6.517590 -0.489981 1.072806 0.259834 0.144356
6.524736 -0.497004 1.070519 0.256182 0.142740
6.531883 -0.503880 1.069062 0.252933 0.140494
6.539029 -0.510685 1.065703 0.248799 0.139839
6.546176 -0.517516 1.060244 0.243706 0.141153
6.553322 -0.524427 1.053934 0.238246 0.143475
6.560469 -0.531420 1.047444 0.232737 0.145837
6.567615 -0.538410 1.042112 0.227791 0.146583
6.574762 -0.545346 1.037619 0.223256 0.146337
6.581908 -0.552226 1.033853 0.219072 0.145766
6.589055 -0.559050 1.030035 0.214885 0.145164
6.596201 -0.565818 1.025986 0.210614 0.144550
6.603348 -0.572527 1.021580 0.206206 0.143926
6.610494 -0.579175 1.016978 0.201734 0.143268
6.617641 -0.585758 1.013072 0.197592 0.142318
6.624787 -0.592275 1.009408 0.193575 0.141205
6.631934 -0.598723 1.005613 0.189521 0.140045
6.639080 -0.605100 1.001299 0.185262 0.138962
6.646226 -0.611400 0.997295 0.181158 0.137672
6.653373 -0.617620 0.994017 0.177385 0.136023
6.660519 -0.623752 0.990393 0.173482 0.134333
6.667666 -0.629787 0.987205 0.169781 0.132304
6.674812 -0.635706 0.984584 0.166335 0.129788
6.681959 -0.641476 0.982081 0.162950 0.126737
6.689105 -0.647059 0.980954 0.160148 0.122670
6.696252 -0.652462 0.979730 0.157311 0.118764
6.703398 -0.657772 0.976506 0.153664 0.116631
6.710545 -0.663036 0.972428 0.149687 0.115416
6.717691 -0.668268 0.967745 0.145487 0.114554
6.724838 -0.673404 0.964947 0.142066 0.112244
6.731984 -0.678267 0.965946 0.140170 0.106366
6.739131 -0.682682 0.970741 0.139768 0.096893
6.746277 -0.686654 0.975141 0.139186 0.087652
6.753424 -0.690390 0.974518 0.136623 0.082787
6.760570 -0.693937 0.973621 0.133955 0.078581
6.767717 -0.697436 0.969615 0.130096 0.077292
6.774863 -0.701221 0.958047 0.123367 0.082818
6.782010 -0.705225 0.947460 0.117070 0.087063
6.789156 -0.709414 0.936875 0.110829 0.090809
6.796303 -0.713892 0.924399 0.103934 0.096465
6.803449 -0.718431 0.916812 0.098921 0.097434
6.810596 -0.722796 0.914039 0.095725 0.093688
6.817742 -0.726938 0.912288 0.092918 0.088936
6.824888 -0.730813 0.911735 0.090555 0.083203
6.832035 -0.734329 0.913068 0.088877 0.075598
6.839181 -0.737441 0.914670 0.087288 0.067258
6.846328 -0.740328 0.912267 0.084264 0.062595
6.853474 -0.743230 0.904677 0.079417 0.062696
6.860621 -0.746274 0.894774 0.073796 0.065134
6.867767 -0.749538 0.882871 0.067529 0.069154
6.874914 -0.752889 0.874725 0.062623 0.070111
6.882060 -0.756130 0.870489 0.059101 0.067158
6.889207 -0.759200 0.866804 0.055789 0.063176
6.896353 -0.762096 0.865084 0.053160 0.058535
6.903500 -0.764807 0.863154 0.050468 0.053820
6.910646 -0.767315 0.861720 0.047952 0.048660
6.917793 -0.769591 0.861903 0.045977 0.042612
6.924939 -0.771587 0.861891 0.043936 0.035903
6.932086 -0.773226 0.863554 0.042440 0.027568
6.939232 -0.774370 0.870018 0.042485 0.015935
6.946379 -0.774809 0.880994 0.043941 0.000046
6.953525 -0.774326 0.895550 0.046477 -0.019871
6.960672 -0.772926 0.910448 0.049046 -0.039736
6.967818 -0.770997 0.918034 0.049252 -0.052064
6.974965 -0.769250 0.909536 0.044434 -0.049852
6.982111 -0.768231 0.888238 0.035725 -0.036499
6.989258 -0.767978 0.866006 0.026840 -0.022479
6.996404 -0.768343 0.847722 0.019262 -0.011724
7.003551 -0.769039 0.836771 0.013975 -0.007160
7.010697 -0.769743 0.834540 0.011539 -0.011117
7.017843 -0.770366 0.834395 0.010018 -0.017407
7.024990 -0.770917 0.833561 0.008490 -0.022459
7.032136 -0.771408 0.832562 0.007045 -0.026623
7.039283 -0.771828 0.832187 0.005874 -0.030732
7.046429 -0.772162 0.832007 0.004829 -0.034946
7.053576 -0.772387 0.831911 0.003866 -0.039382
7.060722 -0.772470 0.832356 0.003103 -0.044330
7.067869 -0.772358 0.833449 0.002558 -0.050055
7.075015 -0.771971 0.836696 0.002630 -0.057428
7.082162 -0.771191 0.842351 0.003364 -0.067045
7.089308 -0.769870 0.850265 0.004698 -0.079280
7.096455 -0.767859 0.861845 0.006979 -0.094507
7.103601 -0.765152 0.873588 0.009253 -0.109808
7.110748 -0.762051 0.878180 0.009615 -0.118907
7.117894 -0.758927 0.874568 0.007857 -0.120625
7.125041 -0.756084 0.863566 0.004258 -0.116087
7.132187 -0.753852 0.835886 -0.003424 -0.103184
7.139334 -0.752355 0.824045 -0.006990 -0.091700
7.146480 -0.751337 0.808835 -0.011298 -0.083682
7.153627 -0.750267 0.805320 -0.012631 -0.086316
7.160773 -0.748750 0.810190 -0.011896 -0.096676
7.167920 -0.746727 0.816768 -0.010770 -0.108260
7.175066 -0.744367 0.819440 -0.010602 -0.116420
7.182213 -0.741782 0.819443 -0.011065 -0.122294
7.189359 -0.739018 0.818706 -0.011690 -0.127336
7.196505 -0.736238 0.814552 -0.013085 -0.129257
7.203652 -0.733622 0.806158 -0.015408 -0.127589
7.210798 -0.731160 0.798175 -0.017577 -0.126258
7.217945 -0.728782 0.791613 -0.019373 -0.126328
7.225091 -0.726514 0.784130 -0.021322 -0.125805
7.232238 -0.724466 0.774274 -0.023732 -0.123207
7.239384 -0.722635 0.764663 -0.026021 -0.120825
7.246531 -0.720794 0.760471 -0.027096 -0.123067
7.253677 -0.718742 0.760942 -0.027165 -0.129348
7.260824 -0.716413 0.762804 -0.026944 -0.136822
7.267970 -0.713809 0.764598 -0.026746 -0.144197
7.275117 -0.710941 0.765386 -0.026758 -0.151050
7.282263 -0.707814 0.765596 -0.026887 -0.157532
7.289410 -0.704435 0.765680 -0.027040 -0.163760
7.296556 -0.700814 0.764883 -0.027362 -0.169409
7.303703 -0.696969 0.762704 -0.027943 -0.174239
7.310849 -0.692921 0.759539 -0.028695 -0.178334
7.317996 -0.688693 0.755511 -0.029589 -0.181742
7.325142 -0.684302 0.750490 -0.030640 -0.184480
7.332289 -0.679761 0.744675 -0.031805 -0.186715
7.339435 -0.675073 0.738183 -0.033056 -0.188625
7.346582 -0.670233 0.731114 -0.034370 -0.190370
7.353728 -0.665228 0.724004 -0.035649 -0.192161
7.360875 -0.660062 0.716845 -0.036894 -0.193853
7.368021 -0.654759 0.708831 -0.038243 -0.194885
7.375167 -0.649360 0.699569 -0.039754 -0.194922
7.382314 -0.643903 0.689180 -0.041397 -0.194050
7.389460 -0.638416 0.677740 -0.043151 -0.192410
7.396607 -0.632938 0.665124 -0.045028 -0.189891
7.403753 -0.627519 0.651280 -0.047025 -0.186360
7.410900 -0.622169 0.637246 -0.048973 -0.182650
7.418046 -0.616811 0.624876 -0.050591 -0.180476
7.425193 -0.611343 0.614250 -0.051881 -0.180090
7.432339 -0.605752 0.603348 -0.053155 -0.179703
7.439486 -0.600126 0.590441 -0.054660 -0.177570
7.446632 -0.594582 0.575235 -0.056420 -0.173263
7.453779 -0.589202 0.558657 -0.058288 -0.167596
7.460925 -0.583988 0.542309 -0.060034 -0.162077
7.468072 -0.578878 0.527367 -0.061502 -0.157821
7.475218 -0.573806 0.513724 -0.062721 -0.154788
7.482365 -0.568735 0.500675 -0.063792 -0.152345
7.489511 -0.563658 0.487695 -0.064788 -0.149982
7.496658 -0.558582 0.474460 -0.065750 -0.147430
7.503804 -0.553521 0.460803 -0.066696 -0.144575
7.510951 -0.548492 0.446839 -0.067611 -0.141444
7.518097 -0.543508 0.432852 -0.068458 -0.138199
7.525244 -0.538562 0.419161 -0.069202 -0.135148
7.532390 -0.533627 0.406202 -0.069797 -0.132728
7.539537 -0.528656 0.394405 -0.070204 -0.131278
7.546683 -0.523604 0.383777 -0.070431 -0.130778
7.553829 -0.518440 0.373907 -0.070532 -0.130913
7.560976 -0.513147 0.364474 -0.070546 -0.131377
7.568122 -0.507721 0.355286 -0.070497 -0.131970
7.575269 -0.502163 0.346059 -0.070413 -0.132528
7.582415 -0.496474 0.336677 -0.070307 -0.133012
7.589562 -0.490697 0.310970 -0.071617 -0.129690
7.596708 -0.484820 0.297639 -0.071684 -0.129050
7.603855 -0.478904 0.281233 -0.071945 -0.126924
7.611001 -0.473032 0.263935 -0.072192 -0.123499
7.618148 -0.467263 0.247104 -0.072312 -0.119437
7.625294 -0.461616 0.229222 -0.072428 -0.115010
7.632441 -0.456082 0.213326 -0.072303 -0.111123
7.639587 -0.450678 0.194643 -0.072302 -0.106472
7.646734 -0.445288 0.227274 -0.068647 -0.113461
7.653880 -0.440023 0.213498 -0.068407 -0.109664
7.661027 -0.434872 0.199588 -0.068117 -0.105939
7.668173 -0.429856 0.184633 -0.067832 -0.101551
7.675320 -0.425036 0.167865 -0.067594 -0.095798
7.682466 -0.420487 0.149097 -0.067397 -0.088473
7.689613 -0.416259 0.128938 -0.067193 -0.080071
7.696759 -0.412356 0.108582 -0.066904 -0.071591
7.703906 -0.408729 0.089238 -0.066468 -0.064060
7.711052 -0.405297 0.071717 -0.065854 -0.058155
7.718199 -0.401966 0.056210 -0.065068 -0.054059
7.725345 -0.398653 0.042540 -0.064135 -0.051628
7.732491 -0.395283 0.030498 -0.063080 -0.050634
7.739638 -0.391796 0.019875 -0.061923 -0.050882
7.746784 -0.388257 -0.041395 -0.062492 -0.040419
7.753931 -0.384478 -0.048601 -0.060890 -0.043454
7.761077 -0.380433 -0.061047 -0.059433 -0.045800
7.768224 -0.376095 -0.067187 -0.057750 -0.049845
7.775370 -0.371361 -0.019698 -0.054723 -0.065627
7.782517 -0.366423 -0.028331 -0.053350 -0.067581
7.789663 -0.361336 -0.037927 -0.051975 -0.068585
7.796810 -0.356142 -0.048057 -0.050580 -0.068933
7.803956 -0.350852 -0.058168 -0.049152 -0.069183
7.811103 -0.345431 -0.067483 -0.047681 -0.070104
7.818249 -0.339833 -0.076210 -0.046176 -0.071702
7.825396 -0.334042 -0.085446 -0.044651 -0.073187
7.832542 -0.328085 -0.095997 -0.043109 -0.073803
7.839689 -0.322020 -0.108498 -0.041542 -0.072959
7.846835 -0.315917 -0.122877 -0.039934 -0.070586
7.853982 -0.309807 -0.138184 -0.038272 -0.067496
7.861128 -0.303646 -0.152962 -0.036552 -0.065063
7.868275 -0.297350 -0.166824 -0.034781 -0.063787
7.875421 -0.290867 -0.180779 -0.032959 -0.062963
7.882568 -0.284188 -0.195805 -0.031076 -0.061709
7.889714 -0.277349 -0.212826 -0.029110 -0.059187
7.896861 -0.270437 -0.232588 -0.027036 -0.054599
7.904007 -0.263588 -0.255820 -0.024818 -0.047162
7.911153 -0.256949 -0.282444 -0.022431 -0.036820
7.918300 -0.250623 -0.311258 -0.019877 -0.024531
7.925446 -0.244679 -0.341359 -0.017162 -0.011052
7.932593 -0.239188 -0.372626 -0.014279 0.003605
7.939739 -0.234199 -0.404521 -0.011238 0.018987
7.946886 -0.229674 -0.435235 -0.008093 0.033413
7.954032 -0.225488 -0.463353 -0.004904 0.045457
7.961179 -0.221512 -0.489081 -0.001686 0.055186
7.968325 -0.217667 -0.513591 0.001591 0.063611
7.975472 -0.213924 -0.537788 0.004953 0.071601
7.982618 -0.210278 -0.561958 0.008412 0.079526
7.989765 -0.206729 -0.586004 0.011961 0.087396
7.996911 -0.203274 -0.609757 0.015591 0.095094
8.004058 -0.199903 -0.632967 0.019286 0.102442
8.011204 -0.196598 -0.655396 0.023026 0.109282
8.018351 -0.193340 -0.676917 0.026800 0.115516
8.025497 -0.190104 -0.697403 0.030590 0.121057
8.032644 -0.186862 -0.716698 0.034380 0.125805
8.039790 -0.183582 -0.734686 0.038151 0.129671
8.046937 -0.180226 -0.751220 0.041883 0.132540
8.054083 -0.176752 -0.766200 0.045558 0.134334
8.061230 -0.173124 -0.779788 0.049175 0.135178
8.068376 -0.169332 -0.792629 0.052771 0.135637
8.075523 -0.165428 -0.805993 0.056439 0.136833
8.082669 -0.161524 -0.821180 0.060288 0.139946
8.089815 -0.157759 -0.838624 0.064366 0.145406
8.096962 -0.154245 -0.857660 0.068634 0.152627
8.104108 -0.151008 -0.876548 0.072952 0.160008
8.111255 -0.147969 -0.893228 0.077133 0.165601
8.118401 -0.145002 -0.906885 0.081084 0.168593
8.125548 -0.142021 -0.918383 0.084863 0.169772
8.132694 -0.139028 -0.929495 0.088628 0.170786
8.139841 -0.136105 -0.941827 0.092536 0.173108
8.146987 -0.133354 -0.955913 0.096651 0.177180
8.154134 -0.130859 -0.971516 0.100961 0.182719
8.161280 -0.128696 -0.988564 0.105469 0.189589
8.168427 -0.126943 -1.007158 0.110198 0.197859
8.175573 -0.125639 -1.026429 0.115060 0.206780
8.182720 -0.124726 -1.044120 0.119802 0.214376
8.189866 -0.124077 -1.058795 0.124242 0.219354
8.197013 -0.123593 -1.071151 0.128441 0.222297
8.204159 -0.123230 -1.082492 0.132542 0.224354
8.211306 -0.122980 -1.093495 0.136620 0.226144
8.218452 -0.122836 -1.104190 0.140678 0.227724
8.225599 -0.122786 -1.114352 0.144683 0.228934
8.232745 -0.122815 -1.123859 0.148615 0.229681
8.239892 -0.122911 -1.132859 0.152490 0.230093
8.247038 -0.123083 -1.141807 0.156366 0.230546
8.254185 -0.123365 -1.151392 0.160339 0.231609
8.261331 -0.123817 -1.162226 0.164501 0.233789
8.268477 -0.124500 -1.174427 0.168879 0.237158
8.275624 -0.125461 -1.187700 0.173438 0.241432
8.282770 -0.126733 -1.201822 0.178153 0.246393
8.289917 -0.128346 -1.216717 0.183019 0.251952
8.297063 -0.130317 -1.232165 0.188007 0.257906
8.304210 -0.132647 -1.247844 0.193070 0.263959
8.311356 -0.135323 -1.263420 0.198156 0.269803
8.318503 -0.138309 -1.278514 0.203202 0.275081
8.325649 -0.141560 -1.292925 0.208172 0.279598
8.332796 -0.145033 -1.306755 0.213078 0.283435
8.339942 -0.148696 -1.320211 0.217949 0.286782
8.347089 -0.152524 -1.333427 0.222807 0.289780
8.354235 -0.156495 -1.346450 0.227657 0.292492
8.361382 -0.160594 -1.359287 0.232500 0.294950
8.368528 -0.164804 -1.371942 0.237334 0.297179
8.375675 -0.169113 -1.384425 0.242159 0.299203
8.382821 -0.173509 -1.396750 0.246978 0.301048
8.389968 -0.177982 -1.408935 0.251792 0.302738
8.397114 -0.182526 -1.421001 0.256603 0.304295
8.404261 -0.187133 -1.432965 0.261414 0.305738
8.411407 -0.191797 -1.444843 0.266228 0.307083
8.418554 -0.196512 -1.456646 0.271046 0.308343
8.425700 -0.201276 -1.468377 0.275867 0.309526
8.432847 -0.206083 -1.480035 0.280691 0.310636
8.439993 -0.210930 -1.491616 0.285516 0.311675
8.447139 -0.215813 -1.503112 0.290340 0.312645
8.454286 -0.220730 -1.514516 0.295160 0.313547
8.461432 -0.225678 -1.525821 0.299975 0.314380
8.468579 -0.230655 -1.537024 0.304783 0.315147
8.475725 -0.235657 -1.548122 0.309583 0.315850
8.482872 -0.240684 -1.559119 0.314374 0.316493
8.490018 -0.245732 -1.570017 0.319156 0.317081
8.497165 -0.250801 -1.580824 0.323930 0.317617
8.504311 -0.255889 -1.591544 0.328696 0.318108
8.511458 -0.260994 -1.602185 0.333456 0.318556
8.518604 -0.266116 -1.612751 0.338209 0.318966
8.525751 -0.271252 -1.623246 0.342957 0.319341
8.532897 -0.276402 -1.633676 0.347699 0.319684
8.540044 -0.281566 -1.644044 0.352436 0.319998
8.547190 -0.286741 -1.654354 0.357169 0.320285
8.554337 -0.291928 -1.664609 0.361898 0.320548
8.561483 -0.297125 -1.674813 0.366623 0.320787
8.568630 -0.302333 -1.684967 0.371344 0.321006
8.575776 -0.307549 -1.695074 0.376061 0.321205
8.582923 -0.312774 -1.705134 0.380775 0.321386
8.590069 -0.318007 -1.715152 0.385485 0.321550
8.597216 -0.323248 -1.725130 0.390193 0.321699
8.604362 -0.328495 -1.735070 0.394897 0.321834
8.611509 -0.333749 -1.744974 0.399600 0.321956
8.618655 -0.339010 -1.754845 0.404300 0.322067
8.625801 -0.344276 -1.764684 0.408998 0.322167
8.632948 -0.349547 -1.774490 0.413693 0.322256
8.640094 -0.354824 -1.784263 0.418386 0.322335
8.647241 -0.360105 -1.794004 0.423075 0.322403
8.654387 -0.365391 -1.803712 0.427761 0.322462
8.661534 -0.370680 -1.813388 0.432444 0.322510
8.668680 -0.375974 -1.823031 0.437122 0.322550
8.675827 -0.381271 -1.832642 0.441796 0.322579
8.682973 -0.386571 -1.842220 0.446465 0.322600
8.690120 -0.391875 -1.851766 0.451130 0.322612
8.697266 -0.397181 -1.861279 0.455790 0.322615
8.704413 -0.402489 -1.870758 0.460444 0.322609
8.711559 -0.407800 -1.880205 0.465091 0.322594
8.718706 -0.413113 -1.889617 0.469733 0.322571
8.725852 -0.418428 -1.898994 0.474367 0.322538
8.732999 -0.423744 -1.908336 0.478994 0.322497
8.740145 -0.429062 -1.917643 0.483613 0.322447
8.747292 -0.434381 -1.926915 0.488225 0.322388
8.754438 -0.439700 -1.936150 0.492827 0.322320
8.761585 -0.445021 -1.945349 0.497421 0.322243
8.768731 -0.450342 -1.954512 0.502005 0.322158
8.775878 -0.455664 -1.963637 0.506580 0.322063
8.783024 -0.460985 -1.972726 0.511145 0.321960
8.790171 -0.466307 -1.981777 0.515699 0.321848
8.797317 -0.471629 -1.990791 0.520243 0.321728
8.804463 -0.476950 -1.999768 0.524776 0.321598
8.811610 -0.482271 -2.008707 0.529297 0.321460
8.818756 -0.487591 -2.017609 0.533807 0.321314
8.825903 -0.492910 -2.026475 0.538305 0.321160
8.833049 -0.498229 -2.035303 0.542791 0.320998
8.840196 -0.503546 -2.044096 0.547265 0.320828
8.847342 -0.508862 -2.052852 0.551726 0.320651
8.854489 -0.514176 -2.061572 0.556176 0.320466
8.861635 -0.519607 -2.120710 0.578340 0.332115
8.868782 -0.525019 -2.127000 0.581803 0.330983
8.875928 -0.530451 -2.143330 0.588843 0.332637
8.883075 -0.535757 -2.097418 0.573537 0.319529
8.890221 -0.541083 -2.106413 0.578080 0.319727
8.897368 -0.546411 -2.115024 0.582482 0.319595
8.904514 -0.551733 -2.123443 0.586812 0.319308
8.911661 -0.557051 -2.131838 0.591132 0.319026
8.918807 -0.562365 -2.140216 0.595445 0.318756
8.925954 -0.567674 -2.148563 0.599743 0.318483
8.933100 -0.572980 -2.156875 0.604027 0.318205
8.940247 -0.578282 -2.165153 0.608296 0.317923
8.947393 -0.583579 -2.173399 0.612550 0.317636
8.954540 -0.588873 -2.181610 0.616789 0.317345
8.961686 -0.594163 -2.189788 0.621012 0.317049
8.968833 -0.599448 -2.197931 0.625218 0.316748
8.975979 -0.602820 -2.201131 0.631564 0.317145
8.983125 -0.605463 -2.198370 0.635971 0.305943
8.990272 -0.607209 -2.196092 0.640559 0.287104
8.997418 -0.608115 -2.194266 0.645320 0.269434
9.004565 -0.608275 -2.192524 0.650106 0.253542
9.011711 -0.607740 -2.190934 0.654947 0.238624
9.018858 -0.606550 -2.189534 0.659859 0.224453
9.026004 -0.604736 -2.188350 0.664854 0.210889
9.033151 -0.602323 -2.187400 0.669943 0.197862
9.040297 -0.599336 -2.186699 0.675132 0.185329
9.047444 -0.595798 -2.186254 0.680427 0.173265
9.054590 -0.591731 -2.186073 0.685834 0.161650
9.061737 -0.587155 -2.186163 0.691357 0.150468
9.068883 -0.582091 -2.186527 0.696999 0.139707
9.076030 -0.576559 -2.187171 0.702766 0.129356
9.083176 -0.570577 -2.188095 0.708660 0.119405
9.090323 -0.564167 -2.189302 0.714684 0.109848
9.097469 -0.557345 -2.190792 0.720840 0.100675
9.104616 -0.550129 -2.192564 0.727131 0.091879
9.111762 -0.542539 -2.194617 0.733558 0.083455
9.118909 -0.534591 -2.196948 0.740121 0.075394
9.126055 -0.526301 -2.199553 0.746821 0.067690
9.133202 -0.517688 -2.202428 0.753659 0.060337
9.140348 -0.508766 -2.205566 0.760634 0.053326
9.147495 -0.499552 -2.208962 0.767745 0.046651
9.154641 -0.490062 -2.212609 0.774990 0.040303
9.161787 -0.480309 -2.216498 0.782369 0.034275
9.168934 -0.470309 -2.220622 0.789879 0.028559
9.176080 -0.460076 -2.224973 0.797518 0.023146
9.183227 -0.449623 -2.229538 0.805283 0.018027
9.190373 -0.438963 -2.234304 0.813168 0.013192
9.197520 -0.428110 -2.239257 0.821169 0.008633
9.204666 -0.417074 -2.244406 0.829291 0.004341
9.211813 -0.405867 -2.249746 0.837534 0.000308
9.218959 -0.394502 -2.255200 0.845860 -0.003483
9.226106 -0.382987 -2.260777 0.854277 -0.007039
9.233252 -0.371334 -2.266616 0.862853 -0.010351
9.240399 -0.359551 -2.272486 0.871476 -0.013455
9.247545 -0.347648 -2.278311 0.880108 -0.016369
9.254692 -0.335633 -2.284626 0.889017 -0.019030
9.261838 -0.323515 -2.290684 0.897830 -0.021536
9.268985 -0.311301 -2.296704 0.906657 -0.023879
9.276131 -0.298998 -2.303484 0.915903 -0.025931
9.283278 -0.286613 -2.309201 0.924642 -0.027963
9.290424 -0.274152 -2.316011 0.933974 -0.029683
9.297571 -0.261622 -2.322136 0.942989 -0.031292
9.304717 -0.249028 -2.328518 0.952170 -0.032745
9.311864 -0.236375 -2.334725 0.961294 -0.033983
9.319010 -0.223668 -2.341316 0.970652 -0.035032
9.326157 -0.210912 -2.346826 0.979477 -0.036038
9.333303 -0.198110 -2.353565 0.988983 -0.036655
9.340449 -0.185267 -2.359009 0.997835 -0.037373
9.347596 -0.172384 -2.364816 1.006911 -0.037855
9.354742 -0.159461 -2.370180 1.015780 -0.038402
9.361889 -0.146499 -2.375174 1.024479 -0.039137
9.369035 -0.133493 -2.380476 1.033371 -0.040022
9.376182 -0.120439 -2.384433 1.041558 -0.041559
9.383328 -0.107335 -2.389502 1.050377 -0.043109
9.390475 -0.094183 -2.393807 1.058801 -0.044808
9.397621 -0.080991 -2.398589 1.067514 -0.045986
9.404768 -0.067768 -2.403223 1.076169 -0.046549
9.411914 -0.054520 -2.407434 1.084613 -0.046854
9.419061 -0.041251 -2.412875 1.093769 -0.046677
9.426207 -0.027965 -2.415979 1.101638 -0.047028
9.433354 -0.014660 -2.421778 1.111049 -0.046913
9.440500 -0.001336 -2.425355 1.119227 -0.047430
9.447647 0.012009 -2.430485 1.128312 -0.047784
9.454793 0.025373 -2.435077 1.137115 -0.048259
9.461940 0.038758 -2.439218 1.145683 -0.048951
9.469086 0.052160 -2.445844 1.155712 -0.048969
9.476233 0.065574 -2.448745 1.163608 -0.049714
9.483379 0.078999 -2.456938 1.174615 -0.049196
9.490526 0.092427 -2.459835 1.182553 -0.049661
9.497672 0.105856 -2.467193 1.193140 -0.048982
9.504819 0.119281 -2.471278 1.201825 -0.048906
9.511965 0.132699 -2.476898 1.211446 -0.048304
9.519111 0.146108 -2.481474 1.220471 -0.047848
9.526258 0.159507 -2.486681 1.229900 -0.047135
9.533404 0.172891 -2.490461 1.238495 -0.046574
9.540551 0.186260 -2.496108 1.248242 -0.045511
9.547697 0.199610 -2.499480 1.256632 -0.044867
9.554844 0.212938 -2.505316 1.266547 -0.043545
9.561990 0.226241 -2.509087 1.275224 -0.042827
9.569137 0.239515 -2.515024 1.285257 -0.041375
9.576283 0.252760 -2.519057 1.294140 -0.040595
9.583430 0.265972 -2.524630 1.304004 -0.039180
9.590576 0.279150 -2.529397 1.313391 -0.038105
9.597723 0.292291 -2.533722 1.322527 -0.036926
9.604869 0.305394 -2.539515 1.332609 -0.035365
9.612016 0.318454 -2.543467 1.341557 -0.034222
9.619162 0.331467 -2.549299 1.351719 -0.032424
9.626309 0.344430 -2.553873 1.361108 -0.030911
9.633455 0.357339 -2.558746 1.370711 -0.029177
9.640602 0.370188 -2.564400 1.380843 -0.027007
9.647748 0.382974 -2.567618 1.389429 -0.025393
9.654895 0.395692 -2.574395 1.400340 -0.022488
9.662041 0.408338 -2.576924 1.408518 -0.020737
9.669188 0.420903 -2.584252 1.419848 -0.017184
9.676334 0.433384 -2.586884 1.428129 -0.015059
9.683481 0.445771 -2.594940 1.440002 -0.010950
9.690627 0.458058 -2.598411 1.448879 -0.008294
9.697774 0.470235 -2.606437 1.460802 -0.004061
9.704920 0.482299 -2.611499 1.470786 -0.000971
9.712066 0.494240 -2.618775 1.482279 0.002863
9.719213 0.506052 -2.624654 1.492869 0.006043
9.726359 0.517730 -2.631209 1.503946 0.009701
9.733506 0.529269 -2.635965 1.513834 0.012908
9.740652 0.540661 -2.642451 1.524924 0.017225
9.747799 0.551902 -2.645457 1.533667 0.020887
9.754945 0.562982 -2.651849 1.544747 0.026354
9.762092 0.573893 -2.654436 1.553237 0.031188
9.769238 0.584621 -2.660637 1.564238 0.037821
9.776385 0.595153 -2.665211 1.574140 0.044178
9.783531 0.605474 -2.672836 1.586189 0.051702
9.790678 0.615569 -2.679847 1.597847 0.058828
9.797824 0.625431 -2.689260 1.611225 0.066477
9.804971 0.635057 -2.697197 1.623610 0.073212
9.812117 0.644449 -2.706613 1.637080 0.080163
9.819264 0.653613 -2.713847 1.649048 0.086058
9.826410 0.662551 -2.721924 1.661651 0.092238
9.833557 0.671268 -2.729072 1.673630 0.097992
9.840703 0.679763 -2.736353 1.685738 0.103892
9.847850 0.688043 -2.743557 1.697825 0.109762
9.854996 0.696121 -2.749401 1.708964 0.115202
9.862143 0.704019 -2.755719 1.720473 0.120483
9.869289 0.711767 -2.760030 1.730549 0.124840
9.876436 0.719394 -2.763763 1.740222 0.128694
9.883582 0.726928 -2.765973 1.748792 0.131874
9.890728 0.734380 -2.767248 1.756681 0.134919
9.897875 0.741745 -2.768681 1.764689 0.138178
9.905021 0.749016 -2.770488 1.772977 0.141573
9.912168 0.756191 -2.772606 1.781502 0.144902
9.919314 0.763272 -2.774875 1.790147 0.148115
9.926461 0.770261 -2.776547 1.798351 0.150985
9.933607 0.777150 -2.779067 1.807196 0.154243
9.940754 0.783933 -2.780393 1.815149 0.157227
9.947900 0.790594 -2.783017 1.824087 0.161067
9.955047 0.797114 -2.784650 1.832280 0.165012
9.962193 0.803457 -2.787629 1.841503 0.170325
9.969340 0.809560 -2.790965 1.851009 0.176953
9.976486 0.815307 -2.796568 1.862269 0.186357
9.983633 0.820529 -2.805481 1.876104 0.199513
9.990779 0.825091 -2.816550 1.891647 0.215373
9.997926 0.829050 -2.827378 1.907055 0.230284
10.005072 0.832692 -2.832787 1.918293 0.239145
10.012219 0.836362 -2.832876 1.925398 0.241220
10.019365 0.840261 -2.829323 1.929642 0.239154
10.026512 0.844340 -2.827413 1.935152 0.238310
10.033658 0.848415 -2.828772 1.943226 0.241231
10.040805 0.852384 -2.831934 1.952726 0.246369
10.047951 0.856163 -2.836309 1.963201 0.253284
10.055098 0.859606 -2.842954 1.975500 0.263272
10.062244 0.862650 -2.850551 1.988587 0.274567
10.069390 0.865441 -2.855344 1.999457 0.282787
10.076537 0.868165 -2.857178 2.007963 0.287199
10.083683 0.870719 -2.860777 2.017896 0.293405
10.090830 0.872975 -2.866737 2.029752 0.302124
10.097976 0.875133 -2.868764 2.038435 0.306675
10.105123 0.877305 -2.869083 2.045729 0.309122
10.112269 0.879234 -2.874289 2.057011 0.316862
10.119416 0.880830 -2.881269 2.069768 0.326229
10.126562 0.882387 -2.883055 2.078277 0.329487
10.133709 0.884090 -2.881338 2.083897 0.328862
10.140855 0.885799 -2.881221 2.090823 0.330932
10.148002 0.887412 -2.882007 2.098490 0.335126
10.155148 0.889006 -2.880916 2.104587 0.337889
10.162295 0.890723 -2.877818 2.108993 0.338022
10.169441 0.892503 -2.876645 2.114986 0.339393
10.176588 0.894194 -2.878898 2.123845 0.343600
10.183734 0.895752 -2.882149 2.133546 0.348311
10.190881 0.897276 -2.883269 2.141452 0.350657
10.198027 0.898923 -2.881105 2.146567 0.349666
10.205174 0.900709 -2.877726 2.150628 0.348132
10.212320 0.902537 -2.875437 2.155591 0.348486
10.219467 0.904354 -2.873547 2.160873 0.349782
10.226613 0.906197 -2.870630 2.165253 0.350177
10.233760 0.908144 -2.866247 2.168346 0.348991
10.240906 0.910201 -2.861451 2.171049 0.347684
10.248052 0.912328 -2.857121 2.174120 0.347248
10.255199 0.914496 -2.852943 2.177290 0.347434
10.262345 0.916685 -2.849008 2.180639 0.348077
10.269492 0.918916 -2.844945 2.183845 0.348275
10.276638 0.921232 -2.840063 2.186302 0.347462
10.283785 0.923608 -2.835694 2.189173 0.347102
10.290931 0.926051 -2.830729 2.191485 0.346427
10.298078 0.928650 -2.823420 2.191689 0.343981
10.305224 0.931450 -2.814257 2.190202 0.340657
10.312371 0.934474 -2.803709 2.187427 0.337010
10.319517 0.937757 -2.791806 2.183380 0.332856
10.326664 0.941218 -2.832089 2.225881 0.346420
10.333810 0.944594 -2.775528 2.181814 0.334279
10.340957 0.947735 -2.772474 2.185519 0.340969
10.348103 0.950843 -2.766629 2.186682 0.344073
10.355250 0.954070 -2.759212 2.186384 0.344270
10.362396 0.957471 -2.752161 2.186367 0.343576
10.369543 0.961203 -2.743401 2.184751 0.339720
10.376689 0.965360 -2.734234 2.182707 0.334139
10.383836 0.969655 -2.730758 2.185800 0.334469
10.390982 0.973779 -2.785295 2.241964 0.357268
10.398129 0.977700 -2.790315 2.252932 0.364889
10.405275 0.981443 -2.794709 2.263335 0.371777
10.412422 0.984994 -2.796809 2.271628 0.378095
10.419568 0.988311 -2.803992 2.284617 0.386739
10.426714 0.991322 -2.809963 2.296501 0.396028
10.433861 0.993906 -2.819288 2.311516 0.408222
10.441007 0.995949 -2.827536 2.325556 0.421701
10.448154 0.997599 -2.834766 2.338668 0.432684
10.455300 0.999268 -2.832687 2.343077 0.434653
10.462447 1.001208 -2.830094 2.346977 0.432848
10.469593 1.003599 -2.822348 2.345996 0.426784
10.476740 1.006661 -2.808526 2.339226 0.415797
10.483886 1.010193 -2.800876 2.338215 0.409983
10.491033 1.013744 -2.735112 2.282021 0.392589
10.498179 1.017127 -2.736321 2.289193 0.399277
10.505326 1.020360 -2.736638 2.295504 0.405579
10.512472 1.023485 -2.736300 2.301172 0.411005
10.519619 1.026510 -2.735903 2.306766 0.416290
10.526765 1.029429 -2.735662 2.312489 0.421712
10.533912 1.032239 -2.735512 2.318282 0.427175
10.541058 1.034947 -2.735346 2.324040 0.432542
10.548205 1.037562 -2.735137 2.329738 0.437740
10.555351 1.040094 -2.734876 2.335366 0.442728
10.562498 1.042555 -2.734535 2.340898 0.447481
10.569644 1.044955 -2.734083 2.346300 0.451992
10.576791 1.047304 -2.733472 2.351526 0.456275
10.583937 1.049611 -2.732653 2.356527 0.460362
10.591084 1.051881 -2.731594 2.361270 0.464304
10.598230 1.054116 -2.730294 2.365752 0.468171
10.605376 1.056314 -2.728782 2.369998 0.472045
10.612523 1.058470 -2.794982 2.441080 0.497906
10.619669 1.060614 -2.792692 2.444653 0.501166
10.626816 1.062740 -2.787621 2.445438 0.503431
10.633962 1.064811 -2.791023 2.454602 0.509120
10.641109 1.066802 -2.794512 2.463847 0.515296
10.648255 1.068694 -2.794606 2.469696 0.520620
10.655402 1.070461 -2.789058 2.469878 0.524509
10.662548 1.072060 -2.793326 2.479858 0.532206
10.669695 1.073418 -2.796601 2.488836 0.540712
10.676841 1.074419 -2.805487 2.503456 0.552779
10.683988 1.074933 -2.803014 2.506629 0.562985
10.691134 1.074981 -2.815278 2.524672 0.577562
10.698281 1.074893 -2.812527 2.527528 0.582303
10.705427 1.075018 -2.809034 2.529595 0.581704
10.712574 1.075615 -2.792943 2.518803 0.573284
10.719720 1.076865 -2.779494 2.510614 0.563321
10.726867 1.078531 -2.772596 2.509039 0.559327
10.734013 1.080224 -2.770267 2.512091 0.562615
10.741160 1.081829 -2.769935 2.517158 0.568071
10.748306 1.083383 -2.771225 2.523867 0.573381
10.755453 1.084919 -2.774520 2.532623 0.578812
10.762599 1.086442 -2.767413 2.530631 0.580630
10.769746 1.087938 -2.767849 2.536386 0.585131
10.776892 1.089400 -2.763160 2.536807 0.587945
10.784038 1.090826 -2.765077 2.544043 0.592933
10.791185 1.092221 -2.762772 2.546869 0.596350
10.798331 1.093591 -2.758193 2.547291 0.598845
10.805478 1.094941 -2.756467 2.550647 0.602151
10.812624 1.096279 -2.755435 2.554697 0.605533
10.819771 1.097613 -2.752871 2.557112 0.608225
10.826917 1.098950 -2.750800 2.560008 0.611019
10.834064 1.100297 -2.747246 2.561308 0.613177
10.841210 1.101656 -2.741406 2.560159 0.614602
10.848357 1.103029 -2.738521 2.562081 0.616967
10.855503 1.104415 -2.732073 2.560196 0.618205
10.862650 1.105815 -2.728185 2.560971 0.620295
10.869796 1.107226 -2.726066 2.563583 0.623048
10.876943 1.108653 -2.719178 2.561088 0.624101
10.884089 1.110092 -2.711654 2.557861 0.625052
10.891236 1.111536 -2.710592 2.561476 0.628332
10.898382 1.112988 -2.702119 2.557135 0.629088
10.905529 1.114444 -2.697406 2.556761 0.631220
10.912675 1.115902 -2.694557 2.558343 0.634059
10.919822 1.117362 -2.688857 2.556822 0.635975
10.926968 1.118823 -2.686222 2.558550 0.638946
10.934115 1.120285 -2.672580 2.548372 0.638195
10.941261 1.121739 -2.670291 2.550378 0.641490
10.948408 1.123182 -2.666102 2.550292 0.644227
10.955554 1.124613 -2.658495 2.546459 0.645835
10.962700 1.126029 -2.654869 2.546890 0.648782
10.969847 1.127427 -2.657704 2.554304 0.653983
10.976993 1.128812 -2.643569 2.543220 0.653289
10.984140 1.130177 -2.642235 2.546018 0.656983
10.991286 1.131518 -2.635275 2.542637 0.658840
10.998433 1.132837 -2.634254 2.545699 0.662574
11.005579 1.134133 -2.632244 2.547645 0.666016
11.012726 1.135409 -2.629626 2.548886 0.669158
11.019872 1.136669 -2.617606 2.539756 0.668985
11.027019 1.137910 -2.613492 2.539257 0.671506
11.034165 1.139131 -2.608611 2.537869 0.673804
11.041312 1.140333 -2.603800 2.536511 0.676114
11.048458 1.141518 -2.604774 2.541503 0.680404
11.055605 1.142692 -2.600105 2.540220 0.682654
11.062751 1.143860 -2.592544 2.535684 0.683779
11.069898 1.145015 -2.586176 2.532418 0.685491
11.077044 1.146160 -2.579051 2.528260 0.686869
11.084191 1.147291 -2.574379 2.526778 0.689167
11.091337 1.148408 -2.566229 2.521374 0.690281
11.098484 1.149509 -2.564561 2.523149 0.693666
11.105630 1.150594 -2.558312 2.519767 0.695541
11.112777 1.151661 -2.552662 2.517004 0.697608
11.119923 1.152711 -2.547090 2.514281 0.699670
11.127070 1.153739 -2.539447 2.509185 0.701167
11.134216 1.154740 -2.534211 2.506739 0.703543
11.141362 1.155711 -2.529329 2.504645 0.706150
11.148509 1.156651 -2.522098 2.499858 0.707922
11.155655 1.157556 -2.520615 2.501502 0.711749
11.162802 1.158424 -2.513763 2.497046 0.713709
11.169948 1.159253 -2.508363 2.494179 0.716173
11.177095 1.160042 -2.502989 2.491295 0.718623
11.184241 1.160786 -2.500174 2.491265 0.722039
11.191388 1.161485 -2.495674 2.489281 0.724784
11.198534 1.162142 -2.488135 2.483800 0.726372
11.205681 1.162753 -2.485937 2.484342 0.729849
11.212827 1.163321 -2.480486 2.481140 0.732111
11.219974 1.163845 -2.475672 2.478617 0.734510
11.227120 1.164327 -2.469099 2.474041 0.736261
11.234267 1.164768 -2.464824 2.472041 0.738760
11.241413 1.165168 -2.461481 2.471062 0.741508
11.248560 1.165532 -2.454918 2.466356 0.743028
11.255706 1.165860 -2.449319 2.462704 0.744896
11.262853 1.166152 -2.443699 2.458981 0.746675
11.269999 1.166412 -2.436910 2.453868 0.748016
11.277146 1.166637 -2.431570 2.450372 0.749849
11.284292 1.166832 -2.425965 2.446524 0.751545
11.291439 1.166996 -2.420511 2.442805 0.753266
11.298585 1.167131 -2.414350 2.438223 0.754722
11.305732 1.167238 -2.409481 2.435086 0.756624
11.312878 1.167317 -2.403164 2.430230 0.757985
11.320024 1.167369 -2.397490 2.426071 0.759579
11.327171 1.167392 -2.391419 2.421405 0.761024
11.334317 1.167388 -2.383453 2.414498 0.761804
11.341464 1.167353 -2.380287 2.413106 0.764276
11.348610 1.167288 -2.373573 2.407555 0.765532
11.355757 1.167192 -2.367460 2.402655 0.766952
11.362903 1.167066 -2.361162 2.397493 0.768293
11.370050 1.166907 -2.356259 2.393908 0.770142
11.377196 1.166716 -2.350823 2.389659 0.771765
11.384343 1.166492 -2.344950 2.384857 0.773245
11.391489 1.166234 -2.339805 2.380857 0.774949
11.398636 1.165944 -2.333080 2.374970 0.776050
11.405782 1.165619 -2.327866 2.370802 0.777695
11.412929 1.165260 -2.323869 2.368012 0.779724
11.420075 1.164867 -2.317445 2.362343 0.780923
11.427222 1.164441 -2.313181 2.359157 0.782769
11.434368 1.163980 -2.306432 2.353017 0.783777
11.441515 1.163487 -2.301499 2.348961 0.785332
11.448661 1.162960 -2.295541 2.343662 0.786493
11.455808 1.162400 -2.288856 2.337463 0.787375
11.462954 1.161808 -2.283004 2.332200 0.788495
11.470101 1.161182 -2.277552 2.327363 0.789734
11.477247 1.160525 -2.271053 2.321252 0.790526
11.484394 1.159838 -2.264831 2.315423 0.791374
11.491540 1.159120 -2.260381 2.311638 0.792799
11.498686 1.158373 -2.254376 2.305981 0.793629
11.505833 1.157600 -2.248935 2.300946 0.794564
11.512979 1.156801 -2.243926 2.296379 0.795605
11.520126 1.155976 -2.238203 2.290929 0.796351
11.527272 1.155128 -2.233635 2.286801 0.797404
11.534419 1.154258 -2.228052 2.281435 0.798072
11.541565 1.153366 -2.222208 2.275718 0.798576
11.548712 1.152453 -2.216402 2.270006 0.798997
11.555858 1.151521 -2.210035 2.263590 0.799172
11.563005 1.150569 -2.205629 2.259454 0.800018
11.570151 1.149599 -2.198707 2.252300 0.799906
11.577298 1.148611 -2.193003 2.246546 0.800139
11.584444 1.147604 -2.186366 2.239649 0.800054
11.591591 1.146577 -2.180019 2.233054 0.800062
11.598737 1.145530 -2.174390 2.227272 0.800326
11.605884 1.144462 -2.168197 2.220781 0.800370
11.613030 1.143373 -2.162282 2.214582 0.800482
11.620177 1.142264 -2.157383 2.209550 0.800904
11.627323 1.141135 -2.151047 2.202774 0.800772
11.634470 1.139989 -2.146444 2.198018 0.801164
11.641616 1.138827 -2.140456 2.191580 0.801005
11.648763 1.137643 -2.031528 2.062729 0.764735
11.655909 1.136413 -2.135525 2.186968 0.803391
11.663056 1.135140 -2.118047 2.166755 0.799853
11.670202 1.133868 -2.105622 2.152508 0.796828
11.677348 1.132592 -2.099769 2.146042 0.796149
11.684495 1.131311 -2.095629 2.141580 0.796171
11.691641 1.130025 -2.089225 2.134387 0.795348
11.698788 1.128734 -2.084052 2.128624 0.795008
11.705934 1.127435 -2.078459 2.122326 0.794545
11.713081 1.126127 -2.073355 2.116576 0.794236
11.720227 1.124809 -2.067765 2.110212 0.793709
11.727374 1.123486 -2.061606 2.103136 0.792907
11.734520 1.122156 -2.055969 2.096648 0.792253
11.741667 1.120821 -2.057872 2.099110 0.794184
11.748813 1.119487 -2.051087 2.091189 0.792920
11.755960 1.118154 -2.036659 2.074125 0.788864
11.763106 1.116819 -2.031378 2.067928 0.788055
11.770253 1.115479 -2.026562 2.062253 0.787470
11.777399 1.114134 -2.020539 2.055106 0.786410
11.784546 1.112783 -2.013986 2.047298 0.785107
11.791692 1.111424 -2.009573 2.042007 0.784581
11.798839 1.110060 -2.002764 2.033829 0.783120
11.805985 1.108690 -1.996898 2.026744 0.781932
11.813132 1.107315 -1.991095 2.019704 0.780704
11.820278 1.105936 -1.985157 2.012471 0.779353
11.827425 1.104556 -1.978600 2.004471 0.777695
11.834571 1.103172 -1.972201 1.996631 0.776057
11.841718 1.101785 -1.965322 1.988188 0.774248
11.848864 1.100389 -1.960786 1.982508 0.773411
11.856010 1.098982 -1.952821 1.972715 0.771346
11.863157 1.097559 -1.947027 1.965480 0.770172
11.870303 1.096122 -1.941047 1.957994 0.768880
11.877450 1.094676 -1.940149 1.956530 0.769200
11.884596 1.093229 -1.933553 1.948255 0.767320
11.891743 1.091786 -1.927334 1.940401 0.765381
11.898889 1.090355 -1.918557 1.929480 0.762355
11.906036 1.088938 -1.912155 1.921356 0.760059
11.913182 1.087541 -1.904128 1.911275 0.757031
11.920329 1.086166 -1.895403 1.900341 0.753639
11.927475 1.084816 -1.886865 1.889604 0.750173
11.934622 1.083495 -1.878677 1.879260 0.746713
11.941768 1.082198 -1.869429 1.867635 0.742911
11.948915 1.080917 -1.861592 1.857662 0.739792
11.956061 1.079627 -1.854226 1.848227 0.737334
11.963208 1.078304 -1.847116 1.839073 0.735555
11.970354 1.076932 -1.841621 1.831811 0.734693
11.977501 1.075501 -1.836341 1.824781 0.734087
11.984647 1.074016 -1.830804 1.817423 0.733316
11.991794 1.072483 -1.825431 1.810237 0.732460
11.998940 1.070914 -1.812722 1.794346 0.728808
12.006087 1.069319 -1.806077 1.785613 0.727062
12.013233 1.067704 -1.801841 1.779711 0.726080
12.020380 1.066082 -1.793969 1.769487 0.723576
12.027526 1.064459 -1.788410 1.761980 0.721801
12.034672 1.062838 -1.782095 1.753558 0.719665
12.041819 1.061226 -1.775573 1.744872 0.717362
12.048965 1.059625 -1.768677 1.735727 0.714831
12.056112 1.058042 -1.761629 1.726386 0.712114
12.063258 1.056479 -1.754994 1.717513 0.709435
12.070405 1.054940 -1.747866 1.708044 0.706481
12.077551 1.053426 -1.739973 1.697657 0.703127
12.084698 1.051932 -1.733786 1.689263 0.700441
12.091844 1.050454 -1.726343 1.679375 0.697264
12.098991 1.048983 -1.718651 1.669181 0.694139
12.106137 1.047511 -1.713059 1.661438 0.691886
12.113284 1.046029 -1.704887 1.650652 0.688834
12.120430 1.044525 -1.699057 1.642600 0.686874
12.127577 1.042988 -1.692371 1.633530 0.684870
12.134723 1.041408 -1.687481 1.626549 0.683691
12.141870 1.039780 -1.681996 1.618855 0.682373
12.149016 1.038104 -1.676846 1.611539 0.681176
12.156163 1.036384 -1.671097 1.603507 0.679687
12.163309 1.034622 -1.667106 1.597514 0.678745
12.170456 1.032827 -1.661157 1.589220 0.676949
12.177602 1.031008 -1.656379 1.582279 0.675371
12.184749 1.029178 -1.650050 1.573517 0.673002
12.191895 1.027346 -1.644372 1.565501 0.670626
12.199042 1.025527 -1.638077 1.556756 0.667737
12.206188 1.023730 -1.631384 1.547536 0.664490
12.213334 1.021964 -1.624475 1.538057 0.660967
12.220481 1.020236 -1.618006 1.529080 0.657455
12.227627 1.018549 -1.610929 1.519389 0.653608
12.234774 1.016906 -1.602662 1.508314 0.649280
12.241920 1.015304 -1.595962 1.499046 0.645503
12.249067 1.013741 -1.588676 1.489094 0.641538
12.256213 1.012209 -1.581134 1.478839 0.637553
12.263360 1.010698 -1.574182 1.469261 0.633910
12.270506 1.009199 -1.568402 1.461027 0.630793
12.277653 1.007704 -1.559265 1.448921 0.626538
12.284799 1.006203 -1.551279 1.438139 0.622822
12.291946 1.004683 -1.543722 1.427847 0.619451
12.299092 1.003127 -1.537069 1.418591 0.616752
12.306239 1.001514 -1.531074 1.410083 0.614705
12.313385 0.999832 -1.524850 1.401308 0.612930
12.320532 0.998076 -1.520181 1.394308 0.611848
12.327678 0.996250 -1.515266 1.387018 0.610618
12.334825 0.994369 -1.510348 1.379717 0.609175
12.341971 0.992446 -1.506538 1.373672 0.607936
12.349118 0.990501 -1.498881 1.363237 0.604956
12.356264 0.988554 -1.492672 1.354448 0.602132
12.363411 0.986624 -1.485248 1.344278 0.598465
12.370557 0.984733 -1.477930 1.334228 0.594415
12.377704 0.982895 -1.470163 1.323670 0.589819
12.384850 0.981122 -1.461268 1.311838 0.584576
12.391996 0.979409 -1.452419 1.300063 0.579382
12.399143 0.977736 -1.444691 1.289562 0.574939
12.406289 0.976074 -1.437085 1.279202 0.571155
12.413436 0.974388 -1.431145 1.270722 0.568620
12.420582 0.972659 -1.425807 1.262919 0.566718
12.427729 0.970880 -1.419678 1.254226 0.564648
12.434875 0.969053 -1.415298 1.247496 0.563118
12.442022 0.967187 -1.410604 1.240409 0.561248
12.449168 0.965299 -1.402981 1.230042 0.557986
12.456315 0.963399 -1.397067 1.221590 0.555091
12.463461 0.961502 -1.389448 1.211238 0.551225
12.470608 0.959617 -1.382030 1.201115 0.547246
12.477754 0.957745 -1.374375 1.190735 0.543096
12.484901 0.955885 -1.365573 1.179088 0.538556
12.492047 0.954028 -1.359225 1.170177 0.535032
12.499194 0.952166 -1.350368 1.158489 0.530798
12.506340 0.950293 -1.344830 1.150488 0.527856
12.513487 0.948404 -1.339628 1.142860 0.525086
12.520633 0.946501 -1.332320 1.132909 0.521542
12.527780 0.944587 -1.323930 1.121775 0.517551
12.534926 0.942665 -1.318064 1.113432 0.514368
12.542073 0.940741 -1.310749 1.103501 0.510536
12.549219 0.938823 -1.301144 1.091067 0.505715
12.556366 0.936915 -1.293682 1.080999 0.501565
12.563512 0.935021 -1.286025 1.070728 0.497150
12.570659 0.933142 -1.276579 1.058515 0.492184
12.577805 0.931273 -1.268066 1.047339 0.487530
12.584951 0.929408 -1.263181 1.040129 0.484255
12.592098 0.927541 -1.251421 1.025448 0.478675
12.599244 0.925664 -1.243231 1.014670 0.474484
12.606391 0.923767 -1.235056 1.003925 0.470487
12.613537 0.921846 -1.226638 0.992932 0.466493
12.620684 0.919898 -1.219205 0.983021 0.462863
12.627830 0.917924 -1.210884 0.972167 0.458959
12.634977 0.915923 -1.204383 0.963289 0.455626
12.642123 0.913900 -1.196350 0.952777 0.451745
12.649270 0.911858 -1.187616 0.941530 0.447530
12.656416 0.909800 -1.179276 0.930726 0.443370
12.663563 0.907733 -1.172111 0.921196 0.439471
12.670709 0.905659 -1.162920 0.909520 0.434860
12.677856 0.903582 -1.153490 0.897612 0.429996
12.685002 0.901506 -1.145437 0.887192 0.425481
12.692149 0.899431 -1.135234 0.874510 0.420264
12.699295 0.897356 -1.125093 0.861923 0.414999
12.706442 0.895280 -1.115567 0.850013 0.409942
12.713588 0.893201 -1.105909 0.837990 0.404880
12.720735 0.891115 -1.096825 0.826599 0.400039
12.727881 0.889022 -1.086490 0.813918 0.394783
12.735028 0.886919 -1.077362 0.802535 0.389968
12.742174 0.884806 -1.067633 0.790547 0.384953
12.749321 0.882683 -1.057021 0.777666 0.379638
12.756467 0.880551 -1.047309 0.765756 0.374606
12.763613 0.878409 -1.036777 0.753020 0.369270
12.770760 0.876259 -1.027849 0.741988 0.364454
12.777906 0.874103 -1.016801 0.728781 0.358886
12.785053 0.871939 -1.007846 0.717778 0.354003
12.792199 0.869768 -0.996018 0.703833 0.348212
12.799346 0.867587 -0.986185 0.691986 0.343088
12.806492 0.865394 -0.975684 0.679483 0.337808
12.813639 0.863186 -0.964884 0.666709 0.332477
12.820785 0.860959 -0.955215 0.655132 0.327608
12.827932 0.858711 -0.945624 0.643667 0.322766
12.835078 0.856442 -0.933707 0.629857 0.317166
12.842225 0.854147 -0.924312 0.618662 0.312545
12.849371 0.851828 -0.913325 0.605879 0.307320
12.856518 0.849484 -0.905731 0.596581 0.303218
12.863664 0.847118 -0.891283 0.580361 0.296774
12.870811 0.844732 -0.880363 0.567765 0.291473
12.877957 0.842325 -0.869198 0.554962 0.286103
12.885104 0.839897 -0.857274 0.541435 0.280470
12.892250 0.837449 -0.845477 0.528081 0.274888
12.899397 0.834978 -0.833676 0.514768 0.269314
12.906543 0.832485 -0.821970 0.501595 0.263783
12.913690 0.829962 -0.810235 0.488439 0.258395
12.920836 0.827407 -0.797057 0.473891 0.252584
12.927983 0.824812 -0.788578 0.464065 0.248446
12.935129 0.822173 -0.775368 0.449579 0.242822
12.942275 0.819484 -0.761772 0.434764 0.237177
12.949422 0.816735 -0.749008 0.420826 0.231965
12.956568 0.813918 -0.737080 0.407763 0.227170
12.963715 0.811027 -0.724082 0.393696 0.222137
12.970861 0.808056 -0.712774 0.381341 0.217726
12.978008 0.805001 -0.700254 0.367846 0.212986
12.985154 0.801859 -0.687112 0.353796 0.208081
12.992301 0.798631 -0.674767 0.340577 0.203435
12.999447 0.795317 -0.661562 0.326574 0.198488
13.006594 0.791920 -0.649893 0.314116 0.193979
13.013740 0.788444 -0.635240 0.298822 0.188426
13.020887 0.784894 -0.621828 0.284788 0.183185
13.028033 0.781277 -0.609581 0.271933 0.178211
13.035180 0.777599 -0.594256 0.256175 0.172128
13.042326 0.773868 -0.580688 0.242168 0.166469
13.049473 0.770094 -0.565718 0.226880 0.160224
13.056619 0.766288 -0.551456 0.212334 0.154027
13.063766 0.762464 -0.540021 0.200539 0.148568
13.070912 0.758640 -0.523214 0.183699 0.141100
13.078059 0.754831 -0.506958 0.167456 0.133598
13.085205 0.751043 -0.491332 0.151881 0.126329
13.092352 0.747266 -0.476362 0.136995 0.119524
13.099498 0.743477 -0.462710 0.123415 0.113596
13.106645 0.739632 -0.449876 0.110663 0.108729
13.113791 0.735676 -0.438597 0.099423 0.105365
13.120937 0.731538 -0.431879 0.092486 0.104703
13.128084 0.727144 -0.424160 0.084649 0.105040
13.135230 0.722458 -0.419626 0.079799 0.107091
13.142377 0.717537 -0.411847 0.071968 0.107388
13.149523 0.712478 -0.403934 0.064048 0.106295
13.156670 0.707342 -0.395588 0.055766 0.104265
13.163816 0.702148 -0.386712 0.047037 0.101890
13.170963 0.696896 -0.378874 0.039298 0.099871
13.178109 0.691581 -0.371126 0.031678 0.098055
13.185256 0.686194 -0.364243 0.024882 0.096724
13.192402 0.680728 -0.358519 0.019169 0.095938
13.199549 0.675177 -0.352363 0.013091 0.095254
13.206695 0.669538 -0.345880 0.006747 0.094536
13.213842 0.663811 -0.340485 0.001413 0.094211
13.220988 0.658005 -0.335957 -0.003117 0.094127
13.228135 0.652127 -0.330576 -0.008391 0.093690
13.235281 0.646184 -0.325468 -0.013397 0.093321
13.242428 0.640174 -0.321975 -0.016938 0.093557
13.249574 0.634088 -0.318690 -0.020280 0.094094
13.256721 0.627908 -0.315028 -0.023941 0.094896
13.263867 0.621611 -0.312730 -0.026380 0.096542
13.271014 0.615182 -0.311230 -0.028106 0.098703
13.278160 0.608623 -0.310286 -0.029336 0.101032
13.285307 0.601951 -0.308300 -0.031477 0.102780
13.292453 0.595189 -0.306345 -0.033581 0.104151
13.299599 0.588380 -0.303761 -0.036189 0.104869
13.306746 0.581584 -0.301495 -0.038392 0.105269
13.313892 0.574829 -0.298377 -0.041222 0.104898
13.321039 0.568142 -0.295409 -0.043835 0.103977
13.328185 0.561548 -0.295387 -0.043867 0.103390
13.335332 0.555108 -0.288828 -0.049439 0.100201
13.342478 0.548854 -0.284360 -0.053141 0.097097
13.349625 0.542822 -0.280465 -0.056298 0.093648
13.356771 0.537034 -0.277143 -0.058918 0.090243
13.363918 0.531507 -0.273773 -0.061535 0.086615
13.371064 0.526265 -0.271003 -0.063607 0.083010
13.378211 0.521374 -0.268059 -0.065792 0.078424
13.385357 0.516959 -0.266009 -0.067213 0.072304
13.392504 0.513122 -0.256843 -0.074538 0.062866
13.399650 0.509677 -0.255941 -0.074905 0.058832
13.406797 0.506179 -0.263003 -0.068639 0.064069
13.413943 0.502067 -0.280258 -0.053973 0.080851
13.421090 0.497148 -0.301891 -0.035810 0.101882
13.428236 0.491470 -0.322756 -0.018432 0.121836
13.435383 0.485290 -0.338800 -0.005158 0.136433
13.442529 0.478615 -0.354882 0.008034 0.150918
13.449676 0.471431 -0.370852 0.021023 0.165474
13.456822 0.463931 -0.382895 0.030708 0.175851
13.463969 0.456234 -0.394819 0.040201 0.184188
13.471115 0.448396 -0.402396 0.046105 0.190339
13.478261 0.440469 -0.410455 0.052339 0.195668
13.485408 0.432529 -0.414378 0.055210 0.198627
13.492554 0.424620 -0.420052 0.059452 0.201297
13.499701 0.416765 -0.425347 0.063349 0.203550
13.506847 0.408942 -0.430657 0.067225 0.206228
13.513994 0.401079 -0.437730 0.072464 0.210584
13.521140 0.393068 -0.448271 0.080386 0.217494
13.528287 0.384839 -0.460248 0.089360 0.225852
13.535433 0.376398 -0.470428 0.096842 0.233494
13.542580 0.367807 -0.480806 0.104401 0.240065
13.549726 0.359144 -0.489520 0.110583 0.244779
13.556873 0.350482 -0.496109 0.115052 0.247723
13.564019 0.341879 -0.501699 0.118700 0.249424
13.571166 0.333391 -0.506433 0.121645 0.249990
13.578312 0.325094 -0.510005 0.123661 0.249044
13.585459 0.317120 -0.510707 0.123453 0.245327
13.592605 0.309656 -0.509229 0.121571 0.238084
13.599752 0.302768 -0.506314 0.118604 0.229489
13.606898 0.296041 -0.512349 0.122438 0.229685
13.614045 0.288965 -0.527702 0.133267 0.240229
13.621191 0.281448 -0.545236 0.145622 0.252716
13.628338 0.273921 -0.554895 0.151935 0.256467
13.635484 0.266762 -0.556923 0.152471 0.252421
13.642631 0.260034 -0.558436 0.152605 0.247275
13.649777 0.253547 -0.563192 0.155136 0.245918
13.656923 0.246832 -0.576938 0.164285 0.254182
13.664070 0.239465 -0.599660 0.179949 0.271259
13.671216 0.231471 -0.621337 0.194680 0.287472
13.678363 0.223172 -0.636866 0.204749 0.296950
13.685509 0.214773 -0.648335 0.211738 0.302025
13.692656 0.206344 -0.658543 0.217720 0.305496
13.699802 0.197921 -0.667150 0.222465 0.307821
13.706949 0.189535 -0.675098 0.226667 0.309372
13.714095 0.181214 -0.683020 0.230783 0.310370
13.721242 0.172989 -0.689325 0.233681 0.310428
13.728388 0.164881 -0.695308 0.236301 0.310031
13.735535 0.156908 -0.700570 0.238364 0.309136
13.742681 0.149081 -0.707346 0.241450 0.308394
13.749828 0.141429 -0.712343 0.243229 0.306716
13.756974 0.134001 -0.716993 0.244721 0.304161
13.764121 0.126875 -0.719930 0.244973 0.299880
13.771267 0.120120 -0.721485 0.244234 0.294098
13.778414 0.113695 -0.723821 0.244019 0.289101
13.785560 0.107386 -0.729650 0.246203 0.288240
13.792707 0.100933 -0.741203 0.252284 0.292668
13.799853 0.094160 -0.755739 0.260324 0.300494
13.807000 0.086970 -0.771207 0.268895 0.309892
13.814146 0.079425 -0.785247 0.276378 0.317803
13.821293 0.071694 -0.796815 0.282069 0.322246
13.828439 0.063935 -0.803534 0.284396 0.322950
13.835585 0.056237 -0.808902 0.285758 0.321778
13.842732 0.048656 -0.812522 0.285905 0.319281
13.849878 0.041216 -0.816477 0.286243 0.316446
13.857025 0.033921 -0.820567 0.286634 0.313565
13.864171 0.026761 -0.824001 0.286559 0.310703
13.871318 0.019711 -0.827923 0.286779 0.308326
13.878464 0.012739 -0.833643 0.288145 0.306806
13.885611 0.005827 -0.839349 0.289452 0.305501
13.892757 -0.001032 -0.844944 0.290638 0.304200
13.899904 -0.007830 -0.849421 0.291055 0.302437
13.907050 -0.014553 -0.853909 0.291442 0.300387
13.914197 -0.021184 -0.857618 0.291291 0.297800
13.921343 -0.027707 -0.861453 0.291187 0.294961
13.928490 -0.034108 -0.864143 0.290322 0.291613
13.935636 -0.040380 -0.866835 0.289436 0.288140
13.942783 -0.046524 -0.869207 0.288327 0.284561
13.949929 -0.052547 -0.872496 0.287773 0.281279
13.957076 -0.058455 -0.875273 0.286872 0.277923
13.964222 -0.064262 -0.878219 0.286052 0.274738
13.971369 -0.069980 -0.881267 0.285271 0.271726
13.978515 -0.075624 -0.883482 0.283952 0.268656
13.985662 -0.081210 -0.885696 0.282618 0.265778
13.992808 -0.086736 -0.888805 0.281872 0.263351
13.999955 -0.091971 -0.891017 0.281180 0.260934
14.007101 -0.097111 -0.893084 0.280386 0.257095
14.014247 -0.102122 -0.895641 0.279878 0.252576
14.021394 -0.106994 -0.894660 0.277211 0.246944
14.028540 -0.111708 -0.910797 0.284881 0.245572
14.035687 -0.116247 -0.912335 0.283691 0.240073
14.042833 -0.120606 -0.910747 0.280621 0.233653
14.049980 -0.124789 -0.911463 0.278932 0.227935
14.057126 -0.128798 -0.910516 0.276252 0.221838
14.064273 -0.132640 -0.910015 0.273839 0.215982
14.071419 -0.136319 -0.909780 0.271584 0.210304
14.078566 -0.139848 -0.893039 0.259673 0.200481
14.085712 -0.143235 -0.893702 0.257987 0.195409
14.092859 -0.146475 -0.892964 0.255484 0.189950
14.100005 -0.149568 -0.891601 0.252623 0.184318
14.107152 -0.152514 -0.889674 0.249445 0.178554
14.114298 -0.155314 -0.887268 0.246003 0.172728
14.121445 -0.157972 -0.885289 0.242816 0.167101
14.128591 -0.160491 -0.882285 0.239058 0.161286
14.135738 -0.162876 -0.881420 0.236521 0.156144
14.142884 -0.165131 -0.879933 0.233640 0.150924
14.150031 -0.167262 -0.880243 0.231768 0.146294
14.157177 -0.169272 -0.880839 0.230054 0.141826
14.164324 -0.171167 -0.878501 0.226713 0.136674
14.171470 -0.172956 -0.876253 0.223433 0.131708
14.178617 -0.174645 -0.874345 0.220351 0.126940
14.185763 -0.176238 -0.872218 0.217159 0.122207
14.192909 -0.177740 -0.870296 0.214089 0.117609
14.200056 -0.179153 -0.867537 0.210577 0.112837
14.207202 -0.180478 -0.865611 0.207526 0.108337
14.214349 -0.181717 -0.863085 0.204164 0.103688
14.221495 -0.182862 -0.874998 0.208496 0.102676
14.228642 -0.183907 -0.871710 0.204717 0.097635
14.235788 -0.184856 -0.869236 0.201385 0.092862
14.242935 -0.185713 -0.865713 0.197516 0.087886
14.250081 -0.186478 -0.862143 0.193640 0.082969
14.257228 -0.187153 -0.859137 0.190075 0.078274
14.264374 -0.187743 -0.855135 0.186012 0.073388
14.271521 -0.188248 -0.851303 0.182057 0.068635
14.278667 -0.188673 -0.847482 0.178127 0.063972
14.285814 -0.189020 -0.843801 0.174288 0.059433
14.292960 -0.189294 -0.840006 0.170409 0.054951
14.300107 -0.189497 -0.835499 0.166193 0.050379
14.307253 -0.189634 -0.831346 0.162177 0.046003
14.314400 -0.189710 -0.827101 0.158137 0.041703
14.321546 -0.189728 -0.823128 0.154253 0.037573
14.328693 -0.189692 -0.818519 0.150077 0.033376
14.335839 -0.189608 -0.814175 0.146054 0.029350
14.342986 -0.189480 -0.810061 0.142165 0.025477
14.350132 -0.189310 -0.805354 0.138011 0.021535
14.357279 -0.189103 -0.801057 0.134079 0.017783
14.364425 -0.188862 -0.796610 0.130096 0.014061
14.371571 -0.188588 -0.791129 0.125644 0.010130
14.378718 -0.188284 -0.786243 0.121503 0.006422
14.385864 -0.187952 -0.781110 0.117269 0.002698
14.393011 -0.187592 -0.775872 0.113014 -0.001010
14.400157 -0.187205 -0.770488 0.108717 -0.004713
14.407304 -0.186792 -0.765007 0.104403 -0.008396
14.414450 -0.186354 -0.759425 0.100071 -0.012056
14.421597 -0.185893 -0.753737 0.095720 -0.015692
14.428743 -0.185410 -0.747936 0.091346 -0.019301
14.435890 -0.184907 -0.742092 0.086983 -0.022862
14.443036 -0.184387 -0.736130 0.082597 -0.026397
14.450183 -0.183851 -0.730091 0.078206 -0.029897
14.457329 -0.183300 -0.723964 0.073808 -0.033370
14.464476 -0.182736 -0.717759 0.069407 -0.036816
14.471622 -0.182169 -0.694290 0.057449 -0.044403
14.478769 -0.181608 -0.688138 0.053180 -0.047432
14.485915 -0.181050 -0.681018 0.048523 -0.050682
14.493062 -0.180494 -0.673939 0.043920 -0.053909
14.500208 -0.179943 -0.666798 0.039327 -0.057109
14.507355 -0.179397 -0.658115 0.034113 -0.060631
14.514501 -0.178859 -0.650967 0.029594 -0.063709
14.521648 -0.178331 -0.643594 0.025017 -0.066762
14.528794 -0.177814 -0.636497 0.020594 -0.069712
14.535941 -0.177311 -0.630188 0.016535 -0.072405
14.543087 -0.176820 -0.625926 0.013354 -0.074547
14.550233 -0.176343 -0.619800 0.009430 -0.077154
14.557380 -0.175880 -0.614085 0.005704 -0.079597
14.564526 -0.175434 -0.606999 0.001452 -0.082321
14.571673 -0.175006 -0.600548 -0.002508 -0.084812
14.578819 -0.174599 -0.593297 -0.006756 -0.087436
14.585966 -0.174215 -0.587240 -0.010492 -0.089668
14.593112 -0.173855 -0.581100 -0.014229 -0.091855
14.600259 -0.173522 -0.573912 -0.018346 -0.094219
14.607405 -0.173220 -0.567881 -0.021976 -0.096180
14.614552 -0.172951 -0.563850 -0.024801 -0.097533
14.621698 -0.172717 -0.557565 -0.028472 -0.099402
14.628845 -0.172523 -0.551706 -0.031949 -0.101023
14.635991 -0.172374 -0.545874 -0.035385 -0.102507
14.643138 -0.172275 -0.540404 -0.038656 -0.103780
14.650284 -0.172225 -0.533054 -0.042592 -0.105372
14.657431 -0.172127 -0.529164 -0.044982 -0.105878
14.664577 -0.171979 -0.523113 -0.047980 -0.107411
14.671724 -0.171784 -0.516882 -0.050905 -0.109479
14.678870 -0.171543 -0.510654 -0.053720 -0.111756
14.686017 -0.171262 -0.505083 -0.056209 -0.113950
14.693163 -0.170940 -0.498723 -0.058901 -0.116344
14.700310 -0.170584 -0.494532 -0.060756 -0.118184
14.707456 -0.170191 -0.487779 -0.063453 -0.120626
14.714603 -0.169763 -0.481147 -0.066034 -0.122979
14.721749 -0.169300 -0.474227 -0.068645 -0.125351
14.728895 -0.168809 -0.468638 -0.070733 -0.127359
14.736042 -0.168288 -0.462794 -0.072852 -0.129385
14.743188 -0.167736 -0.455654 -0.075351 -0.131675
14.750335 -0.167159 -0.450582 -0.077094 -0.133407
14.757481 -0.166557 -0.444566 -0.079104 -0.135339
14.764628 -0.165930 -0.438576 -0.081051 -0.137207
14.771774 -0.165278 -0.432039 -0.083125 -0.139163
14.778921 -0.164602 -0.425462 -0.085154 -0.141074
14.786067 -0.163904 -0.419161 -0.087039 -0.142876
14.793214 -0.163185 -0.413038 -0.088814 -0.144597
14.800360 -0.162443 -0.405973 -0.090836 -0.146495
14.807507 -0.161680 -0.398963 -0.092782 -0.148336
14.814653 -0.160904 -0.395188 -0.093668 -0.149364
14.821800 -0.160102 -0.386015 -0.096189 -0.151664
14.828946 -0.159284 -0.379708 -0.097758 -0.153208
14.836093 -0.158455 -0.376464 -0.098353 -0.154004
14.843239 -0.157600 -0.366428 -0.100968 -0.156414
14.850386 -0.156744 -0.365842 -0.100690 -0.156477
14.857532 -0.155853 -0.352046 -0.104315 -0.159752
14.864679 -0.154947 -0.345194 -0.105791 -0.161271
14.871825 -0.154019 -0.336463 -0.107762 -0.163243
14.878972 -0.153074 -0.329069 -0.109281 -0.164875
14.886118 -0.152112 -0.322678 -0.110461 -0.166255
14.893265 -0.151132 -0.316094 -0.111654 -0.167667
14.900411 -0.150132 -0.308135 -0.113186 -0.169390
14.907557 -0.149113 -0.300496 -0.114574 -0.171009
14.914704 -0.148074 -0.292919 -0.115891 -0.172598
14.921850 -0.147015 -0.284892 -0.117279 -0.174269
14.928997 -0.145934 -0.276787 -0.118632 -0.175944
14.936143 -0.144834 -0.269366 -0.119748 -0.177429
14.943290 -0.143713 -0.261778 -0.120860 -0.178937
14.950436 -0.142591 -0.261552 -0.119995 -0.178641
14.957583 -0.141425 -0.244964 -0.123395 -0.182306
14.964729 -0.140250 -0.240403 -0.123571 -0.182964
14.971876 -0.139047 -0.229388 -0.125370 -0.185177
14.979022 -0.137825 -0.220986 -0.126431 -0.186715
14.986169 -0.136584 -0.213032 -0.127327 -0.188118
14.993315 -0.135325 -0.204604 -0.128289 -0.189588
15.000462 -0.134049 -0.196540 -0.129110 -0.190924
15.007608 -0.132768 -0.191957 -0.129040 -0.191371
15.014755 -0.131466 -0.180427 -0.130614 -0.193421
15.021901 -0.130158 -0.172375 -0.131283 -0.194513
15.029048 -0.128852 -0.165001 -0.131745 -0.195316
15.036194 -0.127609 -0.179758 -0.127044 -0.190906
15.043341 -0.126392 -0.172478 -0.127553 -0.191331
15.050487 -0.125223 -0.165762 -0.127888 -0.191269
15.057634 -0.124110 -0.159752 -0.128024 -0.190930
15.064780 -0.123046 -0.153110 -0.128268 -0.190799
15.071927 -0.122025 -0.146092 -0.128555 -0.190812
15.079073 -0.121063 -0.144827 -0.127554 -0.189411
15.086219 -0.120137 -0.132463 -0.128941 -0.190578
15.093366 -0.119272 -0.126983 -0.128780 -0.189946
15.100512 -0.118466 -0.119318 -0.129049 -0.189758
15.107659 -0.117737 -0.117605 -0.128042 -0.188083
15.114805 -0.117070 -0.108052 -0.128640 -0.188193
15.121952 -0.116483 -0.102690 -0.128330 -0.187153
15.129098 -0.115985 -0.099703 -0.127521 -0.185487
15.136245 -0.115554 -0.088149 -0.128390 -0.185862
15.143391 -0.115199 -0.084014 -0.127740 -0.184587
15.150538 -0.114891 -0.075619 -0.127893 -0.184588
15.157684 -0.114617 -0.068643 -0.127729 -0.184532
15.164831 -0.114371 -0.067594 -0.126426 -0.183325
15.171977 -0.114117 -0.055448 -0.127183 -0.184913
15.179124 -0.113869 -0.050788 -0.126503 -0.184744
15.186270 -0.113609 -0.039074 -0.127073 -0.186264
15.193417 -0.113359 -0.035308 -0.126167 -0.185827
15.200563 -0.113106 -0.023596 -0.126638 -0.187142
15.207710 -0.112889 -0.021788 -0.125336 -0.185880
15.214856 -0.112697 -0.008899 -0.125917 -0.186940
15.222003 -0.112579 -0.006824 -0.124612 -0.185073
15.229149 -0.112531 0.003328 -0.124637 -0.184875
15.236296 -0.112562 0.009500 -0.123956 -0.183710
15.243442 -0.112641 0.016203 -0.123334 -0.183140
15.250589 -0.112705 0.023865 -0.122835 -0.183753
15.257735 -0.112670 0.034061 -0.122698 -0.186138
15.264882 -0.112477 0.045065 -0.122635 -0.189582
15.272028 -0.112115 0.056740 -0.122619 -0.193297
15.279174 -0.111625 0.067326 -0.122382 -0.196110
15.286321 -0.111069 0.077836 -0.122079 -0.197888
15.293467 -0.110504 0.085214 -0.121274 -0.198120
15.300614 -0.109961 0.094977 -0.120767 -0.198272
15.307760 -0.109523 0.096664 -0.119100 -0.195502
15.314907 -0.109144 0.104829 -0.118313 -0.194657
15.322053 -0.108905 0.103478 -0.116228 -0.190629
15.329200 -0.108921 0.108084 -0.114937 -0.185941
15.336346 -0.109210 0.109274 -0.113188 -0.180224
15.343493 -0.109846 0.106856 -0.110990 -0.172601
15.350639 -0.111045 0.101455 -0.108446 -0.161018
15.357786 -0.113002 0.090422 -0.105260 -0.145303
15.364932 -0.115875 0.073886 -0.101501 -0.126153
15.372079 -0.119741 0.058875 -0.098025 -0.106316
15.379225 -0.124405 0.047638 -0.095081 -0.090547
15.386372 -0.129426 0.044755 -0.093154 -0.083565
15.393518 -0.134285 0.062971 -0.093546 -0.089076
15.400665 -0.138565 0.087453 -0.094510 -0.102445
15.407811 -0.141911 0.119699 -0.096153 -0.122987
15.414958 -0.144041 0.159523 -0.098392 -0.149374
15.422104 -0.144916 0.199391 -0.100420 -0.176272
15.429251 -0.144818 0.233689 -0.101692 -0.197591
15.436397 -0.144149 0.253386 -0.101417 -0.209652
15.443544 -0.143145 0.276042 -0.101306 -0.218512
15.450690 -0.141922 0.292462 -0.100523 -0.224239
15.457836 -0.140532 0.301331 -0.099020 -0.227583
15.464983 -0.138975 0.319305 -0.098240 -0.232658
15.472129 -0.137280 0.335249 -0.097202 -0.236822
15.479276 -0.135474 0.347322 -0.095785 -0.239770
15.486422 -0.133570 0.357989 -0.094212 -0.242183
15.493569 -0.131572 0.372066 -0.092846 -0.245213
15.500715 -0.129496 0.381300 -0.091075 -0.246981
15.507862 -0.127339 0.393727 -0.089489 -0.249401
15.515008 -0.125111 0.403981 -0.087708 -0.251232
15.522155 -0.122822 0.410778 -0.085675 -0.252204
15.529301 -0.120451 0.427099 -0.084201 -0.255351
15.536448 -0.118014 0.438774 -0.082377 -0.257323
15.543594 -0.115513 0.448979 -0.080426 -0.258920
15.550741 -0.112949 0.460216 -0.078492 -0.260730
15.557887 -0.110323 0.471304 -0.076508 -0.262457
15.565034 -0.107634 0.483984 -0.074557 -0.264502
15.572180 -0.104890 0.494039 -0.072433 -0.265889
15.579327 -0.102090 0.504851 -0.070308 -0.267411
15.586473 -0.099236 0.516597 -0.068180 -0.269092
15.593620 -0.096367 0.513063 -0.065430 -0.267173
15.600766 -0.093417 0.536940 -0.063708 -0.271643
15.607913 -0.090429 0.546979 -0.061400 -0.272697
15.615059 -0.087417 0.551513 -0.058891 -0.272459
15.622206 -0.084349 0.569127 -0.056752 -0.275245
15.629352 -0.081266 0.572600 -0.054167 -0.274647
15.636498 -0.078135 0.589801 -0.051909 -0.277229
15.643645 -0.074974 0.600719 -0.049440 -0.278256
15.650791 -0.071788 0.610544 -0.046912 -0.279010
15.657938 -0.068582 0.618231 -0.044319 -0.279253
15.665084 -0.065352 0.627682 -0.041733 -0.279890
15.672231 -0.062094 0.640176 -0.039151 -0.281181
15.679377 -0.058812 0.651558 -0.036511 -0.282172
15.686524 -0.055512 0.660859 -0.033819 -0.282664
15.693670 -0.052197 0.668290 -0.031093 -0.282720
15.700817 -0.048850 0.683940 -0.028360 -0.284655
15.707963 -0.045485 0.694429 -0.025567 -0.285342
