# time bound_circ lift drag moment
0.014289 0.096076 -4.196310 -0.032334 0.596144
0.021434 0.078432 -3.975729 -0.045945 0.593291
0.028579 0.072921 -3.753778 -0.057827 0.367547
0.035724 0.071722 -3.721523 -0.071643 0.288021
0.042868 0.068668 -3.827799 -0.088397 0.319457
0.050013 0.063889 -3.927396 -0.105770 0.347230
0.057158 0.058062 -4.009641 -0.123353 0.362193
0.064303 0.051323 -4.087314 -0.141386 0.374286
0.071447 0.043745 -4.162132 -0.159876 0.384777
0.078592 0.035406 -4.234177 -0.178790 0.393622
0.085737 0.026367 -4.304032 -0.198119 0.401191
0.092882 0.016675 -4.372208 -0.217857 0.407816
0.100026 0.006366 -4.439028 -0.238000 0.413695
0.107171 -0.004528 -4.504707 -0.258537 0.418957
0.114316 -0.015981 -4.569401 -0.279461 0.423693
0.121461 -0.027968 -4.633220 -0.300761 0.427967
0.128605 -0.040470 -4.696239 -0.322429 0.431823
0.135750 -0.053467 -4.758512 -0.344452 0.435292
0.142895 -0.066940 -4.820079 -0.366820 0.438396
0.150040 -0.080874 -4.880974 -0.389521 0.441153
0.157184 -0.095253 -4.941232 -0.412544 0.443579
0.164329 -0.110062 -5.000892 -0.435880 0.445691
0.171474 -0.125287 -5.060003 -0.459520 0.447508
0.178619 -0.140917 -5.118622 -0.483456 0.449051
0.185763 -0.156938 -5.176809 -0.507683 0.450343
0.192908 -0.173341 -5.234629 -0.532194 0.451407
0.200053 -0.190115 -5.292140 -0.556986 0.452262
0.207197 -0.207249 -5.349394 -0.582053 0.452925
0.214342 -0.224735 -5.406424 -0.607388 0.453405
0.221487 -0.242564 -5.463244 -0.632984 0.453703
0.228632 -0.260725 -5.519848 -0.658829 0.453813
0.235776 -0.279211 -5.576211 -0.684910 0.453723
0.242921 -0.298011 -5.632299 -0.711213 0.453418
0.250066 -0.317116 -5.688076 -0.737722 0.452884
0.257211 -0.336516 -5.743518 -0.764422 0.452112
0.264355 -0.356202 -5.798616 -0.791299 0.451102
0.271500 -0.376164 -5.853376 -0.818344 0.449856
0.278645 -0.396393 -5.907812 -0.845545 0.448382
0.285790 -0.416880 -5.961940 -0.872892 0.446686
0.292934 -0.437617 -6.015765 -0.900375 0.444773
0.300079 -0.458594 -6.069286 -0.927982 0.442642
0.307224 -0.479802 -6.122487 -0.955697 0.440290
0.314369 -0.501231 -6.175347 -0.983505 0.437712
0.321513 -0.522874 -6.227836 -1.011388 0.434901
0.328658 -0.544720 -6.279929 -1.039329 0.431850
0.335803 -0.566759 -6.331612 -1.067313 0.428559
0.342948 -0.588983 -6.382889 -1.095326 0.425034
0.350092 -0.611382 -6.433787 -1.123360 0.421289
0.357237 -0.633947 -6.484345 -1.151408 0.417346
0.364382 -0.656668 -6.534585 -1.179461 0.413221
0.371527 -0.679539 -6.584486 -1.207503 0.408917
0.378671 -0.702548 -6.633992 -1.235510 0.404425
0.385816 -0.725689 -6.683033 -1.263455 0.399731
0.392961 -0.748950 -6.731550 -1.291313 0.394825
0.400105 -0.772324 -6.779508 -1.319061 0.389704
0.407250 -0.795800 -6.826885 -1.346681 0.384372
0.414395 -0.819370 -6.873665 -1.374155 0.378832
0.421540 -0.843023 -6.919838 -1.401465 0.373093
0.428684 -0.866752 -6.965394 -1.428594 0.367162
0.435829 -0.890546 -7.010324 -1.455525 0.361048
0.442974 -0.914397 -7.054618 -1.482241 0.354760
0.450119 -0.938295 -7.098262 -1.508723 0.348306
0.457263 -0.962233 -7.141232 -1.534952 0.341692
0.464408 -0.986200 -7.183496 -1.560905 0.334922
0.471553 -1.010189 -7.225014 -1.586558 0.327998
0.478698 -1.034190 -7.265739 -1.611885 0.320918
0.485842 -1.058194 -7.305627 -1.636861 0.313685
0.492987 -1.082193 -7.344635 -1.661461 0.306299
0.500132 -1.106177 -7.382725 -1.685661 0.298763
0.507277 -1.130138 -7.419864 -1.709436 0.291083
0.514421 -1.154067 -7.456022 -1.732765 0.283265
0.521566 -1.177955 -7.491171 -1.755625 0.275314
0.528711 -1.201794 -7.525282 -1.777995 0.267238
0.535856 -1.225575 -7.558327 -1.799852 0.259044
0.543000 -1.249289 -7.590278 -1.821174 0.250737
0.550145 -1.272928 -7.621102 -1.841940 0.242325
0.557290 -1.296484 -7.650771 -1.862126 0.233814
0.564435 -1.319949 -7.679250 -1.881711 0.225210
0.571579 -1.343313 -7.706506 -1.900673 0.216518
0.578724 -1.366570 -7.732504 -1.918988 0.207743
0.585869 -1.389711 -7.757208 -1.936635 0.198891
0.593014 -1.412729 -7.780582 -1.953591 0.189967
0.600158 -1.435614 -7.802590 -1.969834 0.180974
0.607303 -1.458361 -7.823197 -1.985342 0.171919
0.614448 -1.480960 -7.842368 -2.000095 0.162806
0.621592 -1.503404 -7.860069 -2.014073 0.153640
0.628737 -1.525687 -7.876267 -2.027256 0.144426
0.635882 -1.547799 -7.890926 -2.039623 0.135169
0.643027 -1.569735 -7.904014 -2.051157 0.125873
0.650171 -1.591487 -7.915495 -2.061839 0.116543
0.657316 -1.613048 -7.925336 -2.071650 0.107184
0.664461 -1.634410 -7.933502 -2.080574 0.097798
0.671606 -1.655567 -7.939957 -2.088592 0.088389
0.678750 -1.676512 -7.944667 -2.095690 0.078960
0.685895 -1.697238 -7.947597 -2.101850 0.069514
0.693040 -1.717738 -7.948716 -2.107060 0.060055
0.700185 -1.738006 -7.947990 -2.111305 0.050585
0.707329 -1.758036 -7.945389 -2.114572 0.041107
0.714474 -1.777820 -7.940883 -2.116851 0.031623
0.721619 -1.797354 -7.934445 -2.118131 0.022138
0.728764 -1.816629 -7.926047 -2.118403 0.012653
0.735908 -1.835641 -7.915663 -2.117658 0.003172
0.743053 -1.854383 -7.903267 -2.115891 -0.006304
0.750198 -1.872850 -7.888837 -2.113094 -0.015771
0.757343 -1.891035 -7.872349 -2.109264 -0.025227
0.764487 -1.908933 -7.853782 -2.104396 -0.034671
0.771632 -1.926538 -7.833114 -2.098490 -0.044099
0.778777 -1.943846 -7.810326 -2.091542 -0.053511
0.785922 -1.960849 -7.785400 -2.083555 -0.062905
0.793066 -1.977544 -7.758318 -2.074528 -0.072279
0.800211 -1.993925 -7.729064 -2.064465 -0.081631
0.807356 -2.009986 -7.697624 -2.053370 -0.090961
0.814500 -2.025724 -7.663985 -2.041248 -0.100267
0.821645 -2.041133 -7.628137 -2.028106 -0.109547
0.828790 -2.056209 -7.590070 -2.013953 -0.118802
0.835935 -2.070946 -7.549779 -1.998798 -0.128029
0.843079 -2.085340 -7.507257 -1.982653 -0.137228
0.850224 -2.099388 -7.462503 -1.965530 -0.146396
0.857369 -2.113084 -7.415517 -1.947444 -0.155533
0.864514 -2.126425 -7.366301 -1.928411 -0.164638
0.871658 -2.139407 -7.314858 -1.908447 -0.173708
0.878803 -2.152025 -7.261191 -1.887571 -0.182744
0.885948 -2.164277 -7.205306 -1.865802 -0.191744
0.893093 -2.176158 -7.147209 -1.843159 -0.200709
0.900237 -2.187665 -7.086905 -1.819664 -0.209637
0.907382 -2.198795 -7.024402 -1.795339 -0.218530
0.914527 -2.209544 -6.959709 -1.770207 -0.227388
0.921672 -2.219909 -6.892839 -1.744293 -0.236210
0.928816 -2.229888 -6.823807 -1.717623 -0.244997
0.935961 -2.239477 -6.752632 -1.690226 -0.253748
0.943106 -2.248673 -6.679335 -1.662129 -0.262462
0.950251 -2.257475 -6.603941 -1.633364 -0.271139
0.957395 -2.265879 -6.526474 -1.603962 -0.279777
0.964540 -2.273884 -6.446962 -1.573954 -0.288378
0.971685 -2.281487 -6.365434 -1.543373 -0.296939
0.978830 -2.288685 -6.281919 -1.512253 -0.305460
0.985974 -2.295478 -6.196450 -1.480628 -0.313941
0.993119 -2.301863 -6.109061 -1.448534 -0.322381
1.000264 -2.307838 -6.019787 -1.416006 -0.330780
1.007408 -2.313403 -5.928668 -1.383080 -0.339136
1.014553 -2.318555 -5.835742 -1.349795 -0.347450
1.021698 -2.323294 -5.741051 -1.316186 -0.355721
1.028843 -2.327619 -5.644640 -1.282294 -0.363947
1.035987 -2.331528 -5.546553 -1.248155 -0.372128
1.043132 -2.335020 -5.446838 -1.213810 -0.380263
1.050277 -2.338096 -5.345545 -1.179296 -0.388350
1.057422 -2.340754 -5.242723 -1.144654 -0.396389
1.064566 -2.342993 -5.138424 -1.109923 -0.404379
1.071711 -2.344815 -5.032701 -1.075142 -0.412317
1.078856 -2.346219 -4.925609 -1.040349 -0.420205
1.086001 -2.347204 -4.817202 -1.005586 -0.428039
1.093145 -2.347771 -4.707537 -0.970889 -0.435820
1.100290 -2.347919 -4.596673 -0.936299 -0.443545
1.107435 -2.347651 -4.484669 -0.901853 -0.451213
1.114580 -2.346965 -4.371586 -0.867590 -0.458823
1.121724 -2.345863 -4.257486 -0.833547 -0.466373
1.128869 -2.344346 -4.142429 -0.799763 -0.473862
1.136014 -2.342413 -4.026480 -0.766272 -0.481288
1.143159 -2.340067 -3.909700 -0.733111 -0.488650
1.150303 -2.337309 -3.792153 -0.700315 -0.495945
1.157448 -2.334139 -3.673903 -0.667918 -0.503174
1.164593 -2.330559 -3.555014 -0.635954 -0.510334
1.171738 -2.326571 -3.435549 -0.604456 -0.517423
1.178882 -2.322176 -3.315574 -0.573454 -0.524441
1.186027 -2.317375 -3.195151 -0.542980 -0.531385
1.193172 -2.312171 -3.074347 -0.513063 -0.538254
1.200316 -2.306565 -2.953226 -0.483733 -0.545047
1.207461 -2.300559 -2.831852 -0.455016 -0.551762
1.214606 -2.294155 -2.710289 -0.426939 -0.558397
1.221751 -2.287355 -2.588600 -0.399527 -0.564951
1.228895 -2.280161 -2.466845 -0.372804 -0.571422
1.236040 -2.272575 -2.345082 -0.346792 -0.577810
1.243185 -2.264600 -2.223370 -0.321513 -0.584115
1.250330 -2.256238 -2.101767 -0.296986 -0.590335
1.257474 -2.247491 -1.980327 -0.273229 -0.596469
1.264619 -2.238361 -1.859105 -0.250260 -0.602518
1.271764 -2.228850 -1.738155 -0.228094 -0.608481
1.278909 -2.218962 -1.617528 -0.206748 -0.614357
1.286053 -2.208697 -1.497274 -0.186233 -0.620145
1.293198 -2.198060 -1.377442 -0.166562 -0.625847
1.300343 -2.187051 -1.258080 -0.147746 -0.631462
1.307488 -2.175674 -1.139233 -0.129794 -0.636989
1.314632 -2.163930 -1.020943 -0.112714 -0.642429
1.321777 -2.151822 -0.903252 -0.096514 -0.647782
1.328922 -2.139352 -0.786199 -0.081200 -0.653048
1.336067 -2.126523 -0.669821 -0.066775 -0.658227
1.343211 -2.113336 -0.554153 -0.053244 -0.663321
1.350356 -2.099794 -0.439227 -0.040608 -0.668329
1.357501 -2.085899 -0.325076 -0.028869 -0.673251
1.364646 -2.071652 -0.211726 -0.018027 -0.678089
1.371790 -2.057057 -0.099204 -0.008082 -0.682844
1.378935 -2.042115 0.012467 0.000970 -0.687514
1.386080 -2.026829 0.123266 0.009129 -0.692102
1.393225 -2.011199 0.233174 0.016401 -0.696609
1.400369 -1.995227 0.342176 0.022789 -0.701034
1.407514 -1.978917 0.450256 0.028299 -0.705379
1.414659 -1.962269 0.557404 0.032936 -0.709645
1.421803 -1.945285 0.663609 0.036708 -0.713831
1.428948 -1.927967 0.768865 0.039622 -0.717939
1.436093 -1.910316 0.873165 0.041685 -0.721969
1.443238 -1.892334 0.976505 0.042907 -0.725921
1.450382 -1.874023 1.078885 0.043295 -0.729796
1.457527 -1.855383 1.180302 0.042859 -0.733593
1.464672 -1.836418 1.280760 0.041608 -0.737312
1.471817 -1.817127 1.380260 0.039554 -0.740953
1.478961 -1.797513 1.478808 0.036705 -0.744515
1.486106 -1.777577 1.576409 0.033074 -0.747999
1.493251 -1.757321 1.673073 0.028670 -0.751401
1.500396 -1.736745 1.768808 0.023505 -0.754723
1.507540 -1.715852 1.863625 0.017590 -0.757961
1.514685 -1.694642 1.957535 0.010936 -0.761116
1.521830 -1.673118 2.050552 0.003556 -0.764185
1.528975 -1.651281 2.142689 -0.004541 -0.767166
1.536119 -1.629132 2.233960 -0.013341 -0.770057
1.543264 -1.606674 2.324380 -0.022834 -0.772856
1.550409 -1.583907 2.413966 -0.033007 -0.775560
1.557554 -1.560834 2.502733 -0.043850 -0.778166
1.564698 -1.537456 2.590699 -0.055350 -0.780671
1.571843 -1.513775 2.677881 -0.067495 -0.783073
1.578988 -1.489794 2.764298 -0.080275 -0.785367
1.586133 -1.465514 2.849967 -0.093678 -0.787551
1.593277 -1.440937 2.934908 -0.107692 -0.789620
1.600422 -1.416067 3.019138 -0.122306 -0.791572
1.607567 -1.390904 3.102678 -0.137509 -0.793401
1.614711 -1.365452 3.185544 -0.153289 -0.795105
1.621856 -1.339714 3.267758 -0.169636 -0.796679
1.629001 -1.313691 3.349338 -0.186538 -0.798119
1.636146 -1.287388 3.430302 -0.203985 -0.799420
1.643290 -1.260806 3.510670 -0.221965 -0.800580
1.650435 -1.233949 3.590459 -0.240468 -0.801594
1.657580 -1.206821 3.669688 -0.259483 -0.802457
1.664725 -1.179425 3.748374 -0.278999 -0.803165
1.671869 -1.151765 3.826531 -0.299005 -0.803715
1.679014 -1.123843 3.904176 -0.319492 -0.804101
1.686159 -1.095665 3.981320 -0.340446 -0.804319
1.693304 -1.067234 4.057971 -0.361858 -0.804364
1.700448 -1.038555 4.134134 -0.383715 -0.804228
1.707593 -1.009631 4.209805 -0.406005 -0.803903
1.714738 -0.980469 4.284968 -0.428714 -0.803379
1.721883 -0.951073 4.359598 -0.451826 -0.802640
1.729027 -0.921448 4.433664 -0.475324 -0.801670
1.736172 -0.891600 4.507154 -0.499194 -0.800458
1.743317 -0.861536 4.580122 -0.523428 -0.799012
1.750462 -0.831261 4.652705 -0.548027 -0.797364
1.757606 -0.800779 4.725054 -0.572999 -0.795555
1.764751 -0.770096 4.797206 -0.598336 -0.793593
1.771896 -0.739219 4.869080 -0.624018 -0.791450
1.779041 -0.708152 4.940587 -0.650021 -0.789098
1.786185 -0.676903 5.011680 -0.676326 -0.786519
1.793330 -0.645478 5.082342 -0.702918 -0.783708
1.800475 -0.613884 5.152569 -0.729781 -0.780662
1.807619 -0.582129 5.222373 -0.756904 -0.777383
1.814764 -0.550218 5.291775 -0.784276 -0.773876
1.821909 -0.518160 5.360794 -0.811886 -0.770148
1.829054 -0.485962 5.429436 -0.839721 -0.766200
1.836198 -0.453630 5.497682 -0.867765 -0.762032
1.843343 -0.421172 5.565506 -0.895998 -0.757635
1.850488 -0.388597 5.632886 -0.924403 -0.753009
1.857633 -0.355912 5.699812 -0.952964 -0.748151
1.864777 -0.323124 5.766280 -0.981664 -0.743066
1.871922 -0.290242 5.832288 -1.010489 -0.737758
1.879067 -0.257274 5.897827 -1.039421 -0.732227
1.886212 -0.224229 5.962888 -1.068443 -0.726479
1.893356 -0.191113 6.027454 -1.097538 -0.720513
1.900501 -0.157937 6.091508 -1.126686 -0.714332
1.907646 -0.124707 6.155034 -1.155868 -0.707939
1.914791 -0.091432 6.218013 -1.185064 -0.701335
1.921935 -0.058122 6.280428 -1.214256 -0.694526
1.929080 -0.024784 6.342264 -1.243423 -0.687513
1.936225 0.008572 6.403503 -1.272546 -0.680303
1.943370 0.041939 6.464128 -1.301605 -0.672900
1.950514 0.075307 6.524119 -1.330578 -0.665309
1.957659 0.108669 6.583455 -1.359445 -0.657535
1.964804 0.142015 6.642106 -1.388182 -0.649582
1.971949 0.175336 6.700044 -1.416766 -0.641453
1.979093 0.208625 6.757237 -1.445174 -0.633153
1.986238 0.241872 6.813653 -1.473380 -0.624685
1.993383 0.275069 6.869259 -1.501360 -0.616054
2.000527 0.308206 6.924025 -1.529091 -0.607264
2.007672 0.341277 6.977919 -1.556546 -0.598321
2.014817 0.374271 7.030911 -1.583702 -0.589230
2.021962 0.407180 7.082968 -1.610534 -0.579998
2.029106 0.439996 7.134056 -1.637016 -0.570629
2.036251 0.472711 7.184134 -1.663120 -0.561128
2.043396 0.505315 7.233154 -1.688818 -0.551497
2.050541 0.537801 7.281053 -1.714078 -0.541735
2.057685 0.570160 7.327751 -1.738863 -0.531835
2.064830 0.602382 7.373167 -1.763134 -0.521788
2.071975 0.634460 7.417265 -1.786867 -0.511598
2.079120 0.666384 7.460110 -1.810059 -0.501294
2.086264 0.698146 7.501834 -1.832725 -0.490926
2.093409 0.729740 7.542483 -1.854861 -0.480524
2.100554 0.761157 7.581929 -1.876419 -0.470071
2.107699 0.792390 7.619999 -1.897342 -0.459536
2.114843 0.823430 7.656599 -1.917589 -0.448908
2.121988 0.854269 7.691695 -1.937136 -0.438194
2.129133 0.884900 7.725271 -1.955965 -0.427406
2.136278 0.915314 7.757303 -1.974054 -0.416553
2.143422 0.945504 7.787747 -1.991377 -0.405636
2.150567 0.975463 7.816538 -2.007904 -0.394653
2.157712 1.005181 7.843611 -2.023605 -0.383603
2.164857 1.034653 7.868924 -2.038456 -0.372489
2.172001 1.063870 7.892463 -2.052441 -0.361321
2.179146 1.092825 7.914235 -2.065549 -0.350116
2.186291 1.121511 7.934220 -2.077764 -0.338884
2.193436 1.149921 7.952332 -2.089055 -0.327614
2.200580 1.178047 7.968497 -2.099390 -0.316301
2.207725 1.205884 7.982682 -2.108753 -0.304948
2.214870 1.233423 7.994878 -2.117132 -0.293565
2.222014 1.260658 8.005086 -2.124520 -0.282165
2.229159 1.287582 8.013268 -2.130901 -0.270750
2.236304 1.314190 8.019376 -2.136255 -0.259319
2.243449 1.340474 8.023394 -2.140573 -0.247877
2.250593 1.366428 8.025325 -2.143852 -0.236438
2.257738 1.392047 8.025136 -2.146079 -0.225004
2.264883 1.417325 8.022754 -2.147233 -0.213568
2.272028 1.442255 8.018122 -2.147297 -0.202124
2.279172 1.466831 8.011230 -2.146266 -0.190678
2.286317 1.491048 8.002091 -2.144146 -0.179241
2.293462 1.514901 7.990713 -2.140940 -0.167826
2.300607 1.538384 7.977057 -2.136639 -0.156431
2.307751 1.561492 7.961044 -2.131225 -0.145043
2.314896 1.584220 7.942621 -2.124688 -0.133657
2.322041 1.606562 7.921763 -2.117028 -0.122273
2.329186 1.628513 7.898460 -2.108248 -0.110893
2.336330 1.650069 7.872708 -2.098354 -0.099522
2.343475 1.671224 7.844496 -2.087351 -0.088162
2.350620 1.691974 7.813808 -2.075246 -0.076814
2.357765 1.712314 7.780633 -2.062044 -0.065476
2.364909 1.732239 7.744969 -2.047758 -0.054153
2.372054 1.751745 7.706832 -2.032405 -0.042850
2.379199 1.770829 7.666241 -2.016001 -0.031573
2.386344 1.789485 7.623200 -1.998564 -0.020326
2.393488 1.807711 7.577694 -1.980105 -0.009106
2.400633 1.825502 7.529718 -1.960638 0.002087
2.407778 1.842855 7.479284 -1.940184 0.013252
2.414922 1.859766 7.426421 -1.918770 0.024380
2.422067 1.876232 7.371152 -1.896419 0.035467
2.429212 1.892251 7.313482 -1.873153 0.046514
2.436357 1.907818 7.253403 -1.848991 0.057523
2.443501 1.922932 7.190915 -1.823955 0.068497
2.450646 1.937589 7.126032 -1.798069 0.079435
2.457791 1.951787 7.058774 -1.771364 0.090337
2.464936 1.965524 6.989161 -1.743867 0.101201
2.472080 1.978797 6.917212 -1.715608 0.112029
2.479225 1.991603 6.842953 -1.686619 0.122818
2.486370 2.003942 6.766424 -1.656936 0.133566
2.493515 2.015810 6.687669 -1.626594 0.144269
2.500659 2.027207 6.606730 -1.595633 0.154923
2.507804 2.038131 6.523651 -1.564090 0.165524
2.514949 2.048581 6.438484 -1.532003 0.176068
2.522094 2.058555 6.351264 -1.499411 0.186552
2.529238 2.068053 6.262012 -1.466347 0.196979
2.536383 2.077074 6.170743 -1.432841 0.207353
2.543528 2.085616 6.077481 -1.398930 0.217679
2.550673 2.093680 5.982264 -1.364651 0.227957
2.557817 2.101265 5.885139 -1.330044 0.238186
2.564962 2.108370 5.786167 -1.295154 0.248362
2.572107 2.114996 5.685416 -1.260024 0.258480
2.579252 2.121141 5.582953 -1.224700 0.268536
2.586396 2.126807 5.478840 -1.189224 0.278525
2.593541 2.131994 5.373135 -1.153638 0.288445
2.600686 2.136702 5.265888 -1.117981 0.298296
2.607830 2.140932 5.157151 -1.082295 0.308077
2.614975 2.144684 5.046980 -1.046618 0.317788
2.622120 2.147960 4.935437 -1.010993 0.327425
2.629265 2.150761 4.822585 -0.975461 0.336988
2.636409 2.153087 4.708479 -0.940059 0.346475
2.643554 2.154941 4.593172 -0.904826 0.355887
2.650699 2.156323 4.476723 -0.869801 0.365224
2.657844 2.157234 4.359197 -0.835022 0.374484
2.664988 2.157678 4.240665 -0.800529 0.383664
2.672133 2.157654 4.121196 -0.766360 0.392762
2.679278 2.157166 4.000856 -0.732552 0.401775
2.686423 2.156215 3.879713 -0.699140 0.410704
2.693567 2.154803 3.757838 -0.666162 0.419543
2.700712 2.152933 3.635314 -0.633653 0.428289
2.707857 2.150606 3.512224 -0.601649 0.436937
2.715002 2.147826 3.388642 -0.570185 0.445482
2.722146 2.144595 3.264635 -0.539290 0.453922
2.729291 2.140916 3.140260 -0.508992 0.462259
2.736436 2.136791 3.015576 -0.479319 0.470490
2.743581 2.132223 2.890646 -0.450298 0.478617
2.750725 2.127216 2.765535 -0.421956 0.486636
2.757870 2.121771 2.640310 -0.394317 0.494547
2.765015 2.115893 2.515038 -0.367405 0.502347
2.772160 2.109584 2.389789 -0.341245 0.510032
2.779304 2.102848 2.264629 -0.315857 0.517601
2.786449 2.095687 2.139627 -0.291262 0.525051
2.793594 2.088105 2.014846 -0.267480 0.532379
2.800738 2.080105 1.890347 -0.244526 0.539583
2.807883 2.071692 1.766188 -0.222417 0.546661
2.815028 2.062867 1.642425 -0.201166 0.553614
2.822173 2.053634 1.519110 -0.180786 0.560438
2.829317 2.043998 1.396289 -0.161288 0.567136
2.836462 2.033961 1.274008 -0.142680 0.573706
2.843607 2.023526 1.152307 -0.124970 0.580149
2.850752 2.012698 1.031228 -0.108166 0.586467
2.857896 2.001479 0.910809 -0.092273 0.592660
2.865041 1.989873 0.791091 -0.077296 0.598727
2.872186 1.977882 0.672112 -0.063237 0.604670
2.879331 1.965511 0.553908 -0.050101 0.610488
2.886475 1.952762 0.436512 -0.037887 0.616181
2.893620 1.939639 0.319954 -0.026595 0.621750
2.900765 1.926144 0.204262 -0.016225 0.627196
2.907910 1.912281 0.089461 -0.006775 0.632520
2.915054 1.898053 -0.024423 0.001759 0.637722
2.922199 1.883461 -0.137370 0.009380 0.642802
2.929344 1.868511 -0.249360 0.016093 0.647762
2.936489 1.853203 -0.360376 0.021905 0.652602
2.943633 1.837542 -0.470403 0.026820 0.657323
2.950778 1.821529 -0.579430 0.030847 0.661926
2.957923 1.805167 -0.687446 0.033993 0.666410
2.965068 1.788459 -0.794445 0.036267 0.670778
2.972212 1.771408 -0.900421 0.037678 0.675029
2.979357 1.754015 -1.005370 0.038234 0.679165
2.986502 1.736284 -1.109293 0.037948 0.683186
2.993647 1.718216 -1.212189 0.036828 0.687092
3.000791 1.699814 -1.314062 0.034885 0.690884
3.007936 1.681081 -1.414914 0.032132 0.694561
3.015081 1.662018 -1.514752 0.028578 0.698125
3.022225 1.642629 -1.613584 0.024237 0.701574
3.029370 1.622914 -1.711418 0.019119 0.704909
3.036515 1.602876 -1.808265 0.013237 0.708129
3.043660 1.582518 -1.904135 0.006603 0.711233
3.050804 1.561842 -1.999043 -0.000770 0.714221
3.057949 1.540850 -2.093001 -0.008871 0.717091
3.065094 1.519544 -2.186027 -0.017686 0.719843
3.072239 1.497927 -2.278135 -0.027204 0.722475
3.079383 1.476000 -2.369345 -0.037412 0.724986
3.086528 1.453767 -2.459674 -0.048297 0.727375
3.093673 1.431228 -2.549141 -0.059847 0.729639
3.100818 1.408388 -2.637764 -0.072050 0.731778
3.107962 1.385248 -2.725563 -0.084894 0.733787
3.115107 1.361811 -2.812556 -0.098365 0.735666
3.122252 1.338080 -2.898763 -0.112454 0.737411
3.129397 1.314056 -2.984204 -0.127146 0.739019
3.136541 1.289744 -3.068899 -0.142431 0.740489
3.143686 1.265145 -3.152869 -0.158296 0.741817
3.150831 1.240264 -3.236134 -0.174730 0.743001
3.157976 1.215102 -3.318716 -0.191721 0.744037
3.165120 1.189663 -3.400634 -0.209259 0.744922
3.172265 1.163951 -3.481908 -0.227330 0.745653
3.179410 1.137968 -3.562559 -0.245925 0.746228
3.186555 1.111719 -3.642608 -0.265031 0.746643
3.193699 1.085207 -3.722073 -0.284639 0.746895
3.200844 1.058435 -3.800976 -0.304737 0.746982
3.207989 1.031408 -3.879336 -0.325313 0.746900
3.215133 1.004130 -3.957171 -0.346358 0.746647
3.222278 0.976605 -4.034500 -0.367860 0.746220
3.229423 0.948837 -4.111338 -0.389809 0.745617
3.236568 0.920831 -4.187702 -0.412193 0.744834
3.243712 0.892591 -4.263606 -0.435003 0.743870
3.250857 0.864121 -4.339063 -0.458225 0.742720
3.258002 0.835428 -4.414085 -0.481851 0.741383
3.265147 0.806516 -4.488681 -0.505867 0.739856
3.272291 0.777390 -4.562856 -0.530262 0.738134
3.279436 0.748055 -4.636607 -0.555023 0.736214
3.286581 0.718517 -4.709926 -0.580136 0.734087
3.293726 0.688782 -4.782793 -0.605585 0.731745
3.300870 0.658856 -4.855179 -0.631353 0.729176
3.308015 0.628746 -4.927064 -0.657424 0.726370
3.315160 0.598458 -4.998458 -0.683784 0.723326
3.322305 0.567998 -5.069442 -0.710432 0.720063
3.329449 0.537373 -5.140146 -0.737370 0.716617
3.336594 0.506588 -5.210649 -0.764600 0.713010
3.343739 0.475650 -5.280917 -0.792103 0.709235
3.350884 0.444566 -5.350866 -0.819855 0.705266
3.358028 0.413342 -5.420435 -0.847833 0.701089
3.365173 0.381986 -5.489594 -0.876018 0.696697
3.372318 0.350504 -5.558330 -0.904394 0.692087
3.379463 0.318905 -5.626642 -0.932945 0.687263
3.386607 0.287196 -5.694538 -0.961659 0.682229
3.393752 0.255383 -5.762031 -0.990522 0.676993
3.400897 0.223475 -5.829121 -1.019520 0.671560
3.408041 0.191479 -5.895797 -1.048637 0.665931
3.415186 0.159403 -5.962032 -1.077852 0.660107
3.422331 0.127254 -6.027801 -1.107145 0.654085
3.429476 0.095042 -6.093084 -1.136498 0.647867
3.436620 0.062772 -6.157867 -1.165891 0.641457
3.443765 0.030454 -6.222134 -1.195305 0.634858
3.450910 -0.001904 -6.285867 -1.224721 0.628073
3.458055 -0.034295 -6.349047 -1.254120 0.621106
3.465199 -0.066710 -6.411657 -1.283480 0.613961
3.472344 -0.099140 -6.473676 -1.312781 0.606643
3.479489 -0.131579 -6.535086 -1.342003 0.599156
3.486634 -0.164017 -6.595863 -1.371123 0.591505
3.493778 -0.196446 -6.655984 -1.400121 0.583693
3.500923 -0.228858 -6.715419 -1.428972 0.575726
3.508068 -0.261244 -6.774141 -1.457653 0.567607
3.515213 -0.293597 -6.832120 -1.486141 0.559340
3.522357 -0.325908 -6.889328 -1.514412 0.550930
3.529502 -0.358168 -6.945737 -1.542442 0.542382
3.536647 -0.390370 -7.001321 -1.570207 0.533703
3.543792 -0.422505 -7.056048 -1.597684 0.524899
3.550936 -0.454565 -7.109888 -1.624847 0.515973
3.558081 -0.486541 -7.162806 -1.651670 0.506932
3.565226 -0.518426 -7.214765 -1.678129 0.497781
3.572371 -0.550211 -7.265727 -1.704195 0.488523
3.579515 -0.581888 -7.315655 -1.729843 0.479164
3.586660 -0.613450 -7.364510 -1.755046 0.469708
3.593805 -0.644887 -7.412251 -1.779777 0.460160
3.600949 -0.676193 -7.458839 -1.804009 0.450525
3.608094 -0.707358 -7.504232 -1.827715 0.440806
3.615239 -0.738376 -7.548388 -1.850867 0.431008
3.622384 -0.769238 -7.591265 -1.873438 0.421136
3.629528 -0.799937 -7.632818 -1.895401 0.411193
3.636673 -0.830464 -7.672995 -1.916726 0.401181
3.643818 -0.860812 -7.711736 -1.937383 0.391100
3.650963 -0.890973 -7.748971 -1.957337 0.380945
3.658107 -0.920940 -7.784632 -1.976557 0.370714
3.665252 -0.950703 -7.818693 -1.995019 0.360410
3.672397 -0.980256 -7.851185 -2.012717 0.350056
3.679542 -1.009591 -7.882169 -2.029654 0.339681
3.686686 -1.038701 -7.911674 -2.045823 0.329310
3.693831 -1.067580 -7.939642 -2.061197 0.318945
3.700976 -1.096221 -7.965918 -2.075722 0.308557
3.708121 -1.124616 -7.990385 -2.089359 0.298131
3.715265 -1.152757 -8.012997 -2.102081 0.287668
3.722410 -1.180639 -8.033719 -2.113870 0.277172
3.729555 -1.208253 -8.052530 -2.124710 0.266651
3.736700 -1.235593 -8.069413 -2.134587 0.256111
3.743844 -1.262652 -8.084345 -2.143486 0.245562
3.750989 -1.289424 -8.097297 -2.151392 0.235007
3.758134 -1.315902 -8.108230 -2.158288 0.224447
3.765279 -1.342080 -8.117096 -2.164154 0.213884
3.772423 -1.367950 -8.123869 -2.168978 0.203320
3.779568 -1.393508 -8.128547 -2.172756 0.192767
3.786713 -1.418747 -8.131095 -2.175474 0.182226
3.793857 -1.443660 -8.131420 -2.177105 0.171685
3.801002 -1.468242 -8.129465 -2.177631 0.161137
3.808147 -1.492487 -8.125227 -2.177052 0.150589
3.815292 -1.516389 -8.118698 -2.175364 0.140051
3.822436 -1.539942 -8.109847 -2.172561 0.129521
3.829581 -1.563140 -8.098641 -2.168636 0.118999
3.836726 -1.585978 -8.085063 -2.163588 0.108487
3.843871 -1.608451 -8.069098 -2.157417 0.097990
3.851015 -1.630554 -8.050719 -2.150120 0.087505
3.858160 -1.652280 -8.029897 -2.141697 0.077032
3.865305 -1.673625 -8.006619 -2.132150 0.066572
3.872450 -1.694584 -7.980886 -2.121490 0.056129
3.879594 -1.715152 -7.952689 -2.109722 0.045707
3.886739 -1.735324 -7.922012 -2.096852 0.035304
3.893884 -1.755096 -7.888852 -2.082892 0.024922
3.901029 -1.774463 -7.853218 -2.067856 0.014567
3.908173 -1.793422 -7.815113 -2.051758 0.004241
3.915318 -1.811967 -7.774521 -2.034608 -0.006057
3.922463 -1.830095 -7.731418 -2.016416 -0.016332
3.929608 -1.847802 -7.685789 -1.997194 -0.026586
3.936752 -1.865084 -7.637629 -1.976959 -0.036822
3.943897 -1.881937 -7.586945 -1.955730 -0.047038
3.951042 -1.898358 -7.533745 -1.933528 -0.057234
3.958187 -1.914342 -7.478043 -1.910379 -0.067407
3.965331 -1.929888 -7.419849 -1.886304 -0.077557
3.972476 -1.944991 -7.359168 -1.861328 -0.087686
3.979621 -1.959648 -7.296009 -1.835475 -0.097795
3.986766 -1.973856 -7.230389 -1.808774 -0.107883
3.993910 -1.987613 -7.162333 -1.781254 -0.117950
4.001055 -2.000916 -7.091870 -1.752949 -0.127993
4.008200 -2.013761 -7.019031 -1.723891 -0.138009
4.015344 -2.026148 -6.943846 -1.694114 -0.147999
4.022489 -2.038073 -6.866343 -1.663652 -0.157960
4.029634 -2.049535 -6.786548 -1.632539 -0.167893
4.036779 -2.060531 -6.704482 -1.600807 -0.177799
4.043923 -2.071060 -6.620175 -1.568491 -0.187680
4.051068 -2.081120 -6.533658 -1.535630 -0.197536
4.058213 -2.090709 -6.444971 -1.502260 -0.207365
4.065358 -2.099826 -6.354162 -1.468423 -0.217167
4.072502 -2.108470 -6.261279 -1.434159 -0.226938
4.079647 -2.116639 -6.166376 -1.399512 -0.236676
4.086792 -2.124333 -6.069508 -1.364524 -0.246378
4.093937 -2.131551 -5.970734 -1.329237 -0.256041
4.101081 -2.138292 -5.870107 -1.293695 -0.265662
4.108226 -2.144556 -5.767675 -1.257938 -0.275240
4.115371 -2.150343 -5.663482 -1.222005 -0.284777
4.122516 -2.155653 -5.557579 -1.185939 -0.294272
4.129660 -2.160484 -5.450020 -1.149780 -0.303725
4.136805 -2.164839 -5.340870 -1.113572 -0.313133
4.143950 -2.168717 -5.230193 -1.077358 -0.322492
4.151095 -2.172118 -5.118053 -1.041181 -0.331802
4.158239 -2.175043 -5.004516 -1.005083 -0.341060
4.165384 -2.177493 -4.889661 -0.969108 -0.350261
4.172529 -2.179468 -4.773570 -0.933300 -0.359397
4.179674 -2.180971 -4.656319 -0.897701 -0.368466
4.186818 -2.182002 -4.537967 -0.862350 -0.377466
4.193963 -2.182563 -4.418569 -0.827284 -0.386397
4.201108 -2.182655 -4.298182 -0.792538 -0.395261
4.208252 -2.182280 -4.176872 -0.758149 -0.404056
4.215397 -2.181439 -4.054712 -0.724156 -0.412779
4.222542 -2.180136 -3.931780 -0.690596 -0.421425
4.229687 -2.178371 -3.808153 -0.657506 -0.429992
4.236831 -2.176146 -3.683906 -0.624919 -0.438475
4.243976 -2.173465 -3.559111 -0.592870 -0.446872
4.251121 -2.170330 -3.433838 -0.561390 -0.455180
4.258266 -2.166742 -3.308158 -0.530509 -0.463395
4.265410 -2.162706 -3.182138 -0.500258 -0.471518
4.272555 -2.158222 -3.055843 -0.470664 -0.479545
4.279700 -2.153295 -2.929338 -0.441752 -0.487475
4.286845 -2.147928 -2.802688 -0.413550 -0.495307
4.293989 -2.142122 -2.675959 -0.386080 -0.503039
4.301134 -2.135881 -2.549219 -0.359366 -0.510667
4.308279 -2.129208 -2.422538 -0.333431 -0.518190
4.315424 -2.122107 -2.295983 -0.308295 -0.525603
4.322568 -2.114580 -2.169618 -0.283977 -0.532904
4.329713 -2.106631 -2.043502 -0.260495 -0.540093
4.336858 -2.098263 -1.917691 -0.237863 -0.547168
4.344003 -2.089479 -1.792240 -0.216097 -0.554127
4.351147 -2.080283 -1.667205 -0.195209 -0.560970
4.358292 -2.070678 -1.542639 -0.175211 -0.567694
4.365437 -2.060668 -1.418596 -0.156114 -0.574299
4.372582 -2.050255 -1.295128 -0.137926 -0.580783
4.379726 -2.039443 -1.172283 -0.120655 -0.587145
4.386871 -2.028236 -1.050105 -0.104308 -0.593383
4.394016 -2.016637 -0.928636 -0.088888 -0.599498
4.401160 -2.004649 -0.807918 -0.074400 -0.605489
4.408305 -1.992276 -0.687990 -0.060847 -0.611355
4.415450 -1.979521 -0.568887 -0.048228 -0.617096
4.422595 -1.966387 -0.450640 -0.036545 -0.622712
4.429739 -1.952877 -0.333279 -0.025796 -0.628203
4.436884 -1.938994 -0.216831 -0.015978 -0.633569
4.444029 -1.924743 -0.101323 -0.007089 -0.638811
4.451174 -1.910125 0.013217 0.000875 -0.643928
4.458318 -1.895144 0.126768 0.007920 -0.648919
4.465463 -1.879802 0.239309 0.014050 -0.653785
4.472608 -1.864104 0.350826 0.019274 -0.658526
4.479753 -1.848051 0.461310 0.023598 -0.663144
4.486897 -1.831647 0.570751 0.027031 -0.667638
4.494042 -1.814894 0.679143 0.029582 -0.672011
4.501187 -1.797795 0.786480 0.031261 -0.676261
4.508332 -1.780353 0.892759 0.032076 -0.680391
4.515476 -1.762570 0.997977 0.032039 -0.684400
4.522621 -1.744450 1.102135 0.031161 -0.688288
4.529766 -1.725994 1.205232 0.029452 -0.692056
4.536911 -1.707205 1.307271 0.026925 -0.695703
4.544055 -1.688085 1.408253 0.023590 -0.699228
4.551200 -1.668638 1.508186 0.019461 -0.702631
4.558345 -1.648865 1.607079 0.014550 -0.705911
4.565490 -1.628769 1.704942 0.008868 -0.709069
4.572634 -1.608353 1.801790 0.002430 -0.712104
4.579779 -1.587618 1.897638 -0.004753 -0.715016
4.586924 -1.566568 1.992501 -0.012667 -0.717804
4.594068 -1.545204 2.086396 -0.021300 -0.720467
4.601213 -1.523530 2.179339 -0.030638 -0.723005
4.608358 -1.501547 2.271349 -0.040669 -0.725416
4.615503 -1.479259 2.362444 -0.051381 -0.727698
4.622647 -1.456667 2.452643 -0.062759 -0.729851
4.629792 -1.433774 2.541966 -0.074793 -0.731873
4.636937 -1.410584 2.630434 -0.087469 -0.733761
4.644082 -1.387097 2.718068 -0.100774 -0.735515
4.651226 -1.363319 2.804887 -0.114696 -0.737130
4.658371 -1.339250 2.890914 -0.129224 -0.738607
4.665516 -1.314895 2.976167 -0.144344 -0.739941
4.672661 -1.290255 3.060669 -0.160045 -0.741130
4.679805 -1.265335 3.144439 -0.176314 -0.742172
4.686950 -1.240137 3.227498 -0.193140 -0.743064
4.694095 -1.214664 3.309868 -0.210512 -0.743802
4.701240 -1.188921 3.391569 -0.228416 -0.744385
4.708384 -1.162910 3.472623 -0.246843 -0.744809
4.715529 -1.136634 3.553052 -0.265781 -0.745073
4.722674 -1.110099 3.632877 -0.285217 -0.745173
4.729819 -1.083308 3.712118 -0.305143 -0.745107
4.736963 -1.056263 3.790795 -0.325545 -0.744873
4.744108 -1.028971 3.868927 -0.346414 -0.744467
4.751253 -1.001434 3.946533 -0.367737 -0.743888
4.758398 -0.973658 4.023631 -0.389505 -0.743134
4.765542 -0.945647 4.100236 -0.411707 -0.742200
4.772687 -0.917404 4.176364 -0.434330 -0.741086
4.779832 -0.888936 4.252029 -0.457364 -0.739790
4.786977 -0.860247 4.327244 -0.480798 -0.738308
4.794121 -0.831342 4.402020 -0.504621 -0.736638
4.801266 -0.802226 4.476368 -0.528820 -0.734780
4.808411 -0.772905 4.550295 -0.553385 -0.732728
4.815555 -0.743384 4.623805 -0.578301 -0.730482
4.822700 -0.713668 4.696895 -0.603557 -0.728037
4.829845 -0.683764 4.769558 -0.629138 -0.725388
4.836990 -0.653677 4.841774 -0.655028 -0.722526
4.844134 -0.623414 4.913517 -0.681210 -0.719441
4.851279 -0.592982 4.984763 -0.707665 -0.716124
4.858424 -0.562387 5.055518 -0.734382 -0.712575
4.865569 -0.531637 5.125850 -0.761354 -0.708810
4.872713 -0.500736 5.195876 -0.788585 -0.704861
4.879858 -0.469693 5.265673 -0.816076 -0.700751
4.887003 -0.438512 5.335211 -0.843808 -0.696475
4.894148 -0.407202 5.404410 -0.871755 -0.692011
4.901292 -0.375769 5.473212 -0.899895 -0.687345
4.908437 -0.344220 5.541587 -0.928208 -0.682472
4.915582 -0.312563 5.609521 -0.956677 -0.677392
4.922727 -0.280805 5.677009 -0.985286 -0.672106
4.929871 -0.248954 5.744056 -1.014021 -0.666620
4.937016 -0.217018 5.810673 -1.042868 -0.660942
4.944161 -0.185004 5.876861 -1.071814 -0.655079
4.951306 -0.152919 5.942609 -1.100839 -0.649033
4.958450 -0.120772 6.007886 -1.129923 -0.642805
4.965595 -0.088570 6.072661 -1.159046 -0.636392
4.972740 -0.056321 6.136910 -1.188185 -0.629795
4.979885 -0.024033 6.200611 -1.217321 -0.623018
4.987029 0.008285 6.263747 -1.246433 -0.616063
4.994174 0.040625 6.326296 -1.275501 -0.608935
5.001319 0.072980 6.388235 -1.304504 -0.601637
5.008463 0.105342 6.449539 -1.333419 -0.594172
5.015608 0.137701 6.510187 -1.362225 -0.586544
5.022753 0.170049 6.570156 -1.390900 -0.578759
5.029898 0.202379 6.629424 -1.419422 -0.570822
5.037042 0.234683 6.687968 -1.447769 -0.562739
5.044187 0.266951 6.745764 -1.475919 -0.554515
5.051332 0.299175 6.802783 -1.503847 -0.546155
5.058477 0.331348 6.858998 -1.531530 -0.537663
5.065621 0.363461 6.914374 -1.558942 -0.529045
5.072766 0.395506 6.968878 -1.586060 -0.520305
5.079911 0.427475 7.022471 -1.612855 -0.511446
5.087056 0.459359 7.075114 -1.639302 -0.502471
5.094200 0.491150 7.126771 -1.665374 -0.493386
5.101345 0.522840 7.177404 -1.691045 -0.484194
5.108490 0.554421 7.226976 -1.716288 -0.474899
5.115635 0.585884 7.275451 -1.741078 -0.465508
5.122779 0.617222 7.322791 -1.765389 -0.456024
5.129924 0.648426 7.368960 -1.789193 -0.446453
5.137069 0.679489 7.413921 -1.812465 -0.436801
5.144214 0.711808 8.081469 -1.988693 -0.518825
5.151358 0.742267 7.400744 -1.832714 -0.399168
5.158503 0.773076 7.558707 -1.883198 -0.410861
5.165648 0.803635 7.597233 -1.903802 -0.399633
5.172793 0.834004 7.635916 -1.924133 -0.389626
5.179937 0.864178 7.672989 -1.943734 -0.379504
5.187082 0.894147 7.708455 -1.962590 -0.369278
5.194227 0.923824 7.706714 -1.971580 -0.353770
5.201371 0.953349 7.766205 -1.995861 -0.347667
5.208516 0.982610 7.784219 -2.009126 -0.335290
5.215661 1.011617 7.802608 -2.022077 -0.323442
5.222806 1.040368 7.823226 -2.035192 -0.312154
5.229950 1.068855 7.842206 -2.047462 -0.300799
5.237095 1.097064 7.857093 -2.058235 -0.289134
5.244240 1.124995 7.872754 -2.068772 -0.277813
5.251385 1.152645 7.889172 -2.079068 -0.266936
5.258529 1.180006 7.903027 -2.088242 -0.255915
5.265674 1.207066 7.912740 -2.095865 -0.244570
5.272819 1.233814 7.917920 -2.101824 -0.232845
5.279964 1.260251 7.924859 -2.107781 -0.221721
5.287108 1.286377 7.933034 -2.113597 -0.211052
5.294253 1.312169 7.932021 -2.116490 -0.199294
5.301398 1.337638 7.935473 -2.120096 -0.188633
5.308543 1.362767 7.932528 -2.121513 -0.177236
5.315687 1.387551 7.928071 -2.122042 -0.166038
5.322832 1.411989 7.922903 -2.121899 -0.155062
5.329977 1.436062 7.910603 -2.119362 -0.143355
5.337122 1.459788 7.905337 -2.118227 -0.133073
5.344266 1.483147 7.893465 -2.114842 -0.122104
5.351411 1.506133 7.877184 -2.109798 -0.110928
5.358556 1.528734 7.855117 -2.102730 -0.099262
5.365701 1.550962 7.839099 -2.096811 -0.088924
5.372845 1.572800 7.815903 -2.088507 -0.077859
5.379990 1.594245 7.790865 -2.079251 -0.066868
5.387135 1.615291 7.762449 -2.068642 -0.055791
5.394279 1.635945 7.736891 -2.058349 -0.045559
5.401424 1.656181 7.700457 -2.044727 -0.034008
5.408569 1.676004 7.664593 -2.030833 -0.022974
5.415714 1.695423 7.633150 -2.017692 -0.013052
5.422858 1.714421 7.593695 -2.002024 -0.002216
5.430003 1.732984 7.547117 -1.984090 0.009251
5.437148 1.751129 7.506747 -1.967407 0.019326
5.444293 1.768832 7.456257 -1.947706 0.030577
5.451437 1.786105 7.408695 -1.928420 0.040865
5.458582 1.802937 7.356834 -1.907676 0.051498
5.465727 1.819323 7.300596 -1.885480 0.062298
5.472872 1.835271 7.247922 -1.863898 0.072158
5.480016 1.850752 7.180808 -1.838322 0.083895
5.487161 1.865794 7.124918 -1.815355 0.093367
5.494306 1.880390 7.065609 -1.791254 0.103080
5.501451 1.894522 6.996444 -1.764424 0.113882
5.508595 1.908197 6.928298 -1.737645 0.124037
5.515740 1.921410 6.858192 -1.710184 0.134202
5.522885 1.934157 6.783775 -1.681482 0.144580
5.530030 1.946450 6.713802 -1.653729 0.153902
5.537174 1.958268 6.633314 -1.623260 0.164448
5.544319 1.969602 6.547281 -1.591347 0.175471
5.551464 1.980483 6.472520 -1.562096 0.184315
5.558609 1.990866 6.378934 -1.528252 0.195751
5.565753 2.000791 6.298662 -1.497574 0.204703
5.572898 2.010231 6.207559 -1.464311 0.215009
5.580043 2.019195 6.117013 -1.431204 0.224809
5.587188 2.027675 6.022546 -1.397229 0.234903
5.594332 2.035673 5.926398 -1.362942 0.244846
5.601477 2.043192 5.830857 -1.328892 0.254385
5.608622 2.050240 5.736433 -1.295208 0.263421
5.615766 2.056798 5.633097 -1.259657 0.273504
5.622911 2.062889 5.536522 -1.225787 0.282162
5.630056 2.068496 5.432128 -1.190373 0.291802
5.637201 2.073615 5.323230 -1.154206 0.301743
5.644345 2.078257 5.217035 -1.118882 0.310965
5.651490 2.082412 5.106322 -1.082867 0.320616
5.658635 2.086092 4.998096 -1.047682 0.329607
5.665780 2.089287 4.884693 -1.011737 0.339113
5.672924 2.092007 4.773624 -0.976627 0.347968
5.680069 2.094249 4.659200 -0.941202 0.357089
5.687214 2.096019 4.545727 -0.906365 0.365795
5.694359 2.097301 4.424086 -0.870331 0.375492
5.701503 2.098119 4.310274 -0.836288 0.383717
5.708648 2.098466 4.192715 -0.801974 0.392346
5.715793 2.098335 4.070113 -0.767193 0.401508
5.722938 2.097742 3.951768 -0.733732 0.409775
5.730082 2.096663 3.823174 -0.698918 0.419427
5.737227 2.095124 3.702368 -0.666103 0.427629
5.744372 2.093127 3.582527 -0.634026 0.435550
5.751517 2.090661 3.455698 -0.601312 0.444356
5.758661 2.087740 3.333523 -0.570030 0.452230
5.765806 2.084357 3.206343 -0.538530 0.460715
5.772951 2.080542 3.090571 -0.509581 0.467275
5.780096 2.076252 2.955974 -0.478199 0.476629
5.787240 2.071540 2.840341 -0.450570 0.482833
5.794385 2.066366 2.708003 -0.420983 0.491563
5.801530 2.060758 2.584588 -0.393516 0.498714
5.808674 2.054701 2.454318 -0.365742 0.506818
5.815819 2.048219 2.332408 -0.339961 0.513508
5.822964 2.041288 2.200317 -0.313462 0.521701
5.830109 2.033947 2.082087 -0.289703 0.527629
5.837253 2.026177 1.956089 -0.265620 0.534728
5.844398 2.017990 1.833358 -0.242765 0.541226
5.851543 2.009384 1.707900 -0.220343 0.548062
5.858688 2.000350 1.578184 -0.198199 0.555461
5.865832 1.990914 1.457252 -0.177981 0.561429
5.872977 1.981053 1.326981 -0.157459 0.568830
5.880122 1.970785 1.203002 -0.138538 0.575177
5.887267 1.960128 1.085909 -0.121230 0.580473
5.894411 1.949047 0.954011 -0.103126 0.588018
5.901556 1.937580 0.835658 -0.087354 0.593365
5.908701 1.925719 0.715047 -0.072184 0.599127
5.915846 1.913459 0.590773 -0.057510 0.605427
5.922990 1.900811 0.470102 -0.044060 0.611105
5.930135 1.887778 0.350849 -0.031606 0.616576
5.937280 1.874369 0.234055 -0.020229 0.621666
5.944425 1.860582 0.116868 -0.009671 0.626842
5.951569 1.846420 -0.000469 0.000037 0.632041
5.958714 1.831890 -0.114813 0.008652 0.636772
5.965859 1.816992 -0.229553 0.016446 0.641594
5.973004 1.801736 -0.341013 0.023158 0.645933
5.980148 1.786119 -0.453800 0.029118 0.650505
5.987293 1.770143 -0.566450 0.034217 0.655069
5.994438 1.753813 -0.676858 0.038336 0.659316
6.001582 1.737130 -0.787033 0.041601 0.663569
6.008727 1.720103 -0.894098 0.043873 0.667377
6.015872 1.702730 -1.001315 0.045330 0.671254
6.023017 1.685016 -1.107529 0.045922 0.675009
6.030161 1.666964 -1.211969 0.045629 0.678530
6.037306 1.648574 -1.316723 0.044540 0.682140
6.044451 1.629849 -1.420390 0.042609 0.685613
6.051596 1.610790 -1.523513 0.039861 0.689034
6.058740 1.591402 -1.625424 0.036288 0.692302
6.065885 1.571688 -1.725170 0.031885 0.695274
6.073030 1.551650 -1.824805 0.026707 0.698266
6.080175 1.531289 -1.923528 0.020748 0.701144
6.087319 1.510608 -2.021358 0.014018 0.703912
6.094464 1.489609 -2.118257 0.006530 0.706562
6.101609 1.468296 -2.214169 -0.001706 0.709083
6.108754 1.446669 -2.309264 -0.010677 0.711496
6.115898 1.424733 -2.403510 -0.020372 0.713791
6.123043 1.402488 -2.496882 -0.030777 0.715962
6.130188 1.379938 -2.589395 -0.041882 0.718007
6.137333 1.357085 -2.681063 -0.053674 0.719923
6.144477 1.333931 -2.771907 -0.066141 0.721709
6.151622 1.310481 -2.861943 -0.079271 0.723363
6.158767 1.286735 -2.951189 -0.093051 0.724881
6.165912 1.262698 -3.039663 -0.107470 0.726263
6.173056 1.238371 -3.127383 -0.122516 0.727504
6.180201 1.213759 -3.214368 -0.138177 0.728602
6.187346 1.188863 -3.300633 -0.154440 0.729554
6.194490 1.163688 -3.386198 -0.171294 0.730358
6.201635 1.138237 -3.471080 -0.188728 0.731009
6.208780 1.112512 -3.555295 -0.206729 0.731506
6.215925 1.086518 -3.638861 -0.225286 0.731845
6.223069 1.060258 -3.721793 -0.244387 0.732022
6.230214 1.033736 -3.804108 -0.264020 0.732035
6.237359 1.006955 -3.885820 -0.284173 0.731881
6.244504 0.979921 -3.966941 -0.304835 0.731555
6.251648 0.952637 -4.047483 -0.325994 0.731055
6.258793 0.925107 -4.127455 -0.347637 0.730377
6.265938 0.897337 -4.206155 -0.369690 0.729419
6.273083 0.869327 -4.287014 -0.392446 0.728656
6.280227 0.841081 -4.367390 -0.415669 0.727697
6.287372 0.812603 -4.447320 -0.439351 0.726556
6.294517 0.783899 -4.526821 -0.463481 0.725235
6.301662 0.754972 -4.605907 -0.488048 0.723731
6.308806 0.725828 -4.684590 -0.513040 0.722042
6.315951 0.696470 -4.762880 -0.538447 0.720167
6.323096 0.666905 -4.840787 -0.564256 0.718102
6.330241 0.637138 -4.918318 -0.590456 0.715846
6.337385 0.607171 -4.996169 -0.617119 0.713491
6.344530 0.577015 -5.072267 -0.643978 0.710744
6.351675 0.546673 -5.148675 -0.671272 0.707899
6.358820 0.516150 -5.224689 -0.698902 0.704844
6.365964 0.485454 -5.300306 -0.726854 0.701577
6.373109 0.454590 -5.375531 -0.755115 0.698099
6.380254 0.423565 -5.450383 -0.783672 0.694415
6.387399 0.392385 -5.524893 -0.812517 0.690533
6.394543 0.361057 -5.599072 -0.841638 0.686457
6.401688 0.329587 -5.672887 -0.871016 0.682178
6.408833 0.297982 -5.746292 -0.900628 0.677686
6.415977 0.266250 -5.819269 -0.930458 0.672976
6.423122 0.234397 -5.891836 -0.960493 0.668056
6.430267 0.202432 -5.964034 -0.990725 0.662940
6.437412 0.170360 -6.035911 -1.021147 0.657645
6.444556 0.138190 -6.107488 -1.051747 0.652182
6.451701 0.105927 -6.178736 -1.082508 0.646549
6.458846 0.073581 -6.249584 -1.113400 0.640733
6.465991 0.041157 -6.319955 -1.144395 0.634720
6.473135 0.008667 -6.388566 -1.175239 0.628335
6.480280 -0.023886 -6.459028 -1.206581 0.622081
6.487425 -0.056491 -6.527698 -1.237733 0.615442
6.494570 -0.089141 -6.595810 -1.268904 0.608619
6.501714 -0.121828 -6.663393 -1.300083 0.601621
6.508859 -0.154543 -6.730490 -1.331262 0.594470
6.516004 -0.187280 -6.797112 -1.362426 0.587178
6.523149 -0.220030 -6.863203 -1.393546 0.579740
6.530293 -0.252784 -6.928678 -1.424590 0.572147
6.537438 -0.285536 -6.993472 -1.455524 0.564390
6.544583 -0.318276 -7.057543 -1.486323 0.556473
6.551728 -0.350996 -7.120858 -1.516961 0.548398
6.558872 -0.383689 -7.183385 -1.547412 0.540171
6.566017 -0.416345 -7.245087 -1.577650 0.531793
6.573162 -0.448957 -7.305910 -1.607644 0.523265
6.580307 -0.481516 -7.365794 -1.637362 0.514583
6.587451 -0.514012 -7.424677 -1.666770 0.505743
6.594596 -0.546438 -7.482546 -1.695847 0.496752
6.601741 -0.578779 -7.536339 -1.723871 0.487216
6.608885 -0.611039 -7.595473 -1.752980 0.478469
6.616030 -0.643205 -7.650729 -1.781046 0.469208
6.623175 -0.675268 -7.705122 -1.808742 0.459912
6.630320 -0.707221 -7.758497 -1.836013 0.450536
6.637464 -0.739057 -7.810708 -1.862806 0.441061
6.644609 -0.770766 -7.861625 -1.889071 0.431465
6.651754 -0.802339 -7.911163 -1.914770 0.421741
6.658899 -0.833770 -7.959323 -1.939882 0.411904
6.666043 -0.865048 -8.006140 -1.964399 0.401977
6.673188 -0.896167 -8.051600 -1.988299 0.391971
6.680333 -0.927118 -8.095673 -2.011556 0.381892
6.687478 -0.957893 -8.138350 -2.034152 0.371755
6.694622 -0.988484 -8.179626 -2.056068 0.361573
6.701767 -1.018884 -8.219440 -2.077274 0.351347
6.708912 -1.049085 -8.257698 -2.097728 0.341067
6.716057 -1.079068 -8.289189 -2.116085 0.330030
6.723201 -1.108848 -8.329167 -2.136224 0.320368
6.730346 -1.138405 -8.362467 -2.154258 0.309917
6.737491 -1.167733 -8.394116 -2.171456 0.299475
6.744636 -1.196824 -8.424062 -2.187793 0.289012
6.751780 -1.225672 -8.452269 -2.203244 0.278537
6.758925 -1.254271 -8.478669 -2.217780 0.268047
6.766070 -1.282612 -8.503199 -2.231373 0.257540
6.773215 -1.310689 -8.525785 -2.243991 0.247011
6.780359 -1.338494 -8.546373 -2.255611 0.236458
6.787504 -1.366022 -8.564937 -2.266214 0.225887
6.794649 -1.393265 -8.581469 -2.275791 0.215308
6.801793 -1.420217 -8.595944 -2.284325 0.204727
6.808938 -1.446871 -8.608324 -2.291800 0.194146
6.816083 -1.473221 -8.618588 -2.298204 0.183572
6.823228 -1.499260 -8.626695 -2.303519 0.173007
6.830372 -1.524967 -8.625169 -2.305742 0.161424
6.837517 -1.550367 -8.635830 -2.310704 0.151875
6.844662 -1.575435 -8.637037 -2.312614 0.141252
6.851807 -1.600169 -8.636006 -2.313401 0.130696
6.858951 -1.624561 -8.632658 -2.313042 0.120150
6.866096 -1.648608 -8.626999 -2.311538 0.109630
6.873241 -1.672302 -8.619006 -2.308886 0.099141
6.880386 -1.695640 -8.608628 -2.305073 0.088676
6.887530 -1.718615 -8.595805 -2.300085 0.078229
6.894675 -1.741221 -8.580485 -2.293914 0.067793
6.901820 -1.763455 -8.562632 -2.286556 0.057367
6.908965 -1.785310 -8.542223 -2.278009 0.046948
6.916109 -1.806782 -8.519235 -2.268276 0.036538
6.923254 -1.827843 -8.483771 -2.254734 0.024766
6.930399 -1.848531 -8.465034 -2.245156 0.015748
6.937544 -1.868817 -8.434178 -2.231884 0.005304
6.944688 -1.888701 -8.400861 -2.217498 -0.005037
6.951833 -1.908177 -8.364973 -2.201981 -0.015359
6.958978 -1.927241 -8.326509 -2.185345 -0.025656
6.966123 -1.945888 -8.285460 -2.167603 -0.035928
6.973267 -1.964116 -8.241814 -2.148768 -0.046178
6.980412 -1.981918 -8.195576 -2.128858 -0.056405
6.987557 -1.999293 -8.146777 -2.107900 -0.066599
6.994701 -2.016235 -8.095438 -2.085916 -0.076758
7.001846 -2.032715 -8.028964 -2.059696 -0.088641
7.008991 -2.048783 -7.984541 -2.038801 -0.096976
7.016136 -2.064404 -7.925357 -2.013808 -0.107145
7.023280 -2.079580 -7.863724 -1.987899 -0.117194
7.030425 -2.094308 -7.799545 -1.961071 -0.127228
7.037570 -2.108585 -7.732853 -1.933358 -0.137235
7.044715 -2.122407 -7.663665 -1.904788 -0.147216
7.051859 -2.135772 -7.592006 -1.875394 -0.157170
7.059004 -2.148644 -7.502498 -1.841428 -0.169262
7.066149 -2.161088 -7.440796 -1.814123 -0.176971
7.073294 -2.173062 -7.361747 -1.782424 -0.186943
7.080438 -2.184570 -7.280460 -1.750067 -0.196770
7.087583 -2.195611 -7.196802 -1.717048 -0.206585
7.094728 -2.206182 -7.110828 -1.683411 -0.216378
7.101873 -2.216241 -7.004266 -1.644893 -0.228737
7.109017 -2.225821 -6.910336 -1.609369 -0.238857
7.116162 -2.234913 -6.814005 -1.573313 -0.249067
7.123307 -2.243518 -6.715596 -1.536831 -0.259224
7.130452 -2.251635 -6.615378 -1.500014 -0.269301
7.137596 -2.259264 -6.514121 -1.463067 -0.279190
7.144741 -2.266406 -6.411137 -1.425861 -0.288998
7.151886 -2.273062 -6.306659 -1.388477 -0.298695
7.159031 -2.279230 -6.200275 -1.350855 -0.308349
7.166175 -2.284913 -6.092626 -1.313165 -0.317860
7.173320 -2.290107 -5.981995 -1.275068 -0.327514
7.180465 -2.294814 -5.869791 -1.236901 -0.337072
7.187609 -2.299033 -5.755781 -1.198647 -0.346610
7.194754 -2.302763 -5.639189 -1.160177 -0.356211
7.201899 -2.305999 -5.518860 -1.121295 -0.366123
7.209044 -2.308744 -5.397953 -1.082684 -0.375881
7.216188 -2.310998 -5.276014 -1.044276 -0.385461
7.223333 -2.312762 -5.152865 -1.006064 -0.395019
7.230478 -2.314047 -5.032601 -0.968865 -0.403831
7.237623 -2.314832 -4.901913 -0.930147 -0.414068
7.244767 -2.315150 -4.782394 -0.894053 -0.422258
7.251912 -2.314984 -4.656126 -0.857207 -0.431352
7.259057 -2.314335 -4.527306 -0.820445 -0.440571
7.266202 -2.313208 -4.398374 -0.784242 -0.449592
7.273346 -2.311607 -4.270238 -0.748776 -0.458289
7.280491 -2.309531 -4.140119 -0.713577 -0.467101
7.287636 -2.306983 -4.009018 -0.678850 -0.475876
7.294781 -2.303958 -3.874834 -0.644271 -0.484923
7.301925 -2.300477 -3.747549 -0.611512 -0.492764
7.309070 -2.296521 -3.610914 -0.577926 -0.501879
7.316215 -2.292111 -3.481846 -0.546270 -0.509682
7.323360 -2.287232 -3.344641 -0.514073 -0.518580
7.330504 -2.281904 -3.214772 -0.483757 -0.526218
7.337649 -2.276123 -3.081905 -0.453743 -0.534224
7.344794 -2.269881 -2.943696 -0.423738 -0.542917
7.351939 -2.263190 -2.809333 -0.395101 -0.550857
7.359083 -2.256054 -2.676185 -0.367445 -0.558560
7.366228 -2.248487 -2.547628 -0.341224 -0.565498
7.373373 -2.240485 -2.416524 -0.315472 -0.572752
7.380518 -2.232046 -2.282873 -0.290226 -0.580297
7.387662 -2.223179 -2.150881 -0.266045 -0.587466
7.394807 -2.213877 -2.015879 -0.242362 -0.595068
7.401952 -2.204156 -1.886071 -0.220176 -0.601816
7.409096 -2.194022 -1.758553 -0.199115 -0.608216
7.416241 -2.183463 -1.625161 -0.178270 -0.615455
7.423386 -2.172494 -1.496696 -0.158859 -0.621902
7.430531 -2.161120 -1.369260 -0.140438 -0.628158
7.437675 -2.149323 -1.234432 -0.122172 -0.635558
7.444820 -2.137137 -1.112006 -0.106037 -0.640985
7.451965 -2.124569 -0.993497 -0.091128 -0.645922
7.459110 -2.111586 -0.860056 -0.075750 -0.653105
7.466254 -2.098215 -0.736304 -0.062151 -0.658761
7.473399 -2.084458 -0.613018 -0.049487 -0.664377
7.480544 -2.070310 -0.488208 -0.037606 -0.670251
7.487689 -2.055783 -0.367588 -0.026950 -0.675520
7.494833 -2.040883 -0.248947 -0.017324 -0.680511
7.501978 -2.025604 -0.128569 -0.008466 -0.685812
7.509123 -2.009932 -0.000415 -0.000026 -0.692304
7.516268 -1.993903 0.112822 0.006581 -0.696503
7.523412 -1.977509 0.227818 0.012430 -0.701093
7.530557 -1.960736 0.349086 0.017725 -0.706683
7.537702 -1.943608 0.461938 0.021702 -0.710973
7.544847 -1.926111 0.579001 0.025000 -0.716001
7.551991 -1.908256 0.692314 0.027254 -0.720488
7.559136 -1.890051 0.801402 0.028488 -0.724398
7.566281 -1.871517 0.901264 0.028589 -0.726996
7.573426 -1.852604 1.021889 0.028500 -0.732808
7.580570 -1.833344 1.131838 0.027224 -0.736927
7.587715 -1.813751 1.234245 0.024947 -0.739990
7.594860 -1.793803 1.345295 0.022018 -0.744465
7.602004 -1.773520 1.448082 0.018128 -0.747678
7.609149 -1.752913 1.545962 0.013401 -0.750232
7.616294 -1.731975 1.645819 0.007927 -0.753164
7.623439 -1.710688 1.754477 0.001690 -0.757440
7.630583 -1.689075 1.854538 -0.005359 -0.760382
7.637728 -1.667131 1.955671 -0.013186 -0.763552
7.644873 -1.644884 2.044752 -0.021662 -0.764946
7.652018 -1.622287 2.152751 -0.031093 -0.769278
7.659162 -1.599368 2.250860 -0.041168 -0.772032
7.666307 -1.576132 2.346152 -0.051928 -0.774409
7.673452 -1.552577 2.441628 -0.063415 -0.776851
7.680597 -1.528714 2.532533 -0.075486 -0.778618
7.687741 -1.504541 2.624478 -0.088275 -0.780552
7.694886 -1.480074 2.709653 -0.101497 -0.781455
7.702031 -1.455280 2.809715 -0.115965 -0.784630
7.709176 -1.430191 2.897491 -0.130620 -0.785833
7.716320 -1.404805 2.985719 -0.145940 -0.787131
7.723465 -1.379115 3.077183 -0.162073 -0.788908
7.730610 -1.353136 3.163495 -0.178577 -0.789815
7.737755 -1.326865 3.250607 -0.195747 -0.790868
7.744899 -1.300290 3.344552 -0.213973 -0.792880
7.752044 -1.273458 3.419030 -0.231545 -0.791839
7.759189 -1.246350 3.500992 -0.250165 -0.792013
7.766334 -1.218948 3.592235 -0.270045 -0.793438
7.773478 -1.191274 3.677361 -0.290070 -0.793813
7.780623 -1.163327 3.762078 -0.310635 -0.794082
7.787768 -1.135109 3.847275 -0.331806 -0.794335
7.794912 -1.106641 3.924602 -0.352831 -0.793299
7.802057 -1.077914 4.006397 -0.374771 -0.792894
7.809202 -1.048924 4.091987 -0.397602 -0.792920
7.816347 -1.019702 4.166279 -0.419836 -0.791107
7.823491 -0.990221 4.252761 -0.443796 -0.791075
7.830636 -0.960501 4.333208 -0.467637 -0.789900
7.837781 -0.930543 4.414624 -0.492067 -0.788813
7.844926 -0.900356 4.493316 -0.516665 -0.787171
7.852070 -0.869939 4.574529 -0.542013 -0.785799
7.859215 -0.839299 4.654464 -0.567666 -0.784065
7.866360 -0.808449 4.731365 -0.593382 -0.781732
7.873505 -0.777403 4.803415 -0.618887 -0.778491
7.880649 -0.746170 4.874266 -0.644603 -0.774959
7.887794 -0.714707 4.966173 -0.673529 -0.774403
7.894939 -0.683063 5.041056 -0.700575 -0.771053
7.902084 -0.651239 5.115863 -0.727971 -0.767650
7.909228 -0.619255 5.184195 -0.754775 -0.763111
7.916373 -0.587082 5.267374 -0.784088 -0.760720
7.923518 -0.554753 5.340502 -0.812257 -0.756496
7.930663 -0.522283 5.408945 -0.840007 -0.751476
7.937807 -0.489667 5.481200 -0.868629 -0.746908
7.944952 -0.456906 5.557743 -0.898227 -0.742750
7.952097 -0.423988 5.642698 -0.929509 -0.739739
7.959242 -0.390997 5.694687 -0.955596 -0.731449
7.966386 -0.357845 5.783998 -0.988185 -0.728914
7.973531 -0.324600 5.851217 -1.017272 -0.722654
7.980676 -0.291255 5.921177 -1.047040 -0.716822
7.987820 -0.257802 5.999297 -1.078474 -0.712048
7.994965 -0.224286 6.062158 -1.107356 -0.704644
8.002110 -0.190696 6.129718 -1.137244 -0.697983
8.009255 -0.157011 6.211171 -1.169899 -0.693278
8.016399 -0.123312 6.261731 -1.196865 -0.683775
8.023544 -0.089514 6.349052 -1.230990 -0.679907
8.030689 -0.055695 6.410230 -1.260196 -0.671691
8.037834 -0.021841 6.477397 -1.290662 -0.664424
8.044978 0.012038 6.544586 -1.321217 -0.656962
8.052123 0.045937 6.612893 -1.352074 -0.649646
8.059268 0.079841 6.677211 -1.382171 -0.641525
8.066413 0.113766 6.751053 -1.414296 -0.635015
8.073557 0.147692 6.821357 -1.445737 -0.627695
8.080702 0.181589 6.879240 -1.474551 -0.618512
8.087847 0.215453 6.937536 -1.503417 -0.609332
8.094992 0.249287 7.001217 -1.533415 -0.600941
8.102136 0.283067 7.058702 -1.562006 -0.591568
8.109281 0.316823 7.131141 -1.593863 -0.584372
8.116426 0.350499 7.184106 -1.621302 -0.574200
8.123571 0.384100 7.239673 -1.649211 -0.564404
8.130715 0.417629 7.300131 -1.678123 -0.555402
8.137860 0.451053 7.349135 -1.704263 -0.544739
8.145005 0.484408 7.416273 -1.734471 -0.536874
8.152150 0.517638 7.464122 -1.760016 -0.526019
8.159294 0.550767 7.522004 -1.787743 -0.516884
8.166439 0.583817 7.594259 -1.818736 -0.509901
8.173584 0.616721 7.639863 -1.843161 -0.498851
8.180729 0.649495 7.691076 -1.868703 -0.488931
8.187873 0.682127 7.741366 -1.893782 -0.478898
8.195018 0.714617 7.793324 -1.919020 -0.469306
8.202163 0.746910 7.825026 -1.938979 -0.456525
8.209307 0.779059 7.879981 -1.964402 -0.447657
8.216452 0.810994 7.910045 -1.983312 -0.434953
8.223597 0.842777 7.967005 -2.008648 -0.426594
8.230742 0.874351 8.003781 -2.028576 -0.415264
8.237886 0.905721 8.042139 -2.048552 -0.404435
8.245031 0.936881 8.080476 -2.068161 -0.393763
8.252176 0.967829 8.120123 -2.087737 -0.383438
8.259321 0.998540 8.149847 -2.104374 -0.371880
8.266465 1.029010 8.179673 -2.120629 -0.360485
8.273610 1.059242 8.212599 -2.137276 -0.349906
8.280755 1.089222 8.241103 -2.152351 -0.338822
8.287900 1.118951 8.271767 -2.167560 -0.328295
8.295044 1.148409 8.294676 -2.180294 -0.316879
8.302189 1.177596 8.318162 -2.192725 -0.305781
8.309334 1.206496 8.336685 -2.203384 -0.294255
8.316479 1.235113 8.357810 -2.214258 -0.283413
8.323623 1.263399 8.359551 -2.219512 -0.269806
8.330768 1.291386 8.374762 -2.227849 -0.258696
8.337913 1.319058 8.387027 -2.234912 -0.247357
8.345058 1.346412 8.397389 -2.240971 -0.236062
8.352202 1.373440 8.405853 -2.246022 -0.224809
8.359347 1.400135 8.411822 -2.249903 -0.213475
8.366492 1.426494 8.416061 -2.252813 -0.202276
8.373637 1.452509 8.417598 -2.254491 -0.191033
8.380781 1.478176 8.417579 -2.255240 -0.179914
8.387926 1.503487 8.414374 -2.254625 -0.168666
8.395071 1.528437 8.408679 -2.252830 -0.157421
8.402215 1.553020 8.401992 -2.250260 -0.146346
8.409360 1.577232 8.391832 -2.246251 -0.135173
8.416505 1.601065 8.379142 -2.241061 -0.124027
8.423650 1.624515 8.364397 -2.234819 -0.112978
8.430794 1.647578 8.347006 -2.227373 -0.101945
8.437939 1.670250 8.327847 -2.218965 -0.091018
8.445084 1.692523 8.305197 -2.209142 -0.079981
8.452229 1.714392 8.279818 -2.198117 -0.068938
8.459373 1.735854 8.252597 -2.186135 -0.058002
8.466518 1.756902 8.221943 -2.172784 -0.046965
8.473663 1.777531 8.188689 -2.158299 -0.035963
8.480808 1.797738 8.153129 -2.142769 -0.025042
8.487952 1.817519 8.115110 -2.126167 -0.014163
8.495097 1.836869 8.074353 -2.108437 -0.003301
8.502242 1.855783 8.030527 -2.089507 0.007598
8.509387 1.874258 7.984390 -2.069594 0.018424
8.516531 1.892290 7.935522 -2.048606 0.029238
8.523676 1.909874 7.884005 -2.026583 0.040025
8.530821 1.927007 7.829873 -2.003555 0.050778
8.537966 1.943686 7.773120 -1.979541 0.061499
8.545110 1.959907 7.713723 -1.954557 0.072195
8.552255 1.975668 7.651661 -1.928622 0.082873
8.559400 1.990963 7.586932 -1.901759 0.093536
8.566545 2.005791 7.519566 -1.874001 0.104181
8.573689 2.020148 7.449615 -1.845386 0.114799
8.580834 2.034032 7.377115 -1.815949 0.125384
8.587979 2.047441 7.302078 -1.785721 0.135939
8.595123 2.060370 7.224498 -1.754728 0.146471
8.602268 2.072819 7.144374 -1.722999 0.156984
8.609413 2.084785 7.061722 -1.690566 0.167483
8.616558 2.096264 6.976568 -1.657466 0.177969
8.623702 2.107256 6.888947 -1.623737 0.188441
8.630847 2.117759 6.798904 -1.589422 0.198896
8.637992 2.127769 6.706493 -1.554564 0.209331
8.645137 2.137286 6.611756 -1.519204 0.219745
8.652281 2.146309 6.514727 -1.483383 0.230141
8.659426 2.154835 6.415452 -1.447143 0.240518
8.666571 2.162863 6.314002 -1.410533 0.250873
8.673716 2.170393 6.210476 -1.373607 0.261195
8.680860 2.177423 6.104987 -1.336422 0.271474
8.688005 2.183954 5.997669 -1.299039 0.281697
8.695150 2.189986 5.888717 -1.261532 0.291844
8.702295 2.195519 5.778519 -1.224013 0.301865
8.709439 2.200556 5.667170 -1.186529 0.311754
8.716584 2.205096 5.554588 -1.149091 0.321529
8.723729 2.209142 5.440485 -1.111667 0.331240
8.730874 2.212693 5.324688 -1.074252 0.340920
8.738018 2.215752 5.208043 -1.037046 0.350446
8.745163 2.218321 5.090545 -1.000074 0.359823
8.752308 2.220396 4.969388 -0.962816 0.369453
8.759453 2.221971 4.842989 -0.925017 0.379631
8.766597 2.223051 4.717726 -0.887941 0.389392
8.773742 2.223639 4.591854 -0.851272 0.398975
8.780887 2.223751 4.472295 -0.816296 0.407430
8.788031 2.223379 4.347004 -0.780812 0.416511
8.795176 2.222520 4.218206 -0.745281 0.425912
8.802321 2.221184 4.091984 -0.710806 0.434731
8.809466 2.219369 3.963387 -0.676537 0.443704
8.816610 2.217075 3.832721 -0.642563 0.452784
8.823755 2.214311 3.704615 -0.609679 0.461312
8.830900 2.211071 3.572967 -0.576894 0.470221
8.838045 2.207362 3.441508 -0.544847 0.478903
8.845189 2.203187 3.310436 -0.513581 0.487392
8.852334 2.198551 3.179842 -0.483122 0.495678
8.859479 2.193454 3.048522 -0.453299 0.503933
8.866624 2.187903 2.917699 -0.424314 0.511965
8.873768 2.181893 2.783946 -0.395686 0.520344
8.880913 2.175433 2.652193 -0.368143 0.528291
8.888058 2.168526 2.520894 -0.341468 0.536063
8.895203 2.161172 2.387717 -0.315362 0.544034
8.902347 2.153380 2.257736 -0.290508 0.551427
8.909492 2.145152 2.127423 -0.266444 0.558808
8.916637 2.136489 1.996171 -0.243110 0.566253
8.923782 2.127385 1.861131 -0.220191 0.574211
8.930926 2.117869 1.737231 -0.199451 0.580399
8.938071 2.107920 1.604168 -0.178522 0.587956
8.945216 2.097557 1.477598 -0.159199 0.594448
8.952361 2.086786 1.353058 -0.140956 0.600605
8.959505 2.075585 1.217892 -0.122508 0.608377
8.966650 2.063975 1.090028 -0.105717 0.614971
8.973795 2.051968 0.968051 -0.090379 0.620665
8.980940 2.039550 0.839264 -0.075299 0.627440
8.988084 2.026735 0.715342 -0.061563 0.633403
8.995229 2.013531 0.594428 -0.048972 0.638930
9.002374 1.999925 0.467349 -0.036778 0.645403
9.009518 1.985931 0.345576 -0.025914 0.651046
9.016663 1.971563 0.229153 -0.016332 0.655898
9.023808 1.956805 0.106524 -0.007194 0.661756
9.030953 1.941677 -0.009163 0.000585 0.666545
9.038097 1.926170 -0.128660 0.007723 0.671956
9.045242 1.910289 -0.246240 0.013854 0.677084
9.052387 1.894040 -0.361671 0.018981 0.681920
9.059532 1.877420 -0.478209 0.023284 0.686965
9.066676 1.860437 -0.592499 0.026597 0.691691
9.073821 1.843094 -0.704335 0.028936 0.696086
9.080966 1.825398 -0.813988 0.030334 0.700209
9.088111 1.807336 -0.928361 0.031048 0.705086
9.095255 1.788917 -1.040170 0.030804 0.709584
9.102400 1.770150 -1.147700 0.029588 0.713495
9.109545 1.751032 -1.255965 0.027557 0.717566
9.116690 1.731582 -1.355992 0.024540 0.720427
9.123834 1.711787 -1.461901 0.020833 0.724236
9.130979 1.691643 -1.570026 0.016330 0.728366
9.138124 1.671157 -1.675730 0.010976 0.732142
9.145269 1.650337 -1.777654 0.004795 0.735391
9.152413 1.629194 -1.874564 -0.002167 0.737939
9.159558 1.607710 -1.978124 -0.009908 0.741541
9.166703 1.585898 -2.077620 -0.018410 0.744517
9.173848 1.563764 -2.174039 -0.027635 0.747050
9.180992 1.541306 -2.271012 -0.037606 0.749717
9.188137 1.518519 -2.371186 -0.048382 0.752854
9.195282 1.495427 -2.460316 -0.059651 0.754303
9.202426 1.472012 -2.557629 -0.071823 0.757053
9.209571 1.448292 -2.647277 -0.084482 0.758615
9.216716 1.424257 -2.741670 -0.097982 0.760887
9.223861 1.399913 -2.834392 -0.112119 0.762899
9.231005 1.375254 -2.929883 -0.127063 0.765272
9.238150 1.350288 -3.023129 -0.142604 0.767262
9.245295 1.325031 -3.109565 -0.158479 0.768206
9.252440 1.299475 -3.198667 -0.175126 0.769530
9.259584 1.273630 -3.284642 -0.192230 0.770373
9.266729 1.247489 -3.374507 -0.210188 0.771725
9.273874 1.221072 -3.456735 -0.228277 0.771850
9.281019 1.194365 -3.545149 -0.247370 0.772913
9.288163 1.167386 -3.627778 -0.266652 0.772970
9.295308 1.140126 -3.715015 -0.286853 0.773643
9.302453 1.112599 -3.797393 -0.307252 0.773534
9.309598 1.084794 -3.885299 -0.328669 0.774158
9.316742 1.056725 -3.969289 -0.350323 0.774056
9.323887 1.028379 -4.059340 -0.373082 0.774759
9.331032 0.999803 -4.130369 -0.394607 0.772545
9.338177 0.970978 -4.209553 -0.417379 0.771514
9.345321 0.941896 -4.295306 -0.441317 0.771329
9.352466 0.912576 -4.375590 -0.465203 0.770091
9.359611 0.883022 -4.454838 -0.489457 0.768640
9.366756 0.853233 -4.535762 -0.514369 0.767318
9.373900 0.823209 -4.619837 -0.540118 0.766359
9.381045 0.792970 -4.696590 -0.565470 0.764044
9.388190 0.762519 -4.773752 -0.591295 0.761737
9.395334 0.731844 -4.858183 -0.618463 0.760395
9.402479 0.700978 -4.930493 -0.644504 0.757024
9.409624 0.669907 -5.010707 -0.671970 0.754788
9.416769 0.638671 -5.076434 -0.697855 0.750138
9.423913 0.607236 -5.158100 -0.726286 0.747801
9.431058 0.575612 -5.240119 -0.755166 0.745282
9.438203 0.543821 -5.315727 -0.783492 0.741522
9.445348 0.511866 -5.390542 -0.812037 0.737622
9.452492 0.479748 -5.468921 -0.841452 0.733995
9.459637 0.447487 -5.540304 -0.870102 0.729156
9.466782 0.415078 -5.616495 -0.899801 0.724980
9.473927 0.382530 -5.691351 -0.929580 0.720479
9.481071 0.349859 -5.763064 -0.959114 0.715239
9.488216 0.317059 -5.838978 -0.989607 0.710630
9.495361 0.284159 -5.906300 -1.018879 0.704497
9.502506 0.251156 -5.976869 -1.048918 0.698712
9.509650 0.218043 -6.055083 -1.080527 0.693904
9.516795 0.184857 -6.120505 -1.110054 0.686988
9.523940 0.151585 -6.192650 -1.140971 0.681094
9.531085 0.118250 -6.259478 -1.171072 0.674196
9.538229 0.084851 -6.328754 -1.201774 0.667599
9.545374 0.051371 -6.409805 -1.234881 0.662683
9.552519 0.017842 -6.480498 -1.266152 0.655986
9.559664 -0.015726 -6.548694 -1.297049 0.648861
9.566808 -0.049303 -6.605767 -1.325805 0.639916
9.573953 -0.082907 -6.673668 -1.356785 0.632653
9.581098 -0.116542 -6.748924 -1.389344 0.626245
9.588242 -0.150170 -6.811017 -1.419249 0.617696
9.595387 -0.183787 -6.872181 -1.448970 0.609027
9.602532 -0.217415 -6.946894 -1.481572 0.602388
9.609677 -0.250997 -6.999662 -1.509487 0.592438
9.616821 -0.284569 -7.069618 -1.541077 0.585137
9.623966 -0.318113 -7.136778 -1.572045 0.577208
9.631111 -0.351613 -7.199930 -1.602090 0.568680
9.638256 -0.385048 -7.255729 -1.630419 0.559067
9.645400 -0.418438 -7.322757 -1.661187 0.551132
9.652545 -0.451778 -7.391997 -1.692388 0.543439
9.659690 -0.485010 -7.438175 -1.718183 0.532279
9.666835 -0.518164 -7.497309 -1.746811 0.523271
9.673979 -0.551216 -7.551076 -1.774032 0.513422
9.681124 -0.584145 -7.598923 -1.799673 0.502653
9.688269 -0.616985 -7.662600 -1.828878 0.494513
9.695414 -0.649698 -7.715397 -1.855298 0.484658
9.702558 -0.682277 -7.765127 -1.880755 0.474492
9.709703 -0.714722 -7.817984 -1.906733 0.464731
9.716848 -0.747015 -7.865263 -1.931097 0.454460
9.723993 -0.779158 -7.915378 -1.955888 0.444651
9.731137 -0.811136 -7.961174 -1.979329 0.434341
9.738282 -0.842934 -8.002962 -2.001467 0.423585
9.745427 -0.874561 -8.049985 -2.024598 0.413732
9.752572 -0.906000 -8.092805 -2.046347 0.403383
9.759716 -0.937226 -8.126361 -2.065400 0.391785
9.766861 -0.968272 -8.175002 -2.087931 0.382801
9.774006 -0.999102 -8.211942 -2.107112 0.372086
9.781150 -1.029718 -8.249798 -2.126144 0.361821
9.788295 -1.060103 -8.281873 -2.143287 0.350832
9.795440 -1.090260 -8.316194 -2.160600 0.340481
9.802585 -1.120170 -8.345282 -2.176131 0.329509
9.809729 -1.149831 -8.373378 -2.190968 0.318654
9.816874 -1.179233 -8.399641 -2.204879 0.307772
9.824019 -1.208368 -8.423346 -2.217663 0.296759
9.831164 -1.237230 -8.445465 -2.229563 0.285804
9.838308 -1.265814 -8.467104 -2.240864 0.275082
9.845453 -1.294106 -8.483375 -2.250263 0.263757
9.852598 -1.322091 -8.493710 -2.257593 0.251973
9.859743 -1.349773 -8.506857 -2.265172 0.240887
9.866887 -1.377144 -8.518816 -2.271933 0.229908
9.874032 -1.404197 -8.527838 -2.277405 0.218803
9.881177 -1.430926 -8.535287 -2.281947 0.207809
9.888322 -1.457325 -8.540264 -2.285313 0.196784
9.895466 -1.483380 -8.539658 -2.286668 0.185265
9.902611 -1.509092 -8.539853 -2.287720 0.174252
9.909756 -1.534455 -8.538097 -2.287729 0.163299
9.916901 -1.559462 -8.533574 -2.286478 0.152306
9.924045 -1.584109 -8.527022 -2.284166 0.141390
9.931190 -1.608388 -8.517202 -2.280461 0.130360
9.938335 -1.632293 -8.504525 -2.275478 0.119270
9.945480 -1.655820 -8.490411 -2.269601 0.108359
9.952624 -1.678963 -8.473281 -2.262411 0.097379
9.959769 -1.701716 -8.453653 -2.254055 0.086426
9.966914 -1.724073 -8.430810 -2.244348 0.075387
9.974059 -1.746030 -8.406362 -2.233727 0.064506
9.981203 -1.767582 -8.378956 -2.221842 0.053585
9.988348 -1.788724 -8.349176 -2.208859 0.042716
9.995493 -1.809452 -8.316849 -2.194743 0.031874
10.002637 -1.829761 -8.281918 -2.179492 0.021054
10.009782 -1.849646 -8.244376 -2.163117 0.010260
10.016927 -1.869104 -8.204227 -2.145635 -0.000507
10.024072 -1.888130 -8.161437 -2.127052 -0.011251
10.031216 -1.906719 -8.115980 -2.107379 -0.021977
10.038361 -1.924868 -8.067858 -2.086634 -0.032681
10.045506 -1.942574 -8.017079 -2.064838 -0.043362
10.052651 -1.959831 -7.963631 -2.042009 -0.054021
10.059795 -1.976637 -7.907487 -2.018160 -0.064666
10.066940 -1.992987 -7.848646 -1.993313 -0.075299
10.074085 -2.008878 -7.787142 -1.967500 -0.085913
10.081230 -2.024308 -7.722994 -1.940750 -0.096504
10.088374 -2.039271 -7.656190 -1.913084 -0.107079
10.095519 -2.053767 -7.586722 -1.884526 -0.117641
10.102664 -2.067790 -7.514606 -1.855106 -0.128191
10.109809 -2.081339 -7.439867 -1.824858 -0.138728
10.116953 -2.094410 -7.362525 -1.793815 -0.149252
10.124098 -2.107001 -7.282591 -1.762008 -0.159768
10.131243 -2.119109 -7.200082 -1.729471 -0.170277
10.138388 -2.130732 -7.115040 -1.696244 -0.180778
10.145532 -2.141868 -7.027531 -1.662374 -0.191262
10.152677 -2.152514 -6.937620 -1.627906 -0.201721
10.159822 -2.162668 -6.845357 -1.592883 -0.212154
10.166967 -2.172330 -6.750793 -1.557350 -0.222556
10.174111 -2.181497 -6.653977 -1.521348 -0.232926
10.181256 -2.190168 -6.554952 -1.484919 -0.243264
10.188401 -2.198342 -6.453754 -1.448105 -0.253573
10.195545 -2.206019 -6.350436 -1.410949 -0.263853
10.202690 -2.213197 -6.245067 -1.373500 -0.274101
10.209835 -2.219875 -6.137741 -1.335810 -0.284312
10.216980 -2.226054 -6.028582 -1.297937 -0.294474
10.224124 -2.231733 -5.917756 -1.259951 -0.304571
10.231269 -2.236914 -5.805485 -1.221927 -0.314578
10.238414 -2.241597 -5.691920 -1.183926 -0.324480
10.245559 -2.245783 -5.577020 -1.145970 -0.334291
10.252703 -2.249473 -5.461058 -1.108141 -0.343976
10.259848 -2.252671 -5.343996 -1.070459 -0.353548
10.266993 -2.255375 -5.225518 -1.032888 -0.363061
10.274138 -2.257589 -5.105781 -0.995489 -0.372486
10.281282 -2.259312 -4.983987 -0.958136 -0.381968
10.288427 -2.260544 -4.860565 -0.920946 -0.391420
10.295572 -2.261281 -4.733331 -0.883543 -0.401238
10.302717 -2.261526 -4.605599 -0.846585 -0.410874
10.309861 -2.261291 -4.481372 -0.810820 -0.419757
10.317006 -2.260566 -4.352235 -0.774736 -0.429192
10.324151 -2.259369 -4.227863 -0.740088 -0.437659
10.331296 -2.257676 -4.092228 -0.704091 -0.447677
10.338440 -2.255514 -3.965785 -0.670322 -0.456059
10.345585 -2.252873 -3.834213 -0.636336 -0.465060
10.352730 -2.249760 -3.703297 -0.603139 -0.473782
10.359875 -2.246178 -3.572652 -0.570679 -0.482316
10.367019 -2.242135 -3.443959 -0.539232 -0.490396
10.374164 -2.237628 -3.311725 -0.507951 -0.498861
10.381309 -2.232649 -3.174737 -0.476704 -0.507897
10.388453 -2.227210 -3.041174 -0.446753 -0.516256
10.395598 -2.221319 -2.910028 -0.417933 -0.524173
10.402743 -2.214973 -2.776771 -0.389599 -0.532294
10.409888 -2.208179 -2.644045 -0.362146 -0.540222
10.417032 -2.200934 -2.510094 -0.335349 -0.548236
10.424177 -2.193250 -2.378694 -0.309723 -0.555780
10.431322 -2.185131 -2.249121 -0.285164 -0.562973
10.438467 -2.176574 -2.116559 -0.261069 -0.570553
10.445611 -2.167578 -1.981845 -0.237581 -0.578382
10.452756 -2.158152 -1.849901 -0.215306 -0.585714
10.459901 -2.148307 -1.722481 -0.194424 -0.592326
10.467046 -2.138044 -1.594489 -0.174340 -0.599010
10.474190 -2.127362 -1.465064 -0.154979 -0.605852
10.481335 -2.116262 -1.334495 -0.136394 -0.612831
10.488480 -2.104745 -1.203687 -0.118695 -0.619801
10.495625 -2.092837 -1.083455 -0.102922 -0.625168
10.502769 -2.080515 -0.953424 -0.087106 -0.632043
10.509914 -2.067790 -0.826047 -0.072452 -0.638445
10.517059 -2.054673 -0.703129 -0.059092 -0.644176
10.524204 -2.041162 -0.579214 -0.046544 -0.650103
10.531348 -2.027264 -0.457751 -0.035091 -0.655643
10.538493 -2.012977 -0.334632 -0.024410 -0.661451
10.545638 -1.998306 -0.213418 -0.014772 -0.666984
10.552783 -1.983265 -0.097669 -0.006395 -0.671730
10.559927 -1.967834 0.026224 0.001619 -0.677753
10.567072 -1.952045 0.137932 0.007994 -0.681899
10.574217 -1.935881 0.256060 0.013874 -0.687121
10.581361 -1.919339 0.376554 0.018977 -0.692695
10.588506 -1.902427 0.494454 0.023042 -0.697870
10.595651 -1.885163 0.603481 0.025827 -0.701768
10.602796 -1.867542 0.714329 0.027848 -0.706036
10.609940 -1.849561 0.826728 0.029072 -0.710567
10.617085 -1.831232 0.934350 0.029281 -0.714396
10.624230 -1.812540 1.048580 0.028843 -0.719279
10.631375 -1.793502 1.155878 0.027359 -0.723125
10.638519 -1.774127 1.258662 0.024956 -0.726360
10.645664 -1.754398 1.368377 0.021870 -0.730705
10.652809 -1.734349 1.464206 0.017766 -0.732955
10.659954 -1.713949 1.572571 0.013026 -0.737189
10.667098 -1.693214 1.675519 0.007424 -0.740577
10.674243 -1.672134 1.782070 0.001030 -0.744547
10.681388 -1.650736 1.877560 -0.006149 -0.746862
10.688533 -1.629006 1.977628 -0.014096 -0.749944
10.695677 -1.606959 2.072538 -0.022754 -0.752270
10.702822 -1.584582 2.171980 -0.032206 -0.755295
10.709967 -1.561895 2.264188 -0.042282 -0.757222
10.717112 -1.538867 2.369029 -0.053344 -0.761100
10.724256 -1.515524 2.464704 -0.064959 -0.763508
10.731401 -1.491877 2.553823 -0.077099 -0.764993
10.738546 -1.467914 2.648136 -0.090083 -0.767294
10.745691 -1.443652 2.736455 -0.103546 -0.768647
10.752835 -1.419088 2.825278 -0.117684 -0.770083
10.759980 -1.394202 2.923758 -0.132916 -0.772953
10.767125 -1.369034 3.006822 -0.148113 -0.773410
10.774270 -1.343540 3.107996 -0.164872 -0.776642
10.781414 -1.317765 3.191427 -0.181358 -0.777041
10.788559 -1.291706 3.275381 -0.198471 -0.777580
10.795704 -1.265345 3.367778 -0.216722 -0.779326
10.802848 -1.238716 3.446869 -0.234719 -0.778976
10.809993 -1.211792 3.537343 -0.254080 -0.780361
10.817138 -1.184603 3.617386 -0.273279 -0.780011
10.824283 -1.157152 3.696392 -0.292938 -0.779453
10.831427 -1.129414 3.786472 -0.314043 -0.780559
10.838572 -1.101427 3.863877 -0.334654 -0.779579
10.845717 -1.073164 3.951821 -0.356720 -0.780100
10.852862 -1.044659 4.028527 -0.378304 -0.778821
10.860006 -1.015877 4.120238 -0.401835 -0.779732
10.867151 -0.986872 4.191187 -0.423852 -0.777301
10.874296 -0.957603 4.279807 -0.448148 -0.777557
10.881441 -0.928111 4.353942 -0.471421 -0.775425
10.888585 -0.898395 4.428808 -0.495213 -0.773310
10.895730 -0.868421 4.520553 -0.521383 -0.773609
10.902875 -0.838237 4.595095 -0.546052 -0.771113
10.910020 -0.807840 4.671284 -0.571336 -0.768786
10.917164 -0.777216 4.755831 -0.598087 -0.767593
10.924309 -0.746392 4.831286 -0.624127 -0.764759
10.931454 -0.715365 4.909717 -0.650955 -0.762361
10.938599 -0.684171 4.974698 -0.676358 -0.757718
10.945743 -0.652769 5.058536 -0.704691 -0.755848
10.952888 -0.621176 5.140572 -0.733187 -0.753428
10.960033 -0.589406 5.218298 -0.761451 -0.750195
10.967178 -0.557488 5.284856 -0.788407 -0.745149
10.974322 -0.525398 5.362594 -0.817343 -0.741711
10.981467 -0.493152 5.439153 -0.846432 -0.737811
10.988612 -0.460755 5.515359 -0.875784 -0.733733
10.995756 -0.428234 5.582315 -0.903943 -0.728120
11.002901 -0.395574 5.658833 -0.933916 -0.723719
11.010046 -0.362818 5.719930 -0.961582 -0.716875
11.017191 -0.329944 5.792065 -0.991315 -0.711673
11.024335 -0.296927 5.880566 -1.024133 -0.708692
11.031480 -0.263820 5.950118 -1.053915 -0.702655
11.038625 -0.230643 6.010622 -1.082263 -0.695137
11.045770 -0.197354 6.092319 -1.114619 -0.690860
11.052914 -0.164006 6.156019 -1.143873 -0.683554
11.060059 -0.130582 6.228791 -1.174964 -0.677604
11.067204 -0.097068 6.311332 -1.208090 -0.672967
11.074349 -0.063539 6.365292 -1.235873 -0.663798
11.081493 -0.029955 6.436087 -1.267006 -0.657294
11.088638 0.003704 6.522337 -1.301339 -0.652776
11.095783 0.037341 6.569560 -1.327967 -0.642311
11.102928 0.071016 6.642125 -1.359749 -0.635671
11.110072 0.104698 6.707767 -1.390182 -0.627795
11.117217 0.138401 6.781168 -1.422279 -0.621183
11.124362 0.172075 6.838057 -1.450935 -0.611792
11.131507 0.205757 6.911588 -1.483130 -0.604956
11.138651 0.239386 6.963464 -1.510661 -0.594784
11.145796 0.272974 7.021003 -1.539355 -0.585563
11.152941 0.306545 7.093405 -1.571275 -0.578550
11.160086 0.340049 7.149123 -1.599450 -0.568899
11.167230 0.373482 7.203355 -1.627191 -0.559021
11.174375 0.406866 7.271140 -1.657904 -0.551267
11.181520 0.440187 7.337427 -1.688198 -0.543094
11.188664 0.473417 7.392050 -1.715691 -0.533255
11.195809 0.506545 7.443774 -1.742352 -0.523137
11.202954 0.539566 7.496293 -1.769022 -0.513158
11.210099 0.572478 7.551020 -1.796031 -0.503539
11.217243 0.605274 7.606164 -1.822950 -0.494046
11.224388 0.637944 7.659520 -1.849235 -0.484260
11.231533 0.670471 7.707395 -1.873967 -0.473833
11.238678 0.702855 7.756513 -1.898753 -0.463743
11.245822 0.735084 7.804552 -1.923016 -0.453556
11.252967 0.767167 7.858727 -1.948526 -0.444357
11.260112 0.799086 7.906469 -1.972166 -0.434334
11.267257 0.830823 7.948229 -1.994009 -0.423600
11.274401 0.862384 7.993190 -2.016334 -0.413638
11.281546 0.893747 8.032870 -2.036994 -0.402791
11.288691 0.924911 8.072338 -2.057249 -0.392294
11.295836 0.955863 8.109608 -2.076580 -0.381549
11.302980 0.986594 8.143879 -2.094765 -0.370470
11.310125 1.017105 8.180203 -2.113088 -0.360100
11.317270 1.047382 8.213213 -2.130157 -0.349379
11.324415 1.077423 8.245426 -2.146607 -0.338788
11.331559 1.107214 8.274088 -2.161708 -0.327893
11.338704 1.136748 8.300462 -2.175775 -0.316908
11.345849 1.166022 8.326960 -2.189429 -0.306212
11.352994 1.195009 8.342754 -2.199808 -0.294155
11.360138 1.223719 8.364307 -2.211236 -0.283287
11.367283 1.252144 8.383817 -2.221652 -0.272364
11.374428 1.280266 8.396956 -2.229897 -0.260779
11.381572 1.308093 8.414127 -2.238725 -0.250114
11.388717 1.335614 8.427467 -2.246042 -0.239155
11.395862 1.362818 8.437177 -2.251892 -0.227976
11.403007 1.389704 8.445880 -2.256970 -0.216980
11.410151 1.416258 8.450348 -2.260409 -0.205668
11.417296 1.442479 8.454161 -2.263162 -0.194613
11.424441 1.468359 8.455458 -2.264730 -0.183532
11.431586 1.493881 8.449836 -2.263930 -0.171747
11.438730 1.519053 8.446943 -2.263347 -0.160784
11.445875 1.543865 8.441129 -2.261469 -0.149734
11.453020 1.568308 8.431515 -2.258061 -0.138490
11.460165 1.592383 8.421886 -2.254139 -0.127644
11.467309 1.616081 8.408924 -2.248818 -0.116670
11.474454 1.639397 8.393322 -2.242288 -0.105691
11.481599 1.662326 8.375130 -2.234569 -0.094715
11.488744 1.684861 8.354165 -2.225619 -0.083724
11.495888 1.706998 8.330697 -2.215517 -0.072686
11.503033 1.728730 8.304387 -2.204183 -0.061680
11.510178 1.750055 8.276161 -2.191873 -0.050807
11.517323 1.770968 8.245315 -2.178409 -0.039960
11.524467 1.791463 8.211517 -2.163717 -0.029085
11.531612 1.811537 8.175564 -2.148021 -0.018300
11.538757 1.831187 8.137752 -2.131410 -0.007611
11.545902 1.850406 8.096252 -2.113422 0.003186
11.553046 1.869190 8.051968 -2.094310 0.013975
11.560191 1.887535 8.005192 -2.074167 0.024711
11.567336 1.905439 7.956144 -2.053070 0.035375
11.574481 1.922896 7.903949 -2.030810 0.046079
11.581625 1.939903 7.849410 -2.007615 0.056724
11.588770 1.956457 7.792031 -1.983381 0.067380
11.595915 1.972552 7.731850 -1.958138 0.078040
11.603059 1.988187 7.669088 -1.931968 0.088670
11.610204 2.003358 7.603690 -1.904879 0.099276
11.617349 2.018061 7.535723 -1.876915 0.109850
11.624494 2.032294 7.465109 -1.848081 0.120410
11.631638 2.046054 7.391910 -1.818419 0.130950
11.638783 2.059338 7.316055 -1.787940 0.141483
11.645928 2.072143 7.237744 -1.756720 0.151981
11.653073 2.084467 7.156861 -1.724761 0.162467
11.660217 2.096308 7.073426 -1.692095 0.172941
11.667362 2.107663 6.987568 -1.658786 0.183389
11.674507 2.118529 6.899162 -1.624832 0.193833
11.681652 2.128907 6.808473 -1.590329 0.204236
11.688796 2.138792 6.715427 -1.555289 0.214617
11.695941 2.148185 6.619962 -1.519730 0.224991
11.703086 2.157083 6.522255 -1.483726 0.235341
11.710231 2.165484 6.422225 -1.447289 0.245686
11.717375 2.173389 6.320165 -1.410519 0.255989
11.724520 2.180794 6.215760 -1.373378 0.266304
11.731665 2.187701 6.109667 -1.336044 0.276539
11.738810 2.194108 6.001547 -1.298474 0.286751
11.745954 2.200016 5.892070 -1.260844 0.296844
11.753099 2.205426 5.781069 -1.223147 0.306854
11.760244 2.210338 5.668951 -1.185498 0.316729
11.767389 2.214755 5.555489 -1.147877 0.326509
11.774533 2.218677 5.440964 -1.110370 0.336161
11.781678 2.222107 5.325415 -1.073010 0.345684
11.788823 2.225045 5.208368 -1.035731 0.355154
11.795967 2.227494 5.090050 -0.998608 0.364532
11.803112 2.229443 4.965488 -0.960704 0.374562
11.810257 2.230901 4.842647 -0.923611 0.384072
11.817402 2.231871 4.719643 -0.886976 0.393364
11.824546 2.232350 4.593915 -0.850346 0.402907
11.831691 2.232342 4.468136 -0.814247 0.412189
11.838836 2.231852 4.342743 -0.778777 0.421169
11.845981 2.230880 4.215358 -0.743530 0.430278
11.853125 2.229424 4.085867 -0.708520 0.439472
11.860270 2.227496 3.959687 -0.674706 0.447995
11.867415 2.225077 3.823541 -0.639852 0.457819
11.874560 2.222174 3.687798 -0.605770 0.467381
11.881704 2.218816 3.564583 -0.574425 0.474873
11.888849 2.214982 3.431155 -0.542123 0.483838
11.895994 2.210683 3.299764 -0.510872 0.492285
11.903139 2.205919 3.167373 -0.480206 0.500750
11.910283 2.200702 3.038592 -0.450834 0.508530
11.917428 2.195024 2.904772 -0.421480 0.516956
11.924573 2.188905 2.778113 -0.393937 0.524184
11.931718 2.182328 2.642991 -0.365983 0.532603
11.938862 2.175311 2.513301 -0.339593 0.540052
11.946007 2.167833 2.374091 -0.312757 0.548886
11.953152 2.159919 2.243377 -0.287893 0.556276
11.960297 2.151564 2.110903 -0.263648 0.563919
11.967441 2.142798 1.989619 -0.241623 0.569802
11.974586 2.133580 1.850208 -0.218253 0.578395
11.981731 2.123942 1.722009 -0.197098 0.585156
11.988875 2.113887 1.595147 -0.176954 0.591710
11.996020 2.103412 1.466080 -0.157436 0.598555
12.003165 2.092513 1.334124 -0.138507 0.605792
12.010310 2.081201 1.205182 -0.120796 0.612499
12.017454 2.069492 1.082998 -0.104643 0.618208
12.024599 2.057374 0.955594 -0.088868 0.624713
12.031744 2.044865 0.834633 -0.074578 0.630205
12.038889 2.031943 0.703187 -0.060259 0.637290
12.046033 2.018628 0.579735 -0.047548 0.643121
12.053178 2.004924 0.457519 -0.035835 0.648805
12.060323 1.990828 0.334188 -0.024936 0.654674
12.067468 1.976336 0.208255 -0.014764 0.660938
12.074612 1.961472 0.091654 -0.006156 0.665784
12.081757 1.946244 -0.020172 0.001279 0.669976
12.088902 1.930634 -0.140453 0.008379 0.675517
12.096047 1.914644 -0.261102 0.014591 0.681069
12.103191 1.898288 -0.376265 0.019604 0.685811
12.110336 1.881562 -0.492687 0.023802 0.690797
12.117481 1.864472 -0.606864 0.027011 0.695480
12.124626 1.847018 -0.721018 0.029346 0.700197
12.131770 1.829224 -0.824722 0.030419 0.703382
12.138915 1.811069 -0.936881 0.030974 0.707928
12.146060 1.792556 -1.049421 0.030676 0.712521
12.153205 1.773679 -1.163841 0.029558 0.717417
12.160349 1.754462 -1.269324 0.027363 0.720990
12.167494 1.734893 -1.377488 0.024400 0.725052
12.174639 1.715003 -1.473464 0.020431 0.727309
12.181783 1.694765 -1.579605 0.015822 0.731187
12.188928 1.674181 -1.686783 0.010398 0.735193
12.196073 1.653272 -1.785057 0.004127 0.737867
12.203218 1.632034 -1.883762 -0.002903 0.740693
12.210362 1.610449 -1.991470 -0.010742 0.744880
12.217507 1.588542 -2.088688 -0.019312 0.747457
12.224652 1.566305 -2.188222 -0.028657 0.750443
12.231797 1.543757 -2.280184 -0.038635 0.752323
12.238941 1.520892 -2.374464 -0.049361 0.754571
12.246086 1.497697 -2.474654 -0.060948 0.757702
12.253231 1.474192 -2.567723 -0.073090 0.759719
12.260376 1.450375 -2.661007 -0.085939 0.761793
12.267520 1.426250 -2.752803 -0.099432 0.763637
12.274665 1.401813 -2.846091 -0.113668 0.765692
12.281810 1.377086 -2.931167 -0.128235 0.766491
12.288955 1.352046 -3.026117 -0.143894 0.768790
12.296099 1.326708 -3.115882 -0.159982 0.770198
12.303244 1.301060 -3.210808 -0.177004 0.772374
12.310389 1.275121 -3.299153 -0.194322 0.773475
12.317534 1.248910 -3.378404 -0.211699 0.773211
12.324678 1.222398 -3.470400 -0.230479 0.774842
12.331823 1.195611 -3.553687 -0.249292 0.775044
12.338968 1.168553 -3.635334 -0.268559 0.774947
12.346113 1.141218 -3.720302 -0.288639 0.775309
12.353257 1.113600 -3.810020 -0.309679 0.776259
12.360402 1.085718 -3.893336 -0.330779 0.776102
12.367547 1.057566 -3.979043 -0.352639 0.776282
12.374692 1.029157 -4.061065 -0.374718 0.775788
12.381836 1.000500 -4.140221 -0.397047 0.774739
12.388981 0.971575 -4.228625 -0.420794 0.775043
12.396126 0.942427 -4.301007 -0.443444 0.772684
12.403270 0.913027 -4.385459 -0.467815 0.772198
12.410415 0.883379 -4.471048 -0.492822 0.771615
12.417560 0.853527 -4.540364 -0.516489 0.768472
12.424705 0.823439 -4.622719 -0.542072 0.767248
12.431849 0.793136 -4.700242 -0.567542 0.765082
12.438994 0.762607 -4.784053 -0.594222 0.763729
12.446139 0.731879 -4.858967 -0.620227 0.760843
12.453284 0.700940 -4.939986 -0.647425 0.758775
12.460428 0.669814 -5.013579 -0.674047 0.755411
12.467573 0.638493 -5.092173 -0.701723 0.752671
12.474718 0.606996 -5.165226 -0.729004 0.748964
12.481863 0.575318 -5.243829 -0.757427 0.745908
12.489007 0.543471 -5.318989 -0.785709 0.742173
12.496152 0.511441 -5.403520 -0.815739 0.739647
12.503297 0.479279 -5.469126 -0.843235 0.734046
12.510442 0.446979 -5.537182 -0.871368 0.728797
12.517586 0.414517 -5.620142 -0.902150 0.725566
12.524731 0.381934 -5.689238 -0.931003 0.720091
12.531876 0.349219 -5.765132 -0.961230 0.715514
12.539021 0.316359 -5.849584 -0.993182 0.712073
12.546165 0.283412 -5.913777 -1.021946 0.705339
12.553310 0.250376 -5.977872 -1.050869 0.698513
12.560455 0.217229 -6.055487 -1.082375 0.693665
12.567600 0.183985 -6.132447 -1.113996 0.688475
12.574744 0.150654 -6.207027 -1.145395 0.682870
12.581889 0.117248 -6.279201 -1.176533 0.676745
12.589034 0.083815 -6.333510 -1.204439 0.667738
12.596178 0.050298 -6.412872 -1.237230 0.662643
12.603323 0.016723 -6.488629 -1.269494 0.656678
12.610468 -0.016882 -6.553809 -1.299805 0.648984
12.617613 -0.050526 -6.624199 -1.331239 0.642115
12.624757 -0.084191 -6.690932 -1.362018 0.634520
12.631902 -0.117876 -6.760261 -1.393390 0.627234
12.639047 -0.151532 -6.811842 -1.421117 0.617127
12.646192 -0.185205 -6.884531 -1.453257 0.610383
12.653336 -0.218875 -6.955154 -1.485004 0.602999
12.660481 -0.252507 -7.012167 -1.513835 0.593592
12.667626 -0.286105 -7.072426 -1.543322 0.584727
12.674771 -0.319695 -7.149042 -1.576364 0.578154
12.681915 -0.353232 -7.208960 -1.605696 0.569132
12.689060 -0.386715 -7.269776 -1.635150 0.560228
12.696205 -0.420130 -7.327099 -1.663724 0.550827
12.703350 -0.453457 -7.379293 -1.691006 0.540617
12.710494 -0.486708 -7.439310 -1.719947 0.531620
12.717639 -0.519883 -7.502794 -1.749566 0.523223
12.724784 -0.552947 -7.554379 -1.776257 0.512885
12.731929 -0.585921 -7.615559 -1.805034 0.504292
12.739073 -0.618792 -7.676002 -1.833469 0.495421
12.746218 -0.651530 -7.724229 -1.858783 0.484903
12.753363 -0.684148 -7.779888 -1.885660 0.475534
12.760508 -0.716597 -7.817815 -1.907986 0.463569
12.767652 -0.748914 -7.872722 -1.934190 0.454331
12.774797 -0.781072 -7.920891 -1.958477 0.444108
12.781942 -0.813080 -7.973310 -1.983537 0.434868
12.789086 -0.844907 -8.016109 -2.005907 0.424110
12.796231 -0.876559 -8.061900 -2.028709 0.414065
12.803376 -0.908018 -8.102259 -2.049812 0.403300
12.810521 -0.939281 -8.143341 -2.070749 0.392908
12.817665 -0.970343 -8.184098 -2.091247 0.382619
12.824810 -1.001183 -8.217771 -2.109557 0.371490
12.831955 -1.031804 -8.254279 -2.128205 0.360922
12.839100 -1.062201 -8.290296 -2.146329 0.350563
12.846244 -1.092359 -8.321315 -2.162747 0.339641
12.853389 -1.122273 -8.351878 -2.178622 0.328908
12.860534 -1.151934 -8.379641 -2.193331 0.317988
12.867679 -1.181320 -8.399159 -2.205429 0.306090
12.874823 -1.210436 -8.422021 -2.217943 0.295001
12.881968 -1.239274 -8.443757 -2.229693 0.283985
12.889113 -1.267831 -8.464901 -2.240812 0.273161
12.896258 -1.296096 -8.482717 -2.250569 0.262129
12.903402 -1.324063 -8.498431 -2.259279 0.251093
12.910547 -1.351727 -8.512651 -2.267095 0.240166
12.917692 -1.379082 -8.524866 -2.273877 0.229262
12.924837 -1.406118 -8.533658 -2.279238 0.218172
12.931981 -1.432831 -8.540636 -2.283603 0.207145
12.939126 -1.459214 -8.545501 -2.286890 0.196136
12.946271 -1.485252 -8.544865 -2.288186 0.184629
12.953416 -1.510945 -8.543515 -2.288772 0.173347
12.960560 -1.536288 -8.541293 -2.288605 0.162324
12.967705 -1.561275 -8.536462 -2.287220 0.151268
12.974850 -1.585901 -8.529756 -2.284814 0.140301
12.981994 -1.610159 -8.520068 -2.281093 0.129254
12.989139 -1.634043 -8.507783 -2.276163 0.118190
12.996284 -1.657546 -8.492771 -2.269993 0.107099
13.003429 -1.680665 -8.476258 -2.262917 0.096106
13.010573 -1.703393 -8.456531 -2.254483 0.085096
13.017718 -1.725727 -8.434719 -2.244999 0.074198
13.024863 -1.747660 -8.409697 -2.234174 0.063228
13.032008 -1.769189 -8.382700 -2.222347 0.052378
13.039152 -1.790307 -8.352664 -2.209246 0.041485
13.046297 -1.811011 -8.320372 -2.195089 0.030676
13.053442 -1.831298 -8.286647 -2.180106 0.020030
13.060587 -1.851161 -8.248693 -2.163573 0.009192
13.067731 -1.870595 -8.207876 -2.145867 -0.001655
13.074876 -1.889596 -8.164748 -2.127149 -0.012430
13.082021 -1.908160 -8.118813 -2.107306 -0.023211
13.089166 -1.926283 -8.070544 -2.086478 -0.033937
13.096310 -1.943960 -8.019223 -2.064499 -0.044695
13.103455 -1.961188 -7.965162 -2.041470 -0.055437
13.110600 -1.977963 -7.908646 -2.017485 -0.066125
13.117745 -1.994281 -7.849416 -1.992501 -0.076802
13.124889 -2.010139 -7.787476 -1.966541 -0.087468
13.132034 -2.025533 -7.722804 -1.939624 -0.098129
13.139179 -2.040459 -7.655493 -1.911798 -0.108770
13.146324 -2.054916 -7.585559 -1.883094 -0.119390
13.153468 -2.068899 -7.513052 -1.853549 -0.129980
13.160613 -2.082407 -7.437984 -1.823194 -0.140542
13.167758 -2.095436 -7.360350 -1.792056 -0.151082
13.174902 -2.107985 -7.280205 -1.760177 -0.161596
13.182047 -2.120050 -7.197418 -1.727554 -0.172109
13.189192 -2.131629 -7.112276 -1.694286 -0.182582
13.196337 -2.142720 -7.024587 -1.660357 -0.193048
13.203481 -2.153322 -6.934456 -1.625825 -0.203496
13.210626 -2.163431 -6.841930 -1.590730 -0.213925
13.217771 -2.173047 -6.747049 -1.555115 -0.224335
13.224916 -2.182169 -6.649820 -1.519013 -0.234731
13.232060 -2.190793 -6.550306 -1.482472 -0.245111
13.239205 -2.198919 -6.448551 -1.445533 -0.255472
13.246350 -2.206547 -6.344757 -1.408275 -0.265792
13.253495 -2.213674 -6.238778 -1.370698 -0.276099
13.260639 -2.220302 -6.130928 -1.332904 -0.286355
13.267784 -2.226427 -6.021097 -1.294901 -0.296588
13.274929 -2.232053 -5.909701 -1.256810 -0.306742
13.282074 -2.237178 -5.796872 -1.218690 -0.316805
13.289218 -2.241803 -5.682813 -1.180611 -0.326752
13.296363 -2.245933 -5.568168 -1.142734 -0.336491
13.303508 -2.249567 -5.452285 -1.104950 -0.346129
13.310653 -2.252708 -5.334949 -1.067244 -0.355702
13.317797 -2.255357 -5.216618 -1.029735 -0.365147
13.324942 -2.257515 -5.096815 -0.992358 -0.374542
13.332087 -2.259182 -4.975071 -0.955053 -0.383961
13.339232 -2.260349 -4.846962 -0.917016 -0.394055
13.346376 -2.261030 -4.723405 -0.880353 -0.403269
13.353521 -2.261216 -4.594538 -0.843234 -0.413033
13.360666 -2.260918 -4.468577 -0.807207 -0.422123
13.367811 -2.260140 -4.343487 -0.771901 -0.430897
13.374955 -2.258881 -4.215163 -0.736609 -0.439974
13.382100 -2.257132 -4.081700 -0.701050 -0.449577
13.389245 -2.254915 -3.955796 -0.667428 -0.457855
13.396389 -2.252216 -3.822928 -0.633285 -0.467039
13.403534 -2.249046 -3.691802 -0.600117 -0.475741
13.410679 -2.245406 -3.560701 -0.567649 -0.484305
13.417824 -2.241297 -3.427689 -0.535594 -0.493010
13.424968 -2.236718 -3.293462 -0.504093 -0.501723
13.432113 -2.231684 -3.163498 -0.473991 -0.509661
13.439258 -2.226195 -3.033326 -0.444608 -0.517527
13.446403 -2.220243 -2.897118 -0.415123 -0.526186
13.453547 -2.213850 -2.768550 -0.387524 -0.533549
13.460692 -2.207005 -2.635233 -0.360055 -0.541552
13.467837 -2.199697 -2.495228 -0.332519 -0.550482
13.474982 -2.191953 -2.364730 -0.307100 -0.557837
13.482126 -2.183784 -2.239482 -0.283173 -0.564374
13.489271 -2.175175 -2.106345 -0.259081 -0.572015
13.496416 -2.166133 -1.974186 -0.235975 -0.579406
13.503561 -2.156667 -1.844739 -0.214059 -0.586338
13.510705 -2.146777 -1.714469 -0.192915 -0.593366
13.517850 -2.136472 -1.587216 -0.172982 -0.599885
13.524995 -2.125746 -1.456561 -0.153560 -0.606893
13.532140 -2.114611 -1.329438 -0.135400 -0.613317
13.539284 -2.103057 -1.197481 -0.117652 -0.620440
13.546429 -2.091093 -1.068765 -0.101139 -0.627047
13.553574 -2.078728 -0.943079 -0.085817 -0.633195
13.560719 -2.065963 -0.817559 -0.071409 -0.639316
13.567863 -2.052800 -0.691862 -0.057891 -0.645461
13.575008 -2.039228 -0.561689 -0.044929 -0.652284
13.582153 -2.025287 -0.447102 -0.034108 -0.656728
13.589297 -2.010959 -0.325819 -0.023646 -0.662295
13.596442 -1.996244 -0.203809 -0.014031 -0.667940
13.603587 -1.981153 -0.084761 -0.005518 -0.673138
13.610732 -1.965690 0.031893 0.001957 -0.678020
13.617876 -1.949852 0.150042 0.008640 -0.683168
13.625021 -1.933641 0.268168 0.014429 -0.688327
13.632166 -1.917069 0.381513 0.019082 -0.692792
13.639311 -1.900110 0.505843 0.023381 -0.698967
13.646455 -1.882803 0.614411 0.026061 -0.702735
13.653600 -1.865145 0.722809 0.027902 -0.706602
13.660745 -1.847109 0.842918 0.029319 -0.712272
13.667890 -1.828740 0.945153 0.029258 -0.715217
13.675034 -1.810014 1.056057 0.028643 -0.719603
13.682179 -1.790945 1.162091 0.027060 -0.723251
13.689324 -1.771534 1.267291 0.024640 -0.726821
13.696469 -1.751783 1.371771 0.021396 -0.730334
13.703613 -1.731686 1.478719 0.017373 -0.734254
13.710758 -1.711238 1.588636 0.012547 -0.738620
13.717903 -1.690470 1.684931 0.006817 -0.740996
13.725048 -1.669368 1.785753 0.000344 -0.744129
13.732192 -1.647917 1.893968 -0.006933 -0.748375
13.739337 -1.626161 1.984238 -0.014907 -0.749882
13.746482 -1.604056 2.091136 -0.023763 -0.754051
13.753627 -1.581642 2.183209 -0.033213 -0.755894
13.760771 -1.558899 2.283017 -0.043512 -0.758970
13.767916 -1.535840 2.377384 -0.054445 -0.761205
13.775061 -1.512468 2.470531 -0.066061 -0.763276
13.782205 -1.488776 2.567070 -0.078482 -0.765864
13.789350 -1.464792 2.652325 -0.091240 -0.766732
13.796495 -1.440475 2.753988 -0.105260 -0.770100
13.803640 -1.415857 2.844709 -0.119577 -0.771722
13.810784 -1.390957 2.925650 -0.134114 -0.771918
13.817929 -1.365741 3.021373 -0.149975 -0.774325
13.825074 -1.340240 3.104816 -0.165878 -0.774856
13.832219 -1.314441 3.195074 -0.182771 -0.776368
13.839363 -1.288357 3.280699 -0.200028 -0.777088
13.846508 -1.261981 3.369642 -0.218106 -0.778294
13.853653 -1.235299 3.465653 -0.237293 -0.780480
13.860798 -1.208362 3.541854 -0.255723 -0.779534
13.867942 -1.181126 3.635327 -0.275983 -0.781249
13.875087 -1.153618 3.719224 -0.296122 -0.781379
13.882232 -1.125854 3.797274 -0.316337 -0.780553
13.889377 -1.097842 3.872119 -0.336787 -0.779222
13.896521 -1.069552 3.960353 -0.358934 -0.779815
13.903666 -1.040998 4.047295 -0.381535 -0.780015
13.910811 -1.012201 4.125712 -0.403859 -0.778828
13.917956 -0.983143 4.211654 -0.427435 -0.778710
13.925100 -0.953856 4.286790 -0.450410 -0.776835
13.932245 -0.924345 4.359802 -0.473604 -0.774548
13.939390 -0.894565 4.454539 -0.499662 -0.775408
13.946535 -0.864569 4.530821 -0.524157 -0.773228
13.953679 -0.834335 4.615689 -0.550108 -0.772301
13.960824 -0.803892 4.691105 -0.575384 -0.769776
13.967969 -0.773227 4.772308 -0.601799 -0.768024
13.975113 -0.742358 4.849677 -0.628158 -0.765486
13.982258 -0.711283 4.929474 -0.655244 -0.763159
13.989403 -0.680020 5.003514 -0.681957 -0.759835
13.996548 -0.648563 5.081778 -0.709623 -0.757055
14.003692 -0.616956 5.144135 -0.735395 -0.751651
14.010837 -0.585133 5.236237 -0.765784 -0.750732
14.017982 -0.553156 5.307570 -0.793519 -0.746327
14.025127 -0.521026 5.379503 -0.821651 -0.741929
14.032271 -0.488732 5.458087 -0.851118 -0.738361
14.039416 -0.456283 5.536528 -0.880892 -0.734576
14.046561 -0.423704 5.607030 -0.909696 -0.729469
14.053706 -0.390991 5.680764 -0.939291 -0.724753
14.060850 -0.358142 5.759125 -0.969930 -0.720521
14.067995 -0.325200 5.821808 -0.998164 -0.713774
14.075140 -0.292111 5.909785 -1.030986 -0.710759
14.082285 -0.258973 5.960680 -1.057544 -0.701845
14.089429 -0.225726 6.036370 -1.088658 -0.696755
14.096574 -0.192390 6.110767 -1.119752 -0.691169
14.103719 -0.158945 6.195892 -1.153040 -0.687114
14.110864 -0.125467 6.252106 -1.181113 -0.678393
14.118008 -0.091901 6.331436 -1.213686 -0.673329
14.125153 -0.058306 6.391658 -1.242730 -0.664994
14.132298 -0.024669 6.458392 -1.273128 -0.657727
14.139443 0.009058 6.549946 -1.308576 -0.654167
14.146587 0.042763 6.598149 -1.335459 -0.643709
14.153732 0.076500 6.667801 -1.366708 -0.636677
14.160877 0.110251 6.736012 -1.397727 -0.629211
14.168022 0.143998 6.799438 -1.427788 -0.621015
14.175166 0.177729 6.860322 -1.457320 -0.612314
14.182311 0.211457 6.930495 -1.488833 -0.604937
14.189456 0.245155 6.992616 -1.518615 -0.596259
14.196600 0.278813 7.052242 -1.547814 -0.587263
14.203745 0.312420 7.110116 -1.576567 -0.577919
14.210890 0.346016 7.188480 -1.609829 -0.571762
14.218035 0.379517 7.235692 -1.636044 -0.560715
14.225179 0.412964 7.299953 -1.666000 -0.552331
14.232324 0.446349 7.365276 -1.696109 -0.544094
14.239469 0.479616 7.408559 -1.720998 -0.532569
14.246614 0.512812 7.474233 -1.750932 -0.524507
14.253758 0.545911 7.533413 -1.779205 -0.515333
14.260903 0.578882 7.580270 -1.804382 -0.504552
14.268048 0.611723 7.627859 -1.829511 -0.493827
14.275193 0.644481 7.699416 -1.860201 -0.486963
14.282337 0.677060 7.734366 -1.881824 -0.474380
14.289482 0.709505 7.786112 -1.907265 -0.464630
14.296627 0.741814 7.843303 -1.933797 -0.455780
14.303772 0.773930 7.877332 -1.954335 -0.443470
14.310916 0.805902 7.933165 -1.979985 -0.434709
14.318061 0.837708 7.983625 -2.004012 -0.425239
14.325206 0.869296 8.012911 -2.022391 -0.412660
14.332351 0.900719 8.065068 -2.046203 -0.403917
14.339495 0.931905 8.090654 -2.062918 -0.391114
14.346640 0.962919 8.143880 -2.086318 -0.382895
14.353785 0.993708 8.179257 -2.104784 -0.371978
14.360930 1.024262 8.209210 -2.121457 -0.360507
14.368074 1.054600 8.248696 -2.140191 -0.350795
14.375219 1.084688 8.275991 -2.155350 -0.339366
14.382364 1.114535 8.307967 -2.171300 -0.328975
14.389508 1.144124 8.334656 -2.185432 -0.317989
14.396653 1.173426 8.349297 -2.195948 -0.305393
14.403798 1.202452 8.370028 -2.207597 -0.294102
14.410943 1.231201 8.393241 -2.219434 -0.283364
14.418087 1.259669 8.415524 -2.230554 -0.272866
14.425232 1.287840 8.432162 -2.239697 -0.261765
14.432377 1.315712 8.447455 -2.247993 -0.250792
14.439522 1.343275 8.460115 -2.255093 -0.239750
14.446666 1.370526 8.471574 -2.261372 -0.228866
14.453811 1.397457 8.480407 -2.266445 -0.217913
14.460956 1.424050 8.481328 -2.268893 -0.206092
14.468101 1.450310 8.485503 -2.271698 -0.195133
14.475245 1.476229 8.486948 -2.273258 -0.184073
14.482390 1.501799 8.485499 -2.273528 -0.172937
14.489535 1.527018 8.482603 -2.272894 -0.161948
14.496680 1.551876 8.476953 -2.271006 -0.150899
14.503824 1.576368 8.467863 -2.267683 -0.139717
14.510969 1.600488 8.456779 -2.263315 -0.128623
14.518114 1.624224 8.440839 -2.257139 -0.117131
14.525259 1.647579 8.425276 -2.250560 -0.106135
14.532403 1.670543 8.406238 -2.242555 -0.095001
14.539548 1.693116 8.386252 -2.233803 -0.084140
14.546693 1.715289 8.362804 -2.223642 -0.073161
14.553838 1.737059 8.336796 -2.212323 -0.062218
14.560982 1.758422 8.308991 -2.200056 -0.051374
14.568127 1.779371 8.277813 -2.186436 -0.040465
14.575272 1.799903 8.244099 -2.171697 -0.029591
14.582416 1.820014 8.208452 -2.156010 -0.018835
14.589561 1.839699 8.169451 -2.139016 -0.008001
14.596706 1.858953 8.127950 -2.120956 0.002795
14.603851 1.877772 8.083913 -2.101834 0.013560
14.610995 1.896153 8.037048 -2.081595 0.024334
14.618140 1.914089 7.987415 -2.060271 0.035103
14.625285 1.931579 7.935135 -2.037915 0.045847
14.632430 1.948618 7.880251 -2.014557 0.056561
14.639574 1.965202 7.822707 -1.990205 0.067254
14.646719 1.981328 7.762459 -1.964870 0.077936
14.653864 1.996991 7.699534 -1.938582 0.088606
14.661009 2.012190 7.633990 -1.911381 0.099254
14.668153 2.026921 7.565874 -1.883304 0.109871
14.675298 2.041180 7.495211 -1.854381 0.120452
14.682443 2.054966 7.422005 -1.824642 0.131001
14.689588 2.068275 7.346245 -1.794109 0.141524
14.696732 2.081105 7.267909 -1.762807 0.152030
14.703877 2.093454 7.187005 -1.730766 0.162522
14.711022 2.105319 7.103636 -1.698041 0.172987
14.718167 2.116698 7.017817 -1.664664 0.183425
14.725311 2.127589 6.929644 -1.630689 0.193829
14.732456 2.137991 6.839001 -1.596120 0.204222
14.739601 2.147901 6.745947 -1.561002 0.214602
14.746746 2.157317 6.650581 -1.525390 0.224959
14.753890 2.166239 6.552886 -1.489312 0.235304
14.761035 2.174665 6.452913 -1.452813 0.245635
14.768180 2.182593 6.350759 -1.415947 0.255946
14.775324 2.190022 6.246395 -1.378740 0.266249
14.782469 2.196952 6.139948 -1.341254 0.276533
14.789614 2.203381 6.031515 -1.303543 0.286792
14.796759 2.209309 5.921236 -1.265669 0.297009
14.803903 2.214736 5.809272 -1.227699 0.307167
14.811048 2.219663 5.695855 -1.189711 0.317238
14.818193 2.224090 5.581257 -1.151792 0.327187
14.825338 2.228020 5.465705 -1.114015 0.336985
14.832482 2.231455 5.349044 -1.076375 0.346666
14.839627 2.234397 5.231556 -1.038955 0.356193
14.846772 2.236847 5.113241 -1.001780 0.365572
14.853917 2.238808 4.993443 -0.964748 0.374908
14.861061 2.240278 4.871195 -0.927704 0.384358
14.868206 2.241249 4.743514 -0.890128 0.394346
14.875351 2.241734 4.619176 -0.853704 0.403583
14.882496 2.241736 4.495141 -0.817870 0.412610
14.889640 2.241245 4.365793 -0.781633 0.422235
14.896785 2.240257 4.231590 -0.745140 0.432337
14.903930 2.238797 4.106680 -0.710898 0.440773
14.911075 2.236864 3.980873 -0.677109 0.449223
14.918219 2.234449 3.849541 -0.643023 0.458355
14.925364 2.231552 3.715141 -0.609109 0.467707
14.932509 2.228191 3.587016 -0.576916 0.475953
14.939654 2.224362 3.457129 -0.545133 0.484353
14.946798 2.220050 3.317915 -0.512621 0.493947
14.953943 2.215290 3.192351 -0.482963 0.501330
14.961088 2.210069 3.060728 -0.453122 0.509612
14.968233 2.204386 2.926257 -0.423636 0.518122
14.975377 2.198255 2.796428 -0.395607 0.525795
14.982522 2.191662 2.659235 -0.367343 0.534480
14.989667 2.184629 2.530056 -0.341005 0.541846
14.996811 2.177141 2.393764 -0.314535 0.550207
15.003956 2.169218 2.263246 -0.289669 0.557538
15.011101 2.160863 2.135099 -0.265934 0.564512
15.018246 2.152073 2.003555 -0.242620 0.571977
15.025390 2.142852 1.871753 -0.220141 0.579313
15.032535 2.133194 1.737225 -0.198229 0.587054
15.039680 2.123119 1.609521 -0.177979 0.593692
15.046825 2.112631 1.483325 -0.158760 0.600078
15.053969 2.101713 1.349150 -0.139584 0.607658
15.061114 2.090395 1.226078 -0.122449 0.613478
15.068259 2.078675 1.102667 -0.106145 0.619413
15.075404 2.066544 0.973796 -0.090207 0.626132
15.082548 2.053997 0.841463 -0.074881 0.633313
15.089693 2.041068 0.722881 -0.061682 0.638394
15.096838 2.027746 0.600385 -0.049021 0.644136
15.103983 2.014021 0.472864 -0.036862 0.650630
15.111127 1.999905 0.348597 -0.025882 0.656597
15.118272 1.985417 0.233007 -0.016432 0.661296
15.125417 1.970528 0.104880 -0.007005 0.667932
15.132562 1.955267 -0.011875 0.000749 0.672804
15.139706 1.939631 -0.129669 0.007686 0.677896
15.146851 1.923632 -0.242220 0.013444 0.682250
15.153996 1.907254 -0.361760 0.018711 0.687696
15.161141 1.890498 -0.482859 0.023144 0.693368
15.168285 1.873381 -0.595664 0.026286 0.697808
15.175430 1.855925 -0.698514 0.028164 0.700838
15.182575 1.838097 -0.814876 0.029745 0.705991
15.189719 1.819922 -0.922829 0.030157 0.709837
15.196864 1.801391 -1.033456 0.029814 0.714146
15.204009 1.782503 -1.145667 0.028656 0.718705
15.211154 1.763283 -1.247140 0.026405 0.721687
15.218298 1.743705 -1.357967 0.023532 0.726172
15.225443 1.723781 -1.465839 0.019761 0.730196
15.232588 1.703494 -1.580254 0.015220 0.735229
15.239733 1.682906 -1.668470 0.009643 0.736318
15.246877 1.661975 -1.771474 0.003413 0.739826
15.254022 1.640714 -1.871213 -0.003605 0.742795
15.261167 1.619130 -1.968680 -0.011378 0.745434
15.268312 1.597215 -2.068479 -0.019922 0.748465
15.275456 1.574956 -2.175667 -0.029330 0.752600
15.282601 1.552389 -2.267653 -0.039295 0.754416
15.289746 1.529501 -2.363053 -0.050032 0.756830
15.296891 1.506301 -2.455605 -0.061422 0.758824
15.304035 1.482779 -2.552691 -0.073641 0.761511
15.311180 1.458941 -2.648195 -0.086539 0.763907
15.318325 1.434789 -2.742144 -0.100095 0.766081
15.325470 1.410324 -2.836922 -0.114384 0.768355
15.332614 1.385560 -2.925746 -0.129111 0.769697
15.339759 1.360499 -3.012858 -0.144408 0.770812
15.346904 1.335144 -3.099445 -0.160312 0.771809
15.354049 1.309481 -3.193477 -0.177255 0.773891
15.361193 1.283535 -3.277381 -0.194274 0.774353
15.368338 1.257297 -3.365811 -0.212174 0.775488
15.375483 1.230775 -3.451641 -0.230525 0.776171
15.382627 1.203989 -3.529169 -0.248889 0.775534
15.389772 1.176892 -3.628137 -0.269375 0.778084
15.396917 1.149523 -3.712976 -0.289445 0.778330
15.404062 1.121883 -3.797389 -0.310053 0.778485
15.411206 1.093972 -3.881929 -0.331235 0.778567
15.418351 1.065768 -3.977358 -0.353943 0.780230
15.425496 1.037342 -4.045141 -0.374720 0.777501
15.432641 1.008653 -4.127653 -0.397336 0.777075
15.439785 0.979744 -4.195780 -0.419036 0.774324
15.446930 0.950563 -4.286662 -0.443500 0.774945
15.454075 0.921147 -4.366863 -0.467386 0.773676
15.461220 0.891484 -4.452499 -0.492353 0.773138
15.468364 0.861599 -4.529068 -0.516797 0.771087
15.475509 0.831482 -4.610816 -0.542288 0.769758
15.482654 0.801160 -4.683280 -0.567120 0.766824
15.489799 0.770605 -4.769607 -0.594072 0.765921
15.496943 0.739846 -4.846659 -0.620316 0.763347
15.504088 0.708883 -4.924502 -0.647069 0.760807
15.511233 0.677741 -4.994433 -0.673157 0.756857
15.518378 0.646418 -5.067145 -0.699969 0.753242
15.525522 0.614892 -5.152442 -0.728909 0.751316
15.532667 0.583188 -5.231002 -0.757295 0.748158
15.539812 0.551331 -5.300392 -0.784690 0.743503
15.546957 0.519292 -5.382511 -0.814306 0.740775
15.554101 0.487105 -5.454939 -0.842793 0.736328
15.561246 0.454773 -5.526995 -0.871516 0.731729
15.568391 0.422302 -5.599890 -0.900656 0.727072
15.575535 0.389680 -5.680690 -0.931367 0.723449
15.582680 0.356922 -5.759420 -0.962046 0.719306
15.589825 0.324045 -5.832791 -0.992102 0.714187
15.596970 0.291073 -5.897373 -1.020881 0.707618
15.604114 0.257994 -5.969565 -1.051179 0.702080
15.611259 0.224818 -6.041831 -1.081704 0.696424
15.618404 0.191535 -6.121454 -1.113770 0.691662
15.625549 0.158183 -6.188447 -1.143733 0.684787
15.632693 0.124752 -6.260996 -1.174886 0.678787
15.639838 0.091269 -6.326352 -1.204834 0.671487
15.646983 0.057721 -6.399122 -1.236329 0.665244
15.654128 0.024152 -6.457339 -1.265114 0.656632
15.661272 -0.009458 -6.525900 -1.296004 0.649570
15.668417 -0.043105 -6.597626 -1.327624 0.642824
15.675562 -0.076813 -6.683382 -1.362201 0.638063
15.682707 -0.110506 -6.739062 -1.390725 0.628660
15.689851 -0.144208 -6.804542 -1.421286 0.620885
15.696996 -0.177902 -6.867459 -1.451330 0.612558
15.704141 -0.211589 -6.934836 -1.482327 0.604699
15.711286 -0.245241 -6.992193 -1.511167 0.595447
15.718430 -0.278869 -7.058012 -1.541803 0.587267
15.725575 -0.312472 -7.126746 -1.573056 0.579640
15.732720 -0.346025 -7.187594 -1.602525 0.570711
15.739865 -0.379518 -7.246549 -1.631493 0.561517
15.747009 -0.412950 -7.307435 -1.660803 0.552631
15.754154 -0.446325 -7.373751 -1.691258 0.544536
15.761299 -0.479593 -7.420861 -1.717176 0.533597
15.768444 -0.512813 -7.495035 -1.749229 0.526848
15.775588 -0.545897 -7.536069 -1.773394 0.514996
15.782733 -0.578884 -7.593704 -1.801267 0.505839
15.789878 -0.611743 -7.642149 -1.826766 0.495268
15.797022 -0.644525 -7.715417 -1.858018 0.488632
15.804167 -0.677133 -7.751285 -1.880048 0.476137
15.811312 -0.709592 -7.794816 -1.903660 0.465199
15.818457 -0.741937 -7.859961 -1.932310 0.457502
15.825601 -0.774137 -7.914198 -1.958042 0.448279
15.832746 -0.806152 -7.952266 -1.979484 0.436674
15.839891 -0.837979 -7.988613 -2.000171 0.425088
15.847036 -0.869658 -8.046227 -2.025872 0.416890
15.854180 -0.901098 -8.068451 -2.042324 0.403293
15.861325 -0.932376 -8.122707 -2.066529 0.394940
15.868470 -0.963442 -8.160905 -2.086305 0.384147
15.875615 -0.994283 -8.192594 -2.104036 0.372637
15.882759 -1.024919 -8.235211 -2.124188 0.363029
15.889904 -1.055291 -8.254454 -2.137903 0.350032
15.897049 -1.085452 -8.297106 -2.157265 0.340899
15.904194 -1.115338 -8.316039 -2.170037 0.328297
15.911338 -1.144984 -8.349478 -2.186153 0.318298
15.918483 -1.174376 -8.379567 -2.200955 0.307888
15.925628 -1.203490 -8.400054 -2.212779 0.296431
15.932773 -1.232329 -8.422340 -2.224610 0.285511
15.939917 -1.260885 -8.442621 -2.235439 0.274557
15.947062 -1.289148 -8.459572 -2.244904 0.263399
15.954207 -1.317113 -8.475674 -2.253654 0.252436
15.961352 -1.344774 -8.489736 -2.261367 0.241470
15.968496 -1.372123 -8.501180 -2.267882 0.230431
15.975641 -1.399155 -8.510411 -2.273301 0.219419
15.982786 -1.425863 -8.517891 -2.277743 0.208470
15.989930 -1.452228 -8.517760 -2.279635 0.196723
15.997075 -1.478257 -8.520025 -2.281652 0.185705
16.004220 -1.503941 -8.520416 -2.282650 0.174724
16.011365 -1.529274 -8.517959 -2.282367 0.163674
16.018509 -1.554246 -8.511448 -2.280480 0.152370
16.025654 -1.578857 -8.504392 -2.277931 0.141390
16.032799 -1.603099 -8.495063 -2.274257 0.130447
16.039944 -1.626968 -8.483028 -2.269348 0.119488
16.047088 -1.650457 -8.468083 -2.263151 0.108475
16.054233 -1.673558 -8.449878 -2.255581 0.097318
16.061378 -1.696269 -8.429981 -2.247061 0.086338
16.068523 -1.718584 -8.407776 -2.237434 0.075408
16.075667 -1.740498 -8.382625 -2.226539 0.064452
16.082812 -1.762007 -8.355244 -2.214577 0.053555
16.089957 -1.783107 -8.326236 -2.201716 0.042801
16.097102 -1.803791 -8.293484 -2.187409 0.031912
16.104246 -1.824056 -8.257833 -2.171892 0.021013
16.111391 -1.843896 -8.219657 -2.155278 0.010141
16.118536 -1.863307 -8.179404 -2.137700 -0.000633
16.125681 -1.882285 -8.135954 -2.118880 -0.011468
16.132825 -1.900826 -8.089932 -2.098999 -0.022268
16.139970 -1.918925 -8.041305 -2.078066 -0.033037
16.147115 -1.936578 -7.990052 -2.056095 -0.043772
16.154260 -1.953783 -7.936186 -2.033110 -0.054470
16.161404 -1.970534 -7.879667 -2.009122 -0.065143
16.168549 -1.986830 -7.820452 -1.984141 -0.075802
16.175694 -2.002666 -7.758533 -1.958188 -0.086451
16.182838 -2.018038 -7.693920 -1.931292 -0.097091
16.189983 -2.032943 -7.626633 -1.903480 -0.107722
16.197128 -2.047378 -7.556698 -1.874787 -0.118340
16.204273 -2.061341 -7.484159 -1.845248 -0.128938
16.211417 -2.074827 -7.409058 -1.814903 -0.139512
16.218562 -2.087835 -7.331420 -1.783785 -0.150060
16.225707 -2.100362 -7.251245 -1.751922 -0.160587
16.232852 -2.112406 -7.168557 -1.719350 -0.171094
16.239996 -2.123964 -7.083360 -1.686099 -0.181585
16.247141 -2.135034 -6.995729 -1.652218 -0.192052
16.254286 -2.145614 -6.905737 -1.617755 -0.202489
16.261431 -2.155703 -6.813320 -1.582725 -0.212910
16.268575 -2.165298 -6.718635 -1.547198 -0.223299
16.275720 -2.174399 -6.621518 -1.511167 -0.233686
16.282865 -2.183003 -6.522270 -1.474734 -0.244033
16.290010 -2.191109 -6.420743 -1.437897 -0.254369
16.297154 -2.198717 -6.317094 -1.400725 -0.264677
16.304299 -2.205826 -6.211393 -1.363266 -0.274952
16.311444 -2.212434 -6.103751 -1.325576 -0.285185
16.318589 -2.218542 -5.994198 -1.287695 -0.295378
16.325733 -2.224149 -5.882864 -1.249681 -0.305521
16.332878 -2.229256 -5.770084 -1.211638 -0.315572
16.340023 -2.233865 -5.656148 -1.173654 -0.325498
16.347168 -2.237977 -5.541343 -1.135816 -0.335262
16.354312 -2.241595 -5.425833 -1.098183 -0.344844
16.361457 -2.244719 -5.308459 -1.060546 -0.354432
16.368602 -2.247351 -5.190116 -1.023116 -0.363886
16.375746 -2.249492 -5.070244 -0.985808 -0.373305
16.382891 -2.251144 -4.949045 -0.948693 -0.382661
16.390036 -2.252307 -4.826333 -0.911763 -0.391980
16.397181 -2.252978 -4.699947 -0.874649 -0.401599
16.404325 -2.253160 -4.573241 -0.838012 -0.411056
16.411470 -2.252856 -4.446806 -0.801980 -0.420278
16.418615 -2.252070 -4.319942 -0.766444 -0.429317
16.425760 -2.250796 -4.188594 -0.730717 -0.438847
16.432904 -2.249037 -4.057272 -0.695630 -0.448141
16.440049 -2.246800 -3.927233 -0.661410 -0.457094
16.447194 -2.244098 -3.801349 -0.628537 -0.465210
16.454339 -2.240910 -3.665394 -0.594681 -0.474712
16.461483 -2.237267 -3.539608 -0.563171 -0.482433
16.468628 -2.233141 -3.401701 -0.530451 -0.491934
16.475773 -2.228568 -3.276814 -0.500492 -0.499249
16.482918 -2.223520 -3.138975 -0.469299 -0.508420
16.490062 -2.218016 -3.006375 -0.439673 -0.516642
16.497207 -2.212052 -2.872474 -0.410643 -0.524940
16.504352 -2.205643 -2.742457 -0.382958 -0.532541
16.511497 -2.198778 -2.607282 -0.355361 -0.540839
16.518641 -2.191481 -2.480463 -0.329712 -0.547757
16.525786 -2.183742 -2.349197 -0.304281 -0.555292
16.532931 -2.175552 -2.211076 -0.278822 -0.563781
16.540076 -2.166935 -2.082479 -0.255425 -0.570711
16.547220 -2.157883 -1.950271 -0.232437 -0.578157
16.554365 -2.148399 -1.817816 -0.210298 -0.585580
16.561510 -2.138484 -1.684404 -0.188938 -0.593084
16.568654 -2.128162 -1.560620 -0.169530 -0.599087
16.575799 -2.117425 -1.433852 -0.150654 -0.605575
16.582944 -2.106269 -1.302636 -0.132203 -0.612635
16.590089 -2.094707 -1.176594 -0.115175 -0.618865
16.597233 -2.082746 -1.052735 -0.099240 -0.624802
16.604378 -2.070387 -0.928968 -0.084194 -0.630726
16.611523 -2.057609 -0.795341 -0.069177 -0.638103
16.618668 -2.044448 -0.674847 -0.056219 -0.643443
16.625812 -2.030886 -0.548096 -0.043639 -0.649783
16.632957 -2.016930 -0.423455 -0.032147 -0.655793
16.640102 -2.002600 -0.306473 -0.022127 -0.660658
16.647247 -1.987880 -0.183116 -0.012538 -0.666549
16.654391 -1.972767 -0.057176 -0.003701 -0.672809
16.661536 -1.957305 0.050164 0.003059 -0.676270
16.668681 -1.941461 0.169943 0.009721 -0.681731
16.675826 -1.925258 0.281748 0.015053 -0.685958
16.682970 -1.908672 0.404249 0.020066 -0.691856
16.690115 -1.891721 0.520180 0.023846 -0.696728
16.697260 -1.874412 0.632141 0.026572 -0.701079
16.704405 -1.856746 0.742931 0.028396 -0.705320
16.711549 -1.838719 0.856218 0.029454 -0.709977
16.718694 -1.820325 0.972623 0.029736 -0.715117
16.725839 -1.801611 1.068430 0.028569 -0.717173
16.732984 -1.782520 1.187064 0.027185 -0.722811
16.740128 -1.763098 1.288721 0.024561 -0.725819
16.747273 -1.743318 1.400269 0.021302 -0.730419
16.754418 -1.723212 1.498859 0.017033 -0.733063
16.761563 -1.702768 1.601385 0.012031 -0.736402
16.768707 -1.681988 1.703843 0.006237 -0.739742
16.775852 -1.660876 1.804544 -0.000348 -0.742827
16.782997 -1.639432 1.905640 -0.007710 -0.746007
16.790141 -1.617657 2.006263 -0.015846 -0.749148
16.797286 -1.595543 2.110664 -0.024798 -0.752859
16.804431 -1.573122 2.201190 -0.034333 -0.754479
16.811576 -1.550383 2.295829 -0.044638 -0.756804
16.818720 -1.527309 2.397685 -0.055831 -0.760189
16.825865 -1.503931 2.488270 -0.067489 -0.761852
16.833010 -1.480242 2.580284 -0.079874 -0.763780
16.840155 -1.456228 2.678770 -0.093174 -0.766667
16.847299 -1.431900 2.774115 -0.107089 -0.769023
16.854444 -1.407288 2.856279 -0.121152 -0.769383
16.861589 -1.382367 2.948078 -0.136263 -0.771266
16.868734 -1.357136 3.042182 -0.152162 -0.773404
16.875878 -1.331602 3.134736 -0.168663 -0.775221
16.883023 -1.305782 3.219081 -0.185359 -0.775796
16.890168 -1.279689 3.298523 -0.202355 -0.775636
16.897313 -1.253290 3.392219 -0.220839 -0.777566
16.904457 -1.226598 3.483123 -0.239791 -0.778950
16.911602 -1.199632 3.566731 -0.258847 -0.779170
16.918747 -1.172381 3.654186 -0.278770 -0.779917
16.925892 -1.144854 3.739918 -0.299151 -0.780337
16.933036 -1.117065 3.820174 -0.319650 -0.779823
16.940181 -1.089013 3.900825 -0.340712 -0.779369
16.947326 -1.060711 3.978765 -0.362053 -0.778341
16.954471 -1.032146 4.063309 -0.384519 -0.778225
16.961615 -1.003311 4.153139 -0.408042 -0.778785
16.968760 -0.974244 4.228555 -0.430668 -0.777012
16.975905 -0.944931 4.310009 -0.454388 -0.776058
16.983049 -0.915399 4.381817 -0.477551 -0.773531
16.990194 -0.885612 4.470696 -0.503052 -0.773537
16.997339 -0.855610 4.545679 -0.527469 -0.771201
17.004484 -0.825364 4.633918 -0.553894 -0.770739
17.011628 -0.794922 4.704283 -0.578627 -0.767392
17.018773 -0.764255 4.787683 -0.605382 -0.765965
17.025918 -0.733374 4.869404 -0.632373 -0.764055
17.033063 -0.702301 4.943516 -0.658783 -0.760883
17.040207 -0.671030 5.022196 -0.686189 -0.758231
17.047352 -0.639597 5.087673 -0.712140 -0.753482
17.054497 -0.607949 5.177747 -0.741910 -0.752309
17.061642 -0.576138 5.251184 -0.769689 -0.748331
17.068786 -0.544159 5.325702 -0.797958 -0.744480
17.075931 -0.512015 5.403093 -0.826990 -0.740902
17.083076 -0.479721 5.475950 -0.855646 -0.736420
17.090221 -0.447297 5.543351 -0.883724 -0.730959
17.097365 -0.414687 5.637119 -0.916335 -0.729407
17.104510 -0.381977 5.699406 -0.944132 -0.722705
17.111655 -0.349136 5.774062 -0.974208 -0.717971
17.118800 -0.316169 5.850965 -1.004928 -0.713357
17.125944 -0.283092 5.924630 -1.035342 -0.708021
17.133089 -0.249917 5.995795 -1.065540 -0.702182
17.140234 -0.216643 6.069630 -1.096422 -0.696699
17.147379 -0.183306 6.131212 -1.125259 -0.689156
17.154523 -0.149894 6.199911 -1.155546 -0.682660
17.161668 -0.116399 6.277202 -1.187608 -0.677285
17.168813 -0.082863 6.339928 -1.217061 -0.669514
17.175957 -0.049269 6.411799 -1.248388 -0.663099
17.183102 -0.015616 6.488002 -1.280700 -0.657144
17.190247 0.018042 6.544830 -1.309277 -0.648165
17.197392 0.051740 6.616669 -1.340922 -0.641523
17.204536 0.085469 6.690553 -1.373077 -0.635038
17.211681 0.119188 6.749329 -1.402181 -0.625997
17.218826 0.152914 6.816397 -1.433027 -0.618452
17.225971 0.186644 6.887193 -1.464693 -0.611211
17.233115 0.220343 6.946325 -1.493881 -0.602086
17.240260 0.254022 7.011415 -1.524328 -0.593964
17.247405 0.287692 7.085366 -1.556699 -0.587115
17.254550 0.321283 7.133227 -1.583283 -0.576165
17.261694 0.354835 7.197686 -1.613462 -0.567887
17.268839 0.388340 7.263941 -1.643982 -0.559865
17.275984 0.421754 7.314387 -1.670820 -0.549361
17.283129 0.455093 7.373205 -1.699437 -0.540120
17.290273 0.488356 7.435688 -1.728777 -0.531608
17.297418 0.521527 7.493799 -1.756966 -0.522253
17.304563 0.554576 7.541476 -1.782531 -0.511520
17.311708 0.587521 7.598228 -1.810049 -0.502118
17.318852 0.620349 7.653767 -1.837088 -0.492720
17.325997 0.653053 7.708640 -1.863762 -0.483195
17.333142 0.685620 7.759742 -1.889298 -0.473173
17.340287 0.718019 7.799079 -1.911706 -0.461510
17.347431 0.750287 7.857245 -1.938465 -0.452786
17.354576 0.782411 7.913097 -1.964404 -0.443925
17.361721 0.814329 7.944213 -1.983900 -0.431274
17.368865 0.846074 7.987612 -2.006132 -0.420961
17.376010 0.877643 8.036413 -2.029404 -0.411422
17.383155 0.909035 8.085648 -2.052466 -0.402186
17.390300 0.940220 8.123613 -2.072323 -0.391375
17.397444 0.971195 8.160426 -2.091516 -0.380643
17.404589 1.001952 8.196270 -2.110078 -0.369955
17.411734 1.032487 8.232007 -2.128221 -0.359459
17.418879 1.062792 8.265583 -2.145401 -0.348850
17.426023 1.092855 8.296370 -2.161440 -0.338048
17.433168 1.122664 8.322278 -2.175777 -0.326718
17.440313 1.152223 8.351736 -2.190601 -0.316236
17.447458 1.181500 8.369376 -2.201871 -0.304179
17.454602 1.210506 8.392192 -2.214037 -0.293189
17.461747 1.239226 8.411265 -2.224745 -0.281851
17.468892 1.267656 8.429314 -2.234705 -0.270678
17.476037 1.295790 8.446078 -2.243839 -0.259625
17.483181 1.323622 8.460904 -2.251968 -0.248598
17.490326 1.351143 8.472605 -2.258768 -0.237416
17.497471 1.378345 8.481908 -2.264425 -0.226198
17.504616 1.405217 8.486254 -2.268251 -0.214561
17.511760 1.431758 8.491900 -2.271913 -0.203481
17.518905 1.457962 8.494930 -2.274363 -0.192342
17.526050 1.483824 8.496033 -2.275781 -0.181279
17.533195 1.509335 8.494341 -2.275934 -0.170163
17.540339 1.534493 8.491257 -2.275198 -0.159206
17.547484 1.559290 8.484882 -2.273064 -0.148125
17.554629 1.583714 8.473996 -2.269208 -0.136717
17.561774 1.607766 8.462661 -2.264721 -0.125649
17.568918 1.631440 8.449289 -2.259179 -0.114650
17.576063 1.654730 8.433045 -2.252365 -0.103613
17.583208 1.677631 8.414169 -2.244350 -0.092578
17.590352 1.700136 8.392755 -2.235165 -0.081501
17.597497 1.722241 8.369123 -2.224903 -0.070529
17.604642 1.743942 8.342382 -2.213337 -0.059497
17.611787 1.765232 8.313587 -2.200757 -0.048574
17.618931 1.786111 8.283114 -2.187272 -0.037784
17.626076 1.806571 8.248785 -2.172321 -0.026857
17.633221 1.826607 8.212070 -2.156304 -0.016011
17.640366 1.846217 8.172888 -2.139215 -0.005216
17.647510 1.865397 8.131558 -2.121151 0.005502
17.654655 1.884142 8.087319 -2.101931 0.016237
17.661800 1.902446 8.039727 -2.081457 0.027048
17.668945 1.920308 7.990110 -2.060094 0.037748
17.676089 1.937722 7.937615 -2.037639 0.048462
17.683234 1.954685 7.882423 -2.014161 0.059157
17.690379 1.971193 7.824585 -1.989694 0.069831
17.697524 1.987243 7.764076 -1.964254 0.080488
17.704668 2.002831 7.700934 -1.937875 0.091123
17.711813 2.017955 7.635177 -1.910585 0.101735
17.718958 2.032610 7.566831 -1.882416 0.112318
17.726103 2.046795 7.495903 -1.853396 0.122874
17.733247 2.060506 7.422402 -1.823554 0.133403
17.740392 2.073741 7.346341 -1.792920 0.143908
17.747537 2.086497 7.267683 -1.761514 0.154398
17.754682 2.098772 7.186515 -1.729385 0.164867
17.761826 2.110564 7.102822 -1.696561 0.175322
17.768971 2.121869 7.016607 -1.663071 0.185769
17.776116 2.132686 6.927949 -1.628965 0.196198
17.783260 2.143013 6.836894 -1.594286 0.206609
17.790405 2.152848 6.743445 -1.559065 0.217006
17.797550 2.162190 6.647650 -1.523346 0.227387
17.804695 2.171036 6.549631 -1.487188 0.237740
17.811839 2.179386 6.449303 -1.450606 0.248079
17.818984 2.187239 6.346865 -1.413676 0.258380
17.826129 2.194593 6.242504 -1.376472 0.268625
17.833274 2.201449 6.135979 -1.338973 0.278858
17.840418 2.207804 6.027572 -1.301274 0.289044
17.847563 2.213660 5.917342 -1.263419 0.299183
17.854708 2.219017 5.805531 -1.225491 0.309248
17.861853 2.223875 5.692314 -1.187556 0.319221
17.868997 2.228235 5.577993 -1.149707 0.329065
17.876142 2.232100 5.462617 -1.111980 0.338779
17.883287 2.235471 5.346458 -1.074456 0.348331
17.890432 2.238349 5.228292 -1.036918 0.357914
17.897576 2.240736 5.109100 -0.999590 0.367382
17.904721 2.242633 4.988988 -0.962521 0.376725
17.911866 2.244041 4.867583 -0.925664 0.386007
17.919011 2.244958 4.742360 -0.888575 0.395583
17.926155 2.245387 4.617207 -0.852022 0.404941
17.933300 2.245322 4.487661 -0.815211 0.414747
17.940445 2.244772 4.360426 -0.779395 0.423940
17.947590 2.243748 4.236878 -0.744814 0.432400
17.954734 2.242232 4.103349 -0.709090 0.442167
17.961879 2.240247 3.977586 -0.675342 0.450527
17.969024 2.237782 3.846256 -0.641293 0.459594
17.976168 2.234835 3.711769 -0.607404 0.468923
17.983313 2.231427 3.584952 -0.575460 0.476925
17.990458 2.227542 3.450530 -0.542999 0.485986
17.997603 2.223196 3.319871 -0.511861 0.494267
18.004747 2.218386 3.188139 -0.481295 0.502597
18.011892 2.213123 3.058383 -0.451777 0.510504
18.019037 2.207389 2.920473 -0.421838 0.519513
18.026182 2.201215 2.792907 -0.394182 0.526796
18.033326 2.194592 2.662010 -0.366836 0.534544
18.040471 2.187525 2.530794 -0.340251 0.542210
18.047616 2.180008 2.395527 -0.313953 0.550372
18.054761 2.172039 2.257470 -0.288157 0.558829
18.061905 2.163648 2.131883 -0.264799 0.565359
18.069050 2.154830 2.004391 -0.242025 0.572206
18.076195 2.145572 1.869652 -0.219240 0.580022
18.083340 2.135888 1.737976 -0.197703 0.587284
18.090484 2.125774 1.605409 -0.176956 0.594665
18.097629 2.115244 1.476802 -0.157536 0.601392
18.104774 2.104300 1.349593 -0.139146 0.607886
18.111919 2.092945 1.221804 -0.121583 0.614445
18.119063 2.081188 1.097892 -0.105288 0.620410
18.126208 2.069018 0.968065 -0.089324 0.627233
18.133353 2.056455 0.845139 -0.074900 0.632990
18.140498 2.043486 0.717043 -0.060920 0.639559
18.147642 2.030118 0.591191 -0.048052 0.645768
18.154787 2.016373 0.474107 -0.036784 0.650651
18.161932 2.002223 0.344851 -0.025476 0.657396
18.169076 1.987698 0.227252 -0.015942 0.662371
18.176221 1.972777 0.100741 -0.006690 0.668717
18.183366 1.957500 -0.009130 0.000572 0.672579
18.190511 1.941836 -0.131080 0.007721 0.678356
18.197655 1.925804 -0.247220 0.013629 0.683221
18.204800 1.909394 -0.366890 0.018838 0.688665
18.211945 1.892627 -0.478121 0.022735 0.692862
18.219090 1.875501 -0.589749 0.025801 0.697188
18.226234 1.858009 -0.704684 0.028144 0.702047
18.233379 1.840156 -0.817867 0.029542 0.706645
18.240524 1.821949 -0.928821 0.029997 0.710958
18.247669 1.803386 -1.039503 0.029590 0.715283
18.254813 1.784454 -1.156406 0.028481 0.720563
18.261958 1.765188 -1.258454 0.026161 0.723607
18.269103 1.745578 -1.363576 0.023104 0.727236
18.276248 1.725645 -1.459894 0.019119 0.729576
18.283392 1.705354 -1.570697 0.014523 0.734156
18.290537 1.684730 -1.672852 0.009024 0.737393
18.297682 1.663770 -1.775293 0.002736 0.740726
18.304827 1.642467 -1.881268 -0.004349 0.744622
18.311971 1.620860 -1.970069 -0.012145 0.745943
18.319116 1.598911 -2.074339 -0.020777 0.749699
18.326261 1.576625 -2.177949 -0.030199 0.753288
18.333406 1.554024 -2.272726 -0.040257 0.755551
18.340550 1.531101 -2.368650 -0.051061 0.758045
18.347695 1.507853 -2.466669 -0.062645 0.760867
18.354840 1.484299 -2.556877 -0.074742 0.762494
18.361985 1.460433 -2.648998 -0.087579 0.764448
18.369129 1.436266 -2.737768 -0.100981 0.765868
18.376274 1.411781 -2.833641 -0.115332 0.768355
18.383419 1.387008 -2.917574 -0.129860 0.768989
18.390563 1.361921 -3.012738 -0.145546 0.771342
18.397708 1.336523 -3.108062 -0.161935 0.773606
18.404853 1.310829 -3.197917 -0.178709 0.775013
18.411998 1.284858 -3.279251 -0.195620 0.775104
18.419142 1.258580 -3.372775 -0.213880 0.777044
18.426287 1.232029 -3.454306 -0.231996 0.777037
18.433432 1.205178 -3.546911 -0.251463 0.778699
18.440577 1.178062 -3.626727 -0.270618 0.778296
18.447721 1.150668 -3.711354 -0.290692 0.778644
18.454866 1.123000 -3.796722 -0.311398 0.778964
18.462011 1.095059 -3.882561 -0.332713 0.779265
18.469156 1.066866 -3.961620 -0.353990 0.778429
18.476300 1.038413 -4.043491 -0.376037 0.777937
18.483445 1.009699 -4.128555 -0.398916 0.777809
18.490590 0.980720 -4.216787 -0.422651 0.778053
18.497735 0.951510 -4.291950 -0.445583 0.776188
18.504879 0.922076 -4.364518 -0.468688 0.773814
18.512024 0.892383 -4.452996 -0.493983 0.773798
18.519169 0.862474 -4.528144 -0.518283 0.771542
18.526314 0.832332 -4.609685 -0.543765 0.770182
18.533458 0.801951 -4.697607 -0.570485 0.769615
18.540603 0.771385 -4.764664 -0.595098 0.765664
18.547748 0.740600 -4.845763 -0.621859 0.763796
18.554893 0.709611 -4.924429 -0.648731 0.761417
18.562037 0.678447 -4.992886 -0.674631 0.757229
18.569182 0.647067 -5.080865 -0.703562 0.755911
18.576327 0.615504 -5.158360 -0.731456 0.752784
18.583471 0.583774 -5.230567 -0.758951 0.748735
18.590616 0.551851 -5.314903 -0.788569 0.746436
18.597761 0.519779 -5.385153 -0.816444 0.741794
18.604906 0.487557 -5.455547 -0.844631 0.737075
18.612050 0.455179 -5.532588 -0.874150 0.733189
18.619195 0.422656 -5.608659 -0.903824 0.728880
18.626340 0.389984 -5.689288 -0.934541 0.725100
18.633485 0.357188 -5.762606 -0.964346 0.720035
18.640629 0.324280 -5.831776 -0.993698 0.714195
18.647774 0.291264 -5.902542 -1.023545 0.708581
18.654919 0.258159 -5.967281 -1.052545 0.701905
18.662064 0.224926 -6.053520 -1.085569 0.698355
18.669208 0.191634 -6.114122 -1.114202 0.690628
18.676353 0.158265 -6.183150 -1.144517 0.684220
18.683498 0.124818 -6.256921 -1.175881 0.678361
18.690643 0.091324 -6.320662 -1.205504 0.670863
18.697787 0.057751 -6.401006 -1.238443 0.665740
18.704932 0.024145 -6.465601 -1.268474 0.658098
18.712077 -0.009489 -6.529193 -1.298390 0.650241
18.719222 -0.043174 -6.605862 -1.331006 0.644227
18.726366 -0.076870 -6.670030 -1.361192 0.636305
18.733511 -0.110576 -6.735600 -1.391712 0.628365
18.740656 -0.144295 -6.804968 -1.423063 0.621121
18.747801 -0.178032 -6.881337 -1.455940 0.614639
18.754945 -0.211735 -6.936837 -1.484414 0.605085
18.762090 -0.245425 -7.003311 -1.515213 0.597143
18.769235 -0.279088 -7.067731 -1.545551 0.588855
18.776379 -0.312716 -7.131881 -1.575796 0.580427
18.783524 -0.346281 -7.186753 -1.603922 0.570582
18.790669 -0.379798 -7.250770 -1.634007 0.562096
18.797814 -0.413242 -7.307570 -1.662374 0.552496
18.804958 -0.446619 -7.369971 -1.691908 0.543747
18.812103 -0.479906 -7.424430 -1.719494 0.533960
18.819248 -0.513095 -7.477790 -1.746669 0.524014
18.826393 -0.546209 -7.543749 -1.776640 0.516074
18.833537 -0.579194 -7.591005 -1.802036 0.505190
18.840682 -0.612102 -7.660557 -1.832548 0.498005
18.847827 -0.644888 -7.715871 -1.859479 0.488455
18.854972 -0.677501 -7.749001 -1.880811 0.475694
18.862116 -0.710012 -7.813553 -1.909521 0.467994
18.869261 -0.742339 -7.850279 -1.931178 0.455918
18.876406 -0.774530 -7.905153 -1.957019 0.446916
18.883551 -0.806552 -7.951698 -1.980522 0.436588
18.890695 -0.838377 -7.986155 -2.000695 0.424706
18.897840 -0.870032 -8.033737 -2.023829 0.415008
18.904985 -0.901516 -8.086000 -2.047829 0.406051
18.912130 -0.932798 -8.125804 -2.068339 0.395457
18.919274 -0.963880 -8.166494 -2.088715 0.385143
18.926419 -0.994743 -8.200960 -2.107123 0.374087
18.933564 -1.025364 -8.227243 -2.123026 0.361945
18.940709 -1.055750 -8.257845 -2.139631 0.350782
18.947853 -1.085917 -8.298706 -2.158486 0.341356
18.954998 -1.115838 -8.330377 -2.174537 0.330701
18.962143 -1.145503 -8.357200 -2.188888 0.319601
18.969287 -1.174909 -8.383769 -2.202724 0.308750
18.976432 -1.204043 -8.406343 -2.215053 0.297561
18.983577 -1.232886 -8.422000 -2.225089 0.285679
18.990722 -1.261445 -8.441395 -2.235634 0.274638
18.997866 -1.289709 -8.458572 -2.245108 0.263527
19.005011 -1.317674 -8.474162 -2.253672 0.252508
19.012156 -1.345334 -8.487875 -2.261241 0.241520
19.019301 -1.372680 -8.499204 -2.267674 0.230488
19.026445 -1.399699 -8.505117 -2.272154 0.218948
19.033590 -1.426391 -8.511194 -2.276168 0.207776
19.040735 -1.452748 -8.514838 -2.279017 0.196558
19.047880 -1.478763 -8.516697 -2.280873 0.185416
19.055024 -1.504433 -8.516633 -2.281697 0.174338
19.062169 -1.529746 -8.512518 -2.280918 0.163046
19.069314 -1.554704 -8.508692 -2.279699 0.152183
19.076459 -1.579298 -8.501204 -2.276983 0.141149
19.083603 -1.603524 -8.491563 -2.273175 0.130182
19.090748 -1.627365 -8.475556 -2.267152 0.118588
19.097893 -1.650827 -8.460686 -2.260927 0.107610
19.105038 -1.673902 -8.443697 -2.253632 0.096686
19.112182 -1.696586 -8.423880 -2.245086 0.085740
19.119327 -1.718873 -8.401163 -2.235276 0.074767
19.126472 -1.740757 -8.375634 -2.224235 0.063782
19.133617 -1.762236 -8.348790 -2.212370 0.052954
19.140761 -1.783303 -8.318228 -2.199055 0.042000
19.147906 -1.803953 -8.285324 -2.184665 0.031116
19.155051 -1.824183 -8.250014 -2.169197 0.020265
19.162196 -1.843987 -8.211710 -2.152511 0.009403
19.169340 -1.863361 -8.170449 -2.134631 -0.001486
19.176485 -1.882301 -8.127392 -2.115878 -0.012228
19.183630 -1.900804 -8.081380 -2.095965 -0.022995
19.190774 -1.918864 -8.032300 -2.074883 -0.033796
19.197919 -1.936477 -7.980741 -2.052802 -0.044553
19.205064 -1.953641 -7.926469 -2.029685 -0.055303
19.212209 -1.970350 -7.869500 -2.005555 -0.066038
19.219353 -1.986602 -7.809881 -1.980448 -0.076749
19.226498 -2.002392 -7.747641 -1.954393 -0.087432
19.233643 -2.017718 -7.682810 -1.927422 -0.098080
19.240788 -2.032578 -7.615387 -1.899559 -0.108697
19.247932 -2.046966 -7.545365 -1.870830 -0.119289
19.255077 -2.060882 -7.472730 -1.841256 -0.129865
19.262222 -2.074322 -7.397483 -1.810865 -0.140428
19.269367 -2.087283 -7.319646 -1.779690 -0.150980
19.276511 -2.099763 -7.239260 -1.747772 -0.161515
19.283656 -2.111758 -7.156332 -1.715140 -0.172034
19.290801 -2.123268 -7.071025 -1.681863 -0.182513
19.297946 -2.134290 -6.983263 -1.647954 -0.192969
19.305090 -2.144823 -6.893165 -1.613471 -0.203389
19.312235 -2.154864 -6.800725 -1.578445 -0.213781
19.319380 -2.164412 -6.705938 -1.542905 -0.224151
19.326525 -2.173465 -6.608827 -1.506889 -0.234500
19.333669 -2.182023 -6.509578 -1.470471 -0.244810
19.340814 -2.190084 -6.408045 -1.433651 -0.255107
19.347959 -2.197646 -6.304403 -1.396502 -0.265375
19.355104 -2.204710 -6.198680 -1.359061 -0.275618
19.362248 -2.211274 -6.090944 -1.321376 -0.285833
19.369393 -2.217339 -5.981328 -1.283509 -0.296009
19.376538 -2.222903 -5.870065 -1.245541 -0.306119
19.383682 -2.227968 -5.757301 -1.207534 -0.316148
19.390827 -2.232535 -5.643252 -1.169562 -0.326070
19.397972 -2.236604 -5.528186 -1.131708 -0.335853
19.405117 -2.240179 -5.412035 -1.093985 -0.345512
19.412261 -2.243261 -5.294769 -1.056415 -0.355056
19.419406 -2.245850 -5.175976 -1.018941 -0.364559
19.426551 -2.247949 -5.056281 -0.981718 -0.373930
19.433696 -2.249560 -4.935755 -0.944783 -0.383163
19.440840 -2.250681 -4.812130 -0.907733 -0.392588
19.447985 -2.251303 -4.682687 -0.870108 -0.402643
19.455130 -2.251438 -4.556265 -0.833591 -0.412037
19.462275 -2.251081 -4.427174 -0.797150 -0.421557
19.469419 -2.250253 -4.304992 -0.762522 -0.429903
19.476564 -2.248940 -4.175832 -0.727244 -0.439097
19.483709 -2.247138 -4.042515 -0.691878 -0.448677
19.490854 -2.244865 -3.914678 -0.658099 -0.457231
19.497998 -2.242113 -3.782495 -0.624251 -0.466312
19.505143 -2.238895 -3.654700 -0.591805 -0.474516
19.512288 -2.235202 -3.521020 -0.559103 -0.483475
19.519433 -2.231047 -3.391169 -0.527728 -0.491680
19.526577 -2.226439 -3.264120 -0.497503 -0.499360
19.533722 -2.221356 -3.126090 -0.466358 -0.508564
19.540867 -2.215815 -2.992521 -0.436667 -0.516895
19.548012 -2.209835 -2.866749 -0.408877 -0.523971
19.555156 -2.203387 -2.728216 -0.380061 -0.532908
19.562301 -2.196497 -2.597514 -0.353157 -0.540497
19.569446 -2.189157 -2.462777 -0.326528 -0.548603
19.576590 -2.181381 -2.333579 -0.301462 -0.555804
19.583735 -2.173161 -2.198985 -0.276541 -0.563740
19.590880 -2.164518 -2.072774 -0.253517 -0.570312
19.598025 -2.155441 -1.940455 -0.230591 -0.577777
19.605169 -2.145933 -1.808256 -0.208557 -0.585162
19.612314 -2.136004 -1.678691 -0.187705 -0.592075
19.619459 -2.125662 -1.552353 -0.168080 -0.598471
19.626604 -2.114897 -1.421120 -0.148808 -0.605582
19.633748 -2.103725 -1.295235 -0.130986 -0.611863
19.640893 -2.092131 -1.162073 -0.113334 -0.619211
19.648038 -2.080138 -1.038083 -0.097482 -0.625121
19.655183 -2.067739 -0.910543 -0.082192 -0.631602
19.662327 -2.054943 -0.786321 -0.068104 -0.637552
19.669472 -2.041754 -0.663665 -0.055043 -0.643288
19.676617 -2.028156 -0.532684 -0.042215 -0.650276
19.683762 -2.014178 -0.413513 -0.031239 -0.655441
19.690906 -1.999814 -0.292432 -0.021005 -0.660961
19.698051 -1.985060 -0.168531 -0.011476 -0.666917
19.705196 -1.969921 -0.046426 -0.002988 -0.672600
19.712341 -1.954420 0.065896 0.003993 -0.676842
19.719485 -1.938529 0.189580 0.010773 -0.682874
19.726630 -1.922281 0.301097 0.015973 -0.687027
19.733775 -1.905674 0.412402 0.020314 -0.691253
19.740920 -1.888689 0.531938 0.024182 -0.696741
19.748064 -1.871327 0.652743 0.027189 -0.702407
19.755209 -1.853621 0.759707 0.028747 -0.706009
19.762354 -1.835575 0.862397 0.029337 -0.709094
19.769498 -1.817157 0.979204 0.029562 -0.714359
19.776643 -1.798407 1.081366 0.028500 -0.717381
19.783788 -1.779283 1.199677 0.027013 -0.722928
19.790933 -1.759811 1.308815 0.024441 -0.727051
19.798077 -1.740007 1.410000 0.020907 -0.730049
19.805222 -1.719851 1.518210 0.016668 -0.734192
19.812367 -1.699353 1.623131 0.011569 -0.737836
19.819512 -1.678540 1.717036 0.005624 -0.739869
19.826656 -1.657390 1.817912 -0.001051 -0.743043
19.833801 -1.635897 1.924020 -0.008525 -0.746986
19.840946 -1.614082 2.021303 -0.016743 -0.749581
19.848091 -1.591944 2.118025 -0.025700 -0.752159
19.855235 -1.569469 2.220901 -0.035495 -0.755678
19.862380 -1.546686 2.312592 -0.045853 -0.757480
19.869525 -1.523570 2.413746 -0.057132 -0.760782
19.876670 -1.500141 2.506824 -0.068954 -0.762826
19.883814 -1.476404 2.598246 -0.081425 -0.764658
19.890959 -1.452354 2.691232 -0.094637 -0.766714
19.898104 -1.427995 2.783594 -0.108517 -0.768638
19.905249 -1.403337 2.871742 -0.122901 -0.769944
19.912393 -1.378363 2.967958 -0.138310 -0.772439
19.919538 -1.353094 3.056078 -0.154016 -0.773634
19.926683 -1.327526 3.145735 -0.170444 -0.775074
19.933828 -1.301661 3.235395 -0.187518 -0.776446
19.940972 -1.275505 3.323250 -0.205121 -0.777483
19.948117 -1.249059 3.410739 -0.223323 -0.778453
19.955262 -1.222319 3.501074 -0.242334 -0.779775
19.962406 -1.195303 3.585144 -0.261518 -0.780036
19.969551 -1.168022 3.663896 -0.280869 -0.779500
19.976696 -1.140466 3.747740 -0.301160 -0.779681
19.983841 -1.112642 3.831207 -0.321981 -0.779670
19.990985 -1.084535 3.922122 -0.344008 -0.780677
19.998130 -1.056168 4.005443 -0.365940 -0.780413
20.005275 -1.027560 4.080688 -0.387643 -0.778861
20.012420 -0.998699 4.161232 -0.410338 -0.778057
20.019564 -0.969580 4.247776 -0.434149 -0.777976
20.026709 -0.940226 4.325249 -0.457538 -0.776406
20.033854 -0.910625 4.409488 -0.482131 -0.775736
20.040999 -0.880778 4.495706 -0.507451 -0.775234
20.048143 -0.850718 4.568971 -0.531773 -0.772575
20.055288 -0.820446 4.642505 -0.556536 -0.769988
20.062433 -0.789935 4.729501 -0.583364 -0.769239
20.069578 -0.759228 4.802538 -0.608909 -0.766126
20.076722 -0.728319 4.878355 -0.635198 -0.763395
20.083867 -0.697213 4.954683 -0.661947 -0.760550
20.091012 -0.665916 5.031584 -0.689160 -0.757641
20.098157 -0.634413 5.116962 -0.717942 -0.755798
20.105301 -0.602745 5.188298 -0.745133 -0.751652
20.112446 -0.570901 5.264996 -0.773435 -0.748222
20.119591 -0.538904 5.334786 -0.801048 -0.743544
20.126736 -0.506742 5.411912 -0.830078 -0.739921
20.133880 -0.474419 5.491385 -0.859804 -0.736424
20.141025 -0.441948 5.567871 -0.889386 -0.732273
20.148170 -0.409350 5.637177 -0.918101 -0.726935
20.155315 -0.376610 5.715100 -0.948493 -0.722816
20.162459 -0.343759 5.784181 -0.977679 -0.717059
20.169604 -0.310778 5.862884 -1.008743 -0.712760
20.176749 -0.277688 5.936222 -1.039136 -0.707448
20.183893 -0.244512 6.002031 -1.068415 -0.700891
20.191038 -0.211242 6.074366 -1.099043 -0.695103
20.198183 -0.177864 6.156319 -1.131633 -0.690674
20.205328 -0.144451 6.210568 -1.159290 -0.681779
20.212472 -0.110927 6.297790 -1.193261 -0.678026
20.219617 -0.077350 6.367331 -1.224074 -0.671156
20.226762 -0.043742 6.427373 -1.253163 -0.662895
20.233907 -0.010064 6.506375 -1.286065 -0.657444
20.241051 0.023607 6.558024 -1.313641 -0.647695
20.248196 0.057309 6.626425 -1.344613 -0.640449
20.255341 0.091033 6.695886 -1.375875 -0.633308
20.262486 0.124760 6.761994 -1.406503 -0.625446
20.269630 0.158510 6.838146 -1.439279 -0.619083
20.276775 0.192239 6.899422 -1.468957 -0.610391
20.283920 0.225928 6.953358 -1.497039 -0.600558
20.291065 0.259611 7.025069 -1.528926 -0.593416
20.298209 0.293258 7.088384 -1.558974 -0.584888
20.305354 0.326841 7.141780 -1.586772 -0.574932
20.312499 0.360384 7.206798 -1.617075 -0.566793
20.319644 0.393869 7.270273 -1.646964 -0.558218
20.326788 0.427292 7.333711 -1.676760 -0.549600
20.333933 0.460629 7.388296 -1.704416 -0.539799
20.341078 0.493877 7.444238 -1.732240 -0.530104
20.348223 0.527060 7.513949 -1.763141 -0.522658
20.355367 0.560144 7.571602 -1.791075 -0.513412
20.362512 0.593111 7.623531 -1.817470 -0.503202
20.369657 0.625945 7.670635 -1.842499 -0.492403
20.376801 0.658627 7.711397 -1.865757 -0.480782
20.383946 0.691171 7.761257 -1.890962 -0.470668
20.391091 0.723570 7.813118 -1.916409 -0.460880
20.398236 0.755820 7.865112 -1.941634 -0.451231
20.405380 0.787924 7.919814 -1.967265 -0.442147
20.412525 0.819833 7.955564 -1.987889 -0.430367
20.419670 0.851557 7.996692 -2.009529 -0.419578
20.426815 0.883119 8.050920 -2.034146 -0.410804
20.433959 0.914482 8.091822 -2.055072 -0.400149
20.441104 0.945631 8.126420 -2.074036 -0.388882
20.448249 0.976588 8.171851 -2.095400 -0.379487
20.455394 1.007307 8.200762 -2.112147 -0.367592
20.462538 1.037790 8.230158 -2.128611 -0.356210
20.469683 1.068046 8.266192 -2.146383 -0.346033
20.476828 1.098058 8.297048 -2.162395 -0.335212
20.483973 1.127814 8.323945 -2.176944 -0.324093
20.491117 1.157315 8.352541 -2.191497 -0.313450
20.498262 1.186547 8.376082 -2.204272 -0.302310
20.505407 1.215505 8.398940 -2.216406 -0.291348
20.512552 1.244183 8.420191 -2.227647 -0.280424
20.519696 1.272572 8.438108 -2.237528 -0.269298
20.526841 1.300663 8.453747 -2.246318 -0.258134
20.533986 1.328453 8.468158 -2.254290 -0.247084
20.541131 1.355932 8.480343 -2.261171 -0.236014
20.548275 1.383096 8.490555 -2.267024 -0.224987
20.555420 1.409938 8.498266 -2.271701 -0.213924
20.562565 1.436453 8.504820 -2.275557 -0.203042
20.569709 1.462618 8.501758 -2.276326 -0.191039
20.576854 1.488443 8.502764 -2.277668 -0.180036
20.583999 1.513919 8.501060 -2.277767 -0.168951
20.591144 1.539040 8.497486 -2.276848 -0.157956
20.598288 1.563799 8.490902 -2.274606 -0.146883
20.605433 1.588192 8.482070 -2.271248 -0.135853
20.612578 1.612207 8.468138 -2.266013 -0.124394
20.619723 1.635844 8.454216 -2.260272 -0.113363
20.626867 1.659096 8.437728 -2.253341 -0.102317
20.634012 1.681959 8.419007 -2.245315 -0.091333
20.641157 1.704426 8.397018 -2.235925 -0.080260
20.648302 1.726494 8.373084 -2.225531 -0.069311
20.655446 1.748158 8.347307 -2.214170 -0.058450
20.662591 1.769414 8.318458 -2.201525 -0.047587
20.669736 1.790257 8.286860 -2.187693 -0.036730
20.676881 1.810681 8.252664 -2.172726 -0.025890
20.684025 1.830681 8.215342 -2.156501 -0.014982
20.691170 1.850256 8.176650 -2.139492 -0.004273
20.698315 1.869399 8.134207 -2.121091 0.006566
20.705460 1.888105 8.089341 -2.101662 0.017343
20.712604 1.906372 8.041988 -2.081206 0.028076
20.719749 1.924195 7.991888 -2.059675 0.038802
20.726894 1.941571 7.939123 -2.037109 0.049509
20.734039 1.958495 7.883649 -2.013518 0.060204
20.741183 1.974963 7.825518 -1.988938 0.070877
20.748328 1.990973 7.764744 -1.963394 0.081526
20.755473 2.006521 7.701321 -1.936908 0.092154
20.762617 2.021604 7.635245 -1.909504 0.102764
20.769762 2.036218 7.566521 -1.881210 0.113359
20.776907 2.050360 7.495161 -1.852053 0.123941
20.784052 2.064028 7.421193 -1.822068 0.134508
20.791196 2.077218 7.344656 -1.791293 0.145055
20.798341 2.089929 7.265578 -1.759762 0.155580
20.805486 2.102157 7.183970 -1.727507 0.166086
20.812631 2.113900 7.099817 -1.694555 0.176580
20.819775 2.125156 7.013234 -1.660962 0.187050
20.826920 2.135923 6.924211 -1.626758 0.197504
20.834065 2.146199 6.832730 -1.591969 0.207947
20.841210 2.155982 6.738832 -1.556638 0.218380
20.848354 2.165270 6.642716 -1.520841 0.228779
20.855499 2.174062 6.544292 -1.484590 0.239163
20.862644 2.182356 6.443582 -1.447923 0.249535
20.869789 2.190151 6.340691 -1.410896 0.259884
20.876933 2.197447 6.235798 -1.373583 0.270191
20.884078 2.204242 6.128881 -1.336009 0.280465
20.891223 2.210536 6.019958 -1.298213 0.290710
20.898368 2.216329 5.909445 -1.260314 0.300873
20.905512 2.221621 5.797173 -1.222309 0.310989
20.912657 2.226412 5.683422 -1.184286 0.321024
20.919802 2.230705 5.568649 -1.146371 0.330916
20.926947 2.234501 5.452872 -1.108592 0.340673
20.934091 2.237803 5.336406 -1.071039 0.350250
20.941236 2.240610 5.218129 -1.033514 0.359825
20.948381 2.242924 5.098435 -0.996126 0.369342
20.955526 2.244749 4.978033 -0.959042 0.378700
20.962670 2.246086 4.857215 -0.922342 0.387849
20.969815 2.246923 4.728385 -0.884623 0.397942
20.976960 2.247274 4.603580 -0.848192 0.407155
20.984104 2.247133 4.475691 -0.811740 0.416724
20.991249 2.246517 4.352486 -0.776699 0.425270
20.998394 2.245419 4.225176 -0.741502 0.434280
21.005539 2.243834 4.094181 -0.706275 0.443650
21.012683 2.241768 3.962480 -0.671573 0.452893
21.019828 2.239231 3.834814 -0.638206 0.461369
21.026973 2.236215 3.702374 -0.604716 0.470404
21.034118 2.232721 3.567719 -0.571573 0.479597
21.041262 2.228767 3.439728 -0.540208 0.487567
21.048407 2.224342 3.306188 -0.508692 0.496307
21.055552 2.219460 3.175757 -0.478399 0.504365
21.062697 2.214115 3.042626 -0.448457 0.512772
21.069841 2.208316 2.911306 -0.419555 0.520762
21.076986 2.202057 2.775757 -0.390840 0.529286
21.084131 2.195354 2.645698 -0.363703 0.536800
21.091276 2.188204 2.513287 -0.337049 0.544643
21.098420 2.180615 2.383129 -0.311518 0.552012
21.105565 2.172583 2.249919 -0.286422 0.559787
21.112710 2.164119 2.119476 -0.262526 0.567042
21.119855 2.155226 1.990382 -0.239642 0.574049
21.126999 2.145898 1.856710 -0.217073 0.581654
21.134144 2.136152 1.729325 -0.196111 0.588281
21.141289 2.125979 1.597227 -0.175489 0.595556
21.148434 2.115393 1.469630 -0.156248 0.602097
21.155578 2.104383 1.337264 -0.137396 0.609368
21.162723 2.092967 1.210930 -0.120064 0.615654
21.169868 2.081142 1.083793 -0.103543 0.622106
21.177012 2.068913 0.957921 -0.088040 0.628324
21.184157 2.056285 0.832608 -0.073485 0.634443
21.191302 2.043253 0.704915 -0.059631 0.640906
21.198447 2.029840 0.585999 -0.047414 0.646044
21.205591 2.016038 0.464626 -0.035876 0.651621
21.212736 2.001832 0.335156 -0.024635 0.658378
21.219881 1.987254 0.218324 -0.015234 0.663211
21.227026 1.972300 0.100591 -0.006643 0.668272
21.234170 1.956957 -0.023116 0.001440 0.674239
21.241315 1.941254 -0.135348 0.007921 0.678476
21.248460 1.925168 -0.256894 0.014065 0.684187
21.255605 1.908724 -0.368979 0.018805 0.688443
21.262749 1.891897 -0.491345 0.023177 0.694330
21.269894 1.874728 -0.597200 0.025899 0.697722
21.277039 1.857203 -0.706768 0.027957 0.701803
21.284184 1.839305 -0.825233 0.029492 0.707231
21.291328 1.821055 -0.935639 0.029859 0.711408
21.298473 1.802455 -1.044818 0.029340 0.715485
21.305618 1.783503 -1.154296 0.027986 0.719657
21.312763 1.764217 -1.256254 0.025633 0.722733
21.319907 1.744578 -1.365271 0.022608 0.726944
21.327052 1.724583 -1.477668 0.018783 0.731651
21.334197 1.704267 -1.574297 0.013950 0.733993
21.341342 1.683618 -1.674650 0.008388 0.737031
21.348486 1.662630 -1.777581 0.002055 0.740479
21.355631 1.641312 -1.878450 -0.005067 0.743611
21.362776 1.619674 -1.973963 -0.012929 0.745972
21.369920 1.597711 -2.071603 -0.021547 0.748698
21.377065 1.575396 -2.181580 -0.031089 0.753276
21.384210 1.552784 -2.269430 -0.041071 0.754451
21.391355 1.529850 -2.365452 -0.051900 0.757001
21.398499 1.506600 -2.459914 -0.063418 0.759285
21.405644 1.483025 -2.558505 -0.075770 0.762173
21.412789 1.459145 -2.649904 -0.088623 0.763947
21.419934 1.434968 -2.736718 -0.101988 0.765057
21.427078 1.410455 -2.840264 -0.116684 0.768716
21.434223 1.385642 -2.931318 -0.131587 0.770338
21.441368 1.360533 -3.019378 -0.147013 0.771553
21.448513 1.335123 -3.108784 -0.163149 0.772968
21.455657 1.309442 -3.187084 -0.179307 0.772662
21.462802 1.283456 -3.279405 -0.196864 0.774464
21.469947 1.257182 -3.367274 -0.214795 0.775465
21.477092 1.230608 -3.460076 -0.233677 0.777188
21.484236 1.203750 -3.547792 -0.252848 0.778037
21.491381 1.176610 -3.634594 -0.272555 0.778708
21.498526 1.149216 -3.710148 -0.291970 0.777588
21.505671 1.121516 -3.807793 -0.313709 0.779817
21.512815 1.093555 -3.890527 -0.334823 0.779542
21.519960 1.065353 -3.963793 -0.355631 0.777825
21.527105 1.036870 -4.053909 -0.378479 0.778645
21.534250 1.008159 -4.125240 -0.400087 0.776376
21.541394 0.979181 -4.213272 -0.423814 0.776645
21.548539 0.949981 -4.284520 -0.446344 0.774166
21.555684 0.920503 -4.381207 -0.472038 0.775503
21.562828 0.890804 -4.457133 -0.496018 0.773392
21.569973 0.860879 -4.534538 -0.520608 0.771541
21.577118 0.830731 -4.612632 -0.545723 0.769618
21.584263 0.800383 -4.682645 -0.570292 0.766339
21.591407 0.769793 -4.772895 -0.597770 0.765999
21.598552 0.739016 -4.844010 -0.623289 0.762529
21.605697 0.708042 -4.918336 -0.649597 0.759459
21.612842 0.676872 -4.995928 -0.676724 0.756677
21.619986 0.645501 -5.078349 -0.704910 0.754546
21.627131 0.613947 -5.156389 -0.732884 0.751473
21.634276 0.582212 -5.234371 -0.761222 0.748303
21.641421 0.550319 -5.305479 -0.788897 0.743913
21.648565 0.518240 -5.389806 -0.818887 0.741467
21.655710 0.486008 -5.464398 -0.847747 0.737289
21.662855 0.453637 -5.534571 -0.876213 0.732296
21.670000 0.421113 -5.612445 -0.906190 0.728359
21.677144 0.388473 -5.679206 -0.934644 0.722514
21.684289 0.355707 -5.751566 -0.964261 0.717402
21.691434 0.322828 -5.822117 -0.993816 0.711854
21.698579 0.289843 -5.892761 -1.023614 0.706170
21.705723 0.256748 -5.968678 -1.054557 0.701098
21.712868 0.223554 -6.043067 -1.085460 0.695705
21.720013 0.190269 -6.116836 -1.116462 0.690016
21.727158 0.156920 -6.181153 -1.145908 0.682806
21.734302 0.123492 -6.254198 -1.177126 0.676909
21.741447 0.090014 -6.319107 -1.206958 0.669598
21.748592 0.056473 -6.392456 -1.238534 0.663493
21.755737 0.022860 -6.473662 -1.271797 0.658329
21.762881 -0.010774 -6.536246 -1.301523 0.650311
21.770026 -0.044425 -6.597219 -1.330984 0.641989
21.777171 -0.078105 -6.667853 -1.362457 0.635024
21.784315 -0.111796 -6.733986 -1.393076 0.627345
21.791460 -0.145484 -6.797292 -1.423142 0.619063
21.798605 -0.179191 -6.873452 -1.455943 0.612625
21.805750 -0.212874 -6.934110 -1.485486 0.603840
21.812894 -0.246536 -6.998172 -1.515739 0.595532
21.820039 -0.280175 -7.064426 -1.546450 0.587501
21.827184 -0.313784 -7.130617 -1.577120 0.579471
21.834329 -0.347324 -7.183145 -1.604698 0.569331
21.841473 -0.380824 -7.250270 -1.635455 0.561430
21.848618 -0.414272 -7.316799 -1.666013 0.553373
21.855763 -0.447625 -7.366742 -1.692680 0.542825
21.862908 -0.480886 -7.418969 -1.719716 0.532730
21.870052 -0.514072 -7.482690 -1.749275 0.524382
21.877197 -0.547160 -7.540867 -1.777396 0.515188
21.884342 -0.580144 -7.597503 -1.804985 0.505776
21.891487 -0.613027 -7.657581 -1.833214 0.496960
21.898631 -0.645742 -7.691971 -1.855062 0.484259
21.905776 -0.678356 -7.755445 -1.883688 0.476253
21.912921 -0.710800 -7.795486 -1.906384 0.464545
21.920066 -0.743107 -7.849163 -1.932149 0.455217
21.927210 -0.775279 -7.908120 -1.958965 0.446762
21.934355 -0.807280 -7.952885 -1.981991 0.436222
21.941500 -0.839098 -7.992480 -2.003415 0.425147
21.948645 -0.870723 -8.030236 -2.024043 0.413940
21.955789 -0.902179 -8.081102 -2.047646 0.404909
21.962934 -0.933440 -8.123864 -2.068863 0.394727
21.970079 -0.964472 -8.152895 -2.086211 0.382618
21.977223 -0.995306 -8.195289 -2.106598 0.372852
21.984368 -1.025911 -8.229021 -2.124374 0.361944
21.991513 -1.056290 -8.264091 -2.142094 0.351411
21.998658 -1.086433 -8.296799 -2.158790 0.340799
22.005802 -1.116322 -8.322726 -2.173294 0.329434
22.012947 -1.145944 -8.344707 -2.186322 0.317598
22.020092 -1.175308 -8.372109 -2.200320 0.306898
22.027237 -1.204409 -8.399257 -2.213798 0.296490
22.034381 -1.233233 -8.421297 -2.225467 0.285547
22.041526 -1.261771 -8.440463 -2.235901 0.274498
22.048671 -1.290015 -8.456872 -2.245121 0.263341
22.055816 -1.317947 -8.466586 -2.252071 0.251353
22.062960 -1.345578 -8.480967 -2.259764 0.240581
22.070105 -1.372893 -8.491729 -2.265992 0.229484
22.077250 -1.399889 -8.501045 -2.271329 0.218506
22.084395 -1.426557 -8.506998 -2.275256 0.207344
22.091539 -1.452892 -8.511381 -2.278251 0.196302
22.098684 -1.478881 -8.510443 -2.279306 0.184794
22.105829 -1.504524 -8.509561 -2.279858 0.173685
22.112974 -1.529815 -8.507025 -2.279450 0.162686
22.120118 -1.554747 -8.501887 -2.277828 0.151670
22.127263 -1.579316 -8.494077 -2.274974 0.140621
22.134408 -1.603508 -8.481314 -2.270280 0.129155
22.141553 -1.627326 -8.469009 -2.265199 0.118178
22.148697 -1.650762 -8.453899 -2.258860 0.107158
22.155842 -1.673813 -8.436912 -2.251518 0.096274
22.162987 -1.696470 -8.416062 -2.242649 0.085191
22.170131 -1.718729 -8.393086 -2.232724 0.074202
22.177276 -1.740586 -8.367336 -2.221579 0.063198
22.184421 -1.762035 -8.339940 -2.209524 0.052316
22.191566 -1.783073 -8.309729 -2.196259 0.041427
22.198710 -1.803695 -8.276759 -2.181811 0.030565
22.205855 -1.823895 -8.240983 -2.166181 0.019701
22.213000 -1.843668 -8.202356 -2.149372 0.008829
22.220145 -1.863013 -8.161824 -2.131646 -0.001932
22.227289 -1.881923 -8.118337 -2.112745 -0.012712
22.234434 -1.900394 -8.071756 -2.092651 -0.023522
22.241579 -1.918424 -8.023147 -2.071658 -0.034212
22.248724 -1.936007 -7.971656 -2.049565 -0.044914
22.255868 -1.953140 -7.917444 -2.026434 -0.055601
22.263013 -1.969820 -7.860604 -2.002310 -0.066264
22.270158 -1.986043 -7.801115 -1.977210 -0.076904
22.277303 -2.001805 -7.738972 -1.951156 -0.087522
22.284447 -2.017104 -7.674197 -1.924177 -0.098115
22.291592 -2.031936 -7.606798 -1.896300 -0.108684
22.298737 -2.046298 -7.536774 -1.867552 -0.119234
22.305882 -2.060188 -7.464122 -1.837957 -0.129770
22.313026 -2.073601 -7.388866 -1.807550 -0.140292
22.320171 -2.086537 -7.311036 -1.776365 -0.150798
22.327316 -2.098992 -7.230691 -1.744446 -0.161279
22.334461 -2.110965 -7.147875 -1.711832 -0.171730
22.341605 -2.122452 -7.062580 -1.678552 -0.182157
22.348750 -2.133452 -6.974842 -1.644645 -0.192561
22.355895 -2.143963 -6.884680 -1.610146 -0.202947
22.363039 -2.153983 -6.792124 -1.575092 -0.213315
22.370184 -2.163511 -6.697166 -1.539516 -0.223672
22.377329 -2.172544 -6.599907 -1.503471 -0.234010
22.384474 -2.181082 -6.500391 -1.467002 -0.244329
22.391618 -2.189123 -6.398707 -1.430159 -0.254623
22.398763 -2.196665 -6.294741 -1.392951 -0.264916
22.405908 -2.203709 -6.188855 -1.355491 -0.275160
22.413053 -2.210253 -6.080826 -1.317761 -0.285395
22.420197 -2.216297 -5.971122 -1.279897 -0.295559
22.427342 -2.221841 -5.859512 -1.241881 -0.305696
22.434487 -2.226886 -5.746493 -1.203848 -0.315739
22.441632 -2.231431 -5.632164 -1.165848 -0.325683
22.448776 -2.235480 -5.516930 -1.127993 -0.335475
22.455921 -2.239033 -5.400499 -1.090249 -0.345164
22.463066 -2.242093 -5.283158 -1.052702 -0.354712
22.470211 -2.244661 -5.164297 -1.015257 -0.364219
22.477355 -2.246739 -5.044822 -0.978119 -0.373539
22.484500 -2.248326 -4.922841 -0.940950 -0.382992
22.491645 -2.249425 -4.799747 -0.904052 -0.392341
22.498790 -2.250022 -4.669330 -0.866299 -0.402542
22.505934 -2.250133 -4.543613 -0.829968 -0.411830
22.513079 -2.249763 -4.419431 -0.794467 -0.420655
22.520224 -2.248891 -4.283968 -0.757533 -0.431006
22.527369 -2.247556 -4.163008 -0.723766 -0.438914
22.534513 -2.245738 -4.033618 -0.689136 -0.447972
22.541658 -2.243433 -3.899323 -0.654325 -0.457501
22.548803 -2.240662 -3.771999 -0.621353 -0.465817
22.555948 -2.237414 -3.639532 -0.588211 -0.474780
22.563092 -2.233697 -3.508383 -0.555989 -0.483331
22.570237 -2.229509 -3.374821 -0.524108 -0.492131
22.577382 -2.224863 -3.245280 -0.493587 -0.500135
22.584526 -2.219752 -3.111558 -0.463179 -0.508706
22.591671 -2.214186 -2.980063 -0.433872 -0.516740
22.598816 -2.208167 -2.848288 -0.405302 -0.524770
22.605961 -2.201689 -2.712798 -0.377008 -0.533191
22.613105 -2.194768 -2.582409 -0.350235 -0.540755
22.620250 -2.187392 -2.446149 -0.323494 -0.549115
22.627395 -2.179576 -2.314299 -0.298181 -0.556711
22.634540 -2.171328 -2.185646 -0.274112 -0.563751
22.641684 -2.162643 -2.053304 -0.250424 -0.571287
22.648829 -2.153521 -1.919489 -0.227431 -0.578985
22.655974 -2.143968 -1.787246 -0.205507 -0.586342
22.663119 -2.134001 -1.661966 -0.185248 -0.592647
22.670263 -2.123600 -1.526809 -0.164772 -0.600405
22.677408 -2.112783 -1.397793 -0.145866 -0.607156
22.684553 -2.101551 -1.268807 -0.127858 -0.613860
22.691698 -2.089923 -1.147951 -0.111542 -0.619380
22.698842 -2.077884 -1.019902 -0.095405 -0.625988
22.705987 -2.065436 -0.891052 -0.080108 -0.632644
22.713132 -2.052599 -0.769943 -0.066403 -0.638129
22.720277 -2.039354 -0.640739 -0.052906 -0.644863
22.727421 -2.025731 -0.522840 -0.041242 -0.649860
22.734566 -2.011708 -0.396480 -0.029805 -0.656186
22.741711 -1.997295 -0.272449 -0.019468 -0.662124
22.748856 -1.982514 -0.158002 -0.010700 -0.666653
22.756000 -1.967350 -0.037871 -0.002423 -0.672120
22.763145 -1.951799 0.085070 0.005123 -0.677983
22.770290 -1.935886 0.198647 0.011213 -0.682435
22.777434 -1.919597 0.317020 0.016697 -0.687684
22.784579 -1.902943 0.431856 0.021109 -0.692419
22.791724 -1.885928 0.544027 0.024525 -0.696799
22.798869 -1.868549 0.658286 0.027169 -0.701539
22.806013 -1.850814 0.769630 0.028828 -0.705863
22.813158 -1.832699 0.890461 0.029951 -0.711659
22.820303 -1.814244 0.995600 0.029675 -0.715093
22.827448 -1.795441 1.102097 0.028624 -0.718840
22.834592 -1.776277 1.214882 0.026889 -0.723554
22.841737 -1.756767 1.322159 0.024182 -0.727428
22.848882 -1.736920 1.424725 0.020578 -0.730662
22.856027 -1.716744 1.523281 0.016137 -0.733370
22.863171 -1.696219 1.630325 0.010992 -0.737411
22.870316 -1.675348 1.737828 0.005022 -0.741472
22.877461 -1.654146 1.838885 -0.001771 -0.744577
22.884606 -1.632614 1.938528 -0.009336 -0.747542
22.891750 -1.610750 2.038288 -0.017669 -0.750565
22.898895 -1.588580 2.128070 -0.026641 -0.752088
22.906040 -1.566069 2.231193 -0.036518 -0.755715
22.913185 -1.543239 2.327879 -0.047051 -0.758277
22.920329 -1.520080 2.427871 -0.058398 -0.761369
22.927474 -1.496622 2.515237 -0.070150 -0.762537
22.934619 -1.472840 2.612352 -0.082868 -0.765255
22.941764 -1.448738 2.709869 -0.096328 -0.767952
22.948908 -1.424358 2.789421 -0.109808 -0.767923
22.956053 -1.399644 2.891100 -0.124831 -0.771310
22.963198 -1.374621 2.985496 -0.140262 -0.773452
22.970342 -1.349316 3.068294 -0.155794 -0.773828
22.977487 -1.323704 3.160338 -0.172430 -0.775632
22.984632 -1.297810 3.243506 -0.189211 -0.776040
22.991777 -1.271601 3.340787 -0.207460 -0.778536
22.998921 -1.245134 3.416591 -0.224986 -0.777650
23.006066 -1.218351 3.514680 -0.244588 -0.780187
23.013211 -1.191315 3.589944 -0.263203 -0.779096
23.020356 -1.163993 3.677661 -0.283287 -0.779920
23.027500 -1.136380 3.769776 -0.304322 -0.781282
23.034645 -1.108526 3.842761 -0.324365 -0.779620
23.041790 -1.080379 3.936571 -0.346716 -0.781106
23.048935 -1.051997 4.009515 -0.367773 -0.779240
23.056079 -1.023352 4.092986 -0.390294 -0.778961
23.063224 -0.994453 4.176123 -0.413312 -0.778453
23.070369 -0.965307 4.257703 -0.436691 -0.777607
23.077514 -0.935924 4.336219 -0.460244 -0.776190
23.084658 -0.906310 4.413316 -0.484114 -0.774453
23.091803 -0.876458 4.495430 -0.509003 -0.773324
23.098948 -0.846362 4.583166 -0.535029 -0.772911
23.106093 -0.816051 4.660212 -0.560280 -0.770684
23.113237 -0.785548 4.727932 -0.584803 -0.766980
23.120382 -0.754803 4.818230 -0.612551 -0.766592
23.127527 -0.723859 4.895787 -0.639134 -0.763969
23.134672 -0.692731 4.967113 -0.665286 -0.760336
23.141816 -0.661413 5.042059 -0.692285 -0.757143
23.148961 -0.629895 5.125063 -0.720783 -0.754935
23.156106 -0.598199 5.202271 -0.748855 -0.751659
23.163250 -0.566333 5.277230 -0.776957 -0.747910
23.170395 -0.534281 5.361158 -0.806743 -0.745431
23.177540 -0.502071 5.436898 -0.835654 -0.741476
23.184685 -0.469734 5.500273 -0.862943 -0.735527
23.191829 -0.437247 5.575289 -0.892324 -0.731279
23.198974 -0.404613 5.653811 -0.922570 -0.727290
23.206119 -0.371859 5.724379 -0.951795 -0.721925
23.213264 -0.338997 5.791782 -0.980727 -0.715883
23.220408 -0.306033 5.858157 -1.009693 -0.709718
23.227553 -0.272947 5.938075 -1.041227 -0.705336
23.234698 -0.239769 6.009422 -1.071496 -0.699489
23.241843 -0.206492 6.085126 -1.102755 -0.694266
23.248987 -0.173128 6.159119 -1.133912 -0.688604
23.256132 -0.139712 6.221039 -1.163002 -0.680953
23.263277 -0.106204 6.301284 -1.195680 -0.676059
23.270422 -0.072654 6.365878 -1.225544 -0.668515
23.277566 -0.039071 6.427155 -1.254861 -0.660465
23.284711 -0.005422 6.505786 -1.287684 -0.654994
23.291856 0.028265 6.577769 -1.319323 -0.648255
23.299001 0.061960 6.638450 -1.348768 -0.639838
23.306145 0.095686 6.711053 -1.380696 -0.633095
23.313290 0.129389 6.764351 -1.408682 -0.623346
23.320435 0.163105 6.835328 -1.440362 -0.616237
23.327580 0.196840 6.914044 -1.473735 -0.610120
23.334724 0.230516 6.962312 -1.500611 -0.599272
23.341869 0.264178 7.029800 -1.531584 -0.591510
23.349014 0.297809 7.095126 -1.562066 -0.583241
23.356158 0.331405 7.161836 -1.592819 -0.575235
23.363303 0.364958 7.227387 -1.623266 -0.567019
23.370448 0.398438 7.282490 -1.651279 -0.557250
23.377593 0.431861 7.346403 -1.681187 -0.548850
23.384737 0.465197 7.401592 -1.708983 -0.539030
23.391882 0.498445 7.458312 -1.736989 -0.529452
23.399027 0.531584 7.508641 -1.763341 -0.519024
23.406172 0.564630 7.568766 -1.791822 -0.510177
23.413316 0.597539 7.614047 -1.816597 -0.498985
23.420461 0.630335 7.669627 -1.843614 -0.489657
23.427606 0.663002 7.723915 -1.870112 -0.480011
23.434751 0.695512 7.767600 -1.893800 -0.468884
23.441895 0.727900 7.828381 -1.921413 -0.460532
23.449040 0.760121 7.872992 -1.944804 -0.449765
23.456185 0.792193 7.925637 -1.969901 -0.440416
23.463330 0.824079 7.965310 -1.991476 -0.429167
23.470474 0.855797 8.013446 -2.014853 -0.419496
23.477619 0.887319 8.053462 -2.035863 -0.408597
23.484764 0.918661 8.100357 -2.058275 -0.399054
23.491909 0.949802 8.141470 -2.078872 -0.388740
23.499053 0.980715 8.172013 -2.096393 -0.376944
23.506198 1.011411 8.208014 -2.114923 -0.366303
23.513343 1.041878 8.241813 -2.132489 -0.355576
23.520488 1.072121 8.279633 -2.150693 -0.345556
23.527632 1.102110 8.306423 -2.165613 -0.334094
23.534777 1.131847 8.333535 -2.180181 -0.322976
23.541922 1.161325 8.360004 -2.194136 -0.312102
23.549067 1.190533 8.383738 -2.206920 -0.301026
23.556211 1.219469 8.406854 -2.219080 -0.290152
23.563356 1.248121 8.426699 -2.229905 -0.279065
23.570501 1.276487 8.445974 -2.240101 -0.268196
23.577645 1.304558 8.462737 -2.249144 -0.257251
23.584790 1.332313 8.470813 -2.255383 -0.245304
23.591935 1.359759 8.482733 -2.262144 -0.234275
23.599080 1.386886 8.492224 -2.267754 -0.223167
23.606224 1.413691 8.500324 -2.272484 -0.212195
23.613369 1.440165 8.505701 -2.275975 -0.201158
23.620514 1.466297 8.506109 -2.277622 -0.189688
23.627659 1.492087 8.506922 -2.278860 -0.178674
23.634803 1.517527 8.504984 -2.278845 -0.167590
23.641948 1.542613 8.501253 -2.277833 -0.156607
23.649093 1.567335 8.493065 -2.275110 -0.145329
23.656238 1.591692 8.485176 -2.271952 -0.134483
23.663382 1.615675 8.473321 -2.267221 -0.123400
23.670527 1.639277 8.458279 -2.261128 -0.112240
23.677672 1.662498 8.442443 -2.254320 -0.101363
23.684817 1.685328 8.423198 -2.246102 -0.090381
23.691961 1.707762 8.400618 -2.236503 -0.079264
23.699106 1.729797 8.376623 -2.226042 -0.068347
23.706251 1.751428 8.350152 -2.214446 -0.057476
23.713396 1.772649 8.320682 -2.201586 -0.046565
23.720540 1.793457 8.289400 -2.187789 -0.035768
23.727685 1.813846 8.254756 -2.172656 -0.024900
23.734830 1.833812 8.217664 -2.156444 -0.014091
23.741975 1.853351 8.177919 -2.139112 -0.003287
23.749119 1.872458 8.135441 -2.120657 0.007502
23.756264 1.891129 8.090467 -2.101155 0.018247
23.763409 1.909360 8.042889 -2.080598 0.028966
23.770553 1.927146 7.991925 -2.058803 0.039768
23.777698 1.944484 7.938791 -2.036102 0.050481
23.784843 1.961369 7.882869 -2.012359 0.061200
23.791988 1.977798 7.824177 -1.987599 0.071918
23.799132 1.993767 7.762819 -1.961873 0.082619
23.806277 2.009273 7.698840 -1.935216 0.093294
23.813422 2.024312 7.632261 -1.907657 0.103940
23.820567 2.038882 7.563085 -1.879222 0.114559
23.827711 2.052979 7.491315 -1.849939 0.125156
23.834856 2.066601 7.416953 -1.819835 0.135732
23.842001 2.079745 7.340009 -1.788940 0.146290
23.849146 2.092408 7.260487 -1.757284 0.156837
23.856290 2.104587 7.178406 -1.724900 0.167373
23.863435 2.116281 7.093775 -1.691822 0.177899
23.870580 2.127487 7.006666 -1.658095 0.188411
23.877725 2.138202 6.917071 -1.623751 0.198913
23.884869 2.148424 6.825126 -1.588851 0.209387
23.892014 2.158154 6.730894 -1.553442 0.219830
23.899159 2.167387 6.634266 -1.517530 0.230261
23.906304 2.176124 6.535500 -1.481208 0.240650
23.913448 2.184362 6.434456 -1.444475 0.251024
23.920593 2.192102 6.331234 -1.407387 0.261375
23.927738 2.199341 6.226024 -1.370019 0.271683
23.934883 2.206079 6.118695 -1.332373 0.281976
23.942027 2.212317 6.009511 -1.294542 0.292220
23.949172 2.218052 5.898513 -1.256564 0.302420
23.956317 2.223286 5.785915 -1.218518 0.312550
23.963461 2.228020 5.671836 -1.180457 0.322599
23.970606 2.232254 5.556871 -1.142535 0.332486
23.977751 2.235992 5.440896 -1.104753 0.342236
23.984896 2.239234 5.323690 -1.067090 0.351887
23.992040 2.241983 5.205478 -1.029621 0.361413
23.999185 2.244241 5.086439 -0.992406 0.370793
24.006330 2.246009 4.966107 -0.955381 0.380102
24.013475 2.247288 4.843665 -0.918419 0.389455
24.020619 2.248073 4.717524 -0.881259 0.399109
24.027764 2.248358 4.586689 -0.843766 0.409252
24.034909 2.248157 4.459898 -0.807582 0.418561
24.042054 2.247477 4.335709 -0.772432 0.427245
24.049198 2.246316 4.208721 -0.737363 0.436172
24.056343 2.244670 4.078004 -0.702258 0.445459
24.063488 2.242536 3.943880 -0.667220 0.454998
24.070633 2.239942 3.819893 -0.634548 0.462869
24.077777 2.236874 3.689949 -0.601539 0.471517
24.084922 2.233330 3.556197 -0.568610 0.480530
24.092067 2.229318 3.423861 -0.536629 0.489179
24.099212 2.224853 3.297075 -0.506233 0.496866
24.106356 2.219918 3.162075 -0.475315 0.505640
24.113501 2.214534 3.033406 -0.446107 0.513297
24.120646 2.208681 2.895029 -0.416256 0.522350
24.127791 2.202379 2.764038 -0.388271 0.530122
24.134935 2.195621 2.628501 -0.360458 0.538496
24.142080 2.188426 2.500103 -0.334437 0.545692
24.149225 2.180789 2.368866 -0.308847 0.553243
24.156369 2.172707 2.234305 -0.283668 0.561192
24.163514 2.164207 2.109931 -0.260616 0.567509
24.170659 2.155259 1.972786 -0.236838 0.575739
24.177804 2.145890 1.843846 -0.214924 0.582592
24.184948 2.136095 1.713390 -0.193700 0.589680
24.192093 2.125874 1.581455 -0.173196 0.596927
24.199238 2.115225 1.447943 -0.153426 0.604369
24.206383 2.104167 1.321387 -0.135291 0.610719
24.213527 2.092705 1.196780 -0.118230 0.616781
24.220672 2.080832 1.068904 -0.101734 0.623306
24.227817 2.068566 0.947105 -0.086701 0.628905
24.234962 2.055882 0.814153 -0.071558 0.636200
24.242106 2.042817 0.695538 -0.058582 0.641269
24.249251 2.029358 0.572513 -0.046112 0.647086
24.256396 2.015506 0.448154 -0.034438 0.653083
24.263541 2.001263 0.324143 -0.023705 0.659020
24.270685 1.986646 0.207290 -0.014387 0.663876
24.277830 1.971648 0.087097 -0.005719 0.669319
24.284975 1.956268 -0.033347 0.002065 0.674801
24.292120 1.940523 -0.147853 0.008597 0.679399
24.299264 1.924393 -0.270533 0.014709 0.685274
24.306409 1.907895 -0.387511 0.019603 0.690266
24.313554 1.891054 -0.492112 0.023026 0.693461
24.320699 1.873838 -0.610150 0.026229 0.698786
24.327843 1.856265 -0.722614 0.028309 0.703238
24.334988 1.838327 -0.837531 0.029612 0.708110
24.342133 1.820037 -0.947661 0.029880 0.712291
24.349278 1.801405 -1.052562 0.029154 0.715734
24.356422 1.782418 -1.162792 0.027746 0.720045
24.363567 1.763083 -1.271227 0.025450 0.724094
24.370712 1.743416 -1.372382 0.022198 0.727097
24.377856 1.723401 -1.479622 0.018238 0.731090
24.385001 1.703050 -1.582425 0.013412 0.734418
24.392146 1.682342 -1.694241 0.007834 0.739133
24.399291 1.661312 -1.791952 0.001381 0.741716
24.406435 1.639961 -1.887247 -0.005817 0.744028
24.413580 1.618273 -1.989347 -0.013796 0.747415
24.420725 1.596256 -2.089307 -0.022536 0.750451
24.427870 1.573924 -2.183523 -0.031957 0.752629
24.435014 1.551258 -2.285237 -0.042236 0.756002
24.442159 1.528278 -2.379252 -0.053117 0.758174
24.449304 1.504983 -2.473407 -0.064714 0.760404
24.456449 1.481380 -2.564204 -0.076921 0.762131
24.463593 1.457460 -2.659492 -0.089961 0.764535
24.470738 1.433231 -2.751855 -0.103603 0.766478
24.477883 1.408695 -2.844160 -0.117928 0.768385
24.485028 1.383860 -2.933396 -0.132796 0.769803
24.492172 1.358721 -3.024458 -0.148408 0.771497
24.499317 1.333279 -3.116476 -0.164732 0.773270
24.506462 1.307546 -3.203685 -0.181450 0.774241
24.513607 1.281522 -3.290686 -0.198780 0.775212
24.520751 1.255219 -3.373432 -0.216453 0.775505
24.527896 1.228610 -3.468430 -0.235539 0.777540
24.535041 1.201746 -3.543448 -0.253858 0.776500
24.542186 1.174598 -3.630743 -0.273614 0.777280
24.549330 1.147169 -3.718408 -0.293995 0.778004
24.556475 1.119461 -3.807229 -0.315064 0.778791
24.563620 1.091495 -3.887591 -0.335996 0.778205
24.570764 1.063261 -3.972526 -0.357864 0.778251
24.577909 1.034770 -4.054569 -0.380013 0.777760
24.585054 1.006038 -4.131213 -0.402159 0.776331
24.592199 0.977065 -4.208200 -0.424817 0.774891
24.599343 0.947813 -4.303701 -0.449881 0.776128
24.606488 0.918326 -4.384538 -0.473955 0.774884
24.613633 0.888629 -4.453236 -0.497158 0.771785
24.620778 0.858682 -4.540222 -0.522855 0.771437
24.627922 0.828524 -4.615093 -0.547624 0.768910
24.635067 0.798137 -4.697694 -0.573752 0.767558
24.642212 0.767536 -4.777332 -0.599969 0.765515
24.649357 0.736733 -4.852843 -0.626084 0.762748
24.656501 0.705730 -4.929442 -0.652735 0.760001
24.663646 0.674537 -5.004343 -0.679547 0.756863
24.670791 0.643174 -5.072430 -0.705781 0.752507
24.677936 0.611597 -5.162799 -0.735504 0.751381
24.685080 0.579841 -5.242504 -0.764124 0.748396
24.692225 0.547911 -5.320906 -0.792921 0.745059
24.699370 0.515836 -5.388235 -0.820384 0.739909
24.706515 0.483627 -5.452832 -0.847692 0.734282
24.713659 0.451231 -5.543548 -0.879385 0.732407
24.720804 0.418719 -5.610016 -0.907552 0.726591
24.727949 0.386067 -5.685772 -0.937483 0.722103
24.735094 0.353296 -5.756425 -0.966837 0.716768
24.742238 0.320390 -5.836784 -0.998086 0.712720
24.749383 0.287375 -5.909588 -1.028304 0.707369
24.756528 0.254264 -5.978583 -1.058074 0.701311
24.763672 0.221068 -6.045490 -1.087660 0.694862
24.770817 0.187781 -6.118901 -1.118602 0.689179
24.777962 0.154382 -6.204334 -1.151969 0.685213
24.785107 0.120947 -6.261475 -1.180252 0.676739
24.792251 0.087449 -6.329411 -1.210677 0.669917
24.799396 0.053887 -6.403627 -1.242444 0.663857
24.806541 0.020264 -6.480474 -1.274875 0.658061
24.813686 -0.013396 -6.549298 -1.305854 0.650887
24.820830 -0.047055 -6.603056 -1.333880 0.641473
24.827975 -0.080742 -6.672194 -1.365052 0.634214
24.835120 -0.114442 -6.739543 -1.395921 0.626652
24.842265 -0.148161 -6.813566 -1.428233 0.620021
24.849409 -0.181853 -6.870036 -1.456888 0.610618
24.856554 -0.215544 -6.939068 -1.488201 0.603160
24.863699 -0.249223 -7.008677 -1.519652 0.595642
24.870844 -0.282843 -7.060131 -1.547127 0.585301
24.877988 -0.316423 -7.121176 -1.576629 0.576538
24.885133 -0.349985 -7.196535 -1.609269 0.569809
24.892278 -0.383484 -7.256339 -1.638382 0.560721
24.899423 -0.416949 -7.329097 -1.670351 0.553679
24.906567 -0.450283 -7.363522 -1.693449 0.540736
24.913712 -0.483567 -7.432892 -1.724429 0.533297
24.920857 -0.516749 -7.486542 -1.751634 0.523350
24.928002 -0.549842 -7.547320 -1.780349 0.514611
24.935146 -0.582819 -7.599401 -1.806839 0.504460
24.942291 -0.615680 -7.652692 -1.833416 0.494661
24.949436 -0.648405 -7.701218 -1.858633 0.484144
24.956580 -0.681027 -7.765388 -1.887414 0.476191
24.963725 -0.713503 -7.815256 -1.912496 0.466040
24.970870 -0.745795 -7.848304 -1.933177 0.453502
24.978015 -0.777975 -7.914950 -1.961864 0.446384
24.985159 -0.809950 -7.946811 -1.981646 0.433780
24.992304 -0.841762 -7.994875 -2.005147 0.424086
24.999449 -0.873386 -8.037310 -2.026919 0.413499
25.006594 -0.904819 -8.079518 -2.048298 0.403186
25.013738 -0.936041 -8.115246 -2.067680 0.391958
25.020883 -0.967055 -8.153990 -2.087461 0.381436
25.028028 -0.997852 -8.191027 -2.106430 0.370762
25.035173 -1.028437 -8.231812 -2.125979 0.360934
25.042317 -1.058787 -8.263965 -2.142901 0.350080
25.049462 -1.088895 -8.294478 -2.158981 0.339185
25.056607 -1.118755 -8.323511 -2.174248 0.328313
25.063752 -1.148361 -8.351497 -2.188804 0.317530
25.070896 -1.177703 -8.376549 -2.202142 0.306536
25.078041 -1.206772 -8.399372 -2.214436 0.295513
25.085186 -1.235566 -8.421488 -2.226076 0.284656
25.092331 -1.264080 -8.443559 -2.237230 0.274032
25.099475 -1.292297 -8.458513 -2.246016 0.262697
25.106620 -1.320217 -8.474400 -2.254559 0.251818
25.113765 -1.347815 -8.480089 -2.259889 0.239697
25.120910 -1.375102 -8.491149 -2.266145 0.228743
25.128054 -1.402067 -8.499578 -2.271193 0.217674
25.135199 -1.428703 -8.505376 -2.275028 0.206551
25.142344 -1.455006 -8.509636 -2.277938 0.195535
25.149489 -1.480968 -8.511031 -2.279566 0.184430
25.156633 -1.506576 -8.506899 -2.279196 0.172810
25.163778 -1.531830 -8.503354 -2.278465 0.161676
25.170923 -1.556725 -8.498031 -2.276742 0.150636
25.178067 -1.581253 -8.489466 -2.273635 0.139501
25.185212 -1.605410 -8.478594 -2.269396 0.128414
25.192357 -1.629189 -8.465441 -2.264038 0.117367
25.199502 -1.652586 -8.449664 -2.257471 0.106313
25.206646 -1.675595 -8.431882 -2.249867 0.095356
25.213791 -1.698208 -8.410341 -2.240766 0.084198
25.220936 -1.720424 -8.387066 -2.230714 0.073209
25.228081 -1.742237 -8.361893 -2.219677 0.062309
25.235225 -1.763642 -8.333702 -2.207366 0.051386
25.242370 -1.784634 -8.302842 -2.193886 0.040476
25.249515 -1.805208 -8.269390 -2.179269 0.029592
25.256660 -1.825360 -8.233084 -2.163458 0.018682
25.263804 -1.845087 -8.194658 -2.146663 0.007865
25.270949 -1.864382 -8.153608 -2.128764 -0.002937
25.278094 -1.883242 -8.109370 -2.109632 -0.013780
25.285239 -1.901663 -8.062504 -2.089430 -0.024597
25.292383 -1.919641 -8.013459 -2.068293 -0.035316
25.299528 -1.937172 -7.961565 -2.046067 -0.046037
25.306673 -1.954253 -7.907038 -2.022828 -0.056730
25.313818 -1.970879 -7.849844 -1.998589 -0.067405
25.320962 -1.987048 -7.789962 -1.973366 -0.078064
25.328107 -2.002756 -7.727419 -1.947190 -0.088705
25.335252 -2.018000 -7.662234 -1.920091 -0.099327
25.342397 -2.032776 -7.594411 -1.892093 -0.109929
25.349541 -2.047082 -7.523944 -1.863223 -0.120519
25.356686 -2.060914 -7.450845 -1.833508 -0.131098
25.363831 -2.074270 -7.375143 -1.802985 -0.141663
25.370975 -2.087146 -7.296898 -1.771696 -0.152208
25.378120 -2.099541 -7.216154 -1.739681 -0.162725
25.385265 -2.111452 -7.132914 -1.706968 -0.173220
25.392410 -2.122877 -7.047163 -1.673586 -0.183699
25.399554 -2.133814 -6.959033 -1.639595 -0.194148
25.406699 -2.144261 -6.868510 -1.605024 -0.204570
25.413844 -2.154217 -6.775734 -1.569935 -0.214952
25.420989 -2.163679 -6.680565 -1.534329 -0.225320
25.428133 -2.172647 -6.583079 -1.498255 -0.235669
25.435278 -2.181119 -6.483427 -1.461779 -0.245986
25.442423 -2.189093 -6.381535 -1.424918 -0.256286
25.449568 -2.196570 -6.277595 -1.387747 -0.266548
25.456712 -2.203547 -6.171532 -1.350281 -0.276790
25.463857 -2.210025 -6.063562 -1.312602 -0.286990
25.471002 -2.216003 -5.953764 -1.274757 -0.297143
25.478147 -2.221481 -5.842116 -1.236774 -0.307260
25.485291 -2.226460 -5.729066 -1.198779 -0.317283
25.492436 -2.230941 -5.614808 -1.160841 -0.327192
25.499581 -2.234924 -5.499243 -1.122968 -0.337009
25.506726 -2.238413 -5.382966 -1.085308 -0.346652
25.513870 -2.241408 -5.265585 -1.047807 -0.356185
25.521015 -2.243912 -5.146731 -1.010420 -0.365669
25.528160 -2.245924 -5.026547 -0.973204 -0.375087
25.535305 -2.247449 -4.905545 -0.936286 -0.384367
25.542449 -2.248484 -4.782076 -0.899381 -0.393751
25.549594 -2.249021 -4.653333 -0.862007 -0.403733
25.556739 -2.249071 -4.526872 -0.825604 -0.413061
25.563883 -2.248643 -4.403313 -0.790283 -0.421806
25.571028 -2.247709 -4.266417 -0.753168 -0.432324
25.578173 -2.246317 -4.147273 -0.719790 -0.439920
25.585318 -2.244431 -4.013010 -0.684400 -0.449722
25.592462 -2.242076 -3.885651 -0.650841 -0.458176
25.599607 -2.239248 -3.756720 -0.617673 -0.466744
25.606752 -2.235941 -3.622333 -0.584298 -0.475956
25.613897 -2.232177 -3.495645 -0.552865 -0.483840
25.621041 -2.227940 -3.361718 -0.521000 -0.492689
25.628186 -2.223228 -3.224446 -0.489379 -0.501857
25.635331 -2.218061 -3.094024 -0.459562 -0.509831
25.642476 -2.212440 -2.963614 -0.430505 -0.517752
25.649620 -2.206369 -2.833572 -0.402270 -0.525486
25.656765 -2.199841 -2.698340 -0.374098 -0.533872
25.663910 -2.192868 -2.566993 -0.347280 -0.541560
25.671055 -2.185454 -2.436649 -0.321411 -0.549025
25.678199 -2.177582 -2.297230 -0.295197 -0.557798
25.685344 -2.169290 -2.172503 -0.271716 -0.564185
25.692489 -2.160563 -2.041738 -0.248306 -0.571512
25.699634 -2.151402 -1.909008 -0.225523 -0.579027
25.706778 -2.141818 -1.780025 -0.204051 -0.585909
25.713923 -2.131818 -1.653690 -0.183741 -0.592367
25.721068 -2.121379 -1.515698 -0.163034 -0.600539
25.728213 -2.110531 -1.388553 -0.144406 -0.606971
25.735357 -2.099265 -1.258858 -0.126403 -0.613821
25.742502 -2.087579 -1.126910 -0.109090 -0.620966
25.749647 -2.075509 -1.009176 -0.094035 -0.625946
25.756791 -2.063035 -0.883706 -0.079125 -0.632151
25.763936 -2.050144 -0.750916 -0.064487 -0.639409
25.771081 -2.036877 -0.634262 -0.052137 -0.644184
25.778226 -2.023197 -0.502059 -0.039417 -0.651385
25.785370 -2.009147 -0.387555 -0.028990 -0.655855
25.792515 -1.994716 -0.268703 -0.019100 -0.661076
25.799660 -1.979894 -0.144850 -0.009755 -0.667053
25.806805 -1.964692 -0.023893 -0.001520 -0.672568
25.813949 -1.949119 0.092392 0.005529 -0.677421
25.821094 -1.933173 0.209615 0.011753 -0.682465
25.828239 -1.916854 0.327743 0.017138 -0.687658
25.835384 -1.900174 0.440476 0.021363 -0.692059
25.842528 -1.883141 0.549579 0.024566 -0.695989
25.849673 -1.865731 0.669661 0.027383 -0.701617
25.856818 -1.847951 0.787789 0.029208 -0.706921
25.863963 -1.829816 0.898866 0.029890 -0.711201
25.871107 -1.811347 1.000034 0.029424 -0.714078
25.878252 -1.792525 1.108426 0.028363 -0.718135
25.885397 -1.773356 1.215824 0.026443 -0.722030
25.892542 -1.753827 1.329175 0.023799 -0.726848
25.899686 -1.733956 1.435179 0.020176 -0.730566
25.906831 -1.713767 1.529914 0.015619 -0.732664
25.913976 -1.693226 1.637840 0.010412 -0.736862
25.921121 -1.672359 1.736468 0.004349 -0.739601
25.928265 -1.651153 1.840535 -0.002482 -0.743215
25.935410 -1.629582 1.956226 -0.010175 -0.748572
25.942555 -1.607729 2.036472 -0.018437 -0.748561
25.949699 -1.585533 2.139992 -0.027614 -0.752265
25.956844 -1.563010 2.239476 -0.037515 -0.755255
25.963989 -1.540160 2.338653 -0.048168 -0.758198
25.971134 -1.516996 2.432680 -0.059448 -0.760378
25.978278 -1.493531 2.520089 -0.071251 -0.761604
25.985423 -1.469728 2.623401 -0.084223 -0.765244
25.992568 -1.445624 2.712958 -0.097475 -0.766712
25.999713 -1.421203 2.808734 -0.111640 -0.769185
26.006857 -1.396506 2.887600 -0.125779 -0.769034
26.014002 -1.371480 2.987815 -0.141505 -0.772172
26.021147 -1.346142 3.084175 -0.157769 -0.774580
26.028292 -1.320543 3.158219 -0.173508 -0.773605
26.035436 -1.294641 3.249010 -0.190756 -0.775230
26.042581 -1.268454 3.333943 -0.208287 -0.775836
26.049726 -1.241989 3.417242 -0.226309 -0.776137
26.056871 -1.215201 3.520986 -0.246341 -0.779521
26.064015 -1.188154 3.599441 -0.265238 -0.778842
26.071160 -1.160842 3.678700 -0.284730 -0.778351
26.078305 -1.133251 3.765108 -0.305335 -0.778887
26.085450 -1.105404 3.843290 -0.325821 -0.778018
26.092594 -1.077276 3.932943 -0.347834 -0.778927
26.099739 -1.048884 4.018749 -0.370082 -0.778976
26.106884 -1.020230 4.104385 -0.392868 -0.778938
26.114029 -0.991344 4.177332 -0.414937 -0.776891
26.121173 -0.962205 4.260321 -0.438486 -0.776309
26.128318 -0.932820 4.342751 -0.462485 -0.775465
26.135463 -0.903184 4.429684 -0.487478 -0.775220
26.142608 -0.873339 4.499981 -0.511103 -0.772205
26.149752 -0.843250 4.586289 -0.536998 -0.771673
26.156897 -0.812964 4.655365 -0.561315 -0.768161
26.164042 -0.782443 4.740931 -0.588048 -0.767225
26.171186 -0.751701 4.824365 -0.614984 -0.765697
26.178331 -0.720762 4.900250 -0.641384 -0.762882
26.185476 -0.689624 4.977100 -0.668303 -0.760060
26.192621 -0.658290 5.055639 -0.695842 -0.757356
26.199765 -0.626778 5.128800 -0.723012 -0.753743
26.206910 -0.595089 5.203775 -0.750785 -0.750160
26.214055 -0.563219 5.283338 -0.779581 -0.747141
26.221200 -0.531174 5.363566 -0.808841 -0.744039
26.228344 -0.499009 5.422419 -0.835166 -0.737467
26.235489 -0.466665 5.507390 -0.865807 -0.734815
26.242634 -0.434186 5.580134 -0.894852 -0.730008
26.249779 -0.401583 5.648618 -0.923478 -0.724482
26.256923 -0.368843 5.725448 -0.953734 -0.720052
26.264068 -0.335981 5.800112 -0.983902 -0.715160
26.271213 -0.303023 5.865399 -1.012704 -0.708736
26.278358 -0.269933 5.948519 -1.044826 -0.704930
26.285502 -0.236741 6.023554 -1.075784 -0.699645
26.292647 -0.203456 6.096608 -1.106603 -0.693995
26.299792 -0.170094 6.164965 -1.136752 -0.687450
26.306937 -0.136654 6.235964 -1.167553 -0.681296
26.314081 -0.103136 6.312136 -1.199496 -0.675648
26.321226 -0.069587 6.370343 -1.228152 -0.667180
26.328371 -0.035989 6.438184 -1.258755 -0.660098
26.335516 -0.002342 6.511381 -1.290525 -0.653661
26.342660 0.031355 6.587625 -1.323027 -0.647626
26.349805 0.065058 6.647821 -1.352386 -0.639145
26.356950 0.098799 6.723364 -1.384934 -0.632857
26.364094 0.132544 6.788877 -1.415482 -0.624950
26.371239 0.166273 6.847504 -1.444604 -0.615921
26.378384 0.199990 6.910906 -1.474727 -0.607623
26.385529 0.233703 6.981908 -1.506481 -0.600258
26.392673 0.267372 7.039088 -1.535235 -0.590893
26.399818 0.301002 7.099694 -1.564680 -0.582013
26.406963 0.334594 7.165355 -1.595190 -0.573872
26.414108 0.368145 7.232584 -1.626002 -0.565846
26.421252 0.401619 7.286905 -1.653826 -0.555976
26.428397 0.435024 7.345899 -1.682594 -0.546803
26.435542 0.468346 7.403136 -1.710837 -0.537350
26.442687 0.501594 7.466809 -1.740440 -0.528914
26.449831 0.534727 7.515913 -1.766493 -0.518272
26.456976 0.567753 7.569846 -1.793493 -0.508431
26.464121 0.600665 7.624859 -1.820562 -0.498853
26.471266 0.633453 7.677290 -1.846811 -0.488880
26.478410 0.666117 7.732432 -1.873498 -0.479489
26.485555 0.698664 7.793628 -1.901439 -0.471066
26.492700 0.731020 7.824579 -1.921736 -0.458136
26.499845 0.763236 7.877670 -1.947181 -0.448780
26.506989 0.795312 7.936102 -1.973689 -0.440308
26.514134 0.827188 7.970492 -1.993920 -0.428282
26.521279 0.858909 8.024107 -2.018645 -0.419450
26.528424 0.890440 8.066125 -2.040136 -0.408964
26.535568 0.921747 8.094615 -2.057846 -0.396560
26.542713 0.952879 8.145470 -2.080883 -0.387903
26.549858 0.983768 8.171796 -2.097284 -0.375458
26.557002 1.014464 8.217571 -2.118290 -0.366417
26.564147 1.044930 8.252433 -2.136098 -0.355776
26.571292 1.075158 8.283403 -2.152488 -0.344815
26.578437 1.105140 8.312211 -2.167892 -0.333807
26.585581 1.134869 8.339881 -2.182564 -0.322809
26.592726 1.164318 8.357199 -2.194075 -0.310469
26.599871 1.193525 8.392254 -2.209791 -0.301234
26.607016 1.222452 8.413538 -2.221425 -0.290003
26.614160 1.251098 8.433610 -2.232265 -0.278941
26.621305 1.279454 8.451799 -2.242127 -0.267913
26.628450 1.307514 8.467727 -2.250902 -0.256836
26.635595 1.335251 8.472964 -2.256337 -0.244459
26.642739 1.362678 8.484845 -2.263038 -0.233468
26.649884 1.389787 8.494591 -2.268666 -0.222426
26.657029 1.416569 8.501189 -2.272944 -0.211244
26.664174 1.443018 8.505860 -2.276194 -0.200120
26.671318 1.469130 8.509098 -2.278547 -0.189122
26.678463 1.494897 8.508902 -2.279465 -0.177965
26.685608 1.520314 8.507106 -2.279436 -0.166936
26.692753 1.545367 8.499281 -2.277275 -0.155345
26.699897 1.570058 8.492382 -2.274845 -0.144305
26.707042 1.594379 8.482530 -2.271111 -0.133176
26.714187 1.618325 8.470505 -2.266283 -0.122104
26.721332 1.641890 8.456057 -2.260299 -0.111048
26.728476 1.665066 8.437630 -2.252749 -0.099731
26.735621 1.687852 8.418561 -2.244530 -0.088763
26.742766 1.710241 8.396429 -2.235002 -0.077746
26.749910 1.732229 8.371799 -2.224325 -0.066779
26.757055 1.753810 8.344606 -2.212492 -0.055832
26.764200 1.774983 8.315959 -2.199805 -0.045034
26.771345 1.795739 8.283427 -2.185633 -0.034088
26.778489 1.816076 8.248502 -2.170385 -0.023203
26.785634 1.835989 8.211901 -2.154260 -0.012456
26.792779 1.855473 8.171284 -2.136661 -0.001545
26.799924 1.874524 8.128517 -2.118092 0.009254
26.807068 1.893138 8.083297 -2.098491 0.020009
26.814213 1.911312 8.035568 -2.077860 0.030720
26.821358 1.929040 7.984738 -2.056065 0.041477
26.828503 1.946320 7.931294 -2.033254 0.052206
26.835647 1.963147 7.875260 -2.009452 0.062906
26.842792 1.979517 7.816506 -1.984649 0.073594
26.849937 1.995429 7.755128 -1.958893 0.084254
26.857082 2.010877 7.691166 -1.932215 0.094879
26.864226 2.025859 7.624613 -1.904641 0.105471
26.871371 2.040373 7.555465 -1.876193 0.116034
26.878516 2.054415 7.483714 -1.846896 0.126576
26.885661 2.067982 7.409338 -1.816772 0.137105
26.892805 2.081072 7.332345 -1.785850 0.147627
26.899950 2.093682 7.252766 -1.754168 0.158141
26.907095 2.105809 7.170660 -1.721768 0.168639
26.914240 2.117451 7.086021 -1.688679 0.179121
26.921384 2.128607 6.999045 -1.654978 0.189559
26.928529 2.139273 6.909665 -1.620680 0.199968
26.935674 2.149449 6.817991 -1.585840 0.210340
26.942819 2.159133 6.723911 -1.550466 0.220698
26.949963 2.168323 6.627453 -1.514594 0.231048
26.957108 2.177017 6.528683 -1.478274 0.241387
26.964253 2.185214 6.427719 -1.441564 0.251704
26.971397 2.192914 6.324548 -1.404494 0.262004
26.978542 2.200114 6.219301 -1.367126 0.272271
26.985687 2.206815 6.112172 -1.329536 0.282485
26.992832 2.213016 6.003081 -1.291737 0.292666
26.999976 2.218717 5.892301 -1.253821 0.302783
27.007121 2.223919 5.779939 -1.215840 0.312828
27.014266 2.228622 5.666344 -1.177898 0.322757
27.021411 2.232828 5.551668 -1.140054 0.332556
27.028555 2.236539 5.435801 -1.102313 0.342249
27.035700 2.239754 5.318310 -1.064615 0.351908
27.042845 2.242477 5.199795 -1.027109 0.361449
27.049990 2.244709 5.080586 -0.989888 0.370828
27.057134 2.246455 4.961090 -0.953052 0.379985
27.064279 2.247702 4.834921 -0.915413 0.389879
27.071424 2.248462 4.710734 -0.878658 0.399212
27.078569 2.248733 4.584895 -0.842122 0.408609
27.085713 2.248510 4.454913 -0.805386 0.418378
27.092858 2.247805 4.328596 -0.769892 0.427388
27.100003 2.246615 4.199688 -0.734531 0.436609
27.107148 2.244948 4.072066 -0.700009 0.445363
27.114292 2.242793 3.937945 -0.665016 0.454977
27.121437 2.240159 3.806196 -0.631100 0.463966
27.128582 2.237061 3.679445 -0.598681 0.472080
27.135727 2.233491 3.548266 -0.566225 0.480732
27.142871 2.229459 3.419196 -0.534811 0.488878
27.150016 2.224951 3.282069 -0.502876 0.498121
27.157161 2.219997 3.156745 -0.473491 0.505381
27.164305 2.214562 3.015024 -0.442418 0.515069
27.171450 2.208681 2.885833 -0.413982 0.522645
27.178595 2.202352 2.755755 -0.386191 0.530303
27.185740 2.195565 2.620183 -0.358439 0.538697
27.192884 2.188353 2.496097 -0.333057 0.545222
27.200029 2.180689 2.361232 -0.307048 0.553328
27.207174 2.172594 2.231428 -0.282538 0.560541
27.214319 2.164065 2.100616 -0.258739 0.567862
27.221463 2.155093 1.964406 -0.235148 0.575924
27.228608 2.145688 1.830382 -0.212714 0.583527
27.235753 2.135875 1.707469 -0.192429 0.589454
27.242898 2.125627 1.572843 -0.171695 0.597162
27.250042 2.114963 1.443347 -0.152424 0.603982
27.257187 2.103872 1.309297 -0.133583 0.611490
27.264332 2.092382 1.186545 -0.116791 0.617237
27.271477 2.080484 1.059727 -0.100476 0.623628
27.278621 2.068187 0.935754 -0.085321 0.629550
27.285766 2.055482 0.806707 -0.070608 0.636256
27.292911 2.042387 0.684814 -0.057427 0.641853
27.300056 2.028887 0.556464 -0.044613 0.648446
27.307200 2.015012 0.439375 -0.033600 0.653306
27.314345 2.000755 0.320114 -0.023291 0.658565
27.321490 1.986104 0.195225 -0.013476 0.664693
27.328635 1.971070 0.072979 -0.004765 0.670397
27.335779 1.955662 -0.044245 0.002723 0.675374
27.342924 1.939884 -0.160281 0.009259 0.680228
27.350069 1.923729 -0.279511 0.015092 0.685589
27.357213 1.907217 -0.390901 0.019626 0.689785
27.364358 1.890331 -0.508940 0.023620 0.695046
27.371503 1.873075 -0.626225 0.026681 0.700185
27.378648 1.855475 -0.732205 0.028405 0.703662
27.385792 1.837514 -0.845104 0.029556 0.708278
27.392937 1.819187 -0.960498 0.029917 0.713274
27.400082 1.800528 -1.061591 0.028997 0.716141
27.407227 1.781498 -1.178428 0.027666 0.721486
27.414371 1.762133 -1.280926 0.025152 0.724630
27.421516 1.742425 -1.386338 0.021890 0.728308
27.428661 1.722363 -1.495954 0.017864 0.732641
27.435806 1.701977 -1.594114 0.012897 0.735250
27.442950 1.681258 -1.694930 0.007184 0.738357
27.450095 1.660218 -1.790143 0.000690 0.740650
27.457240 1.638826 -1.899598 -0.006587 0.745110
27.464385 1.617097 -2.003835 -0.014669 0.748728
27.471529 1.595049 -2.100216 -0.023462 0.751214
27.478674 1.572674 -2.198076 -0.033016 0.753982
27.485819 1.549989 -2.289566 -0.043196 0.755816
27.492964 1.526967 -2.392174 -0.054325 0.759338
27.500108 1.503626 -2.488917 -0.066075 0.761911
27.507253 1.479978 -2.580089 -0.078386 0.763667
27.514398 1.456011 -2.675069 -0.091511 0.766034
27.521543 1.431744 -2.763685 -0.105104 0.767422
27.528687 1.407175 -2.852077 -0.119344 0.768775
27.535832 1.382291 -2.947362 -0.134549 0.771136
27.542977 1.357112 -3.034948 -0.150074 0.772297
27.550121 1.331632 -3.125529 -0.166394 0.773873
27.557266 1.305866 -3.210349 -0.183039 0.774565
27.564411 1.279790 -3.305769 -0.200935 0.776770
27.571556 1.253432 -3.390842 -0.218842 0.777352
27.578700 1.226798 -3.473133 -0.237156 0.777467
27.585845 1.199871 -3.563081 -0.256592 0.778691
27.592990 1.172677 -3.643455 -0.275924 0.778387
27.600135 1.145195 -3.733372 -0.296558 0.779485
27.607279 1.117439 -3.819284 -0.317468 0.779844
27.614424 1.089414 -3.904405 -0.338880 0.779968
27.621569 1.061135 -3.983125 -0.360272 0.779091
27.628714 1.032597 -4.065445 -0.382508 0.778665
27.635858 1.003790 -4.153860 -0.405864 0.779004
27.643003 0.974755 -4.226892 -0.428222 0.776898
27.650148 0.945473 -4.308106 -0.451880 0.775969
27.657293 0.915939 -4.393816 -0.476519 0.775546
27.664437 0.886167 -4.476159 -0.501297 0.774460
27.671582 0.856161 -4.557510 -0.526445 0.773117
27.678727 0.825940 -4.632321 -0.551283 0.770696
27.685872 0.795502 -4.709989 -0.576885 0.768513
27.693016 0.764844 -4.790877 -0.603317 0.766717
27.700161 0.734011 -4.854694 -0.627980 0.762191
27.707306 0.702944 -4.945634 -0.656555 0.761669
27.714451 0.671683 -5.024273 -0.683942 0.758943
27.721595 0.640252 -5.093863 -0.710461 0.754778
27.728740 0.608652 -5.163458 -0.737305 0.750486
27.735885 0.576854 -5.249415 -0.766852 0.748524
27.743030 0.544878 -5.330466 -0.796077 0.745574
27.750174 0.512755 -5.400601 -0.824005 0.740851
27.757319 0.480470 -5.477368 -0.853252 0.736948
27.764464 0.448044 -5.549735 -0.882118 0.732275
27.771608 0.415469 -5.627348 -0.912114 0.728152
27.778753 0.382745 -5.708889 -0.943059 0.724510
27.785898 0.349917 -5.773762 -0.971514 0.718166
27.793043 0.316985 -5.839353 -1.000290 0.711894
27.800187 0.283923 -5.920420 -1.031958 0.707807
27.807332 0.250782 -5.984618 -1.060909 0.700941
27.814477 0.217545 -6.056779 -1.091456 0.695148
27.821622 0.184212 -6.132842 -1.122915 0.689860
27.828766 0.150799 -6.206082 -1.154056 0.684034
27.835911 0.117326 -6.273496 -1.184276 0.677082
27.843056 0.083792 -6.343034 -1.215034 0.670416
27.850201 0.050176 -6.425567 -1.248450 0.665537
27.857345 0.016522 -6.492969 -1.279074 0.658202
27.864490 -0.017163 -6.557814 -1.309283 0.650559
27.871635 -0.050862 -6.618485 -1.338716 0.642239
27.878780 -0.084624 -6.704505 -1.373376 0.637550
27.885924 -0.118366 -6.759710 -1.401796 0.628013
27.893069 -0.152107 -6.821826 -1.431648 0.619653
27.900214 -0.185852 -6.892096 -1.463236 0.612240
27.907359 -0.219562 -6.949058 -1.491996 0.602796
27.914503 -0.253237 -7.006877 -1.520896 0.593537
27.921648 -0.286895 -7.077367 -1.552521 0.586139
27.928793 -0.320496 -7.134490 -1.581174 0.576569
27.935938 -0.354060 -7.201426 -1.611940 0.568618
27.943082 -0.387578 -7.268590 -1.642705 0.560628
27.950227 -0.421015 -7.322892 -1.670470 0.550714
27.957372 -0.454371 -7.378915 -1.698497 0.541108
27.964516 -0.487644 -7.437543 -1.726991 0.531902
27.971661 -0.520814 -7.490558 -1.754030 0.521886
27.978806 -0.553889 -7.549447 -1.782279 0.512798
27.985951 -0.586849 -7.602805 -1.809048 0.502938
27.993095 -0.619697 -7.660020 -1.836542 0.493708
28.000240 -0.652415 -7.711739 -1.862511 0.483710
28.007385 -0.684989 -7.758839 -1.887128 0.473158
28.014530 -0.717419 -7.808871 -1.912206 0.463134
28.021674 -0.749692 -7.855719 -1.936241 0.452743
28.028819 -0.781817 -7.909010 -1.961594 0.443444
28.035964 -0.813773 -7.955680 -1.985023 0.433229
28.043109 -0.845540 -7.994320 -2.006134 0.421982
28.050253 -0.877123 -8.037348 -2.028017 0.411602
28.057398 -0.908510 -8.078480 -2.049083 0.400930
28.064543 -0.939720 -8.129164 -2.072235 0.391990
28.071688 -0.970723 -8.168725 -2.092201 0.381583
28.078832 -1.001494 -8.197961 -2.109137 0.369702
28.085977 -1.032038 -8.230589 -2.126543 0.358742
28.093122 -1.062353 -8.264814 -2.143957 0.348235
28.100267 -1.092429 -8.297003 -2.160429 0.337600
28.107411 -1.122255 -8.325765 -2.175581 0.326684
28.114556 -1.151822 -8.351634 -2.189537 0.315589
28.121701 -1.181126 -8.377492 -2.203040 0.304760
28.128846 -1.210161 -8.401482 -2.215594 0.293911
28.135990 -1.238916 -8.422295 -2.226842 0.282860
28.143135 -1.267375 -8.436952 -2.235984 0.271196
28.150280 -1.295550 -8.458220 -2.246393 0.260802
28.157424 -1.323423 -8.472618 -2.254489 0.249667
28.164569 -1.350978 -8.480266 -2.260289 0.237834
28.171714 -1.378217 -8.490150 -2.266181 0.226677
28.178859 -1.405132 -8.497769 -2.270961 0.215486
28.186003 -1.431718 -8.503838 -2.274817 0.204410
28.193148 -1.457970 -8.507674 -2.277561 0.193364
28.200293 -1.483880 -8.509015 -2.279123 0.182311
28.207438 -1.509443 -8.507995 -2.279534 0.171258
28.214582 -1.534653 -8.505034 -2.278909 0.160279
28.221727 -1.559494 -8.495117 -2.275903 0.148578
28.228872 -1.583971 -8.487059 -2.272881 0.137577
28.236017 -1.608075 -8.476181 -2.268590 0.126509
28.243161 -1.631803 -8.463350 -2.263266 0.115544
28.250306 -1.655146 -8.447287 -2.256573 0.104491
28.257451 -1.678103 -8.429290 -2.248863 0.093562
28.264596 -1.700665 -8.408444 -2.239897 0.082569
28.271740 -1.722831 -8.385755 -2.229953 0.071703
28.278885 -1.744593 -8.359859 -2.218676 0.060774
28.286030 -1.765948 -8.331343 -2.206231 0.049852
28.293175 -1.786889 -8.300349 -2.192670 0.038965
28.300319 -1.807412 -8.266693 -2.177953 0.028069
28.307464 -1.827514 -8.230576 -2.162148 0.017232
28.314609 -1.847189 -8.191858 -2.145233 0.006432
28.321754 -1.866435 -8.150753 -2.127278 -0.004307
28.328898 -1.885244 -8.106296 -2.108048 -0.015117
28.336043 -1.903615 -8.059447 -2.087811 -0.025874
28.343188 -1.921543 -8.010100 -2.066558 -0.036590
28.350332 -1.939024 -7.957856 -2.044206 -0.047324
28.357477 -1.956054 -7.902917 -2.020827 -0.058041
28.364622 -1.972629 -7.845346 -1.996458 -0.068731
28.371767 -1.988746 -7.785142 -1.971124 -0.079396
28.378911 -2.004402 -7.722289 -1.944841 -0.090040
28.386056 -2.019592 -7.656777 -1.917633 -0.100669
28.393201 -2.034315 -7.588647 -1.889535 -0.111276
28.400346 -2.048567 -7.517935 -1.860582 -0.121856
28.407490 -2.062345 -7.444666 -1.830805 -0.132407
28.414635 -2.075647 -7.368845 -1.800235 -0.142932
28.421780 -2.088470 -7.290491 -1.768904 -0.153431
28.428925 -2.100811 -7.209594 -1.736838 -0.163911
28.436069 -2.112670 -7.126187 -1.704074 -0.174372
28.443214 -2.124042 -7.040218 -1.670631 -0.184827
28.450359 -2.134926 -6.951840 -1.636576 -0.195259
28.457504 -2.145320 -6.861043 -1.601937 -0.205675
28.464648 -2.155222 -6.767732 -1.566723 -0.216094
28.471793 -2.164631 -6.672274 -1.531053 -0.226467
28.478938 -2.173545 -6.574437 -1.494904 -0.236831
28.486083 -2.181962 -6.474360 -1.458340 -0.247170
28.493227 -2.189882 -6.372218 -1.421434 -0.257465
28.500372 -2.197304 -6.267894 -1.384192 -0.267743
28.507517 -2.204227 -6.161551 -1.346682 -0.277988
28.514662 -2.210649 -6.053222 -1.308945 -0.288202
28.521806 -2.216572 -5.943132 -1.271061 -0.298361
28.528951 -2.221995 -5.831351 -1.233076 -0.308461
28.536096 -2.226919 -5.718150 -1.195077 -0.318470
28.543241 -2.231346 -5.603953 -1.157183 -0.328330
28.550385 -2.235276 -5.488455 -1.119357 -0.338095
28.557530 -2.238710 -5.371586 -1.081613 -0.347785
28.564675 -2.241651 -5.253414 -1.043993 -0.357394
28.571819 -2.244100 -5.134570 -1.006651 -0.366835
28.578964 -2.246060 -5.014707 -0.969542 -0.376167
28.586109 -2.247532 -4.893673 -0.932664 -0.385411
28.593254 -2.248514 -4.769390 -0.895655 -0.394869
28.600398 -2.249000 -4.640790 -0.858361 -0.404780
28.607543 -2.249006 -4.517609 -0.822611 -0.413603
28.614688 -2.248517 -4.386232 -0.785935 -0.423465
28.621833 -2.247554 -4.262128 -0.751149 -0.432025
28.628977 -2.246104 -4.131306 -0.715781 -0.441397
28.636122 -2.244178 -4.003009 -0.681481 -0.450201
28.643267 -2.241777 -3.874195 -0.647735 -0.458917
28.650412 -2.238896 -3.740527 -0.613851 -0.468142
28.657556 -2.235553 -3.613541 -0.581749 -0.476229
28.664701 -2.231727 -3.475864 -0.548637 -0.485757
28.671846 -2.227435 -3.343560 -0.517118 -0.494254
28.678991 -2.222686 -3.213847 -0.486733 -0.502263
28.686135 -2.217477 -3.082390 -0.456830 -0.510435
28.693280 -2.211811 -2.950402 -0.427616 -0.518547
28.700425 -2.205684 -2.814380 -0.398613 -0.527124
28.707570 -2.199111 -2.683359 -0.371124 -0.534851
28.714714 -2.192086 -2.549423 -0.344045 -0.542932
28.721859 -2.184629 -2.422492 -0.318721 -0.549841
28.729004 -2.176720 -2.285914 -0.292961 -0.558158
28.736149 -2.168383 -2.158022 -0.269161 -0.565055
28.743293 -2.159598 -2.020589 -0.245033 -0.573363
28.750438 -2.150378 -1.886613 -0.222218 -0.580990
28.757583 -2.140746 -1.762748 -0.201451 -0.587094
28.764727 -2.130681 -1.629427 -0.180469 -0.594627
28.771872 -2.120195 -1.499075 -0.160713 -0.601600
28.779017 -2.109306 -1.376234 -0.142632 -0.607415
28.786162 -2.098007 -1.249657 -0.125029 -0.613821
28.793306 -2.086284 -1.115391 -0.107571 -0.621313
28.800451 -2.074163 -0.991203 -0.092000 -0.627249
28.807596 -2.061646 -0.868325 -0.077430 -0.633016
28.814741 -2.048733 -0.744640 -0.063675 -0.638910
28.821885 -2.035410 -0.613830 -0.050232 -0.645856
28.829030 -2.021697 -0.490449 -0.038324 -0.651659
28.836175 -2.007600 -0.370111 -0.027548 -0.657052
28.843320 -1.993131 -0.255070 -0.018036 -0.661673
28.850464 -1.978269 -0.130572 -0.008745 -0.667762
28.857609 -1.963023 -0.008069 -0.000510 -0.673505
28.864754 -1.947418 0.103596 0.006160 -0.677644
28.871899 -1.931438 0.221286 0.012324 -0.682784
28.879043 -1.915088 0.337848 0.017538 -0.687751
28.886188 -1.898365 0.455966 0.021941 -0.692979
28.893333 -1.881283 0.568610 0.025200 -0.697410
28.900478 -1.863823 0.688738 0.027901 -0.703016
28.907622 -1.846030 0.790803 0.029017 -0.705910
28.914767 -1.827880 0.900742 0.029607 -0.710125
28.921912 -1.809373 1.011983 0.029388 -0.714528
28.929057 -1.790515 1.121782 0.028274 -0.718726
28.936201 -1.771301 1.233724 0.026358 -0.723291
28.943346 -1.751744 1.339096 0.023462 -0.726896
28.950491 -1.731852 1.441431 0.019709 -0.730114
28.957635 -1.711623 1.543530 0.015163 -0.733350
28.964780 -1.691058 1.646142 0.009831 -0.736691
28.971925 -1.670143 1.754343 0.003718 -0.740895
28.979070 -1.648893 1.857958 -0.003222 -0.744401
28.986214 -1.627306 1.960247 -0.010951 -0.747755
28.993359 -1.605388 2.060995 -0.019453 -0.750907
29.000504 -1.583162 2.150771 -0.028581 -0.752432
29.007649 -1.560588 2.257508 -0.038685 -0.756588
29.014793 -1.537719 2.342714 -0.049151 -0.757412
29.021938 -1.514509 2.447100 -0.060739 -0.761239
29.029083 -1.491020 2.525965 -0.072386 -0.761141
29.036228 -1.467192 2.628823 -0.085403 -0.764751
29.043372 -1.443053 2.723076 -0.098879 -0.766951
29.050517 -1.418618 2.810488 -0.112782 -0.768119
29.057662 -1.393891 2.895118 -0.127208 -0.768902
29.064807 -1.368836 2.996073 -0.143034 -0.772122
29.071951 -1.343477 3.089655 -0.159220 -0.774095
29.079096 -1.317812 3.182744 -0.176058 -0.775989
29.086241 -1.291863 3.267069 -0.193048 -0.776525
29.093386 -1.265635 3.348881 -0.210478 -0.776688
29.100530 -1.239109 3.439037 -0.229040 -0.778078
29.107675 -1.212311 3.520972 -0.247654 -0.778082
29.114820 -1.185219 3.612083 -0.267512 -0.779441
29.121965 -1.157869 3.689248 -0.286913 -0.778590
29.129109 -1.130243 3.774806 -0.307513 -0.779002
29.136254 -1.102353 3.856264 -0.328337 -0.778667
29.143399 -1.074196 3.941175 -0.350003 -0.778746
29.150543 -1.045768 4.029523 -0.372540 -0.779200
29.157688 -1.017077 4.115658 -0.395436 -0.779226
29.164833 -0.988159 4.186933 -0.417399 -0.776913
29.171978 -0.958987 4.269795 -0.440990 -0.776317
29.179122 -0.929568 4.353007 -0.465128 -0.775577
29.186267 -0.899922 4.430214 -0.489105 -0.773787
29.193412 -0.870039 4.511564 -0.514006 -0.772518
29.200557 -0.839928 4.592059 -0.539280 -0.770983
29.207701 -0.809618 4.662010 -0.563736 -0.767740
29.214846 -0.779052 4.757296 -0.591719 -0.768223
29.221991 -0.748318 4.820144 -0.616097 -0.763483
29.229136 -0.717370 4.900741 -0.643114 -0.761475
29.236280 -0.686206 4.986990 -0.671314 -0.760044
29.243425 -0.654867 5.058443 -0.697921 -0.756192
29.250570 -0.623327 5.141277 -0.726477 -0.753992
29.257715 -0.591615 5.215523 -0.754197 -0.750315
29.264859 -0.559756 5.280000 -0.780810 -0.744990
29.272004 -0.527702 5.367470 -0.811164 -0.743047
29.279149 -0.495488 5.445373 -0.840444 -0.739350
29.286294 -0.463152 5.508389 -0.867710 -0.733295
29.293438 -0.430647 5.591998 -0.898510 -0.730269
29.300583 -0.398009 5.666563 -0.928172 -0.725618
29.307728 -0.365274 5.725766 -0.955546 -0.718561
29.314873 -0.332392 5.809329 -0.987230 -0.715081
29.322017 -0.299405 5.880361 -1.017054 -0.709463
29.329162 -0.266305 5.956388 -1.047976 -0.704446
29.336307 -0.233123 6.022146 -1.077298 -0.697777
29.343451 -0.199842 6.097563 -1.108541 -0.692392
29.350596 -0.166483 6.168059 -1.139085 -0.686135
29.357741 -0.133063 6.233778 -1.168901 -0.679005
29.364886 -0.099576 6.304038 -1.199710 -0.672581
29.372030 -0.066016 6.381768 -1.232103 -0.667049
29.379175 -0.032408 6.451313 -1.263064 -0.660266
29.386320 0.001238 6.518996 -1.293767 -0.653093
29.393465 0.034896 6.577952 -1.322805 -0.644483
29.400609 0.068590 6.650812 -1.354707 -0.637859
29.407754 0.102303 6.720397 -1.386024 -0.630575
29.414899 0.136007 6.781154 -1.415558 -0.621852
29.422044 0.169731 6.856523 -1.448182 -0.615367
29.429188 0.203439 6.920504 -1.478435 -0.606946
29.436333 0.237132 6.986813 -1.509183 -0.599021
29.443478 0.270777 7.040916 -1.537257 -0.589189
29.450623 0.304402 7.109797 -1.568513 -0.581664
29.457767 0.338003 7.182204 -1.600530 -0.574502
29.464912 0.371514 7.227855 -1.626503 -0.563301
29.472057 0.404983 7.294855 -1.657173 -0.555370
29.479202 0.438364 7.348354 -1.684675 -0.545361
29.486346 0.471684 7.414479 -1.714953 -0.537289
29.493491 0.504903 7.467424 -1.742052 -0.527175
29.500636 0.538051 7.534834 -1.772383 -0.519398
29.507781 0.571072 7.581708 -1.797717 -0.508379
29.514925 0.603974 7.632124 -1.823680 -0.498171
29.522070 0.636762 7.688306 -1.850814 -0.488838
29.529215 0.669403 7.733824 -1.875155 -0.478043
29.536360 0.701923 7.791841 -1.902291 -0.469273
29.543504 0.734316 7.850932 -1.929464 -0.460668
29.550649 0.766527 7.888699 -1.951126 -0.448835
29.557794 0.798565 7.929504 -1.973229 -0.437792
29.564938 0.830460 7.987076 -1.999215 -0.429318
29.572083 0.862142 8.018737 -2.018400 -0.416968
29.579228 0.893670 8.074546 -2.043334 -0.408730
29.586373 0.924996 8.114132 -2.063835 -0.397970
29.593517 0.956085 8.138888 -2.080186 -0.385140
29.600662 0.986984 8.184928 -2.101597 -0.375886
29.607807 1.017666 8.223750 -2.120783 -0.365631
29.614952 1.048119 8.257439 -2.138250 -0.354882
29.622096 1.078338 8.290212 -2.155069 -0.344244
29.629241 1.108295 8.312970 -2.168855 -0.332212
29.636386 1.138012 8.345482 -2.184749 -0.322053
29.643531 1.167466 8.371449 -2.198488 -0.311067
29.650675 1.196639 8.389123 -2.209590 -0.299203
29.657820 1.225541 8.413510 -2.221993 -0.288583
29.664965 1.254152 8.430515 -2.231972 -0.277121
29.672110 1.282471 8.447783 -2.241539 -0.266027
29.679254 1.310493 8.464261 -2.250408 -0.255106
29.686399 1.338211 8.478296 -2.258134 -0.244113
29.693544 1.365614 8.488911 -2.264448 -0.232916
29.700689 1.392699 8.498509 -2.269987 -0.221884
29.707833 1.419455 8.504049 -2.273932 -0.210551
29.714978 1.445880 8.509093 -2.277232 -0.199510
29.722123 1.471964 8.510798 -2.279123 -0.188319
29.729268 1.497697 8.507629 -2.279192 -0.176751
29.736412 1.523077 8.504997 -2.278888 -0.165647
29.743557 1.548100 8.500305 -2.277514 -0.154585
29.750702 1.572758 8.492550 -2.274804 -0.143433
29.757846 1.597040 8.480316 -2.270380 -0.131960
29.764991 1.620947 8.467986 -2.265420 -0.120888
29.772136 1.644472 8.453314 -2.259326 -0.109839
29.779281 1.667610 8.435805 -2.251971 -0.098766
29.786425 1.690356 8.416030 -2.243514 -0.087751
29.793570 1.712703 8.393010 -2.233701 -0.076609
29.800715 1.734647 8.368028 -2.222884 -0.065604
29.807860 1.756184 8.340410 -2.210891 -0.054607
29.815004 1.777308 8.310190 -2.197743 -0.043618
29.822149 1.798016 8.278047 -2.183631 -0.032753
29.829294 1.818302 8.242816 -2.168259 -0.021840
29.836439 1.838162 8.204484 -2.151639 -0.010888
29.843583 1.857591 8.163448 -2.133892 0.000054
29.850728 1.876586 8.120672 -2.115284 0.010847
29.857873 1.895141 8.074643 -2.095437 0.021698
29.865018 1.913255 8.026386 -2.074637 0.032453
29.872162 1.930922 7.975287 -2.052742 0.043205
29.879307 1.948140 7.921619 -2.029845 0.053917
29.886452 1.964904 7.865304 -2.005945 0.064606
29.893597 1.981211 7.806292 -1.981052 0.075282
29.900741 1.997058 7.744639 -1.955203 0.085935
29.907886 2.012442 7.680379 -1.928431 0.096559
29.915031 2.027359 7.613540 -1.900767 0.107149
29.922176 2.041807 7.544119 -1.872237 0.117710
29.929320 2.055783 7.472099 -1.842861 0.128249
29.936465 2.069284 7.397485 -1.812668 0.138771
29.943610 2.082308 7.320304 -1.781694 0.149274
29.950754 2.094851 7.240578 -1.749971 0.159759
29.957899 2.106912 7.158329 -1.717534 0.170225
29.965044 2.118489 7.073574 -1.684418 0.180674
29.972189 2.129578 6.986329 -1.650657 0.191105
29.979333 2.140179 6.896712 -1.616308 0.201509
29.986478 2.150290 6.804732 -1.581406 0.211890
29.993623 2.159908 6.710373 -1.545979 0.222256
30.000768 2.169032 6.613679 -1.510068 0.232605
30.007912 2.177662 6.514698 -1.473718 0.242936
30.015057 2.185794 6.413631 -1.437005 0.253228
30.022202 2.193429 6.310332 -1.399930 0.263509
30.029347 2.200566 6.204925 -1.362554 0.273767
30.036491 2.207203 6.097560 -1.324941 0.283988
30.043636 2.213341 5.988403 -1.287160 0.294153
30.050781 2.218979 5.877426 -1.249236 0.304273
30.057926 2.224118 5.765020 -1.211284 0.314298
30.065070 2.228758 5.651168 -1.173329 0.324237
30.072215 2.232902 5.536314 -1.135492 0.334032
30.079360 2.236551 5.420387 -1.097784 0.343704
30.086505 2.239707 5.303370 -1.060228 0.353260
30.093649 2.242370 5.185119 -1.022824 0.362731
30.100794 2.244544 5.065701 -0.985613 0.372110
30.107939 2.246231 4.945784 -0.948749 0.381301
30.115084 2.247428 4.822636 -0.911739 0.390710
30.122228 2.248130 4.695333 -0.874456 0.400524
30.129373 2.248337 4.565994 -0.837340 0.410356
30.136518 2.248067 4.443374 -0.802008 0.419020
30.143662 2.247297 4.309277 -0.765187 0.429207
30.150807 2.246062 4.187526 -0.731155 0.437217
30.157952 2.244349 4.060515 -0.696798 0.445963
30.165097 2.242154 3.928727 -0.662261 0.455170
30.172241 2.239486 3.799218 -0.628771 0.463849
30.179386 2.236342 3.666155 -0.595376 0.472895
30.186531 2.232719 3.530519 -0.562281 0.482131
30.193676 2.228639 3.403466 -0.531268 0.489965
30.200820 2.224097 3.273078 -0.500447 0.498172
30.207965 2.219095 3.141511 -0.470188 0.506406
30.215110 2.213633 3.008385 -0.440460 0.514729
30.222255 2.207722 2.877833 -0.411884 0.522557
30.229399 2.201360 2.746231 -0.383943 0.530437
30.236544 2.194535 2.607564 -0.355837 0.539260
30.243689 2.187271 2.477258 -0.329706 0.546712
30.250834 2.179565 2.345418 -0.304192 0.554331
30.257978 2.171417 2.212465 -0.279377 0.562048
30.265123 2.162838 2.082513 -0.255789 0.569211
30.272268 2.153837 1.955764 -0.233433 0.575846
30.279413 2.144392 1.818611 -0.210708 0.584004
30.286557 2.134523 1.687387 -0.189571 0.591153
30.293702 2.124245 1.563172 -0.170084 0.597230
30.300847 2.113559 1.439080 -0.151460 0.603311
30.307992 2.102439 1.301995 -0.132371 0.611283
30.315136 2.090925 1.179964 -0.115718 0.616903
30.322281 2.079003 1.053512 -0.099505 0.623261
30.329426 2.066674 0.924989 -0.084002 0.629875
30.336571 2.053949 0.801273 -0.069839 0.635749
30.343715 2.040831 0.677826 -0.056592 0.641594
30.350860 2.027305 0.547428 -0.043687 0.648472
30.358005 2.013409 0.432642 -0.032925 0.652998
30.365149 1.999107 0.303351 -0.021959 0.659778
30.372294 1.984426 0.182982 -0.012563 0.665160
30.379439 1.969367 0.064558 -0.004191 0.670305
30.386584 1.953925 -0.056269 0.003441 0.675873
30.393728 1.938110 -0.174052 0.009989 0.680984
30.400873 1.921914 -0.294671 0.015799 0.686552
30.408018 1.905379 -0.397812 0.019822 0.689506
30.415163 1.888448 -0.524591 0.024147 0.696133
30.422307 1.871150 -0.641164 0.027073 0.701126
30.429452 1.853498 -0.751877 0.028881 0.705308
30.436597 1.835479 -0.866635 0.029978 0.710185
30.443742 1.817123 -0.968932 0.029808 0.713197
30.450886 1.798415 -1.077321 0.029014 0.717232
30.458031 1.779374 -1.178014 0.027204 0.720125
30.465176 1.759961 -1.295417 0.024938 0.725595
30.472321 1.740218 -1.396405 0.021512 0.728533
30.479465 1.720134 -1.501002 0.017346 0.732128
30.486610 1.699709 -1.605397 0.012370 0.735715
30.493755 1.678954 -1.705181 0.006570 0.738627
30.500900 1.657833 -1.820505 0.000000 0.743958
