   1.5000000e-02
   1.4999900e-02
   1.4999602e-02
   1.4999105e-02
   1.4998411e-02
   1.4997519e-02
   1.4996431e-02
   1.4995148e-02
   1.4993668e-02
   1.4991994e-02
   1.4990126e-02
   1.4988065e-02
   1.4985810e-02
   1.4983363e-02
   1.4980724e-02
   1.4977894e-02
   1.4974873e-02
   1.4971662e-02
   1.4968261e-02
   1.4964671e-02
   1.4960893e-02
   1.4956927e-02
   1.4952773e-02
   1.4948433e-02
   1.4943906e-02
   1.4939194e-02
   1.4934296e-02
   1.4929214e-02
   1.4923948e-02
   1.4918498e-02
   1.4912866e-02
   1.4907051e-02
   1.4901054e-02
   1.4894875e-02
   1.4888516e-02
   1.4881977e-02
   1.4875258e-02
   1.4868360e-02
   1.4861283e-02
   1.4854028e-02
   1.4846595e-02
   1.4838986e-02
   1.4831199e-02
   1.4823237e-02
   1.4815100e-02
   1.4806788e-02
   1.4798301e-02
   1.4789640e-02
   1.4780806e-02
   1.4771800e-02
   1.4762621e-02
   1.4753271e-02
   1.4743749e-02
   1.4734057e-02
   1.4724194e-02
   1.4714162e-02
   1.4703961e-02
   1.4693592e-02
   1.4683054e-02
   1.4672349e-02
   1.4661477e-02
   1.4650439e-02
   1.4639235e-02
   1.4627865e-02
   1.4616331e-02
   1.4604632e-02
   1.4592770e-02
   1.4580744e-02
   1.4568556e-02
   1.4556206e-02
   1.4543694e-02
   1.4531020e-02
   1.4518187e-02
   1.4505193e-02
   1.4492040e-02
   1.4478728e-02
   1.4465257e-02
   1.4451628e-02
   1.4437842e-02
   1.4423900e-02
   1.4409801e-02
   1.4395546e-02
   1.4381136e-02
   1.4366571e-02
   1.4351852e-02
   1.4336979e-02
   1.4321953e-02
   1.4306775e-02
   1.4291444e-02
   1.4275962e-02
   1.4260329e-02
   1.4244546e-02
   1.4228613e-02
   1.4212530e-02
   1.4196298e-02
   1.4179919e-02
   1.4163391e-02
   1.4146716e-02
   1.4129895e-02
   1.4112927e-02
   1.4095814e-02
   1.4078556e-02
   1.4061153e-02
   1.4043607e-02
   1.4025916e-02
   1.4008083e-02
   1.3990108e-02
   1.3971991e-02
   1.3953732e-02
   1.3935333e-02
   1.3916794e-02
   1.3898115e-02
   1.3879297e-02
   1.3860340e-02
   1.3841245e-02
   1.3822013e-02
   1.3802644e-02
   1.3783139e-02
   1.3763498e-02
   1.3743722e-02
   1.3723811e-02
   1.3703765e-02
   1.3683587e-02
   1.3663275e-02
   1.3642830e-02
   1.3622254e-02
   1.3601546e-02
   1.3580708e-02
   1.3559739e-02
   1.3538641e-02
   1.3517413e-02
   1.3496056e-02
   1.3474572e-02
   1.3452960e-02
   1.3431221e-02
   1.3409356e-02
   1.3387365e-02
   1.3365248e-02
   1.3343007e-02
   1.3320642e-02
   1.3298153e-02
   1.3275541e-02
   1.3252807e-02
   1.3229950e-02
   1.3206972e-02
   1.3183874e-02
   1.3160655e-02
   1.3137317e-02
   1.3113859e-02
   1.3090283e-02
   1.3066589e-02
   1.3042777e-02
   1.3018848e-02
   1.2994804e-02
   1.2970643e-02
   1.2946367e-02
   1.2921977e-02
   1.2897472e-02
   1.2872855e-02
   1.2848124e-02
   1.2823281e-02
   1.2798326e-02
   1.2773259e-02
   1.2748082e-02
   1.2722796e-02
   1.2697399e-02
   1.2671894e-02
   1.2646280e-02
   1.2620558e-02
   1.2594729e-02
   1.2568794e-02
   1.2542752e-02
   1.2516605e-02
   1.2490353e-02
   1.2463996e-02
   1.2437535e-02
   1.2410972e-02
   1.2384305e-02
   1.2357537e-02
   1.2330666e-02
   1.2303695e-02
   1.2276624e-02
   1.2249452e-02
   1.2222181e-02
   1.2194812e-02
   1.2167344e-02
   1.2139779e-02
   1.2112117e-02
   1.2084358e-02
   1.2056504e-02
   1.2028554e-02
   1.2000509e-02
   1.1972370e-02
   1.1944138e-02
   1.1915813e-02
   1.1887395e-02
   1.1858885e-02
   1.1830284e-02
   1.1801592e-02
   1.1772810e-02
   1.1743939e-02
   1.1714978e-02
   1.1685929e-02
   1.1656792e-02
   1.1627567e-02
   1.1598256e-02
   1.1568858e-02
   1.1539375e-02
   1.1509807e-02
   1.1480154e-02
   1.1450418e-02
   1.1420598e-02
   1.1390695e-02
   1.1360710e-02
   1.1330643e-02
   1.1300495e-02
   1.1270267e-02
   1.1239958e-02
   1.1209570e-02
   1.1179103e-02
   1.1148558e-02
   1.1117935e-02
   1.1087235e-02
   1.1056459e-02
   1.1025606e-02
   1.0994678e-02
   1.0963674e-02
   1.0932597e-02
   1.0901445e-02
   1.0870221e-02
   1.0838923e-02
   1.0807554e-02
   1.0776112e-02
   1.0744600e-02
   1.0713017e-02
   1.0681365e-02
   1.0649643e-02
   1.0617852e-02
   1.0585993e-02
   1.0554066e-02
   1.0522071e-02
   1.0490011e-02
   1.0457884e-02
   1.0425692e-02
   1.0393434e-02
   1.0361112e-02
   1.0328727e-02
   1.0296278e-02
   1.0263766e-02
   1.0231192e-02
   1.0198556e-02
   1.0165859e-02
   1.0133102e-02
   1.0100284e-02
   1.0067407e-02
   1.0034471e-02
   1.0001476e-02
   9.9684233e-03
   9.9353134e-03
   9.9021465e-03
   9.8689233e-03
   9.8356444e-03
   9.8023102e-03
   9.7689212e-03
   9.7354781e-03
   9.7019813e-03
   9.6684314e-03
   9.6348288e-03
   9.6011742e-03
   9.5674680e-03
   9.5337108e-03
   9.4999031e-03
   9.4660454e-03
   9.4321383e-03
   9.3981822e-03
   9.3641777e-03
   9.3301252e-03
   9.2960254e-03
   9.2618788e-03
   9.2276857e-03
   9.1934469e-03
   9.1591627e-03
   9.1248336e-03
   9.0904603e-03
   9.0560432e-03
   9.0215828e-03
   8.9870796e-03
   8.9525341e-03
   8.9179468e-03
   8.8833183e-03
   8.8486490e-03
   8.8139394e-03
   8.7791901e-03
   8.7444015e-03
   8.7095741e-03
   8.6747084e-03
   8.6398049e-03
   8.6048641e-03
   8.5698865e-03
   8.5348726e-03
   8.4998229e-03
   8.4647378e-03
   8.4296179e-03
   8.3944636e-03
   8.3592754e-03
   8.3240538e-03
   8.2887993e-03
   8.2535123e-03
   8.2181933e-03
   8.1828428e-03
   8.1474613e-03
   8.1120493e-03
   8.0766072e-03
   8.0411354e-03
   8.0056345e-03
   7.9701049e-03
   7.9345472e-03
   7.8989616e-03
   7.8633488e-03
   7.8277091e-03
   7.7920431e-03
   7.7563512e-03
   7.7206337e-03
   7.6848913e-03
   7.6491244e-03
   7.6133333e-03
   7.5775186e-03
   7.5416807e-03
   7.5058200e-03
   7.4699370e-03
   7.4340321e-03
   7.3981058e-03
   7.3621585e-03
   7.3261906e-03
   7.2902027e-03
   7.2541950e-03
   7.2181681e-03
   7.1821224e-03
   7.1460582e-03
   7.1099761e-03
   7.0738765e-03
   7.0377598e-03
   7.0016263e-03
   6.9654766e-03
   6.9293110e-03
   6.8931300e-03
   6.8569340e-03
   6.8207234e-03
   6.7844986e-03
   6.7482600e-03
   6.7120080e-03
   6.6757430e-03
   6.6394655e-03
   6.6031758e-03
   6.5668744e-03
   6.5305615e-03
   6.4942378e-03
   6.4579034e-03
   6.4215589e-03
   6.3852046e-03
   6.3488409e-03
   6.3124682e-03
   6.2760869e-03
   6.2396974e-03
   6.2033000e-03
   6.1668951e-03
   6.1304832e-03
   6.0940645e-03
   6.0576395e-03
   6.0212086e-03
   5.9847720e-03
   5.9483303e-03
   5.9118836e-03
   5.8754325e-03
   5.8389773e-03
   5.8025183e-03
   5.7660560e-03
   5.7295905e-03
   5.6931224e-03
   5.6566520e-03
   5.6201796e-03
   5.5837056e-03
   5.5472303e-03
   5.5107540e-03
   5.4742772e-03
   5.4378002e-03
   5.4013232e-03
   5.3648467e-03
   5.3283710e-03
   5.2918964e-03
   5.2554233e-03
   5.2189519e-03
   5.1824827e-03
   5.1460159e-03
   5.1095518e-03
   5.0730909e-03
   5.0366333e-03
   5.0001795e-03
   4.9637298e-03
   4.9272844e-03
   4.8908437e-03
   4.8544080e-03
   4.8179776e-03
   4.7815529e-03
   4.7451340e-03
   4.7087214e-03
   4.6723153e-03
   4.6359161e-03
   4.5995239e-03
   4.5631393e-03
   4.5267623e-03
   4.4903933e-03
   4.4540327e-03
   4.4176807e-03
   4.3813375e-03
   4.3450036e-03
   4.3086790e-03
   4.2723643e-03
   4.2360595e-03
   4.1997650e-03
   4.1634811e-03
   4.1272081e-03
   4.0909461e-03
   4.0546956e-03
   4.0184567e-03
   3.9822297e-03
   3.9460150e-03
   3.9098126e-03
   3.8736230e-03
   3.8374464e-03
   3.8012829e-03
   3.7651330e-03
   3.7289968e-03
   3.6928746e-03
   3.6567666e-03
   3.6206731e-03
   3.5845943e-03
   3.5485305e-03
   3.5124819e-03
   3.4764487e-03
   3.4404313e-03
   3.4044298e-03
   3.3684444e-03
   3.3324754e-03
   3.2965230e-03
   3.2605875e-03
   3.2246691e-03
   3.1887680e-03
   3.1528844e-03
   3.1170185e-03
   3.0811706e-03
   3.0453409e-03
   3.0095296e-03
   2.9737368e-03
   2.9379630e-03
   2.9022081e-03
   2.8664725e-03
   2.8307563e-03
   2.7950598e-03
   2.7593831e-03
   2.7237265e-03
   2.6880902e-03
   2.6524743e-03
   2.6168790e-03
   2.5813046e-03
   2.5457512e-03
   2.5102190e-03
   2.4747083e-03
   2.4392191e-03
   2.4037517e-03
   2.3683063e-03
   2.3328831e-03
   2.2974821e-03
   2.2621037e-03
   2.2267479e-03
   2.1914150e-03
   2.1561051e-03
   2.1208185e-03
   2.0855551e-03
   2.0503154e-03
   2.0150993e-03
   1.9799071e-03
   1.9447389e-03
   1.9095949e-03
   1.8744752e-03
   1.8393800e-03
   1.8043095e-03
   1.7692639e-03
   1.7342431e-03
   1.6992475e-03
   1.6642772e-03
   1.6293323e-03
   1.5944129e-03
   1.5595193e-03
   1.5246514e-03
   1.4898096e-03
   1.4549939e-03
   1.4202045e-03
   1.3854415e-03
   1.3507050e-03
   1.3159951e-03
   1.2813121e-03
   1.2466560e-03
   1.2120270e-03
   1.1774251e-03
   1.1428506e-03
   1.1083035e-03
   1.0737840e-03
   1.0392921e-03
   1.0048281e-03
   9.7039196e-04
   9.3598386e-04
   9.0160392e-04
   8.6725225e-04
   8.3292895e-04
   7.9863414e-04
   7.6436793e-04
   7.3013042e-04
   6.9592173e-04
   6.6174196e-04
   6.2759121e-04
   5.9346958e-04
   5.5937719e-04
   5.2531411e-04
   4.9128047e-04
   4.5727634e-04
   4.2330184e-04
   3.8935705e-04
   3.5544206e-04
   3.2155697e-04
   2.8770187e-04
   2.5387685e-04
   2.2008199e-04
   1.8631738e-04
   1.5258312e-04
   1.1887927e-04
   8.5205936e-05
   5.1563186e-05
   1.7951104e-05
  -1.5630230e-05
  -4.9180738e-05
  -8.2700343e-05
  -1.1618897e-04
  -1.4964654e-04
  -1.8307299e-04
  -2.1646823e-04
  -2.4983221e-04
  -2.8316484e-04
  -3.1646606e-04
  -3.4973581e-04
  -3.8297401e-04
  -4.1618059e-04
  -4.4935551e-04
  -4.8249868e-04
  -5.1561005e-04
  -5.4868956e-04
  -5.8173714e-04
  -6.1475275e-04
  -6.4773630e-04
  -6.8068776e-04
  -7.1360707e-04
  -7.4649416e-04
  -7.7934898e-04
  -8.1217149e-04
  -8.4496162e-04
  -8.7771933e-04
  -9.1044456e-04
  -9.4313727e-04
  -9.7579741e-04
  -1.0084249e-03
  -1.0410198e-03
  -1.0735819e-03
  -1.1061113e-03
  -1.1386078e-03
  -1.1710715e-03
  -1.2035023e-03
  -1.2359002e-03
  -1.2682651e-03
  -1.3005970e-03
  -1.3328958e-03
  -1.3651616e-03
  -1.3973942e-03
  -1.4295936e-03
  -1.4617598e-03
  -1.4938928e-03
  -1.5259925e-03
  -1.5580589e-03
  -1.5900919e-03
  -1.6220915e-03
  -1.6540578e-03
  -1.6859906e-03
  -1.7178899e-03
  -1.7497557e-03
  -1.7815879e-03
  -1.8133866e-03
  -1.8451517e-03
  -1.8768832e-03
  -1.9085810e-03
  -1.9402451e-03
  -1.9718755e-03
  -2.0034722e-03
  -2.0350351e-03
  -2.0665642e-03
  -2.0980596e-03
  -2.1295211e-03
  -2.1609487e-03
  -2.1923425e-03
  -2.2237023e-03
  -2.2550283e-03
  -2.2863202e-03
  -2.3175783e-03
  -2.3488023e-03
  -2.3799923e-03
  -2.4111483e-03
  -2.4422702e-03
  -2.4733581e-03
  -2.5044119e-03
  -2.5354315e-03
  -2.5664171e-03
  -2.5973685e-03
  -2.6282857e-03
  -2.6591688e-03
  -2.6900177e-03
  -2.7208323e-03
  -2.7516128e-03
  -2.7823589e-03
  -2.8130709e-03
  -2.8437485e-03
  -2.8743919e-03
  -2.9050009e-03
  -2.9355756e-03
  -2.9661160e-03
  -2.9966220e-03
  -3.0270937e-03
  -3.0575310e-03
  -3.0879339e-03
  -3.1183023e-03
  -3.1486364e-03
  -3.1789360e-03
  -3.2092011e-03
  -3.2394318e-03
  -3.2696280e-03
  -3.2997897e-03
  -3.3299169e-03
  -3.3600096e-03
  -3.3900678e-03
  -3.4200914e-03
  -3.4500804e-03
  -3.4800349e-03
  -3.5099547e-03
  -3.5398400e-03
  -3.5696906e-03
  -3.5995067e-03
  -3.6292880e-03
  -3.6590347e-03
  -3.6887468e-03
  -3.7184241e-03
  -3.7480668e-03
  -3.7776747e-03
  -3.8072480e-03
  -3.8367864e-03
  -3.8662902e-03
  -3.8957591e-03
  -3.9251933e-03
  -3.9545926e-03
  -3.9839572e-03
  -4.0132869e-03
  -4.0425817e-03
  -4.0718417e-03
  -4.1010668e-03
  -4.1302570e-03
  -4.1594124e-03
  -4.1885327e-03
  -4.2176182e-03
  -4.2466686e-03
  -4.2756841e-03
  -4.3046646e-03
  -4.3336101e-03
  -4.3625205e-03
  -4.3913959e-03
  -4.4202362e-03
  -4.4490414e-03
  -4.4778115e-03
  -4.5065465e-03
  -4.5352463e-03
  -4.5639109e-03
  -4.5925404e-03
  -4.6211346e-03
  -4.6496936e-03
  -4.6782173e-03
  -4.7067058e-03
  -4.7351589e-03
  -4.7635767e-03
  -4.7919592e-03
  -4.8203062e-03
  -4.8486179e-03
  -4.8768941e-03
  -4.9051349e-03
  -4.9333401e-03
  -4.9615099e-03
  -4.9896441e-03
  -5.0177428e-03
  -5.0458059e-03
  -5.0738333e-03
  -5.1018251e-03
  -5.1297811e-03
  -5.1577015e-03
  -5.1855861e-03
  -5.2134350e-03
  -5.2412480e-03
  -5.2690252e-03
  -5.2967665e-03
  -5.3244719e-03
  -5.3521413e-03
  -5.3797747e-03
  -5.4073721e-03
  -5.4349335e-03
  -5.4624587e-03
  -5.4899478e-03
  -5.5174008e-03
  -5.5448175e-03
  -5.5721980e-03
  -5.5995421e-03
  -5.6268500e-03
  -5.6541214e-03
  -5.6813564e-03
  -5.7085550e-03
  -5.7357170e-03
  -5.7628424e-03
  -5.7899313e-03
  -5.8169835e-03
  -5.8439990e-03
  -5.8709778e-03
  -5.8979197e-03
  -5.9248248e-03
  -5.9516930e-03
  -5.9785243e-03
  -6.0053185e-03
  -6.0320757e-03
  -6.0587958e-03
  -6.0854787e-03
  -6.1121243e-03
  -6.1387327e-03
  -6.1653038e-03
  -6.1918375e-03
  -6.2183337e-03
  -6.2447924e-03
  -6.2712135e-03
  -6.2975970e-03
  -6.3239427e-03
  -6.3502508e-03
  -6.3765209e-03
  -6.4027532e-03
  -6.4289476e-03
  -6.4551039e-03
  -6.4812221e-03
  -6.5073021e-03
  -6.5333440e-03
  -6.5593475e-03
  -6.5853126e-03
  -6.6112393e-03
  -6.6371275e-03
  -6.6629770e-03
  -6.6887879e-03
  -6.7145601e-03
  -6.7402934e-03
  -6.7659878e-03
  -6.7916433e-03
  -6.8172597e-03
  -6.8428369e-03
  -6.8683749e-03
  -6.8938736e-03
  -6.9193329e-03
  -6.9447527e-03
  -6.9701330e-03
  -6.9954736e-03
  -7.0207745e-03
  -7.0460355e-03
  -7.0712566e-03
  -7.0964378e-03
  -7.1215788e-03
  -7.1466796e-03
  -7.1717401e-03
  -7.1967603e-03
  -7.2217400e-03
  -7.2466790e-03
  -7.2715775e-03
  -7.2964351e-03
  -7.3212519e-03
  -7.3460277e-03
  -7.3707624e-03
  -7.3954559e-03
  -7.4201082e-03
  -7.4447190e-03
  -7.4692884e-03
  -7.4938161e-03
  -7.5183022e-03
  -7.5427464e-03
  -7.5671487e-03
  -7.5915089e-03
  -7.6158270e-03
  -7.6401028e-03
  -7.6643362e-03
  -7.6885271e-03
  -7.7126754e-03
  -7.7367809e-03
  -7.7608436e-03
  -7.7848633e-03
  -7.8088399e-03
  -7.8327733e-03
  -7.8566634e-03
  -7.8805100e-03
  -7.9043129e-03
  -7.9280722e-03
  -7.9517876e-03
  -7.9754590e-03
  -7.9990863e-03
  -8.0226694e-03
  -8.0462081e-03
  -8.0697023e-03
  -8.0931519e-03
  -8.1165566e-03
  -8.1399165e-03
  -8.1632313e-03
  -8.1865010e-03
  -8.2097253e-03
  -8.2329041e-03
  -8.2560373e-03
  -8.2791248e-03
  -8.3021664e-03
  -8.3251619e-03
  -8.3481113e-03
  -8.3710143e-03
  -8.3938708e-03
  -8.4166807e-03
  -8.4394438e-03
  -8.4621600e-03
  -8.4848291e-03
  -8.5074510e-03
  -8.5300254e-03
  -8.5525523e-03
  -8.5750316e-03
  -8.5974629e-03
  -8.6198462e-03
  -8.6421813e-03
  -8.6644681e-03
  -8.6867064e-03
  -8.7088960e-03
  -8.7310368e-03
  -8.7531286e-03
  -8.7751712e-03
  -8.7971645e-03
  -8.8191083e-03
  -8.8410024e-03
  -8.8628467e-03
  -8.8846410e-03
  -8.9063851e-03
  -8.9280788e-03
  -8.9497220e-03
  -8.9713145e-03
  -8.9928561e-03
  -9.0143467e-03
  -9.0357860e-03
  -9.0571739e-03
  -9.0785102e-03
  -9.0997947e-03
  -9.1210273e-03
  -9.1422077e-03
  -9.1633358e-03
  -9.1844114e-03
  -9.2054342e-03
  -9.2264042e-03
  -9.2473211e-03
  -9.2681848e-03
  -9.2889950e-03
  -9.3097515e-03
  -9.3304542e-03
  -9.3511029e-03
  -9.3716974e-03
  -9.3922374e-03
  -9.4127228e-03
  -9.4331534e-03
  -9.4535290e-03
  -9.4738494e-03
  -9.4941144e-03
  -9.5143237e-03
  -9.5344773e-03
  -9.5545749e-03
  -9.5746162e-03
  -9.5946011e-03
  -9.6145294e-03
  -9.6344009e-03
  -9.6542153e-03
  -9.6739725e-03
  -9.6936722e-03
  -9.7133143e-03
  -9.7328985e-03
  -9.7524246e-03
  -9.7718925e-03
  -9.7913018e-03
  -9.8106524e-03
  -9.8299441e-03
  -9.8491766e-03
  -9.8683498e-03
  -9.8874634e-03
  -9.9065172e-03
  -9.9255110e-03
  -9.9444445e-03
  -9.9633176e-03
  -9.9821300e-03
  -1.0000882e-02
  -1.0019572e-02
  -1.0038201e-02
  -1.0056769e-02
  -1.0075274e-02
  -1.0093718e-02
  -1.0112099e-02
  -1.0130418e-02
  -1.0148675e-02
  -1.0166868e-02
  -1.0184999e-02
  -1.0203065e-02
  -1.0221069e-02
  -1.0239008e-02
  -1.0256884e-02
  -1.0274695e-02
  -1.0292441e-02
  -1.0310123e-02
  -1.0327740e-02
  -1.0345291e-02
  -1.0362778e-02
  -1.0380198e-02
  -1.0397552e-02
  -1.0414841e-02
  -1.0432063e-02
  -1.0449218e-02
  -1.0466306e-02
  -1.0483328e-02
  -1.0500281e-02
  -1.0517168e-02
  -1.0533986e-02
  -1.0550737e-02
  -1.0567419e-02
  -1.0584032e-02
  -1.0600577e-02
  -1.0617052e-02
  -1.0633459e-02
  -1.0649796e-02
  -1.0666063e-02
  -1.0682260e-02
  -1.0698386e-02
  -1.0714443e-02
  -1.0730428e-02
  -1.0746342e-02
  -1.0762186e-02
  -1.0777957e-02
  -1.0793657e-02
  -1.0809285e-02
  -1.0824841e-02
  -1.0840324e-02
  -1.0855735e-02
  -1.0871072e-02
  -1.0886336e-02
  -1.0901527e-02
  -1.0916644e-02
  -1.0931687e-02
  -1.0946656e-02
  -1.0961550e-02
  -1.0976370e-02
  -1.0991114e-02
  -1.1005783e-02
  -1.1020377e-02
  -1.1034895e-02
  -1.1049337e-02
  -1.1063703e-02
  -1.1077992e-02
  -1.1092205e-02
  -1.1106340e-02
  -1.1120399e-02
  -1.1134379e-02
  -1.1148282e-02
  -1.1162107e-02
  -1.1175854e-02
  -1.1189522e-02
  -1.1203111e-02
  -1.1216622e-02
  -1.1230053e-02
  -1.1243404e-02
  -1.1256676e-02
  -1.1269867e-02
  -1.1282979e-02
  -1.1296009e-02
  -1.1308959e-02
  -1.1321828e-02
  -1.1334615e-02
  -1.1347321e-02
  -1.1359945e-02
  -1.1372487e-02
  -1.1384947e-02
  -1.1397324e-02
  -1.1409618e-02
  -1.1421829e-02
  -1.1433957e-02
  -1.1446001e-02
  -1.1457961e-02
  -1.1469837e-02
  -1.1481629e-02
  -1.1493336e-02
  -1.1504958e-02
  -1.1516495e-02
  -1.1527947e-02
  -1.1539313e-02
  -1.1550593e-02
  -1.1561787e-02
  -1.1572894e-02
  -1.1583915e-02
  -1.1594849e-02
  -1.1605696e-02
  -1.1616456e-02
  -1.1627127e-02
  -1.1637711e-02
  -1.1648207e-02
  -1.1658614e-02
  -1.1668933e-02
  -1.1679163e-02
  -1.1689304e-02
  -1.1699355e-02
  -1.1709317e-02
  -1.1719188e-02
  -1.1728970e-02
  -1.1738661e-02
  -1.1748262e-02
  -1.1757771e-02
  -1.1767190e-02
  -1.1776517e-02
  -1.1785752e-02
  -1.1794896e-02
  -1.1803948e-02
  -1.1812907e-02
  -1.1821774e-02
  -1.1830548e-02
  -1.1839228e-02
  -1.1847816e-02
  -1.1856310e-02
  -1.1864710e-02
  -1.1873016e-02
  -1.1881228e-02
  -1.1889345e-02
  -1.1897368e-02
  -1.1905295e-02
  -1.1913128e-02
  -1.1920865e-02
  -1.1928506e-02
  -1.1936051e-02
  -1.1943500e-02
  -1.1950853e-02
  -1.1958109e-02
  -1.1965269e-02
  -1.1972331e-02
  -1.1979296e-02
  -1.1986163e-02
  -1.1992933e-02
  -1.1999605e-02
  -1.2006178e-02
  -1.2012653e-02
  -1.2019029e-02
  -1.2025307e-02
  -1.2031485e-02
  -1.2037564e-02
  -1.2043543e-02
  -1.2049423e-02
  -1.2055202e-02
  -1.2060882e-02
  -1.2066460e-02
  -1.2071939e-02
  -1.2077316e-02
  -1.2082592e-02
  -1.2087767e-02
  -1.2092841e-02
  -1.2097812e-02
  -1.2102682e-02
  -1.2107450e-02
  -1.2112115e-02
  -1.2116678e-02
  -1.2121138e-02
  -1.2125494e-02
  -1.2129748e-02
  -1.2133898e-02
  -1.2137945e-02
  -1.2141888e-02
  -1.2145727e-02
  -1.2149462e-02
  -1.2153092e-02
  -1.2156618e-02
  -1.2160038e-02
  -1.2163354e-02
  -1.2166565e-02
  -1.2169670e-02
  -1.2172670e-02
  -1.2175564e-02
  -1.2178352e-02
  -1.2181034e-02
  -1.2183609e-02
  -1.2186078e-02
  -1.2188440e-02
  -1.2190696e-02
  -1.2192844e-02
  -1.2194885e-02
  -1.2196819e-02
  -1.2198645e-02
  -1.2200363e-02
  -1.2201973e-02
  -1.2203475e-02
  -1.2204869e-02
  -1.2206154e-02
  -1.2207331e-02
  -1.2208399e-02
  -1.2209357e-02
  -1.2210207e-02
  -1.2210947e-02
  -1.2211578e-02
  -1.2212099e-02
  -1.2212511e-02
  -1.2212812e-02
  -1.2213003e-02
  -1.2213084e-02
  -1.2213055e-02
  -1.2212915e-02
  -1.2212664e-02
  -1.2212302e-02
  -1.2211829e-02
  -1.2211245e-02
  -1.2210550e-02
  -1.2209743e-02
  -1.2208824e-02
  -1.2207794e-02
  -1.2206651e-02
  -1.2205397e-02
  -1.2204031e-02
  -1.2202552e-02
  -1.2200960e-02
  -1.2199256e-02
  -1.2197440e-02
  -1.2195510e-02
  -1.2193468e-02
  -1.2191312e-02
  -1.2189043e-02
  -1.2186661e-02
  -1.2184165e-02
  -1.2181556e-02
  -1.2178833e-02
  -1.2175996e-02
  -1.2173045e-02
  -1.2169980e-02
  -1.2166801e-02
  -1.2163507e-02
  -1.2160099e-02
  -1.2156577e-02
  -1.2152940e-02
  -1.2149188e-02
  -1.2145322e-02
  -1.2141340e-02
  -1.2137244e-02
  -1.2133032e-02
  -1.2128706e-02
  -1.2124264e-02
  -1.2119706e-02
  -1.2115033e-02
  -1.2110245e-02
  -1.2105341e-02
  -1.2100321e-02
  -1.2095185e-02
  -1.2089933e-02
  -1.2084566e-02
  -1.2079082e-02
  -1.2073483e-02
  -1.2067767e-02
  -1.2061934e-02
  -1.2055986e-02
  -1.2049921e-02
  -1.2043740e-02
  -1.2037442e-02
  -1.2031027e-02
  -1.2024496e-02
  -1.2017848e-02
  -1.2011084e-02
  -1.2004202e-02
  -1.1997204e-02
  -1.1990089e-02
  -1.1982856e-02
  -1.1975507e-02
  -1.1968041e-02
  -1.1960457e-02
  -1.1952757e-02
  -1.1944939e-02
  -1.1937004e-02
  -1.1928952e-02
  -1.1920783e-02
  -1.1912496e-02
  -1.1904092e-02
  -1.1895570e-02
  -1.1886932e-02
  -1.1878175e-02
  -1.1869302e-02
  -1.1860311e-02
  -1.1851202e-02
  -1.1841976e-02
  -1.1832632e-02
  -1.1823171e-02
  -1.1813593e-02
  -1.1803897e-02
  -1.1794083e-02
  -1.1784152e-02
  -1.1774103e-02
  -1.1763937e-02
  -1.1753653e-02
  -1.1743252e-02
  -1.1732733e-02
  -1.1722097e-02
  -1.1711344e-02
  -1.1700472e-02
  -1.1689484e-02
  -1.1678378e-02
  -1.1667154e-02
  -1.1655814e-02
  -1.1644355e-02
  -1.1632780e-02
  -1.1621087e-02
  -1.1609277e-02
  -1.1597350e-02
  -1.1585305e-02
  -1.1573143e-02
  -1.1560865e-02
  -1.1548469e-02
  -1.1535956e-02
  -1.1523326e-02
  -1.1510579e-02
  -1.1497715e-02
  -1.1484734e-02
  -1.1471637e-02
  -1.1458423e-02
  -1.1445092e-02
  -1.1431644e-02
  -1.1418080e-02
  -1.1404400e-02
  -1.1390603e-02
  -1.1376690e-02
  -1.1362660e-02
  -1.1348514e-02
  -1.1334253e-02
  -1.1319875e-02
  -1.1305381e-02
  -1.1290771e-02
  -1.1276045e-02
  -1.1261204e-02
  -1.1246247e-02
  -1.1231175e-02
  -1.1215987e-02
  -1.1200684e-02
  -1.1185265e-02
  -1.1169731e-02
  -1.1154083e-02
  -1.1138319e-02
  -1.1122441e-02
  -1.1106447e-02
  -1.1090340e-02
  -1.1074117e-02
  -1.1057781e-02
  -1.1041330e-02
  -1.1024764e-02
  -1.1008085e-02
  -1.0991292e-02
  -1.0974385e-02
  -1.0957365e-02
  -1.0940231e-02
  -1.0922983e-02
  -1.0905622e-02
  -1.0888148e-02
  -1.0870562e-02
  -1.0852862e-02
  -1.0835049e-02
  -1.0817125e-02
  -1.0799087e-02
  -1.0780937e-02
  -1.0762676e-02
  -1.0744302e-02
  -1.0725817e-02
  -1.0707219e-02
  -1.0688511e-02
  -1.0669691e-02
  -1.0650760e-02
  -1.0631718e-02
  -1.0612565e-02
  -1.0593301e-02
  -1.0573927e-02
  -1.0554443e-02
  -1.0534848e-02
  -1.0515144e-02
  -1.0495329e-02
  -1.0475406e-02
  -1.0455372e-02
  -1.0435230e-02
  -1.0414979e-02
  -1.0394618e-02
  -1.0374150e-02
  -1.0353572e-02
  -1.0332887e-02
  -1.0312093e-02
  -1.0291192e-02
  -1.0270182e-02
  -1.0249066e-02
  -1.0227842e-02
  -1.0206512e-02
  -1.0185074e-02
  -1.0163530e-02
  -1.0141879e-02
  -1.0120123e-02
  -1.0098260e-02
  -1.0076292e-02
  -1.0054218e-02
  -1.0032039e-02
  -1.0009755e-02
  -9.9873666e-03
  -9.9648733e-03
  -9.9422756e-03
  -9.9195739e-03
  -9.8967683e-03
  -9.8738592e-03
  -9.8508466e-03
  -9.8277310e-03
  -9.8045125e-03
  -9.7811914e-03
  -9.7577679e-03
  -9.7342423e-03
  -9.7106149e-03
  -9.6868858e-03
  -9.6630554e-03
  -9.6391240e-03
  -9.6150917e-03
  -9.5909589e-03
  -9.5667258e-03
  -9.5423926e-03
  -9.5179598e-03
  -9.4934274e-03
  -9.4687959e-03
  -9.4440655e-03
  -9.4192364e-03
  -9.3943090e-03
  -9.3692834e-03
  -9.3441601e-03
  -9.3189393e-03
  -9.2936213e-03
  -9.2682064e-03
  -9.2426948e-03
  -9.2170868e-03
  -9.1913829e-03
  -9.1655832e-03
  -9.1396880e-03
  -9.1136977e-03
  -9.0876125e-03
  -9.0614328e-03
  -9.0351589e-03
  -9.0087911e-03
  -8.9823296e-03
  -8.9557749e-03
  -8.9291271e-03
  -8.9023867e-03
  -8.8755539e-03
  -8.8486291e-03
  -8.8216126e-03
  -8.7945047e-03
  -8.7673057e-03
  -8.7400160e-03
  -8.7126359e-03
  -8.6851657e-03
  -8.6576057e-03
  -8.6299563e-03
  -8.6022179e-03
  -8.5743907e-03
  -8.5464750e-03
  -8.5184714e-03
  -8.4903799e-03
  -8.4622011e-03
  -8.4339353e-03
  -8.4055828e-03
  -8.3771439e-03
  -8.3486191e-03
  -8.3200085e-03
  -8.2913127e-03
  -8.2625320e-03
  -8.2336667e-03
  -8.2047172e-03
  -8.1756838e-03
  -8.1465669e-03
  -8.1173668e-03
  -8.0880840e-03
  -8.0587188e-03
  -8.0292715e-03
  -7.9997426e-03
  -7.9701324e-03
  -7.9404412e-03
  -7.9106695e-03
  -7.8808175e-03
  -7.8508858e-03
  -7.8208747e-03
  -7.7907845e-03
  -7.7606156e-03
  -7.7303684e-03
  -7.7000433e-03
  -7.6696407e-03
  -7.6391610e-03
  -7.6086045e-03
  -7.5779717e-03
  -7.5472629e-03
  -7.5164785e-03
  -7.4856189e-03
  -7.4546846e-03
  -7.4236758e-03
  -7.3925931e-03
  -7.3614367e-03
  -7.3302072e-03
  -7.2989048e-03
  -7.2675301e-03
  -7.2360833e-03
  -7.2045650e-03
  -7.1729755e-03
  -7.1413152e-03
  -7.1095846e-03
  -7.0777840e-03
  -7.0459138e-03
  -7.0139745e-03
  -6.9819665e-03
  -6.9498902e-03
  -6.9177460e-03
  -6.8855343e-03
  -6.8532556e-03
  -6.8209103e-03
  -6.7884987e-03
  -6.7560213e-03
  -6.7234786e-03
  -6.6908709e-03
  -6.6581987e-03
  -6.6254624e-03
  -6.5926624e-03
  -6.5597992e-03
  -6.5268732e-03
  -6.4938847e-03
  -6.4608344e-03
  -6.4277225e-03
  -6.3945495e-03
  -6.3613159e-03
  -6.3280221e-03
  -6.2946684e-03
  -6.2612555e-03
  -6.2277836e-03
  -6.1942532e-03
  -6.1606649e-03
  -6.1270189e-03
  -6.0933158e-03
  -6.0595560e-03
  -6.0257399e-03
  -5.9918681e-03
  -5.9579408e-03
  -5.9239586e-03
  -5.8899220e-03
  -5.8558313e-03
  -5.8216870e-03
  -5.7874896e-03
  -5.7532395e-03
  -5.7189372e-03
  -5.6845831e-03
  -5.6501777e-03
  -5.6157214e-03
  -5.5812146e-03
  -5.5466579e-03
  -5.5120517e-03
  -5.4773965e-03
  -5.4426926e-03
  -5.4079406e-03
  -5.3731409e-03
  -5.3382940e-03
  -5.3034003e-03
  -5.2684603e-03
  -5.2334745e-03
  -5.1984432e-03
  -5.1633671e-03
  -5.1282465e-03
  -5.0930819e-03
  -5.0578737e-03
  -5.0226225e-03
  -4.9873287e-03
  -4.9519927e-03
  -4.9166150e-03
  -4.8811962e-03
  -4.8457365e-03
  -4.8102367e-03
  -4.7746969e-03
  -4.7391179e-03
  -4.7035000e-03
  -4.6678436e-03
  -4.6321494e-03
  -4.5964176e-03
  -4.5606489e-03
  -4.5248436e-03
  -4.4890022e-03
  -4.4531253e-03
  -4.4172133e-03
  -4.3812666e-03
  -4.3452857e-03
  -4.3092712e-03
  -4.2732234e-03
  -4.2371428e-03
  -4.2010300e-03
  -4.1648853e-03
  -4.1287093e-03
  -4.0925025e-03
  -4.0562652e-03
  -4.0199981e-03
  -3.9837015e-03
  -3.9473759e-03
  -3.9110219e-03
  -3.8746398e-03
  -3.8382302e-03
  -3.8017935e-03
  -3.7653302e-03
  -3.7288408e-03
  -3.6923257e-03
  -3.6557855e-03
  -3.6192206e-03
  -3.5826315e-03
  -3.5460187e-03
  -3.5093825e-03
  -3.4727236e-03
  -3.4360424e-03
  -3.3993394e-03
  -3.3626149e-03
  -3.3258696e-03
  -3.2891039e-03
  -3.2523183e-03
  -3.2155132e-03
  -3.1786891e-03
  -3.1418465e-03
  -3.1049859e-03
  -3.0681077e-03
  -3.0312124e-03
  -2.9943006e-03
  -2.9573726e-03
  -2.9204289e-03
  -2.8834701e-03
  -2.8464965e-03
  -2.8095088e-03
  -2.7725072e-03
  -2.7354924e-03
  -2.6984648e-03
  -2.6614248e-03
  -2.6243730e-03
  -2.5873097e-03
  -2.5502356e-03
  -2.5131510e-03
  -2.4760564e-03
  -2.4389524e-03
  -2.4018393e-03
  -2.3647176e-03
  -2.3275879e-03
  -2.2904505e-03
  -2.2533060e-03
  -2.2161548e-03
  -2.1789974e-03
  -2.1418343e-03
  -2.1046659e-03
  -2.0674927e-03
  -2.0303152e-03
  -1.9931338e-03
  -1.9559490e-03
  -1.9187612e-03
  -1.8815710e-03
  -1.8443788e-03
  -1.8071851e-03
  -1.7699903e-03
  -1.7327949e-03
  -1.6955993e-03
  -1.6584041e-03
  -1.6212096e-03
  -1.5840164e-03
  -1.5468249e-03
  -1.5096356e-03
  -1.4724488e-03
  -1.4352652e-03
  -1.3980852e-03
  -1.3609091e-03
  -1.3237375e-03
  -1.2865708e-03
  -1.2494095e-03
  -1.2122540e-03
  -1.1751048e-03
  -1.1379624e-03
  -1.1008271e-03
  -1.0636995e-03
  -1.0265800e-03
  -9.8946911e-04
  -9.5236718e-04
  -9.1527471e-04
  -8.7819215e-04
  -8.4111994e-04
  -8.0405854e-04
  -7.6700839e-04
  -7.2996994e-04
  -6.9294363e-04
  -6.5592991e-04
  -6.1892923e-04
  -5.8194203e-04
  -5.4496874e-04
  -5.0800982e-04
  -4.7106570e-04
  -4.3413682e-04
  -3.9722362e-04
  -3.6032655e-04
  -3.2344603e-04
  -2.8658251e-04
  -2.4973642e-04
  -2.1290820e-04
  -1.7609827e-04
  -1.3930708e-04
  -1.0253505e-04
  -6.5782617e-05
  -2.9050210e-05
   7.6617427e-06
   4.4352812e-05
   8.1022572e-05
   1.1767060e-04
   1.5429646e-04
   1.9089973e-04
   2.2748000e-04
   2.6403684e-04
   3.0056982e-04
   3.3707853e-04
   3.7356255e-04
   4.1002146e-04
   4.4645484e-04
   4.8286229e-04
   5.1924337e-04
   5.5559769e-04
   5.9192482e-04
   6.2822435e-04
   6.6449589e-04
   7.0073900e-04
   7.3695330e-04
   7.7313836e-04
   8.0929379e-04
   8.4541919e-04
   8.8151413e-04
   9.1757824e-04
   9.5361109e-04
   9.8961230e-04
   1.0255815e-03
   1.0615182e-03
   1.0974221e-03
   1.1332927e-03
   1.1691297e-03
   1.2049327e-03
   1.2407013e-03
   1.2764351e-03
   1.3121337e-03
   1.3477967e-03
   1.3834237e-03
   1.4190144e-03
   1.4545684e-03
   1.4900852e-03
   1.5255645e-03
   1.5610060e-03
   1.5964092e-03
   1.6317738e-03
   1.6670993e-03
   1.7023855e-03
   1.7376319e-03
   1.7728382e-03
   1.8080039e-03
   1.8431288e-03
   1.8782125e-03
   1.9132545e-03
   1.9482546e-03
   1.9832123e-03
   2.0181274e-03
   2.0529994e-03
   2.0878279e-03
   2.1226127e-03
   2.1573533e-03
   2.1920495e-03
   2.2267008e-03
   2.2613069e-03
   2.2958674e-03
   2.3303821e-03
   2.3648505e-03
   2.3992723e-03
   2.4336471e-03
   2.4679747e-03
   2.5022546e-03
   2.5364866e-03
   2.5706703e-03
   2.6048053e-03
   2.6388913e-03
   2.6729280e-03
   2.7069150e-03
   2.7408521e-03
   2.7747388e-03
   2.8085749e-03
   2.8423600e-03
   2.8760938e-03
   2.9097759e-03
   2.9434061e-03
   2.9769841e-03
   3.0105094e-03
   3.0439818e-03
   3.0774010e-03
   3.1107667e-03
   3.1440785e-03
   3.1773360e-03
   3.2105392e-03
   3.2436875e-03
   3.2767807e-03
   3.3098185e-03
   3.3428005e-03
   3.3757266e-03
   3.4085963e-03
   3.4414094e-03
   3.4741656e-03
   3.5068645e-03
   3.5395060e-03
   3.5720896e-03
   3.6046151e-03
   3.6370822e-03
   3.6694907e-03
   3.7018401e-03
   3.7341303e-03
   3.7663610e-03
   3.7985318e-03
   3.8306425e-03
   3.8626929e-03
   3.8946825e-03
   3.9266112e-03
   3.9584787e-03
   3.9902847e-03
   4.0220289e-03
   4.0537111e-03
   4.0853310e-03
   4.1168883e-03
   4.1483828e-03
   4.1798141e-03
   4.2111821e-03
   4.2424865e-03
   4.2737270e-03
   4.3049033e-03
   4.3360153e-03
   4.3670625e-03
   4.3980449e-03
   4.4289621e-03
   4.4598140e-03
   4.4906001e-03
   4.5213204e-03
   4.5519745e-03
   4.5825622e-03
   4.6130833e-03
   4.6435375e-03
   4.6739246e-03
   4.7042444e-03
   4.7344966e-03
   4.7646809e-03
   4.7947973e-03
   4.8248453e-03
   4.8548249e-03
   4.8847357e-03
   4.9145776e-03
   4.9443502e-03
   4.9740535e-03
   5.0036872e-03
   5.0332510e-03
   5.0627448e-03
   5.0921683e-03
   5.1215213e-03
   5.1508036e-03
   5.1800150e-03
   5.2091553e-03
   5.2382243e-03
   5.2672218e-03
   5.2961475e-03
   5.3250013e-03
   5.3537829e-03
   5.3824922e-03
   5.4111290e-03
   5.4396931e-03
   5.4681842e-03
   5.4966022e-03
   5.5249469e-03
   5.5532181e-03
   5.5814157e-03
   5.6095394e-03
   5.6375890e-03
   5.6655644e-03
   5.6934653e-03
   5.7212917e-03
   5.7490433e-03
   5.7767200e-03
   5.8043215e-03
   5.8318478e-03
   5.8592985e-03
   5.8866737e-03
   5.9139730e-03
   5.9411963e-03
   5.9683436e-03
   5.9954145e-03
   6.0224089e-03
   6.0493267e-03
   6.0761678e-03
   6.1029319e-03
   6.1296189e-03
   6.1562286e-03
   6.1827610e-03
   6.2092158e-03
   6.2355929e-03
   6.2618921e-03
   6.2881134e-03
   6.3142565e-03
   6.3403213e-03
   6.3663078e-03
   6.3922156e-03
   6.4180447e-03
   6.4437950e-03
   6.4694664e-03
   6.4950586e-03
   6.5205716e-03
   6.5460052e-03
   6.5713593e-03
   6.5966338e-03
   6.6218285e-03
   6.6469433e-03
   6.6719782e-03
   6.6969329e-03
   6.7218074e-03
   6.7466015e-03
   6.7713151e-03
   6.7959482e-03
   6.8205005e-03
   6.8449721e-03
   6.8693626e-03
   6.8936722e-03
   6.9179006e-03
   6.9420478e-03
   6.9661135e-03
   6.9900979e-03
   7.0140006e-03
   7.0378217e-03
   7.0615611e-03
   7.0852185e-03
   7.1087941e-03
   7.1322875e-03
   7.1556988e-03
   7.1790279e-03
   7.2022747e-03
   7.2254390e-03
   7.2485208e-03
   7.2715201e-03
   7.2944366e-03
   7.3172704e-03
   7.3400214e-03
   7.3626894e-03
   7.3852745e-03
   7.4077764e-03
   7.4301952e-03
   7.4525308e-03
   7.4747831e-03
   7.4969520e-03
   7.5190374e-03
   7.5410394e-03
   7.5629577e-03
   7.5847924e-03
   7.6065434e-03
   7.6282106e-03
   7.6497940e-03
   7.6712934e-03
   7.6927089e-03
   7.7140404e-03
   7.7352878e-03
   7.7564510e-03
   7.7775301e-03
   7.7985249e-03
   7.8194354e-03
   7.8402616e-03
   7.8610034e-03
   7.8816607e-03
   7.9022335e-03
   7.9227218e-03
   7.9431255e-03
   7.9634446e-03
   7.9836790e-03
   8.0038288e-03
   8.0238937e-03
   8.0438739e-03
   8.0637692e-03
   8.0835797e-03
   8.1033053e-03
   8.1229460e-03
   8.1425017e-03
   8.1619724e-03
   8.1813581e-03
   8.2006587e-03
   8.2198743e-03
   8.2390048e-03
   8.2580501e-03
   8.2770103e-03
   8.2958853e-03
   8.3146751e-03
   8.3333797e-03
   8.3519990e-03
   8.3705331e-03
   8.3889819e-03
   8.4073454e-03
   8.4256237e-03
   8.4438166e-03
   8.4619242e-03
   8.4799464e-03
   8.4978833e-03
   8.5157348e-03
   8.5335010e-03
   8.5511817e-03
   8.5687771e-03
   8.5862871e-03
   8.6037117e-03
   8.6210509e-03
   8.6383048e-03
   8.6554732e-03
   8.6725562e-03
   8.6895538e-03
   8.7064660e-03
   8.7232928e-03
   8.7400343e-03
   8.7566903e-03
   8.7732610e-03
   8.7897463e-03
   8.8061462e-03
   8.8224608e-03
   8.8386901e-03
   8.8548340e-03
   8.8708925e-03
   8.8868658e-03
   8.9027538e-03
   8.9185565e-03
   8.9342739e-03
   8.9499061e-03
   8.9654530e-03
   8.9809148e-03
   8.9962913e-03
   9.0115827e-03
   9.0267889e-03
   9.0419099e-03
   9.0569459e-03
   9.0718968e-03
   9.0867626e-03
   9.1015433e-03
   9.1162391e-03
   9.1308499e-03
   9.1453757e-03
   9.1598166e-03
   9.1741725e-03
   9.1884437e-03
   9.2026299e-03
   9.2167314e-03
   9.2307481e-03
   9.2446800e-03
   9.2585272e-03
   9.2722898e-03
   9.2859677e-03
   9.2995610e-03
   9.3130698e-03
   9.3264940e-03
   9.3398337e-03
   9.3530890e-03
   9.3662598e-03
   9.3793463e-03
   9.3923485e-03
   9.4052663e-03
   9.4181000e-03
   9.4308494e-03
   9.4435146e-03
   9.4560958e-03
   9.4685928e-03
   9.4810059e-03
   9.4933349e-03
   9.5055801e-03
   9.5177413e-03
   9.5298187e-03
   9.5418123e-03
   9.5537222e-03
   9.5655484e-03
   9.5772910e-03
   9.5889499e-03
   9.6005254e-03
   9.6120173e-03
   9.6234259e-03
   9.6347510e-03
   9.6459928e-03
   9.6571514e-03
   9.6682268e-03
   9.6792190e-03
   9.6901281e-03
   9.7009541e-03
   9.7116972e-03
   9.7223573e-03
   9.7329346e-03
   9.7434290e-03
   9.7538407e-03
   9.7641697e-03
   9.7744161e-03
   9.7845799e-03
   9.7946612e-03
   9.8046600e-03
   9.8145765e-03
   9.8244106e-03
   9.8341625e-03
   9.8438321e-03
   9.8534197e-03
   9.8629251e-03
   9.8723486e-03
   9.8816901e-03
   9.8909497e-03
   9.9001275e-03
   9.9092236e-03
   9.9182379e-03
   9.9271707e-03
   9.9360219e-03
   9.9447917e-03
   9.9534800e-03
   9.9620870e-03
   9.9706127e-03
   9.9790572e-03
   9.9874206e-03
   9.9957029e-03
   1.0003904e-02
   1.0012025e-02
   1.0020064e-02
   1.0028023e-02
   1.0035901e-02
   1.0043698e-02
   1.0051415e-02
   1.0059051e-02
   1.0066607e-02
   1.0074083e-02
   1.0081478e-02
   1.0088793e-02
   1.0096028e-02
   1.0103183e-02
   1.0110257e-02
   1.0117252e-02
   1.0124167e-02
   1.0131002e-02
   1.0137758e-02
   1.0144434e-02
   1.0151030e-02
   1.0157547e-02
   1.0163985e-02
   1.0170343e-02
   1.0176622e-02
   1.0182822e-02
   1.0188942e-02
   1.0194984e-02
   1.0200947e-02
   1.0206830e-02
   1.0212635e-02
   1.0218362e-02
   1.0224009e-02
   1.0229578e-02
   1.0235069e-02
   1.0240481e-02
   1.0245815e-02
   1.0251071e-02
   1.0256248e-02
   1.0261347e-02
   1.0266368e-02
   1.0271312e-02
   1.0276177e-02
   1.0280965e-02
   1.0285675e-02
   1.0290307e-02
   1.0294862e-02
   1.0299339e-02
   1.0303739e-02
   1.0308061e-02
   1.0312306e-02
   1.0316474e-02
   1.0320565e-02
   1.0324579e-02
   1.0328516e-02
   1.0332376e-02
   1.0336159e-02
   1.0339866e-02
   1.0343496e-02
   1.0347049e-02
   1.0350526e-02
   1.0353927e-02
   1.0357251e-02
   1.0360499e-02
   1.0363670e-02
   1.0366766e-02
   1.0369786e-02
   1.0372729e-02
   1.0375597e-02
   1.0378389e-02
   1.0381106e-02
   1.0383746e-02
   1.0386311e-02
   1.0388801e-02
   1.0391215e-02
   1.0393554e-02
   1.0395818e-02
   1.0398007e-02
   1.0400120e-02
   1.0402158e-02
   1.0404122e-02
   1.0406011e-02
   1.0407824e-02
   1.0409564e-02
   1.0411228e-02
   1.0412818e-02
   1.0414333e-02
   1.0415774e-02
   1.0417141e-02
   1.0418433e-02
   1.0419652e-02
   1.0420796e-02
   1.0421866e-02
   1.0422862e-02
   1.0423784e-02
   1.0424633e-02
   1.0425407e-02
   1.0426108e-02
   1.0426736e-02
   1.0427290e-02
   1.0427770e-02
   1.0428177e-02
   1.0428511e-02
   1.0428772e-02
   1.0428959e-02
   1.0429074e-02
   1.0429115e-02
   1.0429083e-02
   1.0428979e-02
   1.0428802e-02
   1.0428552e-02
   1.0428229e-02
   1.0427834e-02
   1.0427366e-02
   1.0426826e-02
   1.0426214e-02
   1.0425529e-02
   1.0424772e-02
   1.0423943e-02
   1.0423042e-02
   1.0422068e-02
   1.0421023e-02
   1.0419906e-02
   1.0418717e-02
   1.0417457e-02
   1.0416124e-02
   1.0414720e-02
   1.0413245e-02
   1.0411698e-02
   1.0410080e-02
   1.0408390e-02
   1.0406629e-02
   1.0404797e-02
   1.0402894e-02
   1.0400920e-02
   1.0398875e-02
   1.0396758e-02
   1.0394571e-02
   1.0392313e-02
   1.0389985e-02
   1.0387586e-02
   1.0385116e-02
   1.0382575e-02
   1.0379964e-02
   1.0377283e-02
   1.0374531e-02
   1.0371709e-02
   1.0368817e-02
   1.0365855e-02
   1.0362822e-02
   1.0359720e-02
   1.0356547e-02
   1.0353305e-02
   1.0349993e-02
   1.0346611e-02
   1.0343159e-02
   1.0339638e-02
   1.0336047e-02
   1.0332386e-02
   1.0328656e-02
   1.0324856e-02
   1.0320988e-02
   1.0317049e-02
   1.0313042e-02
   1.0308965e-02
   1.0304820e-02
   1.0300605e-02
   1.0296321e-02
   1.0291968e-02
   1.0287546e-02
   1.0283056e-02
   1.0278496e-02
   1.0273868e-02
   1.0269171e-02
   1.0264406e-02
   1.0259572e-02
   1.0254669e-02
   1.0249698e-02
   1.0244659e-02
   1.0239551e-02
   1.0234375e-02
   1.0229131e-02
   1.0223819e-02
   1.0218438e-02
   1.0212989e-02
   1.0207473e-02
   1.0201888e-02
   1.0196235e-02
   1.0190515e-02
   1.0184727e-02
   1.0178870e-02
   1.0172947e-02
   1.0166955e-02
   1.0160896e-02
   1.0154770e-02
   1.0148575e-02
   1.0142314e-02
   1.0135985e-02
   1.0129588e-02
   1.0123125e-02
   1.0116594e-02
   1.0109996e-02
   1.0103330e-02
   1.0096598e-02
   1.0089798e-02
   1.0082932e-02
   1.0075998e-02
   1.0068998e-02
   1.0061930e-02
   1.0054796e-02
   1.0047595e-02
   1.0040327e-02
   1.0032993e-02
   1.0025592e-02
   1.0018124e-02
   1.0010590e-02
   1.0002989e-02
   9.9953220e-03
   9.9875884e-03
   9.9797884e-03
   9.9719220e-03
   9.9639894e-03
   9.9559905e-03
   9.9479254e-03
   9.9397942e-03
   9.9315968e-03
   9.9233334e-03
   9.9150039e-03
   9.9066085e-03
   9.8981471e-03
   9.8896198e-03
   9.8810267e-03
   9.8723677e-03
   9.8636430e-03
   9.8548525e-03
   9.8459964e-03
   9.8370745e-03
   9.8280871e-03
   9.8190341e-03
   9.8099156e-03
   9.8007316e-03
   9.7914822e-03
   9.7821674e-03
   9.7727871e-03
   9.7633416e-03
   9.7538308e-03
   9.7442547e-03
   9.7346135e-03
   9.7249070e-03
   9.7151355e-03
   9.7052988e-03
   9.6953971e-03
   9.6854304e-03
   9.6753988e-03
   9.6653022e-03
   9.6551407e-03
   9.6449143e-03
   9.6346232e-03
   9.6242672e-03
   9.6138466e-03
   9.6033612e-03
   9.5928112e-03
   9.5821965e-03
   9.5715172e-03
   9.5607734e-03
   9.5499651e-03
   9.5390924e-03
   9.5281551e-03
   9.5171535e-03
   9.5060875e-03
   9.4949572e-03
   9.4837626e-03
   9.4725038e-03
   9.4611807e-03
   9.4497935e-03
   9.4383421e-03
   9.4268267e-03
   9.4152471e-03
   9.4036036e-03
   9.3918960e-03
   9.3801245e-03
   9.3682891e-03
   9.3563898e-03
   9.3444266e-03
   9.3323996e-03
   9.3203089e-03
   9.3081545e-03
   9.2959363e-03
   9.2836545e-03
   9.2713090e-03
   9.2589000e-03
   9.2464274e-03
   9.2338913e-03
   9.2212917e-03
   9.2086287e-03
   9.1959023e-03
   9.1831125e-03
   9.1702594e-03
   9.1573430e-03
   9.1443634e-03
   9.1313205e-03
   9.1182145e-03
   9.1050453e-03
   9.0918130e-03
   9.0785176e-03
   9.0651592e-03
   9.0517378e-03
   9.0382535e-03
   9.0247062e-03
   9.0110960e-03
   8.9974230e-03
   8.9836873e-03
   8.9698887e-03
   8.9560274e-03
   8.9421034e-03
   8.9281168e-03
   8.9140676e-03
   8.8999557e-03
   8.8857814e-03
   8.8715445e-03
   8.8572452e-03
   8.8428835e-03
   8.8284594e-03
   8.8139730e-03
   8.7994242e-03
   8.7848132e-03
   8.7701400e-03
   8.7554046e-03
   8.7406071e-03
   8.7257474e-03
   8.7108257e-03
   8.6958420e-03
   8.6807964e-03
   8.6656887e-03
   8.6505192e-03
   8.6352879e-03
   8.6199947e-03
   8.6046398e-03
   8.5892231e-03
   8.5737448e-03
   8.5582048e-03
   8.5426033e-03
   8.5269402e-03
   8.5112155e-03
   8.4954295e-03
   8.4795820e-03
   8.4636731e-03
   8.4477029e-03
   8.4316714e-03
   8.4155787e-03
   8.3994247e-03
   8.3832097e-03
   8.3669335e-03
   8.3505963e-03
   8.3341980e-03
   8.3177388e-03
   8.3012187e-03
   8.2846378e-03
   8.2679960e-03
   8.2512934e-03
   8.2345301e-03
   8.2177062e-03
   8.2008216e-03
   8.1838765e-03
   8.1668708e-03
   8.1498047e-03
   8.1326781e-03
   8.1154912e-03
   8.0982439e-03
   8.0809364e-03
   8.0635687e-03
   8.0461408e-03
   8.0286528e-03
   8.0111047e-03
   7.9934967e-03
   7.9758287e-03
   7.9581008e-03
   7.9403131e-03
   7.9224656e-03
   7.9045584e-03
   7.8865915e-03
   7.8685650e-03
   7.8504789e-03
   7.8323333e-03
   7.8141283e-03
   7.7958640e-03
   7.7775403e-03
   7.7591573e-03
   7.7407152e-03
   7.7222139e-03
   7.7036535e-03
   7.6850341e-03
   7.6663558e-03
   7.6476185e-03
   7.6288225e-03
   7.6099676e-03
   7.5910541e-03
   7.5720819e-03
   7.5530512e-03
   7.5339619e-03
   7.5148142e-03
   7.4956081e-03
   7.4763437e-03
   7.4570211e-03
   7.4376403e-03
   7.4182014e-03
   7.3987045e-03
   7.3791496e-03
   7.3595368e-03
   7.3398662e-03
   7.3201378e-03
   7.3003518e-03
   7.2805081e-03
   7.2606069e-03
   7.2406483e-03
   7.2206323e-03
   7.2005589e-03
   7.1804284e-03
   7.1602406e-03
   7.1399958e-03
   7.1196940e-03
   7.0993352e-03
   7.0789197e-03
   7.0584473e-03
   7.0379182e-03
   7.0173326e-03
   6.9966904e-03
   6.9759918e-03
   6.9552368e-03
   6.9344255e-03
   6.9135581e-03
   6.8926345e-03
   6.8716549e-03
   6.8506194e-03
   6.8295280e-03
   6.8083808e-03
   6.7871780e-03
   6.7659196e-03
   6.7446056e-03
   6.7232363e-03
   6.7018117e-03
   6.6803318e-03
   6.6587968e-03
   6.6372067e-03
   6.6155617e-03
   6.5938618e-03
   6.5721072e-03
   6.5502979e-03
   6.5284340e-03
   6.5065157e-03
   6.4845430e-03
   6.4625160e-03
   6.4404348e-03
   6.4182996e-03
   6.3961104e-03
   6.3738673e-03
   6.3515704e-03
   6.3292199e-03
   6.3068158e-03
   6.2843582e-03
   6.2618473e-03
   6.2392831e-03
   6.2166658e-03
   6.1939955e-03
   6.1712722e-03
   6.1484961e-03
   6.1256673e-03
   6.1027859e-03
   6.0798520e-03
   6.0568657e-03
   6.0338272e-03
   6.0107366e-03
   5.9875939e-03
   5.9643992e-03
   5.9411528e-03
   5.9178547e-03
   5.8945051e-03
   5.8711040e-03
   5.8476515e-03
   5.8241479e-03
   5.8005932e-03
   5.7769875e-03
   5.7533309e-03
   5.7296237e-03
   5.7058659e-03
   5.6820576e-03
   5.6581989e-03
   5.6342901e-03
   5.6103311e-03
   5.5863223e-03
   5.5622635e-03
   5.5381551e-03
   5.5139972e-03
   5.4897898e-03
   5.4655331e-03
   5.4412272e-03
   5.4168723e-03
   5.3924685e-03
   5.3680160e-03
   5.3435148e-03
   5.3189652e-03
   5.2943672e-03
   5.2697210e-03
   5.2450267e-03
   5.2202846e-03
   5.1954946e-03
   5.1706571e-03
   5.1457720e-03
   5.1208396e-03
   5.0958600e-03
   5.0708334e-03
   5.0457598e-03
   5.0206396e-03
   4.9954727e-03
   4.9702593e-03
   4.9449997e-03
   4.9196939e-03
   4.8943421e-03
   4.8689445e-03
   4.8435012e-03
   4.8180124e-03
   4.7924783e-03
   4.7668989e-03
   4.7412744e-03
   4.7156051e-03
   4.6898910e-03
   4.6641324e-03
   4.6383294e-03
   4.6124821e-03
   4.5865908e-03
   4.5606555e-03
   4.5346765e-03
   4.5086539e-03
   4.4825880e-03
   4.4564787e-03
   4.4303265e-03
   4.4041313e-03
   4.3778934e-03
   4.3516129e-03
   4.3252901e-03
   4.2989250e-03
   4.2725179e-03
   4.2460690e-03
   4.2195784e-03
   4.1930464e-03
   4.1664729e-03
   4.1398584e-03
   4.1132029e-03
   4.0865067e-03
   4.0597698e-03
   4.0329926e-03
   4.0061751e-03
   3.9793176e-03
   3.9524203e-03
   3.9254833e-03
   3.8985068e-03
   3.8714911e-03
   3.8444363e-03
   3.8173425e-03
   3.7902101e-03
   3.7630392e-03
   3.7358299e-03
   3.7085826e-03
   3.6812973e-03
   3.6539743e-03
   3.6266137e-03
   3.5992159e-03
   3.5717809e-03
   3.5443090e-03
   3.5168004e-03
   3.4892552e-03
   3.4616737e-03
   3.4340561e-03
   3.4064026e-03
   3.3787135e-03
   3.3509888e-03
   3.3232288e-03
   3.2954338e-03
   3.2676039e-03
   3.2397393e-03
   3.2118403e-03
   3.1839071e-03
   3.1559399e-03
   3.1279389e-03
   3.0999043e-03
   3.0718363e-03
   3.0437352e-03
   3.0156012e-03
   2.9874344e-03
   2.9592352e-03
   2.9310037e-03
   2.9027401e-03
   2.8744448e-03
   2.8461178e-03
   2.8177595e-03
   2.7893700e-03
   2.7609496e-03
   2.7324985e-03
   2.7040170e-03
   2.6755052e-03
   2.6469635e-03
   2.6183919e-03
   2.5897908e-03
   2.5611605e-03
   2.5325010e-03
   2.5038127e-03
   2.4750958e-03
   2.4463506e-03
   2.4175772e-03
   2.3887760e-03
   2.3599471e-03
   2.3310908e-03
   2.3022073e-03
   2.2732969e-03
   2.2443598e-03
   2.2153963e-03
   2.1864066e-03
   2.1573909e-03
   2.1283496e-03
   2.0992828e-03
   2.0701908e-03
   2.0410738e-03
   2.0119321e-03
   1.9827660e-03
   1.9535757e-03
   1.9243614e-03
   1.8951234e-03
   1.8658620e-03
   1.8365774e-03
   1.8072698e-03
   1.7779396e-03
   1.7485869e-03
   1.7192121e-03
   1.6898154e-03
   1.6603970e-03
   1.6309573e-03
   1.6014964e-03
   1.5720146e-03
   1.5425123e-03
   1.5129896e-03
   1.4834469e-03
   1.4538844e-03
   1.4243023e-03
   1.3947009e-03
   1.3650805e-03
   1.3354414e-03
   1.3057839e-03
   1.2761081e-03
   1.2464144e-03
   1.2167031e-03
   1.1869744e-03
   1.1572285e-03
   1.1274658e-03
   1.0976866e-03
   1.0678911e-03
   1.0380795e-03
   1.0082523e-03
   9.7840952e-04
   9.4855161e-04
   9.1867879e-04
   8.8879136e-04
   8.5888958e-04
   8.2897374e-04
   7.9904412e-04
   7.6910101e-04
   7.3914468e-04
   7.0917542e-04
   6.7919351e-04
   6.4919925e-04
   6.1919290e-04
   5.8917477e-04
   5.5914514e-04
   5.2910429e-04
   4.9905251e-04
   4.6899010e-04
   4.3891734e-04
   4.0883452e-04
   3.7874194e-04
   3.4863988e-04
   3.1852864e-04
   2.8840850e-04
   2.5827977e-04
   2.2814274e-04
   1.9799770e-04
   1.6784495e-04
   1.3768478e-04
   1.0751749e-04
   7.7343371e-05
   4.7162729e-05
   1.6975860e-05
  -1.3216939e-05
  -4.3415368e-05
  -7.3619127e-05
  -1.0382792e-04
  -1.3404143e-04
  -1.6425938e-04
  -1.9448145e-04
  -2.2470734e-04
  -2.5493676e-04
  -2.8516938e-04
  -3.1540493e-04
  -3.4564307e-04
  -3.7588352e-04
  -4.0612597e-04
  -4.3637011e-04
  -4.6661563e-04
  -4.9686222e-04
  -5.2710959e-04
  -5.5735741e-04
  -5.8760539e-04
  -6.1785321e-04
  -6.4810057e-04
  -6.7834714e-04
  -7.0859263e-04
  -7.3883673e-04
  -7.6907911e-04
  -7.9931947e-04
  -8.2955751e-04
  -8.5979289e-04
  -8.9002532e-04
  -9.2025447e-04
  -9.5048004e-04
  -9.8070171e-04
  -1.0109192e-03
  -1.0411321e-03
  -1.0713402e-03
  -1.1015431e-03
  -1.1317406e-03
  -1.1619322e-03
  -1.1921178e-03
  -1.2222969e-03
  -1.2524693e-03
  -1.2826346e-03
  -1.3127925e-03
  -1.3429427e-03
  -1.3730850e-03
  -1.4032189e-03
  -1.4333441e-03
  -1.4634604e-03
  -1.4935673e-03
  -1.5236647e-03
  -1.5537521e-03
  -1.5838292e-03
  -1.6138958e-03
  -1.6439515e-03
  -1.6739960e-03
  -1.7040289e-03
  -1.7340500e-03
  -1.7640589e-03
  -1.7940552e-03
  -1.8240388e-03
  -1.8540092e-03
  -1.8839661e-03
  -1.9139092e-03
  -1.9438382e-03
  -1.9737528e-03
  -2.0036525e-03
  -2.0335372e-03
  -2.0634065e-03
  -2.0932600e-03
  -2.1230975e-03
  -2.1529186e-03
  -2.1827229e-03
  -2.2125102e-03
  -2.2422802e-03
  -2.2720324e-03
  -2.3017667e-03
  -2.3314826e-03
  -2.3611798e-03
  -2.3908581e-03
  -2.4205170e-03
  -2.4501563e-03
  -2.4797756e-03
  -2.5093747e-03
  -2.5389531e-03
  -2.5685105e-03
  -2.5980467e-03
  -2.6275613e-03
  -2.6570540e-03
  -2.6865244e-03
  -2.7159723e-03
  -2.7453972e-03
  -2.7747989e-03
  -2.8041771e-03
  -2.8335314e-03
  -2.8628615e-03
  -2.8921671e-03
  -2.9214478e-03
  -2.9507033e-03
  -2.9799333e-03
  -3.0091375e-03
  -3.0383155e-03
  -3.0674670e-03
  -3.0965918e-03
  -3.1256894e-03
  -3.1547595e-03
  -3.1838018e-03
  -3.2128161e-03
  -3.2418019e-03
  -3.2707589e-03
  -3.2996869e-03
  -3.3285854e-03
  -3.3574542e-03
  -3.3862930e-03
  -3.4151014e-03
  -3.4438790e-03
  -3.4726257e-03
  -3.5013410e-03
  -3.5300246e-03
  -3.5586762e-03
  -3.5872955e-03
  -3.6158821e-03
  -3.6444358e-03
  -3.6729561e-03
  -3.7014429e-03
  -3.7298957e-03
  -3.7583143e-03
  -3.7866983e-03
  -3.8150474e-03
  -3.8433613e-03
  -3.8716396e-03
  -3.8998821e-03
  -3.9280884e-03
  -3.9562582e-03
  -3.9843911e-03
  -4.0124870e-03
  -4.0405453e-03
  -4.0685659e-03
  -4.0965484e-03
  -4.1244925e-03
  -4.1523979e-03
  -4.1802642e-03
  -4.2080911e-03
  -4.2358784e-03
  -4.2636256e-03
  -4.2913326e-03
  -4.3189989e-03
  -4.3466243e-03
  -4.3742084e-03
  -4.4017510e-03
  -4.4292516e-03
  -4.4567101e-03
  -4.4841260e-03
  -4.5114992e-03
  -4.5388292e-03
  -4.5661157e-03
  -4.5933585e-03
  -4.6205572e-03
  -4.6477115e-03
  -4.6748212e-03
  -4.7018858e-03
  -4.7289052e-03
  -4.7558789e-03
  -4.7828067e-03
  -4.8096882e-03
  -4.8365233e-03
  -4.8633114e-03
  -4.8900525e-03
  -4.9167460e-03
  -4.9433919e-03
  -4.9699896e-03
  -4.9965390e-03
  -5.0230397e-03
  -5.0494915e-03
  -5.0758939e-03
  -5.1022468e-03
  -5.1285498e-03
  -5.1548027e-03
  -5.1810050e-03
  -5.2071566e-03
  -5.2332571e-03
  -5.2593063e-03
  -5.2853038e-03
  -5.3112493e-03
  -5.3371425e-03
  -5.3629832e-03
  -5.3887711e-03
  -5.4145058e-03
  -5.4401870e-03
  -5.4658146e-03
  -5.4913881e-03
  -5.5169073e-03
  -5.5423719e-03
  -5.5677816e-03
  -5.5931362e-03
  -5.6184353e-03
  -5.6436786e-03
  -5.6688658e-03
  -5.6939968e-03
  -5.7190711e-03
  -5.7440885e-03
  -5.7690488e-03
  -5.7939516e-03
  -5.8187966e-03
  -5.8435836e-03
  -5.8683123e-03
  -5.8929824e-03
  -5.9175936e-03
  -5.9421457e-03
  -5.9666384e-03
  -5.9910713e-03
  -6.0154443e-03
  -6.0397570e-03
  -6.0640092e-03
  -6.0882006e-03
  -6.1123310e-03
  -6.1363999e-03
  -6.1604073e-03
  -6.1843528e-03
  -6.2082361e-03
  -6.2320570e-03
  -6.2558152e-03
  -6.2795104e-03
  -6.3031425e-03
  -6.3267110e-03
  -6.3502158e-03
  -6.3736565e-03
  -6.3970330e-03
  -6.4203449e-03
  -6.4435921e-03
  -6.4667742e-03
  -6.4898909e-03
  -6.5129421e-03
  -6.5359275e-03
  -6.5588467e-03
  -6.5816996e-03
  -6.6044860e-03
  -6.6272054e-03
  -6.6498578e-03
  -6.6724428e-03
  -6.6949602e-03
  -6.7174098e-03
  -6.7397912e-03
  -6.7621044e-03
  -6.7843489e-03
  -6.8065245e-03
  -6.8286311e-03
  -6.8506684e-03
  -6.8726361e-03
  -6.8945340e-03
  -6.9163619e-03
  -6.9381194e-03
  -6.9598065e-03
  -6.9814227e-03
  -7.0029680e-03
  -7.0244420e-03
  -7.0458446e-03
  -7.0671755e-03
  -7.0884344e-03
  -7.1096212e-03
  -7.1307356e-03
  -7.1517774e-03
  -7.1727463e-03
  -7.1936422e-03
  -7.2144647e-03
  -7.2352138e-03
  -7.2558891e-03
  -7.2764904e-03
  -7.2970175e-03
  -7.3174702e-03
  -7.3378483e-03
  -7.3581516e-03
  -7.3783798e-03
  -7.3985327e-03
  -7.4186102e-03
  -7.4386119e-03
  -7.4585377e-03
  -7.4783874e-03
  -7.4981608e-03
  -7.5178576e-03
  -7.5374777e-03
  -7.5570208e-03
  -7.5764868e-03
  -7.5958754e-03
  -7.6151865e-03
  -7.6344197e-03
  -7.6535750e-03
  -7.6726522e-03
  -7.6916510e-03
  -7.7105712e-03
  -7.7294127e-03
  -7.7481752e-03
  -7.7668586e-03
  -7.7854626e-03
  -7.8039871e-03
  -7.8224319e-03
  -7.8407968e-03
  -7.8590816e-03
  -7.8772862e-03
  -7.8954103e-03
  -7.9134537e-03
  -7.9314163e-03
  -7.9492980e-03
  -7.9670984e-03
  -7.9848175e-03
  -8.0024550e-03
  -8.0200108e-03
  -8.0374848e-03
  -8.0548766e-03
  -8.0721863e-03
  -8.0894135e-03
  -8.1065582e-03
  -8.1236201e-03
  -8.1405991e-03
  -8.1574950e-03
  -8.1743077e-03
  -8.1910370e-03
  -8.2076827e-03
  -8.2242447e-03
  -8.2407228e-03
  -8.2571169e-03
  -8.2734268e-03
  -8.2896523e-03
  -8.3057933e-03
  -8.3218497e-03
  -8.3378212e-03
  -8.3537078e-03
  -8.3695093e-03
  -8.3852255e-03
  -8.4008563e-03
  -8.4164015e-03
  -8.4318611e-03
  -8.4472348e-03
  -8.4625226e-03
  -8.4777242e-03
  -8.4928396e-03
  -8.5078686e-03
  -8.5228110e-03
  -8.5376668e-03
  -8.5524358e-03
  -8.5671179e-03
  -8.5817129e-03
  -8.5962207e-03
  -8.6106412e-03
  -8.6249743e-03
  -8.6392198e-03
  -8.6533776e-03
  -8.6674476e-03
  -8.6814296e-03
  -8.6953236e-03
  -8.7091295e-03
  -8.7228470e-03
  -8.7364762e-03
  -8.7500168e-03
  -8.7634688e-03
  -8.7768320e-03
  -8.7901064e-03
  -8.8032918e-03
  -8.8163882e-03
  -8.8293954e-03
  -8.8423133e-03
  -8.8551418e-03
  -8.8678808e-03
  -8.8805302e-03
  -8.8930899e-03
  -8.9055599e-03
  -8.9179400e-03
  -8.9302301e-03
  -8.9424301e-03
  -8.9545399e-03
  -8.9665595e-03
  -8.9784888e-03
  -8.9903276e-03
  -9.0020759e-03
  -9.0137335e-03
  -9.0253005e-03
  -9.0367767e-03
  -9.0481620e-03
  -9.0594564e-03
  -9.0706598e-03
  -9.0817721e-03
  -9.0927932e-03
  -9.1037231e-03
  -9.1145616e-03
  -9.1253088e-03
  -9.1359645e-03
  -9.1465286e-03
  -9.1570012e-03
  -9.1673820e-03
  -9.1776712e-03
  -9.1878685e-03
  -9.1979740e-03
  -9.2079875e-03
  -9.2179091e-03
  -9.2277386e-03
  -9.2374760e-03
  -9.2471213e-03
  -9.2566743e-03
  -9.2661351e-03
  -9.2755036e-03
  -9.2847797e-03
  -9.2939634e-03
  -9.3030546e-03
  -9.3120533e-03
  -9.3209595e-03
  -9.3297730e-03
  -9.3384939e-03
  -9.3471222e-03
  -9.3556577e-03
  -9.3641004e-03
  -9.3724504e-03
  -9.3807075e-03
  -9.3888717e-03
  -9.3969431e-03
  -9.4049215e-03
  -9.4128069e-03
  -9.4205994e-03
  -9.4282988e-03
  -9.4359052e-03
  -9.4434185e-03
  -9.4508387e-03
  -9.4581658e-03
  -9.4653997e-03
  -9.4725405e-03
  -9.4795881e-03
  -9.4865425e-03
  -9.4934038e-03
  -9.5001717e-03
  -9.5068465e-03
  -9.5134280e-03
  -9.5199162e-03
  -9.5263112e-03
  -9.5326129e-03
  -9.5388213e-03
  -9.5449364e-03
  -9.5509582e-03
  -9.5568868e-03
  -9.5627220e-03
  -9.5684639e-03
  -9.5741126e-03
  -9.5796679e-03
  -9.5851300e-03
  -9.5904987e-03
  -9.5957742e-03
  -9.6009565e-03
  -9.6060454e-03
  -9.6110412e-03
  -9.6159436e-03
  -9.6207529e-03
  -9.6254689e-03
  -9.6300918e-03
  -9.6346215e-03
  -9.6390580e-03
  -9.6434013e-03
  -9.6476516e-03
  -9.6518087e-03
  -9.6558728e-03
  -9.6598438e-03
  -9.6637218e-03
  -9.6675068e-03
  -9.6711989e-03
  -9.6747979e-03
  -9.6783041e-03
  -9.6817174e-03
  -9.6850378e-03
  -9.6882655e-03
  -9.6914003e-03
  -9.6944424e-03
  -9.6973919e-03
  -9.7002486e-03
  -9.7030127e-03
  -9.7056843e-03
  -9.7082633e-03
  -9.7107498e-03
  -9.7131439e-03
  -9.7154456e-03
  -9.7176549e-03
  -9.7197719e-03
  -9.7217966e-03
  -9.7237292e-03
  -9.7255696e-03
  -9.7273179e-03
  -9.7289741e-03
  -9.7305384e-03
  -9.7320107e-03
  -9.7333912e-03
  -9.7346798e-03
  -9.7358768e-03
  -9.7369820e-03
  -9.7379955e-03
  -9.7389176e-03
  -9.7397481e-03
  -9.7404872e-03
  -9.7411349e-03
  -9.7416913e-03
  -9.7421566e-03
  -9.7425306e-03
  -9.7428136e-03
  -9.7430055e-03
  -9.7431066e-03
  -9.7431167e-03
  -9.7430361e-03
  -9.7428648e-03
  -9.7426029e-03
  -9.7422504e-03
  -9.7418074e-03
  -9.7412741e-03
  -9.7406504e-03
  -9.7399366e-03
  -9.7391326e-03
  -9.7382386e-03
  -9.7372546e-03
  -9.7361807e-03
  -9.7350171e-03
  -9.7337638e-03
  -9.7324208e-03
  -9.7309884e-03
  -9.7294666e-03
  -9.7278554e-03
  -9.7261551e-03
  -9.7243656e-03
  -9.7224871e-03
  -9.7205196e-03
  -9.7184634e-03
  -9.7163184e-03
  -9.7140848e-03
  -9.7117626e-03
  -9.7093521e-03
  -9.7068532e-03
  -9.7042661e-03
  -9.7015910e-03
  -9.6988278e-03
  -9.6959768e-03
  -9.6930380e-03
  -9.6900115e-03
  -9.6868975e-03
  -9.6836961e-03
  -9.6804073e-03
  -9.6770313e-03
  -9.6735682e-03
  -9.6700182e-03
  -9.6663813e-03
  -9.6626577e-03
  -9.6588474e-03
  -9.6549506e-03
  -9.6509675e-03
  -9.6468981e-03
  -9.6427426e-03
  -9.6385011e-03
  -9.6341736e-03
  -9.6297605e-03
  -9.6252617e-03
  -9.6206774e-03
  -9.6160077e-03
  -9.6112527e-03
  -9.6064127e-03
  -9.6014877e-03
  -9.5964778e-03
  -9.5913832e-03
  -9.5862040e-03
  -9.5809404e-03
  -9.5755924e-03
  -9.5701603e-03
  -9.5646441e-03
  -9.5590440e-03
  -9.5533602e-03
  -9.5475927e-03
  -9.5417417e-03
  -9.5358074e-03
  -9.5297899e-03
  -9.5236893e-03
  -9.5175058e-03
  -9.5112395e-03
  -9.5048906e-03
  -9.4984593e-03
  -9.4919455e-03
  -9.4853496e-03
  -9.4786717e-03
  -9.4719118e-03
  -9.4650703e-03
  -9.4581471e-03
  -9.4511425e-03
  -9.4440566e-03
  -9.4368895e-03
  -9.4296415e-03
  -9.4223126e-03
  -9.4149031e-03
  -9.4074131e-03
  -9.3998426e-03
  -9.3921920e-03
  -9.3844614e-03
  -9.3766508e-03
  -9.3687605e-03
  -9.3607907e-03
  -9.3527414e-03
  -9.3446129e-03
  -9.3364053e-03
  -9.3281187e-03
  -9.3197534e-03
  -9.3113095e-03
  -9.3027872e-03
  -9.2941866e-03
  -9.2855079e-03
  -9.2767512e-03
  -9.2679168e-03
  -9.2590048e-03
  -9.2500153e-03
  -9.2409486e-03
  -9.2318048e-03
  -9.2225840e-03
  -9.2132865e-03
  -9.2039124e-03
  -9.1944619e-03
  -9.1849351e-03
  -9.1753322e-03
  -9.1656535e-03
  -9.1558990e-03
  -9.1460690e-03
  -9.1361636e-03
  -9.1261831e-03
  -9.1161274e-03
  -9.1059970e-03
  -9.0957919e-03
  -9.0855122e-03
  -9.0751583e-03
  -9.0647302e-03
  -9.0542282e-03
  -9.0436524e-03
  -9.0330030e-03
  -9.0222802e-03
  -9.0114841e-03
  -9.0006150e-03
  -8.9896730e-03
  -8.9786584e-03
  -8.9675712e-03
  -8.9564117e-03
  -8.9451801e-03
  -8.9338765e-03
  -8.9225011e-03
  -8.9110542e-03
  -8.8995359e-03
  -8.8879463e-03
  -8.8762858e-03
  -8.8645544e-03
  -8.8527523e-03
  -8.8408798e-03
  -8.8289370e-03
  -8.8169241e-03
  -8.8048413e-03
  -8.7926889e-03
  -8.7804669e-03
  -8.7681755e-03
  -8.7558151e-03
  -8.7433857e-03
  -8.7308875e-03
  -8.7183208e-03
  -8.7056857e-03
  -8.6929824e-03
  -8.6802112e-03
  -8.6673721e-03
  -8.6544655e-03
  -8.6414915e-03
  -8.6284502e-03
  -8.6153419e-03
  -8.6021668e-03
  -8.5889251e-03
  -8.5756170e-03
  -8.5622426e-03
  -8.5488022e-03
  -8.5352959e-03
  -8.5217240e-03
  -8.5080866e-03
  -8.4943840e-03
  -8.4806164e-03
  -8.4667838e-03
  -8.4528867e-03
  -8.4389250e-03
  -8.4248991e-03
  -8.4108092e-03
  -8.3966553e-03
  -8.3824378e-03
  -8.3681569e-03
  -8.3538126e-03
  -8.3394053e-03
  -8.3249352e-03
  -8.3104024e-03
  -8.2958071e-03
  -8.2811495e-03
  -8.2664299e-03
  -8.2516484e-03
  -8.2368053e-03
  -8.2219007e-03
  -8.2069348e-03
  -8.1919079e-03
  -8.1768201e-03
  -8.1616717e-03
  -8.1464629e-03
  -8.1311937e-03
  -8.1158646e-03
  -8.1004756e-03
  -8.0850270e-03
  -8.0695189e-03
  -8.0539516e-03
  -8.0383253e-03
  -8.0226401e-03
  -8.0068964e-03
  -7.9910942e-03
  -7.9752338e-03
  -7.9593154e-03
  -7.9433392e-03
  -7.9273054e-03
  -7.9112142e-03
  -7.8950658e-03
  -7.8788604e-03
  -7.8625982e-03
  -7.8462795e-03
  -7.8299044e-03
  -7.8134732e-03
  -7.7969859e-03
  -7.7804429e-03
  -7.7638444e-03
  -7.7471905e-03
  -7.7304815e-03
  -7.7137176e-03
  -7.6968989e-03
  -7.6800257e-03
  -7.6630982e-03
  -7.6461165e-03
  -7.6290810e-03
  -7.6119917e-03
  -7.5948490e-03
  -7.5776530e-03
  -7.5604039e-03
  -7.5431019e-03
  -7.5257472e-03
  -7.5083401e-03
  -7.4908807e-03
  -7.4733693e-03
  -7.4558060e-03
  -7.4381910e-03
  -7.4205247e-03
  -7.4028071e-03
  -7.3850384e-03
  -7.3672190e-03
  -7.3493489e-03
  -7.3314285e-03
  -7.3134578e-03
  -7.2954371e-03
  -7.2773666e-03
  -7.2592466e-03
  -7.2410772e-03
  -7.2228586e-03
  -7.2045910e-03
  -7.1862746e-03
  -7.1679097e-03
  -7.1494965e-03
  -7.1310351e-03
  -7.1125257e-03
  -7.0939686e-03
  -7.0753640e-03
  -7.0567121e-03
  -7.0380130e-03
  -7.0192670e-03
  -7.0004743e-03
  -6.9816351e-03
  -6.9627495e-03
  -6.9438179e-03
  -6.9248404e-03
  -6.9058171e-03
  -6.8867484e-03
  -6.8676344e-03
  -6.8484754e-03
  -6.8292714e-03
  -6.8100228e-03
  -6.7907297e-03
  -6.7713923e-03
  -6.7520109e-03
  -6.7325856e-03
  -6.7131167e-03
  -6.6936043e-03
  -6.6740486e-03
  -6.6544499e-03
  -6.6348084e-03
  -6.6151242e-03
  -6.5953975e-03
  -6.5756287e-03
  -6.5558178e-03
  -6.5359650e-03
  -6.5160706e-03
  -6.4961348e-03
  -6.4761578e-03
  -6.4561397e-03
  -6.4360808e-03
  -6.4159812e-03
  -6.3958413e-03
  -6.3756611e-03
  -6.3554408e-03
  -6.3351808e-03
  -6.3148811e-03
  -6.2945420e-03
  -6.2741636e-03
  -6.2537463e-03
  -6.2332901e-03
  -6.2127953e-03
  -6.1922620e-03
  -6.1716905e-03
  -6.1510810e-03
  -6.1304336e-03
  -6.1097486e-03
  -6.0890262e-03
  -6.0682665e-03
  -6.0474697e-03
  -6.0266361e-03
  -6.0057659e-03
  -5.9848592e-03
  -5.9639163e-03
  -5.9429373e-03
  -5.9219224e-03
  -5.9008718e-03
  -5.8797858e-03
  -5.8586645e-03
  -5.8375081e-03
  -5.8163169e-03
  -5.7950909e-03
  -5.7738304e-03
  -5.7525357e-03
  -5.7312068e-03
  -5.7098440e-03
  -5.6884475e-03
  -5.6670174e-03
  -5.6455541e-03
  -5.6240575e-03
  -5.6025281e-03
  -5.5809658e-03
  -5.5593710e-03
  -5.5377439e-03
  -5.5160845e-03
  -5.4943932e-03
  -5.4726701e-03
  -5.4509153e-03
  -5.4291292e-03
  -5.4073118e-03
  -5.3854634e-03
  -5.3635841e-03
  -5.3416742e-03
  -5.3197338e-03
  -5.2977631e-03
  -5.2757624e-03
  -5.2537317e-03
  -5.2316714e-03
  -5.2095815e-03
  -5.1874623e-03
  -5.1653139e-03
  -5.1431366e-03
  -5.1209305e-03
  -5.0986959e-03
  -5.0764328e-03
  -5.0541415e-03
  -5.0318222e-03
  -5.0094751e-03
  -4.9871003e-03
  -4.9646980e-03
  -4.9422685e-03
  -4.9198118e-03
  -4.8973283e-03
  -4.8748180e-03
  -4.8522812e-03
  -4.8297180e-03
  -4.8071286e-03
  -4.7845133e-03
  -4.7618721e-03
  -4.7392053e-03
  -4.7165131e-03
  -4.6937956e-03
  -4.6710530e-03
  -4.6482855e-03
  -4.6254933e-03
  -4.6026765e-03
  -4.5798354e-03
  -4.5569702e-03
  -4.5340809e-03
  -4.5111678e-03
  -4.4882311e-03
  -4.4652709e-03
  -4.4422875e-03
  -4.4192809e-03
  -4.3962514e-03
  -4.3731992e-03
  -4.3501245e-03
  -4.3270273e-03
  -4.3039079e-03
  -4.2807665e-03
  -4.2576033e-03
  -4.2344184e-03
  -4.2112119e-03
  -4.1879842e-03
  -4.1647353e-03
  -4.1414654e-03
  -4.1181748e-03
  -4.0948635e-03
  -4.0715317e-03
  -4.0481797e-03
  -4.0248076e-03
  -4.0014156e-03
  -3.9780038e-03
  -3.9545724e-03
  -3.9311217e-03
  -3.9076517e-03
  -3.8841626e-03
  -3.8606547e-03
  -3.8371280e-03
  -3.8135829e-03
  -3.7900193e-03
  -3.7664375e-03
  -3.7428377e-03
  -3.7192201e-03
  -3.6955848e-03
  -3.6719319e-03
  -3.6482617e-03
  -3.6245743e-03
  -3.6008700e-03
  -3.5771487e-03
  -3.5534108e-03
  -3.5296565e-03
  -3.5058857e-03
  -3.4820989e-03
  -3.4582960e-03
  -3.4344773e-03
  -3.4106429e-03
  -3.3867930e-03
  -3.3629278e-03
  -3.3390475e-03
  -3.3151521e-03
  -3.2912420e-03
  -3.2673171e-03
  -3.2433778e-03
  -3.2194241e-03
  -3.1954563e-03
  -3.1714745e-03
  -3.1474788e-03
  -3.1234694e-03
  -3.0994466e-03
  -3.0754104e-03
  -3.0513610e-03
  -3.0272986e-03
  -3.0032234e-03
  -2.9791354e-03
  -2.9550350e-03
  -2.9309221e-03
  -2.9067971e-03
  -2.8826600e-03
  -2.8585110e-03
  -2.8343504e-03
  -2.8101781e-03
  -2.7859945e-03
  -2.7617996e-03
  -2.7375936e-03
  -2.7133768e-03
  -2.6891491e-03
  -2.6649109e-03
  -2.6406623e-03
  -2.6164033e-03
  -2.5921343e-03
  -2.5678553e-03
  -2.5435665e-03
  -2.5192680e-03
  -2.4949601e-03
  -2.4706428e-03
  -2.4463164e-03
  -2.4219809e-03
  -2.3976367e-03
  -2.3732837e-03
  -2.3489221e-03
  -2.3245522e-03
  -2.3001741e-03
  -2.2757879e-03
  -2.2513938e-03
  -2.2269919e-03
  -2.2025825e-03
  -2.1781656e-03
  -2.1537414e-03
  -2.1293100e-03
  -2.1048717e-03
  -2.0804266e-03
  -2.0559748e-03
  -2.0315164e-03
  -2.0070517e-03
  -1.9825809e-03
  -1.9581039e-03
  -1.9336211e-03
  -1.9091325e-03
  -1.8846383e-03
  -1.8601387e-03
  -1.8356338e-03
  -1.8111237e-03
  -1.7866087e-03
  -1.7620888e-03
  -1.7375643e-03
  -1.7130352e-03
  -1.6885018e-03
  -1.6639642e-03
  -1.6394224e-03
  -1.6148768e-03
  -1.5903274e-03
  -1.5657744e-03
  -1.5412179e-03
  -1.5166581e-03
  -1.4920952e-03
  -1.4675292e-03
  -1.4429604e-03
  -1.4183888e-03
  -1.3938147e-03
  -1.3692382e-03
  -1.3446594e-03
  -1.3200785e-03
  -1.2954957e-03
  -1.2709110e-03
  -1.2463247e-03
  -1.2217368e-03
  -1.1971476e-03
  -1.1725572e-03
  -1.1479657e-03
  -1.1233732e-03
  -1.0987800e-03
  -1.0741862e-03
  -1.0495919e-03
  -1.0249973e-03
  -1.0004025e-03
  -9.7580768e-04
  -9.5121296e-04
  -9.2661851e-04
  -9.0202447e-04
  -8.7743098e-04
  -8.5283821e-04
  -8.2824628e-04
  -8.0365536e-04
  -7.7906558e-04
  -7.5447709e-04
  -7.2989005e-04
  -7.0530459e-04
  -6.8072087e-04
  -6.5613902e-04
  -6.3155921e-04
  -6.0698156e-04
  -5.8240624e-04
  -5.5783337e-04
  -5.3326312e-04
  -5.0869563e-04
  -4.8413104e-04
  -4.5956950e-04
  -4.3501115e-04
  -4.1045614e-04
  -3.8590462e-04
  -3.6135673e-04
  -3.3681261e-04
  -3.1227242e-04
  -2.8773629e-04
  -2.6320437e-04
  -2.3867681e-04
  -2.1415376e-04
  -1.8963535e-04
  -1.6512173e-04
  -1.4061305e-04
  -1.1610945e-04
  -9.1611080e-05
  -6.7118080e-05
  -4.2630595e-05
  -1.8148771e-05
   6.3272479e-06
   3.0797317e-05
   5.5261292e-05
   7.9719028e-05
   1.0417038e-04
   1.2861521e-04
   1.5305336e-04
   1.7748470e-04
   2.0190907e-04
   2.2632635e-04
   2.5073637e-04
   2.7513900e-04
   2.9953409e-04
   3.2392150e-04
   3.4830109e-04
   3.7267270e-04
   3.9703621e-04
   4.2139145e-04
   4.4573829e-04
   4.7007659e-04
   4.9440620e-04
   5.1872697e-04
   5.4303876e-04
   5.6734143e-04
   5.9163484e-04
   6.1591884e-04
   6.4019328e-04
   6.6445803e-04
   6.8871293e-04
   7.1295785e-04
   7.3719263e-04
   7.6141715e-04
   7.8563124e-04
   8.0983478e-04
   8.3402760e-04
   8.5820958e-04
   8.8238057e-04
   9.0654041e-04
   9.3068898e-04
   9.5482611e-04
   9.7895168e-04
   1.0030655e-03
   1.0271675e-03
   1.0512575e-03
   1.0753354e-03
   1.0994009e-03
   1.1234540e-03
   1.1474946e-03
   1.1715224e-03
   1.1955373e-03
   1.2195393e-03
   1.2435280e-03
   1.2675035e-03
   1.2914656e-03
   1.3154140e-03
   1.3393487e-03
   1.3632695e-03
   1.3871763e-03
   1.4110690e-03
   1.4349473e-03
   1.4588111e-03
   1.4826604e-03
   1.5064949e-03
   1.5303145e-03
   1.5541191e-03
   1.5779085e-03
   1.6016825e-03
   1.6254411e-03
   1.6491841e-03
   1.6729113e-03
   1.6966226e-03
   1.7203179e-03
   1.7439969e-03
   1.7676596e-03
   1.7913058e-03
   1.8149354e-03
   1.8385482e-03
   1.8621441e-03
   1.8857229e-03
   1.9092844e-03
   1.9328287e-03
   1.9563554e-03
   1.9798644e-03
   2.0033556e-03
   2.0268289e-03
   2.0502841e-03
   2.0737211e-03
   2.0971396e-03
   2.1205397e-03
   2.1439210e-03
   2.1672835e-03
   2.1906271e-03
   2.2139515e-03
   2.2372566e-03
   2.2605424e-03
   2.2838086e-03
   2.3070550e-03
   2.3302816e-03
   2.3534883e-03
   2.3766747e-03
   2.3998409e-03
   2.4229866e-03
   2.4461117e-03
   2.4692161e-03
   2.4922996e-03
   2.5153620e-03
   2.5384033e-03
   2.5614232e-03
   2.5844216e-03
   2.6073985e-03
   2.6303535e-03
   2.6532866e-03
   2.6761977e-03
   2.6990865e-03
   2.7219529e-03
   2.7447969e-03
   2.7676181e-03
   2.7904166e-03
   2.8131920e-03
   2.8359444e-03
   2.8586735e-03
   2.8813791e-03
   2.9040613e-03
   2.9267197e-03
   2.9493542e-03
   2.9719647e-03
   2.9945511e-03
   3.0171131e-03
   3.0396507e-03
   3.0621637e-03
   3.0846519e-03
   3.1071152e-03
   3.1295534e-03
   3.1519664e-03
   3.1743540e-03
   3.1967162e-03
   3.2190527e-03
   3.2413633e-03
   3.2636480e-03
   3.2859066e-03
   3.3081389e-03
   3.3303447e-03
   3.3525240e-03
   3.3746766e-03
   3.3968023e-03
   3.4189010e-03
   3.4409725e-03
   3.4630167e-03
   3.4850334e-03
   3.5070224e-03
   3.5289837e-03
   3.5509170e-03
   3.5728223e-03
   3.5946993e-03
   3.6165479e-03
   3.6383679e-03
   3.6601593e-03
   3.6819218e-03
   3.7036553e-03
   3.7253596e-03
   3.7470346e-03
   3.7686802e-03
   3.7902962e-03
   3.8118823e-03
   3.8334386e-03
   3.8549648e-03
   3.8764607e-03
   3.8979263e-03
   3.9193613e-03
   3.9407656e-03
   3.9621391e-03
   3.9834816e-03
   4.0047929e-03
   4.0260729e-03
   4.0473215e-03
   4.0685384e-03
   4.0897236e-03
   4.1108769e-03
   4.1319980e-03
   4.1530870e-03
   4.1741435e-03
   4.1951675e-03
   4.2161588e-03
   4.2371173e-03
   4.2580427e-03
   4.2789350e-03
   4.2997940e-03
   4.3206195e-03
   4.3414113e-03
   4.3621694e-03
   4.3828936e-03
   4.4035836e-03
   4.4242394e-03
   4.4448608e-03
   4.4654476e-03
   4.4859997e-03
   4.5065170e-03
   4.5269992e-03
   4.5474462e-03
   4.5678579e-03
   4.5882341e-03
   4.6085747e-03
   4.6288794e-03
   4.6491482e-03
   4.6693808e-03
   4.6895772e-03
   4.7097371e-03
   4.7298605e-03
   4.7499471e-03
   4.7699968e-03
   4.7900095e-03
   4.8099849e-03
   4.8299230e-03
   4.8498235e-03
   4.8696863e-03
   4.8895114e-03
   4.9092984e-03
   4.9290472e-03
   4.9487578e-03
   4.9684299e-03
   4.9880633e-03
   5.0076580e-03
   5.0272137e-03
   5.0467304e-03
   5.0662078e-03
   5.0856457e-03
   5.1050441e-03
   5.1244028e-03
   5.1437217e-03
   5.1630004e-03
   5.1822390e-03
   5.2014372e-03
   5.2205950e-03
   5.2397120e-03
   5.2587883e-03
   5.2778235e-03
   5.2968176e-03
   5.3157705e-03
   5.3346818e-03
   5.3535516e-03
   5.3723796e-03
   5.3911657e-03
   5.4099097e-03
   5.4286115e-03
   5.4472709e-03
   5.4658877e-03
   5.4844619e-03
   5.5029931e-03
   5.5214814e-03
   5.5399265e-03
   5.5583282e-03
   5.5766865e-03
   5.5950011e-03
   5.6132719e-03
   5.6314987e-03
   5.6496815e-03
   5.6678199e-03
   5.6859139e-03
   5.7039634e-03
   5.7219681e-03
   5.7399279e-03
   5.7578427e-03
   5.7757122e-03
   5.7935364e-03
   5.8113150e-03
   5.8290480e-03
   5.8467351e-03
   5.8643763e-03
   5.8819713e-03
   5.8995200e-03
   5.9170222e-03
   5.9344778e-03
   5.9518867e-03
   5.9692486e-03
   5.9865635e-03
   6.0038311e-03
   6.0210513e-03
   6.0382240e-03
   6.0553489e-03
   6.0724261e-03
   6.0894552e-03
   6.1064361e-03
   6.1233687e-03
   6.1402529e-03
   6.1570884e-03
   6.1738751e-03
   6.1906129e-03
   6.2073016e-03
   6.2239411e-03
   6.2405312e-03
   6.2570717e-03
   6.2735625e-03
   6.2900034e-03
   6.3063943e-03
   6.3227351e-03
   6.3390255e-03
   6.3552655e-03
   6.3714548e-03
   6.3875934e-03
   6.4036810e-03
   6.4197176e-03
   6.4357029e-03
   6.4516369e-03
   6.4675192e-03
   6.4833500e-03
   6.4991288e-03
   6.5148557e-03
   6.5305304e-03
   6.5461529e-03
   6.5617228e-03
   6.5772402e-03
   6.5927049e-03
   6.6081166e-03
   6.6234753e-03
   6.6387808e-03
   6.6540330e-03
   6.6692317e-03
   6.6843767e-03
   6.6994679e-03
   6.7145052e-03
   6.7294884e-03
   6.7444174e-03
   6.7592920e-03
   6.7741120e-03
   6.7888774e-03
   6.8035879e-03
   6.8182435e-03
   6.8328439e-03
   6.8473890e-03
   6.8618788e-03
   6.8763130e-03
   6.8906914e-03
   6.9050141e-03
   6.9192807e-03
   6.9334911e-03
   6.9476453e-03
   6.9617431e-03
   6.9757842e-03
   6.9897687e-03
   7.0036963e-03
   7.0175668e-03
   7.0313802e-03
   7.0451364e-03
   7.0588350e-03
   7.0724761e-03
   7.0860595e-03
   7.0995850e-03
   7.1130525e-03
   7.1264618e-03
   7.1398129e-03
   7.1531055e-03
   7.1663396e-03
   7.1795149e-03
   7.1926314e-03
   7.2056889e-03
   7.2186873e-03
   7.2316264e-03
   7.2445061e-03
   7.2573263e-03
   7.2700868e-03
   7.2827874e-03
   7.2954281e-03
   7.3080087e-03
   7.3205291e-03
   7.3329891e-03
   7.3453887e-03
   7.3577275e-03
   7.3700057e-03
   7.3822229e-03
   7.3943790e-03
   7.4064740e-03
   7.4185077e-03
   7.4304800e-03
   7.4423907e-03
   7.4542396e-03
   7.4660268e-03
   7.4777520e-03
   7.4894151e-03
   7.5010159e-03
   7.5125544e-03
   7.5240304e-03
   7.5354438e-03
   7.5467945e-03
   7.5580822e-03
   7.5693070e-03
   7.5804686e-03
   7.5915670e-03
   7.6026020e-03
   7.6135735e-03
   7.6244814e-03
   7.6353254e-03
   7.6461057e-03
   7.6568218e-03
   7.6674739e-03
   7.6780617e-03
   7.6885851e-03
   7.6990440e-03
   7.7094383e-03
   7.7197679e-03
   7.7300325e-03
   7.7402322e-03
   7.7503668e-03
   7.7604361e-03
   7.7704401e-03
   7.7803786e-03
   7.7902515e-03
   7.8000587e-03
   7.8098001e-03
   7.8194756e-03
   7.8290850e-03
   7.8386282e-03
   7.8481052e-03
   7.8575157e-03
   7.8668598e-03
   7.8761372e-03
   7.8853478e-03
   7.8944916e-03
   7.9035685e-03
   7.9125782e-03
   7.9215208e-03
   7.9303960e-03
   7.9392039e-03
   7.9479442e-03
   7.9566169e-03
   7.9652219e-03
   7.9737590e-03
   7.9822282e-03
   7.9906293e-03
   7.9989622e-03
   8.0072269e-03
   8.0154232e-03
   8.0235510e-03
   8.0316102e-03
   8.0396008e-03
   8.0475226e-03
   8.0553754e-03
   8.0631593e-03
   8.0708741e-03
   8.0785197e-03
   8.0860960e-03
   8.0936029e-03
   8.1010403e-03
   8.1084081e-03
   8.1157063e-03
   8.1229346e-03
   8.1300931e-03
   8.1371817e-03
   8.1442001e-03
   8.1511484e-03
   8.1580264e-03
   8.1648341e-03
   8.1715714e-03
   8.1782381e-03
   8.1848342e-03
   8.1913596e-03
   8.1978142e-03
   8.2041979e-03
   8.2105106e-03
   8.2167523e-03
   8.2229228e-03
   8.2290221e-03
   8.2350500e-03
   8.2410066e-03
   8.2468916e-03
   8.2527051e-03
   8.2584469e-03
   8.2641170e-03
   8.2697153e-03
   8.2752417e-03
   8.2806961e-03
   8.2860784e-03
   8.2913886e-03
   8.2966266e-03
   8.3017923e-03
   8.3068856e-03
   8.3119064e-03
   8.3168548e-03
   8.3217306e-03
   8.3265336e-03
   8.3312640e-03
   8.3359215e-03
   8.3405062e-03
   8.3450179e-03
   8.3494566e-03
   8.3538222e-03
   8.3581146e-03
   8.3623338e-03
   8.3664797e-03
   8.3705522e-03
   8.3745514e-03
   8.3784770e-03
   8.3823291e-03
   8.3861075e-03
   8.3898123e-03
   8.3934433e-03
   8.3970006e-03
   8.4004839e-03
   8.4038934e-03
   8.4072288e-03
   8.4104903e-03
   8.4136776e-03
   8.4167908e-03
   8.4198298e-03
   8.4227945e-03
   8.4256849e-03
   8.4285009e-03
   8.4312426e-03
   8.4339097e-03
   8.4365023e-03
   8.4390204e-03
   8.4414639e-03
   8.4438326e-03
   8.4461267e-03
   8.4483460e-03
   8.4504905e-03
   8.4525601e-03
   8.4545549e-03
   8.4564747e-03
   8.4583195e-03
   8.4600893e-03
   8.4617841e-03
   8.4634037e-03
   8.4649482e-03
   8.4664175e-03
   8.4678116e-03
   8.4691305e-03
   8.4703740e-03
   8.4715422e-03
   8.4726351e-03
   8.4736526e-03
   8.4745946e-03
   8.4754612e-03
   8.4762524e-03
   8.4769679e-03
   8.4776080e-03
   8.4781725e-03
   8.4786613e-03
   8.4790746e-03
   8.4794122e-03
   8.4796741e-03
   8.4798603e-03
   8.4799708e-03
   8.4800056e-03
   8.4799645e-03
   8.4798477e-03
   8.4796551e-03
   8.4793867e-03
   8.4790424e-03
   8.4786223e-03
   8.4781262e-03
   8.4775543e-03
   8.4769065e-03
   8.4761828e-03
   8.4753831e-03
   8.4745075e-03
   8.4735560e-03
   8.4725284e-03
   8.4714249e-03
   8.4702455e-03
   8.4689900e-03
   8.4676586e-03
   8.4662511e-03
   8.4647677e-03
   8.4632082e-03
   8.4615728e-03
   8.4598613e-03
   8.4580738e-03
   8.4562103e-03
   8.4542708e-03
   8.4522553e-03
   8.4501638e-03
   8.4479963e-03
   8.4457528e-03
   8.4434333e-03
   8.4410378e-03
   8.4385664e-03
   8.4360189e-03
   8.4333955e-03
   8.4306962e-03
   8.4279210e-03
   8.4250698e-03
   8.4221427e-03
   8.4191397e-03
   8.4160608e-03
   8.4129060e-03
   8.4096754e-03
   8.4063690e-03
   8.4029867e-03
   8.3995287e-03
   8.3959949e-03
   8.3923853e-03
   8.3887000e-03
   8.3849390e-03
   8.3811022e-03
   8.3771899e-03
   8.3732019e-03
   8.3691383e-03
   8.3649991e-03
   8.3607844e-03
   8.3564941e-03
   8.3521284e-03
   8.3476872e-03
   8.3431705e-03
   8.3385785e-03
   8.3339111e-03
   8.3291684e-03
   8.3243504e-03
   8.3194572e-03
   8.3144887e-03
   8.3094451e-03
   8.3043263e-03
   8.2991324e-03
   8.2938635e-03
   8.2885196e-03
   8.2831007e-03
   8.2776069e-03
   8.2720382e-03
   8.2663947e-03
   8.2606764e-03
   8.2548834e-03
   8.2490157e-03
   8.2430733e-03
   8.2370564e-03
   8.2309649e-03
   8.2247990e-03
   8.2185586e-03
   8.2122439e-03
   8.2058549e-03
   8.1993916e-03
   8.1928541e-03
   8.1862424e-03
   8.1795567e-03
   8.1727970e-03
   8.1659632e-03
   8.1590556e-03
   8.1520742e-03
   8.1450190e-03
   8.1378901e-03
   8.1306875e-03
   8.1234114e-03
   8.1160618e-03
   8.1086387e-03
   8.1011423e-03
   8.0935726e-03
   8.0859296e-03
   8.0782135e-03
   8.0704243e-03
   8.0625622e-03
   8.0546270e-03
   8.0466191e-03
   8.0385383e-03
   8.0303849e-03
   8.0221589e-03
   8.0138603e-03
   8.0054892e-03
   7.9970458e-03
   7.9885301e-03
   7.9799421e-03
   7.9712821e-03
   7.9625500e-03
   7.9537459e-03
   7.9448700e-03
   7.9359223e-03
   7.9269029e-03
   7.9178120e-03
   7.9086495e-03
   7.8994156e-03
   7.8901103e-03
   7.8807339e-03
   7.8712863e-03
   7.8617676e-03
   7.8521780e-03
   7.8425176e-03
   7.8327864e-03
   7.8229846e-03
   7.8131122e-03
   7.8031694e-03
   7.7931562e-03
   7.7830727e-03
   7.7729192e-03
   7.7626955e-03
   7.7524020e-03
   7.7420386e-03
   7.7316055e-03
   7.7211028e-03
   7.7105306e-03
   7.6998890e-03
   7.6891781e-03
   7.6783980e-03
   7.6675489e-03
   7.6566308e-03
   7.6456439e-03
   7.6345883e-03
   7.6234641e-03
   7.6122714e-03
   7.6010103e-03
   7.5896810e-03
   7.5782835e-03
   7.5668180e-03
   7.5552847e-03
   7.5436835e-03
   7.5320148e-03
   7.5202785e-03
   7.5084747e-03
   7.4966038e-03
   7.4846657e-03
   7.4726605e-03
   7.4605885e-03
   7.4484497e-03
   7.4362442e-03
   7.4239723e-03
   7.4116340e-03
   7.3992294e-03
   7.3867588e-03
   7.3742221e-03
   7.3616196e-03
   7.3489515e-03
   7.3362177e-03
   7.3234185e-03
   7.3105540e-03
   7.2976244e-03
   7.2846297e-03
   7.2715702e-03
   7.2584459e-03
   7.2452570e-03
   7.2320037e-03
   7.2186860e-03
   7.2053042e-03
   7.1918584e-03
   7.1783487e-03
   7.1647752e-03
   7.1511382e-03
   7.1374378e-03
   7.1236740e-03
   7.1098472e-03
   7.0959573e-03
   7.0820046e-03
   7.0679892e-03
   7.0539113e-03
   7.0397710e-03
   7.0255685e-03
   7.0113040e-03
   6.9969775e-03
   6.9825892e-03
   6.9681394e-03
   6.9536281e-03
   6.9390556e-03
   6.9244219e-03
   6.9097272e-03
   6.8949718e-03
   6.8801557e-03
   6.8652791e-03
   6.8503423e-03
   6.8353452e-03
   6.8202882e-03
   6.8051714e-03
   6.7899949e-03
   6.7747589e-03
   6.7594637e-03
   6.7441092e-03
   6.7286958e-03
   6.7132235e-03
   6.6976927e-03
   6.6821033e-03
   6.6664556e-03
   6.6507499e-03
   6.6349861e-03
   6.6191646e-03
   6.6032855e-03
   6.5873489e-03
   6.5713551e-03
   6.5553042e-03
   6.5391964e-03
   6.5230319e-03
   6.5068108e-03
   6.4905333e-03
   6.4741997e-03
   6.4578101e-03
   6.4413646e-03
   6.4248635e-03
   6.4083070e-03
   6.3916951e-03
   6.3750282e-03
   6.3583063e-03
   6.3415297e-03
   6.3246986e-03
   6.3078131e-03
   6.2908735e-03
   6.2738799e-03
   6.2568325e-03
   6.2397314e-03
   6.2225770e-03
   6.2053693e-03
   6.1881087e-03
   6.1707951e-03
   6.1534289e-03
   6.1360103e-03
   6.1185394e-03
   6.1010164e-03
   6.0834415e-03
   6.0658149e-03
   6.0481369e-03
   6.0304075e-03
   6.0126271e-03
   5.9947958e-03
   5.9769137e-03
   5.9589812e-03
   5.9409983e-03
   5.9229653e-03
   5.9048824e-03
   5.8867499e-03
   5.8685678e-03
   5.8503363e-03
   5.8320558e-03
   5.8137264e-03
   5.7953483e-03
   5.7769217e-03
   5.7584468e-03
   5.7399238e-03
   5.7213529e-03
   5.7027343e-03
   5.6840683e-03
   5.6653549e-03
   5.6465946e-03
   5.6277873e-03
   5.6089335e-03
   5.5900331e-03
   5.5710866e-03
   5.5520940e-03
   5.5330557e-03
   5.5139717e-03
   5.4948423e-03
   5.4756678e-03
   5.4564482e-03
   5.4371840e-03
   5.4178751e-03
   5.3985220e-03
   5.3791247e-03
   5.3596836e-03
   5.3401987e-03
   5.3206703e-03
   5.3010987e-03
   5.2814841e-03
   5.2618266e-03
   5.2421265e-03
   5.2223840e-03
   5.2025993e-03
   5.1827727e-03
   5.1629043e-03
   5.1429944e-03
   5.1230432e-03
   5.1030509e-03
   5.0830177e-03
   5.0629438e-03
   5.0428296e-03
   5.0226751e-03
   5.0024806e-03
   4.9822464e-03
   4.9619726e-03
   4.9416595e-03
   4.9213073e-03
   4.9009162e-03
   4.8804864e-03
   4.8600182e-03
   4.8395118e-03
   4.8189674e-03
   4.7983852e-03
   4.7777655e-03
   4.7571085e-03
   4.7364144e-03
   4.7156834e-03
   4.6949158e-03
   4.6741118e-03
   4.6532715e-03
   4.6323954e-03
   4.6114835e-03
   4.5905360e-03
   4.5695533e-03
   4.5485356e-03
   4.5274830e-03
   4.5063958e-03
   4.4852743e-03
   4.4641186e-03
   4.4429290e-03
   4.4217058e-03
   4.4004490e-03
   4.3791591e-03
   4.3578362e-03
   4.3364805e-03
   4.3150922e-03
   4.2936717e-03
   4.2722191e-03
   4.2507347e-03
   4.2292186e-03
   4.2076712e-03
   4.1860926e-03
   4.1644832e-03
   4.1428430e-03
   4.1211724e-03
   4.0994716e-03
   4.0777408e-03
   4.0559802e-03
   4.0341901e-03
   4.0123708e-03
   3.9905224e-03
   3.9686452e-03
   3.9467393e-03
   3.9248052e-03
   3.9028429e-03
   3.8808527e-03
   3.8588349e-03
   3.8367897e-03
   3.8147173e-03
   3.7926180e-03
   3.7704919e-03
   3.7483394e-03
   3.7261606e-03
   3.7039558e-03
   3.6817253e-03
   3.6594692e-03
   3.6371878e-03
   3.6148814e-03
   3.5925501e-03
   3.5701943e-03
   3.5478140e-03
   3.5254097e-03
   3.5029815e-03
   3.4805296e-03
   3.4580543e-03
   3.4355559e-03
   3.4130345e-03
   3.3904904e-03
   3.3679238e-03
   3.3453350e-03
   3.3227242e-03
   3.3000917e-03
   3.2774376e-03
   3.2547622e-03
   3.2320658e-03
   3.2093486e-03
   3.1866108e-03
   3.1638527e-03
   3.1410745e-03
   3.1182764e-03
   3.0954587e-03
   3.0726216e-03
   3.0497653e-03
   3.0268901e-03
   3.0039963e-03
   2.9810840e-03
   2.9581534e-03
   2.9352050e-03
   2.9122388e-03
   2.8892550e-03
   2.8662541e-03
   2.8432361e-03
   2.8202013e-03
   2.7971500e-03
   2.7740823e-03
   2.7509986e-03
   2.7278990e-03
   2.7047839e-03
   2.6816533e-03
   2.6585076e-03
   2.6353471e-03
   2.6121718e-03
   2.5889822e-03
   2.5657784e-03
   2.5425606e-03
   2.5193291e-03
   2.4960841e-03
   2.4728258e-03
   2.4495546e-03
   2.4262706e-03
   2.4029740e-03
   2.3796651e-03
   2.3563442e-03
   2.3330115e-03
   2.3096671e-03
   2.2863114e-03
   2.2629445e-03
   2.2395668e-03
   2.2161783e-03
   2.1927795e-03
   2.1693705e-03
   2.1459515e-03
   2.1225228e-03
   2.0990846e-03
   2.0756371e-03
   2.0521806e-03
   2.0287153e-03
   2.0052415e-03
   1.9817593e-03
   1.9582691e-03
   1.9347710e-03
   1.9112652e-03
   1.8877521e-03
   1.8642318e-03
   1.8407046e-03
   1.8171707e-03
   1.7936303e-03
   1.7700836e-03
   1.7465310e-03
   1.7229726e-03
   1.6994086e-03
   1.6758394e-03
   1.6522650e-03
   1.6286858e-03
   1.6051020e-03
   1.5815138e-03
   1.5579214e-03
   1.5343251e-03
   1.5107250e-03
   1.4871215e-03
   1.4635148e-03
   1.4399050e-03
   1.4162924e-03
   1.3926773e-03
   1.3690598e-03
   1.3454403e-03
   1.3218188e-03
   1.2981957e-03
   1.2745711e-03
   1.2509454e-03
   1.2273186e-03
   1.2036912e-03
   1.1800632e-03
   1.1564348e-03
   1.1328065e-03
   1.1091782e-03
   1.0855503e-03
   1.0619231e-03
   1.0382966e-03
   1.0146712e-03
   9.9104708e-04
   9.6742443e-04
   9.4380349e-04
   9.2018449e-04
   8.9656764e-04
   8.7295317e-04
   8.4934130e-04
   8.2573225e-04
   8.0212625e-04
   7.7852350e-04
   7.5492424e-04
   7.3132868e-04
   7.0773704e-04
   6.8414954e-04
   6.6056640e-04
   6.3698784e-04
   6.1341407e-04
   5.8984532e-04
   5.6628180e-04
   5.4272372e-04
   5.1917131e-04
   4.9562479e-04
   4.7208436e-04
   4.4855024e-04
   4.2502265e-04
   4.0150181e-04
   3.7798792e-04
   3.5448121e-04
   3.3098188e-04
   3.0749016e-04
   2.8400624e-04
   2.6053036e-04
   2.3706271e-04
   2.1360351e-04
   1.9015297e-04
   1.6671131e-04
   1.4327873e-04
   1.1985545e-04
   9.6441674e-05
   7.3037612e-05
   4.9643475e-05
   2.6259471e-05
   2.8858099e-06
  -2.0477301e-05
  -4.3829654e-05
  -6.7171041e-05
  -9.0501256e-05
  -1.1382009e-04
  -1.3712734e-04
  -1.6042280e-04
  -1.8370626e-04
  -2.0697752e-04
  -2.3023638e-04
  -2.5348262e-04
  -2.7671605e-04
  -2.9993647e-04
  -3.2314366e-04
  -3.4633743e-04
  -3.6951758e-04
  -3.9268390e-04
  -4.1583619e-04
  -4.3897425e-04
  -4.6209789e-04
  -4.8520690e-04
  -5.0830108e-04
  -5.3138023e-04
  -5.5444416e-04
  -5.7749267e-04
  -6.0052555e-04
  -6.2354262e-04
  -6.4654367e-04
  -6.6952851e-04
  -6.9249694e-04
  -7.1544877e-04
  -7.3838380e-04
  -7.6130184e-04
  -7.8420270e-04
  -8.0708617e-04
  -8.2995207e-04
  -8.5280021e-04
  -8.7563039e-04
  -8.9844241e-04
  -9.2123610e-04
  -9.4401126e-04
  -9.6676769e-04
  -9.8950521e-04
  -1.0122236e-03
  -1.0349228e-03
  -1.0576024e-03
  -1.0802624e-03
  -1.1029025e-03
  -1.1255226e-03
  -1.1481225e-03
  -1.1707019e-03
  -1.1932608e-03
  -1.2157988e-03
  -1.2383159e-03
  -1.2608119e-03
  -1.2832865e-03
  -1.3057395e-03
  -1.3281709e-03
  -1.3505804e-03
  -1.3729678e-03
  -1.3953330e-03
  -1.4176758e-03
  -1.4399959e-03
  -1.4622933e-03
  -1.4845676e-03
  -1.5068189e-03
  -1.5290468e-03
  -1.5512512e-03
  -1.5734319e-03
  -1.5955888e-03
  -1.6177216e-03
  -1.6398302e-03
  -1.6619145e-03
  -1.6839742e-03
  -1.7060091e-03
  -1.7280191e-03
  -1.7500041e-03
  -1.7719638e-03
  -1.7938981e-03
  -1.8158068e-03
  -1.8376897e-03
  -1.8595467e-03
  -1.8813775e-03
  -1.9031821e-03
  -1.9249602e-03
  -1.9467118e-03
  -1.9684365e-03
  -1.9901343e-03
  -2.0118049e-03
  -2.0334483e-03
  -2.0550642e-03
  -2.0766525e-03
  -2.0982131e-03
  -2.1197456e-03
  -2.1412501e-03
  -2.1627263e-03
  -2.1841740e-03
  -2.2055932e-03
  -2.2269836e-03
  -2.2483450e-03
  -2.2696774e-03
  -2.2909805e-03
  -2.3122542e-03
  -2.3334984e-03
  -2.3547128e-03
  -2.3758974e-03
  -2.3970519e-03
  -2.4181762e-03
  -2.4392701e-03
  -2.4603336e-03
  -2.4813664e-03
  -2.5023683e-03
  -2.5233393e-03
  -2.5442792e-03
  -2.5651877e-03
  -2.5860649e-03
  -2.6069104e-03
  -2.6277242e-03
  -2.6485061e-03
  -2.6692560e-03
  -2.6899736e-03
  -2.7106590e-03
  -2.7313118e-03
  -2.7519320e-03
  -2.7725194e-03
  -2.7930738e-03
  -2.8135952e-03
  -2.8340834e-03
  -2.8545381e-03
  -2.8749593e-03
  -2.8953469e-03
  -2.9157007e-03
  -2.9360205e-03
  -2.9563061e-03
  -2.9765576e-03
  -2.9967746e-03
  -3.0169572e-03
  -3.0371050e-03
  -3.0572180e-03
  -3.0772961e-03
  -3.0973391e-03
  -3.1173469e-03
  -3.1373192e-03
  -3.1572561e-03
  -3.1771573e-03
  -3.1970228e-03
  -3.2168523e-03
  -3.2366458e-03
  -3.2564030e-03
  -3.2761240e-03
  -3.2958084e-03
  -3.3154563e-03
  -3.3350674e-03
  -3.3546417e-03
  -3.3741790e-03
  -3.3936791e-03
  -3.4131420e-03
  -3.4325675e-03
  -3.4519554e-03
  -3.4713057e-03
  -3.4906183e-03
  -3.5098929e-03
  -3.5291295e-03
  -3.5483279e-03
  -3.5674880e-03
  -3.5866096e-03
  -3.6056928e-03
  -3.6247372e-03
  -3.6437429e-03
  -3.6627096e-03
  -3.6816373e-03
  -3.7005258e-03
  -3.7193750e-03
  -3.7381848e-03
  -3.7569550e-03
  -3.7756856e-03
  -3.7943764e-03
  -3.8130273e-03
  -3.8316382e-03
  -3.8502089e-03
  -3.8687393e-03
  -3.8872294e-03
  -3.9056789e-03
  -3.9240879e-03
  -3.9424561e-03
  -3.9607834e-03
  -3.9790698e-03
  -3.9973151e-03
  -4.0155192e-03
  -4.0336819e-03
  -4.0518033e-03
  -4.0698830e-03
  -4.0879212e-03
  -4.1059175e-03
  -4.1238720e-03
  -4.1417845e-03
  -4.1596549e-03
  -4.1774831e-03
  -4.1952689e-03
  -4.2130123e-03
  -4.2307131e-03
  -4.2483713e-03
  -4.2659868e-03
  -4.2835593e-03
  -4.3010889e-03
  -4.3185754e-03
  -4.3360188e-03
  -4.3534188e-03
  -4.3707754e-03
  -4.3880885e-03
  -4.4053580e-03
  -4.4225838e-03
  -4.4397657e-03
  -4.4569038e-03
  -4.4739978e-03
  -4.4910477e-03
  -4.5080534e-03
  -4.5250147e-03
  -4.5419316e-03
  -4.5588040e-03
  -4.5756317e-03
  -4.5924148e-03
  -4.6091530e-03
  -4.6258462e-03
  -4.6424945e-03
  -4.6590976e-03
  -4.6756556e-03
  -4.6921682e-03
  -4.7086354e-03
  -4.7250571e-03
  -4.7414332e-03
  -4.7577636e-03
  -4.7740482e-03
  -4.7902869e-03
  -4.8064797e-03
  -4.8226264e-03
  -4.8387270e-03
  -4.8547813e-03
  -4.8707893e-03
  -4.8867508e-03
  -4.9026658e-03
  -4.9185342e-03
  -4.9343559e-03
  -4.9501308e-03
  -4.9658589e-03
  -4.9815400e-03
  -4.9971740e-03
  -5.0127609e-03
  -5.0283005e-03
  -5.0437929e-03
  -5.0592379e-03
  -5.0746353e-03
  -5.0899852e-03
  -5.1052875e-03
  -5.1205420e-03
  -5.1357487e-03
  -5.1509075e-03
  -5.1660183e-03
  -5.1810811e-03
  -5.1960957e-03
  -5.2110620e-03
  -5.2259801e-03
  -5.2408498e-03
  -5.2556710e-03
  -5.2704436e-03
  -5.2851676e-03
  -5.2998430e-03
  -5.3144695e-03
  -5.3290471e-03
  -5.3435759e-03
  -5.3580556e-03
  -5.3724862e-03
  -5.3868676e-03
  -5.4011998e-03
  -5.4154827e-03
  -5.4297161e-03
  -5.4439001e-03
  -5.4580346e-03
  -5.4721194e-03
  -5.4861545e-03
  -5.5001399e-03
  -5.5140755e-03
  -5.5279611e-03
  -5.5417967e-03
  -5.5555823e-03
  -5.5693178e-03
  -5.5830031e-03
  -5.5966381e-03
  -5.6102228e-03
  -5.6237571e-03
  -5.6372409e-03
  -5.6506741e-03
  -5.6640568e-03
  -5.6773888e-03
  -5.6906701e-03
  -5.7039005e-03
  -5.7170801e-03
  -5.7302087e-03
  -5.7432863e-03
  -5.7563129e-03
  -5.7692883e-03
  -5.7822125e-03
  -5.7950854e-03
  -5.8079071e-03
  -5.8206773e-03
  -5.8333961e-03
  -5.8460633e-03
  -5.8586790e-03
  -5.8712431e-03
  -5.8837554e-03
  -5.8962160e-03
  -5.9086247e-03
  -5.9209816e-03
  -5.9332865e-03
  -5.9455395e-03
  -5.9577403e-03
  -5.9698891e-03
  -5.9819857e-03
  -5.9940300e-03
  -6.0060220e-03
  -6.0179617e-03
  -6.0298490e-03
  -6.0416838e-03
  -6.0534661e-03
  -6.0651959e-03
  -6.0768730e-03
  -6.0884974e-03
  -6.1000690e-03
  -6.1115879e-03
  -6.1230539e-03
  -6.1344670e-03
  -6.1458272e-03
  -6.1571344e-03
  -6.1683884e-03
  -6.1795894e-03
  -6.1907372e-03
  -6.2018318e-03
  -6.2128732e-03
  -6.2238612e-03
  -6.2347958e-03
  -6.2456771e-03
  -6.2565048e-03
  -6.2672791e-03
  -6.2779997e-03
  -6.2886668e-03
  -6.2992802e-03
  -6.3098399e-03
  -6.3203458e-03
  -6.3307979e-03
  -6.3411962e-03
  -6.3515406e-03
  -6.3618310e-03
  -6.3720674e-03
  -6.3822498e-03
  -6.3923781e-03
  -6.4024523e-03
  -6.4124723e-03
  -6.4224381e-03
  -6.4323496e-03
  -6.4422068e-03
  -6.4520097e-03
  -6.4617582e-03
  -6.4714522e-03
  -6.4810918e-03
  -6.4906768e-03
  -6.5002073e-03
  -6.5096832e-03
  -6.5191045e-03
  -6.5284711e-03
  -6.5377829e-03
  -6.5470400e-03
  -6.5562423e-03
  -6.5653897e-03
  -6.5744823e-03
  -6.5835199e-03
  -6.5925026e-03
  -6.6014303e-03
  -6.6103029e-03
  -6.6191205e-03
  -6.6278830e-03
  -6.6365903e-03
  -6.6452424e-03
  -6.6538393e-03
  -6.6623810e-03
  -6.6708674e-03
  -6.6792984e-03
  -6.6876741e-03
  -6.6959944e-03
  -6.7042592e-03
  -6.7124686e-03
  -6.7206225e-03
  -6.7287208e-03
  -6.7367636e-03
  -6.7447508e-03
  -6.7526824e-03
  -6.7605583e-03
  -6.7683785e-03
  -6.7761430e-03
  -6.7838517e-03
  -6.7915046e-03
  -6.7991017e-03
  -6.8066429e-03
  -6.8141283e-03
  -6.8215578e-03
  -6.8289313e-03
  -6.8362488e-03
  -6.8435103e-03
  -6.8507159e-03
  -6.8578653e-03
  -6.8649587e-03
  -6.8719959e-03
  -6.8789770e-03
  -6.8859020e-03
  -6.8927707e-03
  -6.8995832e-03
  -6.9063395e-03
  -6.9130395e-03
  -6.9196832e-03
  -6.9262706e-03
  -6.9328016e-03
  -6.9392762e-03
  -6.9456945e-03
  -6.9520563e-03
  -6.9583616e-03
  -6.9646105e-03
  -6.9708029e-03
  -6.9769387e-03
  -6.9830180e-03
  -6.9890408e-03
  -6.9950069e-03
  -7.0009164e-03
  -7.0067693e-03
  -7.0125656e-03
  -7.0183051e-03
  -7.0239880e-03
  -7.0296141e-03
  -7.0351835e-03
  -7.0406962e-03
  -7.0461520e-03
  -7.0515511e-03
  -7.0568933e-03
  -7.0621787e-03
  -7.0674072e-03
  -7.0725789e-03
  -7.0776936e-03
  -7.0827514e-03
  -7.0877523e-03
  -7.0926963e-03
  -7.0975833e-03
  -7.1024133e-03
  -7.1071863e-03
  -7.1119022e-03
  -7.1165612e-03
  -7.1211631e-03
  -7.1257079e-03
  -7.1301956e-03
  -7.1346263e-03
  -7.1389998e-03
  -7.1433162e-03
  -7.1475755e-03
  -7.1517776e-03
  -7.1559225e-03
  -7.1600103e-03
  -7.1640408e-03
  -7.1680142e-03
  -7.1719303e-03
  -7.1757892e-03
  -7.1795908e-03
  -7.1833352e-03
  -7.1870223e-03
  -7.1906522e-03
  -7.1942247e-03
  -7.1977399e-03
  -7.2011979e-03
  -7.2045985e-03
  -7.2079417e-03
  -7.2112276e-03
  -7.2144562e-03
  -7.2176274e-03
  -7.2207412e-03
  -7.2237977e-03
  -7.2267967e-03
  -7.2297384e-03
  -7.2326226e-03
  -7.2354494e-03
  -7.2382189e-03
  -7.2409308e-03
  -7.2435854e-03
  -7.2461825e-03
  -7.2487222e-03
  -7.2512044e-03
  -7.2536291e-03
  -7.2559964e-03
  -7.2583062e-03
  -7.2605585e-03
  -7.2627534e-03
  -7.2648907e-03
  -7.2669706e-03
  -7.2689930e-03
  -7.2709579e-03
  -7.2728653e-03
  -7.2747151e-03
  -7.2765075e-03
  -7.2782424e-03
  -7.2799197e-03
  -7.2815396e-03
  -7.2831019e-03
  -7.2846067e-03
  -7.2860540e-03
  -7.2874437e-03
  -7.2887760e-03
  -7.2900507e-03
  -7.2912679e-03
  -7.2924276e-03
  -7.2935298e-03
  -7.2945744e-03
  -7.2955615e-03
  -7.2964912e-03
  -7.2973633e-03
  -7.2981778e-03
  -7.2989349e-03
  -7.2996345e-03
  -7.3002765e-03
  -7.3008611e-03
  -7.3013881e-03
  -7.3018577e-03
  -7.3022697e-03
  -7.3026243e-03
  -7.3029214e-03
  -7.3031610e-03
  -7.3033431e-03
  -7.3034677e-03
  -7.3035349e-03
  -7.3035446e-03
  -7.3034969e-03
  -7.3033917e-03
  -7.3032291e-03
  -7.3030090e-03
  -7.3027315e-03
  -7.3023966e-03
  -7.3020043e-03
  -7.3015546e-03
  -7.3010475e-03
  -7.3004829e-03
  -7.2998610e-03
  -7.2991818e-03
  -7.2984451e-03
  -7.2976511e-03
  -7.2967998e-03
  -7.2958912e-03
  -7.2949252e-03
  -7.2939019e-03
  -7.2928213e-03
  -7.2916834e-03
  -7.2904882e-03
  -7.2892358e-03
  -7.2879261e-03
  -7.2865592e-03
  -7.2851350e-03
  -7.2836536e-03
  -7.2821151e-03
  -7.2805193e-03
  -7.2788663e-03
  -7.2771562e-03
  -7.2753890e-03
  -7.2735646e-03
  -7.2716831e-03
  -7.2697445e-03
  -7.2677488e-03
  -7.2656960e-03
  -7.2635862e-03
  -7.2614194e-03
  -7.2591955e-03
  -7.2569146e-03
  -7.2545768e-03
  -7.2521819e-03
  -7.2497302e-03
  -7.2472215e-03
  -7.2446558e-03
  -7.2420333e-03
  -7.2393539e-03
  -7.2366177e-03
  -7.2338246e-03
  -7.2309747e-03
  -7.2280680e-03
  -7.2251045e-03
  -7.2220843e-03
  -7.2190073e-03
  -7.2158737e-03
  -7.2126833e-03
  -7.2094363e-03
  -7.2061326e-03
  -7.2027723e-03
  -7.1993555e-03
  -7.1958820e-03
  -7.1923520e-03
  -7.1887655e-03
  -7.1851224e-03
  -7.1814229e-03
  -7.1776670e-03
  -7.1738546e-03
  -7.1699858e-03
  -7.1660606e-03
  -7.1620791e-03
  -7.1580413e-03
  -7.1539472e-03
  -7.1497968e-03
  -7.1455902e-03
  -7.1413274e-03
  -7.1370084e-03
  -7.1326332e-03
  -7.1282019e-03
  -7.1237145e-03
  -7.1191711e-03
  -7.1145716e-03
  -7.1099161e-03
  -7.1052047e-03
  -7.1004373e-03
  -7.0956139e-03
  -7.0907348e-03
  -7.0857997e-03
  -7.0808089e-03
  -7.0757622e-03
  -7.0706598e-03
  -7.0655017e-03
  -7.0602879e-03
  -7.0550185e-03
  -7.0496935e-03
  -7.0443128e-03
  -7.0388767e-03
  -7.0333850e-03
  -7.0278378e-03
  -7.0222353e-03
  -7.0165773e-03
  -7.0108639e-03
  -7.0050952e-03
  -6.9992713e-03
  -6.9933921e-03
  -6.9874576e-03
  -6.9814680e-03
  -6.9754233e-03
  -6.9693235e-03
  -6.9631686e-03
  -6.9569587e-03
  -6.9506938e-03
  -6.9443740e-03
  -6.9379993e-03
  -6.9315697e-03
  -6.9250853e-03
  -6.9185462e-03
  -6.9119523e-03
  -6.9053038e-03
  -6.8986006e-03
  -6.8918428e-03
  -6.8850305e-03
  -6.8781636e-03
  -6.8712423e-03
  -6.8642666e-03
  -6.8572365e-03
  -6.8501520e-03
  -6.8430133e-03
  -6.8358204e-03
  -6.8285732e-03
  -6.8212720e-03
  -6.8139166e-03
  -6.8065072e-03
  -6.7990438e-03
  -6.7915264e-03
  -6.7839552e-03
  -6.7763301e-03
  -6.7686512e-03
  -6.7609185e-03
  -6.7531322e-03
  -6.7452922e-03
  -6.7373986e-03
  -6.7294514e-03
  -6.7214508e-03
  -6.7133968e-03
  -6.7052893e-03
  -6.6971285e-03
  -6.6889145e-03
  -6.6806472e-03
  -6.6723267e-03
  -6.6639531e-03
  -6.6555265e-03
  -6.6470469e-03
  -6.6385143e-03
  -6.6299288e-03
  -6.6212905e-03
  -6.6125994e-03
  -6.6038556e-03
  -6.5950591e-03
  -6.5862100e-03
  -6.5773084e-03
  -6.5683543e-03
  -6.5593478e-03
  -6.5502889e-03
  -6.5411777e-03
  -6.5320142e-03
  -6.5227986e-03
  -6.5135308e-03
  -6.5042110e-03
  -6.4948392e-03
  -6.4854155e-03
  -6.4759399e-03
  -6.4664125e-03
  -6.4568333e-03
  -6.4472024e-03
  -6.4375200e-03
  -6.4277860e-03
  -6.4180005e-03
  -6.4081636e-03
  -6.3982754e-03
  -6.3883358e-03
  -6.3783451e-03
  -6.3683032e-03
  -6.3582102e-03
  -6.3480662e-03
  -6.3378713e-03
  -6.3276255e-03
  -6.3173289e-03
  -6.3069815e-03
  -6.2965835e-03
  -6.2861350e-03
  -6.2756359e-03
  -6.2650863e-03
  -6.2544864e-03
  -6.2438362e-03
  -6.2331357e-03
  -6.2223851e-03
  -6.2115844e-03
  -6.2007337e-03
  -6.1898331e-03
  -6.1788826e-03
  -6.1678824e-03
  -6.1568324e-03
  -6.1457328e-03
  -6.1345837e-03
  -6.1233851e-03
  -6.1121371e-03
  -6.1008397e-03
  -6.0894932e-03
  -6.0780975e-03
  -6.0666527e-03
  -6.0551589e-03
  -6.0436162e-03
  -6.0320247e-03
  -6.0203844e-03
  -6.0086954e-03
  -5.9969579e-03
  -5.9851718e-03
  -5.9733373e-03
  -5.9614545e-03
  -5.9495234e-03
  -5.9375441e-03
  -5.9255168e-03
  -5.9134415e-03
  -5.9013182e-03
  -5.8891471e-03
  -5.8769283e-03
  -5.8646618e-03
  -5.8523477e-03
  -5.8399862e-03
  -5.8275773e-03
  -5.8151210e-03
  -5.8026176e-03
  -5.7900670e-03
  -5.7774694e-03
  -5.7648249e-03
  -5.7521335e-03
  -5.7393954e-03
  -5.7266105e-03
  -5.7137791e-03
  -5.7009013e-03
  -5.6879770e-03
  -5.6750064e-03
  -5.6619897e-03
  -5.6489268e-03
  -5.6358179e-03
  -5.6226631e-03
  -5.6094625e-03
  -5.5962162e-03
  -5.5829242e-03
  -5.5695868e-03
  -5.5562038e-03
  -5.5427756e-03
  -5.5293021e-03
  -5.5157835e-03
  -5.5022198e-03
  -5.4886113e-03
  -5.4749578e-03
  -5.4612597e-03
  -5.4475169e-03
  -5.4337296e-03
  -5.4198979e-03
  -5.4060218e-03
  -5.3921015e-03
  -5.3781371e-03
  -5.3641287e-03
  -5.3500764e-03
  -5.3359803e-03
  -5.3218404e-03
  -5.3076570e-03
  -5.2934301e-03
  -5.2791599e-03
  -5.2648463e-03
  -5.2504896e-03
  -5.2360899e-03
  -5.2216472e-03
  -5.2071616e-03
  -5.1926333e-03
  -5.1780625e-03
  -5.1634491e-03
  -5.1487933e-03
  -5.1340952e-03
  -5.1193550e-03
  -5.1045727e-03
  -5.0897484e-03
  -5.0748823e-03
  -5.0599745e-03
  -5.0450251e-03
  -5.0300342e-03
  -5.0150020e-03
  -4.9999284e-03
  -4.9848137e-03
  -4.9696580e-03
  -4.9544614e-03
  -4.9392240e-03
  -4.9239459e-03
  -4.9086273e-03
  -4.8932682e-03
  -4.8778688e-03
  -4.8624292e-03
  -4.8469495e-03
  -4.8314299e-03
  -4.8158704e-03
  -4.8002712e-03
  -4.7846324e-03
  -4.7689541e-03
  -4.7532365e-03
  -4.7374796e-03
  -4.7216837e-03
  -4.7058488e-03
  -4.6899750e-03
  -4.6740625e-03
  -4.6581113e-03
  -4.6421217e-03
  -4.6260938e-03
  -4.6100276e-03
  -4.5939233e-03
  -4.5777811e-03
  -4.5616010e-03
  -4.5453832e-03
  -4.5291278e-03
  -4.5128350e-03
  -4.4965048e-03
  -4.4801374e-03
  -4.4637330e-03
  -4.4472916e-03
  -4.4308134e-03
  -4.4142986e-03
  -4.3977472e-03
  -4.3811594e-03
  -4.3645354e-03
  -4.3478752e-03
  -4.3311790e-03
  -4.3144469e-03
  -4.2976791e-03
  -4.2808757e-03
  -4.2640369e-03
  -4.2471627e-03
  -4.2302533e-03
  -4.2133089e-03
  -4.1963295e-03
  -4.1793154e-03
  -4.1622667e-03
  -4.1451834e-03
  -4.1280658e-03
  -4.1109140e-03
  -4.0937280e-03
  -4.0765082e-03
  -4.0592546e-03
  -4.0419673e-03
  -4.0246464e-03
  -4.0072923e-03
  -3.9899048e-03
  -3.9724843e-03
  -3.9550309e-03
  -3.9375447e-03
  -3.9200258e-03
  -3.9024744e-03
  -3.8848906e-03
  -3.8672746e-03
  -3.8496266e-03
  -3.8319466e-03
  -3.8142349e-03
  -3.7964915e-03
  -3.7787166e-03
  -3.7609104e-03
  -3.7430730e-03
  -3.7252046e-03
  -3.7073053e-03
  -3.6893753e-03
  -3.6714146e-03
  -3.6534236e-03
  -3.6354022e-03
  -3.6173507e-03
  -3.5992693e-03
  -3.5811580e-03
  -3.5630170e-03
  -3.5448465e-03
  -3.5266466e-03
  -3.5084175e-03
  -3.4901594e-03
  -3.4718723e-03
  -3.4535565e-03
  -3.4352121e-03
  -3.4168393e-03
  -3.3984381e-03
  -3.3800089e-03
  -3.3615516e-03
  -3.3430666e-03
  -3.3245539e-03
  -3.3060136e-03
  -3.2874461e-03
  -3.2688514e-03
  -3.2502296e-03
  -3.2315810e-03
  -3.2129056e-03
  -3.1942038e-03
  -3.1754755e-03
  -3.1567210e-03
  -3.1379405e-03
  -3.1191341e-03
  -3.1003019e-03
  -3.0814442e-03
  -3.0625610e-03
  -3.0436526e-03
  -3.0247191e-03
  -3.0057607e-03
  -2.9867776e-03
  -2.9677698e-03
  -2.9487376e-03
  -2.9296812e-03
  -2.9106006e-03
  -2.8914962e-03
  -2.8723679e-03
  -2.8532161e-03
  -2.8340408e-03
  -2.8148423e-03
  -2.7956207e-03
  -2.7763762e-03
  -2.7571089e-03
  -2.7378190e-03
  -2.7185067e-03
  -2.6991721e-03
  -2.6798155e-03
  -2.6604369e-03
  -2.6410366e-03
  -2.6216148e-03
  -2.6021715e-03
  -2.5827070e-03
  -2.5632215e-03
  -2.5437151e-03
  -2.5241879e-03
  -2.5046402e-03
  -2.4850722e-03
  -2.4654840e-03
  -2.4458757e-03
  -2.4262476e-03
  -2.4065999e-03
  -2.3869326e-03
  -2.3672460e-03
  -2.3475403e-03
  -2.3278156e-03
  -2.3080721e-03
  -2.2883099e-03
  -2.2685294e-03
  -2.2487305e-03
  -2.2289136e-03
  -2.2090788e-03
  -2.1892262e-03
  -2.1693561e-03
  -2.1494686e-03
  -2.1295639e-03
  -2.1096421e-03
  -2.0897035e-03
  -2.0697483e-03
  -2.0497766e-03
  -2.0297885e-03
  -2.0097844e-03
  -1.9897643e-03
  -1.9697284e-03
  -1.9496769e-03
  -1.9296100e-03
  -1.9095280e-03
  -1.8894308e-03
  -1.8693188e-03
  -1.8491921e-03
  -1.8290510e-03
  -1.8088955e-03
  -1.7887259e-03
  -1.7685423e-03
  -1.7483450e-03
  -1.7281341e-03
  -1.7079097e-03
  -1.6876722e-03
  -1.6674216e-03
  -1.6471582e-03
  -1.6268822e-03
  -1.6065936e-03
  -1.5862928e-03
  -1.5659798e-03
  -1.5456550e-03
  -1.5253183e-03
  -1.5049702e-03
  -1.4846107e-03
  -1.4642400e-03
  -1.4438583e-03
  -1.4234658e-03
  -1.4030626e-03
  -1.3826491e-03
  -1.3622253e-03
  -1.3417914e-03
  -1.3213477e-03
  -1.3008943e-03
  -1.2804314e-03
  -1.2599592e-03
  -1.2394779e-03
  -1.2189876e-03
  -1.1984886e-03
  -1.1779811e-03
  -1.1574652e-03
  -1.1369411e-03
  -1.1164090e-03
  -1.0958691e-03
  -1.0753217e-03
  -1.0547668e-03
  -1.0342047e-03
  -1.0136355e-03
  -9.9305952e-04
  -9.7247688e-04
  -9.5188777e-04
  -9.3129238e-04
  -9.1069092e-04
  -8.9008356e-04
  -8.6947050e-04
  -8.4885193e-04
  -8.2822804e-04
  -8.0759903e-04
  -7.8696508e-04
  -7.6632639e-04
  -7.4568315e-04
  -7.2503555e-04
  -7.0438379e-04
  -6.8372805e-04
  -6.6306852e-04
  -6.4240541e-04
  -6.2173890e-04
  -6.0106919e-04
  -5.8039646e-04
  -5.5972092e-04
  -5.3904275e-04
  -5.1836214e-04
  -4.9767930e-04
  -4.7699441e-04
  -4.5630767e-04
  -4.3561927e-04
  -4.1492940e-04
  -3.9423826e-04
  -3.7354604e-04
  -3.5285293e-04
  -3.3215914e-04
  -3.1146484e-04
  -2.9077025e-04
  -2.7007554e-04
  -2.4938092e-04
  -2.2868658e-04
  -2.0799270e-04
  -1.8729950e-04
  -1.6660716e-04
  -1.4591587e-04
  -1.2522583e-04
  -1.0453724e-04
  -8.3850282e-05
  -6.3165159e-05
  -4.2482064e-05
  -2.1801192e-05
  -1.1227352e-06
   1.9553110e-05
   4.0226150e-05
   6.0896189e-05
   8.1563034e-05
   1.0222649e-04
   1.2288636e-04
   1.4354245e-04
   1.6419457e-04
   1.8484252e-04
   2.0548611e-04
   2.2612514e-04
   2.4675942e-04
   2.6738875e-04
   2.8801294e-04
   3.0863179e-04
   3.2924511e-04
   3.4985271e-04
   3.7045439e-04
   3.9104995e-04
   4.1163921e-04
   4.3222196e-04
   4.5279802e-04
   4.7336718e-04
   4.9392926e-04
   5.1448405e-04
   5.3503137e-04
   5.5557102e-04
   5.7610281e-04
   5.9662654e-04
   6.1714202e-04
   6.3764905e-04
   6.5814744e-04
   6.7863700e-04
   6.9911753e-04
   7.1958884e-04
   7.4005074e-04
   7.6050302e-04
   7.8094551e-04
   8.0137800e-04
   8.2180030e-04
   8.4221222e-04
   8.6261356e-04
   8.8300414e-04
   9.0338375e-04
   9.2375221e-04
   9.4410932e-04
   9.6445489e-04
   9.8478873e-04
   1.0051106e-03
   1.0254204e-03
   1.0457179e-03
   1.0660029e-03
   1.0862752e-03
   1.1065346e-03
   1.1267809e-03
   1.1470140e-03
   1.1672336e-03
   1.1874395e-03
   1.2076316e-03
   1.2278097e-03
   1.2479736e-03
   1.2681230e-03
   1.2882578e-03
   1.3083778e-03
   1.3284829e-03
   1.3485727e-03
   1.3686472e-03
   1.3887061e-03
   1.4087493e-03
   1.4287765e-03
   1.4487876e-03
   1.4687824e-03
   1.4887607e-03
   1.5087223e-03
   1.5286670e-03
   1.5485947e-03
   1.5685051e-03
   1.5883980e-03
   1.6082733e-03
   1.6281308e-03
   1.6479702e-03
   1.6677915e-03
   1.6875944e-03
   1.7073787e-03
   1.7271442e-03
   1.7468908e-03
   1.7666182e-03
   1.7863264e-03
   1.8060150e-03
   1.8256840e-03
   1.8453330e-03
   1.8649620e-03
   1.8845708e-03
   1.9041591e-03
   1.9237268e-03
   1.9432737e-03
   1.9627996e-03
   1.9823044e-03
   2.0017878e-03
   2.0212497e-03
   2.0406898e-03
   2.0601081e-03
   2.0795042e-03
   2.0988781e-03
   2.1182296e-03
   2.1375584e-03
   2.1568644e-03
   2.1761474e-03
   2.1954072e-03
   2.2146437e-03
   2.2338566e-03
   2.2530458e-03
   2.2722112e-03
   2.2913524e-03
   2.3104694e-03
   2.3295620e-03
   2.3486299e-03
   2.3676731e-03
   2.3866912e-03
   2.4056843e-03
   2.4246520e-03
   2.4435942e-03
   2.4625107e-03
   2.4814014e-03
   2.5002660e-03
   2.5191044e-03
   2.5379165e-03
   2.5567019e-03
   2.5754607e-03
   2.5941925e-03
   2.6128973e-03
   2.6315747e-03
   2.6502248e-03
   2.6688472e-03
   2.6874419e-03
   2.7060086e-03
   2.7245472e-03
   2.7430575e-03
   2.7615393e-03
   2.7799925e-03
   2.7984168e-03
   2.8168122e-03
   2.8351785e-03
   2.8535154e-03
   2.8718228e-03
   2.8901005e-03
   2.9083484e-03
   2.9265663e-03
   2.9447541e-03
   2.9629115e-03
   2.9810384e-03
   2.9991346e-03
   3.0172000e-03
   3.0352344e-03
   3.0532377e-03
   3.0712095e-03
   3.0891499e-03
   3.1070586e-03
   3.1249355e-03
   3.1427804e-03
   3.1605932e-03
   3.1783736e-03
   3.1961215e-03
   3.2138368e-03
   3.2315193e-03
   3.2491688e-03
   3.2667851e-03
   3.2843682e-03
   3.3019178e-03
   3.3194338e-03
   3.3369161e-03
   3.3543644e-03
   3.3717786e-03
   3.3891585e-03
   3.4065041e-03
   3.4238151e-03
   3.4410913e-03
   3.4583327e-03
   3.4755391e-03
   3.4927102e-03
   3.5098460e-03
   3.5269464e-03
   3.5440110e-03
   3.5610399e-03
   3.5780327e-03
   3.5949895e-03
   3.6119100e-03
   3.6287941e-03
   3.6456416e-03
   3.6624524e-03
   3.6792263e-03
   3.6959631e-03
   3.7126628e-03
   3.7293252e-03
   3.7459501e-03
   3.7625374e-03
   3.7790869e-03
   3.7955985e-03
   3.8120720e-03
   3.8285073e-03
   3.8449042e-03
   3.8612627e-03
   3.8775825e-03
   3.8938635e-03
   3.9101055e-03
   3.9263085e-03
   3.9424722e-03
   3.9585966e-03
   3.9746815e-03
   3.9907267e-03
   4.0067321e-03
   4.0226976e-03
   4.0386230e-03
   4.0545081e-03
   4.0703530e-03
   4.0861573e-03
   4.1019210e-03
   4.1176439e-03
   4.1333260e-03
   4.1489669e-03
   4.1645667e-03
   4.1801252e-03
   4.1956422e-03
   4.2111177e-03
   4.2265514e-03
   4.2419432e-03
   4.2572931e-03
   4.2726008e-03
   4.2878663e-03
   4.3030894e-03
   4.3182700e-03
   4.3334080e-03
   4.3485031e-03
   4.3635554e-03
   4.3785646e-03
   4.3935306e-03
   4.4084534e-03
   4.4233327e-03
   4.4381685e-03
   4.4529606e-03
   4.4677089e-03
   4.4824133e-03
   4.4970736e-03
   4.5116898e-03
   4.5262616e-03
   4.5407891e-03
   4.5552720e-03
   4.5697102e-03
   4.5841036e-03
   4.5984522e-03
   4.6127557e-03
   4.6270140e-03
   4.6412271e-03
   4.6553948e-03
   4.6695170e-03
   4.6835935e-03
   4.6976243e-03
   4.7116093e-03
   4.7255483e-03
   4.7394412e-03
   4.7532879e-03
   4.7670882e-03
   4.7808422e-03
   4.7945496e-03
   4.8082103e-03
   4.8218243e-03
   4.8353914e-03
   4.8489115e-03
   4.8623845e-03
   4.8758102e-03
   4.8891887e-03
   4.9025197e-03
   4.9158032e-03
   4.9290391e-03
   4.9422272e-03
   4.9553674e-03
   4.9684597e-03
   4.9815039e-03
   4.9944999e-03
   5.0074476e-03
   5.0203470e-03
   5.0331979e-03
   5.0460002e-03
   5.0587538e-03
   5.0714586e-03
   5.0841145e-03
   5.0967214e-03
   5.1092793e-03
   5.1217879e-03
   5.1342473e-03
   5.1466573e-03
   5.1590178e-03
   5.1713287e-03
   5.1835899e-03
   5.1958014e-03
   5.2079630e-03
   5.2200747e-03
   5.2321363e-03
   5.2441478e-03
   5.2561090e-03
   5.2680199e-03
   5.2798804e-03
   5.2916904e-03
   5.3034498e-03
   5.3151585e-03
   5.3268164e-03
   5.3384234e-03
   5.3499795e-03
   5.3614846e-03
   5.3729386e-03
   5.3843413e-03
   5.3956927e-03
   5.4069928e-03
   5.4182414e-03
   5.4294384e-03
   5.4405838e-03
   5.4516775e-03
   5.4627194e-03
   5.4737095e-03
   5.4846476e-03
   5.4955336e-03
   5.5063676e-03
   5.5171493e-03
   5.5278788e-03
   5.5385559e-03
   5.5491806e-03
   5.5597528e-03
   5.5702725e-03
   5.5807395e-03
   5.5911538e-03
   5.6015152e-03
   5.6118238e-03
   5.6220795e-03
   5.6322822e-03
   5.6424317e-03
   5.6525282e-03
   5.6625714e-03
   5.6725613e-03
   5.6824978e-03
   5.6923809e-03
   5.7022105e-03
   5.7119866e-03
   5.7217090e-03
   5.7313778e-03
   5.7409927e-03
   5.7505539e-03
   5.7600611e-03
   5.7695144e-03
   5.7789137e-03
   5.7882589e-03
   5.7975500e-03
   5.8067869e-03
   5.8159695e-03
   5.8250979e-03
   5.8341718e-03
   5.8431913e-03
   5.8521563e-03
   5.8610668e-03
   5.8699226e-03
   5.8787238e-03
   5.8874703e-03
   5.8961620e-03
   5.9047989e-03
   5.9133809e-03
   5.9219080e-03
   5.9303801e-03
   5.9387972e-03
   5.9471592e-03
   5.9554660e-03
   5.9637177e-03
   5.9719141e-03
   5.9800552e-03
   5.9881411e-03
   5.9961715e-03
   6.0041465e-03
   6.0120661e-03
   6.0199301e-03
   6.0277386e-03
   6.0354915e-03
   6.0431887e-03
   6.0508303e-03
   6.0584161e-03
   6.0659461e-03
   6.0734203e-03
   6.0808387e-03
   6.0882011e-03
   6.0955077e-03
   6.1027582e-03
   6.1099528e-03
   6.1170913e-03
   6.1241737e-03
   6.1312000e-03
   6.1381701e-03
   6.1450841e-03
   6.1519418e-03
   6.1587432e-03
   6.1654884e-03
   6.1721772e-03
   6.1788097e-03
   6.1853858e-03
   6.1919055e-03
   6.1983687e-03
   6.2047754e-03
   6.2111256e-03
   6.2174193e-03
   6.2236564e-03
   6.2298369e-03
   6.2359608e-03
   6.2420281e-03
   6.2480387e-03
   6.2539926e-03
   6.2598897e-03
   6.2657301e-03
   6.2715138e-03
   6.2772406e-03
   6.2829107e-03
   6.2885239e-03
   6.2940802e-03
   6.2995797e-03
   6.3050223e-03
   6.3104080e-03
   6.3157367e-03
   6.3210085e-03
   6.3262233e-03
   6.3313812e-03
   6.3364820e-03
   6.3415258e-03
   6.3465126e-03
   6.3514423e-03
   6.3563150e-03
   6.3611306e-03
   6.3658892e-03
   6.3705906e-03
   6.3752349e-03
   6.3798221e-03
   6.3843522e-03
   6.3888251e-03
   6.3932409e-03
   6.3975996e-03
   6.4019010e-03
   6.4061453e-03
   6.4103324e-03
   6.4144623e-03
   6.4185351e-03
   6.4225506e-03
   6.4265090e-03
   6.4304101e-03
   6.4342540e-03
   6.4380407e-03
   6.4417702e-03
   6.4454425e-03
   6.4490576e-03
   6.4526154e-03
   6.4561160e-03
   6.4595594e-03
   6.4629456e-03
   6.4662746e-03
   6.4695464e-03
   6.4727609e-03
   6.4759183e-03
   6.4790184e-03
   6.4820614e-03
   6.4850471e-03
   6.4879757e-03
   6.4908470e-03
   6.4936612e-03
   6.4964183e-03
   6.4991181e-03
   6.5017608e-03
   6.5043464e-03
   6.5068748e-03
   6.5093461e-03
   6.5117603e-03
   6.5141174e-03
   6.5164174e-03
   6.5186603e-03
   6.5208461e-03
   6.5229749e-03
   6.5250466e-03
   6.5270613e-03
   6.5290190e-03
   6.5309197e-03
   6.5327634e-03
   6.5345501e-03
   6.5362799e-03
   6.5379528e-03
   6.5395687e-03
   6.5411277e-03
   6.5426299e-03
   6.5440751e-03
   6.5454636e-03
   6.5467952e-03
   6.5480700e-03
   6.5492881e-03
   6.5504493e-03
   6.5515539e-03
   6.5526017e-03
   6.5535929e-03
   6.5545274e-03
   6.5554052e-03
   6.5562264e-03
   6.5569911e-03
   6.5576991e-03
   6.5583506e-03
   6.5589457e-03
   6.5594842e-03
   6.5599663e-03
   6.5603919e-03
   6.5607612e-03
   6.5610740e-03
   6.5613306e-03
   6.5615308e-03
   6.5616747e-03
   6.5617624e-03
   6.5617939e-03
   6.5617692e-03
   6.5616883e-03
   6.5615513e-03
   6.5613583e-03
   6.5611091e-03
   6.5608040e-03
   6.5604429e-03
   6.5600258e-03
   6.5595528e-03
   6.5590240e-03
   6.5584393e-03
   6.5577988e-03
   6.5571026e-03
   6.5563506e-03
   6.5555430e-03
   6.5546797e-03
   6.5537608e-03
   6.5527863e-03
   6.5517563e-03
   6.5506708e-03
   6.5495299e-03
   6.5483336e-03
   6.5470819e-03
   6.5457749e-03
   6.5444127e-03
   6.5429952e-03
   6.5415225e-03
   6.5399947e-03
   6.5384118e-03
   6.5367739e-03
   6.5350809e-03
   6.5333330e-03
   6.5315302e-03
   6.5296725e-03
   6.5277601e-03
   6.5257928e-03
   6.5237709e-03
   6.5216942e-03
   6.5195630e-03
   6.5173772e-03
   6.5151369e-03
   6.5128421e-03
   6.5104929e-03
   6.5080893e-03
   6.5056314e-03
   6.5031193e-03
   6.5005529e-03
   6.4979324e-03
   6.4952578e-03
   6.4925292e-03
   6.4897466e-03
   6.4869100e-03
   6.4840196e-03
   6.4810753e-03
   6.4780773e-03
   6.4750256e-03
   6.4719202e-03
   6.4687612e-03
   6.4655487e-03
   6.4622827e-03
   6.4589633e-03
   6.4555905e-03
   6.4521644e-03
   6.4486851e-03
   6.4451526e-03
   6.4415669e-03
   6.4379282e-03
   6.4342365e-03
   6.4304919e-03
   6.4266944e-03
   6.4228441e-03
   6.4189410e-03
   6.4149853e-03
   6.4109769e-03
   6.4069160e-03
   6.4028026e-03
   6.3986367e-03
   6.3944185e-03
   6.3901480e-03
   6.3858253e-03
   6.3814503e-03
   6.3770233e-03
   6.3725443e-03
   6.3680133e-03
   6.3634304e-03
   6.3587957e-03
   6.3541092e-03
   6.3493710e-03
   6.3445812e-03
   6.3397398e-03
   6.3348470e-03
   6.3299027e-03
   6.3249071e-03
   6.3198603e-03
   6.3147622e-03
   6.3096130e-03
   6.3044128e-03
   6.2991616e-03
   6.2938594e-03
   6.2885064e-03
   6.2831027e-03
   6.2776483e-03
   6.2721432e-03
   6.2665876e-03
   6.2609816e-03
   6.2553252e-03
   6.2496184e-03
   6.2438614e-03
   6.2380542e-03
   6.2321970e-03
   6.2262897e-03
   6.2203325e-03
   6.2143255e-03
   6.2082686e-03
   6.2021621e-03
   6.1960059e-03
   6.1898002e-03
   6.1835451e-03
   6.1772405e-03
   6.1708867e-03
   6.1644836e-03
   6.1580313e-03
   6.1515301e-03
   6.1449798e-03
   6.1383806e-03
   6.1317326e-03
   6.1250358e-03
   6.1182904e-03
   6.1114965e-03
   6.1046540e-03
   6.0977631e-03
   6.0908239e-03
   6.0838365e-03
   6.0768009e-03
   6.0697172e-03
   6.0625855e-03
   6.0554059e-03
   6.0481785e-03
   6.0409034e-03
   6.0335806e-03
   6.0262103e-03
   6.0187924e-03
   6.0113272e-03
   6.0038147e-03
   5.9962550e-03
   5.9886481e-03
   5.9809942e-03
   5.9732933e-03
   5.9655456e-03
   5.9577511e-03
   5.9499099e-03
   5.9420221e-03
   5.9340878e-03
   5.9261070e-03
   5.9180800e-03
   5.9100067e-03
   5.9018872e-03
   5.8937217e-03
   5.8855102e-03
   5.8772528e-03
   5.8689497e-03
   5.8606008e-03
   5.8522064e-03
   5.8437664e-03
   5.8352810e-03
   5.8267503e-03
   5.8181743e-03
   5.8095532e-03
   5.8008871e-03
   5.7921760e-03
   5.7834200e-03
   5.7746193e-03
   5.7657739e-03
   5.7568839e-03
   5.7479494e-03
   5.7389706e-03
   5.7299475e-03
   5.7208801e-03
   5.7117687e-03
   5.7026132e-03
   5.6934139e-03
   5.6841707e-03
   5.6748838e-03
   5.6655533e-03
   5.6561793e-03
   5.6467619e-03
   5.6373011e-03
   5.6277971e-03
   5.6182499e-03
   5.6086598e-03
   5.5990267e-03
   5.5893507e-03
   5.5796321e-03
   5.5698708e-03
   5.5600669e-03
   5.5502206e-03
   5.5403320e-03
   5.5304011e-03
   5.5204281e-03
   5.5104131e-03
   5.5003561e-03
   5.4902573e-03
   5.4801168e-03
   5.4699346e-03
   5.4597109e-03
   5.4494457e-03
   5.4391393e-03
   5.4287916e-03
   5.4184027e-03
   5.4079729e-03
   5.3975021e-03
   5.3869906e-03
   5.3764383e-03
   5.3658454e-03
   5.3552120e-03
   5.3445382e-03
   5.3338241e-03
   5.3230698e-03
   5.3122754e-03
   5.3014410e-03
   5.2905668e-03
   5.2796527e-03
   5.2686990e-03
   5.2577058e-03
   5.2466731e-03
   5.2356010e-03
   5.2244897e-03
   5.2133392e-03
   5.2021497e-03
   5.1909212e-03
   5.1796540e-03
   5.1683480e-03
   5.1570034e-03
   5.1456204e-03
   5.1341989e-03
   5.1227391e-03
   5.1112412e-03
   5.0997051e-03
   5.0881312e-03
   5.0765193e-03
   5.0648697e-03
   5.0531825e-03
   5.0414578e-03
   5.0296956e-03
   5.0178961e-03
   5.0060594e-03
   4.9941856e-03
   4.9822748e-03
   4.9703272e-03
   4.9583428e-03
   4.9463217e-03
   4.9342641e-03
   4.9221700e-03
   4.9100396e-03
   4.8978730e-03
   4.8856704e-03
   4.8734317e-03
   4.8611571e-03
   4.8488468e-03
   4.8365008e-03
   4.8241192e-03
   4.8117022e-03
   4.7992499e-03
   4.7867624e-03
   4.7742398e-03
   4.7616822e-03
   4.7490897e-03
   4.7364625e-03
   4.7238006e-03
   4.7111042e-03
   4.6983733e-03
   4.6856082e-03
   4.6728088e-03
   4.6599754e-03
   4.6471080e-03
   4.6342067e-03
   4.6212717e-03
   4.6083030e-03
   4.5953009e-03
   4.5822653e-03
   4.5691965e-03
   4.5560945e-03
   4.5429594e-03
   4.5297914e-03
   4.5165906e-03
   4.5033571e-03
   4.4900909e-03
   4.4767923e-03
   4.4634613e-03
   4.4500981e-03
   4.4367027e-03
   4.4232754e-03
   4.4098161e-03
   4.3963250e-03
   4.3828023e-03
   4.3692480e-03
   4.3556623e-03
   4.3420452e-03
   4.3283970e-03
   4.3147177e-03
   4.3010074e-03
   4.2872662e-03
   4.2734943e-03
   4.2596918e-03
   4.2458588e-03
   4.2319955e-03
   4.2181018e-03
   4.2041780e-03
   4.1902242e-03
   4.1762405e-03
   4.1622270e-03
   4.1481838e-03
   4.1341111e-03
   4.1200089e-03
   4.1058774e-03
   4.0917167e-03
   4.0775270e-03
   4.0633082e-03
   4.0490607e-03
   4.0347844e-03
   4.0204795e-03
   4.0061461e-03
   3.9917844e-03
   3.9773944e-03
   3.9629763e-03
   3.9485302e-03
   3.9340563e-03
   3.9195545e-03
   3.9050251e-03
   3.8904682e-03
   3.8758839e-03
   3.8612724e-03
   3.8466336e-03
   3.8319678e-03
   3.8172751e-03
   3.8025556e-03
   3.7878095e-03
   3.7730367e-03
   3.7582376e-03
   3.7434121e-03
   3.7285605e-03
   3.7136827e-03
   3.6987791e-03
   3.6838496e-03
   3.6688944e-03
   3.6539136e-03
   3.6389074e-03
   3.6238758e-03
   3.6088190e-03
   3.5937372e-03
   3.5786303e-03
   3.5634986e-03
   3.5483422e-03
   3.5331612e-03
   3.5179557e-03
   3.5027259e-03
   3.4874718e-03
   3.4721937e-03
   3.4568915e-03
   3.4415655e-03
   3.4262157e-03
   3.4108424e-03
   3.3954455e-03
   3.3800253e-03
   3.3645818e-03
   3.3491153e-03
   3.3336257e-03
   3.3181132e-03
   3.3025781e-03
   3.2870202e-03
   3.2714399e-03
   3.2558373e-03
   3.2402123e-03
   3.2245653e-03
   3.2088963e-03
   3.1932053e-03
   3.1774927e-03
   3.1617584e-03
   3.1460026e-03
   3.1302254e-03
   3.1144270e-03
   3.0986075e-03
   3.0827670e-03
   3.0669056e-03
   3.0510235e-03
   3.0351207e-03
   3.0191975e-03
   3.0032539e-03
   2.9872900e-03
   2.9713060e-03
   2.9553021e-03
   2.9392783e-03
   2.9232347e-03
   2.9071715e-03
   2.8910889e-03
   2.8749869e-03
   2.8588656e-03
   2.8427253e-03
   2.8265660e-03
   2.8103878e-03
   2.7941909e-03
   2.7779754e-03
   2.7617415e-03
   2.7454892e-03
   2.7292187e-03
   2.7129300e-03
   2.6966235e-03
   2.6802991e-03
   2.6639570e-03
   2.6475973e-03
   2.6312202e-03
   2.6148257e-03
   2.5984141e-03
   2.5819854e-03
   2.5655398e-03
   2.5490773e-03
   2.5325982e-03
   2.5161025e-03
   2.4995904e-03
   2.4830619e-03
   2.4665174e-03
   2.4499567e-03
   2.4333802e-03
   2.4167879e-03
   2.4001799e-03
   2.3835564e-03
   2.3669175e-03
   2.3502634e-03
   2.3335941e-03
   2.3169098e-03
   2.3002106e-03
   2.2834967e-03
   2.2667681e-03
   2.2500251e-03
   2.2332676e-03
   2.2164960e-03
   2.1997102e-03
   2.1829105e-03
   2.1660969e-03
   2.1492697e-03
   2.1324288e-03
   2.1155745e-03
   2.0987068e-03
   2.0818260e-03
   2.0649320e-03
   2.0480252e-03
   2.0311055e-03
   2.0141732e-03
   1.9972283e-03
   1.9802710e-03
   1.9633015e-03
   1.9463197e-03
   1.9293260e-03
   1.9123203e-03
   1.8953029e-03
   1.8782739e-03
   1.8612333e-03
   1.8441814e-03
   1.8271183e-03
   1.8100440e-03
   1.7929588e-03
   1.7758627e-03
   1.7587559e-03
   1.7416385e-03
   1.7245107e-03
   1.7073726e-03
   1.6902242e-03
   1.6730658e-03
   1.6558975e-03
   1.6387194e-03
   1.6215316e-03
   1.6043343e-03
   1.5871275e-03
   1.5699116e-03
   1.5526864e-03
   1.5354523e-03
   1.5182093e-03
   1.5009576e-03
   1.4836972e-03
   1.4664284e-03
   1.4491512e-03
   1.4318658e-03
   1.4145723e-03
   1.3972709e-03
   1.3799617e-03
   1.3626448e-03
   1.3453203e-03
   1.3279884e-03
   1.3106492e-03
   1.2933029e-03
   1.2759495e-03
   1.2585893e-03
   1.2412223e-03
   1.2238486e-03
   1.2064685e-03
   1.1890821e-03
   1.1716894e-03
   1.1542906e-03
   1.1368858e-03
   1.1194752e-03
   1.1020590e-03
   1.0846371e-03
   1.0672099e-03
   1.0497773e-03
   1.0323396e-03
   1.0148969e-03
   9.9744921e-04
   9.7999681e-04
   9.6253979e-04
   9.4507826e-04
   9.2761238e-04
   9.1014227e-04
   8.9266806e-04
   8.7518990e-04
   8.5770791e-04
   8.4022222e-04
   8.2273297e-04
   8.0524030e-04
   7.8774434e-04
   7.7024522e-04
   7.5274307e-04
   7.3523803e-04
   7.1773024e-04
   7.0021982e-04
   6.8270691e-04
   6.6519165e-04
   6.4767417e-04
   6.3015459e-04
   6.1263307e-04
   5.9510973e-04
   5.7758470e-04
   5.6005812e-04
   5.4253013e-04
   5.2500085e-04
   5.0747043e-04
   4.8993899e-04
   4.7240667e-04
   4.5487361e-04
   4.3733994e-04
   4.1980579e-04
   4.0227130e-04
   3.8473660e-04
   3.6720183e-04
   3.4966712e-04
   3.3213260e-04
   3.1459842e-04
   2.9706470e-04
   2.7953158e-04
   2.6199920e-04
   2.4446768e-04
   2.2693717e-04
   2.0940780e-04
   1.9187969e-04
   1.7435300e-04
   1.5682785e-04
   1.3930438e-04
   1.2178271e-04
   1.0426300e-04
   8.6745364e-05
   6.9229946e-05
   5.1716879e-05
   3.4206298e-05
   1.6698337e-05
  -8.0686758e-07
  -1.8309182e-05
  -3.5808472e-05
  -5.3304601e-05
  -7.0797435e-05
  -8.8286839e-05
  -1.0577268e-04
  -1.2325482e-04
  -1.4073312e-04
  -1.5820746e-04
  -1.7567769e-04
  -1.9314368e-04
  -2.1060529e-04
  -2.2806240e-04
  -2.4551486e-04
  -2.6296254e-04
  -2.8040531e-04
  -2.9784303e-04
  -3.1527556e-04
  -3.3270278e-04
  -3.5012454e-04
  -3.6754070e-04
  -3.8495115e-04
  -4.0235574e-04
  -4.1975433e-04
  -4.3714679e-04
  -4.5453298e-04
  -4.7191278e-04
  -4.8928604e-04
  -5.0665264e-04
  -5.2401243e-04
  -5.4136528e-04
  -5.5871105e-04
  -5.7604962e-04
  -5.9338084e-04
  -6.1070458e-04
  -6.2802071e-04
  -6.4532909e-04
  -6.6262958e-04
  -6.7992206e-04
  -6.9720638e-04
  -7.1448242e-04
  -7.3175003e-04
  -7.4900908e-04
  -7.6625944e-04
  -7.8350097e-04
  -8.0073354e-04
  -8.1795701e-04
  -8.3517125e-04
  -8.5237612e-04
  -8.6957150e-04
  -8.8675723e-04
  -9.0393320e-04
  -9.2109925e-04
  -9.3825527e-04
  -9.5540112e-04
  -9.7253665e-04
  -9.8966174e-04
  -1.0067763e-03
  -1.0238801e-03
  -1.0409730e-03
  -1.0580550e-03
  -1.0751258e-03
  -1.0921854e-03
  -1.1092337e-03
  -1.1262704e-03
  -1.1432954e-03
  -1.1603087e-03
  -1.1773100e-03
  -1.1942993e-03
  -1.2112764e-03
  -1.2282411e-03
  -1.2451935e-03
  -1.2621332e-03
  -1.2790602e-03
  -1.2959743e-03
  -1.3128754e-03
  -1.3297635e-03
  -1.3466382e-03
  -1.3634996e-03
  -1.3803474e-03
  -1.3971815e-03
  -1.4140019e-03
  -1.4308083e-03
  -1.4476007e-03
  -1.4643789e-03
  -1.4811427e-03
  -1.4978921e-03
  -1.5146269e-03
  -1.5313470e-03
  -1.5480522e-03
  -1.5647424e-03
  -1.5814174e-03
  -1.5980772e-03
  -1.6147216e-03
  -1.6313505e-03
  -1.6479637e-03
  -1.6645612e-03
  -1.6811427e-03
  -1.6977081e-03
  -1.7142574e-03
  -1.7307903e-03
  -1.7473068e-03
  -1.7638066e-03
  -1.7802898e-03
  -1.7967561e-03
  -1.8132054e-03
  -1.8296376e-03
  -1.8460526e-03
  -1.8624502e-03
  -1.8788302e-03
  -1.8951926e-03
  -1.9115373e-03
  -1.9278640e-03
  -1.9441727e-03
  -1.9604632e-03
  -1.9767354e-03
  -1.9929892e-03
  -2.0092244e-03
  -2.0254409e-03
  -2.0416386e-03
  -2.0578173e-03
  -2.0739769e-03
  -2.0901173e-03
  -2.1062384e-03
  -2.1223400e-03
  -2.1384220e-03
  -2.1544842e-03
  -2.1705265e-03
  -2.1865489e-03
  -2.2025511e-03
  -2.2185331e-03
  -2.2344946e-03
  -2.2504357e-03
  -2.2663560e-03
  -2.2822556e-03
  -2.2981343e-03
  -2.3139920e-03
  -2.3298285e-03
  -2.3456436e-03
  -2.3614374e-03
  -2.3772096e-03
  -2.3929601e-03
  -2.4086888e-03
  -2.4243955e-03
  -2.4400802e-03
  -2.4557426e-03
  -2.4713828e-03
  -2.4870005e-03
  -2.5025955e-03
  -2.5181679e-03
  -2.5337175e-03
  -2.5492440e-03
  -2.5647475e-03
  -2.5802277e-03
  -2.5956846e-03
  -2.6111180e-03
  -2.6265279e-03
  -2.6419139e-03
  -2.6572761e-03
  -2.6726144e-03
  -2.6879285e-03
  -2.7032184e-03
  -2.7184839e-03
  -2.7337249e-03
  -2.7489413e-03
  -2.7641329e-03
  -2.7792997e-03
  -2.7944415e-03
  -2.8095582e-03
  -2.8246496e-03
  -2.8397157e-03
  -2.8547562e-03
  -2.8697712e-03
  -2.8847604e-03
  -2.8997237e-03
  -2.9146610e-03
  -2.9295722e-03
  -2.9444572e-03
  -2.9593158e-03
  -2.9741479e-03
  -2.9889534e-03
  -3.0037321e-03
  -3.0184840e-03
  -3.0332089e-03
  -3.0479068e-03
  -3.0625773e-03
  -3.0772205e-03
  -3.0918363e-03
  -3.1064244e-03
  -3.1209849e-03
  -3.1355175e-03
  -3.1500221e-03
  -3.1644986e-03
  -3.1789470e-03
  -3.1933670e-03
  -3.2077585e-03
  -3.2221215e-03
  -3.2364558e-03
  -3.2507613e-03
  -3.2650379e-03
  -3.2792854e-03
  -3.2935037e-03
  -3.3076928e-03
  -3.3218524e-03
  -3.3359825e-03
  -3.3500830e-03
  -3.3641537e-03
  -3.3781945e-03
  -3.3922053e-03
  -3.4061860e-03
  -3.4201364e-03
  -3.4340565e-03
  -3.4479461e-03
  -3.4618051e-03
  -3.4756334e-03
  -3.4894308e-03
  -3.5031973e-03
  -3.5169328e-03
  -3.5306370e-03
  -3.5443100e-03
  -3.5579516e-03
  -3.5715616e-03
  -3.5851400e-03
  -3.5986866e-03
  -3.6122013e-03
  -3.6256841e-03
  -3.6391348e-03
  -3.6525532e-03
  -3.6659393e-03
  -3.6792929e-03
  -3.6926140e-03
  -3.7059024e-03
  -3.7191580e-03
  -3.7323808e-03
  -3.7455705e-03
  -3.7587270e-03
  -3.7718504e-03
  -3.7849403e-03
  -3.7979968e-03
  -3.8110198e-03
  -3.8240090e-03
  -3.8369644e-03
  -3.8498860e-03
  -3.8627735e-03
  -3.8756268e-03
  -3.8884460e-03
  -3.9012307e-03
  -3.9139811e-03
  -3.9266968e-03
  -3.9393778e-03
  -3.9520241e-03
  -3.9646355e-03
  -3.9772118e-03
  -3.9897530e-03
  -4.0022590e-03
  -4.0147297e-03
  -4.0271649e-03
  -4.0395646e-03
  -4.0519286e-03
  -4.0642569e-03
  -4.0765493e-03
  -4.0888057e-03
  -4.1010260e-03
  -4.1132102e-03
  -4.1253580e-03
  -4.1374695e-03
  -4.1495444e-03
  -4.1615828e-03
  -4.1735844e-03
  -4.1855492e-03
  -4.1974771e-03
  -4.2093680e-03
  -4.2212217e-03
  -4.2330382e-03
  -4.2448174e-03
  -4.2565592e-03
  -4.2682634e-03
  -4.2799299e-03
  -4.2915588e-03
  -4.3031498e-03
  -4.3147028e-03
  -4.3262178e-03
  -4.3376947e-03
  -4.3491333e-03
  -4.3605336e-03
  -4.3718954e-03
  -4.3832187e-03
  -4.3945034e-03
  -4.4057493e-03
  -4.4169564e-03
  -4.4281246e-03
  -4.4392537e-03
  -4.4503437e-03
  -4.4613944e-03
  -4.4724059e-03
  -4.4833779e-03
  -4.4943104e-03
  -4.5052033e-03
  -4.5160565e-03
  -4.5268699e-03
  -4.5376434e-03
  -4.5483769e-03
  -4.5590703e-03
  -4.5697236e-03
  -4.5803366e-03
  -4.5909092e-03
  -4.6014413e-03
  -4.6119330e-03
  -4.6223839e-03
  -4.6327942e-03
  -4.6431636e-03
  -4.6534921e-03
  -4.6637796e-03
  -4.6740260e-03
  -4.6842312e-03
  -4.6943951e-03
  -4.7045177e-03
  -4.7145988e-03
  -4.7246384e-03
  -4.7346364e-03
  -4.7445926e-03
  -4.7545070e-03
  -4.7643796e-03
  -4.7742101e-03
  -4.7839986e-03
  -4.7937449e-03
  -4.8034490e-03
  -4.8131108e-03
  -4.8227301e-03
  -4.8323070e-03
  -4.8418413e-03
  -4.8513329e-03
  -4.8607818e-03
  -4.8701879e-03
  -4.8795510e-03
  -4.8888712e-03
  -4.8981482e-03
  -4.9073822e-03
  -4.9165728e-03
  -4.9257202e-03
  -4.9348241e-03
  -4.9438846e-03
  -4.9529015e-03
  -4.9618748e-03
  -4.9708043e-03
  -4.9796901e-03
  -4.9885320e-03
  -4.9973299e-03
  -5.0060838e-03
  -5.0147935e-03
  -5.0234591e-03
  -5.0320805e-03
  -5.0406574e-03
  -5.0491900e-03
  -5.0576781e-03
  -5.0661216e-03
  -5.0745205e-03
  -5.0828747e-03
  -5.0911840e-03
  -5.0994486e-03
  -5.1076682e-03
  -5.1158427e-03
  -5.1239722e-03
  -5.1320566e-03
  -5.1400957e-03
  -5.1480896e-03
  -5.1560380e-03
  -5.1639411e-03
  -5.1717986e-03
  -5.1796106e-03
  -5.1873770e-03
  -5.1950976e-03
  -5.2027724e-03
  -5.2104014e-03
  -5.2179845e-03
  -5.2255217e-03
  -5.2330127e-03
  -5.2404577e-03
  -5.2478565e-03
  -5.2552091e-03
  -5.2625153e-03
  -5.2697752e-03
  -5.2769886e-03
  -5.2841556e-03
  -5.2912760e-03
  -5.2983497e-03
  -5.3053768e-03
  -5.3123572e-03
  -5.3192907e-03
  -5.3261774e-03
  -5.3330171e-03
  -5.3398099e-03
  -5.3465556e-03
  -5.3532542e-03
  -5.3599056e-03
  -5.3665098e-03
  -5.3730668e-03
  -5.3795764e-03
  -5.3860386e-03
  -5.3924533e-03
  -5.3988205e-03
  -5.4051402e-03
  -5.4114123e-03
  -5.4176367e-03
  -5.4238133e-03
  -5.4299422e-03
  -5.4360233e-03
  -5.4420564e-03
  -5.4480417e-03
  -5.4539789e-03
  -5.4598681e-03
  -5.4657092e-03
  -5.4715022e-03
  -5.4772469e-03
  -5.4829435e-03
  -5.4885917e-03
  -5.4941916e-03
  -5.4997431e-03
  -5.5052461e-03
  -5.5107007e-03
  -5.5161068e-03
  -5.5214642e-03
  -5.5267731e-03
  -5.5320332e-03
  -5.5372447e-03
  -5.5424074e-03
  -5.5475213e-03
  -5.5525863e-03
  -5.5576025e-03
  -5.5625697e-03
  -5.5674880e-03
  -5.5723572e-03
  -5.5771774e-03
  -5.5819485e-03
  -5.5866704e-03
  -5.5913432e-03
  -5.5959667e-03
  -5.6005410e-03
  -5.6050660e-03
  -5.6095416e-03
  -5.6139679e-03
  -5.6183448e-03
  -5.6226722e-03
  -5.6269501e-03
  -5.6311786e-03
  -5.6353574e-03
  -5.6394867e-03
  -5.6435664e-03
  -5.6475964e-03
  -5.6515767e-03
  -5.6555073e-03
  -5.6593882e-03
  -5.6632193e-03
  -5.6670005e-03
  -5.6707319e-03
  -5.6744134e-03
  -5.6780451e-03
  -5.6816268e-03
  -5.6851585e-03
  -5.6886402e-03
  -5.6920719e-03
  -5.6954536e-03
  -5.6987852e-03
  -5.7020666e-03
  -5.7052980e-03
  -5.7084792e-03
  -5.7116102e-03
  -5.7146910e-03
  -5.7177216e-03
  -5.7207020e-03
  -5.7236321e-03
  -5.7265118e-03
  -5.7293413e-03
  -5.7321204e-03
  -5.7348492e-03
  -5.7375276e-03
  -5.7401556e-03
  -5.7427331e-03
  -5.7452603e-03
  -5.7477369e-03
  -5.7501631e-03
  -5.7525389e-03
  -5.7548641e-03
  -5.7571387e-03
  -5.7593629e-03
  -5.7615364e-03
  -5.7636594e-03
  -5.7657319e-03
  -5.7677537e-03
  -5.7697249e-03
  -5.7716455e-03
  -5.7735154e-03
  -5.7753347e-03
  -5.7771033e-03
  -5.7788213e-03
  -5.7804885e-03
  -5.7821051e-03
  -5.7836710e-03
  -5.7851862e-03
  -5.7866506e-03
  -5.7880643e-03
  -5.7894273e-03
  -5.7907395e-03
  -5.7920010e-03
  -5.7932117e-03
  -5.7943717e-03
  -5.7954809e-03
  -5.7965394e-03
  -5.7975470e-03
  -5.7985039e-03
  -5.7994100e-03
  -5.8002653e-03
  -5.8010699e-03
  -5.8018236e-03
  -5.8025266e-03
  -5.8031788e-03
  -5.8037802e-03
  -5.8043308e-03
  -5.8048307e-03
  -5.8052797e-03
  -5.8056780e-03
  -5.8060255e-03
  -5.8063222e-03
  -5.8065681e-03
  -5.8067633e-03
  -5.8069077e-03
  -5.8070014e-03
  -5.8070443e-03
  -5.8070365e-03
  -5.8069779e-03
  -5.8068686e-03
  -5.8067086e-03
  -5.8064979e-03
  -5.8062365e-03
  -5.8059243e-03
  -5.8055615e-03
  -5.8051480e-03
  -5.8046839e-03
  -5.8041691e-03
  -5.8036036e-03
  -5.8029876e-03
  -5.8023209e-03
  -5.8016036e-03
  -5.8008357e-03
  -5.8000173e-03
  -5.7991482e-03
  -5.7982287e-03
  -5.7972586e-03
  -5.7962380e-03
  -5.7951669e-03
  -5.7940454e-03
  -5.7928734e-03
  -5.7916509e-03
  -5.7903780e-03
  -5.7890547e-03
  -5.7876811e-03
  -5.7862571e-03
  -5.7847827e-03
  -5.7832580e-03
  -5.7816831e-03
  -5.7800578e-03
  -5.7783823e-03
  -5.7766566e-03
  -5.7748807e-03
  -5.7730546e-03
  -5.7711783e-03
  -5.7692519e-03
  -5.7672754e-03
  -5.7652489e-03
  -5.7631723e-03
  -5.7610456e-03
  -5.7588690e-03
  -5.7566424e-03
  -5.7543659e-03
  -5.7520395e-03
  -5.7496632e-03
  -5.7472371e-03
  -5.7447611e-03
  -5.7422354e-03
  -5.7396599e-03
  -5.7370347e-03
  -5.7343598e-03
  -5.7316353e-03
  -5.7288611e-03
  -5.7260374e-03
  -5.7231641e-03
  -5.7202414e-03
  -5.7172691e-03
  -5.7142474e-03
  -5.7111763e-03
  -5.7080558e-03
  -5.7048861e-03
  -5.7016670e-03
  -5.6983987e-03
  -5.6950811e-03
  -5.6917144e-03
  -5.6882986e-03
  -5.6848337e-03
  -5.6813197e-03
  -5.6777568e-03
  -5.6741449e-03
  -5.6704840e-03
  -5.6667743e-03
  -5.6630158e-03
  -5.6592084e-03
  -5.6553524e-03
  -5.6514476e-03
  -5.6474942e-03
  -5.6434922e-03
  -5.6394416e-03
  -5.6353425e-03
  -5.6311950e-03
  -5.6269990e-03
  -5.6227547e-03
  -5.6184621e-03
  -5.6141212e-03
  -5.6097320e-03
  -5.6052948e-03
  -5.6008094e-03
  -5.5962759e-03
  -5.5916944e-03
  -5.5870650e-03
  -5.5823877e-03
  -5.5776625e-03
  -5.5728895e-03
  -5.5680688e-03
  -5.5632004e-03
  -5.5582843e-03
  -5.5533207e-03
  -5.5483096e-03
  -5.5432510e-03
  -5.5381450e-03
  -5.5329916e-03
  -5.5277910e-03
  -5.5225431e-03
  -5.5172480e-03
  -5.5119059e-03
  -5.5065167e-03
  -5.5010805e-03
  -5.4955973e-03
  -5.4900673e-03
  -5.4844905e-03
  -5.4788670e-03
  -5.4731967e-03
  -5.4674799e-03
  -5.4617164e-03
  -5.4559065e-03
  -5.4500502e-03
  -5.4441475e-03
  -5.4381985e-03
  -5.4322033e-03
  -5.4261619e-03
  -5.4200744e-03
  -5.4139409e-03
  -5.4077614e-03
  -5.4015361e-03
  -5.3952649e-03
  -5.3889479e-03
  -5.3825853e-03
  -5.3761770e-03
  -5.3697232e-03
  -5.3632239e-03
  -5.3566793e-03
  -5.3500892e-03
  -5.3434540e-03
  -5.3367735e-03
  -5.3300479e-03
  -5.3232773e-03
  -5.3164617e-03
  -5.3096013e-03
  -5.3026960e-03
  -5.2957459e-03
  -5.2887512e-03
  -5.2817119e-03
  -5.2746281e-03
  -5.2674999e-03
  -5.2603272e-03
  -5.2531103e-03
  -5.2458492e-03
  -5.2385440e-03
  -5.2311947e-03
  -5.2238015e-03
  -5.2163644e-03
  -5.2088834e-03
  -5.2013588e-03
  -5.1937904e-03
  -5.1861786e-03
  -5.1785232e-03
  -5.1708244e-03
  -5.1630824e-03
  -5.1552970e-03
  -5.1474686e-03
  -5.1395970e-03
  -5.1316825e-03
  -5.1237251e-03
  -5.1157248e-03
  -5.1076819e-03
  -5.0995963e-03
  -5.0914681e-03
  -5.0832975e-03
  -5.0750845e-03
  -5.0668292e-03
  -5.0585317e-03
  -5.0501920e-03
  -5.0418104e-03
  -5.0333867e-03
  -5.0249213e-03
  -5.0164141e-03
  -5.0078652e-03
  -4.9992747e-03
  -4.9906427e-03
  -4.9819694e-03
  -4.9732547e-03
  -4.9644988e-03
  -4.9557018e-03
  -4.9468638e-03
  -4.9379848e-03
  -4.9290650e-03
  -4.9201044e-03
  -4.9111032e-03
  -4.9020614e-03
  -4.8929792e-03
  -4.8838565e-03
  -4.8746937e-03
  -4.8654906e-03
  -4.8562474e-03
  -4.8469643e-03
  -4.8376413e-03
  -4.8282785e-03
  -4.8188759e-03
  -4.8094338e-03
  -4.7999522e-03
  -4.7904313e-03
  -4.7808710e-03
  -4.7712715e-03
  -4.7616329e-03
  -4.7519553e-03
  -4.7422388e-03
  -4.7324836e-03
  -4.7226896e-03
  -4.7128571e-03
  -4.7029860e-03
  -4.6930766e-03
  -4.6831289e-03
  -4.6731430e-03
  -4.6631190e-03
  -4.6530570e-03
  -4.6429572e-03
  -4.6328196e-03
  -4.6226444e-03
  -4.6124315e-03
  -4.6021813e-03
  -4.5918937e-03
  -4.5815688e-03
  -4.5712069e-03
  -4.5608079e-03
  -4.5503719e-03
  -4.5398992e-03
  -4.5293898e-03
  -4.5188437e-03
  -4.5082612e-03
  -4.4976423e-03
  -4.4869871e-03
  -4.4762958e-03
  -4.4655684e-03
  -4.4548050e-03
  -4.4440059e-03
  -4.4331710e-03
  -4.4223005e-03
  -4.4113945e-03
  -4.4004531e-03
  -4.3894764e-03
  -4.3784646e-03
  -4.3674177e-03
  -4.3563359e-03
  -4.3452192e-03
  -4.3340678e-03
  -4.3228818e-03
  -4.3116614e-03
  -4.3004065e-03
  -4.2891174e-03
  -4.2777941e-03
  -4.2664369e-03
  -4.2550457e-03
  -4.2436206e-03
  -4.2321619e-03
  -4.2206697e-03
  -4.2091439e-03
  -4.1975849e-03
  -4.1859926e-03
  -4.1743672e-03
  -4.1627088e-03
  -4.1510176e-03
  -4.1392935e-03
  -4.1275369e-03
  -4.1157477e-03
  -4.1039262e-03
  -4.0920723e-03
  -4.0801863e-03
  -4.0682683e-03
  -4.0563183e-03
  -4.0443365e-03
  -4.0323230e-03
  -4.0202780e-03
  -4.0082015e-03
  -3.9960937e-03
  -3.9839547e-03
  -3.9717846e-03
  -3.9595836e-03
  -3.9473517e-03
  -3.9350891e-03
  -3.9227959e-03
  -3.9104722e-03
  -3.8981182e-03
  -3.8857339e-03
  -3.8733196e-03
  -3.8608752e-03
  -3.8484010e-03
  -3.8358971e-03
  -3.8233635e-03
  -3.8108005e-03
  -3.7982081e-03
  -3.7855864e-03
  -3.7729357e-03
  -3.7602559e-03
  -3.7475473e-03
  -3.7348099e-03
  -3.7220440e-03
  -3.7092495e-03
  -3.6964267e-03
  -3.6835756e-03
  -3.6706964e-03
  -3.6577893e-03
  -3.6448542e-03
  -3.6318915e-03
  -3.6189011e-03
  -3.6058833e-03
  -3.5928381e-03
  -3.5797657e-03
  -3.5666662e-03
  -3.5535397e-03
  -3.5403864e-03
  -3.5272063e-03
  -3.5139997e-03
  -3.5007667e-03
  -3.4875073e-03
  -3.4742217e-03
  -3.4609100e-03
  -3.4475724e-03
  -3.4342090e-03
  -3.4208200e-03
  -3.4074053e-03
  -3.3939653e-03
  -3.3804999e-03
  -3.3670094e-03
  -3.3534939e-03
  -3.3399535e-03
  -3.3263883e-03
  -3.3127984e-03
  -3.2991841e-03
  -3.2855454e-03
  -3.2718824e-03
  -3.2581954e-03
  -3.2444843e-03
  -3.2307494e-03
  -3.2169908e-03
  -3.2032086e-03
  -3.1894029e-03
  -3.1755740e-03
  -3.1617218e-03
  -3.1478466e-03
  -3.1339485e-03
  -3.1200275e-03
  -3.1060840e-03
  -3.0921179e-03
  -3.0781294e-03
  -3.0641186e-03
  -3.0500857e-03
  -3.0360309e-03
  -3.0219541e-03
  -3.0078557e-03
  -2.9937357e-03
  -2.9795942e-03
  -2.9654314e-03
  -2.9512474e-03
  -2.9370423e-03
  -2.9228164e-03
  -2.9085696e-03
  -2.8943022e-03
  -2.8800143e-03
  -2.8657061e-03
  -2.8513775e-03
  -2.8370289e-03
  -2.8226603e-03
  -2.8082718e-03
  -2.7938637e-03
  -2.7794360e-03
  -2.7649888e-03
  -2.7505224e-03
  -2.7360368e-03
  -2.7215322e-03
  -2.7070087e-03
  -2.6924664e-03
  -2.6779056e-03
  -2.6633262e-03
  -2.6487285e-03
  -2.6341126e-03
  -2.6194786e-03
  -2.6048267e-03
  -2.5901570e-03
  -2.5754696e-03
  -2.5607648e-03
  -2.5460425e-03
  -2.5313029e-03
  -2.5165463e-03
  -2.5017727e-03
  -2.4869822e-03
  -2.4721751e-03
  -2.4573513e-03
  -2.4425112e-03
  -2.4276547e-03
  -2.4127821e-03
  -2.3978935e-03
  -2.3829890e-03
  -2.3680688e-03
  -2.3531329e-03
  -2.3381816e-03
  -2.3232150e-03
  -2.3082332e-03
  -2.2932363e-03
  -2.2782245e-03
  -2.2631979e-03
  -2.2481567e-03
  -2.2331010e-03
  -2.2180309e-03
  -2.2029466e-03
  -2.1878482e-03
  -2.1727358e-03
  -2.1576097e-03
  -2.1424698e-03
  -2.1273165e-03
  -2.1121497e-03
  -2.0969696e-03
  -2.0817765e-03
  -2.0665703e-03
  -2.0513513e-03
  -2.0361197e-03
  -2.0208754e-03
  -2.0056187e-03
  -1.9903497e-03
  -1.9750685e-03
  -1.9597754e-03
  -1.9444703e-03
  -1.9291535e-03
  -1.9138251e-03
  -1.8984853e-03
  -1.8831341e-03
  -1.8677717e-03
  -1.8523983e-03
  -1.8370140e-03
  -1.8216189e-03
  -1.8062131e-03
  -1.7907969e-03
  -1.7753703e-03
  -1.7599335e-03
  -1.7444866e-03
  -1.7290297e-03
  -1.7135631e-03
  -1.6980868e-03
  -1.6826009e-03
  -1.6671057e-03
  -1.6516012e-03
  -1.6360876e-03
  -1.6205650e-03
  -1.6050336e-03
  -1.5894934e-03
  -1.5739447e-03
  -1.5583876e-03
  -1.5428222e-03
  -1.5272487e-03
  -1.5116671e-03
  -1.4960777e-03
  -1.4804805e-03
  -1.4648757e-03
  -1.4492635e-03
  -1.4336440e-03
  -1.4180172e-03
  -1.4023834e-03
  -1.3867427e-03
  -1.3710953e-03
  -1.3554412e-03
  -1.3397806e-03
  -1.3241136e-03
  -1.3084405e-03
  -1.2927612e-03
  -1.2770760e-03
  -1.2613850e-03
  -1.2456883e-03
  -1.2299860e-03
  -1.2142784e-03
  -1.1985655e-03
  -1.1828475e-03
  -1.1671245e-03
  -1.1513967e-03
  -1.1356641e-03
  -1.1199269e-03
  -1.1041854e-03
  -1.0884395e-03
  -1.0726894e-03
  -1.0569353e-03
  -1.0411773e-03
  -1.0254156e-03
  -1.0096502e-03
  -9.9388139e-04
  -9.7810919e-04
  -9.6233378e-04
  -9.4655529e-04
  -9.3077385e-04
  -9.1498962e-04
  -8.9920271e-04
  -8.8341326e-04
  -8.6762142e-04
  -8.5182732e-04
  -8.3603108e-04
  -8.2023286e-04
  -8.0443277e-04
  -7.8863096e-04
  -7.7282757e-04
  -7.5702273e-04
  -7.4121656e-04
  -7.2540922e-04
  -7.0960082e-04
  -6.9379152e-04
  -6.7798143e-04
  -6.6217071e-04
  -6.4635947e-04
  -6.3054785e-04
  -6.1473600e-04
  -5.9892404e-04
  -5.8311210e-04
  -5.6730033e-04
  -5.5148885e-04
  -5.3567779e-04
  -5.1986730e-04
  -5.0405751e-04
  -4.8824854e-04
  -4.7244054e-04
  -4.5663363e-04
  -4.4082794e-04
  -4.2502362e-04
  -4.0922079e-04
  -3.9341959e-04
  -3.7762015e-04
  -3.6182259e-04
  -3.4602706e-04
  -3.3023369e-04
  -3.1444261e-04
  -2.9865394e-04
  -2.8286783e-04
  -2.6708440e-04
  -2.5130378e-04
  -2.3552612e-04
  -2.1975153e-04
  -2.0398015e-04
  -1.8821211e-04
  -1.7244754e-04
  -1.5668657e-04
  -1.4092934e-04
  -1.2517597e-04
  -1.0942660e-04
  -9.3681345e-05
  -7.7940350e-05
  -6.2203740e-05
  -4.6471644e-05
  -3.0744194e-05
  -1.5021518e-05
   6.9625369e-07
   1.6408992e-05
   3.2116567e-05
   4.7818851e-05
   6.3515713e-05
   7.9207026e-05
   9.4892660e-05
   1.1057249e-04
   1.2624638e-04
   1.4191420e-04
   1.5757584e-04
   1.7323115e-04
   1.8888002e-04
   2.0452231e-04
   2.2015790e-04
   2.3578666e-04
   2.5140846e-04
   2.6702317e-04
   2.8263067e-04
   2.9823083e-04
   3.1382353e-04
   3.2940864e-04
   3.4498602e-04
   3.6055556e-04
   3.7611713e-04
   3.9167061e-04
   4.0721586e-04
   4.2275277e-04
   4.3828120e-04
   4.5380103e-04
   4.6931214e-04
   4.8481440e-04
   5.0030768e-04
   5.1579187e-04
   5.3126683e-04
   5.4673245e-04
   5.6218860e-04
   5.7763515e-04
   5.9307199e-04
   6.0849898e-04
   6.2391601e-04
   6.3932294e-04
   6.5471967e-04
   6.7010606e-04
   6.8548199e-04
   7.0084734e-04
   7.1620199e-04
   7.3154582e-04
   7.4687869e-04
   7.6220050e-04
   7.7751112e-04
   7.9281042e-04
   8.0809829e-04
   8.2337461e-04
   8.3863925e-04
   8.5389209e-04
   8.6913302e-04
   8.8436191e-04
   8.9957863e-04
   9.1478309e-04
   9.2997514e-04
   9.4515467e-04
   9.6032157e-04
   9.7547571e-04
   9.9061698e-04
   1.0057452e-03
   1.0208604e-03
   1.0359623e-03
   1.0510509e-03
   1.0661260e-03
   1.0811875e-03
   1.0962353e-03
   1.1112693e-03
   1.1262893e-03
   1.1412953e-03
   1.1562871e-03
   1.1712647e-03
   1.1862278e-03
   1.2011764e-03
   1.2161103e-03
   1.2310295e-03
   1.2459338e-03
   1.2608231e-03
   1.2756973e-03
   1.2905563e-03
   1.3054000e-03
   1.3202282e-03
   1.3350409e-03
   1.3498378e-03
   1.3646190e-03
   1.3793842e-03
   1.3941335e-03
   1.4088666e-03
   1.4235834e-03
   1.4382839e-03
   1.4529679e-03
   1.4676354e-03
   1.4822861e-03
   1.4969200e-03
   1.5115370e-03
   1.5261369e-03
   1.5407197e-03
   1.5552852e-03
   1.5698333e-03
   1.5843640e-03
   1.5988771e-03
   1.6133724e-03
   1.6278500e-03
   1.6423096e-03
   1.6567511e-03
   1.6711745e-03
   1.6855797e-03
   1.6999665e-03
   1.7143348e-03
   1.7286845e-03
   1.7430155e-03
   1.7573277e-03
   1.7716210e-03
   1.7858953e-03
   1.8001505e-03
   1.8143864e-03
   1.8286029e-03
   1.8428000e-03
   1.8569776e-03
   1.8711354e-03
   1.8852735e-03
   1.8993918e-03
   1.9134900e-03
   1.9275681e-03
   1.9416260e-03
   1.9556637e-03
   1.9696809e-03
   1.9836776e-03
   1.9976536e-03
   2.0116090e-03
   2.0255435e-03
   2.0394570e-03
   2.0533495e-03
   2.0672209e-03
   2.0810711e-03
   2.0948998e-03
   2.1087072e-03
   2.1224929e-03
   2.1362570e-03
   2.1499993e-03
   2.1637198e-03
   2.1774183e-03
   2.1910947e-03
   2.2047490e-03
   2.2183809e-03
   2.2319905e-03
   2.2455776e-03
   2.2591422e-03
   2.2726840e-03
   2.2862031e-03
   2.2996993e-03
   2.3131725e-03
   2.3266227e-03
   2.3400496e-03
   2.3534533e-03
   2.3668336e-03
   2.3801904e-03
   2.3935237e-03
   2.4068332e-03
   2.4201190e-03
   2.4333810e-03
   2.4466189e-03
   2.4598328e-03
   2.4730226e-03
   2.4861880e-03
   2.4993291e-03
   2.5124458e-03
   2.5255379e-03
   2.5386054e-03
   2.5516481e-03
   2.5646660e-03
   2.5776590e-03
   2.5906269e-03
   2.6035697e-03
   2.6164873e-03
   2.6293796e-03
   2.6422465e-03
   2.6550879e-03
   2.6679037e-03
   2.6806938e-03
   2.6934581e-03
   2.7061966e-03
   2.7189091e-03
   2.7315955e-03
   2.7442558e-03
   2.7568898e-03
   2.7694975e-03
   2.7820788e-03
   2.7946336e-03
   2.8071617e-03
   2.8196632e-03
   2.8321378e-03
   2.8445856e-03
   2.8570064e-03
   2.8694002e-03
   2.8817668e-03
   2.8941062e-03
   2.9064182e-03
   2.9187029e-03
   2.9309600e-03
   2.9431895e-03
   2.9553914e-03
   2.9675654e-03
   2.9797117e-03
   2.9918299e-03
   3.0039202e-03
   3.0159823e-03
   3.0280162e-03
   3.0400218e-03
   3.0519991e-03
   3.0639479e-03
   3.0758681e-03
   3.0877597e-03
   3.0996226e-03
   3.1114567e-03
   3.1232619e-03
   3.1350381e-03
   3.1467852e-03
   3.1585032e-03
   3.1701920e-03
   3.1818515e-03
   3.1934815e-03
   3.2050821e-03
   3.2166532e-03
   3.2281946e-03
   3.2397063e-03
   3.2511881e-03
   3.2626401e-03
   3.2740621e-03
   3.2854541e-03
   3.2968159e-03
   3.3081475e-03
   3.3194488e-03
   3.3307198e-03
   3.3419603e-03
   3.3531703e-03
   3.3643496e-03
   3.3754983e-03
   3.3866162e-03
   3.3977032e-03
   3.4087593e-03
   3.4197844e-03
   3.4307785e-03
   3.4417413e-03
   3.4526730e-03
   3.4635733e-03
   3.4744422e-03
   3.4852796e-03
   3.4960855e-03
   3.5068598e-03
   3.5176024e-03
   3.5283132e-03
   3.5389921e-03
   3.5496392e-03
   3.5602542e-03
   3.5708372e-03
   3.5813880e-03
   3.5919066e-03
   3.6023928e-03
   3.6128468e-03
   3.6232682e-03
   3.6336572e-03
   3.6440136e-03
   3.6543373e-03
   3.6646282e-03
   3.6748864e-03
   3.6851117e-03
   3.6953040e-03
   3.7054634e-03
   3.7155896e-03
   3.7256826e-03
   3.7357425e-03
   3.7457690e-03
   3.7557621e-03
   3.7657219e-03
   3.7756480e-03
   3.7855407e-03
   3.7953996e-03
   3.8052249e-03
   3.8150163e-03
   3.8247739e-03
   3.8344976e-03
   3.8441873e-03
   3.8538429e-03
   3.8634644e-03
   3.8730517e-03
   3.8826047e-03
   3.8921234e-03
   3.9016078e-03
   3.9110576e-03
   3.9204730e-03
   3.9298537e-03
   3.9391998e-03
   3.9485112e-03
   3.9577878e-03
   3.9670295e-03
   3.9762364e-03
   3.9854082e-03
   3.9945450e-03
   4.0036468e-03
   4.0127133e-03
   4.0217447e-03
   4.0307407e-03
   4.0397014e-03
   4.0486267e-03
   4.0575165e-03
   4.0663707e-03
   4.0751894e-03
   4.0839724e-03
   4.0927197e-03
   4.1014312e-03
   4.1101069e-03
   4.1187467e-03
   4.1273505e-03
   4.1359183e-03
   4.1444500e-03
   4.1529456e-03
   4.1614050e-03
   4.1698281e-03
   4.1782150e-03
   4.1865655e-03
   4.1948795e-03
   4.2031571e-03
   4.2113981e-03
   4.2196026e-03
   4.2277704e-03
   4.2359014e-03
   4.2439958e-03
   4.2520533e-03
   4.2600739e-03
   4.2680576e-03
   4.2760044e-03
   4.2839140e-03
   4.2917867e-03
   4.2996221e-03
   4.3074204e-03
   4.3151814e-03
   4.3229051e-03
   4.3305915e-03
   4.3382404e-03
   4.3458519e-03
   4.3534259e-03
   4.3609624e-03
   4.3684612e-03
   4.3759223e-03
   4.3833457e-03
   4.3907314e-03
   4.3980793e-03
   4.4053892e-03
   4.4126613e-03
   4.4198954e-03
   4.4270915e-03
   4.4342495e-03
   4.4413695e-03
   4.4484512e-03
   4.4554948e-03
   4.4625001e-03
   4.4694671e-03
   4.4763957e-03
   4.4832860e-03
   4.4901378e-03
   4.4969511e-03
   4.5037259e-03
   4.5104621e-03
   4.5171597e-03
   4.5238186e-03
   4.5304388e-03
   4.5370202e-03
   4.5435629e-03
   4.5500667e-03
   4.5565316e-03
   4.5629575e-03
   4.5693445e-03
   4.5756925e-03
   4.5820014e-03
   4.5882712e-03
   4.5945018e-03
   4.6006933e-03
   4.6068455e-03
   4.6129584e-03
   4.6190321e-03
   4.6250664e-03
   4.6310613e-03
   4.6370167e-03
   4.6429327e-03
   4.6488092e-03
   4.6546461e-03
   4.6604434e-03
   4.6662011e-03
   4.6719191e-03
   4.6775975e-03
   4.6832360e-03
   4.6888348e-03
   4.6943938e-03
   4.6999130e-03
   4.7053922e-03
   4.7108315e-03
   4.7162308e-03
   4.7215902e-03
   4.7269095e-03
   4.7321887e-03
   4.7374279e-03
   4.7426269e-03
   4.7477857e-03
   4.7529043e-03
   4.7579827e-03
   4.7630208e-03
   4.7680186e-03
   4.7729760e-03
   4.7778931e-03
   4.7827698e-03
   4.7876060e-03
   4.7924018e-03
   4.7971570e-03
   4.8018718e-03
   4.8065459e-03
   4.8111795e-03
   4.8157725e-03
   4.8203248e-03
   4.8248364e-03
   4.8293073e-03
   4.8337375e-03
   4.8381269e-03
   4.8424755e-03
   4.8467833e-03
   4.8510502e-03
   4.8552762e-03
   4.8594614e-03
   4.8636056e-03
   4.8677088e-03
   4.8717711e-03
   4.8757923e-03
   4.8797725e-03
   4.8837116e-03
   4.8876097e-03
   4.8914666e-03
   4.8952824e-03
   4.8990570e-03
   4.9027905e-03
   4.9064827e-03
   4.9101337e-03
   4.9137434e-03
   4.9173119e-03
   4.9208390e-03
   4.9243248e-03
   4.9277693e-03
   4.9311724e-03
   4.9345342e-03
   4.9378545e-03
   4.9411333e-03
   4.9443708e-03
   4.9475667e-03
   4.9507212e-03
   4.9538341e-03
   4.9569056e-03
   4.9599354e-03
   4.9629238e-03
   4.9658705e-03
   4.9687756e-03
   4.9716391e-03
   4.9744610e-03
   4.9772412e-03
   4.9799797e-03
   4.9826765e-03
   4.9853317e-03
   4.9879451e-03
   4.9905168e-03
   4.9930467e-03
   4.9955349e-03
   4.9979813e-03
   5.0003859e-03
   5.0027487e-03
   5.0050696e-03
   5.0073487e-03
   5.0095860e-03
   5.0117814e-03
   5.0139350e-03
   5.0160467e-03
   5.0181164e-03
   5.0201443e-03
   5.0221302e-03
   5.0240742e-03
   5.0259763e-03
   5.0278364e-03
   5.0296545e-03
   5.0314307e-03
   5.0331649e-03
   5.0348571e-03
   5.0365073e-03
   5.0381156e-03
   5.0396817e-03
   5.0412059e-03
   5.0426881e-03
   5.0441282e-03
   5.0455262e-03
   5.0468822e-03
   5.0481962e-03
   5.0494681e-03
   5.0506979e-03
   5.0518857e-03
   5.0530313e-03
   5.0541349e-03
   5.0551965e-03
   5.0562159e-03
   5.0571932e-03
   5.0581284e-03
   5.0590215e-03
   5.0598726e-03
   5.0606815e-03
   5.0614483e-03
   5.0621730e-03
   5.0628556e-03
   5.0634961e-03
   5.0640944e-03
   5.0646507e-03
   5.0651648e-03
   5.0656369e-03
   5.0660668e-03
   5.0664546e-03
   5.0668003e-03
   5.0671039e-03
   5.0673653e-03
   5.0675847e-03
   5.0677620e-03
   5.0678971e-03
   5.0679902e-03
   5.0680412e-03
   5.0680501e-03
   5.0680169e-03
   5.0679416e-03
   5.0678242e-03
   5.0676648e-03
   5.0674633e-03
   5.0672197e-03
   5.0669341e-03
   5.0666064e-03
   5.0662367e-03
   5.0658250e-03
   5.0653712e-03
   5.0648754e-03
   5.0643376e-03
   5.0637577e-03
   5.0631359e-03
   5.0624721e-03
   5.0617663e-03
   5.0610186e-03
   5.0602289e-03
   5.0593972e-03
   5.0585236e-03
   5.0576081e-03
   5.0566506e-03
   5.0556513e-03
   5.0546100e-03
   5.0535269e-03
   5.0524019e-03
   5.0512350e-03
   5.0500263e-03
   5.0487758e-03
   5.0474835e-03
   5.0461493e-03
   5.0447734e-03
   5.0433556e-03
   5.0418962e-03
   5.0403949e-03
   5.0388520e-03
   5.0372673e-03
   5.0356410e-03
   5.0339729e-03
   5.0322632e-03
   5.0305119e-03
   5.0287189e-03
   5.0268843e-03
   5.0250081e-03
   5.0230904e-03
   5.0211311e-03
   5.0191303e-03
   5.0170879e-03
   5.0150041e-03
   5.0128787e-03
   5.0107120e-03
   5.0085037e-03
   5.0062541e-03
   5.0039631e-03
   5.0016307e-03
   4.9992570e-03
   4.9968419e-03
   4.9943856e-03
   4.9918879e-03
   4.9893490e-03
   4.9867689e-03
   4.9841476e-03
   4.9814851e-03
   4.9787814e-03
   4.9760366e-03
   4.9732507e-03
   4.9704237e-03
   4.9675557e-03
   4.9646466e-03
   4.9616965e-03
   4.9587054e-03
   4.9556734e-03
   4.9526005e-03
   4.9494867e-03
   4.9463320e-03
   4.9431365e-03
   4.9399002e-03
   4.9366231e-03
   4.9333053e-03
   4.9299467e-03
   4.9265475e-03
   4.9231076e-03
   4.9196271e-03
   4.9161060e-03
   4.9125443e-03
   4.9089421e-03
   4.9052995e-03
   4.9016163e-03
   4.8978927e-03
   4.8941287e-03
   4.8903244e-03
   4.8864797e-03
   4.8825948e-03
   4.8786695e-03
   4.8747041e-03
   4.8706985e-03
   4.8666527e-03
   4.8625668e-03
   4.8584408e-03
   4.8542747e-03
   4.8500687e-03
   4.8458227e-03
   4.8415367e-03
   4.8372109e-03
   4.8328452e-03
   4.8284397e-03
   4.8239944e-03
   4.8195094e-03
   4.8149847e-03
   4.8104203e-03
   4.8058163e-03
   4.8011727e-03
   4.7964896e-03
   4.7917670e-03
   4.7870049e-03
   4.7822034e-03
   4.7773626e-03
   4.7724824e-03
   4.7675630e-03
   4.7626043e-03
   4.7576064e-03
   4.7525693e-03
   4.7474932e-03
   4.7423779e-03
   4.7372237e-03
   4.7320305e-03
   4.7267983e-03
   4.7215273e-03
   4.7162175e-03
   4.7108688e-03
   4.7054814e-03
   4.7000553e-03
   4.6945906e-03
   4.6890873e-03
   4.6835454e-03
   4.6779650e-03
   4.6723462e-03
   4.6666889e-03
   4.6609933e-03
   4.6552594e-03
   4.6494873e-03
   4.6436769e-03
   4.6378284e-03
   4.6319418e-03
   4.6260171e-03
   4.6200545e-03
   4.6140539e-03
   4.6080153e-03
   4.6019390e-03
   4.5958249e-03
   4.5896730e-03
   4.5834834e-03
   4.5772563e-03
   4.5709915e-03
   4.5646893e-03
   4.5583495e-03
   4.5519724e-03
   4.5455579e-03
   4.5391061e-03
   4.5326171e-03
   4.5260909e-03
   4.5195276e-03
   4.5129272e-03
   4.5062898e-03
   4.4996154e-03
   4.4929042e-03
   4.4861561e-03
   4.4793712e-03
   4.4725497e-03
   4.4656914e-03
   4.4587966e-03
   4.4518652e-03
   4.4448974e-03
   4.4378931e-03
   4.4308525e-03
   4.4237756e-03
   4.4166625e-03
   4.4095132e-03
   4.4023278e-03
   4.3951063e-03
   4.3878489e-03
   4.3805556e-03
   4.3732264e-03
   4.3658614e-03
   4.3584607e-03
   4.3510243e-03
   4.3435523e-03
   4.3360448e-03
   4.3285019e-03
   4.3209235e-03
   4.3133098e-03
   4.3056609e-03
   4.2979767e-03
   4.2902574e-03
   4.2825031e-03
   4.2747137e-03
   4.2668895e-03
   4.2590304e-03
   4.2511364e-03
   4.2432078e-03
   4.2352445e-03
   4.2272467e-03
   4.2192143e-03
   4.2111475e-03
   4.2030463e-03
   4.1949108e-03
   4.1867411e-03
   4.1785372e-03
   4.1702992e-03
   4.1620273e-03
   4.1537213e-03
   4.1453816e-03
   4.1370080e-03
   4.1286007e-03
   4.1201598e-03
   4.1116852e-03
   4.1031772e-03
   4.0946358e-03
   4.0860610e-03
   4.0774529e-03
   4.0688117e-03
   4.0601373e-03
   4.0514299e-03
   4.0426895e-03
   4.0339162e-03
   4.0251101e-03
   4.0162712e-03
   4.0073997e-03
   3.9984956e-03
   3.9895590e-03
   3.9805900e-03
   3.9715886e-03
   3.9625550e-03
   3.9534892e-03
   3.9443912e-03
   3.9352612e-03
   3.9260993e-03
   3.9169055e-03
   3.9076800e-03
   3.8984227e-03
   3.8891338e-03
   3.8798133e-03
   3.8704614e-03
   3.8610781e-03
   3.8516635e-03
   3.8422177e-03
   3.8327407e-03
   3.8232328e-03
   3.8136938e-03
   3.8041240e-03
   3.7945234e-03
   3.7848920e-03
   3.7752301e-03
   3.7655376e-03
   3.7558146e-03
   3.7460613e-03
   3.7362777e-03
   3.7264638e-03
   3.7166199e-03
   3.7067460e-03
   3.6968421e-03
   3.6869084e-03
   3.6769449e-03
   3.6669517e-03
   3.6569290e-03
   3.6468767e-03
   3.6367951e-03
   3.6266841e-03
   3.6165439e-03
   3.6063745e-03
   3.5961761e-03
   3.5859488e-03
   3.5756926e-03
   3.5654076e-03
   3.5550939e-03
   3.5447516e-03
   3.5343808e-03
   3.5239816e-03
   3.5135540e-03
   3.5030983e-03
   3.4926144e-03
   3.4821024e-03
   3.4715625e-03
   3.4609948e-03
   3.4503993e-03
   3.4397761e-03
   3.4291253e-03
   3.4184471e-03
   3.4077414e-03
   3.3970085e-03
   3.3862484e-03
   3.3754612e-03
   3.3646469e-03
   3.3538058e-03
   3.3429378e-03
   3.3320432e-03
   3.3211219e-03
   3.3101740e-03
   3.2991998e-03
   3.2881992e-03
   3.2771724e-03
   3.2661195e-03
   3.2550405e-03
   3.2439356e-03
   3.2328048e-03
   3.2216483e-03
   3.2104662e-03
   3.1992585e-03
   3.1880254e-03
   3.1767669e-03
   3.1654832e-03
   3.1541744e-03
   3.1428405e-03
   3.1314816e-03
   3.1200980e-03
   3.1086895e-03
   3.0972565e-03
   3.0857989e-03
   3.0743169e-03
   3.0628106e-03
   3.0512800e-03
   3.0397253e-03
   3.0281466e-03
   3.0165439e-03
   3.0049175e-03
   2.9932673e-03
   2.9815935e-03
   2.9698962e-03
   2.9581755e-03
   2.9464315e-03
   2.9346643e-03
   2.9228741e-03
   2.9110608e-03
   2.8992247e-03
   2.8873658e-03
   2.8754843e-03
   2.8635801e-03
   2.8516536e-03
   2.8397046e-03
   2.8277335e-03
   2.8157402e-03
   2.8037249e-03
   2.7916876e-03
   2.7796286e-03
   2.7675478e-03
   2.7554454e-03
   2.7433216e-03
   2.7311764e-03
   2.7190099e-03
   2.7068222e-03
   2.6946135e-03
   2.6823839e-03
   2.6701334e-03
   2.6578621e-03
   2.6455703e-03
   2.6332580e-03
   2.6209252e-03
   2.6085722e-03
   2.5961990e-03
   2.5838057e-03
   2.5713925e-03
   2.5589595e-03
   2.5465067e-03
   2.5340342e-03
   2.5215423e-03
   2.5090310e-03
   2.4965004e-03
   2.4839506e-03
   2.4713817e-03
   2.4587939e-03
   2.4461873e-03
   2.4335620e-03
   2.4209180e-03
   2.4082555e-03
   2.3955747e-03
   2.3828756e-03
   2.3701583e-03
   2.3574230e-03
   2.3446697e-03
   2.3318987e-03
   2.3191099e-03
   2.3063035e-03
   2.2934797e-03
   2.2806385e-03
   2.2677801e-03
   2.2549046e-03
   2.2420120e-03
   2.2291026e-03
   2.2161764e-03
   2.2032335e-03
   2.1902740e-03
   2.1772982e-03
   2.1643060e-03
   2.1512976e-03
   2.1382731e-03
   2.1252327e-03
   2.1121764e-03
   2.0991044e-03
   2.0860168e-03
   2.0729136e-03
   2.0597951e-03
   2.0466614e-03
   2.0335125e-03
   2.0203485e-03
   2.0071697e-03
   1.9939760e-03
   1.9807677e-03
   1.9675449e-03
   1.9543076e-03
   1.9410560e-03
   1.9277902e-03
   1.9145103e-03
   1.9012164e-03
   1.8879088e-03
   1.8745874e-03
   1.8612523e-03
   1.8479039e-03
   1.8345420e-03
   1.8211669e-03
   1.8077787e-03
   1.7943775e-03
   1.7809634e-03
   1.7675366e-03
   1.7540971e-03
   1.7406450e-03
   1.7271806e-03
   1.7137039e-03
   1.7002151e-03
   1.6867142e-03
   1.6732014e-03
   1.6596768e-03
   1.6461405e-03
   1.6325927e-03
   1.6190334e-03
   1.6054629e-03
   1.5918811e-03
   1.5782883e-03
   1.5646846e-03
   1.5510700e-03
   1.5374447e-03
   1.5238089e-03
   1.5101625e-03
   1.4965059e-03
   1.4828391e-03
   1.4691621e-03
   1.4554752e-03
   1.4417785e-03
   1.4280720e-03
   1.4143560e-03
   1.4006304e-03
   1.3868956e-03
   1.3731515e-03
   1.3593983e-03
   1.3456361e-03
   1.3318650e-03
   1.3180853e-03
   1.3042969e-03
   1.2905000e-03
   1.2766948e-03
   1.2628813e-03
   1.2490597e-03
   1.2352302e-03
   1.2213927e-03
   1.2075475e-03
   1.1936947e-03
   1.1798344e-03
   1.1659668e-03
   1.1520919e-03
   1.1382098e-03
   1.1243208e-03
   1.1104249e-03
   1.0965222e-03
   1.0826130e-03
   1.0686972e-03
   1.0547750e-03
   1.0408466e-03
   1.0269121e-03
   1.0129716e-03
   9.9902518e-04
   9.8507303e-04
   9.7111525e-04
   9.5715197e-04
   9.4318332e-04
   9.2920941e-04
   9.1523038e-04
   9.0124635e-04
   8.8725744e-04
   8.7326378e-04
   8.5926550e-04
   8.4526272e-04
   8.3125556e-04
   8.1724415e-04
   8.0322862e-04
   7.8920909e-04
   7.7518568e-04
   7.6115853e-04
   7.4712775e-04
   7.3309347e-04
   7.1905583e-04
   7.0501493e-04
   6.9097092e-04
   6.7692391e-04
   6.6287402e-04
   6.4882140e-04
   6.3476615e-04
   6.2070841e-04
   6.0664830e-04
   5.9258595e-04
   5.7852147e-04
   5.6445501e-04
   5.5038668e-04
   5.3631661e-04
   5.2224492e-04
   5.0817175e-04
   4.9409720e-04
   4.8002142e-04
   4.6594453e-04
   4.5186664e-04
   4.3778790e-04
   4.2370841e-04
   4.0962832e-04
   3.9554773e-04
   3.8146679e-04
   3.6738561e-04
   3.5330431e-04
   3.3922304e-04
   3.2514190e-04
   3.1106103e-04
   2.9698055e-04
   2.8290058e-04
   2.6882126e-04
   2.5474270e-04
   2.4066503e-04
   2.2658838e-04
   2.1251287e-04
   1.9843863e-04
   1.8436578e-04
   1.7029444e-04
   1.5622475e-04
   1.4215682e-04
   1.2809078e-04
   1.1402676e-04
   9.9964883e-05
   8.5905269e-05
   7.1848045e-05
   5.7793336e-05
   4.3741266e-05
   2.9691960e-05
   1.5645543e-05
   1.6021381e-06
  -1.2438129e-05
  -2.6475135e-05
  -4.0508755e-05
  -5.4538866e-05
  -6.8565342e-05
  -8.2588059e-05
  -9.6606895e-05
  -1.1062172e-04
  -1.2463242e-04
  -1.3863887e-04
  -1.5264094e-04
  -1.6663850e-04
  -1.8063144e-04
  -1.9461964e-04
  -2.0860296e-04
  -2.2258128e-04
  -2.3655449e-04
  -2.5052245e-04
  -2.6448505e-04
  -2.7844216e-04
  -2.9239366e-04
  -3.0633943e-04
  -3.2027933e-04
  -3.3421326e-04
  -3.4814109e-04
  -3.6206269e-04
  -3.7597794e-04
  -3.8988672e-04
  -4.0378891e-04
  -4.1768439e-04
  -4.3157303e-04
  -4.4545471e-04
  -4.5932931e-04
  -4.7319671e-04
  -4.8705678e-04
  -5.0090941e-04
  -5.1475447e-04
  -5.2859184e-04
  -5.4242140e-04
  -5.5624303e-04
  -5.7005660e-04
  -5.8386200e-04
  -5.9765911e-04
  -6.1144780e-04
  -6.2522796e-04
  -6.3899946e-04
  -6.5276218e-04
  -6.6651601e-04
  -6.8026082e-04
  -6.9399649e-04
  -7.0772290e-04
  -7.2143993e-04
  -7.3514747e-04
  -7.4884539e-04
  -7.6253357e-04
  -7.7621190e-04
  -7.8988025e-04
  -8.0353851e-04
  -8.1718656e-04
  -8.3082427e-04
  -8.4445153e-04
  -8.5806823e-04
  -8.7167423e-04
  -8.8526943e-04
  -8.9885371e-04
  -9.1242694e-04
  -9.2598901e-04
  -9.3953981e-04
  -9.5307921e-04
  -9.6660709e-04
  -9.8012335e-04
  -9.9362785e-04
  -1.0071205e-03
  -1.0206012e-03
  -1.0340697e-03
  -1.0475261e-03
  -1.0609701e-03
  -1.0744017e-03
  -1.0878207e-03
  -1.1012270e-03
  -1.1146205e-03
  -1.1280011e-03
  -1.1413687e-03
  -1.1547232e-03
  -1.1680644e-03
  -1.1813922e-03
  -1.1947065e-03
  -1.2080072e-03
  -1.2212943e-03
  -1.2345674e-03
  -1.2478267e-03
  -1.2610719e-03
  -1.2743029e-03
  -1.2875196e-03
  -1.3007219e-03
  -1.3139097e-03
  -1.3270829e-03
  -1.3402413e-03
  -1.3533849e-03
  -1.3665135e-03
  -1.3796271e-03
  -1.3927254e-03
  -1.4058085e-03
  -1.4188761e-03
  -1.4319282e-03
  -1.4449647e-03
  -1.4579854e-03
  -1.4709903e-03
  -1.4839792e-03
  -1.4969520e-03
  -1.5099086e-03
  -1.5228489e-03
  -1.5357728e-03
  -1.5486802e-03
  -1.5615710e-03
  -1.5744450e-03
  -1.5873021e-03
  -1.6001423e-03
  -1.6129655e-03
  -1.6257714e-03
  -1.6385601e-03
  -1.6513313e-03
  -1.6640851e-03
  -1.6768212e-03
  -1.6895397e-03
  -1.7022403e-03
  -1.7149229e-03
  -1.7275875e-03
  -1.7402340e-03
  -1.7528622e-03
  -1.7654721e-03
  -1.7780635e-03
  -1.7906363e-03
  -1.8031904e-03
  -1.8157257e-03
  -1.8282422e-03
  -1.8407396e-03
  -1.8532180e-03
  -1.8656771e-03
  -1.8781170e-03
  -1.8905374e-03
  -1.9029383e-03
  -1.9153195e-03
  -1.9276811e-03
  -1.9400228e-03
  -1.9523445e-03
  -1.9646463e-03
  -1.9769279e-03
  -1.9891892e-03
  -2.0014302e-03
  -2.0136508e-03
  -2.0258508e-03
  -2.0380301e-03
  -2.0501887e-03
  -2.0623265e-03
  -2.0744432e-03
  -2.0865390e-03
  -2.0986135e-03
  -2.1106669e-03
  -2.1226988e-03
  -2.1347093e-03
  -2.1466983e-03
  -2.1586656e-03
  -2.1706111e-03
  -2.1825348e-03
  -2.1944365e-03
  -2.2063162e-03
  -2.2181737e-03
  -2.2300090e-03
  -2.2418219e-03
  -2.2536124e-03
  -2.2653804e-03
  -2.2771257e-03
  -2.2888483e-03
  -2.3005481e-03
  -2.3122249e-03
  -2.3238787e-03
  -2.3355095e-03
  -2.3471169e-03
  -2.3587011e-03
  -2.3702619e-03
  -2.3817992e-03
  -2.3933129e-03
  -2.4048029e-03
  -2.4162692e-03
  -2.4277116e-03
  -2.4391300e-03
  -2.4505243e-03
  -2.4618945e-03
  -2.4732405e-03
  -2.4845621e-03
  -2.4958593e-03
  -2.5071320e-03
  -2.5183801e-03
  -2.5296034e-03
  -2.5408020e-03
  -2.5519757e-03
  -2.5631244e-03
  -2.5742481e-03
  -2.5853466e-03
  -2.5964199e-03
  -2.6074678e-03
  -2.6184904e-03
  -2.6294874e-03
  -2.6404588e-03
  -2.6514045e-03
  -2.6623245e-03
  -2.6732186e-03
  -2.6840867e-03
  -2.6949289e-03
  -2.7057449e-03
  -2.7165347e-03
  -2.7272981e-03
  -2.7380353e-03
  -2.7487459e-03
  -2.7594300e-03
  -2.7700875e-03
  -2.7807182e-03
  -2.7913222e-03
  -2.8018992e-03
  -2.8124493e-03
  -2.8229723e-03
  -2.8334682e-03
  -2.8439369e-03
  -2.8543783e-03
  -2.8647922e-03
  -2.8751787e-03
  -2.8855377e-03
  -2.8958690e-03
  -2.9061726e-03
  -2.9164484e-03
  -2.9266963e-03
  -2.9369163e-03
  -2.9471082e-03
  -2.9572721e-03
  -2.9674077e-03
  -2.9775150e-03
  -2.9875940e-03
  -2.9976446e-03
  -3.0076667e-03
  -3.0176601e-03
  -3.0276249e-03
  -3.0375610e-03
  -3.0474682e-03
  -3.0573465e-03
  -3.0671959e-03
  -3.0770162e-03
  -3.0868074e-03
  -3.0965694e-03
  -3.1063021e-03
  -3.1160054e-03
  -3.1256793e-03
  -3.1353238e-03
  -3.1449386e-03
  -3.1545238e-03
  -3.1640793e-03
  -3.1736050e-03
  -3.1831008e-03
  -3.1925666e-03
  -3.2020025e-03
  -3.2114082e-03
  -3.2207839e-03
  -3.2301292e-03
  -3.2394443e-03
  -3.2487290e-03
  -3.2579833e-03
  -3.2672070e-03
  -3.2764002e-03
  -3.2855628e-03
  -3.2946946e-03
  -3.3037956e-03
  -3.3128657e-03
  -3.3219050e-03
  -3.3309132e-03
  -3.3398904e-03
  -3.3488365e-03
  -3.3577513e-03
  -3.3666349e-03
  -3.3754872e-03
  -3.3843081e-03
  -3.3930975e-03
  -3.4018554e-03
  -3.4105817e-03
  -3.4192764e-03
  -3.4279393e-03
  -3.4365704e-03
  -3.4451697e-03
  -3.4537371e-03
  -3.4622726e-03
  -3.4707759e-03
  -3.4792472e-03
  -3.4876864e-03
  -3.4960933e-03
  -3.5044679e-03
  -3.5128102e-03
  -3.5211200e-03
  -3.5293974e-03
  -3.5376423e-03
  -3.5458546e-03
  -3.5540342e-03
  -3.5621812e-03
  -3.5702953e-03
  -3.5783767e-03
  -3.5864252e-03
  -3.5944407e-03
  -3.6024232e-03
  -3.6103727e-03
  -3.6182891e-03
  -3.6261722e-03
  -3.6340222e-03
  -3.6418389e-03
  -3.6496223e-03
  -3.6573722e-03
  -3.6650887e-03
  -3.6727718e-03
  -3.6804212e-03
  -3.6880371e-03
  -3.6956193e-03
  -3.7031677e-03
  -3.7106824e-03
  -3.7181633e-03
  -3.7256103e-03
  -3.7330234e-03
  -3.7404025e-03
  -3.7477475e-03
  -3.7550585e-03
  -3.7623354e-03
  -3.7695780e-03
  -3.7767865e-03
  -3.7839606e-03
  -3.7911004e-03
  -3.7982059e-03
  -3.8052769e-03
  -3.8123134e-03
  -3.8193154e-03
  -3.8262829e-03
  -3.8332157e-03
  -3.8401138e-03
  -3.8469772e-03
  -3.8538059e-03
  -3.8605997e-03
  -3.8673587e-03
  -3.8740828e-03
  -3.8807720e-03
  -3.8874262e-03
  -3.8940453e-03
  -3.9006293e-03
  -3.9071783e-03
  -3.9136920e-03
  -3.9201706e-03
  -3.9266139e-03
  -3.9330219e-03
  -3.9393946e-03
  -3.9457319e-03
  -3.9520337e-03
  -3.9583002e-03
  -3.9645311e-03
  -3.9707264e-03
  -3.9768862e-03
  -3.9830104e-03
  -3.9890989e-03
  -3.9951517e-03
  -4.0011688e-03
  -4.0071500e-03
  -4.0130955e-03
  -4.0190051e-03
  -4.0248789e-03
  -4.0307166e-03
  -4.0365185e-03
  -4.0422843e-03
  -4.0480141e-03
  -4.0537078e-03
  -4.0593654e-03
  -4.0649869e-03
  -4.0705721e-03
  -4.0761212e-03
  -4.0816340e-03
  -4.0871106e-03
  -4.0925508e-03
  -4.0979547e-03
  -4.1033221e-03
  -4.1086532e-03
  -4.1139479e-03
  -4.1192060e-03
  -4.1244276e-03
  -4.1296127e-03
  -4.1347613e-03
  -4.1398732e-03
  -4.1449485e-03
  -4.1499871e-03
  -4.1549891e-03
  -4.1599543e-03
  -4.1648828e-03
  -4.1697745e-03
  -4.1746293e-03
  -4.1794474e-03
  -4.1842286e-03
  -4.1889729e-03
  -4.1936803e-03
  -4.1983507e-03
  -4.2029842e-03
  -4.2075807e-03
  -4.2121401e-03
  -4.2166625e-03
  -4.2211479e-03
  -4.2255961e-03
  -4.2300073e-03
  -4.2343813e-03
  -4.2387181e-03
  -4.2430177e-03
  -4.2472802e-03
  -4.2515053e-03
  -4.2556933e-03
  -4.2598439e-03
  -4.2639573e-03
  -4.2680333e-03
  -4.2720720e-03
  -4.2760733e-03
  -4.2800373e-03
  -4.2839638e-03
  -4.2878529e-03
  -4.2917046e-03
  -4.2955188e-03
  -4.2992956e-03
  -4.3030348e-03
  -4.3067365e-03
  -4.3104007e-03
  -4.3140274e-03
  -4.3176164e-03
  -4.3211679e-03
  -4.3246818e-03
  -4.3281581e-03
  -4.3315967e-03
  -4.3349977e-03
  -4.3383611e-03
  -4.3416867e-03
  -4.3449747e-03
  -4.3482249e-03
  -4.3514375e-03
  -4.3546123e-03
  -4.3577493e-03
  -4.3608487e-03
  -4.3639102e-03
  -4.3669339e-03
  -4.3699199e-03
  -4.3728681e-03
  -4.3757784e-03
  -4.3786509e-03
  -4.3814856e-03
  -4.3842824e-03
  -4.3870414e-03
  -4.3897625e-03
  -4.3924457e-03
  -4.3950911e-03
  -4.3976985e-03
  -4.4002680e-03
  -4.4027997e-03
  -4.4052934e-03
  -4.4077492e-03
  -4.4101671e-03
  -4.4125470e-03
  -4.4148890e-03
  -4.4171930e-03
  -4.4194591e-03
  -4.4216872e-03
  -4.4238774e-03
  -4.4260296e-03
  -4.4281438e-03
  -4.4302200e-03
  -4.4322582e-03
  -4.4342585e-03
  -4.4362208e-03
  -4.4381451e-03
  -4.4400314e-03
  -4.4418796e-03
  -4.4436899e-03
  -4.4454622e-03
  -4.4471965e-03
  -4.4488928e-03
  -4.4505511e-03
  -4.4521714e-03
  -4.4537537e-03
  -4.4552980e-03
  -4.4568043e-03
  -4.4582726e-03
  -4.4597029e-03
  -4.4610952e-03
  -4.4624495e-03
  -4.4637658e-03
  -4.4650441e-03
  -4.4662844e-03
  -4.4674868e-03
  -4.4686512e-03
  -4.4697776e-03
  -4.4708660e-03
  -4.4719165e-03
  -4.4729289e-03
  -4.4739035e-03
  -4.4748401e-03
  -4.4757387e-03
  -4.4765994e-03
  -4.4774222e-03
  -4.4782070e-03
  -4.4789539e-03
  -4.4796629e-03
  -4.4803340e-03
  -4.4809672e-03
  -4.4815626e-03
  -4.4821200e-03
  -4.4826395e-03
  -4.4831212e-03
  -4.4835651e-03
  -4.4839711e-03
  -4.4843393e-03
  -4.4846696e-03
  -4.4849621e-03
  -4.4852169e-03
  -4.4854338e-03
  -4.4856130e-03
  -4.4857544e-03
  -4.4858580e-03
  -4.4859239e-03
  -4.4859520e-03
  -4.4859425e-03
  -4.4858952e-03
  -4.4858103e-03
  -4.4856877e-03
  -4.4855274e-03
  -4.4853294e-03
  -4.4850939e-03
  -4.4848207e-03
  -4.4845099e-03
  -4.4841615e-03
  -4.4837756e-03
  -4.4833521e-03
  -4.4828911e-03
  -4.4823925e-03
  -4.4818565e-03
  -4.4812829e-03
  -4.4806719e-03
  -4.4800234e-03
  -4.4793375e-03
  -4.4786142e-03
  -4.4778535e-03
  -4.4770555e-03
  -4.4762200e-03
  -4.4753473e-03
  -4.4744372e-03
  -4.4734898e-03
  -4.4725052e-03
  -4.4714832e-03
  -4.4704241e-03
  -4.4693278e-03
  -4.4681942e-03
  -4.4670235e-03
  -4.4658157e-03
  -4.4645707e-03
  -4.4632886e-03
  -4.4619695e-03
  -4.4606133e-03
  -4.4592201e-03
  -4.4577899e-03
  -4.4563227e-03
  -4.4548185e-03
  -4.4532774e-03
  -4.4516994e-03
  -4.4500845e-03
  -4.4484328e-03
  -4.4467443e-03
  -4.4450189e-03
  -4.4432568e-03
  -4.4414579e-03
  -4.4396223e-03
  -4.4377500e-03
  -4.4358411e-03
  -4.4338955e-03
  -4.4319133e-03
  -4.4298945e-03
  -4.4278392e-03
  -4.4257474e-03
  -4.4236190e-03
  -4.4214542e-03
  -4.4192530e-03
  -4.4170154e-03
  -4.4147414e-03
  -4.4124310e-03
  -4.4100844e-03
  -4.4077014e-03
  -4.4052822e-03
  -4.4028269e-03
  -4.4003353e-03
  -4.3978076e-03
  -4.3952437e-03
  -4.3926438e-03
  -4.3900078e-03
  -4.3873358e-03
  -4.3846278e-03
  -4.3818839e-03
  -4.3791041e-03
  -4.3762884e-03
  -4.3734368e-03
  -4.3705494e-03
  -4.3676263e-03
  -4.3646674e-03
  -4.3616728e-03
  -4.3586425e-03
  -4.3555766e-03
  -4.3524751e-03
  -4.3493381e-03
  -4.3461655e-03
  -4.3429575e-03
  -4.3397140e-03
  -4.3364351e-03
  -4.3331208e-03
  -4.3297712e-03
  -4.3263864e-03
  -4.3229662e-03
  -4.3195109e-03
  -4.3160204e-03
  -4.3124947e-03
  -4.3089340e-03
  -4.3053382e-03
  -4.3017073e-03
  -4.2980416e-03
  -4.2943409e-03
  -4.2906053e-03
  -4.2868348e-03
  -4.2830296e-03
  -4.2791896e-03
  -4.2753148e-03
  -4.2714054e-03
  -4.2674614e-03
  -4.2634827e-03
  -4.2594696e-03
  -4.2554219e-03
  -4.2513397e-03
  -4.2472232e-03
  -4.2430722e-03
  -4.2388870e-03
  -4.2346674e-03
  -4.2304136e-03
  -4.2261257e-03
  -4.2218035e-03
  -4.2174473e-03
  -4.2130571e-03
  -4.2086328e-03
  -4.2041745e-03
  -4.1996824e-03
  -4.1951564e-03
  -4.1905965e-03
  -4.1860029e-03
  -4.1813756e-03
  -4.1767146e-03
  -4.1720199e-03
  -4.1672917e-03
  -4.1625299e-03
  -4.1577347e-03
  -4.1529061e-03
  -4.1480440e-03
  -4.1431486e-03
  -4.1382200e-03
  -4.1332581e-03
  -4.1282630e-03
  -4.1232348e-03
  -4.1181735e-03
  -4.1130792e-03
  -4.1079519e-03
  -4.1027917e-03
  -4.0975986e-03
  -4.0923727e-03
  -4.0871141e-03
  -4.0818227e-03
  -4.0764986e-03
  -4.0711419e-03
  -4.0657527e-03
  -4.0603310e-03
  -4.0548768e-03
  -4.0493902e-03
  -4.0438713e-03
  -4.0383201e-03
  -4.0327367e-03
  -4.0271211e-03
  -4.0214733e-03
  -4.0157935e-03
  -4.0100817e-03
  -4.0043379e-03
  -3.9985623e-03
  -3.9927547e-03
  -3.9869154e-03
  -3.9810444e-03
  -3.9751417e-03
  -3.9692074e-03
  -3.9632415e-03
  -3.9572441e-03
  -3.9512153e-03
  -3.9451551e-03
  -3.9390636e-03
  -3.9329407e-03
  -3.9267867e-03
  -3.9206016e-03
  -3.9143853e-03
  -3.9081380e-03
  -3.9018598e-03
  -3.8955506e-03
  -3.8892105e-03
  -3.8828397e-03
  -3.8764382e-03
  -3.8700059e-03
  -3.8635431e-03
  -3.8570497e-03
  -3.8505258e-03
  -3.8439715e-03
  -3.8373869e-03
  -3.8307719e-03
  -3.8241267e-03
  -3.8174513e-03
  -3.8107458e-03
  -3.8040102e-03
  -3.7972447e-03
  -3.7904492e-03
  -3.7836238e-03
  -3.7767687e-03
  -3.7698838e-03
  -3.7629693e-03
  -3.7560251e-03
  -3.7490514e-03
  -3.7420482e-03
  -3.7350156e-03
  -3.7279537e-03
  -3.7208624e-03
  -3.7137420e-03
  -3.7065924e-03
  -3.6994137e-03
  -3.6922060e-03
  -3.6849693e-03
  -3.6777038e-03
  -3.6704094e-03
  -3.6630863e-03
  -3.6557344e-03
  -3.6483540e-03
  -3.6409450e-03
  -3.6335075e-03
  -3.6260416e-03
  -3.6185474e-03
  -3.6110249e-03
  -3.6034741e-03
  -3.5958952e-03
  -3.5882883e-03
  -3.5806533e-03
  -3.5729904e-03
  -3.5652997e-03
  -3.5575811e-03
  -3.5498348e-03
  -3.5420608e-03
  -3.5342593e-03
  -3.5264302e-03
  -3.5185737e-03
  -3.5106898e-03
  -3.5027787e-03
  -3.4948402e-03
  -3.4868746e-03
  -3.4788820e-03
  -3.4708623e-03
  -3.4628156e-03
  -3.4547421e-03
  -3.4466418e-03
  -3.4385147e-03
  -3.4303610e-03
  -3.4221807e-03
  -3.4139739e-03
  -3.4057406e-03
  -3.3974810e-03
  -3.3891951e-03
  -3.3808829e-03
  -3.3725447e-03
  -3.3641803e-03
  -3.3557900e-03
  -3.3473737e-03
  -3.3389316e-03
  -3.3304637e-03
  -3.3219701e-03
  -3.3134509e-03
  -3.3049061e-03
  -3.2963359e-03
  -3.2877402e-03
  -3.2791193e-03
  -3.2704731e-03
  -3.2618017e-03
  -3.2531053e-03
  -3.2443838e-03
  -3.2356374e-03
  -3.2268661e-03
  -3.2180700e-03
  -3.2092493e-03
  -3.2004039e-03
  -3.1915339e-03
  -3.1826395e-03
  -3.1737206e-03
  -3.1647775e-03
  -3.1558101e-03
  -3.1468186e-03
  -3.1378029e-03
  -3.1287633e-03
  -3.1196997e-03
  -3.1106123e-03
  -3.1015011e-03
  -3.0923662e-03
  -3.0832077e-03
  -3.0740257e-03
  -3.0648203e-03
  -3.0555914e-03
  -3.0463393e-03
  -3.0370640e-03
  -3.0277655e-03
  -3.0184440e-03
  -3.0090995e-03
  -2.9997321e-03
  -2.9903420e-03
  -2.9809291e-03
  -2.9714935e-03
  -2.9620354e-03
  -2.9525548e-03
  -2.9430519e-03
  -2.9335266e-03
  -2.9239790e-03
  -2.9144094e-03
  -2.9048176e-03
  -2.8952039e-03
  -2.8855683e-03
  -2.8759108e-03
  -2.8662316e-03
  -2.8565308e-03
  -2.8468084e-03
  -2.8370644e-03
  -2.8272991e-03
  -2.8175125e-03
  -2.8077047e-03
  -2.7978757e-03
  -2.7880256e-03
  -2.7781545e-03
  -2.7682626e-03
  -2.7583498e-03
  -2.7484163e-03
  -2.7384622e-03
  -2.7284875e-03
  -2.7184923e-03
  -2.7084768e-03
  -2.6984409e-03
  -2.6883849e-03
  -2.6783087e-03
  -2.6682124e-03
  -2.6580962e-03
  -2.6479602e-03
  -2.6378043e-03
  -2.6276288e-03
  -2.6174336e-03
  -2.6072189e-03
  -2.5969848e-03
  -2.5867313e-03
  -2.5764586e-03
  -2.5661667e-03
  -2.5558557e-03
  -2.5455257e-03
  -2.5351768e-03
  -2.5248090e-03
  -2.5144226e-03
  -2.5040174e-03
  -2.4935938e-03
  -2.4831516e-03
  -2.4726911e-03
  -2.4622122e-03
  -2.4517152e-03
  -2.4412001e-03
  -2.4306669e-03
  -2.4201158e-03
  -2.4095468e-03
  -2.3989601e-03
  -2.3883557e-03
  -2.3777337e-03
  -2.3670942e-03
  -2.3564374e-03
  -2.3457632e-03
  -2.3350718e-03
  -2.3243633e-03
  -2.3136377e-03
  -2.3028952e-03
  -2.2921358e-03
  -2.2813597e-03
  -2.2705669e-03
  -2.2597575e-03
  -2.2489316e-03
  -2.2380893e-03
  -2.2272307e-03
  -2.2163558e-03
  -2.2054649e-03
  -2.1945579e-03
  -2.1836349e-03
  -2.1726961e-03
  -2.1617416e-03
  -2.1507714e-03
  -2.1397856e-03
  -2.1287843e-03
  -2.1177676e-03
  -2.1067356e-03
  -2.0956885e-03
  -2.0846262e-03
  -2.0735488e-03
  -2.0624566e-03
  -2.0513495e-03
  -2.0402277e-03
  -2.0290912e-03
  -2.0179402e-03
  -2.0067747e-03
  -1.9955949e-03
  -1.9844008e-03
  -1.9731925e-03
  -1.9619701e-03
  -1.9507337e-03
  -1.9394834e-03
  -1.9282193e-03
  -1.9169415e-03
  -1.9056501e-03
  -1.8943452e-03
  -1.8830269e-03
  -1.8716952e-03
  -1.8603503e-03
  -1.8489922e-03
  -1.8376211e-03
  -1.8262370e-03
  -1.8148401e-03
  -1.8034305e-03
  -1.7920081e-03
  -1.7805732e-03
  -1.7691259e-03
  -1.7576661e-03
  -1.7461941e-03
  -1.7347098e-03
  -1.7232135e-03
  -1.7117052e-03
  -1.7001850e-03
  -1.6886530e-03
  -1.6771093e-03
  -1.6655540e-03
  -1.6539871e-03
  -1.6424089e-03
  -1.6308193e-03
  -1.6192185e-03
  -1.6076066e-03
  -1.5959836e-03
  -1.5843498e-03
  -1.5727050e-03
  -1.5610496e-03
  -1.5493835e-03
  -1.5377068e-03
  -1.5260197e-03
  -1.5143223e-03
  -1.5026146e-03
  -1.4908968e-03
  -1.4791689e-03
  -1.4674310e-03
  -1.4556833e-03
  -1.4439258e-03
  -1.4321586e-03
  -1.4203819e-03
  -1.4085957e-03
  -1.3968001e-03
  -1.3849953e-03
  -1.3731813e-03
  -1.3613582e-03
  -1.3495261e-03
  -1.3376852e-03
  -1.3258355e-03
  -1.3139771e-03
  -1.3021101e-03
  -1.2902346e-03
  -1.2783507e-03
  -1.2664586e-03
  -1.2545582e-03
  -1.2426498e-03
  -1.2307334e-03
  -1.2188091e-03
  -1.2068769e-03
  -1.1949371e-03
  -1.1829897e-03
  -1.1710349e-03
  -1.1590726e-03
  -1.1471030e-03
  -1.1351262e-03
  -1.1231423e-03
  -1.1111515e-03
  -1.0991537e-03
  -1.0871491e-03
  -1.0751378e-03
  -1.0631200e-03
  -1.0510956e-03
  -1.0390648e-03
  -1.0270278e-03
  -1.0149845e-03
  -1.0029351e-03
  -9.9087979e-04
  -9.7881852e-04
  -9.6675146e-04
  -9.5467871e-04
  -9.4260035e-04
  -9.3051649e-04
  -9.1842724e-04
  -9.0633269e-04
  -8.9423294e-04
  -8.8212810e-04
  -8.7001826e-04
  -8.5790353e-04
  -8.4578400e-04
  -8.3365977e-04
  -8.2153096e-04
  -8.0939765e-04
  -7.9725994e-04
  -7.8511795e-04
  -7.7297176e-04
  -7.6082149e-04
  -7.4866722e-04
  -7.3650907e-04
  -7.2434713e-04
  -7.1218150e-04
  -7.0001229e-04
  -6.8783960e-04
  -6.7566352e-04
  -6.6348416e-04
  -6.5130161e-04
  -6.3911599e-04
  -6.2692738e-04
  -6.1473590e-04
  -6.0254165e-04
  -5.9034471e-04
  -5.7814520e-04
  -5.6594322e-04
  -5.5373887e-04
  -5.4153224e-04
  -5.2932345e-04
  -5.1711259e-04
  -5.0489976e-04
  -4.9268507e-04
  -4.8046861e-04
  -4.6825048e-04
  -4.5603080e-04
  -4.4380966e-04
  -4.3158716e-04
  -4.1936340e-04
  -4.0713848e-04
  -3.9491251e-04
  -3.8268559e-04
  -3.7045781e-04
  -3.5822929e-04
  -3.4600011e-04
  -3.3377039e-04
  -3.2154023e-04
  -3.0930972e-04
  -2.9707896e-04
  -2.8484807e-04
  -2.7261713e-04
  -2.6038626e-04
  -2.4815555e-04
  -2.3592510e-04
  -2.2369502e-04
  -2.1146541e-04
  -1.9923637e-04
  -1.8700799e-04
  -1.7478039e-04
  -1.6255367e-04
  -1.5032791e-04
  -1.3810324e-04
  -1.2587974e-04
  -1.1365752e-04
  -1.0143668e-04
  -8.9217321e-05
  -7.6999548e-05
  -6.4783459e-05
  -5.2569156e-05
  -4.0356741e-05
  -2.8146315e-05
  -1.5937979e-05
  -3.7318343e-06
   8.4720173e-06
   2.0673475e-05
   3.2872437e-05
   4.5068802e-05
   5.7262469e-05
   6.9453338e-05
   8.1641306e-05
   9.3826272e-05
   1.0600814e-04
   1.1818680e-04
   1.3036215e-04
   1.4253410e-04
   1.5470254e-04
   1.6686738e-04
   1.7902850e-04
   1.9118582e-04
   2.0333922e-04
   2.1548861e-04
   2.2763389e-04
   2.3977496e-04
   2.5191171e-04
   2.6404405e-04
   2.7617187e-04
   2.8829507e-04
   3.0041356e-04
   3.1252723e-04
   3.2463598e-04
   3.3673971e-04
   3.4883832e-04
   3.6093171e-04
   3.7301978e-04
   3.8510243e-04
   3.9717956e-04
   4.0925107e-04
   4.2131686e-04
   4.3337682e-04
   4.4543086e-04
   4.5747888e-04
   4.6952077e-04
   4.8155645e-04
   4.9358580e-04
   5.0560873e-04
   5.1762513e-04
   5.2963492e-04
   5.4163798e-04
   5.5363422e-04
   5.6562354e-04
   5.7760583e-04
   5.8958101e-04
   6.0154897e-04
   6.1350960e-04
   6.2546282e-04
   6.3740852e-04
   6.4934660e-04
   6.6127697e-04
   6.7319952e-04
   6.8511415e-04
   6.9702077e-04
   7.0891928e-04
   7.2080957e-04
   7.3269156e-04
   7.4456513e-04
   7.5643020e-04
   7.6828666e-04
   7.8013441e-04
   7.9197336e-04
   8.0380341e-04
   8.1562446e-04
   8.2743640e-04
   8.3923915e-04
   8.5103261e-04
   8.6281667e-04
   8.7459124e-04
   8.8635622e-04
   8.9811152e-04
   9.0985703e-04
   9.2159265e-04
   9.3331830e-04
   9.4503387e-04
   9.5673926e-04
   9.6843438e-04
   9.8011913e-04
   9.9179342e-04
   1.0034571e-03
   1.0151102e-03
   1.0267525e-03
   1.0383840e-03
   1.0500044e-03
   1.0616139e-03
   1.0732122e-03
   1.0847993e-03
   1.0963750e-03
   1.1079393e-03
   1.1194920e-03
   1.1310332e-03
   1.1425626e-03
   1.1540802e-03
   1.1655859e-03
   1.1770795e-03
   1.1885611e-03
   1.2000305e-03
   1.2114876e-03
   1.2229322e-03
   1.2343644e-03
   1.2457840e-03
   1.2571910e-03
   1.2685851e-03
   1.2799664e-03
   1.2913348e-03
   1.3026901e-03
   1.3140322e-03
   1.3253611e-03
   1.3366766e-03
   1.3479788e-03
   1.3592673e-03
   1.3705423e-03
   1.3818036e-03
   1.3930510e-03
   1.4042846e-03
   1.4155041e-03
   1.4267096e-03
   1.4379009e-03
   1.4490779e-03
   1.4602405e-03
   1.4713887e-03
   1.4825223e-03
   1.4936413e-03
   1.5047456e-03
   1.5158350e-03
   1.5269095e-03
   1.5379689e-03
   1.5490133e-03
   1.5600425e-03
   1.5710564e-03
   1.5820549e-03
   1.5930379e-03
   1.6040054e-03
   1.6149572e-03
   1.6258932e-03
   1.6368135e-03
   1.6477177e-03
   1.6586060e-03
   1.6694782e-03
   1.6803341e-03
   1.6911738e-03
   1.7019971e-03
   1.7128039e-03
   1.7235942e-03
   1.7343678e-03
   1.7451247e-03
   1.7558647e-03
   1.7665879e-03
   1.7772940e-03
   1.7879830e-03
   1.7986548e-03
   1.8093094e-03
   1.8199466e-03
   1.8305663e-03
   1.8411686e-03
   1.8517531e-03
   1.8623200e-03
   1.8728691e-03
   1.8834003e-03
   1.8939135e-03
   1.9044086e-03
   1.9148856e-03
   1.9253443e-03
   1.9357847e-03
   1.9462067e-03
   1.9566102e-03
   1.9669951e-03
   1.9773614e-03
   1.9877089e-03
   1.9980375e-03
   2.0083472e-03
   2.0186379e-03
   2.0289095e-03
   2.0391620e-03
   2.0493951e-03
   2.0596089e-03
   2.0698032e-03
   2.0799781e-03
   2.0901333e-03
   2.1002688e-03
   2.1103845e-03
   2.1204804e-03
   2.1305563e-03
   2.1406122e-03
   2.1506480e-03
   2.1606636e-03
   2.1706590e-03
   2.1806339e-03
   2.1905884e-03
   2.2005224e-03
   2.2104358e-03
   2.2203285e-03
   2.2302004e-03
   2.2400515e-03
   2.2498816e-03
   2.2596907e-03
   2.2694787e-03
   2.2792456e-03
   2.2889911e-03
   2.2987154e-03
   2.3084182e-03
   2.3180995e-03
   2.3277592e-03
   2.3373973e-03
   2.3470136e-03
   2.3566081e-03
   2.3661807e-03
   2.3757313e-03
   2.3852599e-03
   2.3947663e-03
   2.4042506e-03
   2.4137125e-03
   2.4231520e-03
   2.4325691e-03
   2.4419637e-03
   2.4513357e-03
   2.4606850e-03
   2.4700115e-03
   2.4793152e-03
   2.4885960e-03
   2.4978537e-03
   2.5070885e-03
   2.5163000e-03
   2.5254884e-03
   2.5346535e-03
   2.5437952e-03
   2.5529134e-03
   2.5620082e-03
   2.5710793e-03
   2.5801268e-03
   2.5891505e-03
   2.5981504e-03
   2.6071265e-03
   2.6160785e-03
   2.6250065e-03
   2.6339104e-03
   2.6427901e-03
   2.6516456e-03
   2.6604767e-03
   2.6692835e-03
   2.6780657e-03
   2.6868234e-03
   2.6955565e-03
   2.7042649e-03
   2.7129485e-03
   2.7216073e-03
   2.7302412e-03
   2.7388501e-03
   2.7474339e-03
   2.7559927e-03
   2.7645262e-03
   2.7730345e-03
   2.7815175e-03
   2.7899751e-03
   2.7984072e-03
   2.8068138e-03
   2.8151947e-03
   2.8235500e-03
   2.8318796e-03
   2.8401834e-03
   2.8484612e-03
   2.8567132e-03
   2.8649391e-03
   2.8731390e-03
   2.8813127e-03
   2.8894602e-03
   2.8975814e-03
   2.9056763e-03
   2.9137447e-03
   2.9217867e-03
   2.9298022e-03
   2.9377910e-03
   2.9457532e-03
   2.9536886e-03
   2.9615973e-03
   2.9694790e-03
   2.9773339e-03
   2.9851617e-03
   2.9929625e-03
   3.0007362e-03
   3.0084827e-03
   3.0162020e-03
   3.0238939e-03
   3.0315585e-03
   3.0391957e-03
   3.0468053e-03
   3.0543874e-03
   3.0619419e-03
   3.0694687e-03
   3.0769678e-03
   3.0844391e-03
   3.0918825e-03
   3.0992980e-03
   3.1066855e-03
   3.1140450e-03
   3.1213764e-03
   3.1286797e-03
   3.1359547e-03
   3.1432014e-03
   3.1504198e-03
   3.1576099e-03
   3.1647715e-03
   3.1719045e-03
   3.1790091e-03
   3.1860850e-03
   3.1931322e-03
   3.2001507e-03
   3.2071404e-03
   3.2141013e-03
   3.2210332e-03
   3.2279362e-03
   3.2348103e-03
   3.2416552e-03
   3.2484710e-03
   3.2552577e-03
   3.2620151e-03
   3.2687432e-03
   3.2754421e-03
   3.2821115e-03
   3.2887515e-03
   3.2953620e-03
   3.3019429e-03
   3.3084943e-03
   3.3150160e-03
   3.3215080e-03
   3.3279702e-03
   3.3344027e-03
   3.3408053e-03
   3.3471779e-03
   3.3535207e-03
   3.3598334e-03
   3.3661161e-03
   3.3723687e-03
   3.3785911e-03
   3.3847833e-03
   3.3909453e-03
   3.3970769e-03
   3.4031783e-03
   3.4092492e-03
   3.4152897e-03
   3.4212997e-03
   3.4272792e-03
   3.4332281e-03
   3.4391463e-03
   3.4450339e-03
   3.4508908e-03
   3.4567169e-03
   3.4625122e-03
   3.4682766e-03
   3.4740101e-03
   3.4797127e-03
   3.4853843e-03
   3.4910249e-03
   3.4966344e-03
   3.5022128e-03
   3.5077600e-03
   3.5132760e-03
   3.5187608e-03
   3.5242142e-03
   3.5296364e-03
   3.5350272e-03
   3.5403865e-03
   3.5457144e-03
   3.5510108e-03
   3.5562757e-03
   3.5615090e-03
   3.5667107e-03
   3.5718807e-03
   3.5770191e-03
   3.5821257e-03
   3.5872005e-03
   3.5922435e-03
   3.5972547e-03
   3.6022340e-03
   3.6071814e-03
   3.6120968e-03
   3.6169802e-03
   3.6218316e-03
   3.6266509e-03
   3.6314381e-03
   3.6361932e-03
   3.6409161e-03
   3.6456068e-03
   3.6502652e-03
   3.6548914e-03
   3.6594852e-03
   3.6640467e-03
   3.6685758e-03
   3.6730725e-03
   3.6775368e-03
   3.6819686e-03
   3.6863678e-03
   3.6907346e-03
   3.6950687e-03
   3.6993703e-03
   3.7036392e-03
   3.7078754e-03
   3.7120789e-03
   3.7162497e-03
   3.7203877e-03
   3.7244930e-03
   3.7285654e-03
   3.7326050e-03
   3.7366117e-03
   3.7405855e-03
   3.7445264e-03
   3.7484343e-03
   3.7523092e-03
   3.7561511e-03
   3.7599600e-03
   3.7637357e-03
   3.7674784e-03
   3.7711880e-03
   3.7748644e-03
   3.7785077e-03
   3.7821177e-03
   3.7856946e-03
   3.7892382e-03
   3.7927485e-03
   3.7962255e-03
   3.7996692e-03
   3.8030796e-03
   3.8064566e-03
   3.8098002e-03
   3.8131104e-03
   3.8163871e-03
   3.8196304e-03
   3.8228403e-03
   3.8260166e-03
   3.8291595e-03
   3.8322687e-03
   3.8353445e-03
   3.8383866e-03
   3.8413952e-03
   3.8443701e-03
   3.8473115e-03
   3.8502191e-03
   3.8530931e-03
   3.8559334e-03
   3.8587400e-03
   3.8615129e-03
   3.8642520e-03
   3.8669574e-03
   3.8696290e-03
   3.8722668e-03
   3.8748708e-03
   3.8774409e-03
   3.8799773e-03
   3.8824798e-03
   3.8849484e-03
   3.8873831e-03
   3.8897840e-03
   3.8921509e-03
   3.8944840e-03
   3.8967830e-03
   3.8990482e-03
   3.9012794e-03
   3.9034766e-03
   3.9056398e-03
   3.9077690e-03
   3.9098642e-03
   3.9119255e-03
   3.9139526e-03
   3.9159458e-03
   3.9179049e-03
   3.9198299e-03
   3.9217209e-03
   3.9235778e-03
   3.9254006e-03
   3.9271893e-03
   3.9289440e-03
   3.9306645e-03
   3.9323509e-03
   3.9340032e-03
   3.9356213e-03
   3.9372053e-03
   3.9387552e-03
   3.9402710e-03
   3.9417525e-03
   3.9432000e-03
   3.9446132e-03
   3.9459923e-03
   3.9473372e-03
   3.9486480e-03
   3.9499245e-03
   3.9511669e-03
   3.9523751e-03
   3.9535492e-03
   3.9546890e-03
   3.9557946e-03
   3.9568660e-03
   3.9579033e-03
   3.9589063e-03
   3.9598752e-03
   3.9608098e-03
   3.9617103e-03
   3.9625766e-03
   3.9634086e-03
   3.9642065e-03
   3.9649701e-03
   3.9656996e-03
   3.9663949e-03
   3.9670560e-03
   3.9676829e-03
   3.9682756e-03
   3.9688342e-03
   3.9693585e-03
   3.9698487e-03
   3.9703047e-03
   3.9707265e-03
   3.9711142e-03
   3.9714677e-03
   3.9717871e-03
   3.9720723e-03
   3.9723234e-03
   3.9725403e-03
   3.9727232e-03
   3.9728718e-03
   3.9729864e-03
   3.9730669e-03
   3.9731132e-03
   3.9731255e-03
   3.9731037e-03
   3.9730478e-03
   3.9729578e-03
   3.9728338e-03
   3.9726758e-03
   3.9724836e-03
   3.9722575e-03
   3.9719973e-03
   3.9717032e-03
   3.9713750e-03
   3.9710129e-03
   3.9706167e-03
   3.9701867e-03
   3.9697226e-03
   3.9692246e-03
   3.9686927e-03
   3.9681269e-03
   3.9675272e-03
   3.9668936e-03
   3.9662261e-03
   3.9655248e-03
   3.9647896e-03
   3.9640206e-03
   3.9632178e-03
   3.9623812e-03
   3.9615108e-03
   3.9606067e-03
   3.9596688e-03
   3.9586972e-03
   3.9576918e-03
   3.9566528e-03
   3.9555801e-03
   3.9544737e-03
   3.9533337e-03
   3.9521600e-03
   3.9509527e-03
   3.9497119e-03
   3.9484375e-03
   3.9471295e-03
   3.9457881e-03
   3.9444131e-03
   3.9430046e-03
   3.9415626e-03
   3.9400873e-03
   3.9385784e-03
   3.9370362e-03
   3.9354606e-03
   3.9338517e-03
   3.9322094e-03
   3.9305338e-03
   3.9288249e-03
   3.9270828e-03
   3.9253074e-03
   3.9234988e-03
   3.9216570e-03
   3.9197821e-03
   3.9178740e-03
   3.9159328e-03
   3.9139585e-03
   3.9119511e-03
   3.9099107e-03
   3.9078373e-03
   3.9057309e-03
   3.9035915e-03
   3.9014192e-03
   3.8992140e-03
   3.8969760e-03
   3.8947051e-03
   3.8924013e-03
   3.8900648e-03
   3.8876955e-03
   3.8852935e-03
   3.8828588e-03
   3.8803914e-03
   3.8778914e-03
   3.8753588e-03
   3.8727936e-03
   3.8701958e-03
   3.8675656e-03
   3.8649028e-03
   3.8622076e-03
   3.8594800e-03
   3.8567199e-03
   3.8539276e-03
   3.8511029e-03
   3.8482459e-03
   3.8453567e-03
   3.8424352e-03
   3.8394816e-03
   3.8364958e-03
   3.8334779e-03
   3.8304279e-03
   3.8273458e-03
   3.8242318e-03
   3.8210857e-03
   3.8179078e-03
   3.8146979e-03
   3.8114562e-03
   3.8081826e-03
   3.8048772e-03
   3.8015401e-03
   3.7981713e-03
   3.7947708e-03
   3.7913386e-03
   3.7878749e-03
   3.7843796e-03
   3.7808527e-03
   3.7772944e-03
   3.7737047e-03
   3.7700835e-03
   3.7664310e-03
   3.7627471e-03
   3.7590320e-03
   3.7552856e-03
   3.7515081e-03
   3.7476993e-03
   3.7438595e-03
   3.7399886e-03
   3.7360866e-03
   3.7321537e-03
   3.7281898e-03
   3.7241950e-03
   3.7201693e-03
   3.7161129e-03
   3.7120256e-03
   3.7079077e-03
   3.7037590e-03
   3.6995797e-03
   3.6953698e-03
   3.6911294e-03
   3.6868585e-03
   3.6825571e-03
   3.6782253e-03
   3.6738631e-03
   3.6694706e-03
   3.6650479e-03
   3.6605949e-03
   3.6561118e-03
   3.6515985e-03
   3.6470551e-03
   3.6424817e-03
   3.6378783e-03
   3.6332450e-03
   3.6285818e-03
   3.6238888e-03
   3.6191659e-03
   3.6144134e-03
   3.6096311e-03
   3.6048192e-03
   3.5999777e-03
   3.5951067e-03
   3.5902061e-03
   3.5852762e-03
   3.5803168e-03
   3.5753282e-03
   3.5703102e-03
   3.5652630e-03
   3.5601867e-03
   3.5550812e-03
   3.5499466e-03
   3.5447830e-03
   3.5395905e-03
   3.5343690e-03
   3.5291187e-03
   3.5238396e-03
   3.5185317e-03
   3.5131951e-03
   3.5078299e-03
   3.5024361e-03
   3.4970137e-03
   3.4915629e-03
   3.4860837e-03
   3.4805761e-03
   3.4750402e-03
   3.4694760e-03
   3.4638836e-03
   3.4582631e-03
   3.4526146e-03
   3.4469379e-03
   3.4412334e-03
   3.4355009e-03
   3.4297405e-03
   3.4239524e-03
   3.4181365e-03
   3.4122930e-03
   3.4064218e-03
   3.4005231e-03
   3.3945968e-03
   3.3886432e-03
   3.3826621e-03
   3.3766537e-03
   3.3706181e-03
   3.3645552e-03
   3.3584652e-03
   3.3523482e-03
   3.3462041e-03
   3.3400331e-03
   3.3338351e-03
   3.3276103e-03
   3.3213588e-03
   3.3150805e-03
   3.3087756e-03
   3.3024441e-03
   3.2960861e-03
   3.2897016e-03
   3.2832907e-03
   3.2768535e-03
   3.2703900e-03
   3.2639003e-03
   3.2573845e-03
   3.2508426e-03
   3.2442746e-03
   3.2376807e-03
   3.2310610e-03
   3.2244154e-03
   3.2177440e-03
   3.2110470e-03
   3.2043243e-03
   3.1975761e-03
   3.1908023e-03
   3.1840032e-03
   3.1771787e-03
   3.1703289e-03
   3.1634538e-03
   3.1565536e-03
   3.1496283e-03
   3.1426780e-03
   3.1357027e-03
   3.1287025e-03
   3.1216775e-03
   3.1146278e-03
   3.1075534e-03
   3.1004543e-03
   3.0933307e-03
   3.0861826e-03
   3.0790101e-03
   3.0718132e-03
   3.0645921e-03
   3.0573468e-03
   3.0500773e-03
   3.0427838e-03
   3.0354662e-03
   3.0281248e-03
   3.0207595e-03
   3.0133704e-03
   3.0059576e-03
   2.9985211e-03
   2.9910611e-03
   2.9835776e-03
   2.9760707e-03
   2.9685403e-03
   2.9609868e-03
   2.9534100e-03
   2.9458100e-03
   2.9381870e-03
   2.9305410e-03
   2.9228721e-03
   2.9151803e-03
   2.9074657e-03
   2.8997285e-03
   2.8919686e-03
   2.8841862e-03
   2.8763812e-03
   2.8685539e-03
   2.8607042e-03
   2.8528323e-03
   2.8449382e-03
   2.8370219e-03
   2.8290837e-03
   2.8211234e-03
   2.8131413e-03
   2.8051374e-03
   2.7971117e-03
   2.7890644e-03
   2.7809955e-03
   2.7729051e-03
   2.7647932e-03
   2.7566600e-03
   2.7485055e-03
   2.7403298e-03
   2.7321329e-03
   2.7239151e-03
   2.7156762e-03
   2.7074165e-03
   2.6991359e-03
   2.6908346e-03
   2.6825126e-03
   2.6741700e-03
   2.6658069e-03
   2.6574234e-03
   2.6490195e-03
   2.6405954e-03
   2.6321510e-03
   2.6236866e-03
   2.6152021e-03
   2.6066976e-03
   2.5981732e-03
   2.5896291e-03
   2.5810652e-03
   2.5724817e-03
   2.5638786e-03
   2.5552560e-03
   2.5466140e-03
   2.5379527e-03
   2.5292721e-03
   2.5205724e-03
   2.5118536e-03
   2.5031158e-03
   2.4943590e-03
   2.4855834e-03
   2.4767891e-03
   2.4679760e-03
   2.4591444e-03
   2.4502942e-03
   2.4414256e-03
   2.4325386e-03
   2.4236334e-03
   2.4147100e-03
   2.4057684e-03
   2.3968088e-03
   2.3878313e-03
   2.3788359e-03
   2.3698227e-03
   2.3607918e-03
   2.3517433e-03
   2.3426772e-03
   2.3335937e-03
   2.3244928e-03
   2.3153746e-03
   2.3062392e-03
   2.2970867e-03
   2.2879172e-03
   2.2787307e-03
   2.2695273e-03
   2.2603071e-03
   2.2510702e-03
   2.2418167e-03
   2.2325467e-03
   2.2232602e-03
   2.2139573e-03
   2.2046382e-03
   2.1953028e-03
   2.1859513e-03
   2.1765838e-03
   2.1672003e-03
   2.1578010e-03
   2.1483859e-03
   2.1389551e-03
   2.1295087e-03
   2.1200468e-03
   2.1105694e-03
   2.1010767e-03
   2.0915687e-03
   2.0820455e-03
   2.0725072e-03
   2.0629539e-03
   2.0533857e-03
   2.0438026e-03
   2.0342048e-03
   2.0245923e-03
   2.0149653e-03
   2.0053237e-03
   1.9956677e-03
   1.9859974e-03
   1.9763129e-03
   1.9666142e-03
   1.9569015e-03
   1.9471747e-03
   1.9374341e-03
   1.9276797e-03
   1.9179115e-03
   1.9081298e-03
   1.8983345e-03
   1.8885257e-03
   1.8787036e-03
   1.8688681e-03
   1.8590195e-03
   1.8491578e-03
   1.8392831e-03
   1.8293954e-03
   1.8194949e-03
   1.8095816e-03
   1.7996557e-03
   1.7897172e-03
   1.7797661e-03
   1.7698027e-03
   1.7598270e-03
   1.7498390e-03
   1.7398389e-03
   1.7298268e-03
   1.7198027e-03
   1.7097667e-03
   1.6997189e-03
   1.6896594e-03
   1.6795884e-03
   1.6695058e-03
   1.6594117e-03
   1.6493064e-03
   1.6391897e-03
   1.6290619e-03
   1.6189231e-03
   1.6087732e-03
   1.5986124e-03
   1.5884409e-03
   1.5782586e-03
   1.5680657e-03
   1.5578622e-03
   1.5476483e-03
   1.5374240e-03
   1.5271895e-03
   1.5169447e-03
   1.5066899e-03
   1.4964251e-03
   1.4861503e-03
   1.4758657e-03
   1.4655714e-03
   1.4552675e-03
   1.4449539e-03
   1.4346310e-03
   1.4242986e-03
   1.4139570e-03
   1.4036061e-03
   1.3932462e-03
   1.3828772e-03
   1.3724993e-03
   1.3621126e-03
   1.3517171e-03
   1.3413129e-03
   1.3309002e-03
   1.3204791e-03
   1.3100495e-03
   1.2996116e-03
   1.2891656e-03
   1.2787114e-03
   1.2682492e-03
   1.2577790e-03
   1.2473010e-03
   1.2368153e-03
   1.2263219e-03
   1.2158209e-03
   1.2053125e-03
   1.1947966e-03
   1.1842735e-03
   1.1737431e-03
   1.1632056e-03
   1.1526611e-03
   1.1421096e-03
   1.1315513e-03
   1.1209863e-03
   1.1104146e-03
   1.0998363e-03
   1.0892515e-03
   1.0786603e-03
   1.0680628e-03
   1.0574591e-03
   1.0468493e-03
   1.0362335e-03
   1.0256117e-03
   1.0149841e-03
   1.0043507e-03
   9.9371162e-04
   9.8306698e-04
   9.7241686e-04
   9.6176134e-04
   9.5110052e-04
   9.4043449e-04
   9.2976333e-04
   9.1908715e-04
   9.0840602e-04
   8.9772005e-04
   8.8702931e-04
   8.7633391e-04
   8.6563393e-04
   8.5492947e-04
   8.4422061e-04
   8.3350745e-04
   8.2279008e-04
   8.1206858e-04
   8.0134305e-04
   7.9061359e-04
   7.7988027e-04
   7.6914320e-04
   7.5840246e-04
   7.4765814e-04
   7.3691034e-04
   7.2615914e-04
   7.1540464e-04
   7.0464693e-04
   6.9388610e-04
   6.8312223e-04
   6.7235543e-04
   6.6158577e-04
   6.5081336e-04
   6.4003828e-04
   6.2926062e-04
   6.1848048e-04
   6.0769794e-04
   5.9691310e-04
   5.8612604e-04
   5.7533686e-04
   5.6454565e-04
   5.5375249e-04
   5.4295749e-04
   5.3216072e-04
   5.2136229e-04
   5.1056227e-04
   4.9976077e-04
   4.8895787e-04
   4.7815366e-04
   4.6734823e-04
   4.5654168e-04
   4.4573409e-04
   4.3492555e-04
   4.2411616e-04
   4.1330601e-04
   4.0249518e-04
   3.9168376e-04
   3.8087185e-04
   3.7005954e-04
   3.5924691e-04
   3.4843406e-04
   3.3762108e-04
   3.2680805e-04
   3.1599507e-04
   3.0518223e-04
   2.9436961e-04
   2.8355731e-04
   2.7274542e-04
   2.6193402e-04
   2.5112321e-04
   2.4031308e-04
   2.2950371e-04
   2.1869520e-04
   2.0788763e-04
   1.9708110e-04
   1.8627569e-04
   1.7547150e-04
   1.6466861e-04
   1.5386712e-04
   1.4306710e-04
   1.3226866e-04
   1.2147188e-04
   1.1067686e-04
   9.9883669e-05
   8.9092411e-05
   7.8303171e-05
   6.7516038e-05
   5.6731103e-05
   4.5948453e-05
   3.5168177e-05
   2.4390365e-05
   1.3615105e-05
   2.8424860e-06
  -7.9274029e-06
  -1.8694473e-05
  -2.9458637e-05
  -4.0219804e-05
  -5.0977887e-05
  -6.1732798e-05
  -7.2484447e-05
  -8.3232747e-05
  -9.3977609e-05
  -1.0471895e-04
  -1.1545667e-04
  -1.2619069e-04
  -1.3692092e-04
  -1.4764727e-04
  -1.5836965e-04
  -1.6908798e-04
  -1.7980217e-04
  -1.9051213e-04
  -2.0121777e-04
  -2.1191901e-04
  -2.2261576e-04
  -2.3330792e-04
  -2.4399542e-04
  -2.5467816e-04
  -2.6535606e-04
  -2.7602904e-04
  -2.8669699e-04
  -2.9735985e-04
  -3.0801751e-04
  -3.1866989e-04
  -3.2931692e-04
  -3.3995849e-04
  -3.5059452e-04
  -3.6122493e-04
  -3.7184963e-04
  -3.8246853e-04
  -3.9308155e-04
  -4.0368860e-04
  -4.1428960e-04
  -4.2488445e-04
  -4.3547307e-04
  -4.4605538e-04
  -4.5663129e-04
  -4.6720071e-04
  -4.7776357e-04
  -4.8831976e-04
  -4.9886921e-04
  -5.0941184e-04
  -5.1994755e-04
  -5.3047626e-04
  -5.4099788e-04
  -5.5151234e-04
  -5.6201954e-04
  -5.7251940e-04
  -5.8301184e-04
  -5.9349677e-04
  -6.0397411e-04
  -6.1444376e-04
  -6.2490565e-04
  -6.3535970e-04
  -6.4580581e-04
  -6.5624391e-04
  -6.6667390e-04
  -6.7709572e-04
  -6.8750926e-04
  -6.9791445e-04
  -7.0831120e-04
  -7.1869944e-04
  -7.2907906e-04
  -7.3945001e-04
  -7.4981218e-04
  -7.6016550e-04
  -7.7050988e-04
  -7.8084524e-04
  -7.9117149e-04
  -8.0148856e-04
  -8.1179636e-04
  -8.2209481e-04
  -8.3238382e-04
  -8.4266332e-04
  -8.5293322e-04
  -8.6319343e-04
  -8.7344388e-04
  -8.8368448e-04
  -8.9391516e-04
  -9.0413582e-04
  -9.1434640e-04
  -9.2454679e-04
  -9.3473694e-04
  -9.4491674e-04
  -9.5508613e-04
  -9.6524502e-04
  -9.7539333e-04
  -9.8553097e-04
  -9.9565787e-04
  -1.0057739e-03
  -1.0158791e-03
  -1.0259733e-03
  -1.0360564e-03
  -1.0461284e-03
  -1.0561892e-03
  -1.0662386e-03
  -1.0762767e-03
  -1.0863033e-03
  -1.0963183e-03
  -1.1063217e-03
  -1.1163134e-03
  -1.1262934e-03
  -1.1362614e-03
  -1.1462175e-03
  -1.1561616e-03
  -1.1660936e-03
  -1.1760134e-03
  -1.1859210e-03
  -1.1958162e-03
  -1.2056990e-03
  -1.2155693e-03
  -1.2254270e-03
  -1.2352721e-03
  -1.2451045e-03
  -1.2549240e-03
  -1.2647306e-03
  -1.2745243e-03
  -1.2843050e-03
  -1.2940725e-03
  -1.3038269e-03
  -1.3135679e-03
  -1.3232956e-03
  -1.3330099e-03
  -1.3427107e-03
  -1.3523979e-03
  -1.3620714e-03
  -1.3717313e-03
  -1.3813773e-03
  -1.3910094e-03
  -1.4006275e-03
  -1.4102317e-03
  -1.4198217e-03
  -1.4293975e-03
  -1.4389590e-03
  -1.4485063e-03
  -1.4580391e-03
  -1.4675574e-03
  -1.4770611e-03
  -1.4865502e-03
  -1.4960246e-03
  -1.5054842e-03
  -1.5149289e-03
  -1.5243587e-03
  -1.5337735e-03
  -1.5431732e-03
  -1.5525578e-03
  -1.5619271e-03
  -1.5712811e-03
  -1.5806197e-03
  -1.5899429e-03
  -1.5992505e-03
  -1.6085426e-03
  -1.6178190e-03
  -1.6270796e-03
  -1.6363244e-03
  -1.6455533e-03
  -1.6547663e-03
  -1.6639632e-03
  -1.6731440e-03
  -1.6823086e-03
  -1.6914570e-03
  -1.7005891e-03
  -1.7097048e-03
  -1.7188040e-03
  -1.7278866e-03
  -1.7369527e-03
  -1.7460021e-03
  -1.7550347e-03
  -1.7640505e-03
  -1.7730495e-03
  -1.7820315e-03
  -1.7909964e-03
  -1.7999442e-03
  -1.8088749e-03
  -1.8177884e-03
  -1.8266845e-03
  -1.8355632e-03
  -1.8444245e-03
  -1.8532683e-03
  -1.8620945e-03
  -1.8709031e-03
  -1.8796939e-03
  -1.8884670e-03
  -1.8972222e-03
  -1.9059594e-03
  -1.9146787e-03
  -1.9233799e-03
  -1.9320630e-03
  -1.9407278e-03
  -1.9493744e-03
  -1.9580027e-03
  -1.9666126e-03
  -1.9752040e-03
  -1.9837769e-03
  -1.9923312e-03
  -2.0008668e-03
  -2.0093837e-03
  -2.0178818e-03
  -2.0263611e-03
  -2.0348214e-03
  -2.0432627e-03
  -2.0516850e-03
  -2.0600881e-03
  -2.0684720e-03
  -2.0768367e-03
  -2.0851821e-03
  -2.0935081e-03
  -2.1018146e-03
  -2.1101017e-03
  -2.1183691e-03
  -2.1266170e-03
  -2.1348451e-03
  -2.1430534e-03
  -2.1512420e-03
  -2.1594106e-03
  -2.1675593e-03
  -2.1756879e-03
  -2.1837965e-03
  -2.1918849e-03
  -2.1999532e-03
  -2.2080011e-03
  -2.2160288e-03
  -2.2240360e-03
  -2.2320228e-03
  -2.2399891e-03
  -2.2479348e-03
  -2.2558598e-03
  -2.2637642e-03
  -2.2716478e-03
  -2.2795106e-03
  -2.2873525e-03
  -2.2951735e-03
  -2.3029735e-03
  -2.3107524e-03
  -2.3185102e-03
  -2.3262468e-03
  -2.3339622e-03
  -2.3416563e-03
  -2.3493290e-03
  -2.3569803e-03
  -2.3646102e-03
  -2.3722185e-03
  -2.3798052e-03
  -2.3873703e-03
  -2.3949137e-03
  -2.4024353e-03
  -2.4099351e-03
  -2.4174130e-03
  -2.4248690e-03
  -2.4323030e-03
  -2.4397149e-03
  -2.4471048e-03
  -2.4544724e-03
  -2.4618179e-03
  -2.4691411e-03
  -2.4764420e-03
  -2.4837205e-03
  -2.4909765e-03
  -2.4982100e-03
  -2.5054210e-03
  -2.5126094e-03
  -2.5197752e-03
  -2.5269182e-03
  -2.5340384e-03
  -2.5411359e-03
  -2.5482104e-03
  -2.5552621e-03
  -2.5622907e-03
  -2.5692963e-03
  -2.5762788e-03
  -2.5832382e-03
  -2.5901744e-03
  -2.5970873e-03
  -2.6039770e-03
  -2.6108433e-03
  -2.6176861e-03
  -2.6245056e-03
  -2.6313015e-03
  -2.6380739e-03
  -2.6448226e-03
  -2.6515477e-03
  -2.6582491e-03
  -2.6649267e-03
  -2.6715805e-03
  -2.6782105e-03
  -2.6848165e-03
  -2.6913986e-03
  -2.6979566e-03
  -2.7044906e-03
  -2.7110005e-03
  -2.7174862e-03
  -2.7239478e-03
  -2.7303850e-03
  -2.7367980e-03
  -2.7431866e-03
  -2.7495508e-03
  -2.7558906e-03
  -2.7622058e-03
  -2.7684966e-03
  -2.7747627e-03
  -2.7810042e-03
  -2.7872210e-03
  -2.7934131e-03
  -2.7995804e-03
  -2.8057228e-03
  -2.8118404e-03
  -2.8179331e-03
  -2.8240009e-03
  -2.8300436e-03
  -2.8360613e-03
  -2.8420538e-03
  -2.8480213e-03
  -2.8539635e-03
  -2.8598806e-03
  -2.8657723e-03
  -2.8716387e-03
  -2.8774798e-03
  -2.8832955e-03
  -2.8890857e-03
  -2.8948504e-03
  -2.9005896e-03
  -2.9063033e-03
  -2.9119913e-03
  -2.9176536e-03
  -2.9232903e-03
  -2.9289012e-03
  -2.9344863e-03
  -2.9400456e-03
  -2.9455790e-03
  -2.9510865e-03
  -2.9565680e-03
  -2.9620236e-03
  -2.9674532e-03
  -2.9728566e-03
  -2.9782340e-03
  -2.9835852e-03
  -2.9889102e-03
  -2.9942090e-03
  -2.9994815e-03
  -3.0047278e-03
  -3.0099476e-03
  -3.0151411e-03
  -3.0203082e-03
  -3.0254488e-03
  -3.0305629e-03
  -3.0356505e-03
  -3.0407116e-03
  -3.0457460e-03
  -3.0507537e-03
  -3.0557348e-03
  -3.0606892e-03
  -3.0656168e-03
  -3.0705176e-03
  -3.0753916e-03
  -3.0802387e-03
  -3.0850590e-03
  -3.0898523e-03
  -3.0946186e-03
  -3.0993580e-03
  -3.1040703e-03
  -3.1087555e-03
  -3.1134137e-03
  -3.1180447e-03
  -3.1226485e-03
  -3.1272251e-03
  -3.1317745e-03
  -3.1362966e-03
  -3.1407915e-03
  -3.1452590e-03
  -3.1496991e-03
  -3.1541118e-03
  -3.1584971e-03
  -3.1628549e-03
  -3.1671853e-03
  -3.1714881e-03
  -3.1757634e-03
  -3.1800111e-03
  -3.1842311e-03
  -3.1884236e-03
  -3.1925883e-03
  -3.1967254e-03
  -3.2008347e-03
  -3.2049162e-03
  -3.2089700e-03
  -3.2129959e-03
  -3.2169940e-03
  -3.2209643e-03
  -3.2249066e-03
  -3.2288210e-03
  -3.2327074e-03
  -3.2365658e-03
  -3.2403962e-03
  -3.2441986e-03
  -3.2479729e-03
  -3.2517191e-03
  -3.2554372e-03
  -3.2591272e-03
  -3.2627890e-03
  -3.2664225e-03
  -3.2700279e-03
  -3.2736050e-03
  -3.2771538e-03
  -3.2806744e-03
  -3.2841666e-03
  -3.2876305e-03
  -3.2910660e-03
  -3.2944731e-03
  -3.2978518e-03
  -3.3012020e-03
  -3.3045238e-03
  -3.3078171e-03
  -3.3110820e-03
  -3.3143182e-03
  -3.3175259e-03
  -3.3207051e-03
  -3.3238556e-03
  -3.3269776e-03
  -3.3300709e-03
  -3.3331355e-03
  -3.3361715e-03
  -3.3391787e-03
  -3.3421573e-03
  -3.3451071e-03
  -3.3480282e-03
  -3.3509204e-03
  -3.3537839e-03
  -3.3566186e-03
  -3.3594244e-03
  -3.3622014e-03
  -3.3649495e-03
  -3.3676687e-03
  -3.3703590e-03
  -3.3730204e-03
  -3.3756528e-03
  -3.3782563e-03
  -3.3808308e-03
  -3.3833763e-03
  -3.3858928e-03
  -3.3883803e-03
  -3.3908388e-03
  -3.3932682e-03
  -3.3956685e-03
  -3.3980397e-03
  -3.4003819e-03
  -3.4026949e-03
  -3.4049788e-03
  -3.4072335e-03
  -3.4094591e-03
  -3.4116555e-03
  -3.4138228e-03
  -3.4159608e-03
  -3.4180697e-03
  -3.4201493e-03
  -3.4221996e-03
  -3.4242208e-03
  -3.4262126e-03
  -3.4281752e-03
  -3.4301086e-03
  -3.4320126e-03
  -3.4338873e-03
  -3.4357327e-03
  -3.4375488e-03
  -3.4393355e-03
  -3.4410929e-03
  -3.4428210e-03
  -3.4445196e-03
  -3.4461889e-03
  -3.4478289e-03
  -3.4494394e-03
  -3.4510205e-03
  -3.4525722e-03
  -3.4540945e-03
  -3.4555874e-03
  -3.4570508e-03
  -3.4584848e-03
  -3.4598894e-03
  -3.4612645e-03
  -3.4626102e-03
  -3.4639263e-03
  -3.4652130e-03
  -3.4664703e-03
  -3.4676980e-03
  -3.4688963e-03
  -3.4700650e-03
  -3.4712043e-03
  -3.4723140e-03
  -3.4733943e-03
  -3.4744450e-03
  -3.4754663e-03
  -3.4764580e-03
  -3.4774201e-03
  -3.4783528e-03
  -3.4792559e-03
  -3.4801295e-03
  -3.4809736e-03
  -3.4817881e-03
  -3.4825731e-03
  -3.4833285e-03
  -3.4840544e-03
  -3.4847508e-03
  -3.4854176e-03
  -3.4860549e-03
  -3.4866626e-03
  -3.4872408e-03
  -3.4877894e-03
  -3.4883085e-03
  -3.4887981e-03
  -3.4892581e-03
  -3.4896886e-03
  -3.4900895e-03
  -3.4904609e-03
  -3.4908027e-03
  -3.4911151e-03
  -3.4913979e-03
  -3.4916511e-03
  -3.4918748e-03
  -3.4920690e-03
  -3.4922337e-03
  -3.4923689e-03
  -3.4924745e-03
  -3.4925507e-03
  -3.4925973e-03
  -3.4926144e-03
  -3.4926021e-03
  -3.4925602e-03
  -3.4924889e-03
  -3.4923881e-03
  -3.4922578e-03
  -3.4920980e-03
  -3.4919088e-03
  -3.4916901e-03
  -3.4914420e-03
  -3.4911644e-03
  -3.4908574e-03
  -3.4905210e-03
  -3.4901551e-03
  -3.4897598e-03
  -3.4893352e-03
  -3.4888811e-03
  -3.4883976e-03
  -3.4878848e-03
  -3.4873426e-03
  -3.4867710e-03
  -3.4861701e-03
  -3.4855399e-03
  -3.4848803e-03
  -3.4841914e-03
  -3.4834732e-03
  -3.4827257e-03
  -3.4819489e-03
  -3.4811428e-03
  -3.4803075e-03
  -3.4794429e-03
  -3.4785491e-03
  -3.4776260e-03
  -3.4766738e-03
  -3.4756923e-03
  -3.4746817e-03
  -3.4736418e-03
  -3.4725729e-03
  -3.4714747e-03
  -3.4703475e-03
  -3.4691911e-03
  -3.4680056e-03
  -3.4667910e-03
  -3.4655473e-03
  -3.4642746e-03
  -3.4629729e-03
  -3.4616421e-03
  -3.4602823e-03
  -3.4588935e-03
  -3.4574757e-03
  -3.4560290e-03
  -3.4545533e-03
  -3.4530487e-03
  -3.4515152e-03
  -3.4499528e-03
  -3.4483615e-03
  -3.4467414e-03
  -3.4450924e-03
  -3.4434146e-03
  -3.4417080e-03
  -3.4399727e-03
  -3.4382085e-03
  -3.4364156e-03
  -3.4345940e-03
  -3.4327437e-03
  -3.4308648e-03
  -3.4289571e-03
  -3.4270209e-03
  -3.4250560e-03
  -3.4230625e-03
  -3.4210404e-03
  -3.4189898e-03
  -3.4169106e-03
  -3.4148030e-03
  -3.4126668e-03
  -3.4105022e-03
  -3.4083092e-03
  -3.4060877e-03
  -3.4038378e-03
  -3.4015596e-03
  -3.3992530e-03
  -3.3969181e-03
  -3.3945550e-03
  -3.3921635e-03
  -3.3897438e-03
  -3.3872959e-03
  -3.3848197e-03
  -3.3823154e-03
  -3.3797830e-03
  -3.3772225e-03
  -3.3746338e-03
  -3.3720171e-03
  -3.3693723e-03
  -3.3666996e-03
  -3.3639988e-03
  -3.3612701e-03
  -3.3585135e-03
  -3.3557290e-03
  -3.3529166e-03
  -3.3500763e-03
  -3.3472083e-03
  -3.3443125e-03
  -3.3413889e-03
  -3.3384375e-03
  -3.3354585e-03
  -3.3324518e-03
  -3.3294175e-03
  -3.3263556e-03
  -3.3232661e-03
  -3.3201491e-03
  -3.3170045e-03
  -3.3138325e-03
  -3.3106330e-03
  -3.3074061e-03
  -3.3041518e-03
  -3.3008701e-03
  -3.2975612e-03
  -3.2942249e-03
  -3.2908614e-03
  -3.2874707e-03
  -3.2840528e-03
  -3.2806077e-03
  -3.2771355e-03
  -3.2736362e-03
  -3.2701099e-03
  -3.2665565e-03
  -3.2629762e-03
  -3.2593689e-03
  -3.2557347e-03
  -3.2520737e-03
  -3.2483858e-03
  -3.2446711e-03
  -3.2409296e-03
  -3.2371614e-03
  -3.2333665e-03
  -3.2295449e-03
  -3.2256967e-03
  -3.2218219e-03
  -3.2179206e-03
  -3.2139928e-03
  -3.2100385e-03
  -3.2060578e-03
  -3.2020506e-03
  -3.1980172e-03
  -3.1939574e-03
  -3.1898713e-03
  -3.1857590e-03
  -3.1816205e-03
  -3.1774558e-03
  -3.1732650e-03
  -3.1690482e-03
  -3.1648053e-03
  -3.1605364e-03
  -3.1562415e-03
  -3.1519208e-03
  -3.1475741e-03
  -3.1432017e-03
  -3.1388034e-03
  -3.1343794e-03
  -3.1299297e-03
  -3.1254543e-03
  -3.1209533e-03
  -3.1164268e-03
  -3.1118747e-03
  -3.1072971e-03
  -3.1026940e-03
  -3.0980656e-03
  -3.0934118e-03
  -3.0887327e-03
  -3.0840283e-03
  -3.0792987e-03
  -3.0745439e-03
  -3.0697639e-03
  -3.0649589e-03
  -3.0601288e-03
  -3.0552738e-03
  -3.0503938e-03
  -3.0454888e-03
  -3.0405590e-03
  -3.0356044e-03
  -3.0306251e-03
  -3.0256210e-03
  -3.0205922e-03
  -3.0155388e-03
  -3.0104609e-03
  -3.0053584e-03
  -3.0002314e-03
  -2.9950800e-03
  -2.9899041e-03
  -2.9847040e-03
  -2.9794796e-03
  -2.9742309e-03
  -2.9689580e-03
  -2.9636610e-03
  -2.9583400e-03
  -2.9529948e-03
  -2.9476257e-03
  -2.9422326e-03
  -2.9368157e-03
  -2.9313749e-03
  -2.9259103e-03
  -2.9204220e-03
  -2.9149100e-03
  -2.9093743e-03
  -2.9038151e-03
  -2.8982324e-03
  -2.8926261e-03
  -2.8869965e-03
  -2.8813434e-03
  -2.8756671e-03
  -2.8699674e-03
  -2.8642446e-03
  -2.8584986e-03
  -2.8527295e-03
  -2.8469373e-03
  -2.8411222e-03
  -2.8352840e-03
  -2.8294230e-03
  -2.8235392e-03
  -2.8176325e-03
  -2.8117032e-03
  -2.8057512e-03
  -2.7997765e-03
  -2.7937793e-03
  -2.7877596e-03
  -2.7817174e-03
  -2.7756528e-03
  -2.7695659e-03
  -2.7634567e-03
  -2.7573253e-03
  -2.7511717e-03
  -2.7449960e-03
  -2.7387982e-03
  -2.7325785e-03
  -2.7263368e-03
  -2.7200732e-03
  -2.7137878e-03
  -2.7074806e-03
  -2.7011517e-03
  -2.6948012e-03
  -2.6884290e-03
  -2.6820354e-03
  -2.6756202e-03
  -2.6691837e-03
  -2.6627257e-03
  -2.6562465e-03
  -2.6497461e-03
  -2.6432245e-03
  -2.6366817e-03
  -2.6301179e-03
  -2.6235331e-03
  -2.6169274e-03
  -2.6103008e-03
  -2.6036534e-03
  -2.5969852e-03
  -2.5902963e-03
  -2.5835868e-03
  -2.5768568e-03
  -2.5701062e-03
  -2.5633352e-03
  -2.5565438e-03
  -2.5497320e-03
  -2.5429001e-03
  -2.5360479e-03
  -2.5291756e-03
  -2.5222832e-03
  -2.5153708e-03
  -2.5084385e-03
  -2.5014862e-03
  -2.4945142e-03
  -2.4875224e-03
  -2.4805109e-03
  -2.4734799e-03
  -2.4664292e-03
  -2.4593590e-03
  -2.4522695e-03
  -2.4451605e-03
  -2.4380322e-03
  -2.4308847e-03
  -2.4237181e-03
  -2.4165323e-03
  -2.4093275e-03
  -2.4021037e-03
  -2.3948610e-03
  -2.3875995e-03
  -2.3803192e-03
  -2.3730202e-03
  -2.3657025e-03
  -2.3583662e-03
  -2.3510115e-03
  -2.3436383e-03
  -2.3362467e-03
  -2.3288368e-03
  -2.3214087e-03
  -2.3139624e-03
  -2.3064980e-03
  -2.2990156e-03
  -2.2915151e-03
  -2.2839968e-03
  -2.2764607e-03
  -2.2689068e-03
  -2.2613351e-03
  -2.2537459e-03
  -2.2461391e-03
  -2.2385148e-03
  -2.2308731e-03
  -2.2232140e-03
  -2.2155377e-03
  -2.2078441e-03
  -2.2001334e-03
  -2.1924057e-03
  -2.1846609e-03
  -2.1768992e-03
  -2.1691206e-03
  -2.1613253e-03
  -2.1535132e-03
  -2.1456844e-03
  -2.1378391e-03
  -2.1299773e-03
  -2.1220990e-03
  -2.1142044e-03
  -2.1062935e-03
  -2.0983663e-03
  -2.0904230e-03
  -2.0824637e-03
  -2.0744883e-03
  -2.0664970e-03
  -2.0584898e-03
  -2.0504668e-03
  -2.0424281e-03
  -2.0343738e-03
  -2.0263038e-03
  -2.0182184e-03
  -2.0101176e-03
  -2.0020014e-03
  -1.9938699e-03
  -1.9857232e-03
  -1.9775614e-03
  -1.9693845e-03
  -1.9611926e-03
  -1.9529858e-03
  -1.9447642e-03
  -1.9365278e-03
  -1.9282767e-03
  -1.9200110e-03
  -1.9117307e-03
  -1.9034360e-03
  -1.8951269e-03
  -1.8868035e-03
  -1.8784658e-03
  -1.8701139e-03
  -1.8617480e-03
  -1.8533680e-03
  -1.8449741e-03
  -1.8365663e-03
  -1.8281447e-03
  -1.8197094e-03
  -1.8112605e-03
  -1.8027980e-03
  -1.7943220e-03
  -1.7858326e-03
  -1.7773299e-03
  -1.7688138e-03
  -1.7602846e-03
  -1.7517423e-03
  -1.7431870e-03
  -1.7346187e-03
  -1.7260375e-03
  -1.7174435e-03
  -1.7088368e-03
  -1.7002175e-03
  -1.6915856e-03
  -1.6829411e-03
  -1.6742843e-03
  -1.6656151e-03
  -1.6569337e-03
  -1.6482401e-03
  -1.6395343e-03
  -1.6308166e-03
  -1.6220868e-03
  -1.6133452e-03
  -1.6045919e-03
  -1.5958268e-03
  -1.5870500e-03
  -1.5782617e-03
  -1.5694619e-03
  -1.5606507e-03
  -1.5518282e-03
  -1.5429945e-03
  -1.5341495e-03
  -1.5252935e-03
  -1.5164265e-03
  -1.5075485e-03
  -1.4986597e-03
  -1.4897601e-03
  -1.4808498e-03
  -1.4719289e-03
  -1.4629975e-03
  -1.4540556e-03
  -1.4451034e-03
  -1.4361408e-03
  -1.4271680e-03
  -1.4181851e-03
  -1.4091921e-03
  -1.4001892e-03
  -1.3911763e-03
  -1.3821537e-03
  -1.3731213e-03
  -1.3640792e-03
  -1.3550276e-03
  -1.3459665e-03
  -1.3368959e-03
  -1.3278160e-03
  -1.3187269e-03
  -1.3096286e-03
  -1.3005211e-03
  -1.2914047e-03
  -1.2822794e-03
  -1.2731452e-03
  -1.2640022e-03
  -1.2548505e-03
  -1.2456902e-03
  -1.2365214e-03
  -1.2273442e-03
  -1.2181586e-03
  -1.2089646e-03
  -1.1997625e-03
  -1.1905523e-03
  -1.1813340e-03
  -1.1721078e-03
  -1.1628737e-03
  -1.1536318e-03
  -1.1443822e-03
  -1.1351249e-03
  -1.1258601e-03
  -1.1165879e-03
  -1.1073082e-03
  -1.0980213e-03
  -1.0887271e-03
  -1.0794257e-03
  -1.0701173e-03
  -1.0608020e-03
  -1.0514797e-03
  -1.0421506e-03
  -1.0328148e-03
  -1.0234724e-03
  -1.0141234e-03
  -1.0047679e-03
  -9.9540594e-04
  -9.8603771e-04
  -9.7666324e-04
  -9.6728262e-04
  -9.5789592e-04
  -9.4850323e-04
  -9.3910464e-04
  -9.2970021e-04
  -9.2029005e-04
  -9.1087423e-04
  -9.0145282e-04
  -8.9202593e-04
  -8.8259362e-04
  -8.7315598e-04
  -8.6371309e-04
  -8.5426504e-04
  -8.4481191e-04
  -8.3535378e-04
  -8.2589073e-04
  -8.1642285e-04
  -8.0695023e-04
  -7.9747293e-04
  -7.8799105e-04
  -7.7850467e-04
  -7.6901387e-04
  -7.5951874e-04
  -7.5001935e-04
  -7.4051580e-04
  -7.3100816e-04
  -7.2149651e-04
  -7.1198095e-04
  -7.0246155e-04
  -6.9293840e-04
  -6.8341157e-04
  -6.7388116e-04
  -6.6434724e-04
  -6.5480990e-04
  -6.4526923e-04
  -6.3572530e-04
  -6.2617819e-04
  -6.1662800e-04
  -6.0707480e-04
  -5.9751869e-04
  -5.8795973e-04
  -5.7839801e-04
  -5.6883363e-04
  -5.5926665e-04
  -5.4969717e-04
  -5.4012526e-04
  -5.3055101e-04
  -5.2097451e-04
  -5.1139583e-04
  -5.0181507e-04
  -4.9223229e-04
  -4.8264759e-04
  -4.7306105e-04
  -4.6347276e-04
  -4.5388279e-04
  -4.4429122e-04
  -4.3469815e-04
  -4.2510366e-04
  -4.1550782e-04
  -4.0591072e-04
  -3.9631245e-04
  -3.8671308e-04
  -3.7711271e-04
  -3.6751140e-04
  -3.5790926e-04
  -3.4830635e-04
  -3.3870277e-04
  -3.2909859e-04
  -3.1949390e-04
  -3.0988878e-04
  -3.0028332e-04
  -2.9067759e-04
  -2.8107168e-04
  -2.7146568e-04
  -2.6185966e-04
  -2.5225371e-04
  -2.4264792e-04
  -2.3304235e-04
  -2.2343711e-04
  -2.1383226e-04
  -2.0422790e-04
  -1.9462410e-04
  -1.8502095e-04
  -1.7541853e-04
  -1.6581692e-04
  -1.5621621e-04
  -1.4661648e-04
  -1.3701780e-04
  -1.2742027e-04
  -1.1782397e-04
  -1.0822897e-04
  -9.8635368e-05
  -8.9043235e-05
  -7.9452657e-05
  -6.9863716e-05
  -6.0276494e-05
  -5.0691074e-05
  -4.1107538e-05
  -3.1525967e-05
  -2.1946444e-05
  -1.2369051e-05
  -2.7938702e-06
   6.7790173e-06
   1.6349529e-05
   2.5917584e-05
   3.5483099e-05
   4.5045993e-05
   5.4606185e-05
   6.4163592e-05
   7.3718134e-05
   8.3269728e-05
   9.2818293e-05
   1.0236375e-04
   1.1190601e-04
   1.2144500e-04
   1.3098064e-04
   1.4051284e-04
   1.5004152e-04
   1.5956660e-04
   1.6908801e-04
   1.7860566e-04
   1.8811946e-04
   1.9762934e-04
   2.0713522e-04
   2.1663702e-04
   2.2613465e-04
   2.3562804e-04
   2.4511710e-04
   2.5460176e-04
   2.6408193e-04
   2.7355753e-04
   2.8302849e-04
   2.9249472e-04
   3.0195614e-04
   3.1141267e-04
   3.2086424e-04
   3.3031076e-04
   3.3975214e-04
   3.4918833e-04
   3.5861922e-04
   3.6804475e-04
   3.7746483e-04
   3.8687938e-04
   3.9628833e-04
   4.0569159e-04
   4.1508909e-04
   4.2448074e-04
   4.3386647e-04
   4.4324620e-04
   4.5261985e-04
   4.6198733e-04
   4.7134858e-04
   4.8070351e-04
   4.9005204e-04
   4.9939410e-04
   5.0872960e-04
   5.1805847e-04
   5.2738063e-04
   5.3669600e-04
   5.4600450e-04
   5.5530605e-04
   5.6460059e-04
   5.7388802e-04
   5.8316827e-04
   5.9244126e-04
   6.0170692e-04
   6.1096517e-04
   6.2021592e-04
   6.2945911e-04
   6.3869465e-04
   6.4792247e-04
   6.5714249e-04
   6.6635464e-04
   6.7555883e-04
   6.8475499e-04
   6.9394304e-04
   7.0312291e-04
   7.1229451e-04
   7.2145778e-04
   7.3061264e-04
   7.3975901e-04
   7.4889681e-04
   7.5802597e-04
   7.6714641e-04
   7.7625805e-04
   7.8536083e-04
   7.9445466e-04
   8.0353947e-04
   8.1261518e-04
   8.2168172e-04
   8.3073902e-04
   8.3978699e-04
   8.4882556e-04
   8.5785466e-04
   8.6687421e-04
   8.7588414e-04
   8.8488438e-04
   8.9387484e-04
   9.0285545e-04
   9.1182615e-04
   9.2078685e-04
   9.2973748e-04
   9.3867797e-04
   9.4760825e-04
   9.5652823e-04
   9.6543785e-04
   9.7433703e-04
   9.8322570e-04
   9.9210379e-04
   1.0009712e-03
   1.0098279e-03
   1.0186738e-03
   1.0275088e-03
   1.0363329e-03
   1.0451460e-03
   1.0539479e-03
   1.0627387e-03
   1.0715183e-03
   1.0802865e-03
   1.0890434e-03
   1.0977888e-03
   1.1065226e-03
   1.1152449e-03
   1.1239555e-03
   1.1326544e-03
   1.1413415e-03
   1.1500166e-03
   1.1586799e-03
   1.1673311e-03
   1.1759702e-03
   1.1845971e-03
   1.1932118e-03
   1.2018142e-03
   1.2104042e-03
   1.2189818e-03
   1.2275468e-03
   1.2360993e-03
   1.2446391e-03
   1.2531662e-03
   1.2616805e-03
   1.2701819e-03
   1.2786704e-03
   1.2871458e-03
   1.2956083e-03
   1.3040575e-03
   1.3124936e-03
   1.3209164e-03
   1.3293258e-03
   1.3377218e-03
   1.3461044e-03
   1.3544734e-03
   1.3628288e-03
   1.3711705e-03
   1.3794984e-03
   1.3878125e-03
   1.3961127e-03
   1.4043990e-03
   1.4126713e-03
   1.4209294e-03
   1.4291734e-03
   1.4374032e-03
   1.4456187e-03
   1.4538199e-03
   1.4620066e-03
   1.4701789e-03
   1.4783366e-03
   1.4864796e-03
   1.4946080e-03
   1.5027217e-03
   1.5108205e-03
   1.5189045e-03
   1.5269735e-03
   1.5350275e-03
   1.5430664e-03
   1.5510902e-03
   1.5590988e-03
   1.5670922e-03
   1.5750702e-03
   1.5830328e-03
   1.5909800e-03
   1.5989116e-03
   1.6068277e-03
   1.6147281e-03
   1.6226128e-03
   1.6304817e-03
   1.6383348e-03
   1.6461720e-03
   1.6539933e-03
   1.6617985e-03
   1.6695877e-03
   1.6773607e-03
   1.6851174e-03
   1.6928580e-03
   1.7005822e-03
   1.7082900e-03
   1.7159813e-03
   1.7236562e-03
   1.7313144e-03
   1.7389561e-03
   1.7465810e-03
   1.7541892e-03
   1.7617805e-03
   1.7693550e-03
   1.7769126e-03
   1.7844532e-03
   1.7919767e-03
   1.7994831e-03
   1.8069723e-03
   1.8144443e-03
   1.8218990e-03
   1.8293364e-03
   1.8367563e-03
   1.8441588e-03
   1.8515438e-03
   1.8589112e-03
   1.8662609e-03
   1.8735930e-03
   1.8809073e-03
   1.8882038e-03
   1.8954824e-03
   1.9027431e-03
   1.9099858e-03
   1.9172105e-03
   1.9244171e-03
   1.9316056e-03
   1.9387758e-03
   1.9459278e-03
   1.9530614e-03
   1.9601767e-03
   1.9672736e-03
   1.9743519e-03
   1.9814118e-03
   1.9884530e-03
   1.9954756e-03
   2.0024795e-03
   2.0094646e-03
   2.0164310e-03
   2.0233784e-03
   2.0303070e-03
   2.0372166e-03
   2.0441071e-03
   2.0509786e-03
   2.0578309e-03
   2.0646641e-03
   2.0714780e-03
   2.0782727e-03
   2.0850480e-03
   2.0918039e-03
   2.0985403e-03
   2.1052573e-03
   2.1119547e-03
   2.1186326e-03
   2.1252907e-03
   2.1319292e-03
   2.1385479e-03
   2.1451468e-03
   2.1517259e-03
   2.1582851e-03
   2.1648243e-03
   2.1713435e-03
   2.1778427e-03
   2.1843217e-03
   2.1907806e-03
   2.1972193e-03
   2.2036378e-03
   2.2100360e-03
   2.2164138e-03
   2.2227712e-03
   2.2291082e-03
   2.2354247e-03
   2.2417207e-03
   2.2479960e-03
   2.2542508e-03
   2.2604848e-03
   2.2666982e-03
   2.2728907e-03
   2.2790625e-03
   2.2852133e-03
   2.2913433e-03
   2.2974523e-03
   2.3035403e-03
   2.3096073e-03
   2.3156531e-03
   2.3216779e-03
   2.3276814e-03
   2.3336637e-03
   2.3396247e-03
   2.3455644e-03
   2.3514828e-03
   2.3573797e-03
   2.3632552e-03
   2.3691092e-03
   2.3749416e-03
   2.3807525e-03
   2.3865418e-03
   2.3923094e-03
   2.3980552e-03
   2.4037793e-03
   2.4094817e-03
   2.4151622e-03
   2.4208208e-03
   2.4264575e-03
   2.4320722e-03
   2.4376649e-03
   2.4432356e-03
   2.4487842e-03
   2.4543107e-03
   2.4598150e-03
   2.4652971e-03
   2.4707569e-03
   2.4761945e-03
   2.4816097e-03
   2.4870026e-03
   2.4923731e-03
   2.4977211e-03
   2.5030466e-03
   2.5083497e-03
   2.5136301e-03
   2.5188880e-03
   2.5241232e-03
   2.5293358e-03
   2.5345256e-03
   2.5396927e-03
   2.5448371e-03
   2.5499585e-03
   2.5550572e-03
   2.5601329e-03
   2.5651857e-03
   2.5702156e-03
   2.5752224e-03
   2.5802062e-03
   2.5851669e-03
   2.5901045e-03
   2.5950189e-03
   2.5999102e-03
   2.6047783e-03
   2.6096231e-03
   2.6144446e-03
   2.6192428e-03
   2.6240177e-03
   2.6287691e-03
   2.6334972e-03
   2.6382018e-03
   2.6428829e-03
   2.6475405e-03
   2.6521745e-03
   2.6567850e-03
   2.6613718e-03
   2.6659350e-03
   2.6704745e-03
   2.6749903e-03
   2.6794823e-03
   2.6839506e-03
   2.6883951e-03
   2.6928157e-03
   2.6972125e-03
   2.7015853e-03
   2.7059343e-03
   2.7102593e-03
   2.7145603e-03
   2.7188372e-03
   2.7230902e-03
   2.7273190e-03
   2.7315238e-03
   2.7357044e-03
   2.7398609e-03
   2.7439931e-03
   2.7481012e-03
   2.7521850e-03
   2.7562445e-03
   2.7602798e-03
   2.7642907e-03
   2.7682772e-03
   2.7722394e-03
   2.7761772e-03
   2.7800905e-03
   2.7839794e-03
   2.7878438e-03
   2.7916836e-03
   2.7954990e-03
   2.7992898e-03
   2.8030559e-03
   2.8067975e-03
   2.8105145e-03
   2.8142067e-03
   2.8178743e-03
   2.8215172e-03
   2.8251354e-03
   2.8287288e-03
   2.8322974e-03
   2.8358412e-03
   2.8393602e-03
   2.8428543e-03
   2.8463236e-03
   2.8497679e-03
   2.8531874e-03
   2.8565819e-03
   2.8599515e-03
   2.8632960e-03
   2.8666156e-03
   2.8699102e-03
   2.8731797e-03
   2.8764241e-03
   2.8796435e-03
   2.8828377e-03
   2.8860069e-03
   2.8891509e-03
   2.8922697e-03
   2.8953633e-03
   2.8984318e-03
   2.9014750e-03
   2.9044930e-03
   2.9074857e-03
   2.9104531e-03
   2.9133953e-03
   2.9163121e-03
   2.9192036e-03
   2.9220698e-03
   2.9249106e-03
   2.9277260e-03
   2.9305160e-03
   2.9332807e-03
   2.9360198e-03
   2.9387336e-03
   2.9414218e-03
   2.9440846e-03
   2.9467219e-03
   2.9493337e-03
   2.9519200e-03
   2.9544807e-03
   2.9570159e-03
   2.9595255e-03
   2.9620096e-03
   2.9644680e-03
   2.9669008e-03
   2.9693080e-03
   2.9716896e-03
   2.9740456e-03
   2.9763758e-03
   2.9786804e-03
   2.9809593e-03
   2.9832125e-03
   2.9854400e-03
   2.9876418e-03
   2.9898179e-03
   2.9919682e-03
   2.9940927e-03
   2.9961915e-03
   2.9982645e-03
   3.0003117e-03
   3.0023332e-03
   3.0043288e-03
   3.0062986e-03
   3.0082426e-03
   3.0101607e-03
   3.0120530e-03
   3.0139194e-03
   3.0157600e-03
   3.0175747e-03
   3.0193636e-03
   3.0211265e-03
   3.0228635e-03
   3.0245747e-03
   3.0262599e-03
   3.0279192e-03
   3.0295526e-03
   3.0311601e-03
   3.0327416e-03
   3.0342972e-03
   3.0358268e-03
   3.0373305e-03
   3.0388082e-03
   3.0402600e-03
   3.0416858e-03
   3.0430856e-03
   3.0444594e-03
   3.0458072e-03
   3.0471291e-03
   3.0484249e-03
   3.0496948e-03
   3.0509386e-03
   3.0521565e-03
   3.0533483e-03
   3.0545141e-03
   3.0556539e-03
   3.0567677e-03
   3.0578555e-03
   3.0589172e-03
   3.0599529e-03
   3.0609626e-03
   3.0619463e-03
   3.0629039e-03
   3.0638355e-03
   3.0647411e-03
   3.0656207e-03
   3.0664742e-03
   3.0673017e-03
   3.0681031e-03
   3.0688785e-03
   3.0696279e-03
   3.0703513e-03
   3.0710486e-03
   3.0717199e-03
   3.0723651e-03
   3.0729843e-03
   3.0735776e-03
   3.0741447e-03
   3.0746859e-03
   3.0752010e-03
   3.0756902e-03
   3.0761533e-03
   3.0765904e-03
   3.0770015e-03
   3.0773865e-03
   3.0777456e-03
   3.0780787e-03
   3.0783858e-03
   3.0786669e-03
   3.0789220e-03
   3.0791512e-03
   3.0793543e-03
   3.0795315e-03
   3.0796827e-03
   3.0798080e-03
   3.0799073e-03
   3.0799807e-03
   3.0800281e-03
   3.0800496e-03
   3.0800451e-03
   3.0800147e-03
   3.0799584e-03
   3.0798762e-03
   3.0797681e-03
   3.0796341e-03
   3.0794743e-03
   3.0792885e-03
   3.0790769e-03
   3.0788394e-03
   3.0785760e-03
   3.0782869e-03
   3.0779718e-03
   3.0776310e-03
   3.0772643e-03
   3.0768718e-03
   3.0764536e-03
   3.0760095e-03
   3.0755397e-03
   3.0750441e-03
   3.0745227e-03
   3.0739756e-03
   3.0734028e-03
   3.0728042e-03
   3.0721799e-03
   3.0715300e-03
   3.0708543e-03
   3.0701530e-03
   3.0694260e-03
   3.0686733e-03
   3.0678950e-03
   3.0670911e-03
   3.0662616e-03
   3.0654065e-03
   3.0645258e-03
   3.0636195e-03
   3.0626877e-03
   3.0617303e-03
   3.0607474e-03
   3.0597390e-03
   3.0587050e-03
   3.0576456e-03
   3.0565608e-03
   3.0554504e-03
   3.0543147e-03
   3.0531535e-03
   3.0519669e-03
   3.0507549e-03
   3.0495176e-03
   3.0482549e-03
   3.0469668e-03
   3.0456534e-03
   3.0443148e-03
   3.0429508e-03
   3.0415615e-03
   3.0401471e-03
   3.0387073e-03
   3.0372424e-03
   3.0357522e-03
   3.0342369e-03
   3.0326964e-03
   3.0311308e-03
   3.0295401e-03
   3.0279242e-03
   3.0262833e-03
   3.0246173e-03
   3.0229262e-03
   3.0212102e-03
   3.0194691e-03
   3.0177031e-03
   3.0159121e-03
   3.0140961e-03
   3.0122552e-03
   3.0103895e-03
   3.0084988e-03
   3.0065833e-03
   3.0046430e-03
   3.0026779e-03
   3.0006879e-03
   2.9986732e-03
   2.9966338e-03
   2.9945696e-03
   2.9924808e-03
   2.9903673e-03
   2.9882291e-03
   2.9860663e-03
   2.9838789e-03
   2.9816669e-03
   2.9794304e-03
   2.9771693e-03
   2.9748838e-03
   2.9725737e-03
   2.9702392e-03
   2.9678803e-03
   2.9654970e-03
   2.9630893e-03
   2.9606572e-03
   2.9582008e-03
   2.9557202e-03
   2.9532152e-03
   2.9506860e-03
   2.9481326e-03
   2.9455550e-03
   2.9429532e-03
   2.9403273e-03
   2.9376773e-03
   2.9350032e-03
   2.9323051e-03
   2.9295829e-03
   2.9268367e-03
   2.9240666e-03
   2.9212725e-03
   2.9184545e-03
   2.9156126e-03
   2.9127469e-03
   2.9098573e-03
   2.9069440e-03
   2.9040069e-03
   2.9010460e-03
   2.8980615e-03
   2.8950533e-03
   2.8920214e-03
   2.8889659e-03
   2.8858869e-03
   2.8827843e-03
   2.8796582e-03
   2.8765086e-03
   2.8733355e-03
   2.8701390e-03
   2.8669191e-03
   2.8636759e-03
   2.8604094e-03
   2.8571195e-03
   2.8538064e-03
   2.8504701e-03
   2.8471105e-03
   2.8437278e-03
   2.8403220e-03
   2.8368931e-03
   2.8334411e-03
   2.8299661e-03
   2.8264681e-03
   2.8229472e-03
   2.8194033e-03
   2.8158366e-03
   2.8122470e-03
   2.8086345e-03
   2.8049993e-03
   2.8013414e-03
   2.7976607e-03
   2.7939574e-03
   2.7902314e-03
   2.7864828e-03
   2.7827117e-03
   2.7789180e-03
   2.7751018e-03
   2.7712632e-03
   2.7674022e-03
   2.7635187e-03
   2.7596130e-03
   2.7556849e-03
   2.7517346e-03
   2.7477620e-03
   2.7437672e-03
   2.7397503e-03
   2.7357113e-03
   2.7316501e-03
   2.7275670e-03
   2.7234618e-03
   2.7193347e-03
   2.7151857e-03
   2.7110148e-03
   2.7068220e-03
   2.7026075e-03
   2.6983711e-03
   2.6941131e-03
   2.6898334e-03
   2.6855320e-03
   2.6812091e-03
   2.6768645e-03
   2.6724985e-03
   2.6681110e-03
   2.6637020e-03
   2.6592717e-03
   2.6548200e-03
   2.6503470e-03
   2.6458527e-03
   2.6413372e-03
   2.6368005e-03
   2.6322427e-03
   2.6276637e-03
   2.6230638e-03
   2.6184428e-03
   2.6138008e-03
   2.6091379e-03
   2.6044541e-03
   2.5997495e-03
   2.5950241e-03
   2.5902779e-03
   2.5855111e-03
   2.5807235e-03
   2.5759154e-03
   2.5710867e-03
   2.5662374e-03
   2.5613677e-03
   2.5564775e-03
   2.5515669e-03
   2.5466360e-03
   2.5416848e-03
   2.5367133e-03
   2.5317216e-03
   2.5267098e-03
   2.5216778e-03
   2.5166257e-03
   2.5115537e-03
   2.5064616e-03
   2.5013496e-03
   2.4962178e-03
   2.4910661e-03
   2.4858946e-03
   2.4807033e-03
   2.4754924e-03
   2.4702618e-03
   2.4650116e-03
   2.4597418e-03
   2.4544526e-03
   2.4491439e-03
   2.4438158e-03
   2.4384683e-03
   2.4331015e-03
   2.4277155e-03
   2.4223102e-03
   2.4168858e-03
   2.4114422e-03
   2.4059796e-03
   2.4004980e-03
   2.3949975e-03
   2.3894780e-03
   2.3839396e-03
   2.3783824e-03
   2.3728065e-03
   2.3672118e-03
   2.3615985e-03
   2.3559666e-03
   2.3503161e-03
   2.3446471e-03
   2.3389597e-03
   2.3332538e-03
   2.3275296e-03
   2.3217870e-03
   2.3160263e-03
   2.3102473e-03
   2.3044502e-03
   2.2986349e-03
   2.2928017e-03
   2.2869504e-03
   2.2810812e-03
   2.2751941e-03
   2.2692892e-03
   2.2633665e-03
   2.2574261e-03
   2.2514680e-03
   2.2454923e-03
   2.2394990e-03
   2.2334882e-03
   2.2274599e-03
   2.2214143e-03
   2.2153513e-03
   2.2092709e-03
   2.2031734e-03
   2.1970587e-03
   2.1909268e-03
   2.1847778e-03
   2.1786119e-03
   2.1724289e-03
   2.1662291e-03
   2.1600124e-03
   2.1537788e-03
   2.1475286e-03
   2.1412616e-03
   2.1349780e-03
   2.1286779e-03
   2.1223612e-03
   2.1160280e-03
   2.1096785e-03
   2.1033125e-03
   2.0969303e-03
   2.0905319e-03
   2.0841172e-03
   2.0776865e-03
   2.0712396e-03
   2.0647768e-03
   2.0582980e-03
   2.0518032e-03
   2.0452927e-03
   2.0387664e-03
   2.0322243e-03
   2.0256666e-03
   2.0190933e-03
   2.0125044e-03
   2.0059000e-03
   1.9992802e-03
   1.9926450e-03
   1.9859945e-03
   1.9793287e-03
   1.9726478e-03
   1.9659517e-03
   1.9592405e-03
   1.9525143e-03
   1.9457731e-03
   1.9390170e-03
   1.9322461e-03
   1.9254604e-03
   1.9186600e-03
   1.9118449e-03
   1.9050152e-03
   1.8981710e-03
   1.8913123e-03
   1.8844391e-03
   1.8775516e-03
   1.8706498e-03
   1.8637337e-03
   1.8568035e-03
   1.8498591e-03
   1.8429007e-03
   1.8359283e-03
   1.8289419e-03
   1.8219417e-03
   1.8149277e-03
   1.8078999e-03
   1.8008584e-03
   1.7938032e-03
   1.7867346e-03
   1.7796524e-03
   1.7725567e-03
   1.7654477e-03
   1.7583254e-03
   1.7511898e-03
   1.7440410e-03
   1.7368790e-03
   1.7297040e-03
   1.7225160e-03
   1.7153151e-03
   1.7081012e-03
   1.7008746e-03
   1.6936352e-03
   1.6863831e-03
   1.6791184e-03
   1.6718411e-03
   1.6645513e-03
   1.6572490e-03
   1.6499344e-03
   1.6426075e-03
   1.6352683e-03
   1.6279170e-03
   1.6205535e-03
   1.6131780e-03
   1.6057905e-03
   1.5983910e-03
   1.5909797e-03
   1.5835566e-03
   1.5761218e-03
   1.5686753e-03
   1.5612171e-03
   1.5537475e-03
   1.5462664e-03
   1.5387738e-03
   1.5312700e-03
   1.5237548e-03
   1.5162284e-03
   1.5086909e-03
   1.5011423e-03
   1.4935827e-03
   1.4860121e-03
   1.4784307e-03
   1.4708384e-03
   1.4632354e-03
   1.4556216e-03
   1.4479973e-03
   1.4403624e-03
   1.4327170e-03
   1.4250612e-03
   1.4173950e-03
   1.4097186e-03
   1.4020319e-03
   1.3943350e-03
   1.3866281e-03
   1.3789111e-03
   1.3711842e-03
   1.3634474e-03
   1.3557008e-03
   1.3479444e-03
   1.3401783e-03
   1.3324026e-03
   1.3246173e-03
   1.3168226e-03
   1.3090184e-03
   1.3012048e-03
   1.2933820e-03
   1.2855500e-03
   1.2777088e-03
   1.2698585e-03
   1.2619992e-03
   1.2541310e-03
   1.2462539e-03
   1.2383679e-03
   1.2304733e-03
   1.2225699e-03
   1.2146580e-03
   1.2067374e-03
   1.1988085e-03
   1.1908711e-03
   1.1829254e-03
   1.1749714e-03
   1.1670092e-03
   1.1590389e-03
   1.1510605e-03
   1.1430742e-03
   1.1350799e-03
   1.1270777e-03
   1.1190678e-03
   1.1110502e-03
   1.1030249e-03
   1.0949920e-03
   1.0869516e-03
   1.0789038e-03
   1.0708486e-03
   1.0627860e-03
   1.0547163e-03
   1.0466394e-03
   1.0385554e-03
   1.0304644e-03
   1.0223664e-03
   1.0142615e-03
   1.0061498e-03
   9.9803140e-04
   9.8990629e-04
   9.8177457e-04
   9.7363631e-04
   9.6549158e-04
   9.5734045e-04
   9.4918299e-04
   9.4101927e-04
   9.3284936e-04
   9.2467334e-04
   9.1649126e-04
   9.0830321e-04
   9.0010924e-04
   8.9190944e-04
   8.8370387e-04
   8.7549260e-04
   8.6727570e-04
   8.5905324e-04
   8.5082529e-04
   8.4259193e-04
   8.3435322e-04
   8.2610924e-04
   8.1786005e-04
   8.0960572e-04
   8.0134633e-04
   7.9308195e-04
   7.8481264e-04
   7.7653848e-04
   7.6825953e-04
   7.5997588e-04
   7.5168758e-04
   7.4339472e-04
   7.3509735e-04
   7.2679556e-04
   7.1848941e-04
   7.1017897e-04
   7.0186432e-04
   6.9354552e-04
   6.8522265e-04
   6.7689578e-04
   6.6856498e-04
   6.6023031e-04
   6.5189186e-04
   6.4354968e-04
   6.3520386e-04
   6.2685447e-04
   6.1850157e-04
   6.1014523e-04
   6.0178553e-04
   5.9342255e-04
   5.8505634e-04
   5.7668698e-04
   5.6831454e-04
   5.5993910e-04
   5.5156072e-04
   5.4317948e-04
   5.3479545e-04
   5.2640870e-04
   5.1801929e-04
   5.0962731e-04
   5.0123282e-04
   4.9283590e-04
   4.8443661e-04
   4.7603503e-04
   4.6763123e-04
   4.5922528e-04
   4.5081725e-04
   4.4240721e-04
   4.3399524e-04
   4.2558140e-04
   4.1716577e-04
   4.0874842e-04
   4.0032942e-04
   3.9190884e-04
   3.8348676e-04
   3.7506324e-04
   3.6663835e-04
   3.5821218e-04
   3.4978478e-04
   3.4135624e-04
   3.3292661e-04
   3.2449598e-04
   3.1606442e-04
   3.0763199e-04
   2.9919878e-04
   2.9076484e-04
   2.8233025e-04
   2.7389509e-04
   2.6545942e-04
   2.5702331e-04
   2.4858685e-04
   2.4015009e-04
   2.3171311e-04
   2.2327599e-04
   2.1483878e-04
   2.0640158e-04
   1.9796443e-04
   1.8952743e-04
   1.8109063e-04
   1.7265412e-04
   1.6421795e-04
   1.5578221e-04
   1.4734696e-04
   1.3891228e-04
   1.3047824e-04
   1.2204490e-04
   1.1361234e-04
   1.0518064e-04
   9.6749855e-05
   8.8320064e-05
   7.9891338e-05
   7.1463748e-05
   6.3037364e-05
   5.4612259e-05
   4.6188503e-05
   3.7766168e-05
   2.9345324e-05
   2.0926042e-05
   1.2508394e-05
   4.0924510e-06
  -4.3217166e-06
  -1.2734038e-05
  -2.1144441e-05
  -2.9552856e-05
  -3.7959211e-05
  -4.6363436e-05
  -5.4765460e-05
  -6.3165211e-05
  -7.1562620e-05
  -7.9957615e-05
  -8.8350126e-05
  -9.6740082e-05
  -1.0512741e-04
  -1.1351205e-04
  -1.2189391e-04
  -1.3027294e-04
  -1.3864906e-04
  -1.4702221e-04
  -1.5539230e-04
  -1.6375928e-04
  -1.7212306e-04
  -1.8048358e-04
  -1.8884078e-04
  -1.9719457e-04
  -2.0554489e-04
  -2.1389167e-04
  -2.2223484e-04
  -2.3057433e-04
  -2.3891006e-04
  -2.4724198e-04
  -2.5557000e-04
  -2.6389406e-04
  -2.7221409e-04
  -2.8053001e-04
  -2.8884177e-04
  -2.9714928e-04
  -3.0545249e-04
  -3.1375131e-04
  -3.2204568e-04
  -3.3033554e-04
  -3.3862080e-04
  -3.4690141e-04
  -3.5517728e-04
  -3.6344836e-04
  -3.7171457e-04
  -3.7997585e-04
  -3.8823212e-04
  -3.9648332e-04
  -4.0472937e-04
  -4.1297021e-04
  -4.2120576e-04
  -4.2943597e-04
  -4.3766075e-04
  -4.4588005e-04
  -4.5409379e-04
  -4.6230190e-04
  -4.7050432e-04
  -4.7870097e-04
  -4.8689180e-04
  -4.9507672e-04
  -5.0325567e-04
  -5.1142858e-04
  -5.1959539e-04
  -5.2775603e-04
  -5.3591042e-04
  -5.4405850e-04
  -5.5220020e-04
  -5.6033546e-04
  -5.6846420e-04
  -5.7658636e-04
  -5.8470187e-04
  -5.9281066e-04
  -6.0091267e-04
  -6.0900782e-04
  -6.1709605e-04
  -6.2517730e-04
  -6.3325148e-04
  -6.4131855e-04
  -6.4937842e-04
  -6.5743104e-04
  -6.6547633e-04
  -6.7351423e-04
  -6.8154467e-04
  -6.8956759e-04
  -6.9758291e-04
  -7.0559058e-04
  -7.1359052e-04
  -7.2158266e-04
  -7.2956695e-04
  -7.3754331e-04
  -7.4551168e-04
  -7.5347200e-04
  -7.6142419e-04
  -7.6936818e-04
  -7.7730393e-04
  -7.8523135e-04
  -7.9315038e-04
  -8.0106095e-04
  -8.0896301e-04
  -8.1685648e-04
  -8.2474131e-04
  -8.3261741e-04
  -8.4048473e-04
  -8.4834321e-04
  -8.5619277e-04
  -8.6403336e-04
  -8.7186490e-04
  -8.7968734e-04
  -8.8750060e-04
  -8.9530463e-04
  -9.0309936e-04
  -9.1088472e-04
  -9.1866065e-04
  -9.2642708e-04
  -9.3418395e-04
  -9.4193120e-04
  -9.4966877e-04
  -9.5739658e-04
  -9.6511457e-04
  -9.7282269e-04
  -9.8052086e-04
  -9.8820902e-04
  -9.9588711e-04
  -1.0035551e-03
  -1.0112128e-03
  -1.0188603e-03
  -1.0264975e-03
  -1.0341243e-03
  -1.0417406e-03
  -1.0493465e-03
  -1.0569417e-03
  -1.0645263e-03
  -1.0721002e-03
  -1.0796634e-03
  -1.0872157e-03
  -1.0947572e-03
  -1.1022876e-03
  -1.1098071e-03
  -1.1173155e-03
  -1.1248128e-03
  -1.1322988e-03
  -1.1397736e-03
  -1.1472371e-03
  -1.1546892e-03
  -1.1621299e-03
  -1.1695591e-03
  -1.1769766e-03
  -1.1843826e-03
  -1.1917769e-03
  -1.1991594e-03
  -1.2065301e-03
  -1.2138890e-03
  -1.2212359e-03
  -1.2285708e-03
  -1.2358937e-03
  -1.2432045e-03
  -1.2505031e-03
  -1.2577894e-03
  -1.2650635e-03
  -1.2723252e-03
  -1.2795745e-03
  -1.2868114e-03
  -1.2940357e-03
  -1.3012474e-03
  -1.3084465e-03
  -1.3156329e-03
  -1.3228065e-03
  -1.3299673e-03
  -1.3371152e-03
  -1.3442502e-03
  -1.3513722e-03
  -1.3584811e-03
  -1.3655769e-03
  -1.3726595e-03
  -1.3797289e-03
  -1.3867851e-03
  -1.3938278e-03
  -1.4008572e-03
  -1.4078731e-03
  -1.4148755e-03
  -1.4218643e-03
  -1.4288395e-03
  -1.4358010e-03
  -1.4427488e-03
  -1.4496828e-03
  -1.4566029e-03
  -1.4635090e-03
  -1.4704013e-03
  -1.4772795e-03
  -1.4841436e-03
  -1.4909935e-03
  -1.4978293e-03
  -1.5046509e-03
  -1.5114581e-03
  -1.5182510e-03
  -1.5250294e-03
  -1.5317934e-03
  -1.5385429e-03
  -1.5452777e-03
  -1.5519980e-03
  -1.5587036e-03
  -1.5653944e-03
  -1.5720704e-03
  -1.5787316e-03
  -1.5853779e-03
  -1.5920092e-03
  -1.5986255e-03
  -1.6052267e-03
  -1.6118128e-03
  -1.6183838e-03
  -1.6249395e-03
  -1.6314800e-03
  -1.6380051e-03
  -1.6445148e-03
  -1.6510091e-03
  -1.6574880e-03
  -1.6639512e-03
  -1.6703989e-03
  -1.6768310e-03
  -1.6832473e-03
  -1.6896479e-03
  -1.6960327e-03
  -1.7024017e-03
  -1.7087548e-03
  -1.7150919e-03
  -1.7214130e-03
  -1.7277180e-03
  -1.7340070e-03
  -1.7402798e-03
  -1.7465364e-03
  -1.7527767e-03
  -1.7590008e-03
  -1.7652084e-03
  -1.7713997e-03
  -1.7775745e-03
  -1.7837329e-03
  -1.7898746e-03
  -1.7959998e-03
  -1.8021084e-03
  -1.8082002e-03
  -1.8142753e-03
  -1.8203335e-03
  -1.8263750e-03
  -1.8323995e-03
  -1.8384072e-03
  -1.8443978e-03
  -1.8503714e-03
  -1.8563279e-03
  -1.8622673e-03
  -1.8681895e-03
  -1.8740945e-03
  -1.8799822e-03
  -1.8858526e-03
  -1.8917056e-03
  -1.8975412e-03
  -1.9033594e-03
  -1.9091601e-03
  -1.9149432e-03
  -1.9207087e-03
  -1.9264566e-03
  -1.9321868e-03
  -1.9378993e-03
  -1.9435940e-03
  -1.9492709e-03
  -1.9549299e-03
  -1.9605710e-03
  -1.9661941e-03
  -1.9717993e-03
  -1.9773864e-03
  -1.9829554e-03
  -1.9885063e-03
  -1.9940390e-03
  -1.9995536e-03
  -2.0050498e-03
  -2.0105278e-03
  -2.0159874e-03
  -2.0214286e-03
  -2.0268514e-03
  -2.0322557e-03
  -2.0376415e-03
  -2.0430087e-03
  -2.0483573e-03
  -2.0536873e-03
  -2.0589987e-03
  -2.0642912e-03
  -2.0695651e-03
  -2.0748201e-03
  -2.0800563e-03
  -2.0852736e-03
  -2.0904719e-03
  -2.0956513e-03
  -2.1008117e-03
  -2.1059530e-03
  -2.1110753e-03
  -2.1161784e-03
  -2.1212623e-03
  -2.1263271e-03
  -2.1313726e-03
  -2.1363988e-03
  -2.1414057e-03
  -2.1463932e-03
  -2.1513613e-03
  -2.1563100e-03
  -2.1612392e-03
  -2.1661489e-03
  -2.1710391e-03
  -2.1759096e-03
  -2.1807606e-03
  -2.1855918e-03
  -2.1904034e-03
  -2.1951952e-03
  -2.1999673e-03
  -2.2047195e-03
  -2.2094519e-03
  -2.2141644e-03
  -2.2188570e-03
  -2.2235296e-03
  -2.2281823e-03
  -2.2328149e-03
  -2.2374274e-03
  -2.2420199e-03
  -2.2465922e-03
  -2.2511444e-03
  -2.2556763e-03
  -2.2601881e-03
  -2.2646795e-03
  -2.2691507e-03
  -2.2736015e-03
  -2.2780320e-03
  -2.2824420e-03
  -2.2868316e-03
  -2.2912008e-03
  -2.2955494e-03
  -2.2998775e-03
  -2.3041851e-03
  -2.3084720e-03
  -2.3127383e-03
  -2.3169840e-03
  -2.3212089e-03
  -2.3254132e-03
  -2.3295966e-03
  -2.3337593e-03
  -2.3379012e-03
  -2.3420222e-03
  -2.3461223e-03
  -2.3502016e-03
  -2.3542599e-03
  -2.3582972e-03
  -2.3623135e-03
  -2.3663088e-03
  -2.3702830e-03
  -2.3742361e-03
  -2.3781682e-03
  -2.3820790e-03
  -2.3859687e-03
  -2.3898372e-03
  -2.3936845e-03
  -2.3975105e-03
  -2.4013152e-03
  -2.4050986e-03
  -2.4088607e-03
  -2.4126014e-03
  -2.4163207e-03
  -2.4200185e-03
  -2.4236949e-03
  -2.4273499e-03
  -2.4309833e-03
  -2.4345952e-03
  -2.4381856e-03
  -2.4417543e-03
  -2.4453015e-03
  -2.4488270e-03
  -2.4523309e-03
  -2.4558131e-03
  -2.4592736e-03
  -2.4627123e-03
  -2.4661293e-03
  -2.4695246e-03
  -2.4728980e-03
  -2.4762496e-03
  -2.4795793e-03
  -2.4828872e-03
  -2.4861731e-03
  -2.4894372e-03
  -2.4926793e-03
  -2.4958994e-03
  -2.4990975e-03
  -2.5022737e-03
  -2.5054278e-03
  -2.5085598e-03
  -2.5116698e-03
  -2.5147576e-03
  -2.5178234e-03
  -2.5208670e-03
  -2.5238885e-03
  -2.5268877e-03
  -2.5298648e-03
  -2.5328196e-03
  -2.5357522e-03
  -2.5386626e-03
  -2.5415506e-03
  -2.5444164e-03
  -2.5472598e-03
  -2.5500809e-03
  -2.5528797e-03
  -2.5556560e-03
  -2.5584100e-03
  -2.5611416e-03
  -2.5638507e-03
  -2.5665374e-03
  -2.5692016e-03
  -2.5718433e-03
  -2.5744625e-03
  -2.5770592e-03
  -2.5796334e-03
  -2.5821850e-03
  -2.5847140e-03
  -2.5872205e-03
  -2.5897044e-03
  -2.5921656e-03
  -2.5946042e-03
  -2.5970202e-03
  -2.5994135e-03
  -2.6017841e-03
  -2.6041320e-03
  -2.6064572e-03
  -2.6087597e-03
  -2.6110395e-03
  -2.6132965e-03
  -2.6155308e-03
  -2.6177422e-03
  -2.6199309e-03
  -2.6220968e-03
  -2.6242399e-03
  -2.6263601e-03
  -2.6284575e-03
  -2.6305320e-03
  -2.6325837e-03
  -2.6346125e-03
  -2.6366184e-03
  -2.6386014e-03
  -2.6405614e-03
  -2.6424986e-03
  -2.6444128e-03
  -2.6463041e-03
  -2.6481724e-03
  -2.6500177e-03
  -2.6518401e-03
  -2.6536395e-03
  -2.6554159e-03
  -2.6571692e-03
  -2.6588996e-03
  -2.6606069e-03
  -2.6622912e-03
  -2.6639525e-03
  -2.6655907e-03
  -2.6672058e-03
  -2.6687979e-03
  -2.6703669e-03
  -2.6719128e-03
  -2.6734356e-03
  -2.6749353e-03
  -2.6764119e-03
  -2.6778654e-03
  -2.6792958e-03
  -2.6807030e-03
  -2.6820871e-03
  -2.6834481e-03
  -2.6847860e-03
  -2.6861006e-03
  -2.6873922e-03
  -2.6886605e-03
  -2.6899057e-03
  -2.6911277e-03
  -2.6923266e-03
  -2.6935023e-03
  -2.6946547e-03
  -2.6957840e-03
  -2.6968901e-03
  -2.6979730e-03
  -2.6990327e-03
  -2.7000692e-03
  -2.7010825e-03
  -2.7020726e-03
  -2.7030395e-03
  -2.7039831e-03
  -2.7049035e-03
  -2.7058008e-03
  -2.7066748e-03
  -2.7075255e-03
  -2.7083531e-03
  -2.7091574e-03
  -2.7099385e-03
  -2.7106964e-03
  -2.7114310e-03
  -2.7121424e-03
  -2.7128306e-03
  -2.7134956e-03
  -2.7141373e-03
  -2.7147558e-03
  -2.7153510e-03
  -2.7159231e-03
  -2.7164719e-03
  -2.7169975e-03
  -2.7174999e-03
  -2.7179790e-03
  -2.7184349e-03
  -2.7188676e-03
  -2.7192771e-03
  -2.7196634e-03
  -2.7200265e-03
  -2.7203663e-03
  -2.7206830e-03
  -2.7209764e-03
  -2.7212466e-03
  -2.7214937e-03
  -2.7217176e-03
  -2.7219182e-03
  -2.7220957e-03
  -2.7222500e-03
  -2.7223811e-03
  -2.7224891e-03
  -2.7225739e-03
  -2.7226355e-03
  -2.7226740e-03
  -2.7226893e-03
  -2.7226815e-03
  -2.7226506e-03
  -2.7225965e-03
  -2.7225193e-03
  -2.7224190e-03
  -2.7222955e-03
  -2.7221490e-03
  -2.7219794e-03
  -2.7217866e-03
  -2.7215708e-03
  -2.7213319e-03
  -2.7210700e-03
  -2.7207850e-03
  -2.7204769e-03
  -2.7201458e-03
  -2.7197916e-03
  -2.7194145e-03
  -2.7190143e-03
  -2.7185911e-03
  -2.7181449e-03
  -2.7176758e-03
  -2.7171836e-03
  -2.7166685e-03
  -2.7161304e-03
  -2.7155694e-03
  -2.7149854e-03
  -2.7143786e-03
  -2.7137488e-03
  -2.7130961e-03
  -2.7124205e-03
  -2.7117220e-03
  -2.7110007e-03
  -2.7102565e-03
  -2.7094895e-03
  -2.7086996e-03
  -2.7078869e-03
  -2.7070514e-03
  -2.7061932e-03
  -2.7053121e-03
  -2.7044083e-03
  -2.7034817e-03
  -2.7025324e-03
  -2.7015603e-03
  -2.7005656e-03
  -2.6995481e-03
  -2.6985080e-03
  -2.6974452e-03
  -2.6963598e-03
  -2.6952517e-03
  -2.6941210e-03
  -2.6929676e-03
  -2.6917917e-03
  -2.6905933e-03
  -2.6893722e-03
  -2.6881286e-03
  -2.6868625e-03
  -2.6855739e-03
  -2.6842628e-03
  -2.6829292e-03
  -2.6815732e-03
  -2.6801947e-03
  -2.6787938e-03
  -2.6773705e-03
  -2.6759248e-03
  -2.6744567e-03
  -2.6729663e-03
  -2.6714536e-03
  -2.6699185e-03
  -2.6683611e-03
  -2.6667815e-03
  -2.6651796e-03
  -2.6635555e-03
  -2.6619091e-03
  -2.6602406e-03
  -2.6585499e-03
  -2.6568370e-03
  -2.6551020e-03
  -2.6533448e-03
  -2.6515656e-03
  -2.6497643e-03
  -2.6479409e-03
  -2.6460956e-03
  -2.6442282e-03
  -2.6423388e-03
  -2.6404274e-03
  -2.6384941e-03
  -2.6365389e-03
  -2.6345617e-03
  -2.6325627e-03
  -2.6305419e-03
  -2.6284992e-03
  -2.6264346e-03
  -2.6243483e-03
  -2.6222403e-03
  -2.6201105e-03
  -2.6179590e-03
  -2.6157858e-03
  -2.6135909e-03
  -2.6113744e-03
  -2.6091362e-03
  -2.6068765e-03
  -2.6045952e-03
  -2.6022924e-03
  -2.5999680e-03
  -2.5976222e-03
  -2.5952548e-03
  -2.5928661e-03
  -2.5904559e-03
  -2.5880243e-03
  -2.5855714e-03
  -2.5830971e-03
  -2.5806015e-03
  -2.5780847e-03
  -2.5755465e-03
  -2.5729872e-03
  -2.5704066e-03
  -2.5678049e-03
  -2.5651820e-03
  -2.5625380e-03
  -2.5598730e-03
  -2.5571868e-03
  -2.5544796e-03
  -2.5517514e-03
  -2.5490023e-03
  -2.5462322e-03
  -2.5434411e-03
  -2.5406292e-03
  -2.5377964e-03
  -2.5349428e-03
  -2.5320684e-03
  -2.5291732e-03
  -2.5262573e-03
  -2.5233206e-03
  -2.5203633e-03
  -2.5173853e-03
  -2.5143867e-03
  -2.5113676e-03
  -2.5083278e-03
  -2.5052676e-03
  -2.5021868e-03
  -2.4990856e-03
  -2.4959639e-03
  -2.4928219e-03
  -2.4896595e-03
  -2.4864767e-03
  -2.4832737e-03
  -2.4800503e-03
  -2.4768068e-03
  -2.4735430e-03
  -2.4702591e-03
  -2.4669550e-03
  -2.4636308e-03
  -2.4602866e-03
  -2.4569223e-03
  -2.4535380e-03
  -2.4501337e-03
  -2.4467095e-03
  -2.4432654e-03
  -2.4398014e-03
  -2.4363176e-03
  -2.4328140e-03
  -2.4292907e-03
  -2.4257476e-03
  -2.4221848e-03
  -2.4186024e-03
  -2.4150003e-03
  -2.4113787e-03
  -2.4077375e-03
  -2.4040768e-03
  -2.4003966e-03
  -2.3966970e-03
  -2.3929780e-03
  -2.3892396e-03
  -2.3854819e-03
  -2.3817048e-03
  -2.3779086e-03
  -2.3740931e-03
  -2.3702584e-03
  -2.3664046e-03
  -2.3625317e-03
  -2.3586397e-03
  -2.3547287e-03
  -2.3507986e-03
  -2.3468497e-03
  -2.3428818e-03
  -2.3388950e-03
  -2.3348894e-03
  -2.3308650e-03
  -2.3268219e-03
  -2.3227600e-03
  -2.3186795e-03
  -2.3145803e-03
  -2.3104625e-03
  -2.3063261e-03
  -2.3021712e-03
  -2.2979978e-03
  -2.2938060e-03
  -2.2895958e-03
  -2.2853673e-03
  -2.2811204e-03
  -2.2768552e-03
  -2.2725718e-03
  -2.2682702e-03
  -2.2639504e-03
  -2.2596126e-03
  -2.2552566e-03
  -2.2508826e-03
  -2.2464907e-03
  -2.2420808e-03
  -2.2376529e-03
  -2.2332073e-03
  -2.2287438e-03
  -2.2242625e-03
  -2.2197635e-03
  -2.2152468e-03
  -2.2107124e-03
  -2.2061604e-03
  -2.2015909e-03
  -2.1970039e-03
  -2.1923993e-03
  -2.1877774e-03
  -2.1831380e-03
  -2.1784813e-03
  -2.1738073e-03
  -2.1691161e-03
  -2.1644076e-03
  -2.1596820e-03
  -2.1549392e-03
  -2.1501794e-03
  -2.1454025e-03
  -2.1406087e-03
  -2.1357979e-03
  -2.1309702e-03
  -2.1261256e-03
  -2.1212642e-03
  -2.1163861e-03
  -2.1114913e-03
  -2.1065797e-03
  -2.1016516e-03
  -2.0967069e-03
  -2.0917456e-03
  -2.0867679e-03
  -2.0817737e-03
  -2.0767631e-03
  -2.0717362e-03
  -2.0666930e-03
  -2.0616335e-03
  -2.0565578e-03
  -2.0514660e-03
  -2.0463580e-03
  -2.0412340e-03
  -2.0360940e-03
  -2.0309380e-03
  -2.0257660e-03
  -2.0205782e-03
  -2.0153746e-03
  -2.0101552e-03
  -2.0049201e-03
  -1.9996693e-03
  -1.9944028e-03
  -1.9891208e-03
  -1.9838233e-03
  -1.9785102e-03
  -1.9731817e-03
  -1.9678379e-03
  -1.9624787e-03
  -1.9571042e-03
  -1.9517144e-03
  -1.9463095e-03
  -1.9408894e-03
  -1.9354543e-03
  -1.9300041e-03
  -1.9245389e-03
  -1.9190588e-03
  -1.9135638e-03
  -1.9080539e-03
  -1.9025292e-03
  -1.8969899e-03
  -1.8914358e-03
  -1.8858671e-03
  -1.8802838e-03
  -1.8746859e-03
  -1.8690736e-03
  -1.8634469e-03
  -1.8578057e-03
  -1.8521503e-03
  -1.8464805e-03
  -1.8407966e-03
  -1.8350984e-03
  -1.8293861e-03
  -1.8236598e-03
  -1.8179194e-03
  -1.8121651e-03
  -1.8063969e-03
  -1.8006147e-03
  -1.7948188e-03
  -1.7890091e-03
  -1.7831858e-03
  -1.7773487e-03
  -1.7714981e-03
  -1.7656339e-03
  -1.7597562e-03
  -1.7538651e-03
  -1.7479606e-03
  -1.7420428e-03
  -1.7361116e-03
  -1.7301673e-03
  -1.7242098e-03
  -1.7182391e-03
  -1.7122554e-03
  -1.7062587e-03
  -1.7002490e-03
  -1.6942264e-03
  -1.6881910e-03
  -1.6821427e-03
  -1.6760818e-03
  -1.6700081e-03
  -1.6639218e-03
  -1.6578229e-03
  -1.6517115e-03
  -1.6455877e-03
  -1.6394514e-03
  -1.6333028e-03
  -1.6271418e-03
  -1.6209686e-03
  -1.6147832e-03
  -1.6085857e-03
  -1.6023761e-03
  -1.5961545e-03
  -1.5899209e-03
  -1.5836754e-03
  -1.5774180e-03
  -1.5711488e-03
  -1.5648679e-03
  -1.5585753e-03
  -1.5522710e-03
  -1.5459552e-03
  -1.5396278e-03
  -1.5332890e-03
  -1.5269387e-03
  -1.5205771e-03
  -1.5142042e-03
  -1.5078201e-03
  -1.5014248e-03
  -1.4950183e-03
  -1.4886008e-03
  -1.4821722e-03
  -1.4757328e-03
  -1.4692824e-03
  -1.4628211e-03
  -1.4563491e-03
  -1.4498663e-03
  -1.4433729e-03
  -1.4368689e-03
  -1.4303543e-03
  -1.4238292e-03
  -1.4172937e-03
  -1.4107477e-03
  -1.4041915e-03
  -1.3976250e-03
  -1.3910483e-03
  -1.3844614e-03
  -1.3778644e-03
  -1.3712574e-03
  -1.3646404e-03
  -1.3580135e-03
  -1.3513768e-03
  -1.3447302e-03
  -1.3380739e-03
  -1.3314079e-03
  -1.3247323e-03
  -1.3180471e-03
  -1.3113524e-03
  -1.3046483e-03
  -1.2979347e-03
  -1.2912119e-03
  -1.2844797e-03
  -1.2777384e-03
  -1.2709878e-03
  -1.2642282e-03
  -1.2574596e-03
  -1.2506819e-03
  -1.2438954e-03
  -1.2371000e-03
  -1.2302958e-03
  -1.2234828e-03
  -1.2166612e-03
  -1.2098310e-03
  -1.2029921e-03
  -1.1961448e-03
  -1.1892891e-03
  -1.1824249e-03
  -1.1755525e-03
  -1.1686718e-03
  -1.1617828e-03
  -1.1548858e-03
  -1.1479806e-03
  -1.1410674e-03
  -1.1341463e-03
  -1.1272173e-03
  -1.1202804e-03
  -1.1133357e-03
  -1.1063833e-03
  -1.0994233e-03
  -1.0924556e-03
  -1.0854804e-03
  -1.0784978e-03
  -1.0715077e-03
  -1.0645103e-03
  -1.0575055e-03
  -1.0504935e-03
  -1.0434744e-03
  -1.0364481e-03
  -1.0294148e-03
  -1.0223745e-03
  -1.0153273e-03
  -1.0082731e-03
  -1.0012122e-03
  -9.9414453e-04
  -9.8707017e-04
  -9.7998918e-04
  -9.7290162e-04
  -9.6580756e-04
  -9.5870705e-04
  -9.5160017e-04
  -9.4448696e-04
  -9.3736749e-04
  -9.3024182e-04
  -9.2311002e-04
  -9.1597214e-04
  -9.0882825e-04
  -9.0167841e-04
  -8.9452268e-04
  -8.8736111e-04
  -8.8019378e-04
  -8.7302075e-04
  -8.6584207e-04
  -8.5865781e-04
  -8.5146802e-04
  -8.4427278e-04
  -8.3707214e-04
  -8.2986617e-04
  -8.2265492e-04
  -8.1543846e-04
  -8.0821685e-04
  -8.0099016e-04
  -7.9375844e-04
  -7.8652175e-04
  -7.7928017e-04
  -7.7203374e-04
  -7.6478254e-04
  -7.5752662e-04
  -7.5026604e-04
  -7.4300088e-04
  -7.3573119e-04
  -7.2845703e-04
  -7.2117846e-04
  -7.1389555e-04
  -7.0660836e-04
  -6.9931696e-04
  -6.9202140e-04
  -6.8472174e-04
  -6.7741805e-04
  -6.7011040e-04
  -6.6279883e-04
  -6.5548343e-04
  -6.4816424e-04
  -6.4084133e-04
  -6.3351476e-04
  -6.2618460e-04
  -6.1885091e-04
  -6.1151374e-04
  -6.0417317e-04
  -5.9682926e-04
  -5.8948206e-04
  -5.8213164e-04
  -5.7477806e-04
  -5.6742139e-04
  -5.6006168e-04
  -5.5269901e-04
  -5.4533342e-04
  -5.3796500e-04
  -5.3059378e-04
  -5.2321985e-04
  -5.1584326e-04
  -5.0846408e-04
  -5.0108236e-04
  -4.9369818e-04
  -4.8631158e-04
  -4.7892264e-04
  -4.7153142e-04
  -4.6413798e-04
  -4.5674238e-04
  -4.4934469e-04
  -4.4194497e-04
  -4.3454327e-04
  -4.2713967e-04
  -4.1973423e-04
  -4.1232700e-04
  -4.0491805e-04
  -3.9750745e-04
  -3.9009525e-04
  -3.8268153e-04
  -3.7526633e-04
  -3.6784972e-04
  -3.6043178e-04
  -3.5301255e-04
  -3.4559210e-04
  -3.3817050e-04
  -3.3074780e-04
  -3.2332407e-04
  -3.1589937e-04
  -3.0847377e-04
  -3.0104732e-04
  -2.9362009e-04
  -2.8619215e-04
  -2.7876354e-04
  -2.7133434e-04
  -2.6390462e-04
  -2.5647442e-04
  -2.4904381e-04
  -2.4161287e-04
  -2.3418164e-04
  -2.2675019e-04
  -2.1931858e-04
  -2.1188688e-04
  -2.0445515e-04
  -1.9702344e-04
  -1.8959183e-04
  -1.8216038e-04
  -1.7472914e-04
  -1.6729818e-04
  -1.5986756e-04
  -1.5243735e-04
  -1.4500760e-04
  -1.3757838e-04
  -1.3014975e-04
  -1.2272177e-04
  -1.1529450e-04
  -1.0786802e-04
  -1.0044237e-04
  -9.3017618e-05
  -8.5593833e-05
  -7.8171072e-05
  -7.0749397e-05
  -6.3328872e-05
  -5.5909557e-05
  -4.8491514e-05
  -4.1074806e-05
  -3.3659494e-05
  -2.6245640e-05
  -1.8833305e-05
  -1.1422553e-05
  -4.0134436e-06
   3.3939606e-06
   1.0799598e-05
   1.8203407e-05
   2.5605326e-05
   3.3005293e-05
   4.0403247e-05
   4.7799127e-05
   5.5192870e-05
   6.2584415e-05
   6.9973701e-05
   7.7360667e-05
   8.4745251e-05
   9.2127391e-05
   9.9507027e-05
   1.0688410e-04
   1.1425854e-04
   1.2163030e-04
   1.2899930e-04
   1.3636550e-04
   1.4372882e-04
   1.5108921e-04
   1.5844661e-04
   1.6580095e-04
   1.7315218e-04
   1.8050023e-04
   1.8784504e-04
   1.9518656e-04
   2.0252471e-04
   2.0985945e-04
   2.1719071e-04
   2.2451842e-04
   2.3184254e-04
   2.3916299e-04
   2.4647972e-04
   2.5379267e-04
   2.6110177e-04
   2.6840697e-04
   2.7570821e-04
   2.8300542e-04
   2.9029854e-04
   2.9758753e-04
   3.0487231e-04
   3.1215282e-04
   3.1942901e-04
   3.2670081e-04
   3.3396817e-04
   3.4123102e-04
   3.4848931e-04
   3.5574298e-04
   3.6299196e-04
   3.7023620e-04
   3.7747563e-04
   3.8471020e-04
   3.9193985e-04
   3.9916452e-04
   4.0638414e-04
   4.1359867e-04
   4.2080803e-04
   4.2801218e-04
   4.3521105e-04
   4.4240458e-04
   4.4959271e-04
   4.5677539e-04
   4.6395256e-04
   4.7112415e-04
   4.7829011e-04
   4.8545038e-04
   4.9260489e-04
   4.9975361e-04
   5.0689645e-04
   5.1403337e-04
   5.2116430e-04
   5.2828919e-04
   5.3540799e-04
   5.4252062e-04
   5.4962704e-04
   5.5672718e-04
   5.6382098e-04
   5.7090840e-04
   5.7798937e-04
   5.8506383e-04
   5.9213172e-04
   5.9919300e-04
   6.0624759e-04
   6.1329544e-04
   6.2033650e-04
   6.2737071e-04
   6.3439800e-04
   6.4141833e-04
   6.4843164e-04
   6.5543786e-04
   6.6243694e-04
   6.6942883e-04
   6.7641346e-04
   6.8339078e-04
   6.9036073e-04
   6.9732327e-04
   7.0427832e-04
   7.1122583e-04
   7.1816575e-04
   7.2509802e-04
   7.3202258e-04
   7.3893939e-04
   7.4584837e-04
   7.5274947e-04
   7.5964265e-04
   7.6652784e-04
   7.7340498e-04
   7.8027403e-04
   7.8713492e-04
   7.9398760e-04
   8.0083201e-04
   8.0766811e-04
   8.1449582e-04
   8.2131511e-04
   8.2812590e-04
   8.3492816e-04
   8.4172181e-04
   8.4850681e-04
   8.5528311e-04
   8.6205064e-04
   8.6880935e-04
   8.7555919e-04
   8.8230010e-04
   8.8903204e-04
   8.9575493e-04
   9.0246874e-04
   9.0917340e-04
   9.1586886e-04
   9.2255507e-04
   9.2923197e-04
   9.3589951e-04
   9.4255764e-04
   9.4920630e-04
   9.5584544e-04
   9.6247500e-04
   9.6909493e-04
   9.7570518e-04
   9.8230569e-04
   9.8889642e-04
   9.9547730e-04
   1.0020483e-03
   1.0086093e-03
   1.0151604e-03
   1.0217013e-03
   1.0282322e-03
   1.0347529e-03
   1.0412635e-03
   1.0477637e-03
   1.0542536e-03
   1.0607332e-03
   1.0672023e-03
   1.0736610e-03
   1.0801091e-03
   1.0865467e-03
   1.0929737e-03
   1.0993899e-03
   1.1057955e-03
   1.1121902e-03
   1.1185741e-03
   1.1249472e-03
   1.1313093e-03
   1.1376604e-03
   1.1440004e-03
   1.1503294e-03
   1.1566473e-03
   1.1629539e-03
   1.1692494e-03
   1.1755335e-03
   1.1818063e-03
   1.1880677e-03
   1.1943176e-03
   1.2005561e-03
   1.2067830e-03
   1.2129984e-03
   1.2192021e-03
   1.2253941e-03
   1.2315743e-03
   1.2377428e-03
   1.2438995e-03
   1.2500442e-03
   1.2561770e-03
   1.2622979e-03
   1.2684067e-03
   1.2745034e-03
   1.2805880e-03
   1.2866604e-03
   1.2927206e-03
   1.2987685e-03
   1.3048041e-03
   1.3108273e-03
   1.3168381e-03
   1.3228364e-03
   1.3288223e-03
   1.3347955e-03
   1.3407562e-03
   1.3467042e-03
   1.3526394e-03
   1.3585620e-03
   1.3644717e-03
   1.3703686e-03
   1.3762526e-03
   1.3821237e-03
   1.3879817e-03
   1.3938268e-03
   1.3996588e-03
   1.4054776e-03
   1.4112833e-03
   1.4170757e-03
   1.4228549e-03
   1.4286208e-03
   1.4343734e-03
   1.4401125e-03
   1.4458382e-03
   1.4515504e-03
   1.4572491e-03
   1.4629342e-03
   1.4686056e-03
   1.4742634e-03
   1.4799075e-03
   1.4855379e-03
   1.4911544e-03
   1.4967571e-03
   1.5023459e-03
   1.5079207e-03
   1.5134816e-03
   1.5190285e-03
   1.5245613e-03
   1.5300800e-03
   1.5355845e-03
   1.5410748e-03
   1.5465509e-03
   1.5520128e-03
   1.5574603e-03
   1.5628934e-03
   1.5683121e-03
   1.5737164e-03
   1.5791062e-03
   1.5844814e-03
   1.5898420e-03
   1.5951881e-03
   1.6005195e-03
   1.6058361e-03
   1.6111381e-03
   1.6164252e-03
   1.6216975e-03
   1.6269549e-03
   1.6321975e-03
   1.6374251e-03
   1.6426376e-03
   1.6478352e-03
   1.6530177e-03
   1.6581850e-03
   1.6633372e-03
   1.6684743e-03
   1.6735960e-03
   1.6787026e-03
   1.6837937e-03
   1.6888696e-03
   1.6939300e-03
   1.6989751e-03
   1.7040046e-03
   1.7090186e-03
   1.7140171e-03
   1.7190000e-03
   1.7239673e-03
   1.7289189e-03
   1.7338548e-03
   1.7387750e-03
   1.7436793e-03
   1.7485679e-03
   1.7534406e-03
   1.7582974e-03
   1.7631383e-03
   1.7679632e-03
   1.7727721e-03
   1.7775650e-03
   1.7823418e-03
   1.7871025e-03
   1.7918470e-03
   1.7965753e-03
   1.8012874e-03
   1.8059833e-03
   1.8106628e-03
   1.8153260e-03
   1.8199729e-03
   1.8246033e-03
   1.8292173e-03
   1.8338148e-03
   1.8383958e-03
   1.8429603e-03
   1.8475082e-03
   1.8520394e-03
   1.8565540e-03
   1.8610520e-03
   1.8655332e-03
   1.8699976e-03
   1.8744453e-03
   1.8788761e-03
   1.8832901e-03
   1.8876872e-03
   1.8920674e-03
   1.8964306e-03
   1.9007768e-03
   1.9051060e-03
   1.9094182e-03
   1.9137132e-03
   1.9179912e-03
   1.9222520e-03
   1.9264956e-03
   1.9307219e-03
   1.9349311e-03
   1.9391229e-03
   1.9432974e-03
   1.9474546e-03
   1.9515945e-03
   1.9557169e-03
   1.9598218e-03
   1.9639093e-03
   1.9679793e-03
   1.9720318e-03
   1.9760667e-03
   1.9800840e-03
   1.9840837e-03
   1.9880657e-03
   1.9920301e-03
   1.9959767e-03
   1.9999056e-03
   2.0038167e-03
   2.0077101e-03
   2.0115856e-03
   2.0154432e-03
   2.0192830e-03
   2.0231048e-03
   2.0269087e-03
   2.0306946e-03
   2.0344625e-03
   2.0382124e-03
   2.0419443e-03
   2.0456580e-03
   2.0493537e-03
   2.0530312e-03
   2.0566905e-03
   2.0603316e-03
   2.0639545e-03
   2.0675592e-03
   2.0711456e-03
   2.0747137e-03
   2.0782635e-03
   2.0817949e-03
   2.0853079e-03
   2.0888026e-03
   2.0922788e-03
   2.0957365e-03
   2.0991758e-03
   2.1025965e-03
   2.1059988e-03
   2.1093824e-03
   2.1127475e-03
   2.1160940e-03
   2.1194219e-03
   2.1227311e-03
   2.1260216e-03
   2.1292934e-03
   2.1325465e-03
   2.1357808e-03
   2.1389964e-03
   2.1421932e-03
   2.1453711e-03
   2.1485302e-03
   2.1516705e-03
   2.1547919e-03
   2.1578943e-03
   2.1609778e-03
   2.1640424e-03
   2.1670880e-03
   2.1701146e-03
   2.1731221e-03
   2.1761107e-03
   2.1790801e-03
   2.1820305e-03
   2.1849618e-03
   2.1878739e-03
   2.1907669e-03
   2.1936408e-03
   2.1964954e-03
   2.1993309e-03
   2.2021471e-03
   2.2049441e-03
   2.2077218e-03
   2.2104802e-03
   2.2132193e-03
   2.2159391e-03
   2.2186395e-03
   2.2213206e-03
   2.2239823e-03
   2.2266246e-03
   2.2292475e-03
   2.2318509e-03
   2.2344349e-03
   2.2369995e-03
   2.2395445e-03
   2.2420700e-03
   2.2445760e-03
   2.2470625e-03
   2.2495294e-03
   2.2519767e-03
   2.2544044e-03
   2.2568126e-03
   2.2592011e-03
   2.2615699e-03
   2.2639191e-03
   2.2662487e-03
   2.2685585e-03
   2.2708487e-03
   2.2731191e-03
   2.2753698e-03
   2.2776007e-03
   2.2798119e-03
   2.2820033e-03
   2.2841749e-03
   2.2863267e-03
   2.2884587e-03
   2.2905708e-03
   2.2926631e-03
   2.2947355e-03
   2.2967881e-03
   2.2988207e-03
   2.3008335e-03
   2.3028264e-03
   2.3047993e-03
   2.3067523e-03
   2.3086853e-03
   2.3105983e-03
   2.3124914e-03
   2.3143645e-03
   2.3162176e-03
   2.3180507e-03
   2.3198638e-03
   2.3216568e-03
   2.3234298e-03
   2.3251827e-03
   2.3269155e-03
   2.3286283e-03
   2.3303210e-03
   2.3319936e-03
   2.3336460e-03
   2.3352784e-03
   2.3368906e-03
   2.3384827e-03
   2.3400547e-03
   2.3416065e-03
   2.3431381e-03
   2.3446496e-03
   2.3461408e-03
   2.3476119e-03
   2.3490628e-03
   2.3504935e-03
   2.3519039e-03
   2.3532941e-03
   2.3546641e-03
   2.3560139e-03
   2.3573434e-03
   2.3586527e-03
   2.3599417e-03
   2.3612104e-03
   2.3624589e-03
   2.3636871e-03
   2.3648950e-03
   2.3660826e-03
   2.3672499e-03
   2.3683970e-03
   2.3695237e-03
   2.3706301e-03
   2.3717161e-03
   2.3727819e-03
   2.3738273e-03
   2.3748524e-03
   2.3758571e-03
   2.3768416e-03
   2.3778056e-03
   2.3787493e-03
   2.3796727e-03
   2.3805757e-03
   2.3814583e-03
   2.3823206e-03
   2.3831625e-03
   2.3839841e-03
   2.3847852e-03
   2.3855660e-03
   2.3863264e-03
   2.3870665e-03
   2.3877861e-03
   2.3884854e-03
   2.3891643e-03
   2.3898228e-03
   2.3904609e-03
   2.3910786e-03
   2.3916759e-03
   2.3922528e-03
   2.3928094e-03
   2.3933455e-03
   2.3938613e-03
   2.3943566e-03
   2.3948316e-03
   2.3952862e-03
   2.3957204e-03
   2.3961342e-03
   2.3965276e-03
   2.3969006e-03
   2.3972532e-03
   2.3975854e-03
   2.3978973e-03
   2.3981887e-03
   2.3984598e-03
   2.3987105e-03
   2.3989408e-03
   2.3991508e-03
   2.3993403e-03
   2.3995095e-03
   2.3996583e-03
   2.3997868e-03
   2.3998949e-03
   2.3999826e-03
   2.4000500e-03
   2.4000971e-03
   2.4001237e-03
   2.4001301e-03
   2.4001161e-03
   2.4000817e-03
   2.4000271e-03
   2.3999521e-03
   2.3998567e-03
   2.3997411e-03
   2.3996052e-03
   2.3994489e-03
   2.3992723e-03
   2.3990755e-03
   2.3988584e-03
   2.3986209e-03
   2.3983632e-03
   2.3980853e-03
   2.3977871e-03
   2.3974686e-03
   2.3971298e-03
   2.3967709e-03
   2.3963916e-03
   2.3959922e-03
   2.3955725e-03
   2.3951327e-03
   2.3946726e-03
   2.3941923e-03
   2.3936918e-03
   2.3931712e-03
   2.3926304e-03
   2.3920694e-03
   2.3914883e-03
   2.3908870e-03
   2.3902656e-03
   2.3896241e-03
   2.3889624e-03
   2.3882807e-03
   2.3875788e-03
   2.3868569e-03
   2.3861149e-03
   2.3853528e-03
   2.3845707e-03
   2.3837685e-03
   2.3829463e-03
   2.3821041e-03
   2.3812419e-03
   2.3803597e-03
   2.3794575e-03
   2.3785353e-03
   2.3775931e-03
   2.3766310e-03
   2.3756490e-03
   2.3746471e-03
   2.3736252e-03
   2.3725834e-03
   2.3715218e-03
   2.3704402e-03
   2.3693388e-03
   2.3682176e-03
   2.3670766e-03
   2.3659157e-03
   2.3647350e-03
   2.3635345e-03
   2.3623143e-03
   2.3610742e-03
   2.3598145e-03
   2.3585350e-03
   2.3572358e-03
   2.3559169e-03
   2.3545783e-03
   2.3532200e-03
   2.3518421e-03
   2.3504446e-03
   2.3490274e-03
   2.3475906e-03
   2.3461342e-03
   2.3446583e-03
   2.3431628e-03
   2.3416478e-03
   2.3401132e-03
   2.3385591e-03
   2.3369856e-03
   2.3353925e-03
   2.3337801e-03
   2.3321481e-03
   2.3304968e-03
   2.3288261e-03
   2.3271360e-03
   2.3254265e-03
   2.3236977e-03
   2.3219496e-03
   2.3201821e-03
   2.3183954e-03
   2.3165894e-03
   2.3147642e-03
   2.3129197e-03
   2.3110560e-03
   2.3091732e-03
   2.3072711e-03
   2.3053499e-03
   2.3034096e-03
   2.3014502e-03
   2.2994717e-03
   2.2974742e-03
   2.2954576e-03
   2.2934219e-03
   2.2913673e-03
   2.2892937e-03
   2.2872011e-03
   2.2850896e-03
   2.2829592e-03
   2.2808099e-03
   2.2786418e-03
   2.2764547e-03
   2.2742489e-03
   2.2720243e-03
   2.2697808e-03
   2.2675187e-03
   2.2652378e-03
   2.2629382e-03
   2.2606199e-03
   2.2582829e-03
   2.2559273e-03
   2.2535531e-03
   2.2511603e-03
   2.2487489e-03
   2.2463190e-03
   2.2438706e-03
   2.2414037e-03
   2.2389184e-03
   2.2364146e-03
   2.2338923e-03
   2.2313517e-03
   2.2287928e-03
   2.2262155e-03
   2.2236198e-03
   2.2210059e-03
   2.2183738e-03
   2.2157234e-03
   2.2130548e-03
   2.2103680e-03
   2.2076630e-03
   2.2049400e-03
   2.2021988e-03
   2.1994396e-03
   2.1966623e-03
   2.1938670e-03
   2.1910538e-03
   2.1882225e-03
   2.1853734e-03
   2.1825063e-03
   2.1796213e-03
   2.1767185e-03
   2.1737979e-03
   2.1708595e-03
   2.1679033e-03
   2.1649294e-03
   2.1619378e-03
   2.1589286e-03
   2.1559016e-03
   2.1528571e-03
   2.1497950e-03
   2.1467153e-03
   2.1436181e-03
   2.1405034e-03
   2.1373713e-03
   2.1342217e-03
   2.1310547e-03
   2.1278704e-03
   2.1246687e-03
   2.1214496e-03
   2.1182133e-03
   2.1149598e-03
   2.1116891e-03
   2.1084011e-03
   2.1050960e-03
   2.1017738e-03
   2.0984345e-03
   2.0950782e-03
   2.0917048e-03
   2.0883144e-03
   2.0849071e-03
   2.0814829e-03
   2.0780417e-03
   2.0745837e-03
   2.0711089e-03
   2.0676173e-03
   2.0641089e-03
   2.0605838e-03
   2.0570420e-03
   2.0534836e-03
   2.0499085e-03
   2.0463168e-03
   2.0427086e-03
   2.0390838e-03
   2.0354426e-03
   2.0317849e-03
   2.0281108e-03
   2.0244203e-03
   2.0207135e-03
   2.0169904e-03
   2.0132510e-03
   2.0094953e-03
   2.0057234e-03
   2.0019354e-03
   1.9981312e-03
   1.9943110e-03
   1.9904747e-03
   1.9866223e-03
   1.9827540e-03
   1.9788697e-03
   1.9749695e-03
   1.9710534e-03
   1.9671215e-03
   1.9631737e-03
   1.9592102e-03
   1.9552310e-03
   1.9512361e-03
   1.9472255e-03
   1.9431993e-03
   1.9391576e-03
   1.9351003e-03
   1.9310275e-03
   1.9269392e-03
   1.9228355e-03
   1.9187164e-03
   1.9145819e-03
   1.9104322e-03
   1.9062672e-03
   1.9020869e-03
   1.8978914e-03
   1.8936808e-03
   1.8894551e-03
   1.8852143e-03
   1.8809585e-03
   1.8766876e-03
   1.8724019e-03
   1.8681012e-03
   1.8637856e-03
   1.8594552e-03
   1.8551099e-03
   1.8507500e-03
   1.8463753e-03
   1.8419859e-03
   1.8375819e-03
   1.8331633e-03
   1.8287302e-03
   1.8242825e-03
   1.8198204e-03
   1.8153439e-03
   1.8108529e-03
   1.8063476e-03
   1.8018281e-03
   1.7972942e-03
   1.7927461e-03
   1.7881839e-03
   1.7836075e-03
   1.7790170e-03
   1.7744125e-03
   1.7697940e-03
   1.7651615e-03
   1.7605150e-03
   1.7558547e-03
   1.7511806e-03
   1.7464926e-03
   1.7417909e-03
   1.7370755e-03
   1.7323465e-03
   1.7276038e-03
   1.7228475e-03
   1.7180777e-03
   1.7132944e-03
   1.7084977e-03
   1.7036876e-03
   1.6988641e-03
   1.6940273e-03
   1.6891772e-03
   1.6843139e-03
   1.6794374e-03
   1.6745478e-03
   1.6696451e-03
   1.6647293e-03
   1.6598005e-03
   1.6548588e-03
   1.6499042e-03
   1.6449367e-03
   1.6399564e-03
   1.6349633e-03
   1.6299574e-03
   1.6249389e-03
   1.6199078e-03
   1.6148640e-03
   1.6098077e-03
   1.6047390e-03
   1.5996577e-03
   1.5945641e-03
   1.5894580e-03
   1.5843397e-03
   1.5792091e-03
   1.5740663e-03
   1.5689113e-03
   1.5637442e-03
   1.5585650e-03
   1.5533737e-03
   1.5481705e-03
   1.5429553e-03
   1.5377282e-03
   1.5324893e-03
   1.5272386e-03
   1.5219761e-03
   1.5167020e-03
   1.5114162e-03
   1.5061187e-03
   1.5008097e-03
   1.4954892e-03
   1.4901572e-03
   1.4848139e-03
   1.4794591e-03
   1.4740930e-03
   1.4687157e-03
   1.4633271e-03
   1.4579274e-03
   1.4525165e-03
   1.4470946e-03
   1.4416616e-03
   1.4362176e-03
   1.4307628e-03
   1.4252970e-03
   1.4198204e-03
   1.4143330e-03
   1.4088349e-03
   1.4033261e-03
   1.3978067e-03
   1.3922767e-03
   1.3867361e-03
   1.3811851e-03
   1.3756236e-03
   1.3700518e-03
   1.3644696e-03
   1.3588771e-03
   1.3532744e-03
   1.3476615e-03
   1.3420385e-03
   1.3364054e-03
   1.3307622e-03
   1.3251091e-03
   1.3194460e-03
   1.3137731e-03
   1.3080903e-03
   1.3023978e-03
   1.2966955e-03
   1.2909835e-03
   1.2852619e-03
   1.2795307e-03
   1.2737900e-03
   1.2680399e-03
   1.2622803e-03
   1.2565113e-03
   1.2507330e-03
   1.2449454e-03
   1.2391487e-03
   1.2333427e-03
   1.2275277e-03
   1.2217035e-03
   1.2158704e-03
   1.2100283e-03
   1.2041773e-03
   1.1983175e-03
   1.1924488e-03
   1.1865714e-03
   1.1806853e-03
   1.1747906e-03
   1.1688872e-03
   1.1629753e-03
   1.1570550e-03
   1.1511262e-03
   1.1451890e-03
   1.1392434e-03
   1.1332896e-03
   1.1273276e-03
   1.1213574e-03
   1.1153791e-03
   1.1093927e-03
   1.1033983e-03
   1.0973959e-03
   1.0913857e-03
   1.0853675e-03
   1.0793416e-03
   1.0733079e-03
   1.0672666e-03
   1.0612175e-03
   1.0551609e-03
   1.0490968e-03
   1.0430252e-03
   1.0369461e-03
   1.0308597e-03
   1.0247660e-03
   1.0186649e-03
   1.0125567e-03
   1.0064413e-03
   1.0003188e-03
   9.9418931e-04
   9.8805277e-04
   9.8190928e-04
   9.7575891e-04
   9.6960170e-04
   9.6343771e-04
   9.5726699e-04
   9.5108960e-04
   9.4490559e-04
   9.3871502e-04
   9.3251793e-04
   9.2631439e-04
   9.2010445e-04
   9.1388816e-04
   9.0766558e-04
   9.0143676e-04
   8.9520176e-04
   8.8896063e-04
   8.8271342e-04
   8.7646020e-04
   8.7020101e-04
   8.6393591e-04
   8.5766496e-04
   8.5138820e-04
   8.4510570e-04
   8.3881751e-04
   8.3252369e-04
   8.2622428e-04
   8.1991935e-04
   8.1360895e-04
   8.0729314e-04
   8.0097196e-04
   7.9464548e-04
   7.8831375e-04
   7.8197683e-04
   7.7563476e-04
   7.6928762e-04
   7.6293544e-04
   7.5657829e-04
   7.5021623e-04
   7.4384930e-04
   7.3747756e-04
   7.3110107e-04
   7.2471989e-04
   7.1833407e-04
   7.1194366e-04
   7.0554872e-04
   6.9914930e-04
   6.9274547e-04
   6.8633728e-04
   6.7992478e-04
   6.7350803e-04
   6.6708708e-04
   6.6066199e-04
   6.5423282e-04
   6.4779962e-04
   6.4136245e-04
   6.3492136e-04
   6.2847641e-04
   6.2202765e-04
   6.1557515e-04
   6.0911895e-04
   6.0265911e-04
   5.9619569e-04
   5.8972875e-04
   5.8325834e-04
   5.7678451e-04
   5.7030732e-04
   5.6382684e-04
   5.5734310e-04
   5.5085618e-04
   5.4436612e-04
   5.3787299e-04
   5.3137683e-04
   5.2487771e-04
   5.1837567e-04
   5.1187079e-04
   5.0536310e-04
   4.9885268e-04
   4.9233957e-04
   4.8582383e-04
   4.7930552e-04
   4.7278468e-04
   4.6626139e-04
   4.5973570e-04
   4.5320765e-04
   4.4667732e-04
   4.4014474e-04
   4.3360999e-04
   4.2707311e-04
   4.2053417e-04
   4.1399321e-04
   4.0745029e-04
   4.0090548e-04
   3.9435883e-04
   3.8781038e-04
   3.8126021e-04
   3.7470836e-04
   3.6815490e-04
   3.6159987e-04
   3.5504333e-04
   3.4848535e-04
   3.4192597e-04
   3.3536525e-04
   3.2880325e-04
   3.2224003e-04
   3.1567564e-04
   3.0911013e-04
   3.0254357e-04
   2.9597600e-04
   2.8940749e-04
   2.8283810e-04
   2.7626787e-04
   2.6969686e-04
   2.6312513e-04
   2.5655274e-04
   2.4997974e-04
   2.4340619e-04
   2.3683215e-04
   2.3025766e-04
   2.2368279e-04
   2.1710759e-04
   2.1053212e-04
   2.0395643e-04
   1.9738058e-04
   1.9080463e-04
   1.8422863e-04
   1.7765264e-04
   1.7107671e-04
   1.6450091e-04
   1.5792527e-04
   1.5134987e-04
   1.4477476e-04
   1.3819999e-04
   1.3162562e-04
   1.2505170e-04
   1.1847829e-04
   1.1190546e-04
   1.0533324e-04
   9.8761698e-05
   9.2190891e-05
   8.5620874e-05
   7.9051701e-05
   7.2483429e-05
   6.5916113e-05
   5.9349809e-05
   5.2784572e-05
   4.6220457e-05
   3.9657521e-05
   3.3095819e-05
   2.6535405e-05
   1.9976337e-05
   1.3418668e-05
   6.8624551e-06
   3.0775273e-07
  -6.2453835e-06
  -1.2796898e-05
  -1.9346736e-05
  -2.5894843e-05
  -3.2441162e-05
  -3.8985638e-05
  -4.5528218e-05
  -5.2068844e-05
  -5.8607463e-05
  -6.5144020e-05
  -7.1678458e-05
  -7.8210724e-05
  -8.4740762e-05
  -9.1268518e-05
  -9.7793936e-05
  -1.0431696e-04
  -1.1083754e-04
  -1.1735562e-04
  -1.2387114e-04
  -1.3038405e-04
  -1.3689429e-04
  -1.4340181e-04
  -1.4990656e-04
  -1.5640847e-04
  -1.6290751e-04
  -1.6940360e-04
  -1.7589670e-04
  -1.8238675e-04
  -1.8887370e-04
  -1.9535750e-04
  -2.0183808e-04
  -2.0831540e-04
  -2.1478940e-04
  -2.2126003e-04
  -2.2772723e-04
  -2.3419095e-04
  -2.4065113e-04
  -2.4710773e-04
  -2.5356068e-04
  -2.6000993e-04
  -2.6645544e-04
  -2.7289713e-04
  -2.7933497e-04
  -2.8576890e-04
  -2.9219887e-04
  -2.9862481e-04
  -3.0504668e-04
  -3.1146443e-04
  -3.1787799e-04
  -3.2428732e-04
  -3.3069237e-04
  -3.3709307e-04
  -3.4348939e-04
  -3.4988125e-04
  -3.5626862e-04
  -3.6265144e-04
  -3.6902965e-04
  -3.7540320e-04
  -3.8177204e-04
  -3.8813612e-04
  -3.9449538e-04
  -4.0084977e-04
  -4.0719924e-04
  -4.1354373e-04
  -4.1988319e-04
  -4.2621758e-04
  -4.3254683e-04
  -4.3887090e-04
  -4.4518973e-04
  -4.5150327e-04
  -4.5781147e-04
  -4.6411428e-04
  -4.7041164e-04
  -4.7670350e-04
  -4.8298982e-04
  -4.8927053e-04
  -4.9554558e-04
  -5.0181493e-04
  -5.0807853e-04
  -5.1433631e-04
  -5.2058824e-04
  -5.2683425e-04
  -5.3307430e-04
  -5.3930833e-04
  -5.4553630e-04
  -5.5175815e-04
  -5.5797383e-04
  -5.6418329e-04
  -5.7038648e-04
  -5.7658335e-04
  -5.8277384e-04
  -5.8895791e-04
  -5.9513551e-04
  -6.0130658e-04
  -6.0747107e-04
  -6.1362894e-04
  -6.1978013e-04
  -6.2592460e-04
  -6.3206228e-04
  -6.3819314e-04
  -6.4431712e-04
  -6.5043416e-04
  -6.5654423e-04
  -6.6264728e-04
  -6.6874324e-04
  -6.7483207e-04
  -6.8091373e-04
  -6.8698816e-04
  -6.9305531e-04
  -6.9911513e-04
  -7.0516757e-04
  -7.1121259e-04
  -7.1725013e-04
  -7.2328015e-04
  -7.2930259e-04
  -7.3531741e-04
  -7.4132456e-04
  -7.4732399e-04
  -7.5331565e-04
  -7.5929948e-04
  -7.6527545e-04
  -7.7124351e-04
  -7.7720360e-04
  -7.8315567e-04
  -7.8909968e-04
  -7.9503559e-04
  -8.0096333e-04
  -8.0688287e-04
  -8.1279416e-04
  -8.1869714e-04
  -8.2459177e-04
  -8.3047800e-04
  -8.3635579e-04
  -8.4222508e-04
  -8.4808584e-04
  -8.5393800e-04
  -8.5978153e-04
  -8.6561637e-04
  -8.7144249e-04
  -8.7725982e-04
  -8.8306834e-04
  -8.8886798e-04
  -8.9465870e-04
  -9.0044046e-04
  -9.0621320e-04
  -9.1197689e-04
  -9.1773147e-04
  -9.2347690e-04
  -9.2921313e-04
  -9.3494012e-04
  -9.4065782e-04
  -9.4636618e-04
  -9.5206516e-04
  -9.5775471e-04
  -9.6343479e-04
  -9.6910535e-04
  -9.7476634e-04
  -9.8041773e-04
  -9.8605945e-04
  -9.9169148e-04
  -9.9731376e-04
  -1.0029262e-03
  -1.0085289e-03
  -1.0141217e-03
  -1.0197045e-03
  -1.0252774e-03
  -1.0308402e-03
  -1.0363930e-03
  -1.0419357e-03
  -1.0474683e-03
  -1.0529906e-03
  -1.0585027e-03
  -1.0640046e-03
  -1.0694961e-03
  -1.0749772e-03
  -1.0804479e-03
  -1.0859082e-03
  -1.0913580e-03
  -1.0967972e-03
  -1.1022258e-03
  -1.1076438e-03
  -1.1130512e-03
  -1.1184478e-03
  -1.1238336e-03
  -1.1292087e-03
  -1.1345729e-03
  -1.1399262e-03
  -1.1452686e-03
  -1.1506000e-03
  -1.1559204e-03
  -1.1612298e-03
  -1.1665280e-03
  -1.1718151e-03
  -1.1770910e-03
  -1.1823557e-03
  -1.1876092e-03
  -1.1928513e-03
  -1.1980821e-03
  -1.2033014e-03
  -1.2085094e-03
  -1.2137059e-03
  -1.2188908e-03
  -1.2240642e-03
  -1.2292260e-03
  -1.2343762e-03
  -1.2395147e-03
  -1.2446415e-03
  -1.2497565e-03
  -1.2548597e-03
  -1.2599511e-03
  -1.2650306e-03
  -1.2700982e-03
  -1.2751538e-03
  -1.2801975e-03
  -1.2852290e-03
  -1.2902486e-03
  -1.2952559e-03
  -1.3002512e-03
  -1.3052342e-03
  -1.3102050e-03
  -1.3151636e-03
  -1.3201098e-03
  -1.3250437e-03
  -1.3299651e-03
  -1.3348742e-03
  -1.3397708e-03
  -1.3446549e-03
  -1.3495264e-03
  -1.3543854e-03
  -1.3592317e-03
  -1.3640654e-03
  -1.3688864e-03
  -1.3736947e-03
  -1.3784902e-03
  -1.3832728e-03
  -1.3880427e-03
  -1.3927996e-03
  -1.3975437e-03
  -1.4022748e-03
  -1.4069929e-03
  -1.4116979e-03
  -1.4163900e-03
  -1.4210689e-03
  -1.4257346e-03
  -1.4303872e-03
  -1.4350266e-03
  -1.4396528e-03
  -1.4442656e-03
  -1.4488652e-03
  -1.4534514e-03
  -1.4580242e-03
  -1.4625836e-03
  -1.4671295e-03
  -1.4716619e-03
  -1.4761809e-03
  -1.4806862e-03
  -1.4851780e-03
  -1.4896561e-03
  -1.4941205e-03
  -1.4985713e-03
  -1.5030083e-03
  -1.5074316e-03
  -1.5118410e-03
  -1.5162366e-03
  -1.5206184e-03
  -1.5249862e-03
  -1.5293401e-03
  -1.5336801e-03
  -1.5380060e-03
  -1.5423179e-03
  -1.5466157e-03
  -1.5508995e-03
  -1.5551691e-03
  -1.5594245e-03
  -1.5636657e-03
  -1.5678927e-03
  -1.5721054e-03
  -1.5763039e-03
  -1.5804880e-03
  -1.5846577e-03
  -1.5888131e-03
  -1.5929541e-03
  -1.5970805e-03
  -1.6011925e-03
  -1.6052900e-03
  -1.6093730e-03
  -1.6134413e-03
  -1.6174951e-03
  -1.6215342e-03
  -1.6255586e-03
  -1.6295684e-03
  -1.6335634e-03
  -1.6375437e-03
  -1.6415091e-03
  -1.6454598e-03
  -1.6493956e-03
  -1.6533165e-03
  -1.6572225e-03
  -1.6611136e-03
  -1.6649897e-03
  -1.6688508e-03
  -1.6726969e-03
  -1.6765279e-03
  -1.6803439e-03
  -1.6841447e-03
  -1.6879304e-03
  -1.6917010e-03
  -1.6954563e-03
  -1.6991964e-03
  -1.7029213e-03
  -1.7066309e-03
  -1.7103252e-03
  -1.7140041e-03
  -1.7176677e-03
  -1.7213159e-03
  -1.7249487e-03
  -1.7285661e-03
  -1.7321680e-03
  -1.7357544e-03
  -1.7393252e-03
  -1.7428806e-03
  -1.7464203e-03
  -1.7499445e-03
  -1.7534530e-03
  -1.7569459e-03
  -1.7604231e-03
  -1.7638846e-03
  -1.7673303e-03
  -1.7707603e-03
  -1.7741746e-03
  -1.7775730e-03
  -1.7809556e-03
  -1.7843224e-03
  -1.7876733e-03
  -1.7910083e-03
  -1.7943273e-03
  -1.7976304e-03
  -1.8009176e-03
  -1.8041887e-03
  -1.8074438e-03
  -1.8106829e-03
  -1.8139059e-03
  -1.8171128e-03
  -1.8203036e-03
  -1.8234783e-03
  -1.8266368e-03
  -1.8297791e-03
  -1.8329053e-03
  -1.8360152e-03
  -1.8391088e-03
  -1.8421862e-03
  -1.8452473e-03
  -1.8482920e-03
  -1.8513205e-03
  -1.8543325e-03
  -1.8573282e-03
  -1.8603075e-03
  -1.8632704e-03
  -1.8662168e-03
  -1.8691468e-03
  -1.8720603e-03
  -1.8749573e-03
  -1.8778377e-03
  -1.8807016e-03
  -1.8835490e-03
  -1.8863797e-03
  -1.8891939e-03
  -1.8919914e-03
  -1.8947723e-03
  -1.8975365e-03
  -1.9002841e-03
  -1.9030149e-03
  -1.9057290e-03
  -1.9084264e-03
  -1.9111070e-03
  -1.9137708e-03
  -1.9164179e-03
  -1.9190481e-03
  -1.9216615e-03
  -1.9242581e-03
  -1.9268378e-03
  -1.9294006e-03
  -1.9319464e-03
  -1.9344754e-03
  -1.9369875e-03
  -1.9394825e-03
  -1.9419607e-03
  -1.9444218e-03
  -1.9468659e-03
  -1.9492930e-03
  -1.9517031e-03
  -1.9540961e-03
  -1.9564720e-03
  -1.9588309e-03
  -1.9611726e-03
  -1.9634973e-03
  -1.9658048e-03
  -1.9680951e-03
  -1.9703683e-03
  -1.9726243e-03
  -1.9748632e-03
  -1.9770848e-03
  -1.9792892e-03
  -1.9814763e-03
  -1.9836462e-03
  -1.9857989e-03
  -1.9879343e-03
  -1.9900523e-03
  -1.9921531e-03
  -1.9942366e-03
  -1.9963027e-03
  -1.9983514e-03
  -2.0003829e-03
  -2.0023969e-03
  -2.0043936e-03
  -2.0063728e-03
  -2.0083347e-03
  -2.0102791e-03
  -2.0122061e-03
  -2.0141156e-03
  -2.0160077e-03
  -2.0178823e-03
  -2.0197394e-03
  -2.0215791e-03
  -2.0234012e-03
  -2.0252058e-03
  -2.0269929e-03
  -2.0287625e-03
  -2.0305145e-03
  -2.0322489e-03
  -2.0339658e-03
  -2.0356651e-03
  -2.0373468e-03
  -2.0390109e-03
  -2.0406574e-03
  -2.0422863e-03
  -2.0438976e-03
  -2.0454912e-03
  -2.0470672e-03
  -2.0486255e-03
  -2.0501661e-03
  -2.0516891e-03
  -2.0531944e-03
  -2.0546820e-03
  -2.0561519e-03
  -2.0576041e-03
  -2.0590385e-03
  -2.0604553e-03
  -2.0618543e-03
  -2.0632356e-03
  -2.0645991e-03
  -2.0659449e-03
  -2.0672730e-03
  -2.0685832e-03
  -2.0698757e-03
  -2.0711504e-03
  -2.0724073e-03
  -2.0736464e-03
  -2.0748677e-03
  -2.0760713e-03
  -2.0772570e-03
  -2.0784248e-03
  -2.0795749e-03
  -2.0807071e-03
  -2.0818215e-03
  -2.0829181e-03
  -2.0839968e-03
  -2.0850577e-03
  -2.0861007e-03
  -2.0871258e-03
  -2.0881331e-03
  -2.0891226e-03
  -2.0900941e-03
  -2.0910478e-03
  -2.0919836e-03
  -2.0929015e-03
  -2.0938015e-03
  -2.0946837e-03
  -2.0955479e-03
  -2.0963943e-03
  -2.0972227e-03
  -2.0980333e-03
  -2.0988259e-03
  -2.0996007e-03
  -2.1003575e-03
  -2.1010964e-03
  -2.1018174e-03
  -2.1025205e-03
  -2.1032057e-03
  -2.1038729e-03
  -2.1045223e-03
  -2.1051537e-03
  -2.1057672e-03
  -2.1063627e-03
  -2.1069404e-03
  -2.1075001e-03
  -2.1080419e-03
  -2.1085658e-03
  -2.1090717e-03
  -2.1095597e-03
  -2.1100298e-03
  -2.1104820e-03
  -2.1109163e-03
  -2.1113326e-03
  -2.1117310e-03
  -2.1121114e-03
  -2.1124740e-03
  -2.1128186e-03
  -2.1131453e-03
  -2.1134541e-03
  -2.1137450e-03
  -2.1140180e-03
  -2.1142730e-03
  -2.1145101e-03
  -2.1147294e-03
  -2.1149307e-03
  -2.1151141e-03
  -2.1152796e-03
  -2.1154272e-03
  -2.1155570e-03
  -2.1156688e-03
  -2.1157627e-03
  -2.1158388e-03
  -2.1158970e-03
  -2.1159372e-03
  -2.1159597e-03
  -2.1159642e-03
  -2.1159509e-03
  -2.1159197e-03
  -2.1158707e-03
  -2.1158038e-03
  -2.1157190e-03
  -2.1156164e-03
  -2.1154960e-03
  -2.1153577e-03
  -2.1152016e-03
  -2.1150277e-03
  -2.1148360e-03
  -2.1146264e-03
  -2.1143991e-03
  -2.1141539e-03
  -2.1138910e-03
  -2.1136102e-03
  -2.1133117e-03
  -2.1129954e-03
  -2.1126614e-03
  -2.1123095e-03
  -2.1119400e-03
  -2.1115526e-03
  -2.1111476e-03
  -2.1107248e-03
  -2.1102843e-03
  -2.1098260e-03
  -2.1093501e-03
  -2.1088564e-03
  -2.1083451e-03
  -2.1078161e-03
  -2.1072694e-03
  -2.1067050e-03
  -2.1061230e-03
  -2.1055233e-03
  -2.1049060e-03
  -2.1042711e-03
  -2.1036185e-03
  -2.1029483e-03
  -2.1022606e-03
  -2.1015552e-03
  -2.1008322e-03
  -2.1000917e-03
  -2.0993336e-03
  -2.0985580e-03
  -2.0977648e-03
  -2.0969541e-03
  -2.0961258e-03
  -2.0952801e-03
  -2.0944169e-03
  -2.0935361e-03
  -2.0926379e-03
  -2.0917223e-03
  -2.0907892e-03
  -2.0898386e-03
  -2.0888706e-03
  -2.0878852e-03
  -2.0868824e-03
  -2.0858622e-03
  -2.0848247e-03
  -2.0837697e-03
  -2.0826974e-03
  -2.0816078e-03
  -2.0805008e-03
  -2.0793766e-03
  -2.0782350e-03
  -2.0770761e-03
  -2.0759000e-03
  -2.0747066e-03
  -2.0734960e-03
  -2.0722681e-03
  -2.0710230e-03
  -2.0697607e-03
  -2.0684813e-03
  -2.0671846e-03
  -2.0658708e-03
  -2.0645398e-03
  -2.0631918e-03
  -2.0618266e-03
  -2.0604443e-03
  -2.0590449e-03
  -2.0576284e-03
  -2.0561950e-03
  -2.0547444e-03
  -2.0532769e-03
  -2.0517923e-03
  -2.0502908e-03
  -2.0487723e-03
  -2.0472368e-03
  -2.0456844e-03
  -2.0441151e-03
  -2.0425289e-03
  -2.0409258e-03
  -2.0393058e-03
  -2.0376690e-03
  -2.0360153e-03
  -2.0343448e-03
  -2.0326575e-03
  -2.0309535e-03
  -2.0292327e-03
  -2.0274951e-03
  -2.0257408e-03
  -2.0239698e-03
  -2.0221821e-03
  -2.0203778e-03
  -2.0185568e-03
  -2.0167192e-03
  -2.0148649e-03
  -2.0129941e-03
  -2.0111067e-03
  -2.0092027e-03
  -2.0072822e-03
  -2.0053452e-03
  -2.0033917e-03
  -2.0014217e-03
  -1.9994353e-03
  -1.9974324e-03
  -1.9954131e-03
  -1.9933775e-03
  -1.9913254e-03
  -1.9892570e-03
  -1.9871723e-03
  -1.9850713e-03
  -1.9829540e-03
  -1.9808204e-03
  -1.9786706e-03
  -1.9765045e-03
  -1.9743223e-03
  -1.9721239e-03
  -1.9699093e-03
  -1.9676786e-03
  -1.9654317e-03
  -1.9631688e-03
  -1.9608898e-03
  -1.9585948e-03
  -1.9562838e-03
  -1.9539567e-03
  -1.9516137e-03
  -1.9492548e-03
  -1.9468799e-03
  -1.9444891e-03
  -1.9420824e-03
  -1.9396599e-03
  -1.9372215e-03
  -1.9347673e-03
  -1.9322974e-03
  -1.9298117e-03
  -1.9273102e-03
  -1.9247930e-03
  -1.9222602e-03
  -1.9197117e-03
  -1.9171475e-03
  -1.9145678e-03
  -1.9119724e-03
  -1.9093615e-03
  -1.9067351e-03
  -1.9040931e-03
  -1.9014357e-03
  -1.8987628e-03
  -1.8960745e-03
  -1.8933708e-03
  -1.8906516e-03
  -1.8879172e-03
  -1.8851674e-03
  -1.8824023e-03
  -1.8796219e-03
  -1.8768263e-03
  -1.8740155e-03
  -1.8711894e-03
  -1.8683482e-03
  -1.8654919e-03
  -1.8626205e-03
  -1.8597339e-03
  -1.8568324e-03
  -1.8539157e-03
  -1.8509841e-03
  -1.8480375e-03
  -1.8450760e-03
  -1.8420996e-03
  -1.8391082e-03
  -1.8361020e-03
  -1.8330810e-03
  -1.8300452e-03
  -1.8269946e-03
  -1.8239292e-03
  -1.8208492e-03
  -1.8177544e-03
  -1.8146450e-03
  -1.8115210e-03
  -1.8083824e-03
  -1.8052292e-03
  -1.8020614e-03
  -1.7988792e-03
  -1.7956825e-03
  -1.7924713e-03
  -1.7892457e-03
  -1.7860057e-03
  -1.7827514e-03
  -1.7794827e-03
  -1.7761998e-03
  -1.7729026e-03
  -1.7695911e-03
  -1.7662655e-03
  -1.7629256e-03
  -1.7595717e-03
  -1.7562036e-03
  -1.7528215e-03
  -1.7494253e-03
  -1.7460150e-03
  -1.7425908e-03
  -1.7391527e-03
  -1.7357006e-03
  -1.7322347e-03
  -1.7287549e-03
  -1.7252612e-03
  -1.7217538e-03
  -1.7182327e-03
  -1.7146978e-03
  -1.7111492e-03
  -1.7075869e-03
  -1.7040111e-03
  -1.7004216e-03
  -1.6968186e-03
  -1.6932020e-03
  -1.6895720e-03
  -1.6859285e-03
  -1.6822716e-03
  -1.6786013e-03
  -1.6749176e-03
  -1.6712206e-03
  -1.6675103e-03
  -1.6637868e-03
  -1.6600500e-03
  -1.6563001e-03
  -1.6525370e-03
  -1.6487608e-03
  -1.6449715e-03
  -1.6411691e-03
  -1.6373538e-03
  -1.6335255e-03
  -1.6296842e-03
  -1.6258300e-03
  -1.6219630e-03
  -1.6180831e-03
  -1.6141904e-03
  -1.6102849e-03
  -1.6063668e-03
  -1.6024359e-03
  -1.5984923e-03
  -1.5945362e-03
  -1.5905675e-03
  -1.5865862e-03
  -1.5825924e-03
  -1.5785861e-03
  -1.5745674e-03
  -1.5705362e-03
  -1.5664928e-03
  -1.5624369e-03
  -1.5583688e-03
  -1.5542885e-03
  -1.5501959e-03
  -1.5460911e-03
  -1.5419742e-03
  -1.5378452e-03
  -1.5337041e-03
  -1.5295510e-03
  -1.5253859e-03
  -1.5212088e-03
  -1.5170198e-03
  -1.5128190e-03
  -1.5086063e-03
  -1.5043817e-03
  -1.5001455e-03
  -1.4958975e-03
  -1.4916378e-03
  -1.4873664e-03
  -1.4830835e-03
  -1.4787889e-03
  -1.4744829e-03
  -1.4701653e-03
  -1.4658363e-03
  -1.4614958e-03
  -1.4571440e-03
  -1.4527809e-03
  -1.4484064e-03
  -1.4440207e-03
  -1.4396238e-03
  -1.4352156e-03
  -1.4307964e-03
  -1.4263660e-03
  -1.4219246e-03
  -1.4174721e-03
  -1.4130087e-03
  -1.4085343e-03
  -1.4040491e-03
  -1.3995529e-03
  -1.3950460e-03
  -1.3905282e-03
  -1.3859997e-03
  -1.3814605e-03
  -1.3769107e-03
  -1.3723502e-03
  -1.3677792e-03
  -1.3631976e-03
  -1.3586056e-03
  -1.3540030e-03
  -1.3493901e-03
  -1.3447668e-03
  -1.3401331e-03
  -1.3354892e-03
  -1.3308350e-03
  -1.3261706e-03
  -1.3214961e-03
  -1.3168114e-03
  -1.3121166e-03
  -1.3074118e-03
  -1.3026970e-03
  -1.2979723e-03
  -1.2932376e-03
  -1.2884931e-03
  -1.2837387e-03
  -1.2789745e-03
  -1.2742006e-03
  -1.2694170e-03
  -1.2646237e-03
  -1.2598209e-03
  -1.2550084e-03
  -1.2501864e-03
  -1.2453549e-03
  -1.2405140e-03
  -1.2356637e-03
  -1.2308040e-03
  -1.2259350e-03
  -1.2210567e-03
  -1.2161692e-03
  -1.2112725e-03
  -1.2063667e-03
  -1.2014517e-03
  -1.1965277e-03
  -1.1915947e-03
  -1.1866527e-03
  -1.1817018e-03
  -1.1767420e-03
  -1.1717734e-03
  -1.1667960e-03
  -1.1618098e-03
  -1.1568149e-03
  -1.1518114e-03
  -1.1467992e-03
  -1.1417785e-03
  -1.1367492e-03
  -1.1317115e-03
  -1.1266653e-03
  -1.1216107e-03
  -1.1165478e-03
  -1.1114765e-03
  -1.1063970e-03
  -1.1013093e-03
  -1.0962134e-03
  -1.0911094e-03
  -1.0859973e-03
  -1.0808771e-03
  -1.0757490e-03
  -1.0706129e-03
  -1.0654689e-03
  -1.0603171e-03
  -1.0551574e-03
  -1.0499900e-03
  -1.0448149e-03
  -1.0396320e-03
  -1.0344416e-03
  -1.0292435e-03
  -1.0240380e-03
  -1.0188249e-03
  -1.0136044e-03
  -1.0083765e-03
  -1.0031412e-03
  -9.9789860e-04
  -9.9264875e-04
  -9.8739169e-04
  -9.8212745e-04
  -9.7685608e-04
  -9.7157763e-04
  -9.6629215e-04
  -9.6099969e-04
  -9.5570028e-04
  -9.5039397e-04
  -9.4508082e-04
  -9.3976087e-04
  -9.3443416e-04
  -9.2910074e-04
  -9.2376066e-04
  -9.1841396e-04
  -9.1306069e-04
  -9.0770091e-04
  -9.0233464e-04
  -8.9696195e-04
  -8.9158287e-04
  -8.8619747e-04
  -8.8080577e-04
  -8.7540783e-04
  -8.7000370e-04
  -8.6459342e-04
  -8.5917704e-04
  -8.5375461e-04
  -8.4832617e-04
  -8.4289178e-04
  -8.3745148e-04
  -8.3200531e-04
  -8.2655332e-04
  -8.2109557e-04
  -8.1563210e-04
  -8.1016295e-04
  -8.0468818e-04
  -7.9920783e-04
  -7.9372194e-04
  -7.8823058e-04
  -7.8273378e-04
  -7.7723159e-04
  -7.7172406e-04
  -7.6621124e-04
  -7.6069317e-04
  -7.5516991e-04
  -7.4964150e-04
  -7.4410799e-04
  -7.3856943e-04
  -7.3302586e-04
  -7.2747734e-04
  -7.2192391e-04
  -7.1636561e-04
  -7.1080251e-04
  -7.0523464e-04
  -6.9966206e-04
  -6.9408480e-04
  -6.8850293e-04
  -6.8291649e-04
  -6.7732552e-04
  -6.7173009e-04
  -6.6613022e-04
  -6.6052598e-04
  -6.5491741e-04
  -6.4930455e-04
  -6.4368747e-04
  -6.3806620e-04
  -6.3244080e-04
  -6.2681131e-04
  -6.2117778e-04
  -6.1554026e-04
  -6.0989880e-04
  -6.0425346e-04
  -5.9860426e-04
  -5.9295127e-04
  -5.8729454e-04
  -5.8163411e-04
  -5.7597003e-04
  -5.7030236e-04
  -5.6463113e-04
  -5.5895640e-04
  -5.5327821e-04
  -5.4759663e-04
  -5.4191168e-04
  -5.3622343e-04
  -5.3053193e-04
  -5.2483721e-04
  -5.1913934e-04
  -5.1343836e-04
  -5.0773431e-04
  -5.0202725e-04
  -4.9631723e-04
  -4.9060430e-04
  -4.8488850e-04
  -4.7916988e-04
  -4.7344850e-04
  -4.6772440e-04
  -4.6199763e-04
  -4.5626824e-04
  -4.5053628e-04
  -4.4480180e-04
  -4.3906484e-04
  -4.3332547e-04
  -4.2758372e-04
  -4.2183964e-04
  -4.1609329e-04
  -4.1034472e-04
  -4.0459397e-04
  -3.9884109e-04
  -3.9308613e-04
  -3.8732914e-04
  -3.8157018e-04
  -3.7580928e-04
  -3.7004650e-04
  -3.6428189e-04
  -3.5851550e-04
  -3.5274737e-04
  -3.4697756e-04
  -3.4120612e-04
  -3.3543309e-04
  -3.2965852e-04
  -3.2388247e-04
  -3.1810498e-04
  -3.1232610e-04
  -3.0654589e-04
  -3.0076438e-04
  -2.9498164e-04
  -2.8919770e-04
  -2.8341262e-04
  -2.7762645e-04
  -2.7183924e-04
  -2.6605103e-04
  -2.6026188e-04
  -2.5447184e-04
  -2.4868095e-04
  -2.4288926e-04
  -2.3709683e-04
  -2.3130370e-04
  -2.2550992e-04
  -2.1971554e-04
  -2.1392062e-04
  -2.0812519e-04
  -2.0232931e-04
  -1.9653303e-04
  -1.9073640e-04
  -1.8493947e-04
  -1.7914228e-04
  -1.7334489e-04
  -1.6754734e-04
  -1.6174969e-04
  -1.5595197e-04
  -1.5015426e-04
  -1.4435658e-04
  -1.3855899e-04
  -1.3276155e-04
  -1.2696429e-04
  -1.2116727e-04
  -1.1537054e-04
  -1.0957415e-04
  -1.0377814e-04
  -9.7982567e-05
  -9.2187478e-05
  -8.6392922e-05
  -8.0598949e-05
  -7.4805606e-05
  -6.9012944e-05
  -6.3221011e-05
  -5.7429857e-05
  -5.1639530e-05
  -4.5850080e-05
  -4.0061554e-05
  -3.4274003e-05
  -2.8487476e-05
  -2.2702020e-05
  -1.6917685e-05
  -1.1134521e-05
  -5.3525745e-06
   4.2810401e-07
   6.2074662e-06
   1.1985463e-05
   1.7762046e-05
   2.3537167e-05
   2.9310776e-05
   3.5082825e-05
   4.0853265e-05
   4.6622048e-05
   5.2389125e-05
   5.8154447e-05
   6.3917966e-05
   6.9679634e-05
   7.5439401e-05
   8.1197219e-05
   8.6953040e-05
   9.2706815e-05
   9.8458497e-05
   1.0420804e-04
   1.0995538e-04
   1.1570049e-04
   1.2144331e-04
   1.2718380e-04
   1.3292190e-04
   1.3865757e-04
   1.4439076e-04
   1.5012142e-04
   1.5584950e-04
   1.6157496e-04
   1.6729774e-04
   1.7301781e-04
   1.7873511e-04
   1.8444958e-04
   1.9016120e-04
   1.9586990e-04
   2.0157564e-04
   2.0727837e-04
   2.1297805e-04
   2.1867462e-04
   2.2436805e-04
   2.3005827e-04
   2.3574524e-04
   2.4142892e-04
   2.4710926e-04
   2.5278621e-04
   2.5845973e-04
   2.6412975e-04
   2.6979625e-04
   2.7545917e-04
   2.8111846e-04
   2.8677407e-04
   2.9242597e-04
   2.9807410e-04
   3.0371841e-04
   3.0935886e-04
   3.1499540e-04
   3.2062798e-04
   3.2625656e-04
   3.3188109e-04
   3.3750152e-04
   3.4311781e-04
   3.4872990e-04
   3.5433776e-04
   3.5994133e-04
   3.6554057e-04
   3.7113544e-04
   3.7672588e-04
   3.8231185e-04
   3.8789330e-04
   3.9347019e-04
   3.9904246e-04
   4.0461008e-04
   4.1017300e-04
   4.1573117e-04
   4.2128454e-04
   4.2683308e-04
   4.3237672e-04
   4.3791543e-04
   4.4344916e-04
   4.4897787e-04
   4.5450150e-04
   4.6002002e-04
   4.6553338e-04
   4.7104152e-04
   4.7654442e-04
   4.8204201e-04
   4.8753426e-04
   4.9302111e-04
   4.9850253e-04
   5.0397847e-04
   5.0944888e-04
   5.1491372e-04
   5.2037294e-04
   5.2582650e-04
   5.3127435e-04
   5.3671645e-04
   5.4215275e-04
   5.4758321e-04
   5.5300778e-04
   5.5842642e-04
   5.6383908e-04
   5.6924572e-04
   5.7464630e-04
   5.8004076e-04
   5.8542907e-04
   5.9081118e-04
   5.9618704e-04
   6.0155662e-04
   6.0691986e-04
   6.1227673e-04
   6.1762717e-04
   6.2297115e-04
   6.2830862e-04
   6.3363954e-04
   6.3896386e-04
   6.4428155e-04
   6.4959254e-04
   6.5489681e-04
   6.6019431e-04
   6.6548500e-04
   6.7076882e-04
   6.7604575e-04
   6.8131572e-04
   6.8657871e-04
   6.9183467e-04
   6.9708356e-04
   7.0232532e-04
   7.0755993e-04
   7.1278733e-04
   7.1800749e-04
   7.2322036e-04
   7.2842590e-04
   7.3362406e-04
   7.3881480e-04
   7.4399809e-04
   7.4917387e-04
   7.5434211e-04
   7.5950277e-04
   7.6465579e-04
   7.6980115e-04
   7.7493879e-04
   7.8006868e-04
   7.8519077e-04
   7.9030503e-04
   7.9541140e-04
   8.0050986e-04
   8.0560035e-04
   8.1068284e-04
   8.1575728e-04
   8.2082363e-04
   8.2588186e-04
   8.3093191e-04
   8.3597376e-04
   8.4100735e-04
   8.4603265e-04
   8.5104962e-04
   8.5605821e-04
   8.6105839e-04
   8.6605012e-04
   8.7103334e-04
   8.7600803e-04
   8.8097415e-04
   8.8593165e-04
   8.9088049e-04
   8.9582063e-04
   9.0075204e-04
   9.0567466e-04
   9.1058848e-04
   9.1549343e-04
   9.2038949e-04
   9.2527661e-04
   9.3015476e-04
   9.3502389e-04
   9.3988396e-04
   9.4473495e-04
   9.4957680e-04
   9.5440947e-04
   9.5923294e-04
   9.6404716e-04
   9.6885209e-04
   9.7364769e-04
   9.7843392e-04
   9.8321075e-04
   9.8797814e-04
   9.9273604e-04
   9.9748443e-04
   1.0022233e-03
   1.0069525e-03
   1.0116721e-03
   1.0163820e-03
   1.0210822e-03
   1.0257727e-03
   1.0304534e-03
   1.0351242e-03
   1.0397852e-03
   1.0444363e-03
   1.0490775e-03
   1.0537087e-03
   1.0583299e-03
   1.0629410e-03
   1.0675421e-03
   1.0721330e-03
   1.0767138e-03
   1.0812844e-03
   1.0858447e-03
   1.0903948e-03
   1.0949346e-03
   1.0994641e-03
   1.1039832e-03
   1.1084918e-03
   1.1129900e-03
   1.1174778e-03
   1.1219550e-03
   1.1264217e-03
   1.1308777e-03
   1.1353232e-03
   1.1397580e-03
   1.1441821e-03
   1.1485954e-03
   1.1529980e-03
   1.1573898e-03
   1.1617708e-03
   1.1661408e-03
   1.1705000e-03
   1.1748483e-03
   1.1791855e-03
   1.1835118e-03
   1.1878270e-03
   1.1921312e-03
   1.1964242e-03
   1.2007061e-03
   1.2049768e-03
   1.2092363e-03
   1.2134845e-03
   1.2177215e-03
   1.2219472e-03
   1.2261615e-03
   1.2303644e-03
   1.2345559e-03
   1.2387360e-03
   1.2429046e-03
   1.2470617e-03
   1.2512072e-03
   1.2553412e-03
   1.2594636e-03
   1.2635743e-03
   1.2676733e-03
   1.2717607e-03
   1.2758363e-03
   1.2799001e-03
   1.2839521e-03
   1.2879923e-03
   1.2920206e-03
   1.2960371e-03
   1.3000416e-03
   1.3040341e-03
   1.3080147e-03
   1.3119832e-03
   1.3159397e-03
   1.3198841e-03
   1.3238164e-03
   1.3277366e-03
   1.3316445e-03
   1.3355403e-03
   1.3394238e-03
   1.3432951e-03
   1.3471541e-03
   1.3510007e-03
   1.3548350e-03
   1.3586569e-03
   1.3624664e-03
   1.3662635e-03
   1.3700481e-03
   1.3738201e-03
   1.3775797e-03
   1.3813267e-03
   1.3850611e-03
   1.3887828e-03
   1.3924920e-03
   1.3961884e-03
   1.3998722e-03
   1.4035432e-03
   1.4072014e-03
   1.4108469e-03
   1.4144795e-03
   1.4180993e-03
   1.4217063e-03
   1.4253003e-03
   1.4288814e-03
   1.4324496e-03
   1.4360047e-03
   1.4395469e-03
   1.4430760e-03
   1.4465921e-03
   1.4500951e-03
   1.4535849e-03
   1.4570616e-03
   1.4605252e-03
   1.4639755e-03
   1.4674126e-03
   1.4708365e-03
   1.4742471e-03
   1.4776444e-03
   1.4810284e-03
   1.4843990e-03
   1.4877562e-03
   1.4911001e-03
   1.4944305e-03
   1.4977475e-03
   1.5010509e-03
   1.5043409e-03
   1.5076174e-03
   1.5108803e-03
   1.5141296e-03
   1.5173653e-03
   1.5205874e-03
   1.5237959e-03
   1.5269906e-03
   1.5301717e-03
   1.5333391e-03
   1.5364927e-03
   1.5396325e-03
   1.5427586e-03
   1.5458708e-03
   1.5489692e-03
   1.5520537e-03
   1.5551244e-03
   1.5581811e-03
   1.5612239e-03
   1.5642528e-03
   1.5672677e-03
   1.5702686e-03
   1.5732554e-03
   1.5762282e-03
   1.5791870e-03
   1.5821317e-03
   1.5850623e-03
   1.5879787e-03
   1.5908810e-03
   1.5937691e-03
   1.5966430e-03
   1.5995028e-03
   1.6023482e-03
   1.6051795e-03
   1.6079964e-03
   1.6107991e-03
   1.6135874e-03
   1.6163614e-03
   1.6191211e-03
   1.6218663e-03
   1.6245972e-03
   1.6273136e-03
   1.6300157e-03
   1.6327032e-03
   1.6353763e-03
   1.6380349e-03
   1.6406790e-03
   1.6433085e-03
   1.6459235e-03
   1.6485239e-03
   1.6511098e-03
   1.6536810e-03
   1.6562376e-03
   1.6587796e-03
   1.6613068e-03
   1.6638195e-03
   1.6663174e-03
   1.6688006e-03
   1.6712690e-03
   1.6737228e-03
   1.6761617e-03
   1.6785859e-03
   1.6809952e-03
   1.6833898e-03
   1.6857695e-03
   1.6881343e-03
   1.6904843e-03
   1.6928194e-03
   1.6951396e-03
   1.6974449e-03
   1.6997352e-03
   1.7020106e-03
   1.7042711e-03
   1.7065165e-03
   1.7087470e-03
   1.7109624e-03
   1.7131628e-03
   1.7153482e-03
   1.7175185e-03
   1.7196737e-03
   1.7218139e-03
   1.7239389e-03
   1.7260489e-03
   1.7281437e-03
   1.7302234e-03
   1.7322879e-03
   1.7343372e-03
   1.7363713e-03
   1.7383903e-03
   1.7403940e-03
   1.7423825e-03
   1.7443558e-03
   1.7463138e-03
   1.7482566e-03
   1.7501840e-03
   1.7520962e-03
   1.7539931e-03
   1.7558747e-03
   1.7577409e-03
   1.7595918e-03
   1.7614273e-03
   1.7632475e-03
   1.7650523e-03
   1.7668417e-03
   1.7686157e-03
   1.7703743e-03
   1.7721175e-03
   1.7738453e-03
   1.7755576e-03
   1.7772544e-03
   1.7789358e-03
   1.7806017e-03
   1.7822522e-03
   1.7838871e-03
   1.7855065e-03
   1.7871104e-03
   1.7886988e-03
   1.7902716e-03
   1.7918289e-03
   1.7933707e-03
   1.7948968e-03
   1.7964074e-03
   1.7979024e-03
   1.7993819e-03
   1.8008457e-03
   1.8022939e-03
   1.8037265e-03
   1.8051435e-03
   1.8065448e-03
   1.8079305e-03
   1.8093006e-03
   1.8106549e-03
   1.8119937e-03
   1.8133167e-03
   1.8146241e-03
   1.8159158e-03
   1.8171917e-03
   1.8184520e-03
   1.8196966e-03
   1.8209254e-03
   1.8221386e-03
   1.8233360e-03
   1.8245176e-03
   1.8256836e-03
   1.8268337e-03
   1.8279682e-03
   1.8290868e-03
   1.8301897e-03
   1.8312769e-03
   1.8323482e-03
   1.8334038e-03
   1.8344436e-03
   1.8354676e-03
   1.8364757e-03
   1.8374681e-03
   1.8384447e-03
   1.8394055e-03
   1.8403505e-03
   1.8412796e-03
   1.8421929e-03
   1.8430904e-03
   1.8439721e-03
   1.8448379e-03
   1.8456879e-03
   1.8465221e-03
   1.8473404e-03
   1.8481428e-03
   1.8489294e-03
   1.8497002e-03
   1.8504551e-03
   1.8511941e-03
   1.8519173e-03
   1.8526247e-03
   1.8533161e-03
   1.8539917e-03
   1.8546514e-03
   1.8552953e-03
   1.8559232e-03
   1.8565353e-03
   1.8571316e-03
   1.8577119e-03
   1.8582764e-03
   1.8588250e-03
   1.8593577e-03
   1.8598745e-03
   1.8603755e-03
   1.8608606e-03
   1.8613298e-03
   1.8617831e-03
   1.8622205e-03
   1.8626421e-03
   1.8630477e-03
   1.8634375e-03
   1.8638114e-03
   1.8641695e-03
   1.8645116e-03
   1.8648379e-03
   1.8651483e-03
   1.8654428e-03
   1.8657215e-03
   1.8659843e-03
   1.8662312e-03
   1.8664622e-03
   1.8666774e-03
   1.8668767e-03
   1.8670602e-03
   1.8672277e-03
   1.8673795e-03
   1.8675154e-03
   1.8676354e-03
   1.8677396e-03
   1.8678279e-03
   1.8679004e-03
   1.8679570e-03
   1.8679978e-03
   1.8680228e-03
   1.8680320e-03
   1.8680253e-03
   1.8680028e-03
   1.8679645e-03
   1.8679103e-03
   1.8678404e-03
   1.8677547e-03
   1.8676531e-03
   1.8675358e-03
   1.8674026e-03
   1.8672537e-03
   1.8670890e-03
   1.8669086e-03
   1.8667123e-03
   1.8665003e-03
   1.8662725e-03
   1.8660290e-03
   1.8657698e-03
   1.8654948e-03
   1.8652040e-03
   1.8648976e-03
   1.8645754e-03
   1.8642375e-03
   1.8638839e-03
   1.8635145e-03
   1.8631295e-03
   1.8627288e-03
   1.8623124e-03
   1.8618804e-03
   1.8614327e-03
   1.8609693e-03
   1.8604903e-03
   1.8599956e-03
   1.8594853e-03
   1.8589594e-03
   1.8584178e-03
   1.8578607e-03
   1.8572879e-03
   1.8566996e-03
   1.8560956e-03
   1.8554761e-03
   1.8548410e-03
   1.8541904e-03
   1.8535242e-03
   1.8528425e-03
   1.8521453e-03
   1.8514325e-03
   1.8507042e-03
   1.8499605e-03
   1.8492012e-03
   1.8484265e-03
   1.8476363e-03
   1.8468306e-03
   1.8460095e-03
   1.8451729e-03
   1.8443210e-03
   1.8434536e-03
   1.8425708e-03
   1.8416726e-03
   1.8407591e-03
   1.8398301e-03
   1.8388858e-03
   1.8379262e-03
   1.8369512e-03
   1.8359610e-03
   1.8349554e-03
   1.8339345e-03
   1.8328983e-03
   1.8318468e-03
   1.8307801e-03
   1.8296981e-03
   1.8286009e-03
   1.8274885e-03
   1.8263609e-03
   1.8252181e-03
   1.8240601e-03
   1.8228869e-03
   1.8216986e-03
   1.8204951e-03
   1.8192765e-03
   1.8180428e-03
   1.8167940e-03
   1.8155301e-03
   1.8142512e-03
   1.8129572e-03
   1.8116481e-03
   1.8103240e-03
   1.8089850e-03
   1.8076309e-03
   1.8062618e-03
   1.8048778e-03
   1.8034788e-03
   1.8020649e-03
   1.8006360e-03
   1.7991923e-03
   1.7977337e-03
   1.7962602e-03
   1.7947718e-03
   1.7932686e-03
   1.7917506e-03
   1.7902178e-03
   1.7886702e-03
   1.7871078e-03
   1.7855306e-03
   1.7839387e-03
   1.7823321e-03
   1.7807108e-03
   1.7790748e-03
   1.7774242e-03
   1.7757588e-03
   1.7740789e-03
   1.7723843e-03
   1.7706751e-03
   1.7689514e-03
   1.7672130e-03
   1.7654602e-03
   1.7636928e-03
   1.7619109e-03
   1.7601145e-03
   1.7583036e-03
   1.7564783e-03
   1.7546386e-03
   1.7527844e-03
   1.7509159e-03
   1.7490329e-03
   1.7471357e-03
   1.7452240e-03
   1.7432981e-03
   1.7413579e-03
   1.7394034e-03
   1.7374346e-03
   1.7354516e-03
   1.7334544e-03
   1.7314429e-03
   1.7294173e-03
   1.7273776e-03
   1.7253237e-03
   1.7232557e-03
   1.7211736e-03
   1.7190775e-03
   1.7169672e-03
   1.7148430e-03
   1.7127047e-03
   1.7105525e-03
   1.7083863e-03
   1.7062062e-03
   1.7040121e-03
   1.7018041e-03
   1.6995823e-03
   1.6973466e-03
   1.6950971e-03
   1.6928337e-03
   1.6905566e-03
   1.6882657e-03
   1.6859611e-03
   1.6836427e-03
   1.6813106e-03
   1.6789649e-03
   1.6766055e-03
   1.6742325e-03
   1.6718459e-03
   1.6694457e-03
   1.6670320e-03
   1.6646047e-03
   1.6621639e-03
   1.6597096e-03
   1.6572419e-03
   1.6547607e-03
   1.6522661e-03
   1.6497582e-03
   1.6472368e-03
   1.6447022e-03
   1.6421542e-03
   1.6395929e-03
   1.6370183e-03
   1.6344305e-03
   1.6318295e-03
   1.6292153e-03
   1.6265880e-03
   1.6239475e-03
   1.6212939e-03
   1.6186272e-03
   1.6159474e-03
   1.6132546e-03
   1.6105488e-03
   1.6078300e-03
   1.6050983e-03
   1.6023536e-03
   1.5995960e-03
   1.5968255e-03
   1.5940422e-03
   1.5912460e-03
   1.5884371e-03
   1.5856154e-03
   1.5827809e-03
   1.5799337e-03
   1.5770738e-03
   1.5742013e-03
   1.5713161e-03
   1.5684183e-03
   1.5655079e-03
   1.5625850e-03
   1.5596496e-03
   1.5567016e-03
   1.5537412e-03
   1.5507683e-03
   1.5477830e-03
   1.5447854e-03
   1.5417753e-03
   1.5387530e-03
   1.5357183e-03
   1.5326714e-03
   1.5296122e-03
   1.5265408e-03
   1.5234573e-03
   1.5203615e-03
   1.5172537e-03
   1.5141337e-03
   1.5110017e-03
   1.5078576e-03
   1.5047015e-03
   1.5015335e-03
   1.4983535e-03
   1.4951615e-03
   1.4919577e-03
   1.4887420e-03
   1.4855145e-03
   1.4822752e-03
   1.4790241e-03
   1.4757613e-03
   1.4724867e-03
   1.4692005e-03
   1.4659026e-03
   1.4625931e-03
   1.4592720e-03
   1.4559394e-03
   1.4525952e-03
   1.4492396e-03
   1.4458724e-03
   1.4424939e-03
   1.4391039e-03
   1.4357026e-03
   1.4322899e-03
   1.4288659e-03
   1.4254307e-03
   1.4219842e-03
   1.4185265e-03
   1.4150576e-03
   1.4115775e-03
   1.4080864e-03
   1.4045841e-03
   1.4010708e-03
   1.3975465e-03
   1.3940112e-03
   1.3904650e-03
   1.3869078e-03
   1.3833397e-03
   1.3797608e-03
   1.3761710e-03
   1.3725705e-03
   1.3689592e-03
   1.3653372e-03
   1.3617045e-03
   1.3580611e-03
   1.3544071e-03
   1.3507425e-03
   1.3470674e-03
   1.3433817e-03
   1.3396855e-03
   1.3359789e-03
   1.3322619e-03
   1.3285344e-03
   1.3247966e-03
   1.3210485e-03
   1.3172901e-03
   1.3135215e-03
   1.3097426e-03
   1.3059535e-03
   1.3021543e-03
   1.2983450e-03
   1.2945256e-03
   1.2906961e-03
   1.2868567e-03
   1.2830072e-03
   1.2791479e-03
   1.2752786e-03
   1.2713994e-03
   1.2675104e-03
   1.2636116e-03
   1.2597030e-03
   1.2557847e-03
   1.2518567e-03
   1.2479191e-03
   1.2439718e-03
   1.2400149e-03
   1.2360485e-03
   1.2320726e-03
   1.2280872e-03
   1.2240923e-03
   1.2200880e-03
   1.2160743e-03
   1.2120514e-03
   1.2080191e-03
   1.2039775e-03
   1.1999267e-03
   1.1958667e-03
   1.1917976e-03
   1.1877193e-03
   1.1836320e-03
   1.1795356e-03
   1.1754302e-03
   1.1713159e-03
   1.1671925e-03
   1.1630603e-03
   1.1589193e-03
   1.1547694e-03
   1.1506107e-03
   1.1464433e-03
   1.1422671e-03
   1.1380823e-03
   1.1338888e-03
   1.1296868e-03
   1.1254762e-03
   1.1212570e-03
   1.1170294e-03
   1.1127933e-03
   1.1085488e-03
   1.1042959e-03
   1.1000347e-03
   1.0957652e-03
   1.0914874e-03
   1.0872014e-03
   1.0829072e-03
   1.0786048e-03
   1.0742944e-03
   1.0699759e-03
   1.0656493e-03
   1.0613148e-03
   1.0569723e-03
   1.0526219e-03
   1.0482636e-03
   1.0438975e-03
   1.0395235e-03
   1.0351418e-03
   1.0307524e-03
   1.0263553e-03
   1.0219505e-03
   1.0175382e-03
   1.0131183e-03
   1.0086908e-03
   1.0042559e-03
   9.9981347e-04
   9.9536366e-04
   9.9090649e-04
   9.8644198e-04
   9.8197017e-04
   9.7749112e-04
   9.7300485e-04
   9.6851140e-04
   9.6401082e-04
   9.5950315e-04
   9.5498841e-04
   9.5046667e-04
   9.4593794e-04
   9.4140228e-04
   9.3685973e-04
   9.3231032e-04
   9.2775409e-04
   9.2319108e-04
   9.1862134e-04
   9.1404490e-04
   9.0946181e-04
   9.0487210e-04
   9.0027582e-04
   8.9567300e-04
   8.9106368e-04
   8.8644791e-04
   8.8182573e-04
   8.7719718e-04
   8.7256229e-04
   8.6792111e-04
   8.6327367e-04
   8.5862003e-04
   8.5396022e-04
   8.4929427e-04
   8.4462224e-04
   8.3994416e-04
   8.3526007e-04
   8.3057002e-04
   8.2587404e-04
   8.2117218e-04
   8.1646447e-04
   8.1175097e-04
   8.0703170e-04
   8.0230671e-04
   7.9757605e-04
   7.9283974e-04
   7.8809784e-04
   7.8335039e-04
   7.7859742e-04
   7.7383898e-04
   7.6907511e-04
   7.6430585e-04
   7.5953125e-04
   7.5475134e-04
   7.4996616e-04
   7.4517576e-04
   7.4038018e-04
   7.3557946e-04
   7.3077364e-04
   7.2596276e-04
   7.2114687e-04
   7.1632601e-04
   7.1150022e-04
   7.0666953e-04
   7.0183401e-04
   6.9699367e-04
   6.9214857e-04
   6.8729875e-04
   6.8244426e-04
   6.7758512e-04
   6.7272139e-04
   6.6785311e-04
   6.6298031e-04
   6.5810305e-04
   6.5322136e-04
   6.4833528e-04
   6.4344487e-04
   6.3855015e-04
   6.3365118e-04
   6.2874799e-04
   6.2384062e-04
   6.1892913e-04
   6.1401355e-04
   6.0909392e-04
   6.0417029e-04
   5.9924270e-04
   5.9431119e-04
   5.8937580e-04
   5.8443658e-04
   5.7949357e-04
   5.7454681e-04
   5.6959634e-04
   5.6464222e-04
   5.5968447e-04
   5.5472314e-04
   5.4975828e-04
   5.4478992e-04
   5.3981812e-04
   5.3484291e-04
   5.2986433e-04
   5.2488243e-04
   5.1989726e-04
   5.1490885e-04
   5.0991724e-04
   5.0492248e-04
   4.9992462e-04
   4.9492369e-04
   4.8991974e-04
   4.8491282e-04
   4.7990295e-04
   4.7489019e-04
   4.6987459e-04
   4.6485617e-04
   4.5983499e-04
   4.5481109e-04
   4.4978452e-04
   4.4475530e-04
   4.3972350e-04
   4.3468914e-04
   4.2965228e-04
   4.2461296e-04
   4.1957122e-04
   4.1452710e-04
   4.0948065e-04
   4.0443190e-04
   3.9938091e-04
   3.9432771e-04
   3.8927236e-04
   3.8421488e-04
   3.7915533e-04
   3.7409375e-04
   3.6903018e-04
   3.6396466e-04
   3.5889724e-04
   3.5382796e-04
   3.4875687e-04
   3.4368400e-04
   3.3860940e-04
   3.3353312e-04
   3.2845519e-04
   3.2337567e-04
   3.1829458e-04
   3.1321199e-04
   3.0812792e-04
   3.0304243e-04
   2.9795555e-04
   2.9286733e-04
   2.8777781e-04
   2.8268704e-04
   2.7759506e-04
   2.7250190e-04
   2.6740763e-04
   2.6231227e-04
   2.5721588e-04
   2.5211849e-04
   2.4702015e-04
   2.4192090e-04
   2.3682078e-04
   2.3171984e-04
   2.2661813e-04
   2.2151567e-04
   2.1641253e-04
   2.1130873e-04
   2.0620433e-04
   2.0109937e-04
   1.9599389e-04
   1.9088793e-04
   1.8578153e-04
   1.8067475e-04
   1.7556762e-04
   1.7046018e-04
   1.6535249e-04
   1.6024457e-04
   1.5513649e-04
   1.5002827e-04
   1.4491996e-04
   1.3981161e-04
   1.3470325e-04
   1.2959494e-04
   1.2448671e-04
   1.1937861e-04
   1.1427067e-04
   1.0916295e-04
   1.0405549e-04
   9.8948327e-05
   9.3841506e-05
   8.8735069e-05
   8.3629061e-05
   7.8523525e-05
   7.3418502e-05
   6.8314037e-05
   6.3210171e-05
   5.8106949e-05
   5.3004412e-05
   4.7902604e-05
   4.2801568e-05
   3.7701347e-05
   3.2601982e-05
   2.7503518e-05
   2.2405996e-05
   1.7309461e-05
   1.2213953e-05
   7.1195172e-06
   2.0261951e-06
  -3.0659704e-06
  -8.1569365e-06
  -1.3246661e-05
  -1.8335100e-05
  -2.3422212e-05
  -2.8507955e-05
  -3.3592284e-05
  -3.8675159e-05
  -4.3756536e-05
  -4.8836373e-05
  -5.3914628e-05
  -5.8991257e-05
  -6.4066218e-05
  -6.9139470e-05
  -7.4210969e-05
  -7.9280674e-05
  -8.4348541e-05
  -8.9414529e-05
  -9.4478595e-05
  -9.9540697e-05
  -1.0460079e-04
  -1.0965884e-04
  -1.1471480e-04
  -1.1976862e-04
  -1.2482027e-04
  -1.2986970e-04
  -1.3491687e-04
  -1.3996174e-04
  -1.4500427e-04
  -1.5004441e-04
  -1.5508212e-04
  -1.6011737e-04
  -1.6515010e-04
  -1.7018028e-04
  -1.7520786e-04
  -1.8023281e-04
  -1.8525508e-04
  -1.9027463e-04
  -1.9529142e-04
  -2.0030540e-04
  -2.0531654e-04
  -2.1032479e-04
  -2.1533011e-04
  -2.2033246e-04
  -2.2533180e-04
  -2.3032808e-04
  -2.3532127e-04
  -2.4031133e-04
  -2.4529820e-04
  -2.5028186e-04
  -2.5526226e-04
  -2.6023935e-04
  -2.6521310e-04
  -2.7018347e-04
  -2.7515041e-04
  -2.8011389e-04
  -2.8507386e-04
  -2.9003028e-04
  -2.9498311e-04
  -2.9993231e-04
  -3.0487783e-04
  -3.0981965e-04
  -3.1475771e-04
  -3.1969198e-04
  -3.2462241e-04
  -3.2954897e-04
  -3.3447161e-04
  -3.3939029e-04
  -3.4430498e-04
  -3.4921563e-04
  -3.5412219e-04
  -3.5902464e-04
  -3.6392293e-04
  -3.6881702e-04
  -3.7370687e-04
  -3.7859244e-04
  -3.8347368e-04
  -3.8835057e-04
  -3.9322305e-04
  -3.9809110e-04
  -4.0295466e-04
  -4.0781369e-04
  -4.1266817e-04
  -4.1751805e-04
  -4.2236328e-04
  -4.2720383e-04
  -4.3203966e-04
  -4.3687073e-04
  -4.4169700e-04
  -4.4651843e-04
  -4.5133498e-04
  -4.5614661e-04
  -4.6095328e-04
  -4.6575495e-04
  -4.7055158e-04
  -4.7534313e-04
  -4.8012957e-04
  -4.8491086e-04
  -4.8968694e-04
  -4.9445780e-04
  -4.9922338e-04
  -5.0398365e-04
  -5.0873856e-04
  -5.1348809e-04
  -5.1823219e-04
  -5.2297081e-04
  -5.2770394e-04
  -5.3243151e-04
  -5.3715350e-04
  -5.4186987e-04
  -5.4658058e-04
  -5.5128559e-04
  -5.5598486e-04
  -5.6067835e-04
  -5.6536603e-04
  -5.7004785e-04
  -5.7472378e-04
  -5.7939379e-04
  -5.8405782e-04
  -5.8871585e-04
  -5.9336784e-04
  -5.9801374e-04
  -6.0265352e-04
  -6.0728715e-04
  -6.1191458e-04
  -6.1653578e-04
  -6.2115070e-04
  -6.2575932e-04
  -6.3036160e-04
  -6.3495749e-04
  -6.3954696e-04
  -6.4412997e-04
  -6.4870649e-04
  -6.5327647e-04
  -6.5783989e-04
  -6.6239670e-04
  -6.6694686e-04
  -6.7149035e-04
  -6.7602711e-04
  -6.8055713e-04
  -6.8508035e-04
  -6.8959674e-04
  -6.9410628e-04
  -6.9860891e-04
  -7.0310460e-04
  -7.0759332e-04
  -7.1207503e-04
  -7.1654969e-04
  -7.2101727e-04
  -7.2547773e-04
  -7.2993104e-04
  -7.3437716e-04
  -7.3881605e-04
  -7.4324767e-04
  -7.4767200e-04
  -7.5208900e-04
  -7.5649862e-04
  -7.6090084e-04
  -7.6529562e-04
  -7.6968292e-04
  -7.7406271e-04
  -7.7843496e-04
  -7.8279962e-04
  -7.8715666e-04
  -7.9150605e-04
  -7.9584775e-04
  -8.0018173e-04
  -8.0450795e-04
  -8.0882638e-04
  -8.1313699e-04
  -8.1743973e-04
  -8.2173457e-04
  -8.2602149e-04
  -8.3030043e-04
  -8.3457138e-04
  -8.3883430e-04
  -8.4308914e-04
  -8.4733588e-04
  -8.5157449e-04
  -8.5580493e-04
  -8.6002716e-04
  -8.6424115e-04
  -8.6844687e-04
  -8.7264429e-04
  -8.7683336e-04
  -8.8101407e-04
  -8.8518636e-04
  -8.8935022e-04
  -8.9350560e-04
  -8.9765248e-04
  -9.0179082e-04
  -9.0592058e-04
  -9.1004174e-04
  -9.1415426e-04
  -9.1825811e-04
  -9.2235326e-04
  -9.2643966e-04
  -9.3051730e-04
  -9.3458614e-04
  -9.3864614e-04
  -9.4269728e-04
  -9.4673952e-04
  -9.5077282e-04
  -9.5479717e-04
  -9.5881251e-04
  -9.6281883e-04
  -9.6681609e-04
  -9.7080427e-04
  -9.7478331e-04
  -9.7875321e-04
  -9.8271392e-04
  -9.8666541e-04
  -9.9060765e-04
  -9.9454061e-04
  -9.9846426e-04
  -1.0023786e-03
  -1.0062835e-03
  -1.0101790e-03
  -1.0140651e-03
  -1.0179418e-03
  -1.0218089e-03
  -1.0256665e-03
  -1.0295146e-03
  -1.0333530e-03
  -1.0371819e-03
  -1.0410011e-03
  -1.0448106e-03
  -1.0486104e-03
  -1.0524005e-03
  -1.0561808e-03
  -1.0599513e-03
  -1.0637120e-03
  -1.0674628e-03
  -1.0712037e-03
  -1.0749348e-03
  -1.0786558e-03
  -1.0823669e-03
  -1.0860680e-03
  -1.0897591e-03
  -1.0934401e-03
  -1.0971110e-03
  -1.1007718e-03
  -1.1044224e-03
  -1.1080629e-03
  -1.1116931e-03
  -1.1153131e-03
  -1.1189229e-03
  -1.1225224e-03
  -1.1261115e-03
  -1.1296903e-03
  -1.1332587e-03
  -1.1368168e-03
  -1.1403644e-03
  -1.1439015e-03
  -1.1474281e-03
  -1.1509443e-03
  -1.1544499e-03
  -1.1579449e-03
  -1.1614293e-03
  -1.1649031e-03
  -1.1683663e-03
  -1.1718188e-03
  -1.1752606e-03
  -1.1786916e-03
  -1.1821119e-03
  -1.1855214e-03
  -1.1889201e-03
  -1.1923080e-03
  -1.1956850e-03
  -1.1990511e-03
  -1.2024063e-03
  -1.2057505e-03
  -1.2090838e-03
  -1.2124061e-03
  -1.2157174e-03
  -1.2190176e-03
  -1.2223068e-03
  -1.2255849e-03
  -1.2288518e-03
  -1.2321076e-03
  -1.2353523e-03
  -1.2385857e-03
  -1.2418080e-03
  -1.2450189e-03
  -1.2482186e-03
  -1.2514071e-03
  -1.2545842e-03
  -1.2577499e-03
  -1.2609043e-03
  -1.2640473e-03
  -1.2671789e-03
  -1.2702991e-03
  -1.2734077e-03
  -1.2765049e-03
  -1.2795906e-03
  -1.2826648e-03
  -1.2857274e-03
  -1.2887784e-03
  -1.2918178e-03
  -1.2948456e-03
  -1.2978617e-03
  -1.3008662e-03
  -1.3038590e-03
  -1.3068400e-03
  -1.3098093e-03
  -1.3127668e-03
  -1.3157126e-03
  -1.3186466e-03
  -1.3215687e-03
  -1.3244789e-03
  -1.3273773e-03
  -1.3302638e-03
  -1.3331384e-03
  -1.3360010e-03
  -1.3388517e-03
  -1.3416904e-03
  -1.3445171e-03
  -1.3473317e-03
  -1.3501344e-03
  -1.3529249e-03
  -1.3557034e-03
  -1.3584697e-03
  -1.3612239e-03
  -1.3639660e-03
  -1.3666959e-03
  -1.3694136e-03
  -1.3721191e-03
  -1.3748123e-03
  -1.3774933e-03
  -1.3801621e-03
  -1.3828185e-03
  -1.3854626e-03
  -1.3880944e-03
  -1.3907139e-03
  -1.3933209e-03
  -1.3959156e-03
  -1.3984979e-03
  -1.4010677e-03
  -1.4036251e-03
  -1.4061700e-03
  -1.4087025e-03
  -1.4112224e-03
  -1.4137298e-03
  -1.4162247e-03
  -1.4187070e-03
  -1.4211768e-03
  -1.4236339e-03
  -1.4260785e-03
  -1.4285104e-03
  -1.4309296e-03
  -1.4333362e-03
  -1.4357301e-03
  -1.4381113e-03
  -1.4404798e-03
  -1.4428355e-03
  -1.4451785e-03
  -1.4475087e-03
  -1.4498261e-03
  -1.4521308e-03
  -1.4544226e-03
  -1.4567015e-03
  -1.4589676e-03
  -1.4612209e-03
  -1.4634612e-03
  -1.4656887e-03
  -1.4679032e-03
  -1.4701048e-03
  -1.4722935e-03
  -1.4744692e-03
  -1.4766319e-03
  -1.4787816e-03
  -1.4809183e-03
  -1.4830419e-03
  -1.4851525e-03
  -1.4872501e-03
  -1.4893346e-03
  -1.4914060e-03
  -1.4934643e-03
  -1.4955095e-03
  -1.4975415e-03
  -1.4995605e-03
  -1.5015662e-03
  -1.5035588e-03
  -1.5055382e-03
  -1.5075044e-03
  -1.5094573e-03
  -1.5113971e-03
  -1.5133236e-03
  -1.5152368e-03
  -1.5171368e-03
  -1.5190235e-03
  -1.5208969e-03
  -1.5227570e-03
  -1.5246038e-03
  -1.5264373e-03
  -1.5282574e-03
  -1.5300641e-03
  -1.5318575e-03
  -1.5336375e-03
  -1.5354041e-03
  -1.5371572e-03
  -1.5388970e-03
  -1.5406233e-03
  -1.5423362e-03
  -1.5440357e-03
  -1.5457217e-03
  -1.5473942e-03
  -1.5490532e-03
  -1.5506987e-03
  -1.5523307e-03
  -1.5539492e-03
  -1.5555541e-03
  -1.5571456e-03
  -1.5587234e-03
  -1.5602877e-03
  -1.5618385e-03
  -1.5633756e-03
  -1.5648992e-03
  -1.5664091e-03
  -1.5679054e-03
  -1.5693882e-03
  -1.5708572e-03
  -1.5723127e-03
  -1.5737545e-03
  -1.5751826e-03
  -1.5765971e-03
  -1.5779979e-03
  -1.5793850e-03
  -1.5807584e-03
  -1.5821181e-03
  -1.5834641e-03
  -1.5847964e-03
  -1.5861149e-03
  -1.5874197e-03
  -1.5887108e-03
  -1.5899881e-03
  -1.5912517e-03
  -1.5925015e-03
  -1.5937375e-03
  -1.5949597e-03
  -1.5961681e-03
  -1.5973628e-03
  -1.5985436e-03
  -1.5997107e-03
  -1.6008639e-03
  -1.6020033e-03
  -1.6031288e-03
  -1.6042405e-03
  -1.6053384e-03
  -1.6064224e-03
  -1.6074926e-03
  -1.6085489e-03
  -1.6095913e-03
  -1.6106199e-03
  -1.6116346e-03
  -1.6126354e-03
  -1.6136223e-03
  -1.6145953e-03
  -1.6155544e-03
  -1.6164997e-03
  -1.6174310e-03
  -1.6183483e-03
  -1.6192518e-03
  -1.6201413e-03
  -1.6210170e-03
  -1.6218786e-03
  -1.6227264e-03
  -1.6235602e-03
  -1.6243800e-03
  -1.6251859e-03
  -1.6259779e-03
  -1.6267559e-03
  -1.6275199e-03
  -1.6282700e-03
  -1.6290061e-03
  -1.6297283e-03
  -1.6304364e-03
  -1.6311306e-03
  -1.6318108e-03
  -1.6324771e-03
  -1.6331293e-03
  -1.6337676e-03
  -1.6343919e-03
  -1.6350022e-03
  -1.6355985e-03
  -1.6361808e-03
  -1.6367491e-03
  -1.6373034e-03
  -1.6378437e-03
  -1.6383700e-03
  -1.6388823e-03
  -1.6393806e-03
  -1.6398649e-03
  -1.6403352e-03
  -1.6407915e-03
  -1.6412338e-03
  -1.6416621e-03
  -1.6420764e-03
  -1.6424766e-03
  -1.6428629e-03
  -1.6432351e-03
  -1.6435934e-03
  -1.6439376e-03
  -1.6442678e-03
  -1.6445840e-03
  -1.6448863e-03
  -1.6451745e-03
  -1.6454487e-03
  -1.6457089e-03
  -1.6459550e-03
  -1.6461872e-03
  -1.6464054e-03
  -1.6466096e-03
  -1.6467998e-03
  -1.6469760e-03
  -1.6471382e-03
  -1.6472864e-03
  -1.6474206e-03
  -1.6475408e-03
  -1.6476470e-03
  -1.6477393e-03
  -1.6478176e-03
  -1.6478818e-03
  -1.6479321e-03
  -1.6479685e-03
  -1.6479908e-03
  -1.6479992e-03
  -1.6479936e-03
  -1.6479741e-03
  -1.6479406e-03
  -1.6478931e-03
  -1.6478317e-03
  -1.6477564e-03
  -1.6476671e-03
  -1.6475638e-03
  -1.6474467e-03
  -1.6473155e-03
  -1.6471705e-03
  -1.6470115e-03
  -1.6468386e-03
  -1.6466518e-03
  -1.6464511e-03
  -1.6462365e-03
  -1.6460080e-03
  -1.6457656e-03
  -1.6455093e-03
  -1.6452391e-03
  -1.6449550e-03
  -1.6446571e-03
  -1.6443452e-03
  -1.6440196e-03
  -1.6436800e-03
  -1.6433267e-03
  -1.6429594e-03
  -1.6425784e-03
  -1.6421835e-03
  -1.6417747e-03
  -1.6413522e-03
  -1.6409158e-03
  -1.6404657e-03
  -1.6400017e-03
  -1.6395240e-03
  -1.6390324e-03
  -1.6385271e-03
  -1.6380081e-03
  -1.6374752e-03
  -1.6369286e-03
  -1.6363683e-03
  -1.6357942e-03
  -1.6352064e-03
  -1.6346049e-03
  -1.6339896e-03
  -1.6333607e-03
  -1.6327180e-03
  -1.6320617e-03
  -1.6313917e-03
  -1.6307080e-03
  -1.6300106e-03
  -1.6292996e-03
  -1.6285750e-03
  -1.6278367e-03
  -1.6270848e-03
  -1.6263193e-03
  -1.6255402e-03
  -1.6247474e-03
  -1.6239411e-03
  -1.6231212e-03
  -1.6222878e-03
  -1.6214408e-03
  -1.6205802e-03
  -1.6197061e-03
  -1.6188185e-03
  -1.6179174e-03
  -1.6170027e-03
  -1.6160746e-03
  -1.6151330e-03
  -1.6141779e-03
  -1.6132094e-03
  -1.6122274e-03
  -1.6112320e-03
  -1.6102231e-03
  -1.6092008e-03
  -1.6081652e-03
  -1.6071161e-03
  -1.6060537e-03
  -1.6049779e-03
  -1.6038887e-03
  -1.6027862e-03
  -1.6016704e-03
  -1.6005412e-03
  -1.5993988e-03
  -1.5982430e-03
  -1.5970740e-03
  -1.5958917e-03
  -1.5946962e-03
  -1.5934874e-03
  -1.5922654e-03
  -1.5910302e-03
  -1.5897818e-03
  -1.5885201e-03
  -1.5872454e-03
  -1.5859574e-03
  -1.5846564e-03
  -1.5833422e-03
  -1.5820148e-03
  -1.5806744e-03
  -1.5793209e-03
  -1.5779543e-03
  -1.5765747e-03
  -1.5751820e-03
  -1.5737763e-03
  -1.5723576e-03
  -1.5709258e-03
  -1.5694811e-03
  -1.5680234e-03
  -1.5665528e-03
  -1.5650693e-03
  -1.5635728e-03
  -1.5620634e-03
  -1.5605411e-03
  -1.5590059e-03
  -1.5574579e-03
  -1.5558971e-03
  -1.5543234e-03
  -1.5527369e-03
  -1.5511376e-03
  -1.5495255e-03
  -1.5479007e-03
  -1.5462631e-03
  -1.5446128e-03
  -1.5429498e-03
  -1.5412741e-03
  -1.5395858e-03
  -1.5378847e-03
  -1.5361711e-03
  -1.5344448e-03
  -1.5327059e-03
  -1.5309544e-03
  -1.5291903e-03
  -1.5274137e-03
  -1.5256246e-03
  -1.5238229e-03
  -1.5220088e-03
  -1.5201821e-03
  -1.5183430e-03
  -1.5164915e-03
  -1.5146275e-03
  -1.5127511e-03
  -1.5108624e-03
  -1.5089613e-03
  -1.5070478e-03
  -1.5051220e-03
  -1.5031839e-03
  -1.5012335e-03
  -1.4992708e-03
  -1.4972958e-03
  -1.4953087e-03
  -1.4933093e-03
  -1.4912977e-03
  -1.4892740e-03
  -1.4872381e-03
  -1.4851901e-03
  -1.4831299e-03
  -1.4810577e-03
  -1.4789734e-03
  -1.4768770e-03
  -1.4747686e-03
  -1.4726482e-03
  -1.4705158e-03
  -1.4683715e-03
  -1.4662151e-03
  -1.4640469e-03
  -1.4618668e-03
  -1.4596747e-03
  -1.4574709e-03
  -1.4552551e-03
  -1.4530276e-03
  -1.4507882e-03
  -1.4485371e-03
  -1.4462742e-03
  -1.4439996e-03
  -1.4417133e-03
  -1.4394153e-03
  -1.4371056e-03
  -1.4347843e-03
  -1.4324513e-03
  -1.4301068e-03
  -1.4277507e-03
  -1.4253830e-03
  -1.4230038e-03
  -1.4206131e-03
  -1.4182109e-03
  -1.4157972e-03
  -1.4133721e-03
  -1.4109356e-03
  -1.4084877e-03
  -1.4060284e-03
  -1.4035578e-03
  -1.4010758e-03
  -1.3985826e-03
  -1.3960781e-03
  -1.3935623e-03
  -1.3910353e-03
  -1.3884971e-03
  -1.3859477e-03
  -1.3833872e-03
  -1.3808156e-03
  -1.3782328e-03
  -1.3756390e-03
  -1.3730341e-03
  -1.3704181e-03
  -1.3677912e-03
  -1.3651533e-03
  -1.3625044e-03
  -1.3598446e-03
  -1.3571739e-03
  -1.3544923e-03
  -1.3517998e-03
  -1.3490966e-03
  -1.3463825e-03
  -1.3436576e-03
  -1.3409220e-03
  -1.3381756e-03
  -1.3354186e-03
  -1.3326509e-03
  -1.3298725e-03
  -1.3270835e-03
  -1.3242839e-03
  -1.3214737e-03
  -1.3186530e-03
  -1.3158218e-03
  -1.3129800e-03
  -1.3101278e-03
  -1.3072652e-03
  -1.3043922e-03
  -1.3015087e-03
  -1.2986149e-03
  -1.2957108e-03
  -1.2927964e-03
  -1.2898717e-03
  -1.2869367e-03
  -1.2839915e-03
  -1.2810362e-03
  -1.2780706e-03
  -1.2750949e-03
  -1.2721091e-03
  -1.2691133e-03
  -1.2661073e-03
  -1.2630913e-03
  -1.2600654e-03
  -1.2570294e-03
  -1.2539835e-03
  -1.2509277e-03
  -1.2478620e-03
  -1.2447865e-03
  -1.2417011e-03
  -1.2386059e-03
  -1.2355009e-03
  -1.2323862e-03
  -1.2292618e-03
  -1.2261276e-03
  -1.2229839e-03
  -1.2198304e-03
  -1.2166674e-03
  -1.2134948e-03
  -1.2103127e-03
  -1.2071210e-03
  -1.2039199e-03
  -1.2007093e-03
  -1.1974893e-03
  -1.1942599e-03
  -1.1910211e-03
  -1.1877730e-03
  -1.1845156e-03
  -1.1812489e-03
  -1.1779729e-03
  -1.1746877e-03
  -1.1713934e-03
  -1.1680899e-03
  -1.1647772e-03
  -1.1614555e-03
  -1.1581247e-03
  -1.1547848e-03
  -1.1514360e-03
  -1.1480781e-03
  -1.1447114e-03
  -1.1413357e-03
  -1.1379511e-03
  -1.1345577e-03
  -1.1311554e-03
  -1.1277444e-03
  -1.1243246e-03
  -1.1208961e-03
  -1.1174588e-03
  -1.1140130e-03
  -1.1105584e-03
  -1.1070953e-03
  -1.1036236e-03
  -1.1001434e-03
  -1.0966546e-03
  -1.0931574e-03
  -1.0896517e-03
  -1.0861376e-03
  -1.0826151e-03
  -1.0790843e-03
  -1.0755452e-03
  -1.0719977e-03
  -1.0684420e-03
  -1.0648781e-03
  -1.0613060e-03
  -1.0577258e-03
  -1.0541374e-03
  -1.0505409e-03
  -1.0469364e-03
  -1.0433238e-03
  -1.0397033e-03
  -1.0360748e-03
  -1.0324383e-03
  -1.0287939e-03
  -1.0251417e-03
  -1.0214817e-03
  -1.0178138e-03
  -1.0141382e-03
  -1.0104549e-03
  -1.0067638e-03
  -1.0030651e-03
  -9.9935876e-04
  -9.9564481e-04
  -9.9192329e-04
  -9.8819424e-04
  -9.8445769e-04
  -9.8071367e-04
  -9.7696221e-04
  -9.7320336e-04
  -9.6943714e-04
  -9.6566359e-04
  -9.6188274e-04
  -9.5809462e-04
  -9.5429928e-04
  -9.5049673e-04
  -9.4668702e-04
  -9.4287019e-04
  -9.3904625e-04
  -9.3521526e-04
  -9.3137724e-04
  -9.2753223e-04
  -9.2368026e-04
  -9.1982136e-04
  -9.1595558e-04
  -9.1208294e-04
  -9.0820347e-04
  -9.0431723e-04
  -9.0042423e-04
  -8.9652451e-04
  -8.9261811e-04
  -8.8870507e-04
  -8.8478541e-04
  -8.8085917e-04
  -8.7692639e-04
  -8.7298710e-04
  -8.6904134e-04
  -8.6508914e-04
  -8.6113054e-04
  -8.5716556e-04
  -8.5319426e-04
  -8.4921666e-04
  -8.4523279e-04
  -8.4124270e-04
  -8.3724641e-04
  -8.3324397e-04
  -8.2923541e-04
  -8.2522076e-04
  -8.2120007e-04
  -8.1717335e-04
  -8.1314066e-04
  -8.0910203e-04
  -8.0505748e-04
  -8.0100707e-04
  -7.9695082e-04
  -7.9288876e-04
  -7.8882095e-04
  -7.8474740e-04
  -7.8066816e-04
  -7.7658327e-04
  -7.7249275e-04
  -7.6839665e-04
  -7.6429500e-04
  -7.6018783e-04
  -7.5607519e-04
  -7.5195711e-04
  -7.4783363e-04
  -7.4370478e-04
  -7.3957059e-04
  -7.3543111e-04
  -7.3128637e-04
  -7.2713641e-04
  -7.2298126e-04
  -7.1882097e-04
  -7.1465556e-04
  -7.1048507e-04
  -7.0630954e-04
  -7.0212901e-04
  -6.9794351e-04
  -6.9375309e-04
  -6.8955776e-04
  -6.8535759e-04
  -6.8115259e-04
  -6.7694281e-04
  -6.7272828e-04
  -6.6850904e-04
  -6.6428513e-04
  -6.6005659e-04
  -6.5582345e-04
  -6.5158574e-04
  -6.4734351e-04
  -6.4309679e-04
  -6.3884563e-04
  -6.3459005e-04
  -6.3033009e-04
  -6.2606579e-04
  -6.2179719e-04
  -6.1752433e-04
  -6.1324724e-04
  -6.0896596e-04
  -6.0468053e-04
  -6.0039098e-04
  -5.9609735e-04
  -5.9179968e-04
  -5.8749801e-04
  -5.8319237e-04
  -5.7888280e-04
  -5.7456935e-04
  -5.7025204e-04
  -5.6593091e-04
  -5.6160600e-04
  -5.5727736e-04
  -5.5294501e-04
  -5.4860899e-04
  -5.4426935e-04
  -5.3992611e-04
  -5.3557932e-04
  -5.3122902e-04
  -5.2687524e-04
  -5.2251802e-04
  -5.1815740e-04
  -5.1379341e-04
  -5.0942610e-04
  -5.0505550e-04
  -5.0068165e-04
  -4.9630458e-04
  -4.9192434e-04
  -4.8754097e-04
  -4.8315449e-04
  -4.7876495e-04
  -4.7437239e-04
  -4.6997685e-04
  -4.6557835e-04
  -4.6117695e-04
  -4.5677267e-04
  -4.5236557e-04
  -4.4795566e-04
  -4.4354300e-04
  -4.3912762e-04
  -4.3470956e-04
  -4.3028885e-04
  -4.2586554e-04
  -4.2143967e-04
  -4.1701126e-04
  -4.1258036e-04
  -4.0814702e-04
  -4.0371125e-04
  -3.9927311e-04
  -3.9483263e-04
  -3.9038985e-04
  -3.8594481e-04
  -3.8149755e-04
  -3.7704810e-04
  -3.7259651e-04
  -3.6814280e-04
  -3.6368703e-04
  -3.5922922e-04
  -3.5476942e-04
  -3.5030766e-04
  -3.4584398e-04
  -3.4137843e-04
  -3.3691103e-04
  -3.3244183e-04
  -3.2797087e-04
  -3.2349818e-04
  -3.1902380e-04
  -3.1454778e-04
  -3.1007014e-04
  -3.0559093e-04
  -3.0111018e-04
  -2.9662794e-04
  -2.9214424e-04
  -2.8765912e-04
  -2.8317262e-04
  -2.7868478e-04
  -2.7419563e-04
  -2.6970522e-04
  -2.6521358e-04
  -2.6072074e-04
  -2.5622676e-04
  -2.5173167e-04
  -2.4723550e-04
  -2.4273829e-04
  -2.3824008e-04
  -2.3374092e-04
  -2.2924084e-04
  -2.2473987e-04
  -2.2023806e-04
  -2.1573544e-04
  -2.1123205e-04
  -2.0672794e-04
  -2.0222313e-04
  -1.9771767e-04
  -1.9321159e-04
  -1.8870494e-04
  -1.8419775e-04
  -1.7969007e-04
  -1.7518192e-04
  -1.7067334e-04
  -1.6616439e-04
  -1.6165508e-04
  -1.5714547e-04
  -1.5263559e-04
  -1.4812547e-04
  -1.4361517e-04
  -1.3910470e-04
  -1.3459412e-04
  -1.3008347e-04
  -1.2557277e-04
  -1.2106207e-04
  -1.1655140e-04
  -1.1204081e-04
  -1.0753033e-04
  -1.0302000e-04
  -9.8509861e-05
  -9.3999948e-05
  -8.9490299e-05
  -8.4980953e-05
  -8.0471949e-05
  -7.5963323e-05
  -7.1455115e-05
  -6.6947362e-05
  -6.2440102e-05
  -5.7933373e-05
  -5.3427215e-05
  -4.8921663e-05
  -4.4416757e-05
  -3.9912534e-05
  -3.5409033e-05
  -3.0906291e-05
  -2.6404347e-05
  -2.1903237e-05
  -1.7403001e-05
  -1.2903675e-05
  -8.4052990e-06
  -3.9079093e-06
   5.8845591e-07
   5.0837587e-06
   9.5779614e-06
   1.4071026e-05
   1.8562915e-05
   2.3053591e-05
   2.7543015e-05
   3.2031150e-05
   3.6517959e-05
   4.1003404e-05
   4.5487447e-05
   4.9970050e-05
   5.4451176e-05
   5.8930788e-05
   6.3408847e-05
   6.7885317e-05
   7.2360159e-05
   7.6833337e-05
   8.1304813e-05
   8.5774548e-05
   9.0242507e-05
   9.4708652e-05
   9.9172944e-05
   1.0363535e-04
   1.0809582e-04
   1.1255434e-04
   1.1701085e-04
   1.2146532e-04
   1.2591772e-04
   1.3036801e-04
   1.3481614e-04
   1.3926209e-04
   1.4370582e-04
   1.4814728e-04
   1.5258645e-04
   1.5702328e-04
   1.6145774e-04
   1.6588979e-04
   1.7031939e-04
   1.7474651e-04
   1.7917111e-04
   1.8359316e-04
   1.8801261e-04
   1.9242943e-04
   1.9684358e-04
   2.0125503e-04
   2.0566374e-04
   2.1006968e-04
   2.1447280e-04
   2.1887307e-04
   2.2327045e-04
   2.2766491e-04
   2.3205641e-04
   2.3644491e-04
   2.4083038e-04
   2.4521278e-04
   2.4959208e-04
   2.5396823e-04
   2.5834121e-04
   2.6271097e-04
   2.6707749e-04
   2.7144071e-04
   2.7580062e-04
   2.8015716e-04
   2.8451031e-04
   2.8886003e-04
   2.9320628e-04
   2.9754903e-04
   3.0188824e-04
   3.0622388e-04
   3.1055591e-04
   3.1488429e-04
   3.1920899e-04
   3.2352997e-04
   3.2784720e-04
   3.3216064e-04
   3.3647025e-04
   3.4077601e-04
   3.4507787e-04
   3.4937579e-04
   3.5366976e-04
   3.5795972e-04
   3.6224564e-04
   3.6652749e-04
   3.7080524e-04
   3.7507884e-04
   3.7934826e-04
   3.8361348e-04
   3.8787444e-04
   3.9213112e-04
   3.9638348e-04
   4.0063149e-04
   4.0487511e-04
   4.0911431e-04
   4.1334905e-04
   4.1757930e-04
   4.2180502e-04
   4.2602618e-04
   4.3024275e-04
   4.3445468e-04
   4.3866195e-04
   4.4286452e-04
   4.4706235e-04
   4.5125542e-04
   4.5544368e-04
   4.5962710e-04
   4.6380566e-04
   4.6797931e-04
   4.7214802e-04
   4.7631175e-04
   4.8047048e-04
   4.8462417e-04
   4.8877278e-04
   4.9291628e-04
   4.9705464e-04
   5.0118782e-04
   5.0531579e-04
   5.0943851e-04
   5.1355596e-04
   5.1766810e-04
   5.2177489e-04
   5.2587630e-04
   5.2997230e-04
   5.3406285e-04
   5.3814793e-04
   5.4222750e-04
   5.4630152e-04
   5.5036996e-04
   5.5443279e-04
   5.5848997e-04
   5.6254148e-04
   5.6658728e-04
   5.7062734e-04
   5.7466162e-04
   5.7869009e-04
   5.8271272e-04
   5.8672948e-04
   5.9074033e-04
   5.9474524e-04
   5.9874418e-04
   6.0273712e-04
   6.0672402e-04
   6.1070485e-04
   6.1467959e-04
   6.1864819e-04
   6.2261062e-04
   6.2656686e-04
   6.3051687e-04
   6.3446062e-04
   6.3839808e-04
   6.4232921e-04
   6.4625399e-04
   6.5017238e-04
   6.5408435e-04
   6.5798987e-04
   6.6188891e-04
   6.6578143e-04
   6.6966741e-04
   6.7354681e-04
   6.7741961e-04
   6.8128576e-04
   6.8514525e-04
   6.8899804e-04
   6.9284409e-04
   6.9668338e-04
   7.0051588e-04
   7.0434156e-04
   7.0816038e-04
   7.1197231e-04
   7.1577733e-04
   7.1957540e-04
   7.2336649e-04
   7.2715058e-04
   7.3092762e-04
   7.3469760e-04
   7.3846049e-04
   7.4221624e-04
   7.4596483e-04
   7.4970624e-04
   7.5344043e-04
   7.5716737e-04
   7.6088703e-04
   7.6459938e-04
   7.6830440e-04
   7.7200205e-04
   7.7569230e-04
   7.7937513e-04
   7.8305050e-04
   7.8671839e-04
   7.9037876e-04
   7.9403159e-04
   7.9767685e-04
   8.0131451e-04
   8.0494454e-04
   8.0856691e-04
   8.1218159e-04
   8.1578855e-04
   8.1938777e-04
   8.2297922e-04
   8.2656287e-04
   8.3013868e-04
   8.3370664e-04
   8.3726670e-04
   8.4081886e-04
   8.4436307e-04
   8.4789931e-04
   8.5142754e-04
   8.5494776e-04
   8.5845991e-04
   8.6196398e-04
   8.6545995e-04
   8.6894777e-04
   8.7242743e-04
   8.7589889e-04
   8.7936214e-04
   8.8281713e-04
   8.8626385e-04
   8.8970227e-04
   8.9313236e-04
   8.9655409e-04
   8.9996744e-04
   9.0337237e-04
   9.0676887e-04
   9.1015691e-04
   9.1353646e-04
   9.1690748e-04
   9.2026997e-04
   9.2362389e-04
   9.2696920e-04
   9.3030590e-04
   9.3363395e-04
   9.3695332e-04
   9.4026400e-04
   9.4356594e-04
   9.4685913e-04
   9.5014355e-04
   9.5341916e-04
   9.5668594e-04
   9.5994387e-04
   9.6319292e-04
   9.6643306e-04
   9.6966427e-04
   9.7288652e-04
   9.7609979e-04
   9.7930406e-04
   9.8249929e-04
   9.8568547e-04
   9.8886257e-04
   9.9203056e-04
   9.9518942e-04
   9.9833913e-04
   1.0014797e-03
   1.0046110e-03
   1.0077331e-03
   1.0108459e-03
   1.0139495e-03
   1.0170438e-03
   1.0201287e-03
   1.0232043e-03
   1.0262705e-03
   1.0293273e-03
   1.0323748e-03
   1.0354127e-03
   1.0384412e-03
   1.0414602e-03
   1.0444697e-03
   1.0474697e-03
   1.0504601e-03
   1.0534409e-03
   1.0564121e-03
   1.0593737e-03
   1.0623256e-03
   1.0652679e-03
   1.0682005e-03
   1.0711233e-03
   1.0740364e-03
   1.0769398e-03
   1.0798333e-03
   1.0827171e-03
   1.0855910e-03
   1.0884551e-03
   1.0913093e-03
   1.0941536e-03
   1.0969880e-03
   1.0998124e-03
   1.1026269e-03
   1.1054314e-03
   1.1082259e-03
   1.1110104e-03
   1.1137848e-03
   1.1165492e-03
   1.1193035e-03
   1.1220477e-03
   1.1247817e-03
   1.1275056e-03
   1.1302193e-03
   1.1329229e-03
   1.1356162e-03
   1.1382993e-03
   1.1409721e-03
   1.1436347e-03
   1.1462870e-03
   1.1489289e-03
   1.1515606e-03
   1.1541818e-03
   1.1567928e-03
   1.1593933e-03
   1.1619834e-03
   1.1645631e-03
   1.1671323e-03
   1.1696910e-03
   1.1722393e-03
   1.1747771e-03
   1.1773043e-03
   1.1798210e-03
   1.1823271e-03
   1.1848227e-03
   1.1873076e-03
   1.1897819e-03
   1.1922456e-03
   1.1946987e-03
   1.1971410e-03
   1.1995727e-03
   1.2019936e-03
   1.2044039e-03
   1.2068034e-03
   1.2091921e-03
   1.2115700e-03
   1.2139371e-03
   1.2162935e-03
   1.2186389e-03
   1.2209736e-03
   1.2232973e-03
   1.2256102e-03
   1.2279122e-03
   1.2302032e-03
   1.2324834e-03
   1.2347525e-03
   1.2370107e-03
   1.2392579e-03
   1.2414941e-03
   1.2437193e-03
   1.2459335e-03
   1.2481366e-03
   1.2503286e-03
   1.2525096e-03
   1.2546794e-03
   1.2568382e-03
   1.2589858e-03
   1.2611222e-03
   1.2632475e-03
   1.2653617e-03
   1.2674646e-03
   1.2695563e-03
   1.2716368e-03
   1.2737061e-03
   1.2757641e-03
   1.2778108e-03
   1.2798463e-03
   1.2818705e-03
   1.2838833e-03
   1.2858849e-03
   1.2878750e-03
   1.2898539e-03
   1.2918214e-03
   1.2937774e-03
   1.2957221e-03
   1.2976554e-03
   1.2995773e-03
   1.3014877e-03
   1.3033867e-03
   1.3052742e-03
   1.3071502e-03
   1.3090148e-03
   1.3108678e-03
   1.3127094e-03
   1.3145394e-03
   1.3163578e-03
   1.3181647e-03
   1.3199601e-03
   1.3217438e-03
   1.3235160e-03
   1.3252766e-03
   1.3270255e-03
   1.3287628e-03
   1.3304885e-03
   1.3322025e-03
   1.3339049e-03
   1.3355956e-03
   1.3372746e-03
   1.3389419e-03
   1.3405975e-03
   1.3422414e-03
   1.3438735e-03
   1.3454939e-03
   1.3471025e-03
   1.3486994e-03
   1.3502845e-03
   1.3518578e-03
   1.3534194e-03
   1.3549691e-03
   1.3565070e-03
   1.3580330e-03
   1.3595472e-03
   1.3610496e-03
   1.3625401e-03
   1.3640188e-03
   1.3654856e-03
   1.3669405e-03
   1.3683835e-03
   1.3698145e-03
   1.3712337e-03
   1.3726409e-03
   1.3740363e-03
   1.3754196e-03
   1.3767910e-03
   1.3781505e-03
   1.3794980e-03
   1.3808335e-03
   1.3821570e-03
   1.3834685e-03
   1.3847680e-03
   1.3860555e-03
   1.3873310e-03
   1.3885945e-03
   1.3898459e-03
   1.3910853e-03
   1.3923126e-03
   1.3935279e-03
   1.3947311e-03
   1.3959222e-03
   1.3971013e-03
   1.3982682e-03
   1.3994231e-03
   1.4005659e-03
   1.4016965e-03
   1.4028151e-03
   1.4039215e-03
   1.4050158e-03
   1.4060979e-03
   1.4071679e-03
   1.4082258e-03
   1.4092715e-03
   1.4103051e-03
   1.4113265e-03
   1.4123357e-03
   1.4133327e-03
   1.4143176e-03
   1.4152902e-03
   1.4162507e-03
   1.4171990e-03
   1.4181350e-03
   1.4190589e-03
   1.4199705e-03
   1.4208699e-03
   1.4217571e-03
   1.4226321e-03
   1.4234948e-03
   1.4243453e-03
   1.4251836e-03
   1.4260096e-03
   1.4268233e-03
   1.4276248e-03
   1.4284141e-03
   1.4291911e-03
   1.4299558e-03
   1.4307082e-03
   1.4314484e-03
   1.4321763e-03
   1.4328919e-03
   1.4335952e-03
   1.4342862e-03
   1.4349650e-03
   1.4356314e-03
   1.4362856e-03
   1.4369275e-03
   1.4375570e-03
   1.4381743e-03
   1.4387792e-03
   1.4393719e-03
   1.4399522e-03
   1.4405202e-03
   1.4410760e-03
   1.4416193e-03
   1.4421504e-03
   1.4426692e-03
   1.4431756e-03
   1.4436697e-03
   1.4441515e-03
   1.4446210e-03
   1.4450781e-03
   1.4455229e-03
   1.4459554e-03
   1.4463755e-03
   1.4467834e-03
   1.4471788e-03
   1.4475620e-03
   1.4479328e-03
   1.4482913e-03
   1.4486375e-03
   1.4489713e-03
   1.4492928e-03
   1.4496020e-03
   1.4498988e-03
   1.4501833e-03
   1.4504555e-03
   1.4507154e-03
   1.4509629e-03
   1.4511981e-03
   1.4514209e-03
   1.4516314e-03
   1.4518296e-03
   1.4520155e-03
   1.4521891e-03
   1.4523503e-03
   1.4524992e-03
   1.4526358e-03
   1.4527601e-03
   1.4528720e-03
   1.4529717e-03
   1.4530590e-03
   1.4531340e-03
   1.4531967e-03
   1.4532471e-03
   1.4532853e-03
   1.4533111e-03
   1.4533246e-03
   1.4533258e-03
   1.4533147e-03
   1.4532913e-03
   1.4532556e-03
   1.4532077e-03
   1.4531475e-03
   1.4530750e-03
   1.4529902e-03
   1.4528931e-03
   1.4527838e-03
   1.4526623e-03
   1.4525284e-03
   1.4523823e-03
   1.4522240e-03
   1.4520534e-03
   1.4518706e-03
   1.4516755e-03
   1.4514682e-03
   1.4512487e-03
   1.4510169e-03
   1.4507729e-03
   1.4505167e-03
   1.4502483e-03
   1.4499677e-03
   1.4496749e-03
   1.4493699e-03
   1.4490527e-03
   1.4487233e-03
   1.4483818e-03
   1.4480280e-03
   1.4476621e-03
   1.4472841e-03
   1.4468939e-03
   1.4464915e-03
   1.4460770e-03
   1.4456504e-03
   1.4452116e-03
   1.4447607e-03
   1.4442977e-03
   1.4438226e-03
   1.4433353e-03
   1.4428360e-03
   1.4423246e-03
   1.4418011e-03
   1.4412655e-03
   1.4407179e-03
   1.4401582e-03
   1.4395864e-03
   1.4390026e-03
   1.4384068e-03
   1.4377989e-03
   1.4371790e-03
   1.4365471e-03
   1.4359032e-03
   1.4352472e-03
   1.4345793e-03
   1.4338995e-03
   1.4332076e-03
   1.4325038e-03
   1.4317880e-03
   1.4310603e-03
   1.4303206e-03
   1.4295690e-03
   1.4288055e-03
   1.4280300e-03
   1.4272427e-03
   1.4264435e-03
   1.4256324e-03
   1.4248094e-03
   1.4239745e-03
   1.4231278e-03
   1.4222693e-03
   1.4213989e-03
   1.4205167e-03
   1.4196227e-03
   1.4187169e-03
   1.4177992e-03
   1.4168698e-03
   1.4159287e-03
   1.4149757e-03
   1.4140110e-03
   1.4130346e-03
   1.4120465e-03
   1.4110466e-03
   1.4100350e-03
   1.4090117e-03
   1.4079767e-03
   1.4069301e-03
   1.4058718e-03
   1.4048019e-03
   1.4037203e-03
   1.4026270e-03
   1.4015222e-03
   1.4004058e-03
   1.3992777e-03
   1.3981381e-03
   1.3969870e-03
   1.3958242e-03
   1.3946500e-03
   1.3934642e-03
   1.3922668e-03
   1.3910580e-03
   1.3898377e-03
   1.3886059e-03
   1.3873627e-03
   1.3861079e-03
   1.3848418e-03
   1.3835642e-03
   1.3822752e-03
   1.3809748e-03
   1.3796631e-03
   1.3783399e-03
   1.3770054e-03
   1.3756596e-03
   1.3743024e-03
   1.3729339e-03
   1.3715541e-03
   1.3701630e-03
   1.3687607e-03
   1.3673471e-03
   1.3659222e-03
   1.3644861e-03
   1.3630388e-03
   1.3615803e-03
   1.3601106e-03
   1.3586298e-03
   1.3571378e-03
   1.3556346e-03
   1.3541203e-03
   1.3525949e-03
   1.3510585e-03
   1.3495109e-03
   1.3479523e-03
   1.3463826e-03
   1.3448019e-03
   1.3432102e-03
   1.3416075e-03
   1.3399937e-03
   1.3383691e-03
   1.3367335e-03
   1.3350869e-03
   1.3334294e-03
   1.3317610e-03
   1.3300818e-03
   1.3283916e-03
   1.3266906e-03
   1.3249788e-03
   1.3232562e-03
   1.3215227e-03
   1.3197785e-03
   1.3180235e-03
   1.3162577e-03
   1.3144813e-03
   1.3126941e-03
   1.3108962e-03
   1.3090876e-03
   1.3072684e-03
   1.3054385e-03
   1.3035980e-03
   1.3017469e-03
   1.2998852e-03
   1.2980129e-03
   1.2961300e-03
   1.2942367e-03
   1.2923328e-03
   1.2904184e-03
   1.2884935e-03
   1.2865582e-03
   1.2846124e-03
   1.2826562e-03
   1.2806896e-03
   1.2787127e-03
   1.2767253e-03
   1.2747276e-03
   1.2727196e-03
   1.2707012e-03
   1.2686726e-03
   1.2666337e-03
   1.2645845e-03
   1.2625251e-03
   1.2604555e-03
   1.2583758e-03
   1.2562858e-03
   1.2541857e-03
   1.2520754e-03
   1.2499551e-03
   1.2478246e-03
   1.2456841e-03
   1.2435335e-03
   1.2413729e-03
   1.2392023e-03
   1.2370217e-03
   1.2348311e-03
   1.2326306e-03
   1.2304202e-03
   1.2281998e-03
   1.2259696e-03
   1.2237295e-03
   1.2214795e-03
   1.2192198e-03
   1.2169502e-03
   1.2146709e-03
   1.2123818e-03
   1.2100829e-03
   1.2077744e-03
   1.2054561e-03
   1.2031282e-03
   1.2007906e-03
   1.1984435e-03
   1.1960867e-03
   1.1937203e-03
   1.1913444e-03
   1.1889589e-03
   1.1865639e-03
   1.1841594e-03
   1.1817454e-03
   1.1793220e-03
   1.1768892e-03
   1.1744470e-03
   1.1719954e-03
   1.1695344e-03
   1.1670641e-03
   1.1645845e-03
   1.1620956e-03
   1.1595974e-03
   1.1570900e-03
   1.1545734e-03
   1.1520475e-03
   1.1495126e-03
   1.1469684e-03
   1.1444151e-03
   1.1418528e-03
   1.1392813e-03
   1.1367008e-03
   1.1341113e-03
   1.1315128e-03
   1.1289053e-03
   1.1262888e-03
   1.1236634e-03
   1.1210291e-03
   1.1183859e-03
   1.1157338e-03
   1.1130729e-03
   1.1104032e-03
   1.1077247e-03
   1.1050374e-03
   1.1023415e-03
   1.0996367e-03
   1.0969234e-03
   1.0942013e-03
   1.0914706e-03
   1.0887313e-03
   1.0859834e-03
   1.0832270e-03
   1.0804620e-03
   1.0776885e-03
   1.0749065e-03
   1.0721160e-03
   1.0693171e-03
   1.0665098e-03
   1.0636941e-03
   1.0608701e-03
   1.0580377e-03
   1.0551971e-03
   1.0523481e-03
   1.0494909e-03
   1.0466254e-03
   1.0437518e-03
   1.0408700e-03
   1.0379800e-03
   1.0350819e-03
   1.0321757e-03
   1.0292615e-03
   1.0263391e-03
   1.0234088e-03
   1.0204705e-03
   1.0175242e-03
   1.0145700e-03
   1.0116079e-03
   1.0086378e-03
   1.0056600e-03
   1.0026743e-03
   9.9968076e-04
   9.9667948e-04
   9.9367045e-04
   9.9065370e-04
   9.8762925e-04
   9.8459713e-04
   9.8155738e-04
   9.7851001e-04
   9.7545506e-04
   9.7239255e-04
   9.6932251e-04
   9.6624497e-04
   9.6315996e-04
   9.6006750e-04
   9.5696762e-04
   9.5386035e-04
   9.5074572e-04
   9.4762375e-04
   9.4449448e-04
   9.4135793e-04
   9.3821413e-04
   9.3506311e-04
   9.3190489e-04
   9.2873951e-04
   9.2556699e-04
   9.2238737e-04
   9.1920066e-04
   9.1600691e-04
   9.1280613e-04
   9.0959836e-04
   9.0638362e-04
   9.0316195e-04
   8.9993337e-04
   8.9669791e-04
   8.9345560e-04
   8.9020647e-04
   8.8695055e-04
   8.8368787e-04
   8.8041846e-04
   8.7714234e-04
   8.7385955e-04
   8.7057011e-04
   8.6727406e-04
   8.6397142e-04
   8.6066222e-04
   8.5734650e-04
   8.5402427e-04
   8.5069558e-04
   8.4736045e-04
   8.4401892e-04
   8.4067100e-04
   8.3731673e-04
   8.3395615e-04
   8.3058927e-04
   8.2721613e-04
   8.2383677e-04
   8.2045120e-04
   8.1705947e-04
   8.1366160e-04
   8.1025761e-04
   8.0684755e-04
   8.0343144e-04
   8.0000931e-04
   7.9658120e-04
   7.9314712e-04
   7.8970712e-04
   7.8626122e-04
   7.8280945e-04
   7.7935185e-04
   7.7588845e-04
   7.7241927e-04
   7.6894434e-04
   7.6546371e-04
   7.6197739e-04
   7.5848542e-04
   7.5498783e-04
   7.5148465e-04
   7.4797591e-04
   7.4446164e-04
   7.4094188e-04
   7.3741665e-04
   7.3388599e-04
   7.3034992e-04
   7.2680848e-04
   7.2326170e-04
   7.1970961e-04
   7.1615224e-04
   7.1258963e-04
   7.0902180e-04
   7.0544879e-04
   7.0187062e-04
   6.9828733e-04
   6.9469895e-04
   6.9110552e-04
   6.8750705e-04
   6.8390360e-04
   6.8029518e-04
   6.7668182e-04
   6.7306357e-04
   6.6944045e-04
   6.6581249e-04
   6.6217973e-04
   6.5854220e-04
   6.5489992e-04
   6.5125294e-04
   6.4760128e-04
   6.4394498e-04
   6.4028406e-04
   6.3661856e-04
   6.3294852e-04
   6.2927395e-04
   6.2559491e-04
   6.2191141e-04
   6.1822349e-04
   6.1453118e-04
   6.1083452e-04
   6.0713354e-04
   6.0342826e-04
   5.9971873e-04
   5.9600497e-04
   5.9228702e-04
   5.8856490e-04
   5.8483866e-04
   5.8110832e-04
   5.7737392e-04
   5.7363549e-04
   5.6989306e-04
   5.6614666e-04
   5.6239634e-04
   5.5864211e-04
   5.5488401e-04
   5.5112208e-04
   5.4735635e-04
   5.4358685e-04
   5.3981361e-04
   5.3603666e-04
   5.3225605e-04
   5.2847180e-04
   5.2468394e-04
   5.2089252e-04
   5.1709755e-04
   5.1329908e-04
   5.0949713e-04
   5.0569174e-04
   5.0188295e-04
   4.9807078e-04
   4.9425527e-04
   4.9043646e-04
   4.8661436e-04
   4.8278903e-04
   4.7896049e-04
   4.7512877e-04
   4.7129392e-04
   4.6745595e-04
   4.6361491e-04
   4.5977082e-04
   4.5592373e-04
   4.5207366e-04
   4.4822064e-04
   4.4436472e-04
   4.4050592e-04
   4.3664428e-04
   4.3277984e-04
   4.2891261e-04
   4.2504264e-04
   4.2116997e-04
   4.1729462e-04
   4.1341663e-04
   4.0953603e-04
   4.0565285e-04
   4.0176713e-04
   3.9787891e-04
   3.9398821e-04
   3.9009507e-04
   3.8619952e-04
   3.8230160e-04
   3.7840134e-04
   3.7449877e-04
   3.7059393e-04
   3.6668685e-04
   3.6277756e-04
   3.5886611e-04
   3.5495251e-04
   3.5103681e-04
   3.4711904e-04
   3.4319923e-04
   3.3927742e-04
   3.3535364e-04
   3.3142792e-04
   3.2750030e-04
   3.2357081e-04
   3.1963949e-04
   3.1570636e-04
   3.1177147e-04
   3.0783484e-04
   3.0389652e-04
   2.9995652e-04
   2.9601490e-04
   2.9207167e-04
   2.8812689e-04
   2.8418057e-04
   2.8023275e-04
   2.7628347e-04
   2.7233276e-04
   2.6838066e-04
   2.6442719e-04
   2.6047240e-04
   2.5651631e-04
   2.5255896e-04
   2.4860038e-04
   2.4464061e-04
   2.4067968e-04
   2.3671763e-04
   2.3275449e-04
   2.2879029e-04
   2.2482506e-04
   2.2085885e-04
   2.1689168e-04
   2.1292359e-04
   2.0895461e-04
   2.0498477e-04
   2.0101412e-04
   1.9704268e-04
   1.9307049e-04
   1.8909757e-04
   1.8512398e-04
   1.8114973e-04
   1.7717486e-04
   1.7319942e-04
   1.6922342e-04
   1.6524691e-04
   1.6126991e-04
   1.5729247e-04
   1.5331461e-04
   1.4933637e-04
   1.4535779e-04
   1.4137889e-04
   1.3739971e-04
   1.3342029e-04
   1.2944066e-04
   1.2546085e-04
   1.2148090e-04
   1.1750083e-04
   1.1352069e-04
   1.0954051e-04
   1.0556032e-04
   1.0158015e-04
   9.7600047e-05
   9.3620033e-05
   8.9640145e-05
   8.5660417e-05
   8.1680883e-05
   7.7701577e-05
   7.3722531e-05
   6.9743780e-05
   6.5765358e-05
   6.1787298e-05
   5.7809634e-05
   5.3832399e-05
   4.9855628e-05
   4.5879353e-05
   4.1903608e-05
   3.7928427e-05
   3.3953844e-05
   2.9979891e-05
   2.6006604e-05
   2.2034014e-05
   1.8062156e-05
   1.4091063e-05
   1.0120769e-05
   6.1513075e-06
   2.1827111e-06
  -1.7849861e-06
  -5.7517508e-06
  -9.7175496e-06
  -1.3682349e-05
  -1.7646116e-05
  -2.1608816e-05
  -2.5570417e-05
  -2.9530886e-05
  -3.3490188e-05
  -3.7448290e-05
  -4.1405160e-05
  -4.5360764e-05
  -4.9315069e-05
  -5.3268041e-05
  -5.7219647e-05
  -6.1169855e-05
  -6.5118630e-05
  -6.9065941e-05
  -7.3011752e-05
  -7.6956033e-05
  -8.0898749e-05
  -8.4839867e-05
  -8.8779354e-05
  -9.2717178e-05
  -9.6653304e-05
  -1.0058770e-04
  -1.0452034e-04
  -1.0845117e-04
  -1.1238018e-04
  -1.1630733e-04
  -1.2023259e-04
  -1.2415591e-04
  -1.2807728e-04
  -1.3199666e-04
  -1.3591400e-04
  -1.3982929e-04
  -1.4374249e-04
  -1.4765357e-04
  -1.5156249e-04
  -1.5546922e-04
  -1.5937373e-04
  -1.6327598e-04
  -1.6717595e-04
  -1.7107359e-04
  -1.7496889e-04
  -1.7886180e-04
  -1.8275229e-04
  -1.8664034e-04
  -1.9052590e-04
  -1.9440895e-04
  -1.9828945e-04
  -2.0216737e-04
  -2.0604269e-04
  -2.0991535e-04
  -2.1378535e-04
  -2.1765263e-04
  -2.2151718e-04
  -2.2537895e-04
  -2.2923792e-04
  -2.3309405e-04
  -2.3694732e-04
  -2.4079768e-04
  -2.4464511e-04
  -2.4848958e-04
  -2.5233105e-04
  -2.5616949e-04
  -2.6000488e-04
  -2.6383717e-04
  -2.6766633e-04
  -2.7149235e-04
  -2.7531517e-04
  -2.7913478e-04
  -2.8295113e-04
  -2.8676421e-04
  -2.9057397e-04
  -2.9438038e-04
  -2.9818342e-04
  -3.0198305e-04
  -3.0577925e-04
  -3.0957197e-04
  -3.1336119e-04
  -3.1714687e-04
  -3.2092899e-04
  -3.2470751e-04
  -3.2848241e-04
  -3.3225365e-04
  -3.3602120e-04
  -3.3978502e-04
  -3.4354510e-04
  -3.4730139e-04
  -3.5105387e-04
  -3.5480251e-04
  -3.5854727e-04
  -3.6228812e-04
  -3.6602503e-04
  -3.6975798e-04
  -3.7348693e-04
  -3.7721185e-04
  -3.8093271e-04
  -3.8464948e-04
  -3.8836212e-04
  -3.9207062e-04
  -3.9577493e-04
  -3.9947503e-04
  -4.0317089e-04
  -4.0686247e-04
  -4.1054975e-04
  -4.1423270e-04
  -4.1791128e-04
  -4.2158546e-04
  -4.2525523e-04
  -4.2892053e-04
  -4.3258136e-04
  -4.3623766e-04
  -4.3988943e-04
  -4.4353661e-04
  -4.4717920e-04
  -4.5081715e-04
  -4.5445043e-04
  -4.5807902e-04
  -4.6170289e-04
  -4.6532201e-04
  -4.6893634e-04
  -4.7254586e-04
  -4.7615054e-04
  -4.7975034e-04
  -4.8334525e-04
  -4.8693523e-04
  -4.9052024e-04
  -4.9410027e-04
  -4.9767528e-04
  -5.0124525e-04
  -5.0481014e-04
  -5.0836992e-04
  -5.1192457e-04
  -5.1547406e-04
  -5.1901835e-04
  -5.2255742e-04
  -5.2609125e-04
  -5.2961980e-04
  -5.3314303e-04
  -5.3666094e-04
  -5.4017348e-04
  -5.4368063e-04
  -5.4718235e-04
  -5.5067863e-04
  -5.5416943e-04
  -5.5765472e-04
  -5.6113448e-04
  -5.6460867e-04
  -5.6807728e-04
  -5.7154026e-04
  -5.7499760e-04
  -5.7844927e-04
  -5.8189523e-04
  -5.8533546e-04
  -5.8876993e-04
  -5.9219861e-04
  -5.9562148e-04
  -5.9903851e-04
  -6.0244967e-04
  -6.0585493e-04
  -6.0925427e-04
  -6.1264765e-04
  -6.1603506e-04
  -6.1941646e-04
  -6.2279182e-04
  -6.2616112e-04
  -6.2952434e-04
  -6.3288144e-04
  -6.3623240e-04
  -6.3957719e-04
  -6.4291578e-04
  -6.4624815e-04
  -6.4957427e-04
  -6.5289411e-04
  -6.5620765e-04
  -6.5951486e-04
  -6.6281571e-04
  -6.6611018e-04
  -6.6939824e-04
  -6.7267986e-04
  -6.7595502e-04
  -6.7922369e-04
  -6.8248585e-04
  -6.8574147e-04
  -6.8899052e-04
  -6.9223298e-04
  -6.9546881e-04
  -6.9869801e-04
  -7.0192053e-04
  -7.0513636e-04
  -7.0834546e-04
  -7.1154782e-04
  -7.1474340e-04
  -7.1793219e-04
  -7.2111415e-04
  -7.2428926e-04
  -7.2745750e-04
  -7.3061883e-04
  -7.3377325e-04
  -7.3692071e-04
  -7.4006119e-04
  -7.4319468e-04
  -7.4632113e-04
  -7.4944054e-04
  -7.5255288e-04
  -7.5565811e-04
  -7.5875622e-04
  -7.6184718e-04
  -7.6493097e-04
  -7.6800756e-04
  -7.7107692e-04
  -7.7413904e-04
  -7.7719389e-04
  -7.8024145e-04
  -7.8328168e-04
  -7.8631457e-04
  -7.8934009e-04
  -7.9235823e-04
  -7.9536894e-04
  -7.9837222e-04
  -8.0136804e-04
  -8.0435637e-04
  -8.0733718e-04
  -8.1031047e-04
  -8.1327620e-04
  -8.1623435e-04
  -8.1918489e-04
  -8.2212781e-04
  -8.2506308e-04
  -8.2799068e-04
  -8.3091058e-04
  -8.3382276e-04
  -8.3672720e-04
  -8.3962387e-04
  -8.4251276e-04
  -8.4539383e-04
  -8.4826708e-04
  -8.5113247e-04
  -8.5398998e-04
  -8.5683959e-04
  -8.5968128e-04
  -8.6251503e-04
  -8.6534081e-04
  -8.6815860e-04
  -8.7096838e-04
  -8.7377012e-04
  -8.7656382e-04
  -8.7934943e-04
  -8.8212695e-04
  -8.8489635e-04
  -8.8765761e-04
  -8.9041070e-04
  -8.9315561e-04
  -8.9589232e-04
  -8.9862080e-04
  -9.0134103e-04
  -9.0405299e-04
  -9.0675666e-04
  -9.0945202e-04
  -9.1213905e-04
  -9.1481773e-04
  -9.1748803e-04
  -9.2014994e-04
  -9.2280343e-04
  -9.2544849e-04
  -9.2808509e-04
  -9.3071322e-04
  -9.3333285e-04
  -9.3594397e-04
  -9.3854654e-04
  -9.4114057e-04
  -9.4372601e-04
  -9.4630286e-04
  -9.4887109e-04
  -9.5143069e-04
  -9.5398163e-04
  -9.5652389e-04
  -9.5905746e-04
  -9.6158232e-04
  -9.6409844e-04
  -9.6660581e-04
  -9.6910440e-04
  -9.7159421e-04
  -9.7407521e-04
  -9.7654737e-04
  -9.7901069e-04
  -9.8146514e-04
  -9.8391071e-04
  -9.8634737e-04
  -9.8877511e-04
  -9.9119391e-04
  -9.9360375e-04
  -9.9600461e-04
  -9.9839648e-04
  -1.0007793e-03
  -1.0031531e-03
  -1.0055179e-03
  -1.0078736e-03
  -1.0102202e-03
  -1.0125577e-03
  -1.0148861e-03
  -1.0172054e-03
  -1.0195155e-03
  -1.0218164e-03
  -1.0241081e-03
  -1.0263906e-03
  -1.0286639e-03
  -1.0309280e-03
  -1.0331828e-03
  -1.0354283e-03
  -1.0376645e-03
  -1.0398914e-03
  -1.0421090e-03
  -1.0443173e-03
  -1.0465161e-03
  -1.0487056e-03
  -1.0508858e-03
  -1.0530565e-03
  -1.0552177e-03
  -1.0573696e-03
  -1.0595119e-03
  -1.0616449e-03
  -1.0637683e-03
  -1.0658822e-03
  -1.0679866e-03
  -1.0700814e-03
  -1.0721667e-03
  -1.0742425e-03
  -1.0763086e-03
  -1.0783652e-03
  -1.0804121e-03
  -1.0824494e-03
  -1.0844771e-03
  -1.0864951e-03
  -1.0885035e-03
  -1.0905021e-03
  -1.0924911e-03
  -1.0944703e-03
  -1.0964398e-03
  -1.0983996e-03
  -1.1003496e-03
  -1.1022898e-03
  -1.1042203e-03
  -1.1061409e-03
  -1.1080517e-03
  -1.1099527e-03
  -1.1118439e-03
  -1.1137252e-03
  -1.1155966e-03
  -1.1174581e-03
  -1.1193098e-03
  -1.1211515e-03
  -1.1229833e-03
  -1.1248052e-03
  -1.1266171e-03
  -1.1284190e-03
  -1.1302110e-03
  -1.1319930e-03
  -1.1337650e-03
  -1.1355269e-03
  -1.1372789e-03
  -1.1390208e-03
  -1.1407526e-03
  -1.1424744e-03
  -1.1441861e-03
  -1.1458877e-03
  -1.1475793e-03
  -1.1492607e-03
  -1.1509319e-03
  -1.1525931e-03
  -1.1542441e-03
  -1.1558849e-03
  -1.1575156e-03
  -1.1591361e-03
  -1.1607464e-03
  -1.1623464e-03
  -1.1639363e-03
  -1.1655159e-03
  -1.1670853e-03
  -1.1686445e-03
  -1.1701934e-03
  -1.1717320e-03
  -1.1732604e-03
  -1.1747784e-03
  -1.1762862e-03
  -1.1777836e-03
  -1.1792707e-03
  -1.1807475e-03
  -1.1822139e-03
  -1.1836700e-03
  -1.1851157e-03
  -1.1865511e-03
  -1.1879760e-03
  -1.1893906e-03
  -1.1907948e-03
  -1.1921885e-03
  -1.1935719e-03
  -1.1949448e-03
  -1.1963073e-03
  -1.1976593e-03
  -1.1990009e-03
  -1.2003320e-03
  -1.2016526e-03
  -1.2029627e-03
  -1.2042624e-03
  -1.2055516e-03
  -1.2068302e-03
  -1.2080983e-03
  -1.2093559e-03
  -1.2106030e-03
  -1.2118395e-03
  -1.2130655e-03
  -1.2142809e-03
  -1.2154858e-03
  -1.2166801e-03
  -1.2178638e-03
  -1.2190369e-03
  -1.2201994e-03
  -1.2213513e-03
  -1.2224926e-03
  -1.2236233e-03
  -1.2247434e-03
  -1.2258528e-03
  -1.2269516e-03
  -1.2280398e-03
  -1.2291173e-03
  -1.2301841e-03
  -1.2312403e-03
  -1.2322858e-03
  -1.2333207e-03
  -1.2343448e-03
  -1.2353583e-03
  -1.2363610e-03
  -1.2373531e-03
  -1.2383344e-03
  -1.2393051e-03
  -1.2402650e-03
  -1.2412142e-03
  -1.2421527e-03
  -1.2430804e-03
  -1.2439974e-03
  -1.2449036e-03
  -1.2457991e-03
  -1.2466838e-03
  -1.2475578e-03
  -1.2484210e-03
  -1.2492735e-03
  -1.2501151e-03
  -1.2509460e-03
  -1.2517661e-03
  -1.2525754e-03
  -1.2533739e-03
  -1.2541617e-03
  -1.2549386e-03
  -1.2557047e-03
  -1.2564600e-03
  -1.2572045e-03
  -1.2579381e-03
  -1.2586610e-03
  -1.2593730e-03
  -1.2600742e-03
  -1.2607646e-03
  -1.2614441e-03
  -1.2621128e-03
  -1.2627707e-03
  -1.2634177e-03
  -1.2640539e-03
  -1.2646792e-03
  -1.2652936e-03
  -1.2658972e-03
  -1.2664900e-03
  -1.2670719e-03
  -1.2676429e-03
  -1.2682031e-03
  -1.2687524e-03
  -1.2692908e-03
  -1.2698184e-03
  -1.2703351e-03
  -1.2708409e-03
  -1.2713358e-03
  -1.2718199e-03
  -1.2722931e-03
  -1.2727554e-03
  -1.2732068e-03
  -1.2736473e-03
  -1.2740770e-03
  -1.2744957e-03
  -1.2749036e-03
  -1.2753006e-03
  -1.2756867e-03
  -1.2760619e-03
  -1.2764262e-03
  -1.2767797e-03
  -1.2771222e-03
  -1.2774539e-03
  -1.2777746e-03
  -1.2780845e-03
  -1.2783835e-03
  -1.2786716e-03
  -1.2789488e-03
  -1.2792151e-03
  -1.2794705e-03
  -1.2797151e-03
  -1.2799487e-03
  -1.2801715e-03
  -1.2803833e-03
  -1.2805843e-03
  -1.2807744e-03
  -1.2809536e-03
  -1.2811219e-03
  -1.2812794e-03
  -1.2814259e-03
  -1.2815616e-03
  -1.2816864e-03
  -1.2818003e-03
  -1.2819034e-03
  -1.2819955e-03
  -1.2820768e-03
  -1.2821473e-03
  -1.2822068e-03
  -1.2822555e-03
  -1.2822933e-03
  -1.2823203e-03
  -1.2823364e-03
  -1.2823417e-03
  -1.2823361e-03
  -1.2823196e-03
  -1.2822923e-03
  -1.2822541e-03
  -1.2822051e-03
  -1.2821453e-03
  -1.2820746e-03
  -1.2819931e-03
  -1.2819008e-03
  -1.2817976e-03
  -1.2816836e-03
  -1.2815588e-03
  -1.2814231e-03
  -1.2812767e-03
  -1.2811194e-03
  -1.2809514e-03
  -1.2807725e-03
  -1.2805828e-03
  -1.2803824e-03
  -1.2801711e-03
  -1.2799491e-03
  -1.2797163e-03
  -1.2794727e-03
  -1.2792183e-03
  -1.2789532e-03
  -1.2786773e-03
  -1.2783907e-03
  -1.2780933e-03
  -1.2777851e-03
  -1.2774662e-03
  -1.2771366e-03
  -1.2767962e-03
  -1.2764451e-03
  -1.2760833e-03
  -1.2757108e-03
  -1.2753276e-03
  -1.2749336e-03
  -1.2745290e-03
  -1.2741137e-03
  -1.2736877e-03
  -1.2732510e-03
  -1.2728036e-03
  -1.2723456e-03
  -1.2718769e-03
  -1.2713976e-03
  -1.2709076e-03
  -1.2704069e-03
  -1.2698957e-03
  -1.2693738e-03
  -1.2688412e-03
  -1.2682981e-03
  -1.2677444e-03
  -1.2671800e-03
  -1.2666051e-03
  -1.2660196e-03
  -1.2654235e-03
  -1.2648168e-03
  -1.2641996e-03
  -1.2635718e-03
  -1.2629335e-03
  -1.2622847e-03
  -1.2616253e-03
  -1.2609554e-03
  -1.2602749e-03
  -1.2595840e-03
  -1.2588826e-03
  -1.2581706e-03
  -1.2574482e-03
  -1.2567153e-03
  -1.2559720e-03
  -1.2552182e-03
  -1.2544540e-03
  -1.2536793e-03
  -1.2528942e-03
  -1.2520987e-03
  -1.2512927e-03
  -1.2504764e-03
  -1.2496497e-03
  -1.2488126e-03
  -1.2479651e-03
  -1.2471072e-03
  -1.2462390e-03
  -1.2453605e-03
  -1.2444716e-03
  -1.2435724e-03
  -1.2426629e-03
  -1.2417431e-03
  -1.2408130e-03
  -1.2398726e-03
  -1.2389219e-03
  -1.2379610e-03
  -1.2369899e-03
  -1.2360084e-03
  -1.2350168e-03
  -1.2340149e-03
  -1.2330029e-03
  -1.2319806e-03
  -1.2309481e-03
  -1.2299055e-03
  -1.2288527e-03
  -1.2277898e-03
  -1.2267167e-03
  -1.2256335e-03
  -1.2245401e-03
  -1.2234367e-03
  -1.2223231e-03
  -1.2211995e-03
  -1.2200658e-03
  -1.2189221e-03
  -1.2177683e-03
  -1.2166044e-03
  -1.2154306e-03
  -1.2142467e-03
  -1.2130528e-03
  -1.2118490e-03
  -1.2106352e-03
  -1.2094114e-03
  -1.2081777e-03
  -1.2069340e-03
  -1.2056804e-03
  -1.2044169e-03
  -1.2031435e-03
  -1.2018602e-03
  -1.2005671e-03
  -1.1992641e-03
  -1.1979512e-03
  -1.1966285e-03
  -1.1952960e-03
  -1.1939537e-03
  -1.1926016e-03
  -1.1912398e-03
  -1.1898681e-03
  -1.1884868e-03
  -1.1870957e-03
  -1.1856948e-03
  -1.1842843e-03
  -1.1828641e-03
  -1.1814342e-03
  -1.1799946e-03
  -1.1785454e-03
  -1.1770865e-03
  -1.1756181e-03
  -1.1741400e-03
  -1.1726523e-03
  -1.1711551e-03
  -1.1696483e-03
  -1.1681320e-03
  -1.1666061e-03
  -1.1650707e-03
  -1.1635258e-03
  -1.1619714e-03
  -1.1604076e-03
  -1.1588343e-03
  -1.1572516e-03
  -1.1556594e-03
  -1.1540579e-03
  -1.1524469e-03
  -1.1508266e-03
  -1.1491969e-03
  -1.1475579e-03
  -1.1459095e-03
  -1.1442518e-03
  -1.1425849e-03
  -1.1409086e-03
  -1.1392231e-03
  -1.1375284e-03
  -1.1358244e-03
  -1.1341112e-03
  -1.1323888e-03
  -1.1306572e-03
  -1.1289165e-03
  -1.1271666e-03
  -1.1254076e-03
  -1.1236395e-03
  -1.1218623e-03
  -1.1200760e-03
  -1.1182806e-03
  -1.1164762e-03
  -1.1146628e-03
  -1.1128404e-03
  -1.1110090e-03
  -1.1091686e-03
  -1.1073192e-03
  -1.1054609e-03
  -1.1035937e-03
  -1.1017176e-03
  -1.0998326e-03
  -1.0979388e-03
  -1.0960361e-03
  -1.0941245e-03
  -1.0922042e-03
  -1.0902750e-03
  -1.0883371e-03
  -1.0863905e-03
  -1.0844350e-03
  -1.0824709e-03
  -1.0804981e-03
  -1.0785166e-03
  -1.0765264e-03
  -1.0745276e-03
  -1.0725201e-03
  -1.0705041e-03
  -1.0684794e-03
  -1.0664462e-03
  -1.0644045e-03
  -1.0623542e-03
  -1.0602954e-03
  -1.0582281e-03
  -1.0561523e-03
  -1.0540681e-03
  -1.0519754e-03
  -1.0498744e-03
  -1.0477649e-03
  -1.0456471e-03
  -1.0435209e-03
  -1.0413864e-03
  -1.0392436e-03
  -1.0370925e-03
  -1.0349331e-03
  -1.0327654e-03
  -1.0305895e-03
  -1.0284054e-03
  -1.0262132e-03
  -1.0240127e-03
  -1.0218041e-03
  -1.0195874e-03
  -1.0173625e-03
  -1.0151296e-03
  -1.0128886e-03
  -1.0106395e-03
  -1.0083824e-03
  -1.0061173e-03
  -1.0038443e-03
  -1.0015632e-03
  -9.9927423e-04
  -9.9697733e-04
  -9.9467253e-04
  -9.9235985e-04
  -9.9003931e-04
  -9.8771093e-04
  -9.8537474e-04
  -9.8303076e-04
  -9.8067901e-04
  -9.7831950e-04
  -9.7595227e-04
  -9.7357733e-04
  -9.7119471e-04
  -9.6880443e-04
  -9.6640650e-04
  -9.6400096e-04
  -9.6158782e-04
  -9.5916711e-04
  -9.5673884e-04
  -9.5430305e-04
  -9.5185975e-04
  -9.4940896e-04
  -9.4695071e-04
  -9.4448502e-04
  -9.4201192e-04
  -9.3953142e-04
  -9.3704354e-04
  -9.3454832e-04
  -9.3204578e-04
  -9.2953592e-04
  -9.2701879e-04
  -9.2449440e-04
  -9.2196278e-04
  -9.1942395e-04
  -9.1687792e-04
  -9.1432473e-04
  -9.1176440e-04
  -9.0919696e-04
  -9.0662241e-04
  -9.0404080e-04
  -9.0145213e-04
  -8.9885644e-04
  -8.9625375e-04
  -8.9364409e-04
  -8.9102746e-04
  -8.8840391e-04
  -8.8577345e-04
  -8.8313611e-04
  -8.8049191e-04
  -8.7784088e-04
  -8.7518304e-04
  -8.7251841e-04
  -8.6984701e-04
  -8.6716888e-04
  -8.6448403e-04
  -8.6179250e-04
  -8.5909430e-04
  -8.5638945e-04
  -8.5367799e-04
  -8.5095994e-04
  -8.4823532e-04
  -8.4550416e-04
  -8.4276648e-04
  -8.4002230e-04
  -8.3727165e-04
  -8.3451456e-04
  -8.3175105e-04
  -8.2898115e-04
  -8.2620487e-04
  -8.2342225e-04
  -8.2063331e-04
  -8.1783808e-04
  -8.1503657e-04
  -8.1222882e-04
  -8.0941485e-04
  -8.0659469e-04
  -8.0376836e-04
  -8.0093588e-04
  -7.9809728e-04
  -7.9525260e-04
  -7.9240184e-04
  -7.8954504e-04
  -7.8668223e-04
  -7.8381342e-04
  -7.8093865e-04
  -7.7805794e-04
  -7.7517132e-04
  -7.7227880e-04
  -7.6938043e-04
  -7.6647622e-04
  -7.6356620e-04
  -7.6065039e-04
  -7.5772882e-04
  -7.5480153e-04
  -7.5186852e-04
  -7.4892984e-04
  -7.4598550e-04
  -7.4303553e-04
  -7.4007996e-04
  -7.3711882e-04
  -7.3415213e-04
  -7.3117991e-04
  -7.2820220e-04
  -7.2521902e-04
  -7.2223039e-04
  -7.1923635e-04
  -7.1623692e-04
  -7.1323212e-04
  -7.1022198e-04
  -7.0720654e-04
  -7.0418581e-04
  -7.0115983e-04
  -6.9812861e-04
  -6.9509219e-04
  -6.9205060e-04
  -6.8900385e-04
  -6.8595198e-04
  -6.8289502e-04
  -6.7983299e-04
  -6.7676591e-04
  -6.7369383e-04
  -6.7061675e-04
  -6.6753471e-04
  -6.6444775e-04
  -6.6135587e-04
  -6.5825912e-04
  -6.5515751e-04
  -6.5205109e-04
  -6.4893986e-04
  -6.4582387e-04
  -6.4270313e-04
  -6.3957768e-04
  -6.3644755e-04
  -6.3331275e-04
  -6.3017333e-04
  -6.2702930e-04
  -6.2388069e-04
  -6.2072753e-04
  -6.1756986e-04
  -6.1440769e-04
  -6.1124105e-04
  -6.0806998e-04
  -6.0489450e-04
  -6.0171463e-04
  -5.9853041e-04
  -5.9534187e-04
  -5.9214903e-04
  -5.8895192e-04
  -5.8575056e-04
  -5.8254499e-04
  -5.7933524e-04
  -5.7612132e-04
  -5.7290328e-04
  -5.6968114e-04
  -5.6645492e-04
  -5.6322466e-04
  -5.5999038e-04
  -5.5675211e-04
  -5.5350988e-04
  -5.5026372e-04
  -5.4701365e-04
  -5.4375971e-04
  -5.4050192e-04
  -5.3724032e-04
  -5.3397492e-04
  -5.3070576e-04
  -5.2743287e-04
  -5.2415628e-04
  -5.2087601e-04
  -5.1759209e-04
  -5.1430455e-04
  -5.1101342e-04
  -5.0771873e-04
  -5.0442051e-04
  -5.0111878e-04
  -4.9781358e-04
  -4.9450493e-04
  -4.9119286e-04
  -4.8787740e-04
  -4.8455859e-04
  -4.8123644e-04
  -4.7791099e-04
  -4.7458226e-04
  -4.7125029e-04
  -4.6791511e-04
  -4.6457673e-04
  -4.6123520e-04
  -4.5789054e-04
  -4.5454278e-04
  -4.5119195e-04
  -4.4783807e-04
  -4.4448119e-04
  -4.4112131e-04
  -4.3775849e-04
  -4.3439274e-04
  -4.3102409e-04
  -4.2765257e-04
  -4.2427822e-04
  -4.2090105e-04
  -4.1752111e-04
  -4.1413841e-04
  -4.1075300e-04
  -4.0736489e-04
  -4.0397412e-04
  -4.0058071e-04
  -3.9718470e-04
  -3.9378612e-04
  -3.9038499e-04
  -3.8698134e-04
  -3.8357521e-04
  -3.8016661e-04
  -3.7675559e-04
  -3.7334217e-04
  -3.6992638e-04
  -3.6650825e-04
  -3.6308781e-04
  -3.5966509e-04
  -3.5624012e-04
  -3.5281292e-04
  -3.4938354e-04
  -3.4595198e-04
  -3.4251830e-04
  -3.3908251e-04
  -3.3564464e-04
  -3.3220473e-04
  -3.2876281e-04
  -3.2531890e-04
  -3.2187303e-04
  -3.1842523e-04
  -3.1497554e-04
  -3.1152398e-04
  -3.0807058e-04
  -3.0461537e-04
  -3.0115839e-04
  -2.9769965e-04
  -2.9423920e-04
  -2.9077705e-04
  -2.8731325e-04
  -2.8384781e-04
  -2.8038077e-04
  -2.7691217e-04
  -2.7344202e-04
  -2.6997036e-04
  -2.6649721e-04
  -2.6302261e-04
  -2.5954660e-04
  -2.5606918e-04
  -2.5259041e-04
  -2.4911030e-04
  -2.4562888e-04
  -2.4214620e-04
  -2.3866226e-04
  -2.3517712e-04
  -2.3169079e-04
  -2.2820330e-04
  -2.2471469e-04
  -2.2122498e-04
  -2.1773421e-04
  -2.1424240e-04
  -2.1074958e-04
  -2.0725579e-04
  -2.0376105e-04
  -2.0026539e-04
  -1.9676885e-04
  -1.9327144e-04
  -1.8977321e-04
  -1.8627419e-04
  -1.8277439e-04
  -1.7927386e-04
  -1.7577261e-04
  -1.7227069e-04
  -1.6876812e-04
  -1.6526493e-04
  -1.6176115e-04
  -1.5825681e-04
  -1.5475194e-04
  -1.5124657e-04
  -1.4774073e-04
  -1.4423445e-04
  -1.4072775e-04
  -1.3722068e-04
  -1.3371325e-04
  -1.3020551e-04
  -1.2669747e-04
  -1.2318916e-04
  -1.1968063e-04
  -1.1617189e-04
  -1.1266298e-04
  -1.0915393e-04
  -1.0564476e-04
  -1.0213550e-04
  -9.8626197e-05
  -9.5116866e-05
  -9.1607539e-05
  -8.8098247e-05
  -8.4589019e-05
  -8.1079886e-05
  -7.7570876e-05
  -7.4062019e-05
  -7.0553345e-05
  -6.7044884e-05
  -6.3536665e-05
  -6.0028717e-05
  -5.6521071e-05
  -5.3013757e-05
  -4.9506802e-05
  -4.6000238e-05
  -4.2494093e-05
  -3.8988398e-05
  -3.5483182e-05
  -3.1978474e-05
  -2.8474304e-05
  -2.4970701e-05
  -2.1467695e-05
  -1.7965316e-05
  -1.4463592e-05
  -1.0962554e-05
  -7.4622303e-06
  -3.9626511e-06
  -4.6384547e-07
   3.0341570e-06
   6.5313271e-06
   1.0027635e-05
   1.3523052e-05
   1.7017549e-05
   2.0511095e-05
   2.4003662e-05
   2.7495221e-05
   3.0985741e-05
   3.4475195e-05
   3.7963552e-05
   4.1450783e-05
   4.4936860e-05
   4.8421752e-05
   5.1905431e-05
   5.5387867e-05
   5.8869032e-05
   6.2348895e-05
   6.5827429e-05
   6.9304604e-05
   7.2780390e-05
   7.6254759e-05
   7.9727682e-05
   8.3199129e-05
   8.6669071e-05
   9.0137481e-05
   9.3604327e-05
   9.7069583e-05
   1.0053322e-04
   1.0399520e-04
   1.0745551e-04
   1.1091411e-04
   1.1437098e-04
   1.1782608e-04
   1.2127938e-04
   1.2473087e-04
   1.2818050e-04
   1.3162825e-04
   1.3507409e-04
   1.3851800e-04
   1.4195994e-04
   1.4539989e-04
   1.4883781e-04
   1.5227368e-04
   1.5570747e-04
   1.5913915e-04
   1.6256869e-04
   1.6599607e-04
   1.6942125e-04
   1.7284420e-04
   1.7626491e-04
   1.7968334e-04
   1.8309945e-04
   1.8651323e-04
   1.8992465e-04
   1.9333367e-04
   1.9674027e-04
   2.0014442e-04
   2.0354609e-04
   2.0694526e-04
   2.1034189e-04
   2.1373596e-04
   2.1712743e-04
   2.2051629e-04
   2.2390250e-04
   2.2728603e-04
   2.3066686e-04
   2.3404496e-04
   2.3742030e-04
   2.4079286e-04
   2.4416260e-04
   2.4752949e-04
   2.5089352e-04
   2.5425464e-04
   2.5761284e-04
   2.6096809e-04
   2.6432035e-04
   2.6766961e-04
   2.7101582e-04
   2.7435898e-04
   2.7769904e-04
   2.8103598e-04
   2.8436977e-04
   2.8770039e-04
   2.9102780e-04
   2.9435199e-04
   2.9767292e-04
   3.0099056e-04
   3.0430489e-04
   3.0761589e-04
   3.1092351e-04
   3.1422775e-04
   3.1752856e-04
   3.2082592e-04
   3.2411981e-04
   3.2741020e-04
   3.3069706e-04
   3.3398036e-04
   3.3726008e-04
   3.4053618e-04
   3.4380866e-04
   3.4707746e-04
   3.5034258e-04
   3.5360398e-04
   3.5686163e-04
   3.6011552e-04
   3.6336560e-04
   3.6661187e-04
   3.6985428e-04
   3.7309281e-04
   3.7632744e-04
   3.7955814e-04
   3.8278488e-04
   3.8600764e-04
   3.8922639e-04
   3.9244111e-04
   3.9565176e-04
   3.9885832e-04
   4.0206077e-04
   4.0525908e-04
   4.0845322e-04
   4.1164317e-04
   4.1482889e-04
   4.1801038e-04
   4.2118759e-04
   4.2436051e-04
   4.2752910e-04
   4.3069334e-04
   4.3385321e-04
   4.3700868e-04
   4.4015972e-04
   4.4330632e-04
   4.4644843e-04
   4.4958604e-04
   4.5271913e-04
   4.5584766e-04
   4.5897161e-04
   4.6209095e-04
   4.6520567e-04
   4.6831573e-04
   4.7142111e-04
   4.7452178e-04
   4.7761773e-04
   4.8070892e-04
   4.8379532e-04
   4.8687692e-04
   4.8995369e-04
   4.9302561e-04
   4.9609264e-04
   4.9915477e-04
   5.0221196e-04
   5.0526420e-04
   5.0831146e-04
   5.1135372e-04
   5.1439095e-04
   5.1742312e-04
   5.2045021e-04
   5.2347220e-04
   5.2648907e-04
   5.2950078e-04
   5.3250732e-04
   5.3550865e-04
   5.3850477e-04
   5.4149563e-04
   5.4448122e-04
   5.4746151e-04
   5.5043649e-04
   5.5340612e-04
   5.5637038e-04
   5.5932924e-04
   5.6228269e-04
   5.6523070e-04
   5.6817325e-04
   5.7111031e-04
   5.7404186e-04
   5.7696787e-04
   5.7988833e-04
   5.8280320e-04
   5.8571247e-04
   5.8861611e-04
   5.9151410e-04
   5.9440641e-04
   5.9729303e-04
   6.0017392e-04
   6.0304907e-04
   6.0591845e-04
   6.0878204e-04
   6.1163982e-04
   6.1449176e-04
   6.1733785e-04
   6.2017805e-04
   6.2301235e-04
   6.2584072e-04
   6.2866314e-04
   6.3147959e-04
   6.3429004e-04
   6.3709448e-04
   6.3989287e-04
   6.4268521e-04
   6.4547146e-04
   6.4825160e-04
   6.5102562e-04
   6.5379349e-04
   6.5655518e-04
   6.5931068e-04
   6.6205996e-04
   6.6480301e-04
   6.6753979e-04
   6.7027029e-04
   6.7299449e-04
   6.7571237e-04
   6.7842390e-04
   6.8112905e-04
   6.8382782e-04
   6.8652018e-04
   6.8920611e-04
   6.9188558e-04
   6.9455858e-04
   6.9722508e-04
   6.9988507e-04
   7.0253851e-04
   7.0518540e-04
   7.0782571e-04
   7.1045941e-04
   7.1308650e-04
   7.1570694e-04
   7.1832072e-04
   7.2092782e-04
   7.2352821e-04
   7.2612187e-04
   7.2870880e-04
   7.3128895e-04
   7.3386232e-04
   7.3642889e-04
   7.3898862e-04
   7.4154152e-04
   7.4408754e-04
   7.4662668e-04
   7.4915891e-04
   7.5168422e-04
   7.5420258e-04
   7.5671397e-04
   7.5921838e-04
   7.6171579e-04
   7.6420617e-04
   7.6668950e-04
   7.6916577e-04
   7.7163496e-04
   7.7409705e-04
   7.7655202e-04
   7.7899984e-04
   7.8144051e-04
   7.8387399e-04
   7.8630028e-04
   7.8871936e-04
   7.9113119e-04
   7.9353578e-04
   7.9593309e-04
   7.9832311e-04
   8.0070582e-04
   8.0308120e-04
   8.0544923e-04
   8.0780990e-04
   8.1016318e-04
   8.1250907e-04
   8.1484753e-04
   8.1717855e-04
   8.1950212e-04
   8.2181822e-04
   8.2412682e-04
   8.2642791e-04
   8.2872148e-04
   8.3100749e-04
   8.3328595e-04
   8.3555683e-04
   8.3782010e-04
   8.4007576e-04
   8.4232379e-04
   8.4456417e-04
   8.4679688e-04
   8.4902191e-04
   8.5123923e-04
   8.5344884e-04
   8.5565071e-04
   8.5784483e-04
   8.6003118e-04
   8.6220974e-04
   8.6438050e-04
   8.6654344e-04
   8.6869854e-04
   8.7084579e-04
   8.7298518e-04
   8.7511668e-04
   8.7724027e-04
   8.7935595e-04
   8.8146370e-04
   8.8356349e-04
   8.8565532e-04
   8.8773917e-04
   8.8981503e-04
   8.9188286e-04
   8.9394267e-04
   8.9599444e-04
   8.9803815e-04
   9.0007378e-04
   9.0210132e-04
   9.0412075e-04
   9.0613206e-04
   9.0813524e-04
   9.1013026e-04
   9.1211712e-04
   9.1409580e-04
   9.1606628e-04
   9.1802854e-04
   9.1998259e-04
   9.2192839e-04
   9.2386593e-04
   9.2579521e-04
   9.2771620e-04
   9.2962889e-04
   9.3153327e-04
   9.3342933e-04
   9.3531704e-04
   9.3719640e-04
   9.3906738e-04
   9.4092999e-04
   9.4278419e-04
   9.4462999e-04
   9.4646736e-04
   9.4829629e-04
   9.5011677e-04
   9.5192879e-04
   9.5373232e-04
   9.5552737e-04
   9.5731391e-04
   9.5909193e-04
   9.6086142e-04
   9.6262236e-04
   9.6437475e-04
   9.6611856e-04
   9.6785379e-04
   9.6958043e-04
   9.7129846e-04
   9.7300786e-04
   9.7470864e-04
   9.7640076e-04
   9.7808423e-04
   9.7975903e-04
   9.8142514e-04
   9.8308256e-04
   9.8473127e-04
   9.8637126e-04
   9.8800252e-04
   9.8962504e-04
   9.9123880e-04
   9.9284380e-04
   9.9444002e-04
   9.9602745e-04
   9.9760608e-04
   9.9917589e-04
   1.0007369e-03
   1.0022890e-03
   1.0038324e-03
   1.0053668e-03
   1.0068924e-03
   1.0084091e-03
   1.0099169e-03
   1.0114158e-03
   1.0129059e-03
   1.0143869e-03
   1.0158591e-03
   1.0173223e-03
   1.0187766e-03
   1.0202219e-03
   1.0216582e-03
   1.0230855e-03
   1.0245039e-03
   1.0259132e-03
   1.0273135e-03
   1.0287048e-03
   1.0300871e-03
   1.0314604e-03
   1.0328245e-03
   1.0341797e-03
   1.0355257e-03
   1.0368627e-03
   1.0381905e-03
   1.0395093e-03
   1.0408190e-03
   1.0421196e-03
   1.0434110e-03
   1.0446933e-03
   1.0459664e-03
   1.0472304e-03
   1.0484853e-03
   1.0497309e-03
   1.0509674e-03
   1.0521947e-03
   1.0534129e-03
   1.0546218e-03
   1.0558215e-03
   1.0570120e-03
   1.0581932e-03
   1.0593652e-03
   1.0605280e-03
   1.0616816e-03
   1.0628258e-03
   1.0639608e-03
   1.0650866e-03
   1.0662030e-03
   1.0673102e-03
   1.0684081e-03
   1.0694966e-03
   1.0705759e-03
   1.0716459e-03
   1.0727065e-03
   1.0737578e-03
   1.0747997e-03
   1.0758324e-03
   1.0768556e-03
   1.0778695e-03
   1.0788741e-03
   1.0798693e-03
   1.0808551e-03
   1.0818315e-03
   1.0827985e-03
   1.0837562e-03
   1.0847044e-03
   1.0856433e-03
   1.0865727e-03
   1.0874927e-03
   1.0884033e-03
   1.0893044e-03
   1.0901962e-03
   1.0910785e-03
   1.0919513e-03
   1.0928147e-03
   1.0936686e-03
   1.0945131e-03
   1.0953481e-03
   1.0961737e-03
   1.0969897e-03
   1.0977963e-03
   1.0985935e-03
   1.0993811e-03
   1.1001592e-03
   1.1009278e-03
   1.1016870e-03
   1.1024366e-03
   1.1031767e-03
   1.1039073e-03
   1.1046284e-03
   1.1053400e-03
   1.1060420e-03
   1.1067345e-03
   1.1074175e-03
   1.1080909e-03
   1.1087548e-03
   1.1094092e-03
   1.1100540e-03
   1.1106892e-03
   1.1113149e-03
   1.1119311e-03
   1.1125377e-03
   1.1131347e-03
   1.1137222e-03
   1.1143000e-03
   1.1148684e-03
   1.1154271e-03
   1.1159763e-03
   1.1165159e-03
   1.1170459e-03
   1.1175663e-03
   1.1180772e-03
   1.1185784e-03
   1.1190701e-03
   1.1195522e-03
   1.1200247e-03
   1.1204876e-03
   1.1209409e-03
   1.1213846e-03
   1.1218186e-03
   1.1222431e-03
   1.1226580e-03
   1.1230633e-03
   1.1234590e-03
   1.1238451e-03
   1.1242216e-03
   1.1245884e-03
   1.1249457e-03
   1.1252933e-03
   1.1256313e-03
   1.1259598e-03
   1.1262786e-03
   1.1265878e-03
   1.1268874e-03
   1.1271773e-03
   1.1274577e-03
   1.1277284e-03
   1.1279896e-03
   1.1282411e-03
   1.1284830e-03
   1.1287153e-03
   1.1289380e-03
   1.1291510e-03
   1.1293545e-03
   1.1295483e-03
   1.1297326e-03
   1.1299072e-03
   1.1300722e-03
   1.1302276e-03
   1.1303734e-03
   1.1305096e-03
   1.1306361e-03
   1.1307531e-03
   1.1308605e-03
   1.1309583e-03
   1.1310464e-03
   1.1311250e-03
   1.1311940e-03
   1.1312534e-03
   1.1313031e-03
   1.1313433e-03
   1.1313739e-03
   1.1313949e-03
   1.1314064e-03
   1.1314082e-03
   1.1314004e-03
   1.1313831e-03
   1.1313562e-03
   1.1313197e-03
   1.1312737e-03
   1.1312181e-03
   1.1311529e-03
   1.1310781e-03
   1.1309938e-03
   1.1308999e-03
   1.1307965e-03
   1.1306835e-03
   1.1305610e-03
   1.1304289e-03
   1.1302873e-03
   1.1301361e-03
   1.1299754e-03
   1.1298052e-03
   1.1296255e-03
   1.1294362e-03
   1.1292374e-03
   1.1290291e-03
   1.1288112e-03
   1.1285839e-03
   1.1283470e-03
   1.1281007e-03
   1.1278448e-03
   1.1275795e-03
   1.1273046e-03
   1.1270203e-03
   1.1267265e-03
   1.1264233e-03
   1.1261105e-03
   1.1257883e-03
   1.1254567e-03
   1.1251156e-03
   1.1247650e-03
   1.1244050e-03
   1.1240356e-03
   1.1236567e-03
   1.1232684e-03
   1.1228706e-03
   1.1224635e-03
   1.1220469e-03
   1.1216210e-03
   1.1211856e-03
   1.1207408e-03
   1.1202867e-03
   1.1198231e-03
   1.1193502e-03
   1.1188680e-03
   1.1183763e-03
   1.1178753e-03
   1.1173650e-03
   1.1168453e-03
   1.1163162e-03
   1.1157779e-03
   1.1152302e-03
   1.1146732e-03
   1.1141069e-03
   1.1135312e-03
   1.1129463e-03
   1.1123521e-03
   1.1117486e-03
   1.1111358e-03
   1.1105138e-03
   1.1098825e-03
   1.1092420e-03
   1.1085922e-03
   1.1079331e-03
   1.1072649e-03
   1.1065874e-03
   1.1059007e-03
   1.1052048e-03
   1.1044997e-03
   1.1037854e-03
   1.1030619e-03
   1.1023293e-03
   1.1015875e-03
   1.1008365e-03
   1.1000764e-03
   1.0993071e-03
   1.0985287e-03
   1.0977412e-03
   1.0969446e-03
   1.0961389e-03
   1.0953240e-03
   1.0945001e-03
   1.0936671e-03
   1.0928251e-03
   1.0919739e-03
   1.0911138e-03
   1.0902446e-03
   1.0893663e-03
   1.0884790e-03
   1.0875828e-03
   1.0866775e-03
   1.0857632e-03
   1.0848400e-03
   1.0839077e-03
   1.0829665e-03
   1.0820164e-03
   1.0810573e-03
   1.0800893e-03
   1.0791124e-03
   1.0781265e-03
   1.0771318e-03
   1.0761281e-03
   1.0751156e-03
   1.0740942e-03
   1.0730639e-03
   1.0720248e-03
   1.0709769e-03
   1.0699201e-03
   1.0688546e-03
   1.0677802e-03
   1.0666970e-03
   1.0656050e-03
   1.0645043e-03
   1.0633948e-03
   1.0622766e-03
   1.0611496e-03
   1.0600139e-03
   1.0588695e-03
   1.0577164e-03
   1.0565546e-03
   1.0553841e-03
   1.0542050e-03
   1.0530172e-03
   1.0518208e-03
   1.0506157e-03
   1.0494020e-03
   1.0481797e-03
   1.0469488e-03
   1.0457094e-03
   1.0444613e-03
   1.0432048e-03
   1.0419396e-03
   1.0406660e-03
   1.0393838e-03
   1.0380931e-03
   1.0367940e-03
   1.0354863e-03
   1.0341702e-03
   1.0328456e-03
   1.0315126e-03
   1.0301712e-03
   1.0288214e-03
   1.0274631e-03
   1.0260965e-03
   1.0247215e-03
   1.0233382e-03
   1.0219465e-03
   1.0205464e-03
   1.0191381e-03
   1.0177215e-03
   1.0162965e-03
   1.0148633e-03
   1.0134218e-03
   1.0119721e-03
   1.0105142e-03
   1.0090480e-03
   1.0075736e-03
   1.0060911e-03
   1.0046003e-03
   1.0031014e-03
   1.0015944e-03
   1.0000792e-03
   9.9855592e-04
   9.9702453e-04
   9.9548505e-04
   9.9393750e-04
   9.9238189e-04
   9.9081824e-04
   9.8924656e-04
   9.8766688e-04
   9.8607919e-04
   9.8448353e-04
   9.8287990e-04
   9.8126831e-04
   9.7964880e-04
   9.7802136e-04
   9.7638603e-04
   9.7474280e-04
   9.7309170e-04
   9.7143275e-04
   9.6976596e-04
   9.6809134e-04
   9.6640892e-04
   9.6471870e-04
   9.6302070e-04
   9.6131495e-04
   9.5960145e-04
   9.5788023e-04
   9.5615130e-04
   9.5441467e-04
   9.5267036e-04
   9.5091839e-04
   9.4915878e-04
   9.4739154e-04
   9.4561669e-04
   9.4383424e-04
   9.4204422e-04
   9.4024664e-04
   9.3844151e-04
   9.3662886e-04
   9.3480869e-04
   9.3298104e-04
   9.3114591e-04
   9.2930332e-04
   9.2745329e-04
   9.2559584e-04
   9.2373099e-04
   9.2185874e-04
   9.1997913e-04
   9.1809217e-04
   9.1619786e-04
   9.1429625e-04
   9.1238733e-04
   9.1047113e-04
   9.0854767e-04
   9.0661696e-04
   9.0467903e-04
   9.0273388e-04
   9.0078155e-04
   8.9882204e-04
   8.9685538e-04
   8.9488158e-04
   8.9290066e-04
   8.9091264e-04
   8.8891755e-04
   8.8691539e-04
   8.8490618e-04
   8.8288995e-04
   8.8086672e-04
   8.7883650e-04
   8.7679931e-04
   8.7475516e-04
   8.7270409e-04
   8.7064611e-04
   8.6858123e-04
   8.6650948e-04
   8.6443088e-04
   8.6234544e-04
   8.6025318e-04
   8.5815413e-04
   8.5604830e-04
   8.5393571e-04
   8.5181638e-04
   8.4969033e-04
   8.4755759e-04
   8.4541816e-04
   8.4327208e-04
   8.4111935e-04
   8.3896001e-04
   8.3679406e-04
   8.3462153e-04
   8.3244245e-04
   8.3025682e-04
   8.2806467e-04
   8.2586602e-04
   8.2366088e-04
   8.2144929e-04
   8.1923126e-04
   8.1700681e-04
   8.1477596e-04
   8.1253873e-04
   8.1029514e-04
   8.0804521e-04
   8.0578897e-04
   8.0352643e-04
   8.0125761e-04
   7.9898254e-04
   7.9670123e-04
   7.9441371e-04
   7.9211999e-04
   7.8982010e-04
   7.8751406e-04
   7.8520189e-04
   7.8288361e-04
   7.8055925e-04
   7.7822881e-04
   7.7589233e-04
   7.7354982e-04
   7.7120131e-04
   7.6884682e-04
   7.6648637e-04
   7.6411997e-04
   7.6174766e-04
   7.5936946e-04
   7.5698537e-04
   7.5459544e-04
   7.5219967e-04
   7.4979809e-04
   7.4739072e-04
   7.4497759e-04
   7.4255871e-04
   7.4013410e-04
   7.3770380e-04
   7.3526781e-04
   7.3282617e-04
   7.3037889e-04
   7.2792600e-04
   7.2546752e-04
   7.2300347e-04
   7.2053387e-04
   7.1805875e-04
   7.1557812e-04
   7.1309202e-04
   7.1060045e-04
   7.0810346e-04
   7.0560104e-04
   7.0309324e-04
   7.0058007e-04
   6.9806155e-04
   6.9553771e-04
   6.9300857e-04
   6.9047415e-04
   6.8793448e-04
   6.8538957e-04
   6.8283946e-04
   6.8028416e-04
   6.7772369e-04
   6.7515808e-04
   6.7258736e-04
   6.7001154e-04
   6.6743065e-04
   6.6484471e-04
   6.6225374e-04
   6.5965777e-04
   6.5705682e-04
   6.5445091e-04
   6.5184007e-04
   6.4922433e-04
   6.4660369e-04
   6.4397819e-04
   6.4134785e-04
   6.3871270e-04
   6.3607275e-04
   6.3342803e-04
   6.3077857e-04
   6.2812438e-04
   6.2546549e-04
   6.2280193e-04
   6.2013372e-04
   6.1746088e-04
   6.1478343e-04
   6.1210141e-04
   6.0941483e-04
   6.0672371e-04
   6.0402809e-04
   6.0132798e-04
   5.9862341e-04
   5.9591440e-04
   5.9320098e-04
   5.9048317e-04
   5.8776099e-04
   5.8503447e-04
   5.8230364e-04
   5.7956851e-04
   5.7682912e-04
   5.7408548e-04
   5.7133762e-04
   5.6858556e-04
   5.6582933e-04
   5.6306895e-04
   5.6030445e-04
   5.5753586e-04
   5.5476318e-04
   5.5198646e-04
   5.4920571e-04
   5.4642096e-04
   5.4363224e-04
   5.4083956e-04
   5.3804295e-04
   5.3524245e-04
   5.3243806e-04
   5.2962982e-04
   5.2681775e-04
   5.2400188e-04
   5.2118223e-04
   5.1835882e-04
   5.1553168e-04
   5.1270084e-04
   5.0986632e-04
   5.0702815e-04
   5.0418634e-04
   5.0134093e-04
   4.9849193e-04
   4.9563938e-04
   4.9278330e-04
   4.8992372e-04
   4.8706065e-04
   4.8419413e-04
   4.8132418e-04
   4.7845082e-04
   4.7557409e-04
   4.7269399e-04
   4.6981057e-04
   4.6692384e-04
   4.6403384e-04
   4.6114058e-04
   4.5824409e-04
   4.5534439e-04
   4.5244152e-04
   4.4953550e-04
   4.4662634e-04
   4.4371409e-04
   4.4079876e-04
   4.3788037e-04
   4.3495896e-04
   4.3203455e-04
   4.2910716e-04
   4.2617683e-04
   4.2324357e-04
   4.2030741e-04
   4.1736838e-04
   4.1442650e-04
   4.1148179e-04
   4.0853430e-04
   4.0558403e-04
   4.0263101e-04
   3.9967528e-04
   3.9671685e-04
   3.9375575e-04
   3.9079201e-04
   3.8782565e-04
   3.8485671e-04
   3.8188519e-04
   3.7891114e-04
   3.7593457e-04
   3.7295552e-04
   3.6997400e-04
   3.6699005e-04
   3.6400368e-04
   3.6101493e-04
   3.5802382e-04
   3.5503038e-04
   3.5203463e-04
   3.4903660e-04
   3.4603631e-04
   3.4303380e-04
   3.4002908e-04
   3.3702218e-04
   3.3401313e-04
   3.3100196e-04
   3.2798869e-04
   3.2497334e-04
   3.2195594e-04
   3.1893653e-04
   3.1591511e-04
   3.1289173e-04
   3.0986641e-04
   3.0683916e-04
   3.0381003e-04
   3.0077903e-04
   2.9774619e-04
   2.9471153e-04
   2.9167509e-04
   2.8863689e-04
   2.8559696e-04
   2.8255531e-04
   2.7951199e-04
   2.7646700e-04
   2.7342039e-04
   2.7037217e-04
   2.6732238e-04
   2.6427103e-04
   2.6121816e-04
   2.5816379e-04
   2.5510794e-04
   2.5205065e-04
   2.4899194e-04
   2.4593183e-04
   2.4287036e-04
   2.3980754e-04
   2.3674341e-04
   2.3367799e-04
   2.3061130e-04
   2.2754338e-04
   2.2447424e-04
   2.2140393e-04
   2.1833245e-04
   2.1525984e-04
   2.1218613e-04
   2.0911133e-04
   2.0603549e-04
   2.0295861e-04
   1.9988074e-04
   1.9680189e-04
   1.9372210e-04
   1.9064138e-04
   1.8755976e-04
   1.8447728e-04
   1.8139395e-04
   1.7830981e-04
   1.7522488e-04
   1.7213918e-04
   1.6905275e-04
   1.6596560e-04
   1.6287777e-04
   1.5978928e-04
   1.5670016e-04
   1.5361043e-04
   1.5052012e-04
   1.4742926e-04
   1.4433787e-04
   1.4124598e-04
   1.3815361e-04
   1.3506079e-04
   1.3196756e-04
   1.2887392e-04
   1.2577992e-04
   1.2268557e-04
   1.1959091e-04
   1.1649596e-04
   1.1340074e-04
   1.1030528e-04
   1.0720961e-04
   1.0411375e-04
   1.0101774e-04
   9.7921588e-05
   9.4825331e-05
   9.1728994e-05
   8.8632601e-05
   8.5536180e-05
   8.2439757e-05
   7.9343357e-05
   7.6247008e-05
   7.3150734e-05
   7.0054563e-05
   6.6958520e-05
   6.3862632e-05
   6.0766925e-05
   5.7671425e-05
   5.4576158e-05
   5.1481151e-05
   4.8386429e-05
   4.5292018e-05
   4.2197945e-05
   3.9104236e-05
   3.6010916e-05
   3.2918013e-05
   2.9825551e-05
   2.6733557e-05
   2.3642058e-05
   2.0551079e-05
   1.7460645e-05
   1.4370784e-05
   1.1281522e-05
   8.1928831e-06
   5.1048946e-06
   2.0175824e-06
  -1.0690278e-06
  -4.1549099e-06
  -7.2400380e-06
  -1.0324386e-05
  -1.3407928e-05
  -1.6490639e-05
  -1.9572492e-05
  -2.2653462e-05
  -2.5733522e-05
  -2.8812647e-05
  -3.1890810e-05
  -3.4967987e-05
  -3.8044152e-05
  -4.1119278e-05
  -4.4193339e-05
  -4.7266311e-05
  -5.0338167e-05
  -5.3408882e-05
  -5.6478429e-05
  -5.9546784e-05
  -6.2613920e-05
  -6.5679812e-05
  -6.8744434e-05
  -7.1807760e-05
  -7.4869765e-05
  -7.7930424e-05
  -8.0989711e-05
  -8.4047599e-05
  -8.7104065e-05
  -9.0159081e-05
  -9.3212623e-05
  -9.6264665e-05
  -9.9315182e-05
  -1.0236415e-04
  -1.0541154e-04
  -1.0845733e-04
  -1.1150149e-04
  -1.1454400e-04
  -1.1758483e-04
  -1.2062395e-04
  -1.2366135e-04
  -1.2669700e-04
  -1.2973087e-04
  -1.3276293e-04
  -1.3579316e-04
  -1.3882154e-04
  -1.4184804e-04
  -1.4487263e-04
  -1.4789530e-04
  -1.5091601e-04
  -1.5393473e-04
  -1.5695146e-04
  -1.5996615e-04
  -1.6297879e-04
  -1.6598934e-04
  -1.6899779e-04
  -1.7200411e-04
  -1.7500828e-04
  -1.7801026e-04
  -1.8101004e-04
  -1.8400759e-04
  -1.8700288e-04
  -1.8999590e-04
  -1.9298661e-04
  -1.9597499e-04
  -1.9896102e-04
  -2.0194467e-04
  -2.0492591e-04
  -2.0790473e-04
  -2.1088109e-04
  -2.1385498e-04
  -2.1682637e-04
  -2.1979523e-04
  -2.2276153e-04
  -2.2572527e-04
  -2.2868640e-04
  -2.3164491e-04
  -2.3460077e-04
  -2.3755395e-04
  -2.4050444e-04
  -2.4345221e-04
  -2.4639723e-04
  -2.4933948e-04
  -2.5227894e-04
  -2.5521558e-04
  -2.5814937e-04
  -2.6108030e-04
  -2.6400834e-04
  -2.6693346e-04
  -2.6985564e-04
  -2.7277486e-04
  -2.7569109e-04
  -2.7860431e-04
  -2.8151450e-04
  -2.8442162e-04
  -2.8732566e-04
  -2.9022660e-04
  -2.9312440e-04
  -2.9601905e-04
  -2.9891052e-04
  -3.0179879e-04
  -3.0468383e-04
  -3.0756563e-04
  -3.1044415e-04
  -3.1331937e-04
  -3.1619128e-04
  -3.1905984e-04
  -3.2192503e-04
  -3.2478684e-04
  -3.2764523e-04
  -3.3050018e-04
  -3.3335167e-04
  -3.3619968e-04
  -3.3904418e-04
  -3.4188515e-04
  -3.4472256e-04
  -3.4755640e-04
  -3.5038664e-04
  -3.5321325e-04
  -3.5603622e-04
  -3.5885552e-04
  -3.6167113e-04
  -3.6448302e-04
  -3.6729118e-04
  -3.7009557e-04
  -3.7289618e-04
  -3.7569299e-04
  -3.7848596e-04
  -3.8127508e-04
  -3.8406033e-04
  -3.8684168e-04
  -3.8961911e-04
  -3.9239259e-04
  -3.9516212e-04
  -3.9792765e-04
  -4.0068917e-04
  -4.0344666e-04
  -4.0620010e-04
  -4.0894946e-04
  -4.1169472e-04
  -4.1443586e-04
  -4.1717285e-04
  -4.1990568e-04
  -4.2263432e-04
  -4.2535874e-04
  -4.2807894e-04
  -4.3079488e-04
  -4.3350654e-04
  -4.3621391e-04
  -4.3891696e-04
  -4.4161566e-04
  -4.4431000e-04
  -4.4699995e-04
  -4.4968550e-04
  -4.5236661e-04
  -4.5504328e-04
  -4.5771547e-04
  -4.6038317e-04
  -4.6304635e-04
  -4.6570500e-04
  -4.6835909e-04
  -4.7100859e-04
  -4.7365350e-04
  -4.7629378e-04
  -4.7892942e-04
  -4.8156040e-04
  -4.8418669e-04
  -4.8680827e-04
  -4.8942512e-04
  -4.9203723e-04
  -4.9464456e-04
  -4.9724710e-04
  -4.9984483e-04
  -5.0243773e-04
  -5.0502577e-04
  -5.0760894e-04
  -5.1018722e-04
  -5.1276057e-04
  -5.1532899e-04
  -5.1789246e-04
  -5.2045094e-04
  -5.2300443e-04
  -5.2555290e-04
  -5.2809633e-04
  -5.3063470e-04
  -5.3316799e-04
  -5.3569618e-04
  -5.3821925e-04
  -5.4073718e-04
  -5.4324995e-04
  -5.4575754e-04
  -5.4825993e-04
  -5.5075710e-04
  -5.5324903e-04
  -5.5573570e-04
  -5.5821708e-04
  -5.6069317e-04
  -5.6316394e-04
  -5.6562937e-04
  -5.6808944e-04
  -5.7054414e-04
  -5.7299343e-04
  -5.7543731e-04
  -5.7787575e-04
  -5.8030874e-04
  -5.8273625e-04
  -5.8515827e-04
  -5.8757477e-04
  -5.8998574e-04
  -5.9239116e-04
  -5.9479100e-04
  -5.9718526e-04
  -5.9957391e-04
  -6.0195693e-04
  -6.0433430e-04
  -6.0670600e-04
  -6.0907203e-04
  -6.1143235e-04
  -6.1378695e-04
  -6.1613580e-04
  -6.1847890e-04
  -6.2081622e-04
  -6.2314775e-04
  -6.2547346e-04
  -6.2779334e-04
  -6.3010737e-04
  -6.3241553e-04
  -6.3471781e-04
  -6.3701418e-04
  -6.3930462e-04
  -6.4158912e-04
  -6.4386767e-04
  -6.4614024e-04
  -6.4840681e-04
  -6.5066737e-04
  -6.5292190e-04
  -6.5517039e-04
  -6.5741280e-04
  -6.5964914e-04
  -6.6187937e-04
  -6.6410348e-04
  -6.6632146e-04
  -6.6853329e-04
  -6.7073895e-04
  -6.7293842e-04
  -6.7513168e-04
  -6.7731872e-04
  -6.7949953e-04
  -6.8167408e-04
  -6.8384236e-04
  -6.8600434e-04
  -6.8816002e-04
  -6.9030938e-04
  -6.9245240e-04
  -6.9458906e-04
  -6.9671935e-04
  -6.9884325e-04
  -7.0096074e-04
  -7.0307181e-04
  -7.0517644e-04
  -7.0727462e-04
  -7.0936632e-04
  -7.1145154e-04
  -7.1353025e-04
  -7.1560245e-04
  -7.1766811e-04
  -7.1972721e-04
  -7.2177975e-04
  -7.2382571e-04
  -7.2586506e-04
  -7.2789780e-04
  -7.2992391e-04
  -7.3194338e-04
  -7.3395618e-04
  -7.3596230e-04
  -7.3796174e-04
  -7.3995446e-04
  -7.4194046e-04
  -7.4391972e-04
  -7.4589223e-04
  -7.4785797e-04
  -7.4981693e-04
  -7.5176908e-04
  -7.5371443e-04
  -7.5565294e-04
  -7.5758461e-04
  -7.5950942e-04
  -7.6142736e-04
  -7.6333841e-04
  -7.6524256e-04
  -7.6713980e-04
  -7.6903010e-04
  -7.7091345e-04
  -7.7278985e-04
  -7.7465927e-04
  -7.7652171e-04
  -7.7837714e-04
  -7.8022555e-04
  -7.8206694e-04
  -7.8390127e-04
  -7.8572856e-04
  -7.8754877e-04
  -7.8936189e-04
  -7.9116791e-04
  -7.9296682e-04
  -7.9475860e-04
  -7.9654325e-04
  -7.9832074e-04
  -8.0009106e-04
  -8.0185420e-04
  -8.0361015e-04
  -8.0535889e-04
  -8.0710041e-04
  -8.0883470e-04
  -8.1056174e-04
  -8.1228152e-04
  -8.1399403e-04
  -8.1569926e-04
  -8.1739719e-04
  -8.1908780e-04
  -8.2077110e-04
  -8.2244706e-04
  -8.2411567e-04
  -8.2577692e-04
  -8.2743080e-04
  -8.2907730e-04
  -8.3071640e-04
  -8.3234809e-04
  -8.3397235e-04
  -8.3558919e-04
  -8.3719858e-04
  -8.3880051e-04
  -8.4039497e-04
  -8.4198195e-04
  -8.4356144e-04
  -8.4513343e-04
  -8.4669790e-04
  -8.4825484e-04
  -8.4980424e-04
  -8.5134610e-04
  -8.5288039e-04
  -8.5440711e-04
  -8.5592625e-04
  -8.5743779e-04
  -8.5894173e-04
  -8.6043805e-04
  -8.6192674e-04
  -8.6340780e-04
  -8.6488120e-04
  -8.6634695e-04
  -8.6780502e-04
  -8.6925541e-04
  -8.7069812e-04
  -8.7213312e-04
  -8.7356040e-04
  -8.7497997e-04
  -8.7639180e-04
  -8.7779589e-04
  -8.7919223e-04
  -8.8058080e-04
  -8.8196160e-04
  -8.8333461e-04
  -8.8469984e-04
  -8.8605726e-04
  -8.8740687e-04
  -8.8874866e-04
  -8.9008261e-04
  -8.9140873e-04
  -8.9272699e-04
  -8.9403740e-04
  -8.9533993e-04
  -8.9663459e-04
  -8.9792136e-04
  -8.9920024e-04
  -9.0047121e-04
  -9.0173426e-04
  -9.0298939e-04
  -9.0423659e-04
  -9.0547585e-04
  -9.0670716e-04
  -9.0793052e-04
  -9.0914590e-04
  -9.1035332e-04
  -9.1155274e-04
  -9.1274418e-04
  -9.1392762e-04
  -9.1510305e-04
  -9.1627046e-04
  -9.1742985e-04
  -9.1858121e-04
  -9.1972453e-04
  -9.2085980e-04
  -9.2198701e-04
  -9.2310617e-04
  -9.2421725e-04
  -9.2532025e-04
  -9.2641517e-04
  -9.2750199e-04
  -9.2858072e-04
  -9.2965133e-04
  -9.3071383e-04
  -9.3176821e-04
  -9.3281446e-04
  -9.3385258e-04
  -9.3488255e-04
  -9.3590437e-04
  -9.3691804e-04
  -9.3792354e-04
  -9.3892087e-04
  -9.3991003e-04
  -9.4089100e-04
  -9.4186379e-04
  -9.4282838e-04
  -9.4378476e-04
  -9.4473294e-04
  -9.4567291e-04
  -9.4660465e-04
  -9.4752817e-04
  -9.4844345e-04
  -9.4935050e-04
  -9.5024930e-04
  -9.5113986e-04
  -9.5202216e-04
  -9.5289620e-04
  -9.5376197e-04
  -9.5461947e-04
  -9.5546869e-04
  -9.5630964e-04
  -9.5714229e-04
  -9.5796665e-04
  -9.5878271e-04
  -9.5959048e-04
  -9.6038993e-04
  -9.6118107e-04
  -9.6196390e-04
  -9.6273840e-04
  -9.6350457e-04
  -9.6426242e-04
  -9.6501193e-04
  -9.6575310e-04
  -9.6648592e-04
  -9.6721040e-04
  -9.6792652e-04
  -9.6863429e-04
  -9.6933369e-04
  -9.7002473e-04
  -9.7070740e-04
  -9.7138170e-04
  -9.7204762e-04
  -9.7270516e-04
  -9.7335432e-04
  -9.7399509e-04
  -9.7462747e-04
  -9.7525145e-04
  -9.7586704e-04
  -9.7647423e-04
  -9.7707301e-04
  -9.7766338e-04
  -9.7824535e-04
  -9.7881890e-04
  -9.7938403e-04
  -9.7994075e-04
  -9.8048904e-04
  -9.8102891e-04
  -9.8156035e-04
  -9.8208336e-04
  -9.8259794e-04
  -9.8310408e-04
  -9.8360179e-04
  -9.8409106e-04
  -9.8457188e-04
  -9.8504427e-04
  -9.8550820e-04
  -9.8596369e-04
  -9.8641073e-04
  -9.8684932e-04
  -9.8727945e-04
  -9.8770113e-04
  -9.8811436e-04
  -9.8851912e-04
  -9.8891543e-04
  -9.8930327e-04
  -9.8968266e-04
  -9.9005357e-04
  -9.9041603e-04
  -9.9077002e-04
  -9.9111554e-04
  -9.9145259e-04
  -9.9178118e-04
  -9.9210129e-04
  -9.9241293e-04
  -9.9271611e-04
  -9.9301081e-04
  -9.9329704e-04
  -9.9357479e-04
  -9.9384408e-04
  -9.9410489e-04
  -9.9435722e-04
  -9.9460109e-04
  -9.9483647e-04
  -9.9506339e-04
  -9.9528183e-04
  -9.9549179e-04
  -9.9569328e-04
  -9.9588630e-04
  -9.9607085e-04
  -9.9624692e-04
  -9.9641452e-04
  -9.9657365e-04
  -9.9672431e-04
  -9.9686649e-04
  -9.9700021e-04
  -9.9712546e-04
  -9.9724224e-04
  -9.9735055e-04
  -9.9745039e-04
  -9.9754177e-04
  -9.9762469e-04
  -9.9769915e-04
  -9.9776514e-04
  -9.9782267e-04
  -9.9787175e-04
  -9.9791236e-04
  -9.9794453e-04
  -9.9796824e-04
  -9.9798349e-04
  -9.9799030e-04
  -9.9798866e-04
  -9.9797857e-04
  -9.9796004e-04
  -9.9793306e-04
  -9.9789765e-04
  -9.9785380e-04
  -9.9780151e-04
  -9.9774079e-04
  -9.9767164e-04
  -9.9759406e-04
  -9.9750805e-04
  -9.9741362e-04
  -9.9731078e-04
  -9.9719951e-04
  -9.9707983e-04
  -9.9695174e-04
  -9.9681524e-04
  -9.9667033e-04
  -9.9651703e-04
  -9.9635532e-04
  -9.9618522e-04
  -9.9600672e-04
  -9.9581984e-04
  -9.9562457e-04
  -9.9542092e-04
  -9.9520889e-04
  -9.9498849e-04
  -9.9475972e-04
  -9.9452258e-04
  -9.9427707e-04
  -9.9402321e-04
  -9.9376099e-04
  -9.9349042e-04
  -9.9321151e-04
  -9.9292425e-04
  -9.9262866e-04
  -9.9232473e-04
  -9.9201248e-04
  -9.9169189e-04
  -9.9136299e-04
  -9.9102578e-04
  -9.9068025e-04
  -9.9032642e-04
  -9.8996429e-04
  -9.8959386e-04
  -9.8921514e-04
  -9.8882814e-04
  -9.8843285e-04
  -9.8802930e-04
  -9.8761747e-04
  -9.8719737e-04
  -9.8676902e-04
  -9.8633242e-04
  -9.8588756e-04
  -9.8543447e-04
  -9.8497314e-04
  -9.8450358e-04
  -9.8402579e-04
  -9.8353978e-04
  -9.8304556e-04
  -9.8254314e-04
  -9.8203251e-04
  -9.8151369e-04
  -9.8098669e-04
  -9.8045150e-04
  -9.7990813e-04
  -9.7935660e-04
  -9.7879690e-04
  -9.7822905e-04
  -9.7765305e-04
  -9.7706891e-04
  -9.7647663e-04
  -9.7587622e-04
  -9.7526769e-04
  -9.7465105e-04
  -9.7402630e-04
  -9.7339344e-04
  -9.7275250e-04
  -9.7210347e-04
  -9.7144636e-04
  -9.7078118e-04
  -9.7010794e-04
  -9.6942664e-04
  -9.6873729e-04
  -9.6803990e-04
  -9.6733448e-04
  -9.6662103e-04
  -9.6589956e-04
  -9.6517009e-04
  -9.6443261e-04
  -9.6368714e-04
  -9.6293369e-04
  -9.6217226e-04
  -9.6140286e-04
  -9.6062550e-04
  -9.5984019e-04
  -9.5904693e-04
  -9.5824574e-04
  -9.5743662e-04
  -9.5661959e-04
  -9.5579465e-04
  -9.5496180e-04
  -9.5412107e-04
  -9.5327245e-04
  -9.5241596e-04
  -9.5155161e-04
  -9.5067940e-04
  -9.4979934e-04
  -9.4891145e-04
  -9.4801573e-04
  -9.4711219e-04
  -9.4620084e-04
  -9.4528170e-04
  -9.4435476e-04
  -9.4342005e-04
  -9.4247756e-04
  -9.4152732e-04
  -9.4056932e-04
  -9.3960359e-04
  -9.3863012e-04
  -9.3764893e-04
  -9.3666003e-04
  -9.3566343e-04
  -9.3465914e-04
  -9.3364717e-04
  -9.3262753e-04
  -9.3160024e-04
  -9.3056529e-04
  -9.2952270e-04
  -9.2847249e-04
  -9.2741466e-04
  -9.2634922e-04
  -9.2527619e-04
  -9.2419557e-04
  -9.2310738e-04
  -9.2201163e-04
  -9.2090832e-04
  -9.1979748e-04
  -9.1867910e-04
  -9.1755320e-04
  -9.1641980e-04
  -9.1527890e-04
  -9.1413052e-04
  -9.1297466e-04
  -9.1181135e-04
  -9.1064058e-04
  -9.0946237e-04
  -9.0827674e-04
  -9.0708369e-04
  -9.0588324e-04
  -9.0467540e-04
  -9.0346018e-04
  -9.0223759e-04
  -9.0100764e-04
  -8.9977035e-04
  -8.9852573e-04
  -8.9727380e-04
  -8.9601455e-04
  -8.9474801e-04
  -8.9347419e-04
  -8.9219310e-04
  -8.9090475e-04
  -8.8960916e-04
  -8.8830634e-04
  -8.8699630e-04
  -8.8567905e-04
  -8.8435460e-04
  -8.8302298e-04
  -8.8168419e-04
  -8.8033825e-04
  -8.7898516e-04
  -8.7762494e-04
  -8.7625761e-04
  -8.7488318e-04
  -8.7350166e-04
  -8.7211306e-04
  -8.7071740e-04
  -8.6931469e-04
  -8.6790495e-04
  -8.6648818e-04
  -8.6506441e-04
  -8.6363364e-04
  -8.6219589e-04
  -8.6075117e-04
  -8.5929951e-04
  -8.5784090e-04
  -8.5637536e-04
  -8.5490292e-04
  -8.5342358e-04
  -8.5193735e-04
  -8.5044426e-04
  -8.4894431e-04
  -8.4743752e-04
  -8.4592390e-04
  -8.4440348e-04
  -8.4287625e-04
  -8.4134224e-04
  -8.3980147e-04
  -8.3825394e-04
  -8.3669967e-04
  -8.3513868e-04
  -8.3357098e-04
  -8.3199658e-04
  -8.3041550e-04
  -8.2882776e-04
  -8.2723337e-04
  -8.2563234e-04
  -8.2402470e-04
  -8.2241044e-04
  -8.2078960e-04
  -8.1916219e-04
  -8.1752822e-04
  -8.1588770e-04
  -8.1424065e-04
  -8.1258709e-04
  -8.1092704e-04
  -8.0926050e-04
  -8.0758750e-04
  -8.0590804e-04
  -8.0422215e-04
  -8.0252984e-04
  -8.0083113e-04
  -7.9912603e-04
  -7.9741456e-04
  -7.9569674e-04
  -7.9397257e-04
  -7.9224209e-04
  -7.9050529e-04
  -7.8876220e-04
  -7.8701284e-04
  -7.8525722e-04
  -7.8349536e-04
  -7.8172727e-04
  -7.7995297e-04
  -7.7817248e-04
  -7.7638581e-04
  -7.7459298e-04
  -7.7279401e-04
  -7.7098891e-04
  -7.6917770e-04
  -7.6736039e-04
  -7.6553701e-04
  -7.6370758e-04
  -7.6187209e-04
  -7.6003058e-04
  -7.5818307e-04
  -7.5632956e-04
  -7.5447007e-04
  -7.5260463e-04
  -7.5073325e-04
  -7.4885594e-04
  -7.4697273e-04
  -7.4508363e-04
  -7.4318866e-04
  -7.4128783e-04
  -7.3938117e-04
  -7.3746868e-04
  -7.3555040e-04
  -7.3362633e-04
  -7.3169650e-04
  -7.2976091e-04
  -7.2781960e-04
  -7.2587257e-04
  -7.2391985e-04
  -7.2196145e-04
  -7.1999739e-04
  -7.1802768e-04
  -7.1605236e-04
  -7.1407143e-04
  -7.1208491e-04
  -7.1009282e-04
  -7.0809518e-04
  -7.0609200e-04
  -7.0408331e-04
  -7.0206913e-04
  -7.0004946e-04
  -6.9802434e-04
  -6.9599377e-04
  -6.9395778e-04
  -6.9191639e-04
  -6.8986961e-04
  -6.8781746e-04
  -6.8575997e-04
  -6.8369714e-04
  -6.8162900e-04
  -6.7955557e-04
  -6.7747686e-04
  -6.7539290e-04
  -6.7330371e-04
  -6.7120929e-04
  -6.6910968e-04
  -6.6700489e-04
  -6.6489493e-04
  -6.6277984e-04
  -6.6065962e-04
  -6.5853430e-04
  -6.5640389e-04
  -6.5426842e-04
  -6.5212791e-04
  -6.4998237e-04
  -6.4783182e-04
  -6.4567628e-04
  -6.4351578e-04
  -6.4135032e-04
  -6.3917994e-04
  -6.3700465e-04
  -6.3482447e-04
  -6.3263941e-04
  -6.3044951e-04
  -6.2825477e-04
  -6.2605522e-04
  -6.2385088e-04
  -6.2164177e-04
  -6.1942791e-04
  -6.1720931e-04
  -6.1498600e-04
  -6.1275800e-04
  -6.1052533e-04
  -6.0828800e-04
  -6.0604604e-04
  -6.0379947e-04
  -6.0154830e-04
  -5.9929256e-04
  -5.9703227e-04
  -5.9476745e-04
  -5.9249812e-04
  -5.9022429e-04
  -5.8794599e-04
  -5.8566324e-04
  -5.8337607e-04
  -5.8108448e-04
  -5.7878850e-04
  -5.7648815e-04
  -5.7418345e-04
  -5.7187443e-04
  -5.6956109e-04
  -5.6724347e-04
  -5.6492159e-04
  -5.6259545e-04
  -5.6026510e-04
  -5.5793053e-04
  -5.5559179e-04
  -5.5324888e-04
  -5.5090183e-04
  -5.4855065e-04
  -5.4619538e-04
  -5.4383603e-04
  -5.4147261e-04
  -5.3910516e-04
  -5.3673370e-04
  -5.3435824e-04
  -5.3197880e-04
  -5.2959541e-04
  -5.2720809e-04
  -5.2481685e-04
  -5.2242173e-04
  -5.2002273e-04
  -5.1761989e-04
  -5.1521322e-04
  -5.1280275e-04
  -5.1038849e-04
  -5.0797047e-04
  -5.0554871e-04
  -5.0312323e-04
  -5.0069405e-04
  -4.9826119e-04
  -4.9582468e-04
  -4.9338453e-04
  -4.9094077e-04
  -4.8849342e-04
  -4.8604250e-04
  -4.8358803e-04
  -4.8113004e-04
  -4.7866854e-04
  -4.7620356e-04
  -4.7373511e-04
  -4.7126323e-04
  -4.6878793e-04
  -4.6630923e-04
  -4.6382716e-04
  -4.6134173e-04
  -4.5885298e-04
  -4.5636091e-04
  -4.5386556e-04
  -4.5136694e-04
  -4.4886508e-04
  -4.4636000e-04
  -4.4385172e-04
  -4.4134026e-04
  -4.3882565e-04
  -4.3630790e-04
  -4.3378704e-04
  -4.3126309e-04
  -4.2873608e-04
  -4.2620602e-04
  -4.2367293e-04
  -4.2113685e-04
  -4.1859779e-04
  -4.1605577e-04
  -4.1351082e-04
  -4.1096295e-04
  -4.0841220e-04
  -4.0585858e-04
  -4.0330211e-04
  -4.0074282e-04
  -3.9818073e-04
  -3.9561586e-04
  -3.9304824e-04
  -3.9047788e-04
  -3.8790481e-04
  -3.8532906e-04
  -3.8275063e-04
  -3.8016957e-04
  -3.7758588e-04
  -3.7499960e-04
  -3.7241073e-04
  -3.6981932e-04
  -3.6722537e-04
  -3.6462892e-04
  -3.6202998e-04
  -3.5942857e-04
  -3.5682473e-04
  -3.5421846e-04
  -3.5160980e-04
  -3.4899877e-04
  -3.4638539e-04
  -3.4376968e-04
  -3.4115167e-04
  -3.3853137e-04
  -3.3590882e-04
  -3.3328403e-04
  -3.3065702e-04
  -3.2802782e-04
  -3.2539646e-04
  -3.2276295e-04
  -3.2012731e-04
  -3.1748958e-04
  -3.1484977e-04
  -3.1220791e-04
  -3.0956401e-04
  -3.0691811e-04
  -3.0427022e-04
  -3.0162036e-04
  -2.9896857e-04
  -2.9631486e-04
  -2.9365926e-04
  -2.9100179e-04
  -2.8834246e-04
  -2.8568132e-04
  -2.8301837e-04
  -2.8035364e-04
  -2.7768715e-04
  -2.7501893e-04
  -2.7234900e-04
  -2.6967739e-04
  -2.6700411e-04
  -2.6432919e-04
  -2.6165265e-04
  -2.5897451e-04
  -2.5629481e-04
  -2.5361355e-04
  -2.5093077e-04
  -2.4824649e-04
  -2.4556072e-04
  -2.4287350e-04
  -2.4018485e-04
  -2.3749478e-04
  -2.3480333e-04
  -2.3211052e-04
  -2.2941636e-04
  -2.2672088e-04
  -2.2402411e-04
  -2.2132607e-04
  -2.1862678e-04
  -2.1592627e-04
  -2.1322455e-04
  -2.1052166e-04
  -2.0781760e-04
  -2.0511242e-04
  -2.0240612e-04
  -1.9969874e-04
  -1.9699030e-04
  -1.9428082e-04
  -1.9157032e-04
  -1.8885882e-04
  -1.8614636e-04
  -1.8343295e-04
  -1.8071861e-04
  -1.7800338e-04
  -1.7528726e-04
  -1.7257030e-04
  -1.6985250e-04
  -1.6713389e-04
  -1.6441450e-04
  -1.6169435e-04
  -1.5897346e-04
  -1.5625185e-04
  -1.5352955e-04
  -1.5080659e-04
  -1.4808298e-04
  -1.4535874e-04
  -1.4263391e-04
  -1.3990850e-04
  -1.3718254e-04
  -1.3445605e-04
  -1.3172906e-04
  -1.2900158e-04
  -1.2627364e-04
  -1.2354526e-04
  -1.2081648e-04
  -1.1808730e-04
  -1.1535776e-04
  -1.1262787e-04
  -1.0989766e-04
  -1.0716715e-04
  -1.0443637e-04
  -1.0170535e-04
  -9.8974088e-05
  -9.6242626e-05
  -9.3510983e-05
  -9.0779183e-05
  -8.8047247e-05
  -8.5315200e-05
  -8.2583065e-05
  -7.9850864e-05
  -7.7118621e-05
  -7.4386359e-05
  -7.1654101e-05
  -6.8921871e-05
  -6.6189691e-05
  -6.3457585e-05
  -6.0725575e-05
  -5.7993685e-05
  -5.5261938e-05
  -5.2530358e-05
  -4.9798966e-05
  -4.7067787e-05
  -4.4336843e-05
  -4.1606158e-05
  -3.8875754e-05
  -3.6145654e-05
  -3.3415882e-05
  -3.0686461e-05
  -2.7957414e-05
  -2.5228763e-05
  -2.2500532e-05
  -1.9772744e-05
  -1.7045422e-05
  -1.4318588e-05
  -1.1592266e-05
  -8.8664791e-06
  -6.1412497e-06
  -3.4166009e-06
  -6.9255575e-07
   2.0308629e-06
   4.7536321e-06
   7.4757289e-06
   1.0197130e-05
   1.2917814e-05
   1.5637756e-05
   1.8356935e-05
   2.1075326e-05
   2.3792908e-05
   2.6509658e-05
   2.9225552e-05
   3.1940569e-05
   3.4654684e-05
   3.7367876e-05
   4.0080121e-05
   4.2791398e-05
   4.5501682e-05
   4.8210952e-05
   5.0919184e-05
   5.3626356e-05
   5.6332446e-05
   5.9037430e-05
   6.1741286e-05
   6.4443992e-05
   6.7145524e-05
   6.9845860e-05
   7.2544978e-05
   7.5242854e-05
   7.7939467e-05
   8.0634794e-05
   8.3328812e-05
   8.6021498e-05
   8.8712831e-05
   9.1402788e-05
   9.4091346e-05
   9.6778483e-05
   9.9464176e-05
   1.0214840e-04
   1.0483114e-04
   1.0751237e-04
   1.1019206e-04
   1.1287020e-04
   1.1554677e-04
   1.1822173e-04
   1.2089507e-04
   1.2356676e-04
   1.2623679e-04
   1.2890513e-04
   1.3157175e-04
   1.3423665e-04
   1.3689979e-04
   1.3956115e-04
   1.4222071e-04
   1.4487844e-04
   1.4753434e-04
   1.5018836e-04
   1.5284050e-04
   1.5549073e-04
   1.5813903e-04
   1.6078537e-04
   1.6342974e-04
   1.6607211e-04
   1.6871245e-04
   1.7135076e-04
   1.7398700e-04
   1.7662116e-04
   1.7925321e-04
   1.8188313e-04
   1.8451089e-04
   1.8713649e-04
   1.8975989e-04
   1.9238107e-04
   1.9500002e-04
   1.9761671e-04
   2.0023111e-04
   2.0284322e-04
   2.0545299e-04
   2.0806042e-04
   2.1066549e-04
   2.1326816e-04
   2.1586843e-04
   2.1846626e-04
   2.2106164e-04
   2.2365454e-04
   2.2624495e-04
   2.2883284e-04
   2.3141819e-04
   2.3400098e-04
   2.3658119e-04
   2.3915880e-04
   2.4173378e-04
   2.4430612e-04
   2.4687579e-04
   2.4944277e-04
   2.5200705e-04
   2.5456859e-04
   2.5712738e-04
   2.5968341e-04
   2.6223664e-04
   2.6478705e-04
   2.6733463e-04
   2.6987936e-04
   2.7242120e-04
   2.7496015e-04
   2.7749619e-04
   2.8002928e-04
   2.8255941e-04
   2.8508657e-04
   2.8761072e-04
   2.9013185e-04
   2.9264993e-04
   2.9516496e-04
   2.9767690e-04
   3.0018573e-04
   3.0269144e-04
   3.0519401e-04
   3.0769341e-04
   3.1018962e-04
   3.1268263e-04
   3.1517241e-04
   3.1765894e-04
   3.2014220e-04
   3.2262218e-04
   3.2509885e-04
   3.2757219e-04
   3.3004218e-04
   3.3250880e-04
   3.3497203e-04
   3.3743186e-04
   3.3988825e-04
   3.4234120e-04
   3.4479068e-04
   3.4723667e-04
   3.4967915e-04
   3.5211810e-04
   3.5455350e-04
   3.5698534e-04
   3.5941359e-04
   3.6183823e-04
   3.6425924e-04
   3.6667660e-04
   3.6909030e-04
   3.7150031e-04
   3.7390662e-04
   3.7630920e-04
   3.7870804e-04
   3.8110311e-04
   3.8349440e-04
   3.8588188e-04
   3.8826554e-04
   3.9064537e-04
   3.9302133e-04
   3.9539341e-04
   3.9776159e-04
   4.0012585e-04
   4.0248617e-04
   4.0484254e-04
   4.0719493e-04
   4.0954333e-04
   4.1188772e-04
   4.1422807e-04
   4.1656437e-04
   4.1889660e-04
   4.2122474e-04
   4.2354877e-04
   4.2586868e-04
   4.2818444e-04
   4.3049604e-04
   4.3280345e-04
   4.3510667e-04
   4.3740566e-04
   4.3970042e-04
   4.4199092e-04
   4.4427714e-04
   4.4655907e-04
   4.4883669e-04
   4.5110998e-04
   4.5337893e-04
   4.5564350e-04
   4.5790369e-04
   4.6015948e-04
   4.6241085e-04
   4.6465778e-04
   4.6690025e-04
   4.6913825e-04
   4.7137176e-04
   4.7360075e-04
   4.7582522e-04
   4.7804514e-04
   4.8026050e-04
   4.8247128e-04
   4.8467745e-04
   4.8687901e-04
   4.8907594e-04
   4.9126821e-04
   4.9345582e-04
   4.9563874e-04
   4.9781695e-04
   4.9999045e-04
   5.0215920e-04
   5.0432320e-04
   5.0648242e-04
   5.0863686e-04
   5.1078649e-04
   5.1293129e-04
   5.1507125e-04
   5.1720635e-04
   5.1933658e-04
   5.2146191e-04
   5.2358234e-04
   5.2569784e-04
   5.2780840e-04
   5.2991399e-04
   5.3201461e-04
   5.3411024e-04
   5.3620086e-04
   5.3828645e-04
   5.4036700e-04
   5.4244250e-04
   5.4451291e-04
   5.4657824e-04
   5.4863845e-04
   5.5069354e-04
   5.5274350e-04
   5.5478829e-04
   5.5682791e-04
   5.5886235e-04
   5.6089158e-04
   5.6291559e-04
   5.6493436e-04
   5.6694788e-04
   5.6895613e-04
   5.7095910e-04
   5.7295676e-04
   5.7494912e-04
   5.7693614e-04
   5.7891781e-04
   5.8089412e-04
   5.8286506e-04
   5.8483060e-04
   5.8679073e-04
   5.8874544e-04
   5.9069471e-04
   5.9263853e-04
   5.9457687e-04
   5.9650973e-04
   5.9843710e-04
   6.0035894e-04
   6.0227526e-04
   6.0418603e-04
   6.0609124e-04
   6.0799088e-04
   6.0988493e-04
   6.1177338e-04
   6.1365620e-04
   6.1553340e-04
   6.1740494e-04
   6.1927083e-04
   6.2113103e-04
   6.2298555e-04
   6.2483436e-04
   6.2667745e-04
   6.2851480e-04
   6.3034641e-04
   6.3217226e-04
   6.3399232e-04
   6.3580660e-04
   6.3761507e-04
   6.3941773e-04
   6.4121455e-04
   6.4300552e-04
   6.4479064e-04
   6.4656988e-04
   6.4834323e-04
   6.5011068e-04
   6.5187222e-04
   6.5362783e-04
   6.5537750e-04
   6.5712121e-04
   6.5885895e-04
   6.6059071e-04
   6.6231648e-04
   6.6403623e-04
   6.6574997e-04
   6.6745767e-04
   6.6915932e-04
   6.7085491e-04
   6.7254443e-04
   6.7422786e-04
   6.7590519e-04
   6.7757641e-04
   6.7924151e-04
   6.8090047e-04
   6.8255327e-04
   6.8419992e-04
   6.8584039e-04
   6.8747467e-04
   6.8910275e-04
   6.9072462e-04
   6.9234026e-04
   6.9394967e-04
   6.9555283e-04
   6.9714972e-04
   6.9874035e-04
   7.0032469e-04
   7.0190273e-04
   7.0347446e-04
   7.0503987e-04
   7.0659895e-04
   7.0815168e-04
   7.0969806e-04
   7.1123807e-04
   7.1277171e-04
   7.1429895e-04
   7.1581978e-04
   7.1733421e-04
   7.1884221e-04
   7.2034377e-04
   7.2183889e-04
   7.2332755e-04
   7.2480974e-04
   7.2628545e-04
   7.2775466e-04
   7.2921738e-04
   7.3067358e-04
   7.3212325e-04
   7.3356640e-04
   7.3500299e-04
   7.3643303e-04
   7.3785650e-04
   7.3927340e-04
   7.4068371e-04
   7.4208742e-04
   7.4348452e-04
   7.4487500e-04
   7.4625886e-04
   7.4763607e-04
   7.4900664e-04
   7.5037054e-04
   7.5172778e-04
   7.5307834e-04
   7.5442220e-04
   7.5575937e-04
   7.5708983e-04
   7.5841358e-04
   7.5973059e-04
   7.6104087e-04
   7.6234440e-04
   7.6364117e-04
   7.6493118e-04
   7.6621441e-04
   7.6749086e-04
   7.6876051e-04
   7.7002336e-04
   7.7127940e-04
   7.7252862e-04
   7.7377100e-04
   7.7500655e-04
   7.7623525e-04
   7.7745710e-04
   7.7867207e-04
   7.7988018e-04
   7.8108140e-04
   7.8227573e-04
   7.8346316e-04
   7.8464369e-04
   7.8581729e-04
   7.8698397e-04
   7.8814372e-04
   7.8929653e-04
   7.9044239e-04
   7.9158129e-04
   7.9271322e-04
   7.9383818e-04
   7.9495616e-04
   7.9606715e-04
   7.9717114e-04
   7.9826813e-04
   7.9935811e-04
   8.0044106e-04
   8.0151699e-04
   8.0258589e-04
   8.0364774e-04
   8.0470254e-04
   8.0575029e-04
   8.0679097e-04
   8.0782458e-04
   8.0885111e-04
   8.0987055e-04
   8.1088291e-04
   8.1188816e-04
   8.1288631e-04
   8.1387734e-04
   8.1486126e-04
   8.1583805e-04
   8.1680770e-04
   8.1777022e-04
   8.1872559e-04
   8.1967381e-04
   8.2061487e-04
   8.2154876e-04
   8.2247548e-04
   8.2339503e-04
   8.2430739e-04
   8.2521256e-04
   8.2611054e-04
   8.2700131e-04
   8.2788488e-04
   8.2876124e-04
   8.2963037e-04
   8.3049228e-04
   8.3134696e-04
   8.3219441e-04
   8.3303461e-04
   8.3386757e-04
   8.3469328e-04
   8.3551173e-04
   8.3632291e-04
   8.3712683e-04
   8.3792347e-04
   8.3871284e-04
   8.3949493e-04
   8.4026973e-04
   8.4103723e-04
   8.4179744e-04
   8.4255034e-04
   8.4329594e-04
   8.4403423e-04
   8.4476520e-04
   8.4548885e-04
   8.4620518e-04
   8.4691417e-04
   8.4761584e-04
   8.4831016e-04
   8.4899715e-04
   8.4967679e-04
   8.5034908e-04
   8.5101401e-04
   8.5167159e-04
   8.5232180e-04
   8.5296465e-04
   8.5360013e-04
   8.5422824e-04
   8.5484897e-04
   8.5546232e-04
   8.5606829e-04
   8.5666687e-04
   8.5725806e-04
   8.5784186e-04
   8.5841826e-04
   8.5898726e-04
   8.5954886e-04
   8.6010305e-04
   8.6064984e-04
   8.6118921e-04
   8.6172117e-04
   8.6224571e-04
   8.6276283e-04
   8.6327252e-04
   8.6377479e-04
   8.6426964e-04
   8.6475705e-04
   8.6523703e-04
   8.6570958e-04
   8.6617469e-04
   8.6663236e-04
   8.6708258e-04
   8.6752537e-04
   8.6796071e-04
   8.6838860e-04
   8.6880904e-04
   8.6922203e-04
   8.6962756e-04
   8.7002565e-04
   8.7041627e-04
   8.7079944e-04
   8.7117515e-04
   8.7154339e-04
   8.7190418e-04
   8.7225750e-04
   8.7260336e-04
   8.7294175e-04
   8.7327267e-04
   8.7359613e-04
   8.7391211e-04
   8.7422063e-04
   8.7452167e-04
   8.7481524e-04
   8.7510134e-04
   8.7537997e-04
   8.7565113e-04
   8.7591480e-04
   8.7617101e-04
   8.7641974e-04
   8.7666099e-04
   8.7689477e-04
   8.7712107e-04
   8.7733989e-04
   8.7755124e-04
   8.7775511e-04
   8.7795151e-04
   8.7814043e-04
   8.7832187e-04
   8.7849584e-04
   8.7866233e-04
   8.7882134e-04
   8.7897288e-04
   8.7911695e-04
   8.7925354e-04
   8.7938266e-04
   8.7950430e-04
   8.7961848e-04
   8.7972518e-04
   8.7982441e-04
   8.7991617e-04
   8.8000046e-04
   8.8007729e-04
   8.8014665e-04
   8.8020854e-04
   8.8026297e-04
   8.8030994e-04
   8.8034944e-04
   8.8038149e-04
   8.8040608e-04
   8.8042321e-04
   8.8043288e-04
   8.8043510e-04
   8.8042987e-04
   8.8041718e-04
   8.8039705e-04
   8.8036948e-04
   8.8033445e-04
   8.8029199e-04
   8.8024208e-04
   8.8018474e-04
   8.8011996e-04
   8.8004774e-04
   8.7996810e-04
   8.7988102e-04
   8.7978652e-04
   8.7968460e-04
   8.7957525e-04
   8.7945849e-04
   8.7933430e-04
   8.7920271e-04
   8.7906370e-04
   8.7891729e-04
   8.7876347e-04
   8.7860225e-04
   8.7843364e-04
   8.7825762e-04
   8.7807422e-04
   8.7788342e-04
   8.7768524e-04
   8.7747968e-04
   8.7726674e-04
   8.7704642e-04
   8.7681873e-04
   8.7658368e-04
   8.7634126e-04
   8.7609148e-04
   8.7583434e-04
   8.7556985e-04
   8.7529801e-04
   8.7501883e-04
   8.7473230e-04
   8.7443844e-04
   8.7413725e-04
   8.7382873e-04
   8.7351288e-04
   8.7318972e-04
   8.7285924e-04
   8.7252145e-04
   8.7217635e-04
   8.7182395e-04
   8.7146426e-04
   8.7109727e-04
   8.7072300e-04
   8.7034145e-04
   8.6995261e-04
   8.6955651e-04
   8.6915313e-04
   8.6874250e-04
   8.6832461e-04
   8.6789946e-04
   8.6746707e-04
   8.6702744e-04
   8.6658058e-04
   8.6612648e-04
   8.6566516e-04
   8.6519662e-04
   8.6472086e-04
   8.6423790e-04
   8.6374773e-04
   8.6325037e-04
   8.6274582e-04
   8.6223409e-04
   8.6171517e-04
   8.6118908e-04
   8.6065583e-04
   8.6011542e-04
   8.5956785e-04
   8.5901314e-04
   8.5845128e-04
   8.5788229e-04
   8.5730617e-04
   8.5672293e-04
   8.5613258e-04
   8.5553511e-04
   8.5493055e-04
   8.5431889e-04
   8.5370014e-04
   8.5307431e-04
   8.5244140e-04
   8.5180143e-04
   8.5115440e-04
   8.5050031e-04
   8.4983918e-04
   8.4917101e-04
   8.4849581e-04
   8.4781358e-04
   8.4712434e-04
   8.4642809e-04
   8.4572483e-04
   8.4501458e-04
   8.4429735e-04
   8.4357314e-04
   8.4284195e-04
   8.4210380e-04
   8.4135870e-04
   8.4060665e-04
   8.3984766e-04
   8.3908174e-04
   8.3830889e-04
   8.3752913e-04
   8.3674246e-04
   8.3594889e-04
   8.3514844e-04
   8.3434110e-04
   8.3352688e-04
   8.3270581e-04
   8.3187787e-04
   8.3104309e-04
   8.3020147e-04
   8.2935301e-04
   8.2849774e-04
   8.2763565e-04
   8.2676676e-04
   8.2589107e-04
   8.2500860e-04
   8.2411934e-04
   8.2322333e-04
   8.2232055e-04
   8.2141102e-04
   8.2049475e-04
   8.1957175e-04
   8.1864203e-04
   8.1770559e-04
   8.1676246e-04
   8.1581263e-04
   8.1485611e-04
   8.1389292e-04
   8.1292307e-04
   8.1194656e-04
   8.1096341e-04
   8.0997362e-04
   8.0897721e-04
   8.0797418e-04
   8.0696455e-04
   8.0594832e-04
   8.0492550e-04
   8.0389612e-04
   8.0286016e-04
   8.0181766e-04
   8.0076861e-04
   7.9971302e-04
   7.9865091e-04
   7.9758229e-04
   7.9650717e-04
   7.9542556e-04
   7.9433747e-04
   7.9324290e-04
   7.9214188e-04
   7.9103441e-04
   7.8992050e-04
   7.8880016e-04
   7.8767341e-04
   7.8654025e-04
   7.8540070e-04
   7.8425477e-04
   7.8310247e-04
   7.8194380e-04
   7.8077879e-04
   7.7960744e-04
   7.7842976e-04
   7.7724577e-04
   7.7605548e-04
   7.7485889e-04
   7.7365603e-04
   7.7244689e-04
   7.7123150e-04
   7.7000987e-04
   7.6878200e-04
   7.6754791e-04
   7.6630761e-04
   7.6506111e-04
   7.6380843e-04
   7.6254957e-04
   7.6128455e-04
   7.6001339e-04
   7.5873608e-04
   7.5745265e-04
   7.5616311e-04
   7.5486747e-04
   7.5356574e-04
   7.5225793e-04
   7.5094406e-04
   7.4962414e-04
   7.4829818e-04
   7.4696620e-04
   7.4562821e-04
   7.4428421e-04
   7.4293423e-04
   7.4157827e-04
   7.4021635e-04
   7.3884849e-04
   7.3747468e-04
   7.3609496e-04
   7.3470932e-04
   7.3331779e-04
   7.3192038e-04
   7.3051709e-04
   7.2910795e-04
   7.2769296e-04
   7.2627215e-04
   7.2484551e-04
   7.2341308e-04
   7.2197485e-04
   7.2053085e-04
   7.1908108e-04
   7.1762556e-04
   7.1616431e-04
   7.1469734e-04
   7.1322466e-04
   7.1174628e-04
   7.1026222e-04
   7.0877250e-04
   7.0727712e-04
   7.0577610e-04
   7.0426946e-04
   7.0275721e-04
   7.0123936e-04
   6.9971593e-04
   6.9818693e-04
   6.9665237e-04
   6.9511228e-04
   6.9356666e-04
   6.9201553e-04
   6.9045890e-04
   6.8889679e-04
   6.8732921e-04
   6.8575617e-04
   6.8417770e-04
   6.8259381e-04
   6.8100450e-04
   6.7940980e-04
   6.7780972e-04
   6.7620427e-04
   6.7459348e-04
   6.7297734e-04
   6.7135589e-04
   6.6972913e-04
   6.6809708e-04
   6.6645975e-04
   6.6481717e-04
   6.6316933e-04
   6.6151627e-04
   6.5985799e-04
   6.5819451e-04
   6.5652585e-04
   6.5485201e-04
   6.5317303e-04
   6.5148890e-04
   6.4979965e-04
   6.4810529e-04
   6.4640585e-04
   6.4470132e-04
   6.4299173e-04
   6.4127710e-04
   6.3955744e-04
   6.3783276e-04
   6.3610308e-04
   6.3436843e-04
   6.3262880e-04
   6.3088423e-04
   6.2913472e-04
   6.2738029e-04
   6.2562095e-04
   6.2385673e-04
   6.2208764e-04
   6.2031370e-04
   6.1853491e-04
   6.1675131e-04
   6.1496289e-04
   6.1316969e-04
   6.1137171e-04
   6.0956898e-04
   6.0776150e-04
   6.0594930e-04
   6.0413239e-04
   6.0231079e-04
   6.0048452e-04
   5.9865358e-04
   5.9681800e-04
   5.9497780e-04
   5.9313299e-04
   5.9128358e-04
   5.8942960e-04
   5.8757107e-04
   5.8570798e-04
   5.8384038e-04
   5.8196826e-04
   5.8009165e-04
   5.7821057e-04
   5.7632503e-04
   5.7443505e-04
   5.7254065e-04
   5.7064184e-04
   5.6873864e-04
   5.6683107e-04
   5.6491914e-04
   5.6300287e-04
   5.6108229e-04
   5.5915740e-04
   5.5722822e-04
   5.5529477e-04
   5.5335707e-04
   5.5141514e-04
   5.4946899e-04
   5.4751864e-04
   5.4556411e-04
   5.4360542e-04
   5.4164258e-04
   5.3967560e-04
   5.3770452e-04
   5.3572934e-04
   5.3375009e-04
   5.3176677e-04
   5.2977942e-04
   5.2778804e-04
   5.2579266e-04
   5.2379329e-04
   5.2178995e-04
   5.1978265e-04
   5.1777142e-04
   5.1575628e-04
   5.1373724e-04
   5.1171432e-04
   5.0968753e-04
   5.0765690e-04
   5.0562245e-04
   5.0358418e-04
   5.0154213e-04
   4.9949630e-04
   4.9744672e-04
   4.9539341e-04
   4.9333638e-04
   4.9127565e-04
   4.8921124e-04
   4.8714316e-04
   4.8507144e-04
   4.8299610e-04
   4.8091715e-04
   4.7883461e-04
   4.7674850e-04
   4.7465884e-04
   4.7256564e-04
   4.7046894e-04
   4.6836873e-04
   4.6626505e-04
   4.6415790e-04
   4.6204732e-04
   4.5993331e-04
   4.5781591e-04
   4.5569511e-04
   4.5357095e-04
   4.5144345e-04
   4.4931261e-04
   4.4717847e-04
   4.4504104e-04
   4.4290033e-04
   4.4075637e-04
   4.3860918e-04
   4.3645877e-04
   4.3430517e-04
   4.3214839e-04
   4.2998845e-04
   4.2782537e-04
   4.2565917e-04
   4.2348988e-04
   4.2131749e-04
   4.1914205e-04
   4.1696356e-04
   4.1478205e-04
   4.1259753e-04
   4.1041003e-04
   4.0821955e-04
   4.0602614e-04
   4.0382979e-04
   4.0163053e-04
   3.9942838e-04
   3.9722336e-04
   3.9501549e-04
   3.9280479e-04
   3.9059128e-04
   3.8837497e-04
   3.8615588e-04
   3.8393405e-04
   3.8170947e-04
   3.7948219e-04
   3.7725220e-04
   3.7501954e-04
   3.7278422e-04
   3.7054627e-04
   3.6830569e-04
   3.6606252e-04
   3.6381677e-04
   3.6156846e-04
   3.5931760e-04
   3.5706423e-04
   3.5480836e-04
   3.5255001e-04
   3.5028920e-04
   3.4802594e-04
   3.4576026e-04
   3.4349218e-04
   3.4122172e-04
   3.3894890e-04
   3.3667373e-04
   3.3439624e-04
   3.3211645e-04
   3.2983437e-04
   3.2755003e-04
   3.2526345e-04
   3.2297464e-04
   3.2068363e-04
   3.1839044e-04
   3.1609508e-04
   3.1379758e-04
   3.1149795e-04
   3.0919622e-04
   3.0689240e-04
   3.0458652e-04
   3.0227860e-04
   2.9996865e-04
   2.9765669e-04
   2.9534276e-04
   2.9302686e-04
   2.9070901e-04
   2.8838924e-04
   2.8606757e-04
   2.8374401e-04
   2.8141859e-04
   2.7909132e-04
   2.7676223e-04
   2.7443134e-04
   2.7209866e-04
   2.6976422e-04
   2.6742804e-04
   2.6509013e-04
   2.6275053e-04
   2.6040924e-04
   2.5806628e-04
   2.5572169e-04
   2.5337547e-04
   2.5102765e-04
   2.4867825e-04
   2.4632729e-04
   2.4397479e-04
   2.4162077e-04
   2.3926524e-04
   2.3690824e-04
   2.3454978e-04
   2.3218987e-04
   2.2982855e-04
   2.2746583e-04
   2.2510173e-04
   2.2273628e-04
   2.2036948e-04
   2.1800137e-04
   2.1563196e-04
   2.1326127e-04
   2.1088933e-04
   2.0851615e-04
   2.0614175e-04
   2.0376616e-04
   2.0138940e-04
   1.9901147e-04
   1.9663242e-04
   1.9425225e-04
   1.9187099e-04
   1.8948865e-04
   1.8710527e-04
   1.8472085e-04
   1.8233541e-04
   1.7994899e-04
   1.7756160e-04
   1.7517325e-04
   1.7278398e-04
   1.7039379e-04
   1.6800272e-04
   1.6561078e-04
   1.6321798e-04
   1.6082437e-04
   1.5842994e-04
   1.5603473e-04
   1.5363875e-04
   1.5124202e-04
   1.4884457e-04
   1.4644641e-04
   1.4404757e-04
   1.4164806e-04
   1.3924791e-04
   1.3684714e-04
   1.3444577e-04
   1.3204381e-04
   1.2964129e-04
   1.2723823e-04
   1.2483464e-04
   1.2243056e-04
   1.2002600e-04
   1.1762097e-04
   1.1521551e-04
   1.1280963e-04
   1.1040335e-04
   1.0799670e-04
   1.0558968e-04
   1.0318233e-04
   1.0077466e-04
   9.8366700e-05
   9.5958461e-05
   9.3549967e-05
   9.1141238e-05
   8.8732295e-05
   8.6323159e-05
   8.3913849e-05
   8.1504386e-05
   7.9094790e-05
   7.6685083e-05
   7.4275284e-05
   7.1865414e-05
   6.9455493e-05
   6.7045542e-05
   6.4635581e-05
   6.2225630e-05
   5.9815710e-05
   5.7405841e-05
   5.4996044e-05
   5.2586339e-05
   5.0176746e-05
   4.7767286e-05
   4.5357979e-05
   4.2948845e-05
   4.0539905e-05
   3.8131180e-05
   3.5722689e-05
   3.3314452e-05
   3.0906491e-05
   2.8498825e-05
   2.6091475e-05
   2.3684462e-05
   2.1277804e-05
   1.8871523e-05
   1.6465639e-05
   1.4060173e-05
   1.1655143e-05
   9.2505720e-06
   6.8464786e-06
   4.4428833e-06
   2.0398065e-06
  -3.6273159e-07
  -2.7647108e-06
  -5.1661110e-06
  -7.5669118e-06
  -9.9670932e-06
  -1.2366635e-05
  -1.4765517e-05
  -1.7163719e-05
  -1.9561221e-05
  -2.1958002e-05
  -2.4354044e-05
  -2.6749324e-05
  -2.9143825e-05
  -3.1537524e-05
  -3.3930403e-05
  -3.6322441e-05
  -3.8713618e-05
  -4.1103915e-05
  -4.3493310e-05
  -4.5881784e-05
  -4.8269318e-05
  -5.0655890e-05
  -5.3041482e-05
  -5.5426073e-05
  -5.7809643e-05
  -6.0192172e-05
  -6.2573640e-05
  -6.4954028e-05
  -6.7333315e-05
  -6.9711482e-05
  -7.2088508e-05
  -7.4464375e-05
  -7.6839061e-05
  -7.9212547e-05
  -8.1584814e-05
  -8.3955842e-05
  -8.6325610e-05
  -8.8694099e-05
  -9.1061289e-05
  -9.3427161e-05
  -9.5791695e-05
  -9.8154871e-05
  -1.0051667e-04
  -1.0287707e-04
  -1.0523605e-04
  -1.0759360e-04
  -1.0994969e-04
  -1.1230431e-04
  -1.1465743e-04
  -1.1700903e-04
  -1.1935910e-04
  -1.2170762e-04
  -1.2405456e-04
  -1.2639991e-04
  -1.2874365e-04
  -1.3108575e-04
  -1.3342621e-04
  -1.3576499e-04
  -1.3810208e-04
  -1.4043746e-04
  -1.4277112e-04
  -1.4510302e-04
  -1.4743316e-04
  -1.4976151e-04
  -1.5208805e-04
  -1.5441277e-04
  -1.5673564e-04
  -1.5905665e-04
  -1.6137577e-04
  -1.6369299e-04
  -1.6600829e-04
  -1.6832165e-04
  -1.7063305e-04
  -1.7294247e-04
  -1.7524989e-04
  -1.7755530e-04
  -1.7985866e-04
  -1.8215998e-04
  -1.8445921e-04
  -1.8675636e-04
  -1.8905139e-04
  -1.9134429e-04
  -1.9363504e-04
  -1.9592362e-04
  -1.9821001e-04
  -2.0049420e-04
  -2.0277616e-04
  -2.0505587e-04
  -2.0733333e-04
  -2.0960850e-04
  -2.1188136e-04
  -2.1415191e-04
  -2.1642013e-04
  -2.1868598e-04
  -2.2094946e-04
  -2.2321054e-04
  -2.2546921e-04
  -2.2772546e-04
  -2.2997925e-04
  -2.3223057e-04
  -2.3447940e-04
  -2.3672573e-04
  -2.3896954e-04
  -2.4121080e-04
  -2.4344951e-04
  -2.4568563e-04
  -2.4791916e-04
  -2.5015007e-04
  -2.5237835e-04
  -2.5460397e-04
  -2.5682693e-04
  -2.5904719e-04
  -2.6126475e-04
  -2.6347959e-04
  -2.6569168e-04
  -2.6790101e-04
  -2.7010756e-04
  -2.7231132e-04
  -2.7451226e-04
  -2.7671036e-04
  -2.7890562e-04
  -2.8109800e-04
  -2.8328750e-04
  -2.8547410e-04
  -2.8765777e-04
  -2.8983850e-04
  -2.9201627e-04
  -2.9419107e-04
  -2.9636287e-04
  -2.9853166e-04
  -3.0069742e-04
  -3.0286014e-04
  -3.0501979e-04
  -3.0717635e-04
  -3.0932982e-04
  -3.1148018e-04
  -3.1362739e-04
  -3.1577146e-04
  -3.1791235e-04
  -3.2005006e-04
  -3.2218457e-04
  -3.2431585e-04
  -3.2644389e-04
  -3.2856868e-04
  -3.3069020e-04
  -3.3280842e-04
  -3.3492334e-04
  -3.3703493e-04
  -3.3914318e-04
  -3.4124807e-04
  -3.4334959e-04
  -3.4544771e-04
  -3.4754242e-04
  -3.4963370e-04
  -3.5172154e-04
  -3.5380592e-04
  -3.5588683e-04
  -3.5796423e-04
  -3.6003813e-04
  -3.6210850e-04
  -3.6417532e-04
  -3.6623858e-04
  -3.6829827e-04
  -3.7035436e-04
  -3.7240683e-04
  -3.7445568e-04
  -3.7650089e-04
  -3.7854243e-04
  -3.8058030e-04
  -3.8261448e-04
  -3.8464494e-04
  -3.8667168e-04
  -3.8869467e-04
  -3.9071391e-04
  -3.9272937e-04
  -3.9474104e-04
  -3.9674890e-04
  -3.9875294e-04
  -4.0075314e-04
  -4.0274948e-04
  -4.0474195e-04
  -4.0673053e-04
  -4.0871521e-04
  -4.1069597e-04
  -4.1267280e-04
  -4.1464567e-04
  -4.1661458e-04
  -4.1857950e-04
  -4.2054042e-04
  -4.2249733e-04
  -4.2445022e-04
  -4.2639905e-04
  -4.2834382e-04
  -4.3028452e-04
  -4.3222113e-04
  -4.3415362e-04
  -4.3608200e-04
  -4.3800623e-04
  -4.3992632e-04
  -4.4184223e-04
  -4.4375396e-04
  -4.4566149e-04
  -4.4756481e-04
  -4.4946389e-04
  -4.5135873e-04
  -4.5324931e-04
  -4.5513562e-04
  -4.5701763e-04
  -4.5889534e-04
  -4.6076874e-04
  -4.6263779e-04
  -4.6450250e-04
  -4.6636284e-04
  -4.6821881e-04
  -4.7007038e-04
  -4.7191754e-04
  -4.7376028e-04
  -4.7559858e-04
  -4.7743242e-04
  -4.7926181e-04
  -4.8108671e-04
  -4.8290711e-04
  -4.8472301e-04
  -4.8653438e-04
  -4.8834121e-04
  -4.9014349e-04
  -4.9194120e-04
  -4.9373434e-04
  -4.9552287e-04
  -4.9730680e-04
  -4.9908610e-04
  -5.0086077e-04
  -5.0263079e-04
  -5.0439614e-04
  -5.0615681e-04
  -5.0791278e-04
  -5.0966405e-04
  -5.1141060e-04
  -5.1315242e-04
  -5.1488949e-04
  -5.1662180e-04
  -5.1834933e-04
  -5.2007207e-04
  -5.2179001e-04
  -5.2350314e-04
  -5.2521143e-04
  -5.2691489e-04
  -5.2861349e-04
  -5.3030722e-04
  -5.3199607e-04
  -5.3368002e-04
  -5.3535906e-04
  -5.3703319e-04
  -5.3870238e-04
  -5.4036662e-04
  -5.4202590e-04
  -5.4368021e-04
  -5.4532953e-04
  -5.4697385e-04
  -5.4861316e-04
  -5.5024745e-04
  -5.5187670e-04
  -5.5350090e-04
  -5.5512004e-04
  -5.5673410e-04
  -5.5834307e-04
  -5.5994695e-04
  -5.6154571e-04
  -5.6313935e-04
  -5.6472785e-04
  -5.6631120e-04
  -5.6788939e-04
  -5.6946241e-04
  -5.7103024e-04
  -5.7259288e-04
  -5.7415030e-04
  -5.7570250e-04
  -5.7724947e-04
  -5.7879120e-04
  -5.8032766e-04
  -5.8185886e-04
  -5.8338477e-04
  -5.8490540e-04
  -5.8642072e-04
  -5.8793072e-04
  -5.8943539e-04
  -5.9093473e-04
  -5.9242872e-04
  -5.9391734e-04
  -5.9540059e-04
  -5.9687846e-04
  -5.9835093e-04
  -5.9981799e-04
  -6.0127963e-04
  -6.0273585e-04
  -6.0418662e-04
  -6.0563195e-04
  -6.0707181e-04
  -6.0850620e-04
  -6.0993510e-04
  -6.1135851e-04
  -6.1277641e-04
  -6.1418880e-04
  -6.1559566e-04
  -6.1699698e-04
  -6.1839275e-04
  -6.1978296e-04
  -6.2116761e-04
  -6.2254667e-04
  -6.2392014e-04
  -6.2528802e-04
  -6.2665028e-04
  -6.2800692e-04
  -6.2935793e-04
  -6.3070330e-04
  -6.3204301e-04
  -6.3337707e-04
  -6.3470545e-04
  -6.3602815e-04
  -6.3734516e-04
  -6.3865647e-04
  -6.3996207e-04
  -6.4126194e-04
  -6.4255609e-04
  -6.4384449e-04
  -6.4512715e-04
  -6.4640405e-04
  -6.4767518e-04
  -6.4894053e-04
  -6.5020009e-04
  -6.5145385e-04
  -6.5270181e-04
  -6.5394396e-04
  -6.5518028e-04
  -6.5641076e-04
  -6.5763541e-04
  -6.5885420e-04
  -6.6006713e-04
  -6.6127419e-04
  -6.6247537e-04
  -6.6367067e-04
  -6.6486007e-04
  -6.6604356e-04
  -6.6722114e-04
  -6.6839280e-04
  -6.6955853e-04
  -6.7071832e-04
  -6.7187216e-04
  -6.7302005e-04
  -6.7416197e-04
  -6.7529792e-04
  -6.7642789e-04
  -6.7755187e-04
  -6.7866985e-04
  -6.7978183e-04
  -6.8088779e-04
  -6.8198773e-04
  -6.8308165e-04
  -6.8416952e-04
  -6.8525136e-04
  -6.8632714e-04
  -6.8739686e-04
  -6.8846051e-04
  -6.8951808e-04
  -6.9056958e-04
  -6.9161498e-04
  -6.9265428e-04
  -6.9368748e-04
  -6.9471457e-04
  -6.9573553e-04
  -6.9675037e-04
  -6.9775908e-04
  -6.9876164e-04
  -6.9975805e-04
  -7.0074831e-04
  -7.0173241e-04
  -7.0271034e-04
  -7.0368209e-04
  -7.0464765e-04
  -7.0560703e-04
  -7.0656021e-04
  -7.0750719e-04
  -7.0844796e-04
  -7.0938251e-04
  -7.1031084e-04
  -7.1123294e-04
  -7.1214880e-04
  -7.1305843e-04
  -7.1396180e-04
  -7.1485892e-04
  -7.1574978e-04
  -7.1663437e-04
  -7.1751270e-04
  -7.1838474e-04
  -7.1925049e-04
  -7.2010996e-04
  -7.2096313e-04
  -7.2181000e-04
  -7.2265056e-04
  -7.2348481e-04
  -7.2431274e-04
  -7.2513434e-04
  -7.2594962e-04
  -7.2675856e-04
  -7.2756116e-04
  -7.2835741e-04
  -7.2914731e-04
  -7.2993085e-04
  -7.3070804e-04
  -7.3147885e-04
  -7.3224329e-04
  -7.3300136e-04
  -7.3375305e-04
  -7.3449834e-04
  -7.3523725e-04
  -7.3596976e-04
  -7.3669587e-04
  -7.3741557e-04
  -7.3812887e-04
  -7.3883575e-04
  -7.3953620e-04
  -7.4023024e-04
  -7.4091785e-04
  -7.4159902e-04
  -7.4227376e-04
  -7.4294205e-04
  -7.4360391e-04
  -7.4425931e-04
  -7.4490826e-04
  -7.4555075e-04
  -7.4618678e-04
  -7.4681634e-04
  -7.4743944e-04
  -7.4805606e-04
  -7.4866621e-04
  -7.4926987e-04
  -7.4986705e-04
  -7.5045775e-04
  -7.5104195e-04
  -7.5161966e-04
  -7.5219087e-04
  -7.5275559e-04
  -7.5331379e-04
  -7.5386549e-04
  -7.5441068e-04
  -7.5494935e-04
  -7.5548151e-04
  -7.5600715e-04
  -7.5652627e-04
  -7.5703886e-04
  -7.5754492e-04
  -7.5804445e-04
  -7.5853744e-04
  -7.5902390e-04
  -7.5950382e-04
  -7.5997720e-04
  -7.6044404e-04
  -7.6090432e-04
  -7.6135806e-04
  -7.6180525e-04
  -7.6224588e-04
  -7.6267996e-04
  -7.6310748e-04
  -7.6352844e-04
  -7.6394284e-04
  -7.6435067e-04
  -7.6475194e-04
  -7.6514664e-04
  -7.6553477e-04
  -7.6591633e-04
  -7.6629131e-04
  -7.6665972e-04
  -7.6702156e-04
  -7.6737681e-04
  -7.6772549e-04
  -7.6806759e-04
  -7.6840310e-04
  -7.6873203e-04
  -7.6905437e-04
  -7.6937013e-04
  -7.6967930e-04
  -7.6998189e-04
  -7.7027788e-04
  -7.7056729e-04
  -7.7085010e-04
  -7.7112632e-04
  -7.7139595e-04
  -7.7165898e-04
  -7.7191542e-04
  -7.7216527e-04
  -7.7240852e-04
  -7.7264517e-04
  -7.7287523e-04
  -7.7309869e-04
  -7.7331555e-04
  -7.7352581e-04
  -7.7372948e-04
  -7.7392655e-04
  -7.7411702e-04
  -7.7430089e-04
  -7.7447817e-04
  -7.7464884e-04
  -7.7481292e-04
  -7.7497040e-04
  -7.7512128e-04
  -7.7526557e-04
  -7.7540326e-04
  -7.7553435e-04
  -7.7565884e-04
  -7.7577674e-04
  -7.7588804e-04
  -7.7599275e-04
  -7.7609086e-04
  -7.7618238e-04
  -7.7626731e-04
  -7.7634565e-04
  -7.7641739e-04
  -7.7648254e-04
  -7.7654111e-04
  -7.7659309e-04
  -7.7663848e-04
  -7.7667728e-04
  -7.7670950e-04
  -7.7673513e-04
  -7.7675419e-04
  -7.7676666e-04
  -7.7677256e-04
  -7.7677187e-04
  -7.7676461e-04
  -7.7675078e-04
  -7.7673037e-04
  -7.7670339e-04
  -7.7666984e-04
  -7.7662972e-04
  -7.7658304e-04
  -7.7652979e-04
  -7.7646998e-04
  -7.7640361e-04
  -7.7633069e-04
  -7.7625121e-04
  -7.7616517e-04
  -7.7607258e-04
  -7.7597345e-04
  -7.7586776e-04
  -7.7575554e-04
  -7.7563677e-04
  -7.7551146e-04
  -7.7537961e-04
  -7.7524123e-04
  -7.7509632e-04
  -7.7494489e-04
  -7.7478692e-04
  -7.7462243e-04
  -7.7445143e-04
  -7.7427390e-04
  -7.7408986e-04
  -7.7389931e-04
  -7.7370226e-04
  -7.7349869e-04
  -7.7328863e-04
  -7.7307207e-04
  -7.7284901e-04
  -7.7261947e-04
  -7.7238343e-04
  -7.7214091e-04
  -7.7189191e-04
  -7.7163643e-04
  -7.7137448e-04
  -7.7110606e-04
  -7.7083117e-04
  -7.7054982e-04
  -7.7026202e-04
  -7.6996775e-04
  -7.6966704e-04
  -7.6935988e-04
  -7.6904628e-04
  -7.6872624e-04
  -7.6839977e-04
  -7.6806687e-04
  -7.6772754e-04
  -7.6738179e-04
  -7.6702962e-04
  -7.6667105e-04
  -7.6630606e-04
  -7.6593467e-04
  -7.6555689e-04
  -7.6517271e-04
  -7.6478214e-04
  -7.6438519e-04
  -7.6398186e-04
  -7.6357215e-04
  -7.6315607e-04
  -7.6273363e-04
  -7.6230483e-04
  -7.6186968e-04
  -7.6142818e-04
  -7.6098033e-04
  -7.6052615e-04
  -7.6006563e-04
  -7.5959878e-04
  -7.5912562e-04
  -7.5864613e-04
  -7.5816033e-04
  -7.5766823e-04
  -7.5716983e-04
  -7.5666513e-04
  -7.5615415e-04
  -7.5563688e-04
  -7.5511333e-04
  -7.5458351e-04
  -7.5404743e-04
  -7.5350509e-04
  -7.5295650e-04
  -7.5240165e-04
  -7.5184057e-04
  -7.5127325e-04
  -7.5069971e-04
  -7.5011994e-04
  -7.4953395e-04
  -7.4894176e-04
  -7.4834336e-04
  -7.4773877e-04
  -7.4712799e-04
  -7.4651102e-04
  -7.4588788e-04
  -7.4525856e-04
  -7.4462309e-04
  -7.4398145e-04
  -7.4333367e-04
  -7.4267975e-04
  -7.4201969e-04
  -7.4135350e-04
  -7.4068119e-04
  -7.4000276e-04
  -7.3931823e-04
  -7.3862760e-04
  -7.3793087e-04
  -7.3722806e-04
  -7.3651918e-04
  -7.3580422e-04
  -7.3508320e-04
  -7.3435612e-04
  -7.3362299e-04
  -7.3288383e-04
  -7.3213863e-04
  -7.3138740e-04
  -7.3063016e-04
  -7.2986691e-04
  -7.2909766e-04
  -7.2832241e-04
  -7.2754118e-04
  -7.2675397e-04
  -7.2596079e-04
  -7.2516165e-04
  -7.2435656e-04
  -7.2354552e-04
  -7.2272854e-04
  -7.2190564e-04
  -7.2107681e-04
  -7.2024207e-04
  -7.1940143e-04
  -7.1855490e-04
  -7.1770247e-04
  -7.1684417e-04
  -7.1598000e-04
  -7.1510997e-04
  -7.1423409e-04
  -7.1335237e-04
  -7.1246481e-04
  -7.1157142e-04
  -7.1067222e-04
  -7.0976721e-04
  -7.0885641e-04
  -7.0793981e-04
  -7.0701743e-04
  -7.0608929e-04
  -7.0515538e-04
  -7.0421571e-04
  -7.0327031e-04
  -7.0231917e-04
  -7.0136230e-04
  -7.0039973e-04
  -6.9943144e-04
  -6.9845746e-04
  -6.9747779e-04
  -6.9649245e-04
  -6.9550143e-04
  -6.9450477e-04
  -6.9350245e-04
  -6.9249449e-04
  -6.9148091e-04
  -6.9046171e-04
  -6.8943690e-04
  -6.8840649e-04
  -6.8737049e-04
  -6.8632891e-04
  -6.8528177e-04
  -6.8422907e-04
  -6.8317082e-04
  -6.8210703e-04
  -6.8103772e-04
  -6.7996289e-04
  -6.7888255e-04
  -6.7779672e-04
  -6.7670540e-04
  -6.7560860e-04
  -6.7450634e-04
  -6.7339863e-04
  -6.7228547e-04
  -6.7116689e-04
  -6.7004288e-04
  -6.6891345e-04
  -6.6777863e-04
  -6.6663842e-04
  -6.6549283e-04
  -6.6434187e-04
  -6.6318556e-04
  -6.6202390e-04
  -6.6085691e-04
  -6.5968459e-04
  -6.5850696e-04
  -6.5732403e-04
  -6.5613581e-04
  -6.5494231e-04
  -6.5374355e-04
  -6.5253953e-04
  -6.5133026e-04
  -6.5011577e-04
  -6.4889605e-04
  -6.4767112e-04
  -6.4644099e-04
  -6.4520568e-04
  -6.4396519e-04
  -6.4271954e-04
  -6.4146874e-04
  -6.4021279e-04
  -6.3895172e-04
  -6.3768554e-04
  -6.3641425e-04
  -6.3513786e-04
  -6.3385640e-04
  -6.3256987e-04
  -6.3127829e-04
  -6.2998166e-04
  -6.2867999e-04
  -6.2737331e-04
  -6.2606163e-04
  -6.2474494e-04
  -6.2342328e-04
  -6.2209664e-04
  -6.2076505e-04
  -6.1942851e-04
  -6.1808703e-04
  -6.1674064e-04
  -6.1538934e-04
  -6.1403314e-04
  -6.1267206e-04
  -6.1130611e-04
  -6.0993531e-04
  -6.0855966e-04
  -6.0717917e-04
  -6.0579387e-04
  -6.0440376e-04
  -6.0300886e-04
  -6.0160918e-04
  -6.0020473e-04
  -5.9879552e-04
  -5.9738158e-04
  -5.9596290e-04
  -5.9453951e-04
  -5.9311142e-04
  -5.9167864e-04
  -5.9024118e-04
  -5.8879906e-04
  -5.8735230e-04
  -5.8590089e-04
  -5.8444487e-04
  -5.8298423e-04
  -5.8151900e-04
  -5.8004919e-04
  -5.7857481e-04
  -5.7709587e-04
  -5.7561239e-04
  -5.7412439e-04
  -5.7263187e-04
  -5.7113485e-04
  -5.6963334e-04
  -5.6812736e-04
  -5.6661692e-04
  -5.6510204e-04
  -5.6358272e-04
  -5.6205899e-04
  -5.6053085e-04
  -5.5899832e-04
  -5.5746142e-04
  -5.5592015e-04
  -5.5437454e-04
  -5.5282459e-04
  -5.5127033e-04
  -5.4971176e-04
  -5.4814889e-04
  -5.4658175e-04
  -5.4501035e-04
  -5.4343470e-04
  -5.4185482e-04
  -5.4027072e-04
  -5.3868241e-04
  -5.3708991e-04
  -5.3549323e-04
  -5.3389239e-04
  -5.3228741e-04
  -5.3067829e-04
  -5.2906505e-04
  -5.2744771e-04
  -5.2582629e-04
  -5.2420078e-04
  -5.2257122e-04
  -5.2093761e-04
  -5.1929998e-04
  -5.1765832e-04
  -5.1601267e-04
  -5.1436303e-04
  -5.1270942e-04
  -5.1105186e-04
  -5.0939035e-04
  -5.0772492e-04
  -5.0605558e-04
  -5.0438234e-04
  -5.0270522e-04
  -5.0102424e-04
  -4.9933940e-04
  -4.9765073e-04
  -4.9595824e-04
  -4.9426195e-04
  -4.9256187e-04
  -4.9085801e-04
  -4.8915039e-04
  -4.8743903e-04
  -4.8572394e-04
  -4.8400513e-04
  -4.8228263e-04
  -4.8055645e-04
  -4.7882660e-04
  -4.7709310e-04
  -4.7535597e-04
  -4.7361521e-04
  -4.7187085e-04
  -4.7012290e-04
  -4.6837138e-04
  -4.6661630e-04
  -4.6485768e-04
  -4.6309553e-04
  -4.6132987e-04
  -4.5956072e-04
  -4.5778808e-04
  -4.5601199e-04
  -4.5423244e-04
  -4.5244947e-04
  -4.5066308e-04
  -4.4887329e-04
  -4.4708012e-04
  -4.4528358e-04
  -4.4348369e-04
  -4.4168046e-04
  -4.3987391e-04
  -4.3806406e-04
  -4.3625092e-04
  -4.3443451e-04
  -4.3261485e-04
  -4.3079194e-04
  -4.2896581e-04
  -4.2713648e-04
  -4.2530396e-04
  -4.2346826e-04
  -4.2162940e-04
  -4.1978740e-04
  -4.1794228e-04
  -4.1609405e-04
  -4.1424272e-04
  -4.1238832e-04
  -4.1053086e-04
  -4.0867036e-04
  -4.0680683e-04
  -4.0494029e-04
  -4.0307075e-04
  -4.0119824e-04
  -3.9932277e-04
  -3.9744435e-04
  -3.9556300e-04
  -3.9367875e-04
  -3.9179159e-04
  -3.8990157e-04
  -3.8800868e-04
  -3.8611294e-04
  -3.8421438e-04
  -3.8231301e-04
  -3.8040884e-04
  -3.7850189e-04
  -3.7659219e-04
  -3.7467974e-04
  -3.7276456e-04
  -3.7084668e-04
  -3.6892610e-04
  -3.6700284e-04
  -3.6507692e-04
  -3.6314836e-04
  -3.6121718e-04
  -3.5928339e-04
  -3.5734700e-04
  -3.5540804e-04
  -3.5346652e-04
  -3.5152246e-04
  -3.4957588e-04
  -3.4762679e-04
  -3.4567521e-04
  -3.4372116e-04
  -3.4176466e-04
  -3.3980571e-04
  -3.3784435e-04
  -3.3588058e-04
  -3.3391442e-04
  -3.3194589e-04
  -3.2997502e-04
  -3.2800180e-04
  -3.2602627e-04
  -3.2404844e-04
  -3.2206832e-04
  -3.2008594e-04
  -3.1810131e-04
  -3.1611445e-04
  -3.1412538e-04
  -3.1213410e-04
  -3.1014065e-04
  -3.0814504e-04
  -3.0614728e-04
  -3.0414740e-04
  -3.0214540e-04
  -3.0014131e-04
  -2.9813515e-04
  -2.9612693e-04
  -2.9411667e-04
  -2.9210439e-04
  -2.9009010e-04
  -2.8807383e-04
  -2.8605558e-04
  -2.8403539e-04
  -2.8201326e-04
  -2.7998921e-04
  -2.7796326e-04
  -2.7593543e-04
  -2.7390573e-04
  -2.7187419e-04
  -2.6984082e-04
  -2.6780564e-04
  -2.6576866e-04
  -2.6372991e-04
  -2.6168940e-04
  -2.5964714e-04
  -2.5760317e-04
  -2.5555748e-04
  -2.5351012e-04
  -2.5146108e-04
  -2.4941038e-04
  -2.4735806e-04
  -2.4530411e-04
  -2.4324857e-04
  -2.4119145e-04
  -2.3913276e-04
  -2.3707253e-04
  -2.3501076e-04
  -2.3294749e-04
  -2.3088273e-04
  -2.2881649e-04
  -2.2674879e-04
  -2.2467966e-04
  -2.2260910e-04
  -2.2053714e-04
  -2.1846380e-04
  -2.1638909e-04
  -2.1431303e-04
  -2.1223563e-04
  -2.1015693e-04
  -2.0807692e-04
  -2.0599564e-04
  -2.0391310e-04
  -2.0182932e-04
  -1.9974431e-04
  -1.9765810e-04
  -1.9557069e-04
  -1.9348212e-04
  -1.9139240e-04
  -1.8930154e-04
  -1.8720956e-04
  -1.8511648e-04
  -1.8302233e-04
  -1.8092711e-04
  -1.7883084e-04
  -1.7673355e-04
  -1.7463526e-04
  -1.7253597e-04
  -1.7043570e-04
  -1.6833449e-04
  -1.6623233e-04
  -1.6412926e-04
  -1.6202528e-04
  -1.5992043e-04
  -1.5781471e-04
  -1.5570814e-04
  -1.5360074e-04
  -1.5149254e-04
  -1.4938354e-04
  -1.4727376e-04
  -1.4516323e-04
  -1.4305196e-04
  -1.4093997e-04
  -1.3882728e-04
  -1.3671390e-04
  -1.3459986e-04
  -1.3248517e-04
  -1.3036985e-04
  -1.2825391e-04
  -1.2613738e-04
  -1.2402028e-04
  -1.2190262e-04
  -1.1978442e-04
  -1.1766569e-04
  -1.1554646e-04
  -1.1342675e-04
  -1.1130657e-04
  -1.0918594e-04
  -1.0706487e-04
  -1.0494340e-04
  -1.0282152e-04
  -1.0069927e-04
  -9.8576663e-05
  -9.6453712e-05
  -9.4330438e-05
  -9.2206858e-05
  -9.0082991e-05
  -8.7958854e-05
  -8.5834467e-05
  -8.3709846e-05
  -8.1585009e-05
  -7.9459976e-05
  -7.7334764e-05
  -7.5209390e-05
  -7.3083874e-05
  -7.0958232e-05
  -6.8832483e-05
  -6.6706646e-05
  -6.4580737e-05
  -6.2454775e-05
  -6.0328779e-05
  -5.8202765e-05
  -5.6076752e-05
  -5.3950758e-05
  -5.1824802e-05
  -4.9698900e-05
  -4.7573071e-05
  -4.5447333e-05
  -4.3321704e-05
  -4.1196201e-05
  -3.9070844e-05
  -3.6945649e-05
  -3.4820635e-05
  -3.2695820e-05
  -3.0571221e-05
  -2.8446856e-05
  -2.6322744e-05
  -2.4198903e-05
  -2.2075349e-05
  -1.9952102e-05
  -1.7829179e-05
  -1.5706597e-05
  -1.3584376e-05
  -1.1462532e-05
  -9.3410838e-06
  -7.2200490e-06
  -5.0994454e-06
  -2.9792909e-06
  -8.5960340e-07
   1.2595993e-06
   3.3782995e-06
   5.4964792e-06
   7.6141207e-06
   9.7312062e-06
   1.1847718e-05
   1.3963638e-05
   1.6078949e-05
   1.8193633e-05
   2.0307671e-05
   2.2421048e-05
   2.4533744e-05
   2.6645741e-05
   2.8757024e-05
   3.0867572e-05
   3.2977370e-05
   3.5086399e-05
   3.7194641e-05
   3.9302079e-05
   4.1408695e-05
   4.3514472e-05
   4.5619392e-05
   4.7723437e-05
   4.9826590e-05
   5.1928833e-05
   5.4030149e-05
   5.6130519e-05
   5.8229927e-05
   6.0328355e-05
   6.2425786e-05
   6.4522201e-05
   6.6617583e-05
   6.8711916e-05
   7.0805181e-05
   7.2897360e-05
   7.4988438e-05
   7.7078395e-05
   7.9167215e-05
   8.1254880e-05
   8.3341372e-05
   8.5426675e-05
   8.7510772e-05
   8.9593644e-05
   9.1675274e-05
   9.3755645e-05
   9.5834740e-05
   9.7912541e-05
   9.9989032e-05
   1.0206419e-04
   1.0413801e-04
   1.0621047e-04
   1.0828154e-04
   1.1035122e-04
   1.1241948e-04
   1.1448631e-04
   1.1655170e-04
   1.1861561e-04
   1.2067805e-04
   1.2273898e-04
   1.2479840e-04
   1.2685628e-04
   1.2891262e-04
   1.3096738e-04
   1.3302056e-04
   1.3507213e-04
   1.3712209e-04
   1.3917041e-04
   1.4121708e-04
   1.4326208e-04
   1.4530539e-04
   1.4734700e-04
   1.4938688e-04
   1.5142503e-04
   1.5346142e-04
   1.5549605e-04
   1.5752888e-04
   1.5955991e-04
   1.6158912e-04
   1.6361649e-04
   1.6564200e-04
   1.6766565e-04
   1.6968740e-04
   1.7170725e-04
   1.7372517e-04
   1.7574116e-04
   1.7775520e-04
   1.7976726e-04
   1.8177733e-04
   1.8378540e-04
   1.8579144e-04
   1.8779545e-04
   1.8979741e-04
   1.9179729e-04
   1.9379509e-04
   1.9579078e-04
   1.9778435e-04
   1.9977579e-04
   2.0176507e-04
   2.0375219e-04
   2.0573712e-04
   2.0771984e-04
   2.0970035e-04
   2.1167863e-04
   2.1365465e-04
   2.1562841e-04
   2.1759989e-04
   2.1956906e-04
   2.2153592e-04
   2.2350045e-04
   2.2546263e-04
   2.2742245e-04
   2.2937989e-04
   2.3133494e-04
   2.3328757e-04
   2.3523777e-04
   2.3718554e-04
   2.3913084e-04
   2.4107367e-04
   2.4301400e-04
   2.4495183e-04
   2.4688714e-04
   2.4881991e-04
   2.5075012e-04
   2.5267776e-04
   2.5460282e-04
   2.5652528e-04
   2.5844512e-04
   2.6036233e-04
   2.6227689e-04
   2.6418878e-04
   2.6609800e-04
   2.6800452e-04
   2.6990833e-04
   2.7180941e-04
   2.7370776e-04
   2.7560334e-04
   2.7749616e-04
   2.7938618e-04
   2.8127341e-04
   2.8315781e-04
   2.8503938e-04
   2.8691811e-04
   2.8879396e-04
   2.9066694e-04
   2.9253703e-04
   2.9440420e-04
   2.9626845e-04
   2.9812976e-04
   2.9998812e-04
   3.0184351e-04
   3.0369591e-04
   3.0554531e-04
   3.0739169e-04
   3.0923505e-04
   3.1107536e-04
   3.1291261e-04
   3.1474679e-04
   3.1657788e-04
   3.1840586e-04
   3.2023073e-04
   3.2205246e-04
   3.2387104e-04
   3.2568646e-04
   3.2749870e-04
   3.2930776e-04
   3.3111360e-04
   3.3291622e-04
   3.3471561e-04
   3.3651175e-04
   3.3830462e-04
   3.4009421e-04
   3.4188052e-04
   3.4366351e-04
   3.4544318e-04
   3.4721951e-04
   3.4899250e-04
   3.5076211e-04
   3.5252835e-04
   3.5429120e-04
   3.5605064e-04
   3.5780666e-04
   3.5955924e-04
   3.6130837e-04
   3.6305404e-04
   3.6479623e-04
   3.6653493e-04
   3.6827012e-04
   3.7000180e-04
   3.7172994e-04
   3.7345454e-04
   3.7517557e-04
   3.7689303e-04
   3.7860690e-04
   3.8031717e-04
   3.8202383e-04
   3.8372685e-04
   3.8542624e-04
   3.8712196e-04
   3.8881402e-04
   3.9050240e-04
   3.9218707e-04
   3.9386804e-04
   3.9554529e-04
   3.9721879e-04
   3.9888855e-04
   4.0055455e-04
   4.0221677e-04
   4.0387519e-04
   4.0552982e-04
   4.0718063e-04
   4.0882761e-04
   4.1047075e-04
   4.1211003e-04
   4.1374545e-04
   4.1537699e-04
   4.1700463e-04
   4.1862836e-04
   4.2024818e-04
   4.2186406e-04
   4.2347600e-04
   4.2508398e-04
   4.2668798e-04
   4.2828801e-04
   4.2988404e-04
   4.3147606e-04
   4.3306406e-04
   4.3464803e-04
   4.3622795e-04
   4.3780381e-04
   4.3937560e-04
   4.4094331e-04
   4.4250693e-04
   4.4406643e-04
   4.4562182e-04
   4.4717307e-04
   4.4872018e-04
   4.5026313e-04
   4.5180192e-04
   4.5333652e-04
   4.5486693e-04
   4.5639314e-04
   4.5791512e-04
   4.5943289e-04
   4.6094641e-04
   4.6245567e-04
   4.6396068e-04
   4.6546141e-04
   4.6695785e-04
   4.6844999e-04
   4.6993782e-04
   4.7142133e-04
   4.7290050e-04
   4.7437533e-04
   4.7584581e-04
   4.7731191e-04
   4.7877364e-04
   4.8023097e-04
   4.8168390e-04
   4.8313242e-04
   4.8457651e-04
   4.8601617e-04
   4.8745138e-04
   4.8888213e-04
   4.9030841e-04
   4.9173021e-04
   4.9314752e-04
   4.9456033e-04
   4.9596862e-04
   4.9737239e-04
   4.9877162e-04
   5.0016631e-04
   5.0155645e-04
   5.0294201e-04
   5.0432300e-04
   5.0569939e-04
   5.0707119e-04
   5.0843838e-04
   5.0980095e-04
   5.1115889e-04
   5.1251219e-04
   5.1386083e-04
   5.1520482e-04
   5.1654413e-04
   5.1787876e-04
   5.1920869e-04
   5.2053393e-04
   5.2185445e-04
   5.2317025e-04
   5.2448131e-04
   5.2578763e-04
   5.2708920e-04
   5.2838601e-04
   5.2967804e-04
   5.3096529e-04
   5.3224775e-04
   5.3352540e-04
   5.3479825e-04
   5.3606627e-04
   5.3732946e-04
   5.3858781e-04
   5.3984131e-04
   5.4108996e-04
   5.4233373e-04
   5.4357262e-04
   5.4480663e-04
   5.4603573e-04
   5.4725994e-04
   5.4847922e-04
   5.4969358e-04
   5.5090301e-04
   5.5210749e-04
   5.5330702e-04
   5.5450159e-04
   5.5569119e-04
   5.5687582e-04
   5.5805545e-04
   5.5923009e-04
   5.6039972e-04
   5.6156433e-04
   5.6272393e-04
   5.6387849e-04
   5.6502801e-04
   5.6617248e-04
   5.6731190e-04
   5.6844625e-04
   5.6957552e-04
   5.7069972e-04
   5.7181882e-04
   5.7293282e-04
   5.7404172e-04
   5.7514549e-04
   5.7624415e-04
   5.7733767e-04
   5.7842606e-04
   5.7950929e-04
   5.8058737e-04
   5.8166029e-04
   5.8272803e-04
   5.8379059e-04
   5.8484797e-04
   5.8590015e-04
   5.8694713e-04
   5.8798890e-04
   5.8902544e-04
   5.9005677e-04
   5.9108286e-04
   5.9210371e-04
   5.9311931e-04
   5.9412965e-04
   5.9513474e-04
   5.9613455e-04
   5.9712908e-04
   5.9811833e-04
   5.9910229e-04
   6.0008095e-04
   6.0105430e-04
   6.0202234e-04
   6.0298506e-04
   6.0394246e-04
   6.0489452e-04
   6.0584123e-04
   6.0678261e-04
   6.0771862e-04
   6.0864928e-04
   6.0957457e-04
   6.1049448e-04
   6.1140902e-04
   6.1231817e-04
   6.1322192e-04
   6.1412028e-04
   6.1501322e-04
   6.1590076e-04
   6.1678288e-04
   6.1765957e-04
   6.1853083e-04
   6.1939665e-04
   6.2025703e-04
   6.2111196e-04
   6.2196144e-04
   6.2280545e-04
   6.2364400e-04
   6.2447707e-04
   6.2530466e-04
   6.2612677e-04
   6.2694339e-04
   6.2775452e-04
   6.2856014e-04
   6.2936026e-04
   6.3015486e-04
   6.3094394e-04
   6.3172750e-04
   6.3250554e-04
   6.3327804e-04
   6.3404499e-04
   6.3480641e-04
   6.3556227e-04
   6.3631258e-04
   6.3705734e-04
   6.3779652e-04
   6.3853014e-04
   6.3925818e-04
   6.3998064e-04
   6.4069752e-04
   6.4140880e-04
   6.4211450e-04
   6.4281459e-04
   6.4350908e-04
   6.4419797e-04
   6.4488124e-04
   6.4555889e-04
   6.4623092e-04
   6.4689733e-04
   6.4755811e-04
   6.4821325e-04
   6.4886276e-04
   6.4950662e-04
   6.5014483e-04
   6.5077740e-04
   6.5140430e-04
   6.5202555e-04
   6.5264114e-04
   6.5325106e-04
   6.5385531e-04
   6.5445388e-04
   6.5504678e-04
   6.5563399e-04
   6.5621552e-04
   6.5679135e-04
   6.5736150e-04
   6.5792595e-04
   6.5848470e-04
   6.5903774e-04
   6.5958508e-04
   6.6012671e-04
   6.6066263e-04
   6.6119283e-04
   6.6171731e-04
   6.6223607e-04
   6.6274910e-04
   6.6325640e-04
   6.6375797e-04
   6.6425381e-04
   6.6474391e-04
   6.6522827e-04
   6.6570688e-04
   6.6617975e-04
   6.6664687e-04
   6.6710824e-04
   6.6756386e-04
   6.6801372e-04
   6.6845782e-04
   6.6889616e-04
   6.6932873e-04
   6.6975554e-04
   6.7017658e-04
   6.7059185e-04
   6.7100135e-04
   6.7140508e-04
   6.7180302e-04
   6.7219519e-04
   6.7258158e-04
   6.7296219e-04
   6.7333701e-04
   6.7370604e-04
   6.7406928e-04
   6.7442674e-04
   6.7477840e-04
   6.7512427e-04
   6.7546435e-04
   6.7579863e-04
   6.7612711e-04
   6.7644979e-04
   6.7676667e-04
   6.7707775e-04
   6.7738303e-04
   6.7768250e-04
   6.7797616e-04
   6.7826402e-04
   6.7854607e-04
   6.7882231e-04
   6.7909274e-04
   6.7935736e-04
   6.7961616e-04
   6.7986916e-04
   6.8011634e-04
   6.8035771e-04
   6.8059326e-04
   6.8082299e-04
   6.8104691e-04
   6.8126501e-04
   6.8147730e-04
   6.8168377e-04
   6.8188441e-04
   6.8207924e-04
   6.8226826e-04
   6.8245145e-04
   6.8262882e-04
   6.8280037e-04
   6.8296611e-04
   6.8312602e-04
   6.8328011e-04
   6.8342839e-04
   6.8357084e-04
   6.8370748e-04
   6.8383830e-04
   6.8396329e-04
   6.8408247e-04
   6.8419583e-04
   6.8430337e-04
   6.8440510e-04
   6.8450101e-04
   6.8459110e-04
   6.8467537e-04
   6.8475383e-04
   6.8482648e-04
   6.8489331e-04
   6.8495433e-04
   6.8500953e-04
   6.8505892e-04
   6.8510251e-04
   6.8514028e-04
   6.8517225e-04
   6.8519841e-04
   6.8521876e-04
   6.8523330e-04
   6.8524205e-04
   6.8524499e-04
   6.8524212e-04
   6.8523346e-04
   6.8521900e-04
   6.8519875e-04
   6.8517269e-04
   6.8514085e-04
   6.8510321e-04
   6.8505978e-04
   6.8501056e-04
   6.8495555e-04
   6.8489476e-04
   6.8482818e-04
   6.8475583e-04
   6.8467769e-04
   6.8459377e-04
   6.8450408e-04
   6.8440862e-04
   6.8430738e-04
   6.8420038e-04
   6.8408760e-04
   6.8396907e-04
   6.8384477e-04
   6.8371471e-04
   6.8357889e-04
   6.8343732e-04
   6.8328999e-04
   6.8313691e-04
   6.8297809e-04
   6.8281352e-04
   6.8264321e-04
   6.8246716e-04
   6.8228538e-04
   6.8209786e-04
   6.8190461e-04
   6.8170563e-04
   6.8150093e-04
   6.8129050e-04
   6.8107436e-04
   6.8085250e-04
   6.8062493e-04
   6.8039165e-04
   6.8015267e-04
   6.7990798e-04
   6.7965759e-04
   6.7940151e-04
   6.7913974e-04
   6.7887227e-04
   6.7859913e-04
   6.7832030e-04
   6.7803579e-04
   6.7774561e-04
   6.7744976e-04
   6.7714824e-04
   6.7684106e-04
   6.7652822e-04
   6.7620973e-04
   6.7588559e-04
   6.7555580e-04
   6.7522037e-04
   6.7487930e-04
   6.7453259e-04
   6.7418026e-04
   6.7382230e-04
   6.7345872e-04
   6.7308952e-04
   6.7271471e-04
   6.7233429e-04
   6.7194827e-04
   6.7155665e-04
   6.7115943e-04
   6.7075663e-04
   6.7034824e-04
   6.6993427e-04
   6.6951472e-04
   6.6908961e-04
   6.6865892e-04
   6.6822268e-04
   6.6778088e-04
   6.6733353e-04
   6.6688064e-04
   6.6642220e-04
   6.6595823e-04
   6.6548873e-04
   6.6501371e-04
   6.6453316e-04
   6.6404710e-04
   6.6355554e-04
   6.6305846e-04
   6.6255589e-04
   6.6204783e-04
   6.6153428e-04
   6.6101525e-04
   6.6049075e-04
   6.5996077e-04
   6.5942533e-04
   6.5888443e-04
   6.5833808e-04
   6.5778628e-04
   6.5722905e-04
   6.5666637e-04
   6.5609827e-04
   6.5552475e-04
   6.5494581e-04
   6.5436146e-04
   6.5377170e-04
   6.5317655e-04
   6.5257600e-04
   6.5197007e-04
   6.5135876e-04
   6.5074208e-04
   6.5012003e-04
   6.4949263e-04
   6.4885987e-04
   6.4822176e-04
   6.4757832e-04
   6.4692954e-04
   6.4627543e-04
   6.4561601e-04
   6.4495127e-04
   6.4428122e-04
   6.4360588e-04
   6.4292525e-04
   6.4223933e-04
   6.4154813e-04
   6.4085166e-04
   6.4014993e-04
   6.3944294e-04
   6.3873070e-04
   6.3801322e-04
   6.3729050e-04
   6.3656256e-04
   6.3582939e-04
   6.3509102e-04
   6.3434743e-04
   6.3359865e-04
   6.3284468e-04
   6.3208553e-04
   6.3132120e-04
   6.3055170e-04
   6.2977705e-04
   6.2899724e-04
   6.2821229e-04
   6.2742220e-04
   6.2662698e-04
   6.2582665e-04
   6.2502120e-04
   6.2421064e-04
   6.2339499e-04
   6.2257425e-04
   6.2174843e-04
   6.2091754e-04
   6.2008158e-04
   6.1924057e-04
   6.1839451e-04
   6.1754341e-04
   6.1668728e-04
   6.1582613e-04
   6.1495997e-04
   6.1408880e-04
   6.1321263e-04
   6.1233147e-04
   6.1144534e-04
   6.1055423e-04
   6.0965816e-04
   6.0875714e-04
   6.0785117e-04
   6.0694027e-04
   6.0602444e-04
   6.0510369e-04
   6.0417803e-04
   6.0324747e-04
   6.0231202e-04
   6.0137169e-04
   6.0042649e-04
   5.9947642e-04
   5.9852149e-04
   5.9756172e-04
   5.9659712e-04
   5.9562768e-04
   5.9465343e-04
   5.9367437e-04
   5.9269051e-04
   5.9170187e-04
   5.9070844e-04
   5.8971024e-04
   5.8870728e-04
   5.8769957e-04
   5.8668711e-04
   5.8566993e-04
   5.8464802e-04
   5.8362140e-04
   5.8259008e-04
   5.8155406e-04
   5.8051336e-04
   5.7946799e-04
   5.7841795e-04
   5.7736326e-04
   5.7630393e-04
   5.7523996e-04
   5.7417137e-04
   5.7309817e-04
   5.7202036e-04
   5.7093796e-04
   5.6985098e-04
   5.6875943e-04
   5.6766331e-04
   5.6656264e-04
   5.6545743e-04
   5.6434769e-04
   5.6323343e-04
   5.6211466e-04
   5.6099139e-04
   5.5986363e-04
   5.5873139e-04
   5.5759469e-04
   5.5645353e-04
   5.5530792e-04
   5.5415787e-04
   5.5300340e-04
   5.5184452e-04
   5.5068123e-04
   5.4951355e-04
   5.4834149e-04
   5.4716506e-04
   5.4598427e-04
   5.4479913e-04
   5.4360966e-04
   5.4241585e-04
   5.4121774e-04
   5.4001531e-04
   5.3880860e-04
   5.3759760e-04
   5.3638233e-04
   5.3516281e-04
   5.3393903e-04
   5.3271102e-04
   5.3147878e-04
   5.3024233e-04
   5.2900168e-04
   5.2775683e-04
   5.2650781e-04
   5.2525462e-04
   5.2399727e-04
   5.2273578e-04
   5.2147015e-04
   5.2020041e-04
   5.1892655e-04
   5.1764860e-04
   5.1636656e-04
   5.1508044e-04
   5.1379027e-04
   5.1249604e-04
   5.1119777e-04
   5.0989548e-04
   5.0858917e-04
   5.0727886e-04
   5.0596456e-04
   5.0464628e-04
   5.0332403e-04
   5.0199783e-04
   5.0066768e-04
   4.9933361e-04
   4.9799562e-04
   4.9665372e-04
   4.9530793e-04
   4.9395825e-04
   4.9260471e-04
   4.9124731e-04
   4.8988607e-04
   4.8852100e-04
   4.8715210e-04
   4.8577940e-04
   4.8440291e-04
   4.8302263e-04
   4.8163858e-04
   4.8025078e-04
   4.7885923e-04
   4.7746396e-04
   4.7606496e-04
   4.7466226e-04
   4.7325586e-04
   4.7184578e-04
   4.7043204e-04
   4.6901464e-04
   4.6759360e-04
   4.6616893e-04
   4.6474064e-04
   4.6330875e-04
   4.6187327e-04
   4.6043421e-04
   4.5899159e-04
   4.5754542e-04
   4.5609571e-04
   4.5464247e-04
   4.5318572e-04
   4.5172547e-04
   4.5026174e-04
   4.4879453e-04
   4.4732387e-04
   4.4584976e-04
   4.4437221e-04
   4.4289125e-04
   4.4140688e-04
   4.3991912e-04
   4.3842798e-04
   4.3693347e-04
   4.3543561e-04
   4.3393441e-04
   4.3242989e-04
   4.3092205e-04
   4.2941091e-04
   4.2789649e-04
   4.2637880e-04
   4.2485785e-04
   4.2333366e-04
   4.2180624e-04
   4.2027559e-04
   4.1874175e-04
   4.1720472e-04
   4.1566451e-04
   4.1412114e-04
   4.1257462e-04
   4.1102497e-04
   4.0947219e-04
   4.0791631e-04
   4.0635734e-04
   4.0479529e-04
   4.0323017e-04
   4.0166201e-04
   4.0009081e-04
   3.9851658e-04
   3.9693934e-04
   3.9535911e-04
   3.9377590e-04
   3.9218973e-04
   3.9060060e-04
   3.8900853e-04
   3.8741354e-04
   3.8581564e-04
   3.8421484e-04
   3.8261116e-04
   3.8100462e-04
   3.7939522e-04
   3.7778298e-04
   3.7616792e-04
   3.7455005e-04
   3.7292938e-04
   3.7130593e-04
   3.6967972e-04
   3.6805075e-04
   3.6641904e-04
   3.6478461e-04
   3.6314747e-04
   3.6150764e-04
   3.5986513e-04
   3.5821995e-04
   3.5657211e-04
   3.5492165e-04
   3.5326856e-04
   3.5161286e-04
   3.4995457e-04
   3.4829371e-04
   3.4663028e-04
   3.4496430e-04
   3.4329578e-04
   3.4162475e-04
   3.3995121e-04
   3.3827519e-04
   3.3659668e-04
   3.3491572e-04
   3.3323231e-04
   3.3154648e-04
   3.2985822e-04
   3.2816757e-04
   3.2647453e-04
   3.2477911e-04
   3.2308134e-04
   3.2138123e-04
   3.1967880e-04
   3.1797405e-04
   3.1626701e-04
   3.1455768e-04
   3.1284609e-04
   3.1113224e-04
   3.0941616e-04
   3.0769786e-04
   3.0597735e-04
   3.0425465e-04
   3.0252978e-04
   3.0080274e-04
   2.9907356e-04
   2.9734225e-04
   2.9560882e-04
   2.9387329e-04
   2.9213567e-04
   2.9039599e-04
   2.8865425e-04
   2.8691047e-04
   2.8516467e-04
   2.8341686e-04
   2.8166705e-04
   2.7991526e-04
   2.7816152e-04
   2.7640582e-04
   2.7464819e-04
   2.7288864e-04
   2.7112719e-04
   2.6936386e-04
   2.6759865e-04
   2.6583159e-04
   2.6406269e-04
   2.6229196e-04
   2.6051942e-04
   2.5874509e-04
   2.5696898e-04
   2.5519111e-04
   2.5341148e-04
   2.5163013e-04
   2.4984706e-04
   2.4806228e-04
   2.4627583e-04
   2.4448770e-04
   2.4269791e-04
   2.4090649e-04
   2.3911344e-04
   2.3731879e-04
   2.3552254e-04
   2.3372471e-04
   2.3192532e-04
   2.3012439e-04
   2.2832193e-04
   2.2651795e-04
   2.2471247e-04
   2.2290551e-04
   2.2109708e-04
   2.1928720e-04
   2.1747589e-04
   2.1566315e-04
   2.1384901e-04
   2.1203347e-04
   2.1021657e-04
   2.0839831e-04
   2.0657870e-04
   2.0475777e-04
   2.0293552e-04
   2.0111198e-04
   1.9928716e-04
   1.9746108e-04
   1.9563375e-04
   1.9380519e-04
   1.9197541e-04
   1.9014443e-04
   1.8831227e-04
   1.8647894e-04
   1.8464445e-04
   1.8280883e-04
   1.8097208e-04
   1.7913423e-04
   1.7729529e-04
   1.7545527e-04
   1.7361420e-04
   1.7177208e-04
   1.6992894e-04
   1.6808479e-04
   1.6623964e-04
   1.6439351e-04
   1.6254642e-04
   1.6069838e-04
   1.5884941e-04
   1.5699953e-04
   1.5514874e-04
   1.5329707e-04
   1.5144454e-04
   1.4959115e-04
   1.4773692e-04
   1.4588188e-04
   1.4402603e-04
   1.4216939e-04
   1.4031197e-04
   1.3845381e-04
   1.3659490e-04
   1.3473526e-04
   1.3287492e-04
   1.3101388e-04
   1.2915217e-04
   1.2728980e-04
   1.2542678e-04
   1.2356313e-04
   1.2169886e-04
   1.1983400e-04
   1.1796856e-04
   1.1610255e-04
   1.1423600e-04
   1.1236890e-04
   1.1050130e-04
   1.0863318e-04
   1.0676459e-04
   1.0489552e-04
   1.0302600e-04
   1.0115604e-04
   9.9285656e-05
   9.7414868e-05
   9.5543689e-05
   9.3672135e-05
   9.1800224e-05
   8.9927969e-05
   8.8055388e-05
   8.6182496e-05
   8.4309309e-05
   8.2435843e-05
   8.0562115e-05
   7.8688139e-05
   7.6813932e-05
   7.4939510e-05
   7.3064889e-05
   7.1190084e-05
   6.9315112e-05
   6.7439988e-05
   6.5564728e-05
   6.3689349e-05
   6.1813866e-05
   5.9938296e-05
   5.8062653e-05
   5.6186954e-05
   5.4311215e-05
   5.2435451e-05
   5.0559679e-05
   4.8683915e-05
   4.6808174e-05
   4.4932472e-05
   4.3056825e-05
   4.1181249e-05
   3.9305760e-05
   3.7430373e-05
   3.5555105e-05
   3.3679972e-05
   3.1804988e-05
   2.9930171e-05
   2.8055536e-05
   2.6181098e-05
   2.4306874e-05
   2.2432879e-05
   2.0559129e-05
   1.8685641e-05
   1.6812429e-05
   1.4939509e-05
   1.3066898e-05
   1.1194612e-05
   9.3226648e-06
   7.4510736e-06
   5.5798539e-06
   3.7090214e-06
   1.8385919e-06
  -3.1418978e-08
  -1.9009954e-06
  -3.7701216e-06
  -5.6387819e-06
  -7.5069607e-06
  -9.3746421e-06
  -1.1241810e-05
  -1.3108450e-05
  -1.4974546e-05
  -1.6840081e-05
  -1.8705040e-05
  -2.0569409e-05
  -2.2433170e-05
  -2.4296308e-05
  -2.6158809e-05
  -2.8020655e-05
  -2.9881832e-05
  -3.1742324e-05
  -3.3602115e-05
  -3.5461189e-05
  -3.7319532e-05
  -3.9177128e-05
  -4.1033960e-05
  -4.2890014e-05
  -4.4745274e-05
  -4.6599724e-05
  -4.8453349e-05
  -5.0306134e-05
  -5.2158062e-05
  -5.4009119e-05
  -5.5859289e-05
  -5.7708557e-05
  -5.9556906e-05
  -6.1404322e-05
  -6.3250790e-05
  -6.5096293e-05
  -6.6940816e-05
  -6.8784345e-05
  -7.0626863e-05
  -7.2468355e-05
  -7.4308806e-05
  -7.6148201e-05
  -7.7986524e-05
  -7.9823760e-05
  -8.1659894e-05
  -8.3494910e-05
  -8.5328793e-05
  -8.7161528e-05
  -8.8993099e-05
  -9.0823492e-05
  -9.2652691e-05
  -9.4480680e-05
  -9.6307446e-05
  -9.8132971e-05
  -9.9957243e-05
  -1.0178024e-04
  -1.0360196e-04
  -1.0542238e-04
  -1.0724148e-04
  -1.0905925e-04
  -1.1087567e-04
  -1.1269074e-04
  -1.1450443e-04
  -1.1631673e-04
  -1.1812762e-04
  -1.1993709e-04
  -1.2174513e-04
  -1.2355172e-04
  -1.2535684e-04
  -1.2716048e-04
  -1.2896263e-04
  -1.3076326e-04
  -1.3256237e-04
  -1.3435994e-04
  -1.3615596e-04
  -1.3795041e-04
  -1.3974327e-04
  -1.4153453e-04
  -1.4332418e-04
  -1.4511220e-04
  -1.4689857e-04
  -1.4868329e-04
  -1.5046633e-04
  -1.5224769e-04
  -1.5402734e-04
  -1.5580528e-04
  -1.5758148e-04
  -1.5935594e-04
  -1.6112864e-04
  -1.6289956e-04
  -1.6466869e-04
  -1.6643601e-04
  -1.6820152e-04
  -1.6996519e-04
  -1.7172702e-04
  -1.7348698e-04
  -1.7524506e-04
  -1.7700126e-04
  -1.7875554e-04
  -1.8050791e-04
  -1.8225834e-04
  -1.8400682e-04
  -1.8575334e-04
  -1.8749788e-04
  -1.8924042e-04
  -1.9098096e-04
  -1.9271948e-04
  -1.9445597e-04
  -1.9619040e-04
  -1.9792277e-04
  -1.9965306e-04
  -2.0138126e-04
  -2.0310736e-04
  -2.0483133e-04
  -2.0655317e-04
  -2.0827287e-04
  -2.0999040e-04
  -2.1170575e-04
  -2.1341891e-04
  -2.1512987e-04
  -2.1683861e-04
  -2.1854512e-04
  -2.2024938e-04
  -2.2195138e-04
  -2.2365110e-04
  -2.2534854e-04
  -2.2704368e-04
  -2.2873650e-04
  -2.3042699e-04
  -2.3211514e-04
  -2.3380093e-04
  -2.3548435e-04
  -2.3716538e-04
  -2.3884402e-04
  -2.4052025e-04
  -2.4219405e-04
  -2.4386541e-04
  -2.4553432e-04
  -2.4720076e-04
  -2.4886473e-04
  -2.5052620e-04
  -2.5218516e-04
  -2.5384160e-04
  -2.5549551e-04
  -2.5714688e-04
  -2.5879568e-04
  -2.6044191e-04
  -2.6208555e-04
  -2.6372659e-04
  -2.6536502e-04
  -2.6700082e-04
  -2.6863398e-04
  -2.7026449e-04
  -2.7189233e-04
  -2.7351749e-04
  -2.7513996e-04
  -2.7675972e-04
  -2.7837677e-04
  -2.7999108e-04
  -2.8160265e-04
  -2.8321146e-04
  -2.8481749e-04
  -2.8642075e-04
  -2.8802120e-04
  -2.8961885e-04
  -2.9121367e-04
  -2.9280566e-04
  -2.9439480e-04
  -2.9598108e-04
  -2.9756449e-04
  -2.9914500e-04
  -3.0072262e-04
  -3.0229733e-04
  -3.0386911e-04
  -3.0543796e-04
  -3.0700385e-04
  -3.0856678e-04
  -3.1012674e-04
  -3.1168371e-04
  -3.1323768e-04
  -3.1478864e-04
  -3.1633657e-04
  -3.1788146e-04
  -3.1942331e-04
  -3.2096209e-04
  -3.2249780e-04
  -3.2403042e-04
  -3.2555995e-04
  -3.2708636e-04
  -3.2860965e-04
  -3.3012980e-04
  -3.3164681e-04
  -3.3316065e-04
  -3.3467133e-04
  -3.3617882e-04
  -3.3768311e-04
  -3.3918420e-04
  -3.4068207e-04
  -3.4217670e-04
  -3.4366809e-04
  -3.4515623e-04
  -3.4664110e-04
  -3.4812269e-04
  -3.4960099e-04
  -3.5107598e-04
  -3.5254766e-04
  -3.5401602e-04
  -3.5548103e-04
  -3.5694270e-04
  -3.5840101e-04
  -3.5985594e-04
  -3.6130749e-04
  -3.6275565e-04
  -3.6420040e-04
  -3.6564173e-04
  -3.6707963e-04
  -3.6851408e-04
  -3.6994509e-04
  -3.7137263e-04
  -3.7279670e-04
  -3.7421728e-04
  -3.7563436e-04
  -3.7704793e-04
  -3.7845799e-04
  -3.7986451e-04
  -3.8126749e-04
  -3.8266692e-04
  -3.8406278e-04
  -3.8545507e-04
  -3.8684377e-04
  -3.8822887e-04
  -3.8961037e-04
  -3.9098825e-04
  -3.9236249e-04
  -3.9373310e-04
  -3.9510006e-04
  -3.9646335e-04
  -3.9782297e-04
  -3.9917891e-04
  -4.0053116e-04
  -4.0187970e-04
  -4.0322452e-04
  -4.0456562e-04
  -4.0590298e-04
  -4.0723660e-04
  -4.0856646e-04
  -4.0989255e-04
  -4.1121487e-04
  -4.1253339e-04
  -4.1384812e-04
  -4.1515904e-04
  -4.1646614e-04
  -4.1776941e-04
  -4.1906885e-04
  -4.2036443e-04
  -4.2165616e-04
  -4.2294401e-04
  -4.2422799e-04
  -4.2550808e-04
  -4.2678427e-04
  -4.2805655e-04
  -4.2932491e-04
  -4.3058934e-04
  -4.3184983e-04
  -4.3310638e-04
  -4.3435896e-04
  -4.3560758e-04
  -4.3685222e-04
  -4.3809288e-04
  -4.3932954e-04
  -4.4056219e-04
  -4.4179083e-04
  -4.4301544e-04
  -4.4423602e-04
  -4.4545255e-04
  -4.4666503e-04
  -4.4787345e-04
  -4.4907780e-04
  -4.5027806e-04
  -4.5147424e-04
  -4.5266631e-04
  -4.5385428e-04
  -4.5503813e-04
  -4.5621785e-04
  -4.5739344e-04
  -4.5856488e-04
  -4.5973217e-04
  -4.6089530e-04
  -4.6205425e-04
  -4.6320903e-04
  -4.6435961e-04
  -4.6550600e-04
  -4.6664818e-04
  -4.6778615e-04
  -4.6891989e-04
  -4.7004940e-04
  -4.7117467e-04
  -4.7229569e-04
  -4.7341245e-04
  -4.7452494e-04
  -4.7563316e-04
  -4.7673710e-04
  -4.7783674e-04
  -4.7893208e-04
  -4.8002312e-04
  -4.8110984e-04
  -4.8219223e-04
  -4.8327029e-04
  -4.8434401e-04
  -4.8541338e-04
  -4.8647840e-04
  -4.8753904e-04
  -4.8859532e-04
  -4.8964721e-04
  -4.9069472e-04
  -4.9173783e-04
  -4.9277653e-04
  -4.9381082e-04
  -4.9484069e-04
  -4.9586614e-04
  -4.9688714e-04
  -4.9790371e-04
  -4.9891582e-04
  -4.9992348e-04
  -5.0092667e-04
  -5.0192539e-04
  -5.0291963e-04
  -5.0390937e-04
  -5.0489463e-04
  -5.0587538e-04
  -5.0685162e-04
  -5.0782335e-04
  -5.0879055e-04
  -5.0975322e-04
  -5.1071135e-04
  -5.1166493e-04
  -5.1261397e-04
  -5.1355844e-04
  -5.1449835e-04
  -5.1543368e-04
  -5.1636443e-04
  -5.1729060e-04
  -5.1821217e-04
  -5.1912915e-04
  -5.2004151e-04
  -5.2094927e-04
  -5.2185240e-04
  -5.2275090e-04
  -5.2364477e-04
  -5.2453400e-04
  -5.2541859e-04
  -5.2629852e-04
  -5.2717379e-04
  -5.2804440e-04
  -5.2891034e-04
  -5.2977159e-04
  -5.3062817e-04
  -5.3148005e-04
  -5.3232724e-04
  -5.3316972e-04
  -5.3400750e-04
  -5.3484056e-04
  -5.3566890e-04
  -5.3649251e-04
  -5.3731139e-04
  -5.3812553e-04
  -5.3893493e-04
  -5.3973958e-04
  -5.4053948e-04
  -5.4133461e-04
  -5.4212497e-04
  -5.4291057e-04
  -5.4369138e-04
  -5.4446742e-04
  -5.4523866e-04
  -5.4600511e-04
  -5.4676676e-04
  -5.4752360e-04
  -5.4827564e-04
  -5.4902286e-04
  -5.4976526e-04
  -5.5050283e-04
  -5.5123557e-04
  -5.5196348e-04
  -5.5268654e-04
  -5.5340476e-04
  -5.5411813e-04
  -5.5482664e-04
  -5.5553029e-04
  -5.5622908e-04
  -5.5692299e-04
  -5.5761203e-04
  -5.5829619e-04
  -5.5897547e-04
  -5.5964985e-04
  -5.6031934e-04
  -5.6098394e-04
  -5.6164363e-04
  -5.6229842e-04
  -5.6294829e-04
  -5.6359325e-04
  -5.6423328e-04
  -5.6486840e-04
  -5.6549858e-04
  -5.6612383e-04
  -5.6674414e-04
  -5.6735952e-04
  -5.6796994e-04
  -5.6857542e-04
  -5.6917595e-04
  -5.6977151e-04
  -5.7036212e-04
  -5.7094776e-04
  -5.7152844e-04
  -5.7210414e-04
  -5.7267486e-04
  -5.7324061e-04
  -5.7380137e-04
  -5.7435714e-04
  -5.7490793e-04
  -5.7545372e-04
  -5.7599451e-04
  -5.7653030e-04
  -5.7706108e-04
  -5.7758686e-04
  -5.7810763e-04
  -5.7862339e-04
  -5.7913412e-04
  -5.7963984e-04
  -5.8014053e-04
  -5.8063620e-04
  -5.8112683e-04
  -5.8161243e-04
  -5.8209300e-04
  -5.8256853e-04
  -5.8303902e-04
  -5.8350446e-04
  -5.8396486e-04
  -5.8442020e-04
  -5.8487050e-04
  -5.8531573e-04
  -5.8575592e-04
  -5.8619104e-04
  -5.8662109e-04
  -5.8704609e-04
  -5.8746601e-04
  -5.8788087e-04
  -5.8829065e-04
  -5.8869536e-04
  -5.8909499e-04
  -5.8948954e-04
  -5.8987901e-04
  -5.9026340e-04
  -5.9064271e-04
  -5.9101692e-04
  -5.9138605e-04
  -5.9175008e-04
  -5.9210902e-04
  -5.9246287e-04
  -5.9281162e-04
  -5.9315527e-04
  -5.9349382e-04
  -5.9382726e-04
  -5.9415561e-04
  -5.9447885e-04
  -5.9479698e-04
  -5.9511000e-04
  -5.9541792e-04
  -5.9572072e-04
  -5.9601841e-04
  -5.9631098e-04
  -5.9659844e-04
  -5.9688079e-04
  -5.9715801e-04
  -5.9743012e-04
  -5.9769711e-04
  -5.9795897e-04
  -5.9821572e-04
  -5.9846734e-04
  -5.9871384e-04
  -5.9895521e-04
  -5.9919146e-04
  -5.9942258e-04
  -5.9964857e-04
  -5.9986943e-04
  -6.0008517e-04
  -6.0029578e-04
  -6.0050125e-04
  -6.0070160e-04
  -6.0089681e-04
  -6.0108690e-04
  -6.0127185e-04
  -6.0145167e-04
  -6.0162635e-04
  -6.0179591e-04
  -6.0196033e-04
  -6.0211962e-04
  -6.0227377e-04
  -6.0242279e-04
  -6.0256668e-04
  -6.0270543e-04
  -6.0283905e-04
  -6.0296754e-04
  -6.0309089e-04
  -6.0320911e-04
  -6.0332219e-04
  -6.0343015e-04
  -6.0353297e-04
  -6.0363065e-04
  -6.0372321e-04
  -6.0381063e-04
  -6.0389293e-04
  -6.0397009e-04
  -6.0404212e-04
  -6.0410902e-04
  -6.0417080e-04
  -6.0422744e-04
  -6.0427896e-04
  -6.0432535e-04
  -6.0436662e-04
  -6.0440276e-04
  -6.0443378e-04
  -6.0445967e-04
  -6.0448044e-04
  -6.0449609e-04
  -6.0450662e-04
  -6.0451203e-04
  -6.0451232e-04
  -6.0450750e-04
  -6.0449756e-04
  -6.0448250e-04
  -6.0446233e-04
  -6.0443706e-04
  -6.0440667e-04
  -6.0437117e-04
  -6.0433056e-04
  -6.0428485e-04
  -6.0423403e-04
  -6.0417812e-04
  -6.0411710e-04
  -6.0405098e-04
  -6.0397976e-04
  -6.0390345e-04
  -6.0382204e-04
  -6.0373555e-04
  -6.0364396e-04
  -6.0354728e-04
  -6.0344552e-04
  -6.0333867e-04
  -6.0322675e-04
  -6.0310974e-04
  -6.0298765e-04
  -6.0286049e-04
  -6.0272826e-04
  -6.0259095e-04
  -6.0244858e-04
  -6.0230114e-04
  -6.0214863e-04
  -6.0199107e-04
  -6.0182844e-04
  -6.0166076e-04
  -6.0148802e-04
  -6.0131024e-04
  -6.0112740e-04
  -6.0093953e-04
  -6.0074660e-04
  -6.0054864e-04
  -6.0034564e-04
  -6.0013760e-04
  -5.9992454e-04
  -5.9970644e-04
  -5.9948332e-04
  -5.9925518e-04
  -5.9902202e-04
  -5.9878384e-04
  -5.9854065e-04
  -5.9829245e-04
  -5.9803924e-04
  -5.9778103e-04
  -5.9751782e-04
  -5.9724961e-04
  -5.9697641e-04
  -5.9669822e-04
  -5.9641505e-04
  -5.9612689e-04
  -5.9583375e-04
  -5.9553564e-04
  -5.9523256e-04
  -5.9492451e-04
  -5.9461149e-04
  -5.9429351e-04
  -5.9397058e-04
  -5.9364269e-04
  -5.9330986e-04
  -5.9297208e-04
  -5.9262936e-04
  -5.9228170e-04
  -5.9192912e-04
  -5.9157160e-04
  -5.9120916e-04
  -5.9084179e-04
  -5.9046952e-04
  -5.9009233e-04
  -5.8971023e-04
  -5.8932323e-04
  -5.8893133e-04
  -5.8853454e-04
  -5.8813286e-04
  -5.8772629e-04
  -5.8731485e-04
  -5.8689852e-04
  -5.8647733e-04
  -5.8605127e-04
  -5.8562035e-04
  -5.8518457e-04
  -5.8474394e-04
  -5.8429846e-04
  -5.8384814e-04
  -5.8339298e-04
  -5.8293299e-04
  -5.8246818e-04
  -5.8199854e-04
  -5.8152408e-04
  -5.8104481e-04
  -5.8056073e-04
  -5.8007185e-04
  -5.7957818e-04
  -5.7907971e-04
  -5.7857646e-04
  -5.7806843e-04
  -5.7755562e-04
  -5.7703804e-04
  -5.7651570e-04
  -5.7598860e-04
  -5.7545675e-04
  -5.7492015e-04
  -5.7437881e-04
  -5.7383273e-04
  -5.7328192e-04
  -5.7272639e-04
  -5.7216613e-04
  -5.7160117e-04
  -5.7103149e-04
  -5.7045712e-04
  -5.6987805e-04
  -5.6929429e-04
  -5.6870585e-04
  -5.6811273e-04
  -5.6751494e-04
  -5.6691248e-04
  -5.6630537e-04
  -5.6569360e-04
  -5.6507719e-04
  -5.6445614e-04
  -5.6383045e-04
  -5.6320013e-04
  -5.6256520e-04
  -5.6192565e-04
  -5.6128149e-04
  -5.6063273e-04
  -5.5997938e-04
  -5.5932143e-04
  -5.5865891e-04
  -5.5799181e-04
  -5.5732014e-04
  -5.5664391e-04
  -5.5596313e-04
  -5.5527779e-04
  -5.5458792e-04
  -5.5389351e-04
  -5.5319458e-04
  -5.5249112e-04
  -5.5178315e-04
  -5.5107068e-04
  -5.5035370e-04
  -5.4963224e-04
  -5.4890629e-04
  -5.4817586e-04
  -5.4744096e-04
  -5.4670159e-04
  -5.4595777e-04
  -5.4520951e-04
  -5.4445680e-04
  -5.4369965e-04
  -5.4293808e-04
  -5.4217209e-04
  -5.4140169e-04
  -5.4062689e-04
  -5.3984769e-04
  -5.3906410e-04
  -5.3827613e-04
  -5.3748378e-04
  -5.3668707e-04
  -5.3588601e-04
  -5.3508059e-04
  -5.3427083e-04
  -5.3345673e-04
  -5.3263831e-04
  -5.3181557e-04
  -5.3098852e-04
  -5.3015716e-04
  -5.2932151e-04
  -5.2848158e-04
  -5.2763737e-04
  -5.2678888e-04
  -5.2593613e-04
  -5.2507913e-04
  -5.2421789e-04
  -5.2335240e-04
  -5.2248269e-04
  -5.2160876e-04
  -5.2073061e-04
  -5.1984826e-04
  -5.1896171e-04
  -5.1807098e-04
  -5.1717607e-04
  -5.1627699e-04
  -5.1537374e-04
  -5.1446634e-04
  -5.1355480e-04
  -5.1263913e-04
  -5.1171932e-04
  -5.1079540e-04
  -5.0986737e-04
  -5.0893524e-04
  -5.0799902e-04
  -5.0705871e-04
  -5.0611433e-04
  -5.0516588e-04
  -5.0421338e-04
  -5.0325683e-04
  -5.0229625e-04
  -5.0133163e-04
  -5.0036300e-04
  -4.9939035e-04
  -4.9841370e-04
  -4.9743306e-04
  -4.9644844e-04
  -4.9545984e-04
  -4.9446728e-04
  -4.9347076e-04
  -4.9247030e-04
  -4.9146590e-04
  -4.9045757e-04
  -4.8944533e-04
  -4.8842917e-04
  -4.8740912e-04
  -4.8638518e-04
  -4.8535736e-04
  -4.8432567e-04
  -4.8329012e-04
  -4.8225072e-04
  -4.8120748e-04
  -4.8016040e-04
  -4.7910951e-04
  -4.7805480e-04
  -4.7699629e-04
  -4.7593399e-04
  -4.7486790e-04
  -4.7379805e-04
  -4.7272443e-04
  -4.7164706e-04
  -4.7056594e-04
  -4.6948110e-04
  -4.6839253e-04
  -4.6730025e-04
  -4.6620426e-04
  -4.6510459e-04
  -4.6400123e-04
  -4.6289420e-04
  -4.6178351e-04
  -4.6066917e-04
  -4.5955118e-04
  -4.5842957e-04
  -4.5730433e-04
  -4.5617549e-04
  -4.5504304e-04
  -4.5390701e-04
  -4.5276740e-04
  -4.5162422e-04
  -4.5047748e-04
  -4.4932719e-04
  -4.4817337e-04
  -4.4701602e-04
  -4.4585516e-04
  -4.4469079e-04
  -4.4352292e-04
  -4.4235158e-04
  -4.4117676e-04
  -4.3999848e-04
  -4.3881674e-04
  -4.3763157e-04
  -4.3644297e-04
  -4.3525094e-04
  -4.3405551e-04
  -4.3285669e-04
  -4.3165447e-04
  -4.3044888e-04
  -4.2923993e-04
  -4.2802763e-04
  -4.2681198e-04
  -4.2559300e-04
  -4.2437070e-04
  -4.2314509e-04
  -4.2191619e-04
  -4.2068400e-04
  -4.1944853e-04
  -4.1820980e-04
  -4.1696781e-04
  -4.1572259e-04
  -4.1447413e-04
  -4.1322246e-04
  -4.1196757e-04
  -4.1070949e-04
  -4.0944823e-04
  -4.0818379e-04
  -4.0691619e-04
  -4.0564544e-04
  -4.0437155e-04
  -4.0309454e-04
  -4.0181440e-04
  -4.0053117e-04
  -3.9924484e-04
  -3.9795542e-04
  -3.9666294e-04
  -3.9536740e-04
  -3.9406882e-04
  -3.9276720e-04
  -3.9146255e-04
  -3.9015490e-04
  -3.8884424e-04
  -3.8753060e-04
  -3.8621398e-04
  -3.8489440e-04
  -3.8357187e-04
  -3.8224639e-04
  -3.8091799e-04
  -3.7958667e-04
  -3.7825244e-04
  -3.7691533e-04
  -3.7557533e-04
  -3.7423246e-04
  -3.7288674e-04
  -3.7153817e-04
  -3.7018678e-04
  -3.6883256e-04
  -3.6747553e-04
  -3.6611570e-04
  -3.6475310e-04
  -3.6338772e-04
  -3.6201958e-04
  -3.6064869e-04
  -3.5927507e-04
  -3.5789872e-04
  -3.5651967e-04
  -3.5513792e-04
  -3.5375348e-04
  -3.5236636e-04
  -3.5097659e-04
  -3.4958417e-04
  -3.4818911e-04
  -3.4679142e-04
  -3.4539113e-04
  -3.4398823e-04
  -3.4258275e-04
  -3.4117470e-04
  -3.3976408e-04
  -3.3835092e-04
  -3.3693521e-04
  -3.3551699e-04
  -3.3409625e-04
  -3.3267301e-04
  -3.3124729e-04
  -3.2981909e-04
  -3.2838844e-04
  -3.2695533e-04
  -3.2551979e-04
  -3.2408183e-04
  -3.2264145e-04
  -3.2119868e-04
  -3.1975353e-04
  -3.1830600e-04
  -3.1685611e-04
  -3.1540388e-04
  -3.1394931e-04
  -3.1249243e-04
  -3.1103323e-04
  -3.0957175e-04
  -3.0810797e-04
  -3.0664194e-04
  -3.0517364e-04
  -3.0370310e-04
  -3.0223033e-04
  -3.0075535e-04
  -2.9927816e-04
  -2.9779878e-04
  -2.9631722e-04
  -2.9483350e-04
  -2.9334762e-04
  -2.9185961e-04
  -2.9036947e-04
  -2.8887722e-04
  -2.8738286e-04
  -2.8588643e-04
  -2.8438792e-04
  -2.8288734e-04
  -2.8138473e-04
  -2.7988007e-04
  -2.7837340e-04
  -2.7686472e-04
  -2.7535405e-04
  -2.7384139e-04
  -2.7232677e-04
  -2.7081019e-04
  -2.6929168e-04
  -2.6777123e-04
  -2.6624887e-04
  -2.6472461e-04
  -2.6319846e-04
  -2.6167044e-04
  -2.6014056e-04
  -2.5860883e-04
  -2.5707526e-04
  -2.5553988e-04
  -2.5400269e-04
  -2.5246370e-04
  -2.5092293e-04
  -2.4938040e-04
  -2.4783611e-04
  -2.4629008e-04
  -2.4474233e-04
  -2.4319286e-04
  -2.4164169e-04
  -2.4008884e-04
  -2.3853431e-04
  -2.3697813e-04
  -2.3542030e-04
  -2.3386084e-04
  -2.3229976e-04
  -2.3073707e-04
  -2.2917280e-04
  -2.2760694e-04
  -2.2603952e-04
  -2.2447056e-04
  -2.2290005e-04
  -2.2132803e-04
  -2.1975449e-04
  -2.1817946e-04
  -2.1660294e-04
  -2.1502496e-04
  -2.1344553e-04
  -2.1186465e-04
  -2.1028234e-04
  -2.0869863e-04
  -2.0711351e-04
  -2.0552701e-04
  -2.0393913e-04
  -2.0234990e-04
  -2.0075932e-04
  -1.9916741e-04
  -1.9757418e-04
  -1.9597965e-04
  -1.9438383e-04
  -1.9278674e-04
  -1.9118838e-04
  -1.8958878e-04
  -1.8798794e-04
  -1.8638588e-04
  -1.8478261e-04
  -1.8317816e-04
  -1.8157252e-04
  -1.7996572e-04
  -1.7835776e-04
  -1.7674867e-04
  -1.7513846e-04
  -1.7352713e-04
  -1.7191472e-04
  -1.7030121e-04
  -1.6868665e-04
  -1.6707102e-04
  -1.6545436e-04
  -1.6383667e-04
  -1.6221797e-04
  -1.6059828e-04
  -1.5897759e-04
  -1.5735594e-04
  -1.5573333e-04
  -1.5410978e-04
  -1.5248530e-04
  -1.5085991e-04
  -1.4923362e-04
  -1.4760643e-04
  -1.4597838e-04
  -1.4434947e-04
  -1.4271971e-04
  -1.4108913e-04
  -1.3945773e-04
  -1.3782552e-04
  -1.3619253e-04
  -1.3455876e-04
  -1.3292423e-04
  -1.3128895e-04
  -1.2965295e-04
  -1.2801622e-04
  -1.2637879e-04
  -1.2474067e-04
  -1.2310187e-04
  -1.2146241e-04
  -1.1982230e-04
  -1.1818156e-04
  -1.1654020e-04
  -1.1489823e-04
  -1.1325567e-04
  -1.1161253e-04
  -1.0996883e-04
  -1.0832458e-04
  -1.0667979e-04
  -1.0503448e-04
  -1.0338866e-04
  -1.0174235e-04
  -1.0009555e-04
  -9.8448297e-05
  -9.6800587e-05
  -9.5152440e-05
  -9.3503870e-05
  -9.1854890e-05
  -9.0205514e-05
  -8.8555757e-05
  -8.6905633e-05
  -8.5255155e-05
  -8.3604338e-05
  -8.1953197e-05
  -8.0301743e-05
  -7.8649993e-05
  -7.6997960e-05
  -7.5345658e-05
  -7.3693101e-05
  -7.2040303e-05
  -7.0387278e-05
  -6.8734040e-05
  -6.7080604e-05
  -6.5426983e-05
  -6.3773191e-05
  -6.2119243e-05
  -6.0465152e-05
  -5.8810933e-05
  -5.7156599e-05
  -5.5502165e-05
  -5.3847644e-05
  -5.2193051e-05
  -5.0538399e-05
  -4.8883703e-05
  -4.7228977e-05
  -4.5574234e-05
  -4.3919489e-05
  -4.2264756e-05
  -4.0610048e-05
  -3.8955380e-05
  -3.7300766e-05
  -3.5646220e-05
  -3.3991755e-05
  -3.2337386e-05
  -3.0683126e-05
  -2.9028990e-05
  -2.7374992e-05
  -2.5721145e-05
  -2.4067464e-05
  -2.2413962e-05
  -2.0760654e-05
  -1.9107553e-05
  -1.7454673e-05
  -1.5802029e-05
  -1.4149634e-05
  -1.2497502e-05
  -1.0845647e-05
  -9.1940837e-06
  -7.5428248e-06
  -5.8918848e-06
  -4.2412775e-06
  -2.5910168e-06
  -9.4111669e-07
   7.0840905e-07
   2.3575465e-06
   4.0062818e-06
   5.6546011e-06
   7.3024906e-06
   8.9499363e-06
   1.0596924e-05
   1.2243441e-05
   1.3889473e-05
   1.5535005e-05
   1.7180025e-05
   1.8824518e-05
   2.0468470e-05
   2.2111868e-05
   2.3754698e-05
   2.5396946e-05
   2.7038599e-05
   2.8679642e-05
   3.0320063e-05
   3.1959846e-05
   3.3598979e-05
   3.5237447e-05
   3.6875237e-05
   3.8512336e-05
   4.0148729e-05
   4.1784403e-05
   4.3419344e-05
   4.5053539e-05
   4.6686974e-05
   4.8319635e-05
   4.9951508e-05
   5.1582580e-05
   5.3212838e-05
   5.4842267e-05
   5.6470855e-05
   5.8098587e-05
   5.9725449e-05
   6.1351429e-05
   6.2976513e-05
   6.4600688e-05
   6.6223938e-05
   6.7846252e-05
   6.9467616e-05
   7.1088016e-05
   7.2707438e-05
   7.4325870e-05
   7.5943297e-05
   7.7559707e-05
   7.9175085e-05
   8.0789418e-05
   8.2402694e-05
   8.4014898e-05
   8.5626017e-05
   8.7236038e-05
   8.8844947e-05
   9.0452731e-05
   9.2059377e-05
   9.3664871e-05
   9.5269200e-05
   9.6872351e-05
   9.8474310e-05
   1.0007506e-04
   1.0167460e-04
   1.0327290e-04
   1.0486996e-04
   1.0646577e-04
   1.0806030e-04
   1.0965354e-04
   1.1124549e-04
   1.1283613e-04
   1.1442544e-04
   1.1601342e-04
   1.1760005e-04
   1.1918531e-04
   1.2076920e-04
   1.2235169e-04
   1.2393279e-04
   1.2551247e-04
   1.2709072e-04
   1.2866753e-04
   1.3024288e-04
   1.3181677e-04
   1.3338917e-04
   1.3496009e-04
   1.3652949e-04
   1.3809738e-04
   1.3966373e-04
   1.4122854e-04
   1.4279179e-04
   1.4435347e-04
   1.4591356e-04
   1.4747206e-04
   1.4902895e-04
   1.5058421e-04
   1.5213784e-04
   1.5368982e-04
   1.5524014e-04
   1.5678879e-04
   1.5833575e-04
   1.5988102e-04
   1.6142457e-04
   1.6296639e-04
   1.6450648e-04
   1.6604482e-04
   1.6758140e-04
   1.6911620e-04
   1.7064922e-04
   1.7218043e-04
   1.7370983e-04
   1.7523741e-04
   1.7676315e-04
   1.7828704e-04
   1.7980907e-04
   1.8132922e-04
   1.8284749e-04
   1.8436385e-04
   1.8587830e-04
   1.8739083e-04
   1.8890142e-04
   1.9041006e-04
   1.9191674e-04
   1.9342145e-04
   1.9492417e-04
   1.9642489e-04
   1.9792360e-04
   1.9942029e-04
   2.0091494e-04
   2.0240754e-04
   2.0389809e-04
   2.0538656e-04
   2.0687295e-04
   2.0835725e-04
   2.0983943e-04
   2.1131950e-04
   2.1279743e-04
   2.1427322e-04
   2.1574686e-04
   2.1721832e-04
   2.1868761e-04
   2.2015470e-04
   2.2161959e-04
   2.2308227e-04
   2.2454271e-04
   2.2600092e-04
   2.2745687e-04
   2.2891057e-04
   2.3036199e-04
   2.3181112e-04
   2.3325795e-04
   2.3470247e-04
   2.3614467e-04
   2.3758454e-04
   2.3902206e-04
   2.4045723e-04
   2.4189002e-04
   2.4332044e-04
   2.4474847e-04
   2.4617409e-04
   2.4759730e-04
   2.4901808e-04
   2.5043642e-04
   2.5185232e-04
   2.5326575e-04
   2.5467672e-04
   2.5608520e-04
   2.5749118e-04
   2.5889466e-04
   2.6029563e-04
   2.6169406e-04
   2.6308996e-04
   2.6448330e-04
   2.6587408e-04
   2.6726229e-04
   2.6864791e-04
   2.7003094e-04
   2.7141137e-04
   2.7278917e-04
   2.7416435e-04
   2.7553688e-04
   2.7690677e-04
   2.7827399e-04
   2.7963854e-04
   2.8100041e-04
   2.8235958e-04
   2.8371604e-04
   2.8506979e-04
   2.8642082e-04
   2.8776910e-04
   2.8911464e-04
   2.9045741e-04
   2.9179742e-04
   2.9313465e-04
   2.9446908e-04
   2.9580071e-04
   2.9712953e-04
   2.9845552e-04
   2.9977868e-04
   3.0109900e-04
   3.0241646e-04
   3.0373106e-04
   3.0504278e-04
   3.0635161e-04
   3.0765754e-04
   3.0896057e-04
   3.1026068e-04
   3.1155787e-04
   3.1285211e-04
   3.1414341e-04
   3.1543174e-04
   3.1671711e-04
   3.1799950e-04
   3.1927890e-04
   3.2055530e-04
   3.2182869e-04
   3.2309906e-04
   3.2436640e-04
   3.2563070e-04
   3.2689195e-04
   3.2815014e-04
   3.2940526e-04
   3.3065730e-04
   3.3190625e-04
   3.3315210e-04
   3.3439485e-04
   3.3563447e-04
   3.3687097e-04
   3.3810432e-04
   3.3933453e-04
   3.4056158e-04
   3.4178546e-04
   3.4300617e-04
   3.4422369e-04
   3.4543801e-04
   3.4664912e-04
   3.4785702e-04
   3.4906170e-04
   3.5026314e-04
   3.5146134e-04
   3.5265628e-04
   3.5384796e-04
   3.5503637e-04
   3.5622150e-04
   3.5740334e-04
   3.5858188e-04
   3.5975711e-04
   3.6092902e-04
   3.6209760e-04
   3.6326285e-04
   3.6442475e-04
   3.6558330e-04
   3.6673848e-04
   3.6789029e-04
   3.6903872e-04
   3.7018376e-04
   3.7132540e-04
   3.7246363e-04
   3.7359844e-04
   3.7472983e-04
   3.7585778e-04
   3.7698229e-04
   3.7810335e-04
   3.7922095e-04
   3.8033507e-04
   3.8144572e-04
   3.8255289e-04
   3.8365655e-04
   3.8475672e-04
   3.8585337e-04
   3.8694650e-04
   3.8803610e-04
   3.8912216e-04
   3.9020468e-04
   3.9128364e-04
   3.9235904e-04
   3.9343087e-04
   3.9449911e-04
   3.9556378e-04
   3.9662484e-04
   3.9768230e-04
   3.9873615e-04
   3.9978638e-04
   4.0083299e-04
   4.0187595e-04
   4.0291528e-04
   4.0395095e-04
   4.0498296e-04
   4.0601130e-04
   4.0703596e-04
   4.0805695e-04
   4.0907424e-04
   4.1008783e-04
   4.1109772e-04
   4.1210389e-04
   4.1310634e-04
   4.1410506e-04
   4.1510004e-04
   4.1609128e-04
   4.1707876e-04
   4.1806249e-04
   4.1904245e-04
   4.2001863e-04
   4.2099103e-04
   4.2195964e-04
   4.2292446e-04
   4.2388547e-04
   4.2484267e-04
   4.2579605e-04
   4.2674560e-04
   4.2769132e-04
   4.2863321e-04
   4.2957124e-04
   4.3050542e-04
   4.3143574e-04
   4.3236219e-04
   4.3328477e-04
   4.3420346e-04
   4.3511826e-04
   4.3602917e-04
   4.3693618e-04
   4.3783928e-04
   4.3873846e-04
   4.3963372e-04
   4.4052504e-04
   4.4141244e-04
   4.4229589e-04
   4.4317539e-04
   4.4405093e-04
   4.4492252e-04
   4.4579013e-04
   4.4665377e-04
   4.4751342e-04
   4.4836909e-04
   4.4922077e-04
   4.5006844e-04
   4.5091211e-04
   4.5175177e-04
   4.5258740e-04
   4.5341901e-04
   4.5424659e-04
   4.5507013e-04
   4.5588963e-04
   4.5670508e-04
   4.5751647e-04
   4.5832380e-04
   4.5912707e-04
   4.5992626e-04
   4.6072137e-04
   4.6151240e-04
   4.6229933e-04
   4.6308217e-04
   4.6386091e-04
   4.6463554e-04
   4.6540606e-04
   4.6617246e-04
   4.6693474e-04
   4.6769288e-04
   4.6844689e-04
   4.6919676e-04
   4.6994249e-04
   4.7068406e-04
   4.7142147e-04
   4.7215473e-04
   4.7288381e-04
   4.7360873e-04
   4.7432946e-04
   4.7504602e-04
   4.7575838e-04
   4.7646656e-04
   4.7717053e-04
   4.7787030e-04
   4.7856587e-04
   4.7925722e-04
   4.7994435e-04
   4.8062727e-04
   4.8130595e-04
   4.8198040e-04
   4.8265062e-04
   4.8331659e-04
   4.8397832e-04
   4.8463580e-04
   4.8528902e-04
   4.8593798e-04
   4.8658268e-04
   4.8722311e-04
   4.8785927e-04
   4.8849115e-04
   4.8911874e-04
   4.8974205e-04
   4.9036107e-04
   4.9097580e-04
   4.9158622e-04
   4.9219234e-04
   4.9279416e-04
   4.9339166e-04
   4.9398485e-04
   4.9457372e-04
   4.9515827e-04
   4.9573848e-04
   4.9631437e-04
   4.9688592e-04
   4.9745314e-04
   4.9801600e-04
   4.9857453e-04
   4.9912870e-04
   4.9967852e-04
   5.0022398e-04
   5.0076508e-04
   5.0130182e-04
   5.0183418e-04
   5.0236218e-04
   5.0288580e-04
   5.0340504e-04
   5.0391990e-04
   5.0443037e-04
   5.0493645e-04
   5.0543815e-04
   5.0593544e-04
   5.0642834e-04
   5.0691684e-04
   5.0740093e-04
   5.0788062e-04
   5.0835589e-04
   5.0882675e-04
   5.0929320e-04
   5.0975522e-04
   5.1021282e-04
   5.1066600e-04
   5.1111475e-04
   5.1155906e-04
   5.1199895e-04
   5.1243439e-04
   5.1286540e-04
   5.1329197e-04
   5.1371409e-04
   5.1413176e-04
   5.1454499e-04
   5.1495376e-04
   5.1535808e-04
   5.1575795e-04
   5.1615335e-04
   5.1654429e-04
   5.1693077e-04
   5.1731279e-04
   5.1769033e-04
   5.1806341e-04
   5.1843201e-04
   5.1879614e-04
   5.1915579e-04
   5.1951097e-04
   5.1986166e-04
   5.2020787e-04
   5.2054960e-04
   5.2088684e-04
   5.2121959e-04
   5.2154786e-04
   5.2187163e-04
   5.2219091e-04
   5.2250570e-04
   5.2281598e-04
   5.2312178e-04
   5.2342307e-04
   5.2371986e-04
   5.2401215e-04
   5.2429993e-04
   5.2458321e-04
   5.2486198e-04
   5.2513625e-04
   5.2540600e-04
   5.2567125e-04
   5.2593198e-04
   5.2618820e-04
   5.2643991e-04
   5.2668710e-04
   5.2692977e-04
   5.2716793e-04
   5.2740157e-04
   5.2763070e-04
   5.2785530e-04
   5.2807538e-04
   5.2829094e-04
   5.2850198e-04
   5.2870849e-04
   5.2891048e-04
   5.2910795e-04
   5.2930089e-04
   5.2948931e-04
   5.2967320e-04
   5.2985256e-04
   5.3002740e-04
   5.3019771e-04
   5.3036349e-04
   5.3052474e-04
   5.3068147e-04
   5.3083366e-04
   5.3098133e-04
   5.3112447e-04
   5.3126308e-04
   5.3139715e-04
   5.3152670e-04
   5.3165172e-04
   5.3177221e-04
   5.3188817e-04
   5.3199960e-04
   5.3210650e-04
   5.3220888e-04
   5.3230672e-04
   5.3240003e-04
   5.3248882e-04
   5.3257307e-04
   5.3265280e-04
   5.3272800e-04
   5.3279868e-04
   5.3286483e-04
   5.3292645e-04
   5.3298354e-04
   5.3303611e-04
   5.3308416e-04
   5.3312768e-04
   5.3316668e-04
   5.3320115e-04
   5.3323111e-04
   5.3325654e-04
   5.3327745e-04
   5.3329385e-04
   5.3330572e-04
   5.3331308e-04
   5.3331593e-04
   5.3331425e-04
   5.3330806e-04
   5.3329736e-04
   5.3328215e-04
   5.3326243e-04
   5.3323819e-04
   5.3320945e-04
   5.3317620e-04
   5.3313845e-04
   5.3309619e-04
   5.3304943e-04
   5.3299816e-04
   5.3294240e-04
   5.3288214e-04
   5.3281738e-04
   5.3274812e-04
   5.3267437e-04
   5.3259613e-04
   5.3251340e-04
   5.3242618e-04
   5.3233448e-04
   5.3223828e-04
   5.3213761e-04
   5.3203245e-04
   5.3192282e-04
   5.3180870e-04
   5.3169011e-04
   5.3156705e-04
   5.3143952e-04
   5.3130752e-04
   5.3117105e-04
   5.3103011e-04
   5.3088472e-04
   5.3073486e-04
   5.3058054e-04
   5.3042177e-04
   5.3025855e-04
   5.3009087e-04
   5.2991875e-04
   5.2974218e-04
   5.2956117e-04
   5.2937571e-04
   5.2918582e-04
   5.2899149e-04
   5.2879273e-04
   5.2858954e-04
   5.2838193e-04
   5.2816988e-04
   5.2795342e-04
   5.2773253e-04
   5.2750723e-04
   5.2727752e-04
   5.2704340e-04
   5.2680487e-04
   5.2656193e-04
   5.2631460e-04
   5.2606286e-04
   5.2580674e-04
   5.2554622e-04
   5.2528131e-04
   5.2501201e-04
   5.2473834e-04
   5.2446028e-04
   5.2417786e-04
   5.2389106e-04
   5.2359989e-04
   5.2330435e-04
   5.2300446e-04
   5.2270021e-04
   5.2239160e-04
   5.2207864e-04
   5.2176134e-04
   5.2143969e-04
   5.2111370e-04
   5.2078338e-04
   5.2044873e-04
   5.2010974e-04
   5.1976644e-04
   5.1941881e-04
   5.1906687e-04
   5.1871061e-04
   5.1835005e-04
   5.1798518e-04
   5.1761602e-04
   5.1724255e-04
   5.1686480e-04
   5.1648275e-04
   5.1609643e-04
   5.1570582e-04
   5.1531094e-04
   5.1491179e-04
   5.1450837e-04
   5.1410069e-04
   5.1368876e-04
   5.1327257e-04
   5.1285213e-04
   5.1242745e-04
   5.1199853e-04
   5.1156537e-04
   5.1112799e-04
   5.1068638e-04
   5.1024055e-04
   5.0979050e-04
   5.0933625e-04
   5.0887778e-04
   5.0841512e-04
   5.0794826e-04
   5.0747720e-04
   5.0700197e-04
   5.0652255e-04
   5.0603895e-04
   5.0555118e-04
   5.0505925e-04
   5.0456315e-04
   5.0406290e-04
   5.0355850e-04
   5.0304995e-04
   5.0253726e-04
   5.0202043e-04
   5.0149948e-04
   5.0097440e-04
   5.0044521e-04
   4.9991190e-04
   4.9937448e-04
   4.9883296e-04
   4.9828734e-04
   4.9773763e-04
   4.9718384e-04
   4.9662596e-04
   4.9606402e-04
   4.9549800e-04
   4.9492792e-04
   4.9435378e-04
   4.9377559e-04
   4.9319335e-04
   4.9260708e-04
   4.9201677e-04
   4.9142243e-04
   4.9082408e-04
   4.9022170e-04
   4.8961532e-04
   4.8900493e-04
   4.8839054e-04
   4.8777217e-04
   4.8714980e-04
   4.8652346e-04
   4.8589314e-04
   4.8525886e-04
   4.8462062e-04
   4.8397842e-04
   4.8333228e-04
   4.8268219e-04
   4.8202817e-04
   4.8137022e-04
   4.8070835e-04
   4.8004256e-04
   4.7937287e-04
   4.7869927e-04
   4.7802177e-04
   4.7734039e-04
   4.7665512e-04
   4.7596598e-04
   4.7527297e-04
   4.7457610e-04
   4.7387537e-04
   4.7317079e-04
   4.7246237e-04
   4.7175012e-04
   4.7103404e-04
   4.7031413e-04
   4.6959042e-04
   4.6886289e-04
   4.6813157e-04
   4.6739645e-04
   4.6665755e-04
   4.6591486e-04
   4.6516841e-04
   4.6441819e-04
   4.6366422e-04
   4.6290649e-04
   4.6214502e-04
   4.6137982e-04
   4.6061089e-04
   4.5983824e-04
   4.5906188e-04
   4.5828181e-04
   4.5749804e-04
   4.5671058e-04
   4.5591944e-04
   4.5512462e-04
   4.5432613e-04
   4.5352398e-04
   4.5271819e-04
   4.5190874e-04
   4.5109566e-04
   4.5027895e-04
   4.4945861e-04
   4.4863467e-04
   4.4780711e-04
   4.4697596e-04
   4.4614121e-04
   4.4530289e-04
   4.4446099e-04
   4.4361552e-04
   4.4276649e-04
   4.4191391e-04
   4.4105779e-04
   4.4019814e-04
   4.3933495e-04
   4.3846825e-04
   4.3759804e-04
   4.3672433e-04
   4.3584712e-04
   4.3496643e-04
   4.3408226e-04
   4.3319462e-04
   4.3230352e-04
   4.3140896e-04
   4.3051097e-04
   4.2960953e-04
   4.2870467e-04
   4.2779639e-04
   4.2688470e-04
   4.2596961e-04
   4.2505112e-04
   4.2412925e-04
   4.2320401e-04
   4.2227539e-04
   4.2134342e-04
   4.2040810e-04
   4.1946943e-04
   4.1852744e-04
   4.1758211e-04
   4.1663348e-04
   4.1568153e-04
   4.1472629e-04
   4.1376776e-04
   4.1280595e-04
   4.1184087e-04
   4.1087253e-04
   4.0990093e-04
   4.0892609e-04
   4.0794801e-04
   4.0696671e-04
   4.0598219e-04
   4.0499447e-04
   4.0400354e-04
   4.0300942e-04
   4.0201213e-04
   4.0101166e-04
   4.0000803e-04
   3.9900124e-04
   3.9799132e-04
   3.9697825e-04
   3.9596207e-04
   3.9494277e-04
   3.9392036e-04
   3.9289485e-04
   3.9186625e-04
   3.9083458e-04
   3.8979984e-04
   3.8876204e-04
   3.8772119e-04
   3.8667730e-04
   3.8563038e-04
   3.8458043e-04
   3.8352748e-04
   3.8247152e-04
   3.8141257e-04
   3.8035064e-04
   3.7928573e-04
   3.7821786e-04
   3.7714704e-04
   3.7607327e-04
   3.7499657e-04
   3.7391695e-04
   3.7283441e-04
   3.7174897e-04
   3.7066063e-04
   3.6956940e-04
   3.6847530e-04
   3.6737834e-04
   3.6627852e-04
   3.6517586e-04
   3.6407036e-04
   3.6296203e-04
   3.6185089e-04
   3.6073695e-04
   3.5962021e-04
   3.5850068e-04
   3.5737838e-04
   3.5625332e-04
   3.5512550e-04
   3.5399493e-04
   3.5286164e-04
   3.5172562e-04
   3.5058688e-04
   3.4944544e-04
   3.4830131e-04
   3.4715450e-04
   3.4600501e-04
   3.4485286e-04
   3.4369806e-04
   3.4254062e-04
   3.4138055e-04
   3.4021786e-04
   3.3905255e-04
   3.3788465e-04
   3.3671416e-04
   3.3554109e-04
   3.3436545e-04
   3.3318726e-04
   3.3200652e-04
   3.3082324e-04
   3.2963743e-04
   3.2844911e-04
   3.2725829e-04
   3.2606497e-04
   3.2486917e-04
   3.2367090e-04
   3.2247017e-04
   3.2126698e-04
   3.2006135e-04
   3.1885330e-04
   3.1764283e-04
   3.1642994e-04
   3.1521467e-04
   3.1399700e-04
   3.1277696e-04
   3.1155456e-04
   3.1032980e-04
   3.0910270e-04
   3.0787326e-04
   3.0664151e-04
   3.0540745e-04
   3.0417109e-04
   3.0293244e-04
   3.0169151e-04
   3.0044832e-04
   2.9920287e-04
   2.9795518e-04
   2.9670526e-04
   2.9545312e-04
   2.9419876e-04
   2.9294221e-04
   2.9168347e-04
   2.9042255e-04
   2.8915946e-04
   2.8789422e-04
   2.8662684e-04
   2.8535733e-04
   2.8408569e-04
   2.8281195e-04
   2.8153611e-04
   2.8025818e-04
   2.7897817e-04
   2.7769610e-04
   2.7641198e-04
   2.7512581e-04
   2.7383762e-04
   2.7254740e-04
   2.7125518e-04
   2.6996096e-04
   2.6866476e-04
   2.6736658e-04
   2.6606644e-04
   2.6476435e-04
   2.6346033e-04
   2.6215437e-04
   2.6084650e-04
   2.5953672e-04
   2.5822506e-04
   2.5691151e-04
   2.5559609e-04
   2.5427881e-04
   2.5295968e-04
   2.5163872e-04
   2.5031594e-04
   2.4899134e-04
   2.4766495e-04
   2.4633676e-04
   2.4500680e-04
   2.4367508e-04
   2.4234160e-04
   2.4100637e-04
   2.3966942e-04
   2.3833075e-04
   2.3699037e-04
   2.3564830e-04
   2.3430454e-04
   2.3295912e-04
   2.3161203e-04
   2.3026330e-04
   2.2891292e-04
   2.2756093e-04
   2.2620732e-04
   2.2485211e-04
   2.2349532e-04
   2.2213694e-04
   2.2077700e-04
   2.1941551e-04
   2.1805247e-04
   2.1668791e-04
   2.1532183e-04
   2.1395424e-04
   2.1258516e-04
   2.1121460e-04
   2.0984257e-04
   2.0846908e-04
   2.0709414e-04
   2.0571777e-04
   2.0433998e-04
   2.0296078e-04
   2.0158018e-04
   2.0019819e-04
   1.9881484e-04
   1.9743011e-04
   1.9604404e-04
   1.9465663e-04
   1.9326790e-04
   1.9187785e-04
   1.9048650e-04
   1.8909386e-04
   1.8769994e-04
   1.8630476e-04
   1.8490832e-04
   1.8351065e-04
   1.8211174e-04
   1.8071162e-04
   1.7931029e-04
   1.7790777e-04
   1.7650407e-04
   1.7509920e-04
   1.7369317e-04
   1.7228600e-04
   1.7087770e-04
   1.6946828e-04
   1.6805775e-04
   1.6664612e-04
   1.6523342e-04
   1.6381964e-04
   1.6240480e-04
   1.6098892e-04
   1.5957200e-04
   1.5815406e-04
   1.5673511e-04
   1.5531517e-04
   1.5389423e-04
   1.5247233e-04
   1.5104946e-04
   1.4962565e-04
   1.4820090e-04
   1.4677523e-04
   1.4534864e-04
   1.4392115e-04
   1.4249278e-04
   1.4106354e-04
   1.3963343e-04
   1.3820247e-04
   1.3677067e-04
   1.3533805e-04
   1.3390461e-04
   1.3247037e-04
   1.3103535e-04
   1.2959955e-04
   1.2816298e-04
   1.2672566e-04
   1.2528761e-04
   1.2384882e-04
   1.2240932e-04
   1.2096912e-04
   1.1952823e-04
   1.1808667e-04
   1.1664443e-04
   1.1520155e-04
   1.1375802e-04
   1.1231387e-04
   1.1086910e-04
   1.0942373e-04
   1.0797776e-04
   1.0653122e-04
   1.0508411e-04
   1.0363645e-04
   1.0218824e-04
   1.0073951e-04
   9.9290262e-05
   9.7840508e-05
   9.6390263e-05
   9.4939538e-05
   9.3488345e-05
   9.2036699e-05
   9.0584609e-05
   8.9132090e-05
   8.7679154e-05
   8.6225812e-05
   8.4772078e-05
   8.3317963e-05
   8.1863480e-05
   8.0408642e-05
   7.8953460e-05
   7.7497948e-05
   7.6042118e-05
   7.4585981e-05
   7.3129551e-05
   7.1672840e-05
   7.0215860e-05
   6.8758623e-05
   6.7301143e-05
   6.5843431e-05
   6.4385500e-05
   6.2927362e-05
   6.1469029e-05
   6.0010515e-05
   5.8551831e-05
   5.7092989e-05
   5.5634003e-05
   5.4174884e-05
   5.2715646e-05
   5.1256299e-05
   4.9796857e-05
   4.8337332e-05
   4.6877736e-05
   4.5418083e-05
   4.3958383e-05
   4.2498650e-05
   4.1038895e-05
   3.9579132e-05
   3.8119373e-05
   3.6659629e-05
   3.5199914e-05
   3.3740239e-05
   3.2280617e-05
   3.0821061e-05
   2.9361582e-05
   2.7902193e-05
   2.6442907e-05
   2.4983735e-05
   2.3524690e-05
   2.2065784e-05
   2.0607030e-05
   1.9148440e-05
   1.7690026e-05
   1.6231801e-05
   1.4773776e-05
   1.3315965e-05
   1.1858379e-05
   1.0401031e-05
   8.9439322e-06
   7.4870961e-06
   6.0305345e-06
   4.5742597e-06
   3.1182840e-06
   1.6626195e-06
   2.0727853e-07
  -1.2477266e-06
  -2.7023838e-06
  -4.1566807e-06
  -5.6106051e-06
  -7.0641448e-06
  -8.5172876e-06
  -9.9700213e-06
  -1.1422334e-05
  -1.2874212e-05
  -1.4325646e-05
  -1.5776621e-05
  -1.7227126e-05
  -1.8677149e-05
  -2.0126678e-05
  -2.1575700e-05
  -2.3024203e-05
  -2.4472176e-05
  -2.5919605e-05
  -2.7366480e-05
  -2.8812787e-05
  -3.0258515e-05
  -3.1703652e-05
  -3.3148185e-05
  -3.4592102e-05
  -3.6035392e-05
  -3.7478042e-05
  -3.8920040e-05
  -4.0361375e-05
  -4.1802033e-05
  -4.3242004e-05
  -4.4681274e-05
  -4.6119833e-05
  -4.7557667e-05
  -4.8994766e-05
  -5.0431116e-05
  -5.1866707e-05
  -5.3301526e-05
  -5.4735560e-05
  -5.6168799e-05
  -5.7601230e-05
  -5.9032841e-05
  -6.0463621e-05
  -6.1893557e-05
  -6.3322637e-05
  -6.4750850e-05
  -6.6178184e-05
  -6.7604627e-05
  -6.9030166e-05
  -7.0454791e-05
  -7.1878489e-05
  -7.3301248e-05
  -7.4723057e-05
  -7.6143904e-05
  -7.7563776e-05
  -7.8982663e-05
  -8.0400553e-05
  -8.1817433e-05
  -8.3233291e-05
  -8.4648117e-05
  -8.6061899e-05
  -8.7474624e-05
  -8.8886281e-05
  -9.0296858e-05
  -9.1706344e-05
  -9.3114726e-05
  -9.4521994e-05
  -9.5928136e-05
  -9.7333139e-05
  -9.8736993e-05
  -1.0013969e-04
  -1.0154121e-04
  -1.0294154e-04
  -1.0434068e-04
  -1.0573861e-04
  -1.0713532e-04
  -1.0853080e-04
  -1.0992504e-04
  -1.1131803e-04
  -1.1270975e-04
  -1.1410019e-04
  -1.1548935e-04
  -1.1687720e-04
  -1.1826375e-04
  -1.1964897e-04
  -1.2103286e-04
  -1.2241540e-04
  -1.2379658e-04
  -1.2517640e-04
  -1.2655484e-04
  -1.2793189e-04
  -1.2930753e-04
  -1.3068176e-04
  -1.3205457e-04
  -1.3342594e-04
  -1.3479586e-04
  -1.3616433e-04
  -1.3753132e-04
  -1.3889683e-04
  -1.4026085e-04
  -1.4162337e-04
  -1.4298437e-04
  -1.4434385e-04
  -1.4570179e-04
  -1.4705818e-04
  -1.4841302e-04
  -1.4976628e-04
  -1.5111796e-04
  -1.5246805e-04
  -1.5381653e-04
  -1.5516340e-04
  -1.5650864e-04
  -1.5785225e-04
  -1.5919421e-04
  -1.6053451e-04
  -1.6187314e-04
  -1.6321009e-04
  -1.6454535e-04
  -1.6587891e-04
  -1.6721075e-04
  -1.6854087e-04
  -1.6986925e-04
  -1.7119589e-04
  -1.7252077e-04
  -1.7384389e-04
  -1.7516522e-04
  -1.7648477e-04
  -1.7780252e-04
  -1.7911845e-04
  -1.8043257e-04
  -1.8174485e-04
  -1.8305529e-04
  -1.8436388e-04
  -1.8567060e-04
  -1.8697545e-04
  -1.8827841e-04
  -1.8957948e-04
  -1.9087864e-04
  -1.9217588e-04
  -1.9347120e-04
  -1.9476458e-04
  -1.9605601e-04
  -1.9734548e-04
  -1.9863298e-04
  -1.9991850e-04
  -2.0120203e-04
  -2.0248356e-04
  -2.0376308e-04
  -2.0504058e-04
  -2.0631605e-04
  -2.0758947e-04
  -2.0886085e-04
  -2.1013015e-04
  -2.1139739e-04
  -2.1266254e-04
  -2.1392560e-04
  -2.1518656e-04
  -2.1644540e-04
  -2.1770212e-04
  -2.1895670e-04
  -2.2020914e-04
  -2.2145943e-04
  -2.2270755e-04
  -2.2395349e-04
  -2.2519726e-04
  -2.2643882e-04
  -2.2767819e-04
  -2.2891533e-04
  -2.3015026e-04
  -2.3138295e-04
  -2.3261339e-04
  -2.3384158e-04
  -2.3506751e-04
  -2.3629116e-04
  -2.3751253e-04
  -2.3873160e-04
  -2.3994837e-04
  -2.4116283e-04
  -2.4237497e-04
  -2.4358477e-04
  -2.4479223e-04
  -2.4599734e-04
  -2.4720008e-04
  -2.4840046e-04
  -2.4959845e-04
  -2.5079406e-04
  -2.5198726e-04
  -2.5317806e-04
  -2.5436643e-04
  -2.5555238e-04
  -2.5673588e-04
  -2.5791694e-04
  -2.5909555e-04
  -2.6027168e-04
  -2.6144535e-04
  -2.6261652e-04
  -2.6378520e-04
  -2.6495138e-04
  -2.6611505e-04
  -2.6727619e-04
  -2.6843480e-04
  -2.6959087e-04
  -2.7074439e-04
  -2.7189535e-04
  -2.7304374e-04
  -2.7418956e-04
  -2.7533278e-04
  -2.7647342e-04
  -2.7761144e-04
  -2.7874686e-04
  -2.7987965e-04
  -2.8100981e-04
  -2.8213733e-04
  -2.8326220e-04
  -2.8438441e-04
  -2.8550395e-04
  -2.8662082e-04
  -2.8773500e-04
  -2.8884649e-04
  -2.8995527e-04
  -2.9106135e-04
  -2.9216470e-04
  -2.9326533e-04
  -2.9436321e-04
  -2.9545836e-04
  -2.9655074e-04
  -2.9764036e-04
  -2.9872722e-04
  -2.9981129e-04
  -3.0089257e-04
  -3.0197105e-04
  -3.0304673e-04
  -3.0411959e-04
  -3.0518963e-04
  -3.0625684e-04
  -3.0732120e-04
  -3.0838272e-04
  -3.0944139e-04
  -3.1049719e-04
  -3.1155011e-04
  -3.1260016e-04
  -3.1364731e-04
  -3.1469157e-04
  -3.1573292e-04
  -3.1677136e-04
  -3.1780687e-04
  -3.1883946e-04
  -3.1986910e-04
  -3.2089580e-04
  -3.2191955e-04
  -3.2294033e-04
  -3.2395815e-04
  -3.2497298e-04
  -3.2598483e-04
  -3.2699369e-04
  -3.2799954e-04
  -3.2900238e-04
  -3.3000221e-04
  -3.3099901e-04
  -3.3199278e-04
  -3.3298351e-04
  -3.3397119e-04
  -3.3495581e-04
  -3.3593737e-04
  -3.3691586e-04
  -3.3789127e-04
  -3.3886359e-04
  -3.3983282e-04
  -3.4079895e-04
  -3.4176197e-04
  -3.4272187e-04
  -3.4367865e-04
  -3.4463230e-04
  -3.4558281e-04
  -3.4653017e-04
  -3.4747438e-04
  -3.4841544e-04
  -3.4935332e-04
  -3.5028803e-04
  -3.5121956e-04
  -3.5214790e-04
  -3.5307304e-04
  -3.5399498e-04
  -3.5491371e-04
  -3.5582922e-04
  -3.5674150e-04
  -3.5765056e-04
  -3.5855638e-04
  -3.5945895e-04
  -3.6035827e-04
  -3.6125433e-04
  -3.6214713e-04
  -3.6303666e-04
  -3.6392290e-04
  -3.6480586e-04
  -3.6568552e-04
  -3.6656189e-04
  -3.6743495e-04
  -3.6830470e-04
  -3.6917113e-04
  -3.7003423e-04
  -3.7089400e-04
  -3.7175043e-04
  -3.7260352e-04
  -3.7345325e-04
  -3.7429963e-04
  -3.7514264e-04
  -3.7598228e-04
  -3.7681854e-04
  -3.7765142e-04
  -3.7848091e-04
  -3.7930700e-04
  -3.8012969e-04
  -3.8094898e-04
  -3.8176484e-04
  -3.8257729e-04
  -3.8338631e-04
  -3.8419190e-04
  -3.8499405e-04
  -3.8579275e-04
  -3.8658800e-04
  -3.8737980e-04
  -3.8816813e-04
  -3.8895300e-04
  -3.8973439e-04
  -3.9051230e-04
  -3.9128672e-04
  -3.9205766e-04
  -3.9282509e-04
  -3.9358902e-04
  -3.9434945e-04
  -3.9510635e-04
  -3.9585974e-04
  -3.9660961e-04
  -3.9735594e-04
  -3.9809873e-04
  -3.9883799e-04
  -3.9957369e-04
  -4.0030584e-04
  -4.0103444e-04
  -4.0175947e-04
  -4.0248093e-04
  -4.0319882e-04
  -4.0391313e-04
  -4.0462385e-04
  -4.0533098e-04
  -4.0603452e-04
  -4.0673446e-04
  -4.0743079e-04
  -4.0812352e-04
  -4.0881262e-04
  -4.0949811e-04
  -4.1017997e-04
  -4.1085820e-04
  -4.1153280e-04
  -4.1220376e-04
  -4.1287107e-04
  -4.1353473e-04
  -4.1419474e-04
  -4.1485109e-04
  -4.1550377e-04
  -4.1615279e-04
  -4.1679813e-04
  -4.1743979e-04
  -4.1807778e-04
  -4.1871207e-04
  -4.1934268e-04
  -4.1996958e-04
  -4.2059279e-04
  -4.2121230e-04
  -4.2182809e-04
  -4.2244017e-04
  -4.2304853e-04
  -4.2365317e-04
  -4.2425409e-04
  -4.2485127e-04
  -4.2544472e-04
  -4.2603443e-04
  -4.2662039e-04
  -4.2720261e-04
  -4.2778108e-04
  -4.2835579e-04
  -4.2892675e-04
  -4.2949394e-04
  -4.3005736e-04
  -4.3061701e-04
  -4.3117289e-04
  -4.3172499e-04
  -4.3227330e-04
  -4.3281783e-04
  -4.3335857e-04
  -4.3389552e-04
  -4.3442867e-04
  -4.3495801e-04
  -4.3548355e-04
  -4.3600529e-04
  -4.3652321e-04
  -4.3703732e-04
  -4.3754761e-04
  -4.3805407e-04
  -4.3855671e-04
  -4.3905552e-04
  -4.3955050e-04
  -4.4004165e-04
  -4.4052895e-04
  -4.4101242e-04
  -4.4149203e-04
  -4.4196780e-04
  -4.4243972e-04
  -4.4290778e-04
  -4.4337199e-04
  -4.4383233e-04
  -4.4428881e-04
  -4.4474143e-04
  -4.4519017e-04
  -4.4563504e-04
  -4.4607604e-04
  -4.4651316e-04
  -4.4694639e-04
  -4.4737574e-04
  -4.4780121e-04
  -4.4822279e-04
  -4.4864047e-04
  -4.4905426e-04
  -4.4946415e-04
  -4.4987015e-04
  -4.5027224e-04
  -4.5067042e-04
  -4.5106470e-04
  -4.5145507e-04
  -4.5184153e-04
  -4.5222407e-04
  -4.5260270e-04
  -4.5297740e-04
  -4.5334819e-04
  -4.5371505e-04
  -4.5407798e-04
  -4.5443699e-04
  -4.5479207e-04
  -4.5514322e-04
  -4.5549043e-04
  -4.5583370e-04
  -4.5617304e-04
  -4.5650843e-04
  -4.5683989e-04
  -4.5716740e-04
  -4.5749096e-04
  -4.5781058e-04
  -4.5812624e-04
  -4.5843796e-04
  -4.5874572e-04
  -4.5904953e-04
  -4.5934938e-04
  -4.5964528e-04
  -4.5993721e-04
  -4.6022518e-04
  -4.6050919e-04
  -4.6078924e-04
  -4.6106532e-04
  -4.6133743e-04
  -4.6160558e-04
  -4.6186975e-04
  -4.6212996e-04
  -4.6238619e-04
  -4.6263845e-04
  -4.6288673e-04
  -4.6313104e-04
  -4.6337137e-04
  -4.6360772e-04
  -4.6384009e-04
  -4.6406849e-04
  -4.6429290e-04
  -4.6451333e-04
  -4.6472977e-04
  -4.6494223e-04
  -4.6515071e-04
  -4.6535520e-04
  -4.6555570e-04
  -4.6575222e-04
  -4.6594475e-04
  -4.6613328e-04
  -4.6631783e-04
  -4.6649839e-04
  -4.6667496e-04
  -4.6684754e-04
  -4.6701612e-04
  -4.6718071e-04
  -4.6734131e-04
  -4.6749792e-04
  -4.6765053e-04
  -4.6779915e-04
  -4.6794377e-04
  -4.6808440e-04
  -4.6822103e-04
  -4.6835367e-04
  -4.6848231e-04
  -4.6860696e-04
  -4.6872761e-04
  -4.6884427e-04
  -4.6895693e-04
  -4.6906559e-04
  -4.6917026e-04
  -4.6927093e-04
  -4.6936761e-04
  -4.6946029e-04
  -4.6954897e-04
  -4.6963366e-04
  -4.6971436e-04
  -4.6979106e-04
  -4.6986376e-04
  -4.6993247e-04
  -4.6999719e-04
  -4.7005791e-04
  -4.7011464e-04
  -4.7016737e-04
  -4.7021612e-04
  -4.7026087e-04
  -4.7030163e-04
  -4.7033840e-04
  -4.7037118e-04
  -4.7039997e-04
  -4.7042477e-04
  -4.7044559e-04
  -4.7046242e-04
  -4.7047526e-04
  -4.7048411e-04
  -4.7048898e-04
  -4.7048987e-04
  -4.7048677e-04
  -4.7047969e-04
  -4.7046863e-04
  -4.7045359e-04
  -4.7043457e-04
  -4.7041157e-04
  -4.7038460e-04
  -4.7035365e-04
  -4.7031872e-04
  -4.7027983e-04
  -4.7023696e-04
  -4.7019012e-04
  -4.7013931e-04
  -4.7008453e-04
  -4.7002578e-04
  -4.6996307e-04
  -4.6989640e-04
  -4.6982576e-04
  -4.6975117e-04
  -4.6967261e-04
  -4.6959010e-04
  -4.6950363e-04
  -4.6941320e-04
  -4.6931883e-04
  -4.6922050e-04
  -4.6911822e-04
  -4.6901199e-04
  -4.6890182e-04
  -4.6878771e-04
  -4.6866965e-04
  -4.6854766e-04
  -4.6842172e-04
  -4.6829185e-04
  -4.6815804e-04
  -4.6802031e-04
  -4.6787864e-04
  -4.6773305e-04
  -4.6758352e-04
  -4.6743008e-04
  -4.6727271e-04
  -4.6711143e-04
  -4.6694623e-04
  -4.6677711e-04
  -4.6660408e-04
  -4.6642715e-04
  -4.6624630e-04
  -4.6606155e-04
  -4.6587290e-04
  -4.6568034e-04
  -4.6548389e-04
  -4.6528355e-04
  -4.6507931e-04
  -4.6487118e-04
  -4.6465917e-04
  -4.6444327e-04
  -4.6422349e-04
  -4.6399983e-04
  -4.6377229e-04
  -4.6354088e-04
  -4.6330560e-04
  -4.6306646e-04
  -4.6282345e-04
  -4.6257657e-04
  -4.6232584e-04
  -4.6207126e-04
  -4.6181282e-04
  -4.6155053e-04
  -4.6128439e-04
  -4.6101441e-04
  -4.6074059e-04
  -4.6046294e-04
  -4.6018145e-04
  -4.5989613e-04
  -4.5960698e-04
  -4.5931401e-04
  -4.5901722e-04
  -4.5871662e-04
  -4.5841220e-04
  -4.5810396e-04
  -4.5779193e-04
  -4.5747609e-04
  -4.5715645e-04
  -4.5683301e-04
  -4.5650578e-04
  -4.5617477e-04
  -4.5583997e-04
  -4.5550138e-04
  -4.5515902e-04
  -4.5481289e-04
  -4.5446298e-04
  -4.5410931e-04
  -4.5375188e-04
  -4.5339069e-04
  -4.5302575e-04
  -4.5265705e-04
  -4.5228461e-04
  -4.5190843e-04
  -4.5152851e-04
  -4.5114485e-04
  -4.5075746e-04
  -4.5036635e-04
  -4.4997152e-04
  -4.4957296e-04
  -4.4917070e-04
  -4.4876472e-04
  -4.4835504e-04
  -4.4794166e-04
  -4.4752459e-04
  -4.4710382e-04
  -4.4667937e-04
  -4.4625123e-04
  -4.4581941e-04
  -4.4538392e-04
  -4.4494476e-04
  -4.4450194e-04
  -4.4405545e-04
  -4.4360531e-04
  -4.4315152e-04
  -4.4269409e-04
  -4.4223301e-04
  -4.4176829e-04
  -4.4129994e-04
  -4.4082797e-04
  -4.4035237e-04
  -4.3987316e-04
  -4.3939033e-04
  -4.3890390e-04
  -4.3841386e-04
  -4.3792023e-04
  -4.3742300e-04
  -4.3692218e-04
  -4.3641779e-04
  -4.3590981e-04
  -4.3539826e-04
  -4.3488315e-04
  -4.3436447e-04
  -4.3384224e-04
  -4.3331645e-04
  -4.3278712e-04
  -4.3225425e-04
  -4.3171784e-04
  -4.3117790e-04
  -4.3063444e-04
  -4.3008746e-04
  -4.2953696e-04
  -4.2898296e-04
  -4.2842545e-04
  -4.2786444e-04
  -4.2729995e-04
  -4.2673196e-04
  -4.2616050e-04
  -4.2558556e-04
  -4.2500715e-04
  -4.2442528e-04
  -4.2383995e-04
  -4.2325116e-04
  -4.2265893e-04
  -4.2206326e-04
  -4.2146416e-04
  -4.2086163e-04
  -4.2025567e-04
  -4.1964630e-04
  -4.1903351e-04
  -4.1841732e-04
  -4.1779773e-04
  -4.1717475e-04
  -4.1654838e-04
  -4.1591863e-04
  -4.1528550e-04
  -4.1464901e-04
  -4.1400915e-04
  -4.1336594e-04
  -4.1271938e-04
  -4.1206947e-04
  -4.1141623e-04
  -4.1075965e-04
  -4.1009975e-04
  -4.0943653e-04
  -4.0877000e-04
  -4.0810016e-04
  -4.0742703e-04
  -4.0675060e-04
  -4.0607088e-04
  -4.0538788e-04
  -4.0470162e-04
  -4.0401208e-04
  -4.0331928e-04
  -4.0262323e-04
  -4.0192394e-04
  -4.0122140e-04
  -4.0051563e-04
  -3.9980663e-04
  -3.9909441e-04
  -3.9837898e-04
  -3.9766035e-04
  -3.9693851e-04
  -3.9621348e-04
  -3.9548526e-04
  -3.9475387e-04
  -3.9401930e-04
  -3.9328157e-04
  -3.9254068e-04
  -3.9179664e-04
  -3.9104945e-04
  -3.9029913e-04
  -3.8954568e-04
  -3.8878910e-04
  -3.8802941e-04
  -3.8726661e-04
  -3.8650071e-04
  -3.8573172e-04
  -3.8495963e-04
  -3.8418447e-04
  -3.8340624e-04
  -3.8262494e-04
  -3.8184058e-04
  -3.8105317e-04
  -3.8026272e-04
  -3.7946923e-04
  -3.7867272e-04
  -3.7787318e-04
  -3.7707063e-04
  -3.7626508e-04
  -3.7545652e-04
  -3.7464498e-04
  -3.7383045e-04
  -3.7301294e-04
  -3.7219247e-04
  -3.7136904e-04
  -3.7054266e-04
  -3.6971333e-04
  -3.6888106e-04
  -3.6804586e-04
  -3.6720774e-04
  -3.6636671e-04
  -3.6552277e-04
  -3.6467593e-04
  -3.6382620e-04
  -3.6297359e-04
  -3.6211810e-04
  -3.6125975e-04
  -3.6039854e-04
  -3.5953447e-04
  -3.5866757e-04
  -3.5779782e-04
  -3.5692526e-04
  -3.5604987e-04
  -3.5517167e-04
  -3.5429067e-04
  -3.5340687e-04
  -3.5252028e-04
  -3.5163092e-04
  -3.5073879e-04
  -3.4984389e-04
  -3.4894624e-04
  -3.4804585e-04
  -3.4714272e-04
  -3.4623686e-04
  -3.4532827e-04
  -3.4441698e-04
  -3.4350298e-04
  -3.4258628e-04
  -3.4166690e-04
  -3.4074484e-04
  -3.3982011e-04
  -3.3889271e-04
  -3.3796266e-04
  -3.3702997e-04
  -3.3609464e-04
  -3.3515668e-04
  -3.3421611e-04
  -3.3327292e-04
  -3.3232712e-04
  -3.3137874e-04
  -3.3042777e-04
  -3.2947422e-04
  -3.2851811e-04
  -3.2755943e-04
  -3.2659821e-04
  -3.2563444e-04
  -3.2466814e-04
  -3.2369932e-04
  -3.2272798e-04
  -3.2175413e-04
  -3.2077779e-04
  -3.1979895e-04
  -3.1881764e-04
  -3.1783386e-04
  -3.1684761e-04
  -3.1585891e-04
  -3.1486777e-04
  -3.1387418e-04
  -3.1287818e-04
  -3.1187975e-04
  -3.1087892e-04
  -3.0987569e-04
  -3.0887007e-04
  -3.0786206e-04
  -3.0685168e-04
  -3.0583894e-04
  -3.0482385e-04
  -3.0380641e-04
  -3.0278664e-04
  -3.0176454e-04
  -3.0074012e-04
  -2.9971339e-04
  -2.9868436e-04
  -2.9765305e-04
  -2.9661945e-04
  -2.9558359e-04
  -2.9454546e-04
  -2.9350507e-04
  -2.9246245e-04
  -2.9141759e-04
  -2.9037051e-04
  -2.8932121e-04
  -2.8826970e-04
  -2.8721600e-04
  -2.8616012e-04
  -2.8510205e-04
  -2.8404182e-04
  -2.8297943e-04
  -2.8191488e-04
  -2.8084820e-04
  -2.7977939e-04
  -2.7870846e-04
  -2.7763542e-04
  -2.7656028e-04
  -2.7548304e-04
  -2.7440373e-04
  -2.7332234e-04
  -2.7223888e-04
  -2.7115338e-04
  -2.7006583e-04
  -2.6897625e-04
  -2.6788464e-04
  -2.6679102e-04
  -2.6569539e-04
  -2.6459777e-04
  -2.6349816e-04
  -2.6239658e-04
  -2.6129303e-04
  -2.6018753e-04
  -2.5908008e-04
  -2.5797069e-04
  -2.5685938e-04
  -2.5574615e-04
  -2.5463102e-04
  -2.5351398e-04
  -2.5239506e-04
  -2.5127427e-04
  -2.5015160e-04
  -2.4902708e-04
  -2.4790072e-04
  -2.4677251e-04
  -2.4564248e-04
  -2.4451063e-04
  -2.4337697e-04
  -2.4224152e-04
  -2.4110428e-04
  -2.3996526e-04
  -2.3882447e-04
  -2.3768193e-04
  -2.3653764e-04
  -2.3539161e-04
  -2.3424386e-04
  -2.3309439e-04
  -2.3194321e-04
  -2.3079034e-04
  -2.2963578e-04
  -2.2847955e-04
  -2.2732165e-04
  -2.2616209e-04
  -2.2500089e-04
  -2.2383805e-04
  -2.2267359e-04
  -2.2150751e-04
  -2.2033983e-04
  -2.1917055e-04
  -2.1799969e-04
  -2.1682726e-04
  -2.1565326e-04
  -2.1447771e-04
  -2.1330062e-04
  -2.1212199e-04
  -2.1094184e-04
  -2.0976018e-04
  -2.0857702e-04
  -2.0739237e-04
  -2.0620624e-04
  -2.0501863e-04
  -2.0382957e-04
  -2.0263906e-04
  -2.0144710e-04
  -2.0025372e-04
  -1.9905892e-04
  -1.9786272e-04
  -1.9666511e-04
  -1.9546612e-04
  -1.9426575e-04
  -1.9306402e-04
  -1.9186093e-04
  -1.9065649e-04
  -1.8945072e-04
  -1.8824363e-04
  -1.8703522e-04
  -1.8582551e-04
  -1.8461451e-04
  -1.8340223e-04
  -1.8218867e-04
  -1.8097386e-04
  -1.7975779e-04
  -1.7854049e-04
  -1.7732195e-04
  -1.7610220e-04
  -1.7488124e-04
  -1.7365908e-04
  -1.7243574e-04
  -1.7121122e-04
  -1.6998553e-04
  -1.6875869e-04
  -1.6753071e-04
  -1.6630159e-04
  -1.6507135e-04
  -1.6384000e-04
  -1.6260755e-04
  -1.6137401e-04
  -1.6013939e-04
  -1.5890369e-04
  -1.5766694e-04
  -1.5642915e-04
  -1.5519031e-04
  -1.5395045e-04
  -1.5270957e-04
  -1.5146769e-04
  -1.5022482e-04
  -1.4898096e-04
  -1.4773612e-04
  -1.4649033e-04
  -1.4524359e-04
  -1.4399590e-04
  -1.4274729e-04
  -1.4149776e-04
  -1.4024732e-04
  -1.3899598e-04
  -1.3774376e-04
  -1.3649066e-04
  -1.3523669e-04
  -1.3398187e-04
  -1.3272621e-04
  -1.3146972e-04
  -1.3021241e-04
  -1.2895428e-04
  -1.2769536e-04
  -1.2643564e-04
  -1.2517515e-04
  -1.2391390e-04
  -1.2265188e-04
  -1.2138912e-04
  -1.2012563e-04
  -1.1886141e-04
  -1.1759648e-04
  -1.1633084e-04
  -1.1506452e-04
  -1.1379752e-04
  -1.1252984e-04
  -1.1126151e-04
  -1.0999253e-04
  -1.0872291e-04
  -1.0745267e-04
  -1.0618182e-04
  -1.0491035e-04
  -1.0363830e-04
  -1.0236566e-04
  -1.0109246e-04
  -9.9818690e-05
  -9.8544373e-05
  -9.7269518e-05
  -9.5994135e-05
  -9.4718235e-05
  -9.3441830e-05
  -9.2164930e-05
  -9.0887546e-05
  -8.9609689e-05
  -8.8331370e-05
  -8.7052600e-05
  -8.5773389e-05
  -8.4493750e-05
  -8.3213692e-05
  -8.1933227e-05
  -8.0652365e-05
  -7.9371118e-05
  -7.8089497e-05
  -7.6807511e-05
  -7.5525173e-05
  -7.4242494e-05
  -7.2959483e-05
  -7.1676153e-05
  -7.0392513e-05
  -6.9108576e-05
  -6.7824351e-05
  -6.6539851e-05
  -6.5255085e-05
  -6.3970065e-05
  -6.2684802e-05
  -6.1399306e-05
  -6.0113589e-05
  -5.8827661e-05
  -5.7541534e-05
  -5.6255218e-05
  -5.4968724e-05
  -5.3682064e-05
  -5.2395248e-05
  -5.1108287e-05
  -4.9821192e-05
  -4.8533973e-05
  -4.7246643e-05
  -4.5959212e-05
  -4.4671690e-05
  -4.3384089e-05
  -4.2096419e-05
  -4.0808692e-05
  -3.9520918e-05
  -3.8233109e-05
  -3.6945274e-05
  -3.5657426e-05
  -3.4369575e-05
  -3.3081732e-05
  -3.1793908e-05
  -3.0506113e-05
  -2.9218359e-05
  -2.7930656e-05
  -2.6643016e-05
  -2.5355449e-05
  -2.4067967e-05
  -2.2780579e-05
  -2.1493297e-05
  -2.0206132e-05
  -1.8919095e-05
  -1.7632196e-05
  -1.6345447e-05
  -1.5058857e-05
  -1.3772439e-05
  -1.2486203e-05
  -1.1200160e-05
  -9.9143201e-06
  -8.6286949e-06
  -7.3432950e-06
  -6.0581312e-06
  -4.7732144e-06
  -3.4885553e-06
  -2.2041649e-06
  -9.2005384e-07
   3.6376700e-07
   1.6472868e-06
   2.9304948e-06
   4.2133803e-06
   5.4959323e-06
   6.7781402e-06
   8.0599932e-06
   9.3414804e-06
   1.0622591e-05
   1.1903315e-05
   1.3183640e-05
   1.4463557e-05
   1.5743055e-05
   1.7022122e-05
   1.8300748e-05
   1.9578923e-05
   2.0856635e-05
   2.2133874e-05
   2.3410630e-05
   2.4686891e-05
   2.5962646e-05
   2.7237886e-05
   2.8512600e-05
   2.9786776e-05
   3.1060405e-05
   3.2333475e-05
   3.3605976e-05
   3.4877897e-05
   3.6149227e-05
   3.7419957e-05
   3.8690075e-05
   3.9959570e-05
   4.1228433e-05
   4.2496653e-05
   4.3764218e-05
   4.5031118e-05
   4.6297344e-05
   4.7562884e-05
   4.8827727e-05
   5.0091864e-05
   5.1355283e-05
   5.2617974e-05
   5.3879927e-05
   5.5141131e-05
   5.6401575e-05
   5.7661249e-05
   5.8920143e-05
   6.0178246e-05
   6.1435548e-05
   6.2692038e-05
   6.3947706e-05
   6.5202541e-05
   6.6456532e-05
   6.7709670e-05
   6.8961945e-05
   7.0213344e-05
   7.1463860e-05
   7.2713479e-05
   7.3962194e-05
   7.5209992e-05
   7.6456865e-05
   7.7702800e-05
   7.8947789e-05
   8.0191821e-05
   8.1434885e-05
   8.2676971e-05
   8.3918069e-05
   8.5158169e-05
   8.6397260e-05
   8.7635333e-05
   8.8872376e-05
   9.0108379e-05
   9.1343333e-05
   9.2577228e-05
   9.3810052e-05
   9.5041796e-05
   9.6272450e-05
   9.7502003e-05
   9.8730445e-05
   9.9957767e-05
   1.0118396e-04
   1.0240901e-04
   1.0363291e-04
   1.0485564e-04
   1.0607721e-04
   1.0729759e-04
   1.0851679e-04
   1.0973478e-04
   1.1095156e-04
   1.1216712e-04
   1.1338144e-04
   1.1459453e-04
   1.1580636e-04
   1.1701693e-04
   1.1822623e-04
   1.1943425e-04
   1.2064098e-04
   1.2184641e-04
   1.2305052e-04
   1.2425332e-04
   1.2545478e-04
   1.2665490e-04
   1.2785367e-04
   1.2905109e-04
   1.3024713e-04
   1.3144179e-04
   1.3263506e-04
   1.3382693e-04
   1.3501739e-04
   1.3620644e-04
   1.3739405e-04
   1.3858023e-04
   1.3976495e-04
   1.4094822e-04
   1.4213002e-04
   1.4331035e-04
   1.4448918e-04
   1.4566652e-04
   1.4684236e-04
   1.4801668e-04
   1.4918947e-04
   1.5036073e-04
   1.5153044e-04
   1.5269860e-04
   1.5386519e-04
   1.5503022e-04
   1.5619366e-04
   1.5735550e-04
   1.5851575e-04
   1.5967438e-04
   1.6083140e-04
   1.6198678e-04
   1.6314053e-04
   1.6429262e-04
   1.6544306e-04
   1.6659183e-04
   1.6773892e-04
   1.6888433e-04
   1.7002805e-04
   1.7117005e-04
   1.7231035e-04
   1.7344892e-04
   1.7458576e-04
   1.7572085e-04
   1.7685420e-04
   1.7798578e-04
   1.7911560e-04
   1.8024364e-04
   1.8136989e-04
   1.8249434e-04
   1.8361699e-04
   1.8473782e-04
   1.8585683e-04
   1.8697401e-04
   1.8808934e-04
   1.8920283e-04
   1.9031445e-04
   1.9142420e-04
   1.9253208e-04
   1.9363807e-04
   1.9474216e-04
   1.9584435e-04
   1.9694463e-04
   1.9804298e-04
   1.9913940e-04
   2.0023389e-04
   2.0132642e-04
   2.0241699e-04
   2.0350560e-04
   2.0459224e-04
   2.0567689e-04
   2.0675954e-04
   2.0784020e-04
   2.0891884e-04
   2.0999547e-04
   2.1107007e-04
   2.1214263e-04
   2.1321315e-04
   2.1428162e-04
   2.1534802e-04
   2.1641235e-04
   2.1747461e-04
   2.1853477e-04
   2.1959284e-04
   2.2064881e-04
   2.2170266e-04
   2.2275440e-04
   2.2380400e-04
   2.2485146e-04
   2.2589678e-04
   2.2693995e-04
   2.2798095e-04
   2.2901978e-04
   2.3005642e-04
   2.3109089e-04
   2.3212315e-04
   2.3315321e-04
   2.3418106e-04
   2.3520669e-04
   2.3623009e-04
   2.3725125e-04
   2.3827016e-04
   2.3928683e-04
   2.4030123e-04
   2.4131336e-04
   2.4232322e-04
   2.4333078e-04
   2.4433606e-04
   2.4533903e-04
   2.4633970e-04
   2.4733804e-04
   2.4833407e-04
   2.4932775e-04
   2.5031910e-04
   2.5130810e-04
   2.5229474e-04
   2.5327902e-04
   2.5426092e-04
   2.5524045e-04
   2.5621758e-04
   2.5719232e-04
   2.5816466e-04
   2.5913459e-04
   2.6010210e-04
   2.6106718e-04
   2.6202983e-04
   2.6299003e-04
   2.6394779e-04
   2.6490309e-04
   2.6585593e-04
   2.6680630e-04
   2.6775418e-04
   2.6869958e-04
   2.6964249e-04
   2.7058289e-04
   2.7152079e-04
   2.7245617e-04
   2.7338903e-04
   2.7431936e-04
   2.7524714e-04
   2.7617239e-04
   2.7709508e-04
   2.7801521e-04
   2.7893277e-04
   2.7984776e-04
   2.8076017e-04
   2.8167000e-04
   2.8257722e-04
   2.8348184e-04
   2.8438386e-04
   2.8528326e-04
   2.8618003e-04
   2.8707417e-04
   2.8796568e-04
   2.8885454e-04
   2.8974075e-04
   2.9062430e-04
   2.9150519e-04
   2.9238340e-04
   2.9325894e-04
   2.9413179e-04
   2.9500195e-04
   2.9586940e-04
   2.9673416e-04
   2.9759620e-04
   2.9845552e-04
   2.9931212e-04
   3.0016598e-04
   3.0101711e-04
   3.0186548e-04
   3.0271111e-04
   3.0355398e-04
   3.0439408e-04
   3.0523142e-04
   3.0606597e-04
   3.0689774e-04
   3.0772672e-04
   3.0855290e-04
   3.0937628e-04
   3.1019685e-04
   3.1101460e-04
   3.1182953e-04
   3.1264163e-04
   3.1345089e-04
   3.1425732e-04
   3.1506090e-04
   3.1586162e-04
   3.1665949e-04
   3.1745449e-04
   3.1824661e-04
   3.1903586e-04
   3.1982223e-04
   3.2060571e-04
   3.2138629e-04
   3.2216397e-04
   3.2293874e-04
   3.2371060e-04
   3.2447954e-04
   3.2524555e-04
   3.2600864e-04
   3.2676878e-04
   3.2752599e-04
   3.2828024e-04
   3.2903155e-04
   3.2977989e-04
   3.3052527e-04
   3.3126768e-04
   3.3200711e-04
   3.3274356e-04
   3.3347702e-04
   3.3420749e-04
   3.3493496e-04
   3.3565942e-04
   3.3638088e-04
   3.3709932e-04
   3.3781474e-04
   3.3852714e-04
   3.3923651e-04
   3.3994283e-04
   3.4064612e-04
   3.4134636e-04
   3.4204355e-04
   3.4273769e-04
   3.4342876e-04
   3.4411676e-04
   3.4480169e-04
   3.4548354e-04
   3.4616231e-04
   3.4683800e-04
   3.4751059e-04
   3.4818008e-04
   3.4884647e-04
   3.4950975e-04
   3.5016992e-04
   3.5082697e-04
   3.5148090e-04
   3.5213171e-04
   3.5277938e-04
   3.5342391e-04
   3.5406531e-04
   3.5470356e-04
   3.5533865e-04
   3.5597060e-04
   3.5659938e-04
   3.5722500e-04
   3.5784745e-04
   3.5846672e-04
   3.5908282e-04
   3.5969574e-04
   3.6030547e-04
   3.6091200e-04
   3.6151535e-04
   3.6211549e-04
   3.6271242e-04
   3.6330615e-04
   3.6389667e-04
   3.6448397e-04
   3.6506804e-04
   3.6564889e-04
   3.6622651e-04
   3.6680090e-04
   3.6737205e-04
   3.6793996e-04
   3.6850462e-04
   3.6906603e-04
   3.6962418e-04
   3.7017908e-04
   3.7073071e-04
   3.7127908e-04
   3.7182418e-04
   3.7236601e-04
   3.7290456e-04
   3.7343982e-04
   3.7397180e-04
   3.7450049e-04
   3.7502589e-04
   3.7554800e-04
   3.7606680e-04
   3.7658230e-04
   3.7709449e-04
   3.7760337e-04
   3.7810894e-04
   3.7861119e-04
   3.7911011e-04
   3.7960572e-04
   3.8009799e-04
   3.8058693e-04
   3.8107254e-04
   3.8155481e-04
   3.8203374e-04
   3.8250932e-04
   3.8298156e-04
   3.8345044e-04
   3.8391597e-04
   3.8437814e-04
   3.8483695e-04
   3.8529240e-04
   3.8574448e-04
   3.8619319e-04
   3.8663852e-04
   3.8708048e-04
   3.8751906e-04
   3.8795426e-04
   3.8838608e-04
   3.8881450e-04
   3.8923954e-04
   3.8966118e-04
   3.9007943e-04
   3.9049427e-04
   3.9090572e-04
   3.9131376e-04
   3.9171839e-04
   3.9211962e-04
   3.9251743e-04
   3.9291183e-04
   3.9330281e-04
   3.9369037e-04
   3.9407451e-04
   3.9445522e-04
   3.9483250e-04
   3.9520636e-04
   3.9557678e-04
   3.9594377e-04
   3.9630733e-04
   3.9666744e-04
   3.9702411e-04
   3.9737734e-04
   3.9772713e-04
   3.9807346e-04
   3.9841635e-04
   3.9875578e-04
   3.9909176e-04
   3.9942428e-04
   3.9975335e-04
   4.0007896e-04
   4.0040110e-04
   4.0071978e-04
   4.0103499e-04
   4.0134674e-04
   4.0165501e-04
   4.0195982e-04
   4.0226115e-04
   4.0255901e-04
   4.0285339e-04
   4.0314429e-04
   4.0343171e-04
   4.0371565e-04
   4.0399610e-04
   4.0427308e-04
   4.0454656e-04
   4.0481656e-04
   4.0508307e-04
   4.0534609e-04
   4.0560561e-04
   4.0586164e-04
   4.0611418e-04
   4.0636322e-04
   4.0660877e-04
   4.0685081e-04
   4.0708936e-04
   4.0732440e-04
   4.0755594e-04
   4.0778398e-04
   4.0800851e-04
   4.0822954e-04
   4.0844706e-04
   4.0866107e-04
   4.0887157e-04
   4.0907857e-04
   4.0928205e-04
   4.0948202e-04
   4.0967848e-04
   4.0987143e-04
   4.1006086e-04
   4.1024677e-04
   4.1042917e-04
   4.1060806e-04
   4.1078342e-04
   4.1095527e-04
   4.1112360e-04
   4.1128841e-04
   4.1144971e-04
   4.1160748e-04
   4.1176173e-04
   4.1191246e-04
   4.1205967e-04
   4.1220335e-04
   4.1234351e-04
   4.1248015e-04
   4.1261327e-04
   4.1274286e-04
   4.1286893e-04
   4.1299148e-04
   4.1311050e-04
   4.1322600e-04
   4.1333797e-04
   4.1344642e-04
   4.1355134e-04
   4.1365274e-04
   4.1375061e-04
   4.1384496e-04
   4.1393578e-04
   4.1402308e-04
   4.1410685e-04
   4.1418710e-04
   4.1426382e-04
   4.1433702e-04
   4.1440670e-04
   4.1447285e-04
   4.1453547e-04
   4.1459458e-04
   4.1465016e-04
   4.1470222e-04
   4.1475075e-04
   4.1479577e-04
   4.1483726e-04
   4.1487523e-04
   4.1490968e-04
   4.1494061e-04
   4.1496802e-04
   4.1499191e-04
   4.1501228e-04
   4.1502914e-04
   4.1504248e-04
   4.1505230e-04
   4.1505860e-04
   4.1506140e-04
   4.1506067e-04
   4.1505644e-04
   4.1504869e-04
   4.1503743e-04
   4.1502266e-04
   4.1500438e-04
   4.1498259e-04
   4.1495729e-04
   4.1492849e-04
   4.1489618e-04
   4.1486037e-04
   4.1482105e-04
   4.1477824e-04
   4.1473192e-04
   4.1468210e-04
   4.1462878e-04
   4.1457196e-04
   4.1451165e-04
   4.1444784e-04
   4.1438055e-04
   4.1430975e-04
   4.1423547e-04
   4.1415770e-04
   4.1407644e-04
   4.1399169e-04
   4.1390346e-04
   4.1381175e-04
   4.1371656e-04
   4.1361788e-04
   4.1351573e-04
   4.1341010e-04
   4.1330099e-04
   4.1318842e-04
   4.1307237e-04
   4.1295285e-04
   4.1282986e-04
   4.1270341e-04
   4.1257349e-04
   4.1244011e-04
   4.1230327e-04
   4.1216298e-04
   4.1201922e-04
   4.1187201e-04
   4.1172135e-04
   4.1156724e-04
   4.1140968e-04
   4.1124868e-04
   4.1108423e-04
   4.1091634e-04
   4.1074501e-04
   4.1057024e-04
   4.1039204e-04
   4.1021041e-04
   4.1002534e-04
   4.0983685e-04
   4.0964493e-04
   4.0944959e-04
   4.0925083e-04
   4.0904865e-04
   4.0884306e-04
   4.0863405e-04
   4.0842163e-04
   4.0820580e-04
   4.0798657e-04
   4.0776394e-04
   4.0753790e-04
   4.0730847e-04
   4.0707564e-04
   4.0683942e-04
   4.0659982e-04
   4.0635682e-04
   4.0611045e-04
   4.0586069e-04
   4.0560755e-04
   4.0535104e-04
   4.0509116e-04
   4.0482791e-04
   4.0456130e-04
   4.0429132e-04
   4.0401798e-04
   4.0374128e-04
   4.0346123e-04
   4.0317784e-04
   4.0289109e-04
   4.0260100e-04
   4.0230757e-04
   4.0201080e-04
   4.0171070e-04
   4.0140727e-04
   4.0110051e-04
   4.0079042e-04
   4.0047702e-04
   4.0016030e-04
   3.9984026e-04
   3.9951691e-04
   3.9919026e-04
   3.9886030e-04
   3.9852705e-04
   3.9819049e-04
   3.9785065e-04
   3.9750752e-04
   3.9716110e-04
   3.9681139e-04
   3.9645842e-04
   3.9610216e-04
   3.9574264e-04
   3.9537985e-04
   3.9501380e-04
   3.9464449e-04
   3.9427192e-04
   3.9389610e-04
   3.9351704e-04
   3.9313473e-04
   3.9274918e-04
   3.9236040e-04
   3.9196839e-04
   3.9157315e-04
   3.9117469e-04
   3.9077300e-04
   3.9036811e-04
   3.8996000e-04
   3.8954869e-04
   3.8913417e-04
   3.8871646e-04
   3.8829555e-04
   3.8787146e-04
   3.8744418e-04
   3.8701371e-04
   3.8658008e-04
   3.8614327e-04
   3.8570329e-04
   3.8526015e-04
   3.8481385e-04
   3.8436440e-04
   3.8391180e-04
   3.8345605e-04
   3.8299716e-04
   3.8253514e-04
   3.8206999e-04
   3.8160171e-04
   3.8113031e-04
   3.8065579e-04
   3.8017816e-04
   3.7969742e-04
   3.7921358e-04
   3.7872664e-04
   3.7823661e-04
   3.7774350e-04
   3.7724729e-04
   3.7674801e-04
   3.7624566e-04
   3.7574024e-04
   3.7523175e-04
   3.7472021e-04
   3.7420561e-04
   3.7368796e-04
   3.7316727e-04
   3.7264355e-04
   3.7211679e-04
   3.7158700e-04
   3.7105419e-04
   3.7051836e-04
   3.6997952e-04
   3.6943768e-04
   3.6889283e-04
   3.6834498e-04
   3.6779415e-04
   3.6724033e-04
   3.6668353e-04
   3.6612375e-04
   3.6556100e-04
   3.6499529e-04
   3.6442663e-04
   3.6385501e-04
   3.6328044e-04
   3.6270293e-04
   3.6212248e-04
   3.6153910e-04
   3.6095280e-04
   3.6036358e-04
   3.5977144e-04
   3.5917640e-04
   3.5857845e-04
   3.5797761e-04
   3.5737388e-04
   3.5676726e-04
   3.5615776e-04
   3.5554539e-04
   3.5493015e-04
   3.5431204e-04
   3.5369109e-04
   3.5306728e-04
   3.5244063e-04
   3.5181114e-04
   3.5117882e-04
   3.5054367e-04
   3.4990570e-04
   3.4926492e-04
   3.4862133e-04
   3.4797494e-04
   3.4732575e-04
   3.4667378e-04
   3.4601902e-04
   3.4536148e-04
   3.4470117e-04
   3.4403810e-04
   3.4337227e-04
   3.4270368e-04
   3.4203235e-04
   3.4135828e-04
   3.4068148e-04
   3.4000195e-04
   3.3931970e-04
   3.3863474e-04
   3.3794707e-04
   3.3725669e-04
   3.3656362e-04
   3.3586787e-04
   3.3516943e-04
   3.3446832e-04
   3.3376454e-04
   3.3305809e-04
   3.3234899e-04
   3.3163724e-04
   3.3092285e-04
   3.3020583e-04
   3.2948617e-04
   3.2876389e-04
   3.2803900e-04
   3.2731150e-04
   3.2658140e-04
   3.2584870e-04
   3.2511341e-04
   3.2437554e-04
   3.2363510e-04
   3.2289209e-04
   3.2214651e-04
   3.2139839e-04
   3.2064771e-04
   3.1989450e-04
   3.1913875e-04
   3.1838048e-04
   3.1761969e-04
   3.1685638e-04
   3.1609057e-04
   3.1532226e-04
   3.1455146e-04
   3.1377818e-04
   3.1300242e-04
   3.1222419e-04
   3.1144350e-04
   3.1066035e-04
   3.0987476e-04
   3.0908672e-04
   3.0829625e-04
   3.0750335e-04
   3.0670804e-04
   3.0591031e-04
   3.0511018e-04
   3.0430765e-04
   3.0350273e-04
   3.0269543e-04
   3.0188575e-04
   3.0107370e-04
   3.0025930e-04
   2.9944254e-04
   2.9862344e-04
   2.9780200e-04
   2.9697822e-04
   2.9615213e-04
   2.9532372e-04
   2.9449300e-04
   2.9365998e-04
   2.9282467e-04
   2.9198708e-04
   2.9114720e-04
   2.9030506e-04
   2.8946065e-04
   2.8861399e-04
   2.8776509e-04
   2.8691394e-04
   2.8606056e-04
   2.8520496e-04
   2.8434715e-04
   2.8348712e-04
   2.8262490e-04
   2.8176048e-04
   2.8089388e-04
   2.8002510e-04
   2.7915415e-04
   2.7828104e-04
   2.7740578e-04
   2.7652837e-04
   2.7564883e-04
   2.7476715e-04
   2.7388336e-04
   2.7299745e-04
   2.7210943e-04
   2.7121932e-04
   2.7032712e-04
   2.6943283e-04
   2.6853648e-04
   2.6763805e-04
   2.6673757e-04
   2.6583505e-04
   2.6493048e-04
   2.6402387e-04
   2.6311525e-04
   2.6220460e-04
   2.6129195e-04
   2.6037730e-04
   2.5946065e-04
   2.5854202e-04
   2.5762142e-04
   2.5669885e-04
   2.5577432e-04
   2.5484784e-04
   2.5391941e-04
   2.5298906e-04
   2.5205677e-04
   2.5112257e-04
   2.5018646e-04
   2.4924845e-04
   2.4830855e-04
   2.4736676e-04
   2.4642310e-04
   2.4547757e-04
   2.4453018e-04
   2.4358094e-04
   2.4262986e-04
   2.4167694e-04
   2.4072220e-04
   2.3976565e-04
   2.3880728e-04
   2.3784712e-04
   2.3688517e-04
   2.3592143e-04
   2.3495592e-04
   2.3398865e-04
   2.3301962e-04
   2.3204884e-04
   2.3107632e-04
   2.3010207e-04
   2.2912610e-04
   2.2814842e-04
   2.2716903e-04
   2.2618794e-04
   2.2520517e-04
   2.2422072e-04
   2.2323460e-04
   2.2224682e-04
   2.2125739e-04
   2.2026631e-04
   2.1927360e-04
   2.1827926e-04
   2.1728331e-04
   2.1628575e-04
   2.1528658e-04
   2.1428583e-04
   2.1328349e-04
   2.1227959e-04
   2.1127411e-04
   2.1026709e-04
   2.0925851e-04
   2.0824840e-04
   2.0723676e-04
   2.0622360e-04
   2.0520893e-04
   2.0419276e-04
   2.0317509e-04
   2.0215594e-04
   2.0113532e-04
   2.0011323e-04
   1.9908968e-04
   1.9806468e-04
   1.9703825e-04
   1.9601038e-04
   1.9498110e-04
   1.9395040e-04
   1.9291830e-04
   1.9188481e-04
   1.9084993e-04
   1.8981367e-04
   1.8877605e-04
   1.8773708e-04
   1.8669675e-04
   1.8565508e-04
   1.8461209e-04
   1.8356777e-04
   1.8252214e-04
   1.8147521e-04
   1.8042699e-04
   1.7937748e-04
   1.7832670e-04
   1.7727465e-04
   1.7622134e-04
   1.7516679e-04
   1.7411099e-04
   1.7305397e-04
   1.7199573e-04
   1.7093628e-04
   1.6987563e-04
   1.6881378e-04
   1.6775076e-04
   1.6668655e-04
   1.6562119e-04
   1.6455467e-04
   1.6348700e-04
   1.6241820e-04
   1.6134827e-04
   1.6027722e-04
   1.5920507e-04
   1.5813181e-04
   1.5705747e-04
   1.5598204e-04
   1.5490554e-04
   1.5382799e-04
   1.5274938e-04
   1.5166972e-04
   1.5058904e-04
   1.4950733e-04
   1.4842460e-04
   1.4734087e-04
   1.4625614e-04
   1.4517043e-04
   1.4408374e-04
   1.4299608e-04
   1.4190746e-04
   1.4081790e-04
   1.3972739e-04
   1.3863596e-04
   1.3754360e-04
   1.3645034e-04
   1.3535617e-04
   1.3426111e-04
   1.3316517e-04
   1.3206835e-04
   1.3097067e-04
   1.2987214e-04
   1.2877276e-04
   1.2767255e-04
   1.2657151e-04
   1.2546965e-04
   1.2436699e-04
   1.2326353e-04
   1.2215928e-04
   1.2105426e-04
   1.1994847e-04
   1.1884192e-04
   1.1773461e-04
   1.1662657e-04
   1.1551780e-04
   1.1440831e-04
   1.1329811e-04
   1.1218720e-04
   1.1107560e-04
   1.0996332e-04
   1.0885037e-04
   1.0773675e-04
   1.0662248e-04
   1.0550757e-04
   1.0439202e-04
   1.0327585e-04
   1.0215906e-04
   1.0104166e-04
   9.9923672e-05
   9.8805094e-05
   9.7685940e-05
   9.6566217e-05
   9.5445937e-05
   9.4325109e-05
   9.3203742e-05
   9.2081846e-05
   9.0959431e-05
   8.9836506e-05
   8.8713082e-05
   8.7589166e-05
   8.6464770e-05
   8.5339903e-05
   8.4214574e-05
   8.3088793e-05
   8.1962569e-05
   8.0835914e-05
   7.9708835e-05
   7.8581342e-05
   7.7453446e-05
   7.6325156e-05
   7.5196481e-05
   7.4067432e-05
   7.2938017e-05
   7.1808247e-05
   7.0678131e-05
   6.9547679e-05
   6.8416900e-05
   6.7285804e-05
   6.6154401e-05
   6.5022700e-05
   6.3890711e-05
   6.2758444e-05
   6.1625908e-05
   6.0493114e-05
   5.9360069e-05
   5.8226785e-05
   5.7093271e-05
   5.5959537e-05
   5.4825591e-05
   5.3691445e-05
   5.2557107e-05
   5.1422587e-05
   5.0287895e-05
   4.9153040e-05
   4.8018033e-05
   4.6882882e-05
   4.5747597e-05
   4.4612189e-05
   4.3476666e-05
   4.2341039e-05
   4.1205316e-05
   4.0069508e-05
   3.8933624e-05
   3.7797674e-05
   3.6661668e-05
   3.5525614e-05
   3.4389523e-05
   3.3253405e-05
   3.2117269e-05
   3.0981124e-05
   2.9844980e-05
   2.8708847e-05
   2.7572735e-05
   2.6436653e-05
   2.5300610e-05
   2.4164617e-05
   2.3028683e-05
   2.1892817e-05
   2.0757029e-05
   1.9621328e-05
   1.8485726e-05
   1.7350230e-05
   1.6214850e-05
   1.5079596e-05
   1.3944478e-05
   1.2809506e-05
   1.1674688e-05
   1.0540034e-05
   9.4055544e-06
   8.2712582e-06
   7.1371550e-06
   6.0032544e-06
   4.8695659e-06
   3.7360991e-06
   2.6028636e-06
   1.4698688e-06
   3.3712439e-07
  -7.9536023e-07
  -1.9275755e-06
  -3.0595118e-06
  -4.1911598e-06
  -5.3225098e-06
  -6.4535524e-06
  -7.5842781e-06
  -8.7146773e-06
  -9.8447406e-06
  -1.0974458e-05
  -1.2103821e-05
  -1.3232820e-05
  -1.4361445e-05
  -1.5489686e-05
  -1.6617535e-05
  -1.7744981e-05
  -1.8872016e-05
  -1.9998630e-05
  -2.1124813e-05
  -2.2250556e-05
  -2.3375849e-05
  -2.4500684e-05
  -2.5625051e-05
  -2.6748939e-05
  -2.7872341e-05
  -2.8995246e-05
  -3.0117646e-05
  -3.1239530e-05
  -3.2360889e-05
  -3.3481715e-05
  -3.4601997e-05
  -3.5721726e-05
  -3.6840893e-05
  -3.7959489e-05
  -3.9077504e-05
  -4.0194929e-05
  -4.1311755e-05
  -4.2427972e-05
  -4.3543571e-05
  -4.4658542e-05
  -4.5772877e-05
  -4.6886566e-05
  -4.7999599e-05
  -4.9111969e-05
  -5.0223664e-05
  -5.1334677e-05
  -5.2444997e-05
  -5.3554616e-05
  -5.4663524e-05
  -5.5771712e-05
  -5.6879171e-05
  -5.7985892e-05
  -5.9091865e-05
  -6.0197082e-05
  -6.1301532e-05
  -6.2405208e-05
  -6.3508099e-05
  -6.4610197e-05
  -6.5711492e-05
  -6.6811975e-05
  -6.7911638e-05
  -6.9010471e-05
  -7.0108465e-05
  -7.1205610e-05
  -7.2301899e-05
  -7.3397321e-05
  -7.4491867e-05
  -7.5585530e-05
  -7.6678298e-05
  -7.7770165e-05
  -7.8861119e-05
  -7.9951153e-05
  -8.1040258e-05
  -8.2128423e-05
  -8.3215641e-05
  -8.4301903e-05
  -8.5387199e-05
  -8.6471520e-05
  -8.7554858e-05
  -8.8637204e-05
  -8.9718548e-05
  -9.0798882e-05
  -9.1878196e-05
  -9.2956483e-05
  -9.4033732e-05
  -9.5109936e-05
  -9.6185085e-05
  -9.7259170e-05
  -9.8332183e-05
  -9.9404114e-05
  -1.0047496e-04
  -1.0154470e-04
  -1.0261333e-04
  -1.0368085e-04
  -1.0474724e-04
  -1.0581250e-04
  -1.0687662e-04
  -1.0793958e-04
  -1.0900139e-04
  -1.1006202e-04
  -1.1112148e-04
  -1.1217975e-04
  -1.1323683e-04
  -1.1429270e-04
  -1.1534736e-04
  -1.1640080e-04
  -1.1745301e-04
  -1.1850398e-04
  -1.1955370e-04
  -1.2060217e-04
  -1.2164938e-04
  -1.2269531e-04
  -1.2373996e-04
  -1.2478332e-04
  -1.2582538e-04
  -1.2686614e-04
  -1.2790558e-04
  -1.2894369e-04
  -1.2998048e-04
  -1.3101592e-04
  -1.3205001e-04
  -1.3308275e-04
  -1.3411412e-04
  -1.3514412e-04
  -1.3617273e-04
  -1.3719995e-04
  -1.3822577e-04
  -1.3925018e-04
  -1.4027318e-04
  -1.4129475e-04
  -1.4231489e-04
  -1.4333359e-04
  -1.4435084e-04
  -1.4536663e-04
  -1.4638095e-04
  -1.4739380e-04
  -1.4840517e-04
  -1.4941505e-04
  -1.5042342e-04
  -1.5143029e-04
  -1.5243565e-04
  -1.5343948e-04
  -1.5444178e-04
  -1.5544254e-04
  -1.5644175e-04
  -1.5743940e-04
  -1.5843549e-04
  -1.5943001e-04
  -1.6042295e-04
  -1.6141430e-04
  -1.6240405e-04
  -1.6339220e-04
  -1.6437874e-04
  -1.6536366e-04
  -1.6634694e-04
  -1.6732860e-04
  -1.6830860e-04
  -1.6928696e-04
  -1.7026366e-04
  -1.7123868e-04
  -1.7221204e-04
  -1.7318370e-04
  -1.7415368e-04
  -1.7512196e-04
  -1.7608853e-04
  -1.7705339e-04
  -1.7801652e-04
  -1.7897792e-04
  -1.7993759e-04
  -1.8089551e-04
  -1.8185167e-04
  -1.8280607e-04
  -1.8375871e-04
  -1.8470957e-04
  -1.8565864e-04
  -1.8660593e-04
  -1.8755141e-04
  -1.8849509e-04
  -1.8943695e-04
  -1.9037699e-04
  -1.9131520e-04
  -1.9225157e-04
  -1.9318610e-04
  -1.9411878e-04
  -1.9504959e-04
  -1.9597854e-04
  -1.9690562e-04
  -1.9783081e-04
  -1.9875411e-04
  -1.9967552e-04
  -2.0059502e-04
  -2.0151261e-04
  -2.0242829e-04
  -2.0334203e-04
  -2.0425385e-04
  -2.0516372e-04
  -2.0607165e-04
  -2.0697762e-04
  -2.0788162e-04
  -2.0878366e-04
  -2.0968372e-04
  -2.1058180e-04
  -2.1147789e-04
  -2.1237198e-04
  -2.1326406e-04
  -2.1415413e-04
  -2.1504219e-04
  -2.1592821e-04
  -2.1681220e-04
  -2.1769415e-04
  -2.1857406e-04
  -2.1945191e-04
  -2.2032770e-04
  -2.2120142e-04
  -2.2207306e-04
  -2.2294263e-04
  -2.2381010e-04
  -2.2467548e-04
  -2.2553875e-04
  -2.2639992e-04
  -2.2725897e-04
  -2.2811590e-04
  -2.2897069e-04
  -2.2982335e-04
  -2.3067387e-04
  -2.3152224e-04
  -2.3236845e-04
  -2.3321249e-04
  -2.3405437e-04
  -2.3489407e-04
  -2.3573159e-04
  -2.3656692e-04
  -2.3740005e-04
  -2.3823097e-04
  -2.3905969e-04
  -2.3988620e-04
  -2.4071048e-04
  -2.4153253e-04
  -2.4235234e-04
  -2.4316992e-04
  -2.4398524e-04
  -2.4479831e-04
  -2.4560912e-04
  -2.4641767e-04
  -2.4722394e-04
  -2.4802793e-04
  -2.4882963e-04
  -2.4962904e-04
  -2.5042615e-04
  -2.5122096e-04
  -2.5201346e-04
  -2.5280364e-04
  -2.5359150e-04
  -2.5437702e-04
  -2.5516021e-04
  -2.5594106e-04
  -2.5671956e-04
  -2.5749571e-04
  -2.5826950e-04
  -2.5904092e-04
  -2.5980997e-04
  -2.6057665e-04
  -2.6134094e-04
  -2.6210284e-04
  -2.6286234e-04
  -2.6361944e-04
  -2.6437414e-04
  -2.6512642e-04
  -2.6587628e-04
  -2.6662372e-04
  -2.6736873e-04
  -2.6811130e-04
  -2.6885143e-04
  -2.6958911e-04
  -2.7032434e-04
  -2.7105711e-04
  -2.7178742e-04
  -2.7251526e-04
  -2.7324062e-04
  -2.7396349e-04
  -2.7468389e-04
  -2.7540179e-04
  -2.7611719e-04
  -2.7683009e-04
  -2.7754048e-04
  -2.7824835e-04
  -2.7895371e-04
  -2.7965654e-04
  -2.8035684e-04
  -2.8105460e-04
  -2.8174982e-04
  -2.8244250e-04
  -2.8313263e-04
  -2.8382019e-04
  -2.8450520e-04
  -2.8518764e-04
  -2.8586751e-04
  -2.8654479e-04
  -2.8721950e-04
  -2.8789162e-04
  -2.8856114e-04
  -2.8922807e-04
  -2.8989239e-04
  -2.9055411e-04
  -2.9121321e-04
  -2.9186970e-04
  -2.9252356e-04
  -2.9317479e-04
  -2.9382339e-04
  -2.9446936e-04
  -2.9511268e-04
  -2.9575335e-04
  -2.9639137e-04
  -2.9702673e-04
  -2.9765944e-04
  -2.9828947e-04
  -2.9891683e-04
  -2.9954152e-04
  -3.0016353e-04
  -3.0078285e-04
  -3.0139948e-04
  -3.0201342e-04
  -3.0262466e-04
  -3.0323320e-04
  -3.0383902e-04
  -3.0444214e-04
  -3.0504254e-04
  -3.0564021e-04
  -3.0623516e-04
  -3.0682738e-04
  -3.0741687e-04
  -3.0800361e-04
  -3.0858761e-04
  -3.0916887e-04
  -3.0974737e-04
  -3.1032312e-04
  -3.1089610e-04
  -3.1146633e-04
  -3.1203378e-04
  -3.1259846e-04
  -3.1316036e-04
  -3.1371948e-04
  -3.1427581e-04
  -3.1482936e-04
  -3.1538011e-04
  -3.1592807e-04
  -3.1647322e-04
  -3.1701557e-04
  -3.1755510e-04
  -3.1809183e-04
  -3.1862574e-04
  -3.1915682e-04
  -3.1968509e-04
  -3.2021052e-04
  -3.2073312e-04
  -3.2125288e-04
  -3.2176981e-04
  -3.2228389e-04
  -3.2279512e-04
  -3.2330350e-04
  -3.2380903e-04
  -3.2431170e-04
  -3.2481150e-04
  -3.2530844e-04
  -3.2580252e-04
  -3.2629371e-04
  -3.2678204e-04
  -3.2726748e-04
  -3.2775004e-04
  -3.2822972e-04
  -3.2870650e-04
  -3.2918039e-04
  -3.2965139e-04
  -3.3011948e-04
  -3.3058467e-04
  -3.3104696e-04
  -3.3150633e-04
  -3.3196280e-04
  -3.3241634e-04
  -3.3286697e-04
  -3.3331468e-04
  -3.3375946e-04
  -3.3420131e-04
  -3.3464023e-04
  -3.3507621e-04
  -3.3550926e-04
  -3.3593937e-04
  -3.3636653e-04
  -3.3679075e-04
  -3.3721202e-04
  -3.3763033e-04
  -3.3804569e-04
  -3.3845809e-04
  -3.3886753e-04
  -3.3927401e-04
  -3.3967752e-04
  -3.4007807e-04
  -3.4047564e-04
  -3.4087023e-04
  -3.4126185e-04
  -3.4165049e-04
  -3.4203615e-04
  -3.4241882e-04
  -3.4279851e-04
  -3.4317520e-04
  -3.4354890e-04
  -3.4391961e-04
  -3.4428732e-04
  -3.4465203e-04
  -3.4501374e-04
  -3.4537245e-04
  -3.4572814e-04
  -3.4608083e-04
  -3.4643051e-04
  -3.4677717e-04
  -3.4712082e-04
  -3.4746145e-04
  -3.4779905e-04
  -3.4813364e-04
  -3.4846520e-04
  -3.4879374e-04
  -3.4911924e-04
  -3.4944172e-04
  -3.4976116e-04
  -3.5007757e-04
  -3.5039094e-04
  -3.5070127e-04
  -3.5100856e-04
  -3.5131281e-04
  -3.5161401e-04
  -3.5191217e-04
  -3.5220728e-04
  -3.5249934e-04
  -3.5278834e-04
  -3.5307430e-04
  -3.5335720e-04
  -3.5363704e-04
  -3.5391382e-04
  -3.5418755e-04
  -3.5445821e-04
  -3.5472581e-04
  -3.5499034e-04
  -3.5525181e-04
  -3.5551020e-04
  -3.5576553e-04
  -3.5601779e-04
  -3.5626698e-04
  -3.5651309e-04
  -3.5675613e-04
  -3.5699609e-04
  -3.5723298e-04
  -3.5746678e-04
  -3.5769751e-04
  -3.5792515e-04
  -3.5814971e-04
  -3.5837119e-04
  -3.5858958e-04
  -3.5880488e-04
  -3.5901710e-04
  -3.5922623e-04
  -3.5943227e-04
  -3.5963522e-04
  -3.5983508e-04
  -3.6003185e-04
  -3.6022552e-04
  -3.6041610e-04
  -3.6060358e-04
  -3.6078797e-04
  -3.6096926e-04
  -3.6114745e-04
  -3.6132255e-04
  -3.6149454e-04
  -3.6166344e-04
  -3.6182923e-04
  -3.6199193e-04
  -3.6215152e-04
  -3.6230801e-04
  -3.6246139e-04
  -3.6261167e-04
  -3.6275885e-04
  -3.6290292e-04
  -3.6304389e-04
  -3.6318175e-04
  -3.6331650e-04
  -3.6344815e-04
  -3.6357669e-04
  -3.6370212e-04
  -3.6382445e-04
  -3.6394366e-04
  -3.6405977e-04
  -3.6417277e-04
  -3.6428266e-04
  -3.6438944e-04
  -3.6449312e-04
  -3.6459368e-04
  -3.6469113e-04
  -3.6478547e-04
  -3.6487671e-04
  -3.6496483e-04
  -3.6504984e-04
  -3.6513175e-04
  -3.6521054e-04
  -3.6528623e-04
  -3.6535880e-04
  -3.6542827e-04
  -3.6549462e-04
  -3.6555787e-04
  -3.6561800e-04
  -3.6567503e-04
  -3.6572895e-04
  -3.6577976e-04
  -3.6582746e-04
  -3.6587206e-04
  -3.6591355e-04
  -3.6595193e-04
  -3.6598720e-04
  -3.6601937e-04
  -3.6604843e-04
  -3.6607438e-04
  -3.6609723e-04
  -3.6611698e-04
  -3.6613362e-04
  -3.6614716e-04
  -3.6615760e-04
  -3.6616494e-04
  -3.6616917e-04
  -3.6617030e-04
  -3.6616834e-04
  -3.6616327e-04
  -3.6615511e-04
  -3.6614385e-04
  -3.6612949e-04
  -3.6611203e-04
  -3.6609148e-04
  -3.6606784e-04
  -3.6604110e-04
  -3.6601127e-04
  -3.6597835e-04
  -3.6594234e-04
  -3.6590324e-04
  -3.6586105e-04
  -3.6581578e-04
  -3.6576742e-04
  -3.6571597e-04
  -3.6566144e-04
  -3.6560382e-04
  -3.6554313e-04
  -3.6547935e-04
  -3.6541250e-04
  -3.6534257e-04
  -3.6526956e-04
  -3.6519347e-04
  -3.6511432e-04
  -3.6503209e-04
  -3.6494679e-04
  -3.6485842e-04
  -3.6476698e-04
  -3.6467247e-04
  -3.6457490e-04
  -3.6447427e-04
  -3.6437058e-04
  -3.6426382e-04
  -3.6415401e-04
  -3.6404114e-04
  -3.6392521e-04
  -3.6380623e-04
  -3.6368420e-04
  -3.6355911e-04
  -3.6343098e-04
  -3.6329981e-04
  -3.6316558e-04
  -3.6302832e-04
  -3.6288801e-04
  -3.6274466e-04
  -3.6259828e-04
  -3.6244886e-04
  -3.6229641e-04
  -3.6214093e-04
  -3.6198241e-04
  -3.6182087e-04
  -3.6165630e-04
  -3.6148872e-04
  -3.6131811e-04
  -3.6114448e-04
  -3.6096783e-04
  -3.6078817e-04
  -3.6060550e-04
  -3.6041981e-04
  -3.6023112e-04
  -3.6003942e-04
  -3.5984472e-04
  -3.5964702e-04
  -3.5944632e-04
  -3.5924263e-04
  -3.5903594e-04
  -3.5882626e-04
  -3.5861359e-04
  -3.5839793e-04
  -3.5817929e-04
  -3.5795767e-04
  -3.5773307e-04
  -3.5750550e-04
  -3.5727495e-04
  -3.5704143e-04
  -3.5680494e-04
  -3.5656549e-04
  -3.5632307e-04
  -3.5607770e-04
  -3.5582936e-04
  -3.5557807e-04
  -3.5532384e-04
  -3.5506665e-04
  -3.5480651e-04
  -3.5454343e-04
  -3.5427742e-04
  -3.5400846e-04
  -3.5373657e-04
  -3.5346175e-04
  -3.5318400e-04
  -3.5290333e-04
  -3.5261973e-04
  -3.5233322e-04
  -3.5204379e-04
  -3.5175144e-04
  -3.5145619e-04
  -3.5115803e-04
  -3.5085697e-04
  -3.5055300e-04
  -3.5024614e-04
  -3.4993639e-04
  -3.4962374e-04
  -3.4930821e-04
  -3.4898980e-04
  -3.4866850e-04
  -3.4834433e-04
  -3.4801728e-04
  -3.4768737e-04
  -3.4735458e-04
  -3.4701894e-04
  -3.4668043e-04
  -3.4633907e-04
  -3.4599486e-04
  -3.4564779e-04
  -3.4529788e-04
  -3.4494513e-04
  -3.4458955e-04
  -3.4423112e-04
  -3.4386987e-04
  -3.4350579e-04
  -3.4313889e-04
  -3.4276916e-04
  -3.4239662e-04
  -3.4202127e-04
  -3.4164311e-04
  -3.4126215e-04
  -3.4087839e-04
  -3.4049183e-04
  -3.4010247e-04
  -3.3971033e-04
  -3.3931541e-04
  -3.3891770e-04
  -3.3851722e-04
  -3.3811396e-04
  -3.3770794e-04
  -3.3729915e-04
  -3.3688760e-04
  -3.3647329e-04
  -3.3605624e-04
  -3.3563643e-04
  -3.3521388e-04
  -3.3478859e-04
  -3.3436057e-04
  -3.3392981e-04
  -3.3349633e-04
  -3.3306013e-04
  -3.3262120e-04
  -3.3217957e-04
  -3.3173522e-04
  -3.3128817e-04
  -3.3083842e-04
  -3.3038597e-04
  -3.2993083e-04
  -3.2947301e-04
  -3.2901250e-04
  -3.2854931e-04
  -3.2808345e-04
  -3.2761492e-04
  -3.2714373e-04
  -3.2666987e-04
  -3.2619336e-04
  -3.2571420e-04
  -3.2523239e-04
  -3.2474795e-04
  -3.2426086e-04
  -3.2377115e-04
  -3.2327880e-04
  -3.2278384e-04
  -3.2228626e-04
  -3.2178606e-04
  -3.2128326e-04
  -3.2077785e-04
  -3.2026984e-04
  -3.1975925e-04
  -3.1924606e-04
  -3.1873029e-04
  -3.1821194e-04
  -3.1769102e-04
  -3.1716753e-04
  -3.1664148e-04
  -3.1611287e-04
  -3.1558170e-04
  -3.1504799e-04
  -3.1451174e-04
  -3.1397294e-04
  -3.1343162e-04
  -3.1288776e-04
  -3.1234139e-04
  -3.1179249e-04
  -3.1124109e-04
  -3.1068718e-04
  -3.1013076e-04
  -3.0957185e-04
  -3.0901045e-04
  -3.0844657e-04
  -3.0788020e-04
  -3.0731136e-04
  -3.0674005e-04
  -3.0616628e-04
  -3.0559004e-04
  -3.0501136e-04
  -3.0443022e-04
  -3.0384665e-04
  -3.0326064e-04
  -3.0267219e-04
  -3.0208132e-04
  -3.0148804e-04
  -3.0089233e-04
  -3.0029422e-04
  -2.9969370e-04
  -2.9909079e-04
  -2.9848549e-04
  -2.9787780e-04
  -2.9726772e-04
  -2.9665528e-04
  -2.9604046e-04
  -2.9542328e-04
  -2.9480375e-04
  -2.9418186e-04
  -2.9355763e-04
  -2.9293105e-04
  -2.9230214e-04
  -2.9167091e-04
  -2.9103735e-04
  -2.9040147e-04
  -2.8976329e-04
  -2.8912279e-04
  -2.8848000e-04
  -2.8783492e-04
  -2.8718755e-04
  -2.8653790e-04
  -2.8588598e-04
  -2.8523178e-04
  -2.8457532e-04
  -2.8391661e-04
  -2.8325565e-04
  -2.8259244e-04
  -2.8192699e-04
  -2.8125931e-04
  -2.8058941e-04
  -2.7991728e-04
  -2.7924295e-04
  -2.7856640e-04
  -2.7788766e-04
  -2.7720671e-04
  -2.7652358e-04
  -2.7583827e-04
  -2.7515079e-04
  -2.7446113e-04
  -2.7376931e-04
  -2.7307533e-04
  -2.7237920e-04
  -2.7168093e-04
  -2.7098052e-04
  -2.7027798e-04
  -2.6957331e-04
  -2.6886653e-04
  -2.6815763e-04
  -2.6744663e-04
  -2.6673353e-04
  -2.6601833e-04
  -2.6530105e-04
  -2.6458169e-04
  -2.6386026e-04
  -2.6313676e-04
  -2.6241121e-04
  -2.6168360e-04
  -2.6095394e-04
  -2.6022224e-04
  -2.5948851e-04
  -2.5875276e-04
  -2.5801498e-04
  -2.5727519e-04
  -2.5653340e-04
  -2.5578961e-04
  -2.5504382e-04
  -2.5429605e-04
  -2.5354630e-04
  -2.5279457e-04
  -2.5204088e-04
  -2.5128524e-04
  -2.5052764e-04
  -2.4976809e-04
  -2.4900661e-04
  -2.4824319e-04
  -2.4747786e-04
  -2.4671060e-04
  -2.4594143e-04
  -2.4517037e-04
  -2.4439740e-04
  -2.4362254e-04
  -2.4284581e-04
  -2.4206719e-04
  -2.4128671e-04
  -2.4050437e-04
  -2.3972017e-04
  -2.3893413e-04
  -2.3814624e-04
  -2.3735652e-04
  -2.3656498e-04
  -2.3577162e-04
  -2.3497644e-04
  -2.3417946e-04
  -2.3338069e-04
  -2.3258012e-04
  -2.3177777e-04
  -2.3097364e-04
  -2.3016775e-04
  -2.2936009e-04
  -2.2855068e-04
  -2.2773953e-04
  -2.2692663e-04
  -2.2611200e-04
  -2.2529565e-04
  -2.2447758e-04
  -2.2365780e-04
  -2.2283631e-04
  -2.2201313e-04
  -2.2118826e-04
  -2.2036171e-04
  -2.1953349e-04
  -2.1870360e-04
  -2.1787205e-04
  -2.1703885e-04
  -2.1620401e-04
  -2.1536753e-04
  -2.1452942e-04
  -2.1368968e-04
  -2.1284834e-04
  -2.1200539e-04
  -2.1116084e-04
  -2.1031470e-04
  -2.0946697e-04
  -2.0861767e-04
  -2.0776680e-04
  -2.0691436e-04
  -2.0606038e-04
  -2.0520484e-04
  -2.0434777e-04
  -2.0348917e-04
  -2.0262904e-04
  -2.0176740e-04
  -2.0090425e-04
  -2.0003960e-04
  -1.9917346e-04
  -1.9830583e-04
  -1.9743673e-04
  -1.9656615e-04
  -1.9569412e-04
  -1.9482063e-04
  -1.9394569e-04
  -1.9306931e-04
  -1.9219151e-04
  -1.9131227e-04
  -1.9043163e-04
  -1.8954958e-04
  -1.8866612e-04
  -1.8778128e-04
  -1.8689505e-04
  -1.8600744e-04
  -1.8511846e-04
  -1.8422813e-04
  -1.8333644e-04
  -1.8244341e-04
  -1.8154903e-04
  -1.8065333e-04
  -1.7975631e-04
  -1.7885798e-04
  -1.7795834e-04
  -1.7705740e-04
  -1.7615517e-04
  -1.7525166e-04
  -1.7434687e-04
  -1.7344082e-04
  -1.7253352e-04
  -1.7162496e-04
  -1.7071516e-04
  -1.6980412e-04
  -1.6889186e-04
  -1.6797838e-04
  -1.6706370e-04
  -1.6614781e-04
  -1.6523072e-04
  -1.6431245e-04
  -1.6339300e-04
  -1.6247238e-04
  -1.6155060e-04
  -1.6062767e-04
  -1.5970359e-04
  -1.5877838e-04
  -1.5785203e-04
  -1.5692456e-04
  -1.5599598e-04
  -1.5506630e-04
  -1.5413551e-04
  -1.5320364e-04
  -1.5227069e-04
  -1.5133666e-04
  -1.5040158e-04
  -1.4946543e-04
  -1.4852824e-04
  -1.4759000e-04
  -1.4665074e-04
  -1.4571045e-04
  -1.4476915e-04
  -1.4382683e-04
  -1.4288352e-04
  -1.4193922e-04
  -1.4099394e-04
  -1.4004768e-04
  -1.3910046e-04
  -1.3815228e-04
  -1.3720315e-04
  -1.3625308e-04
  -1.3530207e-04
  -1.3435014e-04
  -1.3339730e-04
  -1.3244354e-04
  -1.3148889e-04
  -1.3053334e-04
  -1.2957691e-04
  -1.2861961e-04
  -1.2766144e-04
  -1.2670241e-04
  -1.2574253e-04
  -1.2478181e-04
  -1.2382025e-04
  -1.2285787e-04
  -1.2189468e-04
  -1.2093067e-04
  -1.1996587e-04
  -1.1900027e-04
  -1.1803389e-04
  -1.1706674e-04
  -1.1609882e-04
  -1.1513014e-04
  -1.1416071e-04
  -1.1319054e-04
  -1.1221963e-04
  -1.1124800e-04
  -1.1027566e-04
  -1.0930260e-04
  -1.0832885e-04
  -1.0735441e-04
  -1.0637928e-04
  -1.0540348e-04
  -1.0442701e-04
  -1.0344989e-04
  -1.0247211e-04
  -1.0149370e-04
  -1.0051465e-04
  -9.9534984e-05
  -9.8554698e-05
  -9.7573806e-05
  -9.6592315e-05
  -9.5610235e-05
  -9.4627572e-05
  -9.3644337e-05
  -9.2660537e-05
  -9.1676181e-05
  -9.0691277e-05
  -8.9705834e-05
  -8.8719860e-05
  -8.7733364e-05
  -8.6746353e-05
  -8.5758838e-05
  -8.4770826e-05
  -8.3782325e-05
  -8.2793344e-05
  -8.1803892e-05
  -8.0813976e-05
  -7.9823607e-05
  -7.8832791e-05
  -7.7841538e-05
  -7.6849856e-05
  -7.5857753e-05
  -7.4865238e-05
  -7.3872320e-05
  -7.2879007e-05
  -7.1885307e-05
  -7.0891229e-05
  -6.9896781e-05
  -6.8901973e-05
  -6.7906812e-05
  -6.6911307e-05
  -6.5915466e-05
  -6.4919299e-05
  -6.3922813e-05
  -6.2926017e-05
  -6.1928919e-05
  -6.0931529e-05
  -5.9933854e-05
  -5.8935903e-05
  -5.7937685e-05
  -5.6939208e-05
  -5.5940480e-05
  -5.4941511e-05
  -5.3942308e-05
  -5.2942880e-05
  -5.1943236e-05
  -5.0943384e-05
  -4.9943333e-05
  -4.8943090e-05
  -4.7942666e-05
  -4.6942068e-05
  -4.5941304e-05
  -4.4940384e-05
  -4.3939315e-05
  -4.2938107e-05
  -4.1936767e-05
  -4.0935305e-05
  -3.9933728e-05
  -3.8932045e-05
  -3.7930266e-05
  -3.6928397e-05
  -3.5926449e-05
  -3.4924428e-05
  -3.3922345e-05
  -3.2920206e-05
  -3.1918022e-05
  -3.0915799e-05
  -2.9913548e-05
  -2.8911275e-05
  -2.7908991e-05
  -2.6906702e-05
  -2.5904418e-05
  -2.4902148e-05
  -2.3899899e-05
  -2.2897680e-05
  -2.1895499e-05
  -2.0893366e-05
  -1.9891289e-05
  -1.8889275e-05
  -1.7887334e-05
  -1.6885474e-05
  -1.5883703e-05
  -1.4882030e-05
  -1.3880464e-05
  -1.2879012e-05
  -1.1877683e-05
  -1.0876487e-05
  -9.8754298e-06
  -8.8745217e-06
  -7.8737705e-06
  -6.8731848e-06
  -5.8727730e-06
  -4.8725435e-06
  -3.8725046e-06
  -2.8726650e-06
  -1.8730329e-06
  -8.7361671e-07
   1.2557504e-07
   1.1245340e-06
   2.1232518e-06
   3.1217200e-06
   4.1199302e-06
   5.1178740e-06
   6.1155431e-06
   7.1129290e-06
   8.1100234e-06
   9.1068179e-06
   1.0103304e-05
   1.1099474e-05
   1.2095319e-05
   1.3090830e-05
   1.4085999e-05
   1.5080819e-05
   1.6075280e-05
   1.7069375e-05
   1.8063094e-05
   1.9056431e-05
   2.0049375e-05
   2.1041920e-05
   2.2034056e-05
   2.3025775e-05
   2.4017070e-05
   2.5007932e-05
   2.5998352e-05
   2.6988322e-05
   2.7977834e-05
   2.8966880e-05
   2.9955451e-05
   3.0943540e-05
   3.1931137e-05
   3.2918235e-05
   3.3904826e-05
   3.4890901e-05
   3.5876451e-05
   3.6861470e-05
   3.7845948e-05
   3.8829877e-05
   3.9813250e-05
   4.0796057e-05
   4.1778291e-05
   4.2759944e-05
   4.3741007e-05
   4.4721472e-05
   4.5701332e-05
   4.6680577e-05
   4.7659200e-05
   4.8637193e-05
   4.9614547e-05
   5.0591254e-05
   5.1567307e-05
   5.2542697e-05
   5.3517416e-05
   5.4491456e-05
   5.5464808e-05
   5.6437466e-05
   5.7409420e-05
   5.8380663e-05
   5.9351186e-05
   6.0320982e-05
   6.1290042e-05
   6.2258359e-05
   6.3225924e-05
   6.4192730e-05
   6.5158768e-05
   6.6124031e-05
   6.7088510e-05
   6.8052197e-05
   6.9015085e-05
   6.9977165e-05
   7.0938430e-05
   7.1898871e-05
   7.2858481e-05
   7.3817252e-05
   7.4775176e-05
   7.5732244e-05
   7.6688450e-05
   7.7643784e-05
   7.8598240e-05
   7.9551809e-05
   8.0504484e-05
   8.1456256e-05
   8.2407118e-05
   8.3357062e-05
   8.4306080e-05
   8.5254164e-05
   8.6201307e-05
   8.7147500e-05
   8.8092736e-05
   8.9037008e-05
   8.9980306e-05
   9.0922625e-05
   9.1863955e-05
   9.2804289e-05
   9.3743619e-05
   9.4681938e-05
   9.5619238e-05
   9.6555512e-05
   9.7490751e-05
   9.8424947e-05
   9.9358094e-05
   1.0029018e-04
   1.0122121e-04
   1.0215116e-04
   1.0308003e-04
   1.0400781e-04
   1.0493450e-04
   1.0586009e-04
   1.0678456e-04
   1.0770792e-04
   1.0863014e-04
   1.0955124e-04
   1.1047120e-04
   1.1139000e-04
   1.1230765e-04
   1.1322414e-04
   1.1413946e-04
   1.1505360e-04
   1.1596655e-04
   1.1687831e-04
   1.1778886e-04
   1.1869821e-04
   1.1960635e-04
   1.2051326e-04
   1.2141894e-04
   1.2232338e-04
   1.2322658e-04
   1.2412852e-04
   1.2502921e-04
   1.2592863e-04
   1.2682677e-04
   1.2772363e-04
   1.2861920e-04
   1.2951348e-04
   1.3040645e-04
   1.3129811e-04
   1.3218845e-04
   1.3307747e-04
   1.3396516e-04
   1.3485150e-04
   1.3573650e-04
   1.3662014e-04
   1.3750242e-04
   1.3838334e-04
   1.3926287e-04
   1.4014103e-04
   1.4101779e-04
   1.4189316e-04
   1.4276713e-04
   1.4363968e-04
   1.4451081e-04
   1.4538052e-04
   1.4624880e-04
   1.4711564e-04
   1.4798103e-04
   1.4884497e-04
   1.4970744e-04
   1.5056845e-04
   1.5142799e-04
   1.5228605e-04
   1.5314261e-04
   1.5399768e-04
   1.5485125e-04
   1.5570332e-04
   1.5655386e-04
   1.5740288e-04
   1.5825038e-04
   1.5909634e-04
   1.5994075e-04
   1.6078362e-04
   1.6162492e-04
   1.6246467e-04
   1.6330284e-04
   1.6413944e-04
   1.6497446e-04
   1.6580788e-04
   1.6663971e-04
   1.6746994e-04
   1.6829855e-04
   1.6912555e-04
   1.6995092e-04
   1.7077467e-04
   1.7159677e-04
   1.7241724e-04
   1.7323605e-04
   1.7405321e-04
   1.7486871e-04
   1.7568253e-04
   1.7649468e-04
   1.7730515e-04
   1.7811393e-04
   1.7892101e-04
   1.7972640e-04
   1.8053007e-04
   1.8133203e-04
   1.8213227e-04
   1.8293078e-04
   1.8372756e-04
   1.8452259e-04
   1.8531588e-04
   1.8610742e-04
   1.8689720e-04
   1.8768522e-04
   1.8847146e-04
   1.8925592e-04
   1.9003860e-04
   1.9081949e-04
   1.9159859e-04
   1.9237588e-04
   1.9315136e-04
   1.9392503e-04
   1.9469688e-04
   1.9546690e-04
   1.9623509e-04
   1.9700143e-04
   1.9776594e-04
   1.9852859e-04
   1.9928938e-04
   2.0004831e-04
   2.0080537e-04
   2.0156056e-04
   2.0231386e-04
   2.0306528e-04
   2.0381480e-04
   2.0456243e-04
   2.0530814e-04
   2.0605195e-04
   2.0679384e-04
   2.0753381e-04
   2.0827185e-04
   2.0900796e-04
   2.0974213e-04
   2.1047435e-04
   2.1120462e-04
   2.1193293e-04
   2.1265928e-04
   2.1338366e-04
   2.1410607e-04
   2.1482649e-04
   2.1554494e-04
   2.1626139e-04
   2.1697584e-04
   2.1768829e-04
   2.1839873e-04
   2.1910716e-04
   2.1981357e-04
   2.2051796e-04
   2.2122031e-04
   2.2192063e-04
   2.2261891e-04
   2.2331514e-04
   2.2400932e-04
   2.2470145e-04
   2.2539151e-04
   2.2607950e-04
   2.2676542e-04
   2.2744926e-04
   2.2813102e-04
   2.2881069e-04
   2.2948826e-04
   2.3016373e-04
   2.3083710e-04
   2.3150836e-04
   2.3217750e-04
   2.3284453e-04
   2.3350942e-04
   2.3417219e-04
   2.3483282e-04
   2.3549131e-04
   2.3614765e-04
   2.3680184e-04
   2.3745388e-04
   2.3810375e-04
   2.3875146e-04
   2.3939699e-04
   2.4004036e-04
   2.4068153e-04
   2.4132053e-04
   2.4195733e-04
   2.4259194e-04
   2.4322434e-04
   2.4385454e-04
   2.4448253e-04
   2.4510830e-04
   2.4573186e-04
   2.4635319e-04
   2.4697229e-04
   2.4758915e-04
   2.4820378e-04
   2.4881616e-04
   2.4942630e-04
   2.5003418e-04
   2.5063981e-04
   2.5124317e-04
   2.5184426e-04
   2.5244309e-04
   2.5303964e-04
   2.5363391e-04
   2.5422589e-04
   2.5481558e-04
   2.5540298e-04
   2.5598809e-04
   2.5657089e-04
   2.5715138e-04
   2.5772956e-04
   2.5830543e-04
   2.5887897e-04
   2.5945019e-04
   2.6001908e-04
   2.6058564e-04
   2.6114986e-04
   2.6171174e-04
   2.6227128e-04
   2.6282846e-04
   2.6338329e-04
   2.6393577e-04
   2.6448588e-04
   2.6503362e-04
   2.6557899e-04
   2.6612199e-04
   2.6666261e-04
   2.6720085e-04
   2.6773670e-04
   2.6827016e-04
   2.6880122e-04
   2.6932989e-04
   2.6985615e-04
   2.7038001e-04
   2.7090146e-04
   2.7142049e-04
   2.7193711e-04
   2.7245130e-04
   2.7296307e-04
   2.7347241e-04
   2.7397931e-04
   2.7448378e-04
   2.7498581e-04
   2.7548539e-04
   2.7598253e-04
   2.7647721e-04
   2.7696944e-04
   2.7745921e-04
   2.7794652e-04
   2.7843136e-04
   2.7891374e-04
   2.7939364e-04
   2.7987106e-04
   2.8034600e-04
   2.8081846e-04
   2.8128844e-04
   2.8175592e-04
   2.8222091e-04
   2.8268340e-04
   2.8314340e-04
   2.8360089e-04
   2.8405587e-04
   2.8450834e-04
   2.8495830e-04
   2.8540575e-04
   2.8585067e-04
   2.8629307e-04
   2.8673294e-04
   2.8717029e-04
   2.8760510e-04
   2.8803738e-04
   2.8846712e-04
   2.8889431e-04
   2.8931897e-04
   2.8974107e-04
   2.9016062e-04
   2.9057762e-04
   2.9099207e-04
   2.9140395e-04
   2.9181328e-04
   2.9222003e-04
   2.9262422e-04
   2.9302584e-04
   2.9342489e-04
   2.9382135e-04
   2.9421524e-04
   2.9460655e-04
   2.9499527e-04
   2.9538141e-04
   2.9576495e-04
   2.9614591e-04
   2.9652427e-04
   2.9690002e-04
   2.9727318e-04
   2.9764374e-04
   2.9801169e-04
   2.9837703e-04
   2.9873977e-04
   2.9909989e-04
   2.9945739e-04
   2.9981227e-04
   3.0016454e-04
   3.0051418e-04
   3.0086120e-04
   3.0120559e-04
   3.0154735e-04
   3.0188648e-04
   3.0222298e-04
   3.0255684e-04
   3.0288806e-04
   3.0321664e-04
   3.0354257e-04
   3.0386586e-04
   3.0418651e-04
   3.0450450e-04
   3.0481984e-04
   3.0513253e-04
   3.0544257e-04
   3.0574994e-04
   3.0605466e-04
   3.0635672e-04
   3.0665611e-04
   3.0695284e-04
   3.0724690e-04
   3.0753829e-04
   3.0782701e-04
   3.0811305e-04
   3.0839643e-04
   3.0867712e-04
   3.0895514e-04
   3.0923048e-04
   3.0950314e-04
   3.0977311e-04
   3.1004040e-04
   3.1030500e-04
   3.1056691e-04
   3.1082614e-04
   3.1108267e-04
   3.1133651e-04
   3.1158766e-04
   3.1183611e-04
   3.1208186e-04
   3.1232491e-04
   3.1256527e-04
   3.1280292e-04
   3.1303787e-04
   3.1327011e-04
   3.1349965e-04
   3.1372648e-04
   3.1395060e-04
   3.1417202e-04
   3.1439072e-04
   3.1460671e-04
   3.1481999e-04
   3.1503055e-04
   3.1523840e-04
   3.1544353e-04
   3.1564594e-04
   3.1584563e-04
   3.1604261e-04
   3.1623686e-04
   3.1642839e-04
   3.1661720e-04
   3.1680328e-04
   3.1698664e-04
   3.1716727e-04
   3.1734518e-04
   3.1752036e-04
   3.1769281e-04
   3.1786253e-04
   3.1802952e-04
   3.1819378e-04
   3.1835530e-04
   3.1851410e-04
   3.1867016e-04
   3.1882349e-04
   3.1897409e-04
   3.1912194e-04
   3.1926707e-04
   3.1940945e-04
   3.1954911e-04
   3.1968602e-04
   3.1982019e-04
   3.1995163e-04
   3.2008033e-04
   3.2020628e-04
   3.2032950e-04
   3.2044998e-04
   3.2056772e-04
   3.2068271e-04
   3.2079497e-04
   3.2090448e-04
   3.2101126e-04
   3.2111528e-04
   3.2121657e-04
   3.2131512e-04
   3.2141092e-04
   3.2150398e-04
   3.2159429e-04
   3.2168186e-04
   3.2176669e-04
   3.2184878e-04
   3.2192812e-04
   3.2200472e-04
   3.2207857e-04
   3.2214968e-04
   3.2221805e-04
   3.2228367e-04
   3.2234655e-04
   3.2240669e-04
   3.2246409e-04
   3.2251874e-04
   3.2257065e-04
   3.2261981e-04
   3.2266623e-04
   3.2270991e-04
   3.2275085e-04
   3.2278905e-04
   3.2282451e-04
   3.2285722e-04
   3.2288720e-04
   3.2291443e-04
   3.2293893e-04
   3.2296068e-04
   3.2297970e-04
   3.2299597e-04
   3.2300951e-04
   3.2302032e-04
   3.2302838e-04
   3.2303371e-04
   3.2303630e-04
   3.2303616e-04
   3.2303328e-04
   3.2302767e-04
   3.2301933e-04
   3.2300825e-04
   3.2299444e-04
   3.2297791e-04
   3.2295864e-04
   3.2293664e-04
   3.2291191e-04
   3.2288446e-04
   3.2285427e-04
   3.2282137e-04
   3.2278573e-04
   3.2274738e-04
   3.2270630e-04
   3.2266249e-04
   3.2261597e-04
   3.2256672e-04
   3.2251476e-04
   3.2246008e-04
   3.2240268e-04
   3.2234257e-04
   3.2227974e-04
   3.2221420e-04
   3.2214594e-04
   3.2207497e-04
   3.2200130e-04
   3.2192491e-04
   3.2184582e-04
   3.2176402e-04
   3.2167952e-04
   3.2159231e-04
   3.2150240e-04
   3.2140980e-04
   3.2131449e-04
   3.2121648e-04
   3.2111578e-04
   3.2101238e-04
   3.2090629e-04
   3.2079750e-04
   3.2068603e-04
   3.2057187e-04
   3.2045502e-04
   3.2033548e-04
   3.2021326e-04
   3.2008836e-04
   3.1996078e-04
   3.1983052e-04
   3.1969758e-04
   3.1956197e-04
   3.1942368e-04
   3.1928272e-04
   3.1913909e-04
   3.1899279e-04
   3.1884383e-04
   3.1869220e-04
   3.1853791e-04
   3.1838096e-04
   3.1822134e-04
   3.1805908e-04
   3.1789416e-04
   3.1772658e-04
   3.1755635e-04
   3.1738348e-04
   3.1720796e-04
   3.1702979e-04
   3.1684898e-04
   3.1666554e-04
   3.1647945e-04
   3.1629073e-04
   3.1609937e-04
   3.1590538e-04
   3.1570877e-04
   3.1550952e-04
   3.1530766e-04
   3.1510317e-04
   3.1489606e-04
   3.1468633e-04
   3.1447398e-04
   3.1425903e-04
   3.1404146e-04
   3.1382129e-04
   3.1359851e-04
   3.1337313e-04
   3.1314514e-04
   3.1291456e-04
   3.1268138e-04
   3.1244561e-04
   3.1220726e-04
   3.1196631e-04
   3.1172278e-04
   3.1147666e-04
   3.1122797e-04
   3.1097670e-04
   3.1072285e-04
   3.1046643e-04
   3.1020745e-04
   3.0994590e-04
   3.0968178e-04
   3.0941511e-04
   3.0914588e-04
   3.0887409e-04
   3.0859975e-04
   3.0832287e-04
   3.0804343e-04
   3.0776146e-04
   3.0747694e-04
   3.0718989e-04
   3.0690030e-04
   3.0660819e-04
   3.0631354e-04
   3.0601637e-04
   3.0571668e-04
   3.0541447e-04
   3.0510975e-04
   3.0480251e-04
   3.0449277e-04
   3.0418052e-04
   3.0386576e-04
   3.0354851e-04
   3.0322876e-04
   3.0290652e-04
   3.0258179e-04
   3.0225457e-04
   3.0192487e-04
   3.0159269e-04
   3.0125804e-04
   3.0092091e-04
   3.0058131e-04
   3.0023925e-04
   2.9989472e-04
   2.9954774e-04
   2.9919830e-04
   2.9884641e-04
   2.9849207e-04
   2.9813529e-04
   2.9777607e-04
   2.9741440e-04
   2.9705031e-04
   2.9668378e-04
   2.9631483e-04
   2.9594346e-04
   2.9556966e-04
   2.9519345e-04
   2.9481483e-04
   2.9443380e-04
   2.9405037e-04
   2.9366454e-04
   2.9327631e-04
   2.9288569e-04
   2.9249268e-04
   2.9209728e-04
   2.9169950e-04
   2.9129935e-04
   2.9089682e-04
   2.9049193e-04
   2.9008467e-04
   2.8967505e-04
   2.8926307e-04
   2.8884873e-04
   2.8843205e-04
   2.8801303e-04
   2.8759166e-04
   2.8716796e-04
   2.8674192e-04
   2.8631356e-04
   2.8588287e-04
   2.8544986e-04
   2.8501453e-04
   2.8457690e-04
   2.8413695e-04
   2.8369470e-04
   2.8325016e-04
   2.8280332e-04
   2.8235418e-04
   2.8190277e-04
   2.8144907e-04
   2.8099309e-04
   2.8053484e-04
   2.8007432e-04
   2.7961154e-04
   2.7914650e-04
   2.7867920e-04
   2.7820966e-04
   2.7773786e-04
   2.7726383e-04
   2.7678756e-04
   2.7630905e-04
   2.7582832e-04
   2.7534536e-04
   2.7486019e-04
   2.7437280e-04
   2.7388320e-04
   2.7339140e-04
   2.7289739e-04
   2.7240119e-04
   2.7190280e-04
   2.7140223e-04
   2.7089947e-04
   2.7039454e-04
   2.6988743e-04
   2.6937816e-04
   2.6886672e-04
   2.6835313e-04
   2.6783739e-04
   2.6731949e-04
   2.6679946e-04
   2.6627728e-04
   2.6575298e-04
   2.6522654e-04
   2.6469799e-04
   2.6416731e-04
   2.6363452e-04
   2.6309963e-04
   2.6256263e-04
   2.6202353e-04
   2.6148234e-04
   2.6093906e-04
   2.6039370e-04
   2.5984626e-04
   2.5929675e-04
   2.5874517e-04
   2.5819153e-04
   2.5763583e-04
   2.5707808e-04
   2.5651828e-04
   2.5595644e-04
   2.5539256e-04
   2.5482666e-04
   2.5425872e-04
   2.5368877e-04
   2.5311680e-04
   2.5254282e-04
   2.5196684e-04
   2.5138886e-04
   2.5080888e-04
   2.5022692e-04
   2.4964297e-04
   2.4905704e-04
   2.4846914e-04
   2.4787928e-04
   2.4728745e-04
   2.4669367e-04
   2.4609793e-04
   2.4550026e-04
   2.4490064e-04
   2.4429909e-04
   2.4369561e-04
   2.4309020e-04
   2.4248288e-04
   2.4187365e-04
   2.4126251e-04
   2.4064947e-04
   2.4003454e-04
   2.3941771e-04
   2.3879901e-04
   2.3817842e-04
   2.3755596e-04
   2.3693164e-04
   2.3630545e-04
   2.3567741e-04
   2.3504753e-04
   2.3441579e-04
   2.3378222e-04
   2.3314682e-04
   2.3250959e-04
   2.3187054e-04
   2.3122968e-04
   2.3058701e-04
   2.2994253e-04
   2.2929626e-04
   2.2864820e-04
   2.2799835e-04
   2.2734672e-04
   2.2669332e-04
   2.2603815e-04
   2.2538122e-04
   2.2472253e-04
   2.2406210e-04
   2.2339992e-04
   2.2273600e-04
   2.2207036e-04
   2.2140298e-04
   2.2073389e-04
   2.2006309e-04
   2.1939057e-04
   2.1871636e-04
   2.1804045e-04
   2.1736285e-04
   2.1668357e-04
   2.1600261e-04
   2.1531999e-04
   2.1463569e-04
   2.1394974e-04
   2.1326214e-04
   2.1257289e-04
   2.1188201e-04
   2.1118948e-04
   2.1049534e-04
   2.0979957e-04
   2.0910218e-04
   2.0840319e-04
   2.0770260e-04
   2.0700041e-04
   2.0629663e-04
   2.0559127e-04
   2.0488433e-04
   2.0417582e-04
   2.0346575e-04
   2.0275412e-04
   2.0204093e-04
   2.0132621e-04
   2.0060994e-04
   1.9989214e-04
   1.9917282e-04
   1.9845198e-04
   1.9772962e-04
   1.9700576e-04
   1.9628040e-04
   1.9555355e-04
   1.9482521e-04
   1.9409539e-04
   1.9336409e-04
   1.9263133e-04
   1.9189711e-04
   1.9116143e-04
   1.9042431e-04
   1.8968574e-04
   1.8894574e-04
   1.8820432e-04
   1.8746147e-04
   1.8671721e-04
   1.8597153e-04
   1.8522446e-04
   1.8447600e-04
   1.8372614e-04
   1.8297491e-04
   1.8222229e-04
   1.8146832e-04
   1.8071298e-04
   1.7995628e-04
   1.7919824e-04
   1.7843886e-04
   1.7767814e-04
   1.7691609e-04
   1.7615273e-04
   1.7538805e-04
   1.7462206e-04
   1.7385477e-04
   1.7308619e-04
   1.7231632e-04
   1.7154518e-04
   1.7077275e-04
   1.6999907e-04
   1.6922412e-04
   1.6844792e-04
   1.6767047e-04
   1.6689179e-04
   1.6611187e-04
   1.6533073e-04
   1.6454837e-04
   1.6376479e-04
   1.6298002e-04
   1.6219404e-04
   1.6140688e-04
   1.6061853e-04
   1.5982900e-04
   1.5903831e-04
   1.5824645e-04
   1.5745344e-04
   1.5665928e-04
   1.5586397e-04
   1.5506753e-04
   1.5426996e-04
   1.5347128e-04
   1.5267147e-04
   1.5187056e-04
   1.5106856e-04
   1.5026545e-04
   1.4946127e-04
   1.4865600e-04
   1.4784966e-04
   1.4704226e-04
   1.4623380e-04
   1.4542429e-04
   1.4461374e-04
   1.4380215e-04
   1.4298953e-04
   1.4217589e-04
   1.4136124e-04
   1.4054558e-04
   1.3972891e-04
   1.3891126e-04
   1.3809262e-04
   1.3727299e-04
   1.3645240e-04
   1.3563084e-04
   1.3480833e-04
   1.3398486e-04
   1.3316045e-04
   1.3233511e-04
   1.3150883e-04
   1.3068164e-04
   1.2985353e-04
   1.2902451e-04
   1.2819460e-04
   1.2736379e-04
   1.2653209e-04
   1.2569952e-04
   1.2486608e-04
   1.2403177e-04
   1.2319661e-04
   1.2236059e-04
   1.2152374e-04
   1.2068605e-04
   1.1984753e-04
   1.1900820e-04
   1.1816805e-04
   1.1732709e-04
   1.1648534e-04
   1.1564280e-04
   1.1479947e-04
   1.1395537e-04
   1.1311050e-04
   1.1226486e-04
   1.1141848e-04
   1.1057134e-04
   1.0972347e-04
   1.0887486e-04
   1.0802553e-04
   1.0717548e-04
   1.0632473e-04
   1.0547327e-04
   1.0462111e-04
   1.0376827e-04
   1.0291474e-04
   1.0206054e-04
   1.0120568e-04
   1.0035016e-04
   9.9493987e-05
   9.8637171e-05
   9.7779719e-05
   9.6921637e-05
   9.6062935e-05
   9.5203618e-05
   9.4343695e-05
   9.3483173e-05
   9.2622059e-05
   9.1760361e-05
   9.0898086e-05
   9.0035241e-05
   8.9171835e-05
   8.8307874e-05
   8.7443366e-05
   8.6578318e-05
   8.5712739e-05
   8.4846634e-05
   8.3980012e-05
   8.3112880e-05
   8.2245246e-05
   8.1377117e-05
   8.0508500e-05
   7.9639404e-05
   7.8769835e-05
   7.7899801e-05
   7.7029309e-05
   7.6158367e-05
   7.5286983e-05
   7.4415163e-05
   7.3542916e-05
   7.2670249e-05
   7.1797169e-05
   7.0923683e-05
   7.0049800e-05
   6.9175527e-05
   6.8300871e-05
   6.7425840e-05
   6.6550441e-05
   6.5674681e-05
   6.4798569e-05
   6.3922112e-05
   6.3045317e-05
   6.2168192e-05
   6.1290743e-05
   6.0412980e-05
   5.9534909e-05
   5.8656537e-05
   5.7777873e-05
   5.6898924e-05
   5.6019697e-05
   5.5140199e-05
   5.4260439e-05
   5.3380424e-05
   5.2500161e-05
   5.1619658e-05
   5.0738922e-05
   4.9857961e-05
   4.8976782e-05
   4.8095393e-05
   4.7213802e-05
   4.6332015e-05
   4.5450040e-05
   4.4567886e-05
   4.3685559e-05
   4.2803067e-05
   4.1920417e-05
   4.1037617e-05
   4.0154675e-05
   3.9271597e-05
   3.8388392e-05
   3.7505067e-05
   3.6621629e-05
   3.5738087e-05
   3.4854446e-05
   3.3970716e-05
   3.3086903e-05
   3.2203015e-05
   3.1319060e-05
   3.0435044e-05
   2.9550976e-05
   2.8666863e-05
   2.7782713e-05
   2.6898532e-05
   2.6014329e-05
   2.5130110e-05
   2.4245884e-05
   2.3361658e-05
   2.2477440e-05
   2.1593236e-05
   2.0709054e-05
   1.9824903e-05
   1.8940788e-05
   1.8056719e-05
   1.7172701e-05
   1.6288744e-05
   1.5404853e-05
   1.4521038e-05
   1.3637304e-05
   1.2753660e-05
   1.1870113e-05
   1.0986670e-05
   1.0103340e-05
   9.2201287e-06
   8.3370444e-06
   7.4540944e-06
   6.5712861e-06
   5.6886270e-06
   4.8061245e-06
   3.9237860e-06
   3.0416191e-06
   2.1596310e-06
   1.2778293e-06
   3.9622134e-07
  -4.8518545e-07
  -1.3663837e-06
  -2.2473659e-06
  -3.1281247e-06
  -4.0086527e-06
  -4.8889424e-06
  -5.7689866e-06
  -6.6487778e-06
  -7.5283086e-06
  -8.4075716e-06
  -9.2865595e-06
  -1.0165265e-05
  -1.1043680e-05
  -1.1921798e-05
  -1.2799612e-05
  -1.3677114e-05
  -1.4554296e-05
  -1.5431151e-05
  -1.6307673e-05
  -1.7183853e-05
  -1.8059684e-05
  -1.8935159e-05
  -1.9810271e-05
  -2.0685013e-05
  -2.1559376e-05
  -2.2433353e-05
  -2.3306939e-05
  -2.4180124e-05
  -2.5052902e-05
  -2.5925265e-05
  -2.6797207e-05
  -2.7668719e-05
  -2.8539795e-05
  -2.9410428e-05
  -3.0280609e-05
  -3.1150332e-05
  -3.2019590e-05
  -3.2888375e-05
  -3.3756680e-05
  -3.4624498e-05
  -3.5491822e-05
  -3.6358644e-05
  -3.7224957e-05
  -3.8090754e-05
  -3.8956027e-05
  -3.9820771e-05
  -4.0684976e-05
  -4.1548637e-05
  -4.2411745e-05
  -4.3274294e-05
  -4.4136277e-05
  -4.4997686e-05
  -4.5858515e-05
  -4.6718756e-05
  -4.7578401e-05
  -4.8437445e-05
  -4.9295879e-05
  -5.0153696e-05
  -5.1010891e-05
  -5.1867454e-05
  -5.2723380e-05
  -5.3578661e-05
  -5.4433290e-05
  -5.5287259e-05
  -5.6140563e-05
  -5.6993194e-05
  -5.7845144e-05
  -5.8696407e-05
  -5.9546976e-05
  -6.0396843e-05
  -6.1246002e-05
  -6.2094445e-05
  -6.2942166e-05
  -6.3789158e-05
  -6.4635413e-05
  -6.5480924e-05
  -6.6325686e-05
  -6.7169689e-05
  -6.8012929e-05
  -6.8855397e-05
  -6.9697086e-05
  -7.0537991e-05
  -7.1378103e-05
  -7.2217416e-05
  -7.3055924e-05
  -7.3893618e-05
  -7.4730492e-05
  -7.5566540e-05
  -7.6401754e-05
  -7.7236128e-05
  -7.8069654e-05
  -7.8902326e-05
  -7.9734137e-05
  -8.0565080e-05
  -8.1395148e-05
  -8.2224335e-05
  -8.3052633e-05
  -8.3880036e-05
  -8.4706537e-05
  -8.5532130e-05
  -8.6356806e-05
  -8.7180561e-05
  -8.8003386e-05
  -8.8825276e-05
  -8.9646223e-05
  -9.0466221e-05
  -9.1285262e-05
  -9.2103341e-05
  -9.2920451e-05
  -9.3736584e-05
  -9.4551735e-05
  -9.5365896e-05
  -9.6179061e-05
  -9.6991224e-05
  -9.7802376e-05
  -9.8612513e-05
  -9.9421627e-05
  -1.0022971e-04
  -1.0103676e-04
  -1.0184277e-04
  -1.0264772e-04
  -1.0345163e-04
  -1.0425447e-04
  -1.0505624e-04
  -1.0585693e-04
  -1.0665655e-04
  -1.0745507e-04
  -1.0825250e-04
  -1.0904883e-04
  -1.0984405e-04
  -1.1063816e-04
  -1.1143115e-04
  -1.1222300e-04
  -1.1301373e-04
  -1.1380331e-04
  -1.1459175e-04
  -1.1537904e-04
  -1.1616517e-04
  -1.1695013e-04
  -1.1773392e-04
  -1.1851653e-04
  -1.1929795e-04
  -1.2007819e-04
  -1.2085722e-04
  -1.2163506e-04
  -1.2241168e-04
  -1.2318709e-04
  -1.2396127e-04
  -1.2473423e-04
  -1.2550595e-04
  -1.2627642e-04
  -1.2704566e-04
  -1.2781363e-04
  -1.2858035e-04
  -1.2934580e-04
  -1.3010998e-04
  -1.3087288e-04
  -1.3163449e-04
  -1.3239482e-04
  -1.3315384e-04
  -1.3391157e-04
  -1.3466798e-04
  -1.3542308e-04
  -1.3617686e-04
  -1.3692931e-04
  -1.3768042e-04
  -1.3843020e-04
  -1.3917863e-04
  -1.3992571e-04
  -1.4067143e-04
  -1.4141579e-04
  -1.4215878e-04
  -1.4290039e-04
  -1.4364062e-04
  -1.4437946e-04
  -1.4511691e-04
  -1.4585296e-04
  -1.4658760e-04
  -1.4732084e-04
  -1.4805265e-04
  -1.4878305e-04
  -1.4951201e-04
  -1.5023954e-04
  -1.5096563e-04
  -1.5169027e-04
  -1.5241346e-04
  -1.5313519e-04
  -1.5385546e-04
  -1.5457426e-04
  -1.5529159e-04
  -1.5600743e-04
  -1.5672178e-04
  -1.5743465e-04
  -1.5814601e-04
  -1.5885588e-04
  -1.5956423e-04
  -1.6027107e-04
  -1.6097639e-04
  -1.6168018e-04
  -1.6238244e-04
  -1.6308316e-04
  -1.6378234e-04
  -1.6447997e-04
  -1.6517604e-04
  -1.6587056e-04
  -1.6656351e-04
  -1.6725489e-04
  -1.6794469e-04
  -1.6863292e-04
  -1.6931955e-04
  -1.7000459e-04
  -1.7068804e-04
  -1.7136988e-04
  -1.7205011e-04
  -1.7272873e-04
  -1.7340573e-04
  -1.7408111e-04
  -1.7475485e-04
  -1.7542696e-04
  -1.7609743e-04
  -1.7676625e-04
  -1.7743342e-04
  -1.7809893e-04
  -1.7876278e-04
  -1.7942496e-04
  -1.8008548e-04
  -1.8074431e-04
  -1.8140146e-04
  -1.8205692e-04
  -1.8271069e-04
  -1.8336277e-04
  -1.8401313e-04
  -1.8466179e-04
  -1.8530874e-04
  -1.8595397e-04
  -1.8659747e-04
  -1.8723925e-04
  -1.8787929e-04
  -1.8851759e-04
  -1.8915415e-04
  -1.8978896e-04
  -1.9042201e-04
  -1.9105331e-04
  -1.9168284e-04
  -1.9231061e-04
  -1.9293660e-04
  -1.9356081e-04
  -1.9418324e-04
  -1.9480388e-04
  -1.9542273e-04
  -1.9603978e-04
  -1.9665503e-04
  -1.9726847e-04
  -1.9788010e-04
  -1.9848991e-04
  -1.9909790e-04
  -1.9970406e-04
  -2.0030840e-04
  -2.0091089e-04
  -2.0151155e-04
  -2.0211036e-04
  -2.0270732e-04
  -2.0330243e-04
  -2.0389568e-04
  -2.0448706e-04
  -2.0507658e-04
  -2.0566422e-04
  -2.0624999e-04
  -2.0683387e-04
  -2.0741587e-04
  -2.0799598e-04
  -2.0857419e-04
  -2.0915050e-04
  -2.0972491e-04
  -2.1029741e-04
  -2.1086800e-04
  -2.1143667e-04
  -2.1200342e-04
  -2.1256824e-04
  -2.1313113e-04
  -2.1369209e-04
  -2.1425110e-04
  -2.1480818e-04
  -2.1536331e-04
  -2.1591648e-04
  -2.1646770e-04
  -2.1701696e-04
  -2.1756425e-04
  -2.1810958e-04
  -2.1865293e-04
  -2.1919431e-04
  -2.1973371e-04
  -2.2027112e-04
  -2.2080654e-04
  -2.2133996e-04
  -2.2187139e-04
  -2.2240082e-04
  -2.2292825e-04
  -2.2345366e-04
  -2.2397706e-04
  -2.2449844e-04
  -2.2501781e-04
  -2.2553514e-04
  -2.2605045e-04
  -2.2656373e-04
  -2.2707496e-04
  -2.2758416e-04
  -2.2809131e-04
  -2.2859642e-04
  -2.2909947e-04
  -2.2960046e-04
  -2.3009940e-04
  -2.3059627e-04
  -2.3109108e-04
  -2.3158381e-04
  -2.3207447e-04
  -2.3256305e-04
  -2.3304955e-04
  -2.3353397e-04
  -2.3401629e-04
  -2.3449652e-04
  -2.3497466e-04
  -2.3545070e-04
  -2.3592463e-04
  -2.3639645e-04
  -2.3686617e-04
  -2.3733377e-04
  -2.3779925e-04
  -2.3826261e-04
  -2.3872385e-04
  -2.3918296e-04
  -2.3963994e-04
  -2.4009478e-04
  -2.4054749e-04
  -2.4099806e-04
  -2.4144648e-04
  -2.4189275e-04
  -2.4233687e-04
  -2.4277884e-04
  -2.4321865e-04
  -2.4365630e-04
  -2.4409178e-04
  -2.4452510e-04
  -2.4495625e-04
  -2.4538522e-04
  -2.4581202e-04
  -2.4623664e-04
  -2.4665907e-04
  -2.4707932e-04
  -2.4749738e-04
  -2.4791325e-04
  -2.4832692e-04
  -2.4873839e-04
  -2.4914767e-04
  -2.4955474e-04
  -2.4995960e-04
  -2.5036225e-04
  -2.5076269e-04
  -2.5116092e-04
  -2.5155692e-04
  -2.5195071e-04
  -2.5234227e-04
  -2.5273160e-04
