0.000000000000000000e+00 0.000000000000000000e+00 -6.395255485043510602e-01 1.000000000000000000e+00
1.429588142326294366e-02 2.488408078759932196e-02 -6.461445887817884870e-01 1.000000000000000000e+00
2.859176284652588731e-02 4.976777783188983395e-02 -6.527536647103472367e-01 1.000000000000000000e+00
4.288764426978883271e-02 7.465070739548050616e-02 -6.593526743699023029e-01 1.000000000000000000e+00
5.718352569305177463e-02 9.953248575281581356e-02 -6.659415159955598407e-01 1.000000000000000000e+00
7.147940711631471655e-02 1.244127291960932941e-01 -6.725200879792325726e-01 1.000000000000000000e+00
8.577528853957766541e-02 1.492910540411807041e-01 -6.790882888712010956e-01 1.000000000000000000e+00
1.000711699628406004e-01 1.741670766335330356e-01 -6.856460173816838477e-01 1.000000000000000000e+00
1.143670513861035493e-01 1.990404133541086862e-01 -6.921931723823934179e-01 1.000000000000000000e+00
1.286629328093664981e-01 2.239106806252858239e-01 -6.987296529081018504e-01 1.000000000000000000e+00
1.429588142326294331e-01 2.487774949167769756e-01 -7.052553581581928466e-01 1.000000000000000000e+00
1.572546956558923681e-01 2.736404727515440727e-01 -7.117701874982179655e-01 1.000000000000000000e+00
1.715505770791553308e-01 2.984992307117121380e-01 -7.182740404614510465e-01 1.000000000000000000e+00
1.858464585024182658e-01 3.233533854444813338e-01 -7.247668167504323078e-01 1.000000000000000000e+00
2.001423399256812008e-01 3.482025536680399824e-01 -7.312484162385207709e-01 1.000000000000000000e+00
2.144382213489441635e-01 3.730463521774740054e-01 -7.377187389714329191e-01 1.000000000000000000e+00
2.287341027722070985e-01 3.978843978506771961e-01 -7.441776851687893490e-01 1.000000000000000000e+00
2.430299841954700335e-01 4.227163076542591047e-01 -7.506251552256482107e-01 1.000000000000000000e+00
2.573258656187329962e-01 4.475416986494520910e-01 -7.570610497140467521e-01 1.000000000000000000e+00
2.716217470419959312e-01 4.723601879980165452e-01 -7.634852693845290972e-01 1.000000000000000000e+00
2.859176284652588662e-01 4.971713929681447763e-01 -7.698977151676820174e-01 1.000000000000000000e+00
3.002135098885218012e-01 5.219749309403630688e-01 -7.762982881756581577e-01 1.000000000000000000e+00
3.145093913117847362e-01 5.467704194134326290e-01 -7.826868897037034811e-01 1.000000000000000000e+00
3.288052727350477267e-01 5.715574760102477558e-01 -7.890634212316806062e-01 1.000000000000000000e+00
3.431011541583106617e-01 5.963357184837325686e-01 -7.954277844255837060e-01 1.000000000000000000e+00
3.573970355815735966e-01 6.211047647227361246e-01 -8.017798811390607350e-01 1.000000000000000000e+00
3.716929170048365316e-01 6.458642327579243725e-01 -8.081196134149211119e-01 1.000000000000000000e+00
3.859887984280994666e-01 6.706137407676715512e-01 -8.144468834866519513e-01 1.000000000000000000e+00
4.002846798513624016e-01 6.953529070839475912e-01 -8.207615937799199735e-01 1.000000000000000000e+00
4.145805612746253921e-01 7.200813501982037401e-01 -8.270636469140822955e-01 1.000000000000000000e+00
4.288764426978883271e-01 7.447986887672571887e-01 -8.333529457036827903e-01 1.000000000000000000e+00
4.431723241211512621e-01 7.695045416191698129e-01 -8.396293931599532190e-01 1.000000000000000000e+00
4.574682055444141970e-01 7.941985277591283587e-01 -8.458928924923109216e-01 1.000000000000000000e+00
4.717640869676771320e-01 8.188802663753187439e-01 -8.521433471098466272e-01 1.000000000000000000e+00
4.860599683909400670e-01 8.435493768447982488e-01 -8.583806606228190361e-01 1.000000000000000000e+00
5.003558498142030020e-01 8.682054787393669315e-01 -8.646047368441366343e-01 1.000000000000000000e+00
5.146517312374659925e-01 8.928481918314322696e-01 -8.708154797908459477e-01 1.000000000000000000e+00
5.289476126607288720e-01 9.174771360998735803e-01 -8.770127936856061401e-01 1.000000000000000000e+00
5.432434940839918625e-01 9.420919317359036649e-01 -8.831965829581721605e-01 1.000000000000000000e+00
5.575393755072548529e-01 9.666921991489227928e-01 -8.893667522468621245e-01 1.000000000000000000e+00
5.718352569305177324e-01 9.912775589723760161e-01 -8.955232064000342440e-01 1.000000000000000000e+00
5.861311383537807229e-01 1.015847632069601492e+00 -9.016658504775486582e-01 1.000000000000000000e+00
6.004270197770436024e-01 1.040402039539677137e+00 -9.077945897522345930e-01 1.000000000000000000e+00
6.147229012003065929e-01 1.064940402723264512e+00 -9.139093297113518588e-01 1.000000000000000000e+00
6.290187826235694724e-01 1.089462343208447814e+00 -9.200099760580446873e-01 1.000000000000000000e+00
6.433146640468324629e-01 1.113967482836570211e+00 -9.260964347128010088e-01 1.000000000000000000e+00
6.576105454700954533e-01 1.138455443708064063e+00 -9.321686118148976297e-01 1.000000000000000000e+00
6.719064268933583328e-01 1.162925848188279376e+00 -9.382264137238532919e-01 1.000000000000000000e+00
6.862023083166213233e-01 1.187378318913308251e+00 -9.442697470208676336e-01 1.000000000000000000e+00
7.004981897398842028e-01 1.211812478795802450e+00 -9.502985185102662546e-01 1.000000000000000000e+00
7.147940711631471933e-01 1.236227951030790528e+00 -9.563126352209342373e-01 1.000000000000000000e+00
7.290899525864100728e-01 1.260624359101486958e+00 -9.623120044077516644e-01 1.000000000000000000e+00
7.433858340096730632e-01 1.285001326785099929e+00 -9.682965335530252515e-01 1.000000000000000000e+00
7.576817154329360537e-01 1.309358478158631378e+00 -9.742661303679110985e-01 1.000000000000000000e+00
7.719775968561989332e-01 1.333695437604676126e+00 -9.802207027938426576e-01 1.000000000000000000e+00
7.862734782794619237e-01 1.358011829817213467e+00 -9.861601590039459353e-01 1.000000000000000000e+00
8.005693597027248032e-01 1.382307279807394540e+00 -9.920844074044601335e-01 1.000000000000000000e+00
8.148652411259877937e-01 1.406581412909325923e+00 -9.979933566361446351e-01 1.000000000000000000e+00
8.291611225492507842e-01 1.430833854785845904e+00 -1.003886915575693983e+00 1.000000000000000000e+00
8.434570039725136636e-01 1.455064231434299638e+00 -1.009764993337138206e+00 1.000000000000000000e+00
8.577528853957766541e-01 1.479272169192304753e+00 -1.015627499273245693e+00 1.000000000000000000e+00
8.720487668190395336e-01 1.503457294743514305e+00 -1.021474342976923966e+00 1.000000000000000000e+00
8.863446482423025241e-01 1.527619235123373720e+00 -1.027305434282609342e+00 1.000000000000000000e+00
9.006405296655654036e-01 1.551757617724872862e+00 -1.033120683267661377e+00 1.000000000000000000e+00
9.149364110888283941e-01 1.575872070304291439e+00 -1.038920000253745757e+00 1.000000000000000000e+00
9.292322925120913846e-01 1.599962220986939743e+00 -1.044703295808221855e+00 1.000000000000000000e+00
9.435281739353542640e-01 1.624027698272892506e+00 -1.050470480745516522e+00 1.000000000000000000e+00
9.578240553586172545e-01 1.648068131042720319e+00 -1.056221466128505204e+00 1.000000000000000000e+00
9.721199367818801340e-01 1.672083148563210164e+00 -1.061956163269877074e+00 1.000000000000000000e+00
9.864158182051431245e-01 1.696072380493084619e+00 -1.067674483733510149e+00 1.000000000000000000e+00
1.000711699628406004e+00 1.720035456888710179e+00 -1.073376339335827101e+00 1.000000000000000000e+00
1.015007581051668994e+00 1.743972008209805802e+00 -1.079061642147162603e+00 1.000000000000000000e+00
1.029303462474931985e+00 1.767881665325138796e+00 -1.084730304493113584e+00 1.000000000000000000e+00
1.043599343898194975e+00 1.791764059518219154e+00 -1.090382238955893257e+00 1.000000000000000000e+00
1.057895225321457744e+00 1.815618822492983453e+00 -1.096017358375682038e+00 1.000000000000000000e+00
1.072191106744720734e+00 1.839445586379478303e+00 -1.101635575851966253e+00 1.000000000000000000e+00
1.086486988167983725e+00 1.863243983739529153e+00 -1.107236804744883507e+00 1.000000000000000000e+00
1.100782869591246715e+00 1.887013647572407971e+00 -1.112820958676553840e+00 1.000000000000000000e+00
1.115078751014509706e+00 1.910754211320494722e+00 -1.118387951532417102e+00 1.000000000000000000e+00
1.129374632437772474e+00 1.934465308874927292e+00 -1.123937697462555230e+00 1.000000000000000000e+00
1.143670513861035465e+00 1.958146574581249411e+00 -1.129470110883022294e+00 1.000000000000000000e+00
1.157966395284298455e+00 1.981797643245050145e+00 -1.134985106477159000e+00 1.000000000000000000e+00
1.172262276707561446e+00 2.005418150137591393e+00 -1.140482599196909419e+00 1.000000000000000000e+00
1.186558158130824214e+00 2.029007731001436721e+00 -1.145962504264137038e+00 1.000000000000000000e+00
1.200854039554087205e+00 2.052566022056069084e+00 -1.151424737171925061e+00 1.000000000000000000e+00
1.215149920977350195e+00 2.076092660003495904e+00 -1.156869213685886688e+00 1.000000000000000000e+00
1.229445802400613186e+00 2.099587282033857250e+00 -1.162295849845457418e+00 1.000000000000000000e+00
1.243741683823876176e+00 2.123049525831016915e+00 -1.167704561965196008e+00 1.000000000000000000e+00
1.258037565247138945e+00 2.146479029578150843e+00 -1.173095266636069001e+00 1.000000000000000000e+00
1.272333446670401935e+00 2.169875431963327550e+00 -1.178467880726743466e+00 1.000000000000000000e+00
1.286629328093664926e+00 2.193238372185080554e+00 -1.183822321384862875e+00 1.000000000000000000e+00
1.300925209516927916e+00 2.216567489957969705e+00 -1.189158506038328289e+00 1.000000000000000000e+00
1.315221090940190907e+00 2.239862425518138966e+00 -1.194476352396572238e+00 1.000000000000000000e+00
1.329516972363453675e+00 2.263122819628865301e+00 -1.199775778451823927e+00 1.000000000000000000e+00
1.343812853786716666e+00 2.286348313586096914e+00 -1.205056702480379771e+00 1.000000000000000000e+00
1.358108735209979656e+00 2.309538549223986159e+00 -1.210319043043856402e+00 1.000000000000000000e+00
1.372404616633242647e+00 2.332693168920411342e+00 -1.215562718990454316e+00 1.000000000000000000e+00
1.386700498056505637e+00 2.355811815602493198e+00 -1.220787649456202217e+00 1.000000000000000000e+00
1.400996379479768406e+00 2.378894132752100266e+00 -1.225993753866209790e+00 1.000000000000000000e+00
1.415292260903031396e+00 2.401939764411349376e+00 -1.231180951935906487e+00 1.000000000000000000e+00
1.429588142326294387e+00 2.424948355188089710e+00 -1.236349163672280982e+00 1.000000000000000000e+00
1.443884023749557377e+00 2.447919550261389965e+00 -1.241498309375115072e+00 1.000000000000000000e+00
1.458179905172820146e+00 2.470852995387004203e+00 -1.246628309638211807e+00 1.000000000000000000e+00
1.472475786596083136e+00 2.493748336902839480e+00 -1.251739085350622060e+00 1.000000000000000000e+00
1.486771668019346126e+00 2.516605221734407039e+00 -1.256830557697860895e+00 1.000000000000000000e+00
1.501067549442609117e+00 2.539423297400266399e+00 -1.261902648163127250e+00 1.000000000000000000e+00
1.515363430865872107e+00 2.562202212017463676e+00 -1.266955278528510531e+00 1.000000000000000000e+00
1.529659312289134876e+00 2.584941614306956570e+00 -1.271988370876201424e+00 1.000000000000000000e+00
1.543955193712397866e+00 2.607641153599033146e+00 -1.277001847589688266e+00 1.000000000000000000e+00
1.558251075135660857e+00 2.630300479838715066e+00 -1.281995631354959642e+00 1.000000000000000000e+00
1.572546956558923847e+00 2.652919243591162157e+00 -1.286969645161691433e+00 1.000000000000000000e+00
1.586842837982186838e+00 2.675497096047056100e+00 -1.291923812304437424e+00 1.000000000000000000e+00
1.601138719405449606e+00 2.698033689027981019e+00 -1.296858056383812352e+00 1.000000000000000000e+00
1.615434600828712597e+00 2.720528674991795182e+00 -1.301772301307667634e+00 1.000000000000000000e+00
1.629730482251975587e+00 2.742981707037987160e+00 -1.306666471292268428e+00 1.000000000000000000e+00
1.644026363675238578e+00 2.765392438913027551e+00 -1.311540490863458475e+00 1.000000000000000000e+00
1.658322245098501568e+00 2.787760525015706037e+00 -1.316394284857826946e+00 1.000000000000000000e+00
1.672618126521764337e+00 2.810085620402465789e+00 -1.321227778423865074e+00 1.000000000000000000e+00
1.686914007945027327e+00 2.832367380792717881e+00 -1.326040897023124332e+00 1.000000000000000000e+00
1.701209889368290318e+00 2.854605462574152153e+00 -1.330833566431360193e+00 1.000000000000000000e+00
1.715505770791553308e+00 2.876799522808039633e+00 -1.335605712739683204e+00 1.000000000000000000e+00
1.729801652214816077e+00 2.898949219234514540e+00 -1.340357262355692747e+00 1.000000000000000000e+00
1.744097533638079067e+00 2.921054210277859831e+00 -1.345088142004615461e+00 1.000000000000000000e+00
1.758393415061342058e+00 2.943114155051765657e+00 -1.349798278730435896e+00 1.000000000000000000e+00
1.772689296484605048e+00 2.965128713364595381e+00 -1.354487599897018058e+00 1.000000000000000000e+00
1.786985177907868039e+00 2.987097545724627157e+00 -1.359156033189229618e+00 1.000000000000000000e+00
1.801281059331130807e+00 3.009020313345287523e+00 -1.363803506614053029e+00 1.000000000000000000e+00
1.815576940754393798e+00 3.030896678150381884e+00 -1.368429948501699744e+00 1.000000000000000000e+00
1.829872822177656788e+00 3.052726302779301903e+00 -1.373035287506711777e+00 1.000000000000000000e+00
1.844168703600919779e+00 3.074508850592230669e+00 -1.377619452609065487e+00 1.000000000000000000e+00
1.858464585024182769e+00 3.096243985675336319e+00 -1.382182373115263818e+00 1.000000000000000000e+00
1.872760466447445538e+00 3.117931372845945237e+00 -1.386723978659427425e+00 1.000000000000000000e+00
1.887056347870708528e+00 3.139570677657722353e+00 -1.391244199204381582e+00 1.000000000000000000e+00
1.901352229293971519e+00 3.161161566405815027e+00 -1.395742965042732431e+00 1.000000000000000000e+00
1.915648110717234509e+00 3.182703706132012034e+00 -1.400220206797946787e+00 1.000000000000000000e+00
1.929943992140497500e+00 3.204196764629868355e+00 -1.404675855425417730e+00 1.000000000000000000e+00
1.944239873563760268e+00 3.225640410449833961e+00 -1.409109842213530861e+00 1.000000000000000000e+00
1.958535754987023259e+00 3.247034312904364839e+00 -1.413522098784725234e+00 1.000000000000000000e+00
1.972831636410286249e+00 3.268378142073017578e+00 -1.417912557096546955e+00 1.000000000000000000e+00
1.987127517833549240e+00 3.289671568807543522e+00 -1.422281149442697235e+00 1.000000000000000000e+00
2.001423399256812008e+00 3.310914264736960710e+00 -1.426627808454077107e+00 1.000000000000000000e+00
2.015719280680074998e+00 3.332105902272621822e+00 -1.430952467099828151e+00 1.000000000000000000e+00
2.030015162103337989e+00 3.353246154613258589e+00 -1.435255058688364782e+00 1.000000000000000000e+00
2.044311043526600979e+00 3.374334695750027979e+00 -1.439535516868401421e+00 1.000000000000000000e+00
2.058606924949863970e+00 3.395371200471538842e+00 -1.443793775629977461e+00 1.000000000000000000e+00
2.072902806373126960e+00 3.416355344368864788e+00 -1.448029769305476000e+00 1.000000000000000000e+00
2.087198687796389951e+00 3.437286803840547300e+00 -1.452243432570633486e+00 1.000000000000000000e+00
2.101494569219652497e+00 3.458165256097589069e+00 -1.456434700445550900e+00 1.000000000000000000e+00
2.115790450642915488e+00 3.478990379168428682e+00 -1.460603508295691189e+00 1.000000000000000000e+00
2.130086332066178478e+00 3.499761851903906429e+00 -1.464749791832882009e+00 1.000000000000000000e+00
2.144382213489441469e+00 3.520479353982215454e+00 -1.468873487116300502e+00 1.000000000000000000e+00
2.158678094912704459e+00 3.541142565913847129e+00 -1.472974530553465389e+00 1.000000000000000000e+00
2.172973976335967450e+00 3.561751169046510235e+00 -1.477052858901212851e+00 1.000000000000000000e+00
2.187269857759230440e+00 3.582304845570051466e+00 -1.481108409266674641e+00 1.000000000000000000e+00
2.201565739182493431e+00 3.602803278521351960e+00 -1.485141119108247754e+00 1.000000000000000000e+00
2.215861620605756421e+00 3.623246151789219383e+00 -1.489150926236556982e+00 1.000000000000000000e+00
2.230157502029019412e+00 3.643633150119256481e+00 -1.493137768815416599e+00 1.000000000000000000e+00
2.244453383452281958e+00 3.663963959118730518e+00 -1.497101585362781817e+00 1.000000000000000000e+00
2.258749264875544949e+00 3.684238265261416068e+00 -1.501042314751698248e+00 1.000000000000000000e+00
2.273045146298807939e+00 3.704455755892432478e+00 -1.504959896211243153e+00 1.000000000000000000e+00
2.287341027722070930e+00 3.724616119233063571e+00 -1.508854269327465358e+00 1.000000000000000000e+00
2.301636909145333920e+00 3.744719044385566686e+00 -1.512725374044312954e+00 1.000000000000000000e+00
2.315932790568596911e+00 3.764764221337967953e+00 -1.516573150664561886e+00 1.000000000000000000e+00
2.330228671991859901e+00 3.784751340968841138e+00 -1.520397539850738111e+00 1.000000000000000000e+00
2.344524553415122892e+00 3.804680095052076272e+00 -1.524198482626028195e+00 1.000000000000000000e+00
2.358820434838385882e+00 3.824550176261634515e+00 -1.527975920375193697e+00 1.000000000000000000e+00
2.373116316261648429e+00 3.844361278176279484e+00 -1.531729794845470227e+00 1.000000000000000000e+00
2.387412197684911419e+00 3.864113095284315680e+00 -1.535460048147471168e+00 1.000000000000000000e+00
2.401708079108174410e+00 3.883805322988286512e+00 -1.539166622756074743e+00 1.000000000000000000e+00
2.416003960531437400e+00 3.903437657609682088e+00 -1.542849461511316411e+00 1.000000000000000000e+00
2.430299841954700391e+00 3.923009796393615023e+00 -1.546508507619265949e+00 1.000000000000000000e+00
2.444595723377963381e+00 3.942521437513493598e+00 -1.550143704652905852e+00 1.000000000000000000e+00
2.458891604801226372e+00 3.961972280075675368e+00 -1.553754996553001311e+00 1.000000000000000000e+00
2.473187486224489362e+00 3.981362024124106114e+00 -1.557342327628963297e+00 1.000000000000000000e+00
2.487483367647752353e+00 4.000690370644945482e+00 -1.560905642559709650e+00 1.000000000000000000e+00
2.501779249071015343e+00 4.019957021571181954e+00 -1.564444886394515732e+00 1.000000000000000000e+00
2.516075130494277889e+00 4.039161679787219406e+00 -1.567960004553862863e+00 1.000000000000000000e+00
2.530371011917540880e+00 4.058304049133475644e+00 -1.571450942830281194e+00 1.000000000000000000e+00
2.544666893340803870e+00 4.077383834410934327e+00 -1.574917647389184161e+00 1.000000000000000000e+00
2.558962774764066861e+00 4.096400741385702204e+00 -1.578360064769698701e+00 1.000000000000000000e+00
2.573258656187329851e+00 4.115354476793550376e+00 -1.581778141885490152e+00 1.000000000000000000e+00
2.587554537610592842e+00 4.134244748344429787e+00 -1.585171826025581376e+00 1.000000000000000000e+00
2.601850419033855832e+00 4.153071264726986733e+00 -1.588541064855164109e+00 1.000000000000000000e+00
2.616146300457118823e+00 4.171833735613048155e+00 -1.591885806416408533e+00 1.000000000000000000e+00
2.630442181880381813e+00 4.190531871662102503e+00 -1.595205999129261754e+00 1.000000000000000000e+00
2.644738063303644360e+00 4.209165384525761944e+00 -1.598501591792244492e+00 1.000000000000000000e+00
2.659033944726907350e+00 4.227733986852206804e+00 -1.601772533583241342e+00 1.000000000000000000e+00
2.673329826150170341e+00 4.246237392290618473e+00 -1.605018774060283926e+00 1.000000000000000000e+00
2.687625707573433331e+00 4.264675315495596308e+00 -1.608240263162327821e+00 1.000000000000000000e+00
2.701921588996696322e+00 4.283047472131555011e+00 -1.611436951210025503e+00 1.000000000000000000e+00
2.716217470419959312e+00 4.301353578877111339e+00 -1.614608788906493508e+00 1.000000000000000000e+00
2.730513351843222303e+00 4.319593353429455718e+00 -1.617755727338070937e+00 1.000000000000000000e+00
2.744809233266485293e+00 4.337766514508698990e+00 -1.620877717975073962e+00 1.000000000000000000e+00
2.759105114689748284e+00 4.355872781862215604e+00 -1.623974712672544340e+00 1.000000000000000000e+00
2.773400996113011274e+00 4.373911876268965493e+00 -1.627046663670993487e+00 1.000000000000000000e+00
2.787696877536273821e+00 4.391883519543796410e+00 -1.630093523597136107e+00 1.000000000000000000e+00
2.801992758959536811e+00 4.409787434541739159e+00 -1.633115245464623611e+00 1.000000000000000000e+00
2.816288640382799802e+00 4.427623345162274404e+00 -1.636111782674766646e+00 1.000000000000000000e+00
2.830584521806062792e+00 4.445390976353596812e+00 -1.639083089017254080e+00 1.000000000000000000e+00
2.844880403229325783e+00 4.463090054116855221e+00 -1.642029118670866650e+00 1.000000000000000000e+00
2.859176284652588773e+00 4.480720305510372370e+00 -1.644949826204183285e+00 1.000000000000000000e+00
2.873472166075851764e+00 4.498281458653865528e+00 -1.647845166576279885e+00 1.000000000000000000e+00
2.887768047499114754e+00 4.515773242732627146e+00 -1.650715095137426536e+00 1.000000000000000000e+00
2.902063928922377745e+00 4.533195388001709070e+00 -1.653559567629774518e+00 1.000000000000000000e+00
2.916359810345640291e+00 4.550547625790078321e+00 -1.656378540188039095e+00 1.000000000000000000e+00
2.930655691768903282e+00 4.567829688504764007e+00 -1.659171969340176966e+00 1.000000000000000000e+00
2.944951573192166272e+00 4.585041309634977580e+00 -1.661939812008053741e+00 1.000000000000000000e+00
2.959247454615429263e+00 4.602182223756231316e+00 -1.664682025508112506e+00 1.000000000000000000e+00
2.973543336038692253e+00 4.619252166534425719e+00 -1.667398567552028199e+00 1.000000000000000000e+00
2.987839217461955243e+00 4.636250874729925364e+00 -1.670089396247362190e+00 1.000000000000000000e+00
3.002135098885218234e+00 4.653178086201622321e+00 -1.672754470098207547e+00 1.000000000000000000e+00
3.016430980308481224e+00 4.670033539910973808e+00 -1.675393748005828076e+00 1.000000000000000000e+00
3.030726861731744215e+00 4.686816975926034523e+00 -1.678007189269294264e+00 1.000000000000000000e+00
3.045022743155007205e+00 4.703528135425459666e+00 -1.680594753586107881e+00 1.000000000000000000e+00
3.059318624578269752e+00 4.720166760702494635e+00 -1.683156401052826823e+00 1.000000000000000000e+00
3.073614506001532742e+00 4.736732595168954951e+00 -1.685692092165678169e+00 1.000000000000000000e+00
3.087910387424795733e+00 4.753225383359182210e+00 -1.688201787821168143e+00 1.000000000000000000e+00
3.102206268848058723e+00 4.769644870933978709e+00 -1.690685449316684963e+00 1.000000000000000000e+00
3.116502150271321714e+00 4.785990804684534972e+00 -1.693143038351096141e+00 1.000000000000000000e+00
3.130798031694584704e+00 4.802262932536329743e+00 -1.695574517025338457e+00 1.000000000000000000e+00
3.145093913117847695e+00 4.818461003553024646e+00 -1.697979847843002821e+00 1.000000000000000000e+00
3.159389794541110685e+00 4.834584767940324213e+00 -1.700358993710912925e+00 1.000000000000000000e+00
3.173685675964373676e+00 4.850633977049836787e+00 -1.702711917939695452e+00 1.000000000000000000e+00
3.187981557387636222e+00 4.866608383382903469e+00 -1.705038584244348954e+00 1.000000000000000000e+00
3.202277438810899213e+00 4.882507740594419055e+00 -1.707338956744800296e+00 1.000000000000000000e+00
3.216573320234162203e+00 4.898331803496624559e+00 -1.709612999966460212e+00 1.000000000000000000e+00
3.230869201657425194e+00 4.914080328062895298e+00 -1.711860678840768646e+00 1.000000000000000000e+00
3.245165083080688184e+00 4.929753071431503209e+00 -1.714081958705736985e+00 1.000000000000000000e+00
3.259460964503951175e+00 4.945349791909352533e+00 -1.716276805306482300e+00 1.000000000000000000e+00
3.273756845927214165e+00 4.960870248975724373e+00 -1.718445184795754255e+00 1.000000000000000000e+00
3.288052727350477156e+00 4.976314203285967075e+00 -1.720587063734459132e+00 1.000000000000000000e+00
3.302348608773740146e+00 4.991681416675204375e+00 -1.722702409092173426e+00 1.000000000000000000e+00
3.316644490197003137e+00 5.006971652161992026e+00 -1.724791188247655871e+00 1.000000000000000000e+00
3.330940371620265683e+00 5.022184673951983314e+00 -1.726853368989347270e+00 1.000000000000000000e+00
3.345236253043528674e+00 5.037320247441566146e+00 -1.728888919515869649e+00 1.000000000000000000e+00
3.359532134466791664e+00 5.052378139221472608e+00 -1.730897808436515861e+00 1.000000000000000000e+00
3.373828015890054655e+00 5.067358117080384083e+00 -1.732880004771733651e+00 1.000000000000000000e+00
3.388123897313317645e+00 5.082259950008507943e+00 -1.734835477953603711e+00 1.000000000000000000e+00
3.402419778736580636e+00 5.097083408201150689e+00 -1.736764197826309974e+00 1.000000000000000000e+00
3.416715660159843626e+00 5.111828263062246691e+00 -1.738666134646606576e+00 1.000000000000000000e+00
3.431011541583106617e+00 5.126494287207893130e+00 -1.740541259084274595e+00 1.000000000000000000e+00
3.445307423006369607e+00 5.141081254469858308e+00 -1.742389542222575693e+00 1.000000000000000000e+00
3.459603304429632153e+00 5.155588939899055312e+00 -1.744210955558697318e+00 1.000000000000000000e+00
3.473899185852895144e+00 5.170017119769036995e+00 -1.746005471004193010e+00 1.000000000000000000e+00
3.488195067276158134e+00 5.184365571579415466e+00 -1.747773060885414065e+00 1.000000000000000000e+00
3.502490948699421125e+00 5.198634074059314436e+00 -1.749513697943938517e+00 1.000000000000000000e+00
3.516786830122684115e+00 5.212822407170776273e+00 -1.751227355336989255e+00 1.000000000000000000e+00
3.531082711545947106e+00 5.226930352112151290e+00 -1.752914006637849464e+00 1.000000000000000000e+00
3.545378592969210096e+00 5.240957691321477263e+00 -1.754573625836269857e+00 1.000000000000000000e+00
3.559674474392473087e+00 5.254904208479830530e+00 -1.756206187338869018e+00 1.000000000000000000e+00
3.573970355815736077e+00 5.268769688514661986e+00 -1.757811665969529313e+00 1.000000000000000000e+00
3.588266237238999068e+00 5.282553917603119764e+00 -1.759390036969783688e+00 1.000000000000000000e+00
3.602562118662261614e+00 5.296256683175338154e+00 -1.760941275999199140e+00 1.000000000000000000e+00
3.616858000085524605e+00 5.309877773917721200e+00 -1.762465359135750864e+00 1.000000000000000000e+00
3.631153881508787595e+00 5.323416979776200542e+00 -1.763962262876191733e+00 1.000000000000000000e+00
3.645449762932050586e+00 5.336874091959471045e+00 -1.765431964136413789e+00 1.000000000000000000e+00
3.659745644355313576e+00 5.350248902942216667e+00 -1.766874440251805733e+00 1.000000000000000000e+00
3.674041525778576567e+00 5.363541206468306122e+00 -1.768289668977601536e+00 1.000000000000000000e+00
3.688337407201839557e+00 5.376750797553977002e+00 -1.769677628489223498e+00 1.000000000000000000e+00
3.702633288625102548e+00 5.389877472490992361e+00 -1.771038297382618643e+00 1.000000000000000000e+00
3.716929170048365538e+00 5.402921028849786644e+00 -1.772371654674590014e+00 1.000000000000000000e+00
3.731225051471628085e+00 5.415881265482584972e+00 -1.773677679803118190e+00 1.000000000000000000e+00
3.745520932894891075e+00 5.428757982526506431e+00 -1.774956352627680145e+00 1.000000000000000000e+00
3.759816814318154066e+00 5.441550981406644283e+00 -1.776207653429559441e+00 1.000000000000000000e+00
3.774112695741417056e+00 5.454260064839130173e+00 -1.777431562912149543e+00 1.000000000000000000e+00
3.788408577164680047e+00 5.466885036834176148e+00 -1.778628062201252025e+00 1.000000000000000000e+00
3.802704458587943037e+00 5.479425702699096234e+00 -1.779797132845368113e+00 1.000000000000000000e+00
3.817000340011206028e+00 5.491881869041308484e+00 -1.780938756815982016e+00 1.000000000000000000e+00
3.831296221434469018e+00 5.504253343771320139e+00 -1.782052916507839813e+00 1.000000000000000000e+00
3.845592102857732009e+00 5.516539936105685271e+00 -1.783139594739221012e+00 1.000000000000000000e+00
3.859887984280994999e+00 5.528741456569952639e+00 -1.784198774752202565e+00 1.000000000000000000e+00
3.874183865704257546e+00 5.540857717001580696e+00 -1.785230440212918879e+00 1.000000000000000000e+00
3.888479747127520536e+00 5.552888530552845481e+00 -1.786234575211812059e+00 1.000000000000000000e+00
3.902775628550783527e+00 5.564833711693720097e+00 -1.787211164263878382e+00 1.000000000000000000e+00
3.917071509974046517e+00 5.576693076214734646e+00 -1.788160192308906327e+00 1.000000000000000000e+00
3.931367391397309508e+00 5.588466441229814841e+00 -1.789081644711709718e+00 1.000000000000000000e+00
3.945663272820572498e+00 5.600153625179111749e+00 -1.789975507262352439e+00 1.000000000000000000e+00
3.959959154243835489e+00 5.611754447831788895e+00 -1.790841766176368255e+00 1.000000000000000000e+00
3.974255035667098479e+00 5.623268730288809358e+00 -1.791680408094973309e+00 1.000000000000000000e+00
3.988550917090361470e+00 5.634696294985695353e+00 -1.792491420085271070e+00 1.000000000000000000e+00
4.002846798513624016e+00 5.646036965695261145e+00 -1.793274789640454392e+00 1.000000000000000000e+00
4.017142679936887006e+00 5.657290567530338876e+00 -1.794030504679994920e+00 1.000000000000000000e+00
4.031438561360149997e+00 5.668456926946461749e+00 -1.794758553549831825e+00 1.000000000000000000e+00
4.045734442783412987e+00 5.679535871744558762e+00 -1.795458925022551666e+00 1.000000000000000000e+00
4.060030324206675978e+00 5.690527231073592596e+00 -1.796131608297559135e+00 1.000000000000000000e+00
4.074326205629938968e+00 5.701430835433207278e+00 -1.796776593001246258e+00 1.000000000000000000e+00
4.088622087053201959e+00 5.712246516676332320e+00 -1.797393869187151161e+00 1.000000000000000000e+00
4.102917968476464949e+00 5.722974108011786853e+00 -1.797983427336111273e+00 1.000000000000000000e+00
4.117213849899727940e+00 5.733613444006841142e+00 -1.798545258356410548e+00 1.000000000000000000e+00
4.131509731322990930e+00 5.744164360589771867e+00 -1.799079353583920016e+00 1.000000000000000000e+00
4.145805612746253921e+00 5.754626695052392549e+00 -1.799585704782230122e+00 1.000000000000000000e+00
4.160101494169516911e+00 5.765000286052565315e+00 -1.800064304142779292e+00 1.000000000000000000e+00
4.174397375592779902e+00 5.775284973616681583e+00 -1.800515144284973168e+00 1.000000000000000000e+00
4.188693257016042892e+00 5.785480599142138303e+00 -1.800938218256298962e+00 1.000000000000000000e+00
4.202989138439304995e+00 5.795587005399776004e+00 -1.801333519532432925e+00 1.000000000000000000e+00
4.217285019862567985e+00 5.805604036536308854e+00 -1.801701042017340271e+00 1.000000000000000000e+00
4.231580901285830976e+00 5.815531538076724516e+00 -1.802040780043369539e+00 1.000000000000000000e+00
4.245876782709093966e+00 5.825369356926670683e+00 -1.802352728371340307e+00 1.000000000000000000e+00
4.260172664132356957e+00 5.835117341374806976e+00 -1.802636882190623124e+00 1.000000000000000000e+00
4.274468545555619947e+00 5.844775341095155952e+00 -1.802893237119215009e+00 1.000000000000000000e+00
4.288764426978882938e+00 5.854343207149415029e+00 -1.803121789203805392e+00 1.000000000000000000e+00
4.303060308402145928e+00 5.863820791989254211e+00 -1.803322534919838738e+00 1.000000000000000000e+00
4.317356189825408919e+00 5.873207949458588040e+00 -1.803495471171567610e+00 1.000000000000000000e+00
4.331652071248671909e+00 5.882504534795839568e+00 -1.803640595292101079e+00 1.000000000000000000e+00
4.345947952671934900e+00 5.891710404636159915e+00 -1.803757905043445797e+00 1.000000000000000000e+00
4.360243834095197890e+00 5.900825417013647822e+00 -1.803847398616539977e+00 1.000000000000000000e+00
4.374539715518460881e+00 5.909849431363538130e+00 -1.803909074631282472e+00 1.000000000000000000e+00
4.388835596941723871e+00 5.918782308524366265e+00 -1.803942932136552324e+00 1.000000000000000000e+00
4.403131478364986862e+00 5.927623910740114965e+00 -1.803948970610225633e+00 1.000000000000000000e+00
4.417427359788249852e+00 5.936374101662340586e+00 -1.803927189959180666e+00 1.000000000000000000e+00
4.431723241211512843e+00 5.945032746352275410e+00 -1.803877590519302965e+00 1.000000000000000000e+00
4.446019122634775833e+00 5.953599711282905993e+00 -1.803800173055476685e+00 1.000000000000000000e+00
4.460315004058038824e+00 5.962074864341035507e+00 -1.803694938761575051e+00 1.000000000000000000e+00
4.474610885481300926e+00 5.970458074829318562e+00 -1.803561889260441031e+00 1.000000000000000000e+00
4.488906766904563916e+00 5.978749213468281809e+00 -1.803401026603862478e+00 1.000000000000000000e+00
4.503202648327826907e+00 5.986948152398309908e+00 -1.803212353272540813e+00 1.000000000000000000e+00
4.517498529751089897e+00 5.995054765181620837e+00 -1.802995872176051950e+00 1.000000000000000000e+00
4.531794411174352888e+00 6.003068926804216332e+00 -1.802751586652802107e+00 1.000000000000000000e+00
4.546090292597615878e+00 6.010990513677811897e+00 -1.802479500469976514e+00 1.000000000000000000e+00
4.560386174020878869e+00 6.018819403641738397e+00 -1.802179617823480573e+00 1.000000000000000000e+00
4.574682055444141859e+00 6.026555475964826769e+00 -1.801851943337875683e+00 1.000000000000000000e+00
4.588977936867404850e+00 6.034198611347272312e+00 -1.801496482066307747e+00 1.000000000000000000e+00
4.603273818290667840e+00 6.041748691922474102e+00 -1.801113239490429008e+00 1.000000000000000000e+00
4.617569699713930831e+00 6.049205601258846876e+00 -1.800702221520314783e+00 1.000000000000000000e+00
4.631865581137193821e+00 6.056569224361624926e+00 -1.800263434494370207e+00 1.000000000000000000e+00
4.646161462560456812e+00 6.063839447674632233e+00 -1.799796885179233863e+00 1.000000000000000000e+00
4.660457343983719802e+00 6.071016159082029517e+00 -1.799302580769673421e+00 1.000000000000000000e+00
4.674753225406982793e+00 6.078099247910051517e+00 -1.798780528888474617e+00 1.000000000000000000e+00
4.689049106830245783e+00 6.085088604928701628e+00 -1.798230737586323125e+00 1.000000000000000000e+00
4.703344988253508774e+00 6.091984122353455433e+00 -1.797653215341680877e+00 1.000000000000000000e+00
4.717640869676771764e+00 6.098785693846897615e+00 -1.797047971060655280e+00 1.000000000000000000e+00
4.731936751100034755e+00 6.105493214520383738e+00 -1.796415014076861993e+00 1.000000000000000000e+00
4.746232632523296857e+00 6.112106580935648736e+00 -1.795754354151280818e+00 1.000000000000000000e+00
4.760528513946559848e+00 6.118625691106401199e+00 -1.795066001472104711e+00 1.000000000000000000e+00
4.774824395369822838e+00 6.125050444499896329e+00 -1.794349966654583906e+00 1.000000000000000000e+00
4.789120276793085829e+00 6.131380742038490261e+00 -1.793606260740860936e+00 1.000000000000000000e+00
4.803416158216348819e+00 6.137616486101163282e+00 -1.792834895199800771e+00 1.000000000000000000e+00
4.817712039639611810e+00 6.143757580525027961e+00 -1.792035881926814733e+00 1.000000000000000000e+00
4.832007921062874800e+00 6.149803930606813296e+00 -1.791209233243675536e+00 1.000000000000000000e+00
4.846303802486137791e+00 6.155755443104318658e+00 -1.790354961898328545e+00 1.000000000000000000e+00
4.860599683909400781e+00 6.161612026237859752e+00 -1.789473081064694604e+00 1.000000000000000000e+00
4.874895565332663772e+00 6.167373589691679925e+00 -1.788563604342467528e+00 1.000000000000000000e+00
4.889191446755926762e+00 6.173040044615343724e+00 -1.787626545756902940e+00 1.000000000000000000e+00
4.903487328179189753e+00 6.178611303625106466e+00 -1.786661919758604000e+00 1.000000000000000000e+00
4.917783209602452743e+00 6.184087280805261599e+00 -1.785669741223296469e+00 1.000000000000000000e+00
4.932079091025715734e+00 6.189467891709467651e+00 -1.784650025451600674e+00 1.000000000000000000e+00
4.946374972448978724e+00 6.194753053362046735e+00 -1.783602788168795472e+00 1.000000000000000000e+00
4.960670853872241715e+00 6.199942684259270642e+00 -1.782528045524575333e+00 1.000000000000000000e+00
4.974966735295504705e+00 6.205036704370608724e+00 -1.781425814092800985e+00 1.000000000000000000e+00
4.989262616718767696e+00 6.210035035139970461e+00 -1.780296110871244952e+00 1.000000000000000000e+00
5.003558498142030686e+00 6.214937599486912490e+00 -1.779138953281328650e+00 1.000000000000000000e+00
5.017854379565292788e+00 6.219744321807826992e+00 -1.777954359167853049e+00 1.000000000000000000e+00
5.032150260988555779e+00 6.224455127977108759e+00 -1.776742346798725114e+00 1.000000000000000000e+00
5.046446142411818769e+00 6.229069945348301829e+00 -1.775502934864674698e+00 1.000000000000000000e+00
5.060742023835081760e+00 6.233588702755211486e+00 -1.774236142478967215e+00 1.000000000000000000e+00
5.075037905258344750e+00 6.238011330513010044e+00 -1.772941989177108324e+00 1.000000000000000000e+00
5.089333786681607741e+00 6.242337760419304438e+00 -1.771620494916542832e+00 1.000000000000000000e+00
5.103629668104870731e+00 6.246567925755193151e+00 -1.770271680076347165e+00 1.000000000000000000e+00
5.117925549528133722e+00 6.250701761286295621e+00 -1.768895565456914509e+00 1.000000000000000000e+00
5.132221430951396712e+00 6.254739203263754987e+00 -1.767492172279634621e+00 1.000000000000000000e+00
5.146517312374659703e+00 6.258680189425218643e+00 -1.766061522186566535e+00 1.000000000000000000e+00
5.160813193797922693e+00 6.262524658995808124e+00 -1.764603637240104383e+00 1.000000000000000000e+00
5.175109075221185684e+00 6.266272552689042818e+00 -1.763118539922637673e+00 1.000000000000000000e+00
5.189404956644448674e+00 6.269923812707766331e+00 -1.761606253136203781e+00 1.000000000000000000e+00
5.203700838067711665e+00 6.273478382745035553e+00 -1.760066800202136461e+00 1.000000000000000000e+00
5.217996719490974655e+00 6.276936207984981309e+00 -1.758500204860703686e+00 1.000000000000000000e+00
5.232292600914237646e+00 6.280297235103660114e+00 -1.756906491270743942e+00 1.000000000000000000e+00
5.246588482337500636e+00 6.283561412269876634e+00 -1.755285684009292302e+00 1.000000000000000000e+00
5.260884363760763627e+00 6.286728689145982152e+00 -1.753637808071201176e+00 1.000000000000000000e+00
5.275180245184026617e+00 6.289799016888648175e+00 -1.751962888868757062e+00 1.000000000000000000e+00
5.289476126607288720e+00 6.292772348149621386e+00 -1.750260952231285305e+00 1.000000000000000000e+00
5.303772008030551710e+00 6.295648637076457277e+00 -1.748532024404754637e+00 1.000000000000000000e+00
5.318067889453814701e+00 6.298427839313222698e+00 -1.746776132051370611e+00 1.000000000000000000e+00
5.332363770877077691e+00 6.301109912001180646e+00 -1.744993302249165490e+00 1.000000000000000000e+00
5.346659652300340682e+00 6.303694813779451067e+00 -1.743183562491580574e+00 1.000000000000000000e+00
5.360955533723603672e+00 6.306182504785653009e+00 -1.741346940687041434e+00 1.000000000000000000e+00
5.375251415146866663e+00 6.308572946656511249e+00 -1.739483465158528253e+00 1.000000000000000000e+00
5.389547296570129653e+00 6.310866102528457589e+00 -1.737593164643139287e+00 1.000000000000000000e+00
5.403843177993392644e+00 6.313061937038190408e+00 -1.735676068291646335e+00 1.000000000000000000e+00
5.418139059416655634e+00 6.315160416323226222e+00 -1.733732205668047088e+00 1.000000000000000000e+00
5.432434940839918625e+00 6.317161508022416605e+00 -1.731761606749107951e+00 1.000000000000000000e+00
5.446730822263181615e+00 6.319065181276452670e+00 -1.729764301923901737e+00 1.000000000000000000e+00
5.461026703686444606e+00 6.320871406728339359e+00 -1.727740321993339601e+00 1.000000000000000000e+00
5.475322585109707596e+00 6.322580156523844863e+00 -1.725689698169696307e+00 1.000000000000000000e+00
5.489618466532970587e+00 6.324191404311933162e+00 -1.723612462076127505e+00 1.000000000000000000e+00
5.503914347956233577e+00 6.325705125245170812e+00 -1.721508645746183452e+00 1.000000000000000000e+00
5.518210229379496568e+00 6.327121295980107085e+00 -1.719378281623314741e+00 1.000000000000000000e+00
5.532506110802759558e+00 6.328439894677639010e+00 -1.717221402560371146e+00 1.000000000000000000e+00
5.546801992226022548e+00 6.329660901003341777e+00 -1.715038041819096692e+00 1.000000000000000000e+00
5.561097873649284651e+00 6.330784296127790256e+00 -1.712828233069614292e+00 1.000000000000000000e+00
5.575393755072547641e+00 6.331810062726838773e+00 -1.710592010389908824e+00 1.000000000000000000e+00
5.589689636495810632e+00 6.332738184981900886e+00 -1.708329408265299998e+00 1.000000000000000000e+00
5.603985517919073622e+00 6.333568648580178539e+00 -1.706040461587911894e+00 1.000000000000000000e+00
5.618281399342336613e+00 6.334301440714899201e+00 -1.703725205656134056e+00 1.000000000000000000e+00
5.632577280765599603e+00 6.334936550085502383e+00 -1.701383676174076376e+00 1.000000000000000000e+00
5.646873162188862594e+00 6.335473966897811948e+00 -1.699015909251020862e+00 1.000000000000000000e+00
5.661169043612125584e+00 6.335913682864199536e+00 -1.696621941400861866e+00 1.000000000000000000e+00
5.675464925035388575e+00 6.336255691203700913e+00 -1.694201809541545645e+00 1.000000000000000000e+00
5.689760806458651565e+00 6.336499986642121662e+00 -1.691755550994498813e+00 1.000000000000000000e+00
5.704056687881914556e+00 6.336646565412125121e+00 -1.689283203484054807e+00 1.000000000000000000e+00
5.718352569305177546e+00 6.336695425253286551e+00 -1.686784805136870125e+00 1.000000000000000000e+00
5.732648450728440537e+00 6.336646565412125121e+00 -1.684260394481338574e+00 1.000000000000000000e+00
5.746944332151703527e+00 6.336499986642121662e+00 -1.681710010446994863e+00 1.000000000000000000e+00
5.761240213574966518e+00 6.336255691203700913e+00 -1.679133692363916186e+00 1.000000000000000000e+00
5.775536094998229508e+00 6.335913682864199536e+00 -1.676531479962113824e+00 1.000000000000000000e+00
5.789831976421492499e+00 6.335473966897811948e+00 -1.673903413370922744e+00 1.000000000000000000e+00
5.804127857844755489e+00 6.334936550085502383e+00 -1.671249533118380315e+00 1.000000000000000000e+00
5.818423739268018480e+00 6.334301440714899201e+00 -1.668569880130603478e+00 1.000000000000000000e+00
5.832719620691280582e+00 6.333568648580178539e+00 -1.665864495731155914e+00 1.000000000000000000e+00
5.847015502114543573e+00 6.332738184981900886e+00 -1.663133421640411891e+00 1.000000000000000000e+00
5.861311383537806563e+00 6.331810062726838773e+00 -1.660376699974912329e+00 1.000000000000000000e+00
5.875607264961069554e+00 6.330784296127790256e+00 -1.657594373246715769e+00 1.000000000000000000e+00
5.889903146384332544e+00 6.329660901003341777e+00 -1.654786484362741783e+00 1.000000000000000000e+00
5.904199027807595535e+00 6.328439894677638122e+00 -1.651953076624110839e+00 1.000000000000000000e+00
5.918494909230858525e+00 6.327121295980107085e+00 -1.649094193725475499e+00 1.000000000000000000e+00
5.932790790654121516e+00 6.325705125245170812e+00 -1.646209879754346295e+00 1.000000000000000000e+00
5.947086672077384506e+00 6.324191404311933162e+00 -1.643300179190412935e+00 1.000000000000000000e+00
5.961382553500647496e+00 6.322580156523844863e+00 -1.640365136904857524e+00 1.000000000000000000e+00
5.975678434923910487e+00 6.320871406728339359e+00 -1.637404798159662889e+00 1.000000000000000000e+00
5.989974316347173477e+00 6.319065181276452670e+00 -1.634419208606914697e+00 1.000000000000000000e+00
6.004270197770436468e+00 6.317161508022416605e+00 -1.631408414288096909e+00 1.000000000000000000e+00
6.018566079193699458e+00 6.315160416323225334e+00 -1.628372461633383006e+00 1.000000000000000000e+00
6.032861960616962449e+00 6.313061937038190408e+00 -1.625311397460918350e+00 1.000000000000000000e+00
6.047157842040225439e+00 6.310866102528457589e+00 -1.622225268976098977e+00 1.000000000000000000e+00
6.061453723463488430e+00 6.308572946656511249e+00 -1.619114123770843960e+00 1.000000000000000000e+00
6.075749604886751420e+00 6.306182504785653009e+00 -1.615978009822861106e+00 1.000000000000000000e+00
6.090045486310014411e+00 6.303694813779451067e+00 -1.612816975494906435e+00 1.000000000000000000e+00
6.104341367733276513e+00 6.301109912001180646e+00 -1.609631069534041004e+00 1.000000000000000000e+00
6.118637249156539504e+00 6.298427839313222698e+00 -1.606420341070874835e+00 1.000000000000000000e+00
6.132933130579802494e+00 6.295648637076457277e+00 -1.603184839618813085e+00 1.000000000000000000e+00
6.147229012003065485e+00 6.292772348149621386e+00 -1.599924615073290424e+00 1.000000000000000000e+00
6.161524893426328475e+00 6.289799016888648175e+00 -1.596639717711002326e+00 1.000000000000000000e+00
6.175820774849591466e+00 6.286728689145982152e+00 -1.593330198189130131e+00 1.000000000000000000e+00
6.190116656272854456e+00 6.283561412269876634e+00 -1.589996107544558557e+00 1.000000000000000000e+00
6.204412537696117447e+00 6.280297235103660114e+00 -1.586637497193090329e+00 1.000000000000000000e+00
6.218708419119380437e+00 6.276936207984981309e+00 -1.583254418928651264e+00 1.000000000000000000e+00
6.233004300542643428e+00 6.273478382745035553e+00 -1.579846924922493567e+00 1.000000000000000000e+00
6.247300181965906418e+00 6.269923812707766331e+00 -1.576415067722390484e+00 1.000000000000000000e+00
6.261596063389169409e+00 6.266272552689042818e+00 -1.572958900251824721e+00 1.000000000000000000e+00
6.275891944812432399e+00 6.262524658995806348e+00 -1.569478475809174212e+00 1.000000000000000000e+00
6.290187826235695390e+00 6.258680189425218643e+00 -1.565973848066889662e+00 1.000000000000000000e+00
6.304483707658958380e+00 6.254739203263754987e+00 -1.562445071070666325e+00 1.000000000000000000e+00
6.318779589082221371e+00 6.250701761286295621e+00 -1.558892199238610665e+00 1.000000000000000000e+00
6.333075470505484361e+00 6.246567925755193151e+00 -1.555315287360401477e+00 1.000000000000000000e+00
6.347371351928747352e+00 6.242337760419302661e+00 -1.551714390596444781e+00 1.000000000000000000e+00
6.361667233352010342e+00 6.238011330513009156e+00 -1.548089564477023172e+00 1.000000000000000000e+00
6.375963114775272444e+00 6.233588702755211486e+00 -1.544440864901439614e+00 1.000000000000000000e+00
6.390258996198535435e+00 6.229069945348301829e+00 -1.540768348137155241e+00 1.000000000000000000e+00
6.404554877621798425e+00 6.224455127977110536e+00 -1.537072070818921166e+00 1.000000000000000000e+00
6.418850759045061416e+00 6.219744321807826992e+00 -1.533352089947906949e+00 1.000000000000000000e+00
6.433146640468324406e+00 6.214937599486912490e+00 -1.529608462890818865e+00 1.000000000000000000e+00
6.447442521891587397e+00 6.210035035139970461e+00 -1.525841247379017496e+00 1.000000000000000000e+00
6.461738403314850387e+00 6.205036704370607836e+00 -1.522050501507625997e+00 1.000000000000000000e+00
6.476034284738113378e+00 6.199942684259268866e+00 -1.518236283734635705e+00 1.000000000000000000e+00
6.490330166161376368e+00 6.194753053362046735e+00 -1.514398652880002416e+00 1.000000000000000000e+00
6.504626047584639359e+00 6.189467891709466763e+00 -1.510537668124741550e+00 1.000000000000000000e+00
6.518921929007902349e+00 6.184087280805261599e+00 -1.506653389010014665e+00 1.000000000000000000e+00
6.533217810431165340e+00 6.178611303625106466e+00 -1.502745875436210188e+00 1.000000000000000000e+00
6.547513691854428330e+00 6.173040044615343724e+00 -1.498815187662021264e+00 1.000000000000000000e+00
6.561809573277691321e+00 6.167373589691679925e+00 -1.494861386303516282e+00 1.000000000000000000e+00
6.576105454700954311e+00 6.161612026237859752e+00 -1.490884532333203172e+00 1.000000000000000000e+00
6.590401336124217302e+00 6.155755443104318658e+00 -1.486884687079089495e+00 1.000000000000000000e+00
6.604697217547480292e+00 6.149803930606813296e+00 -1.482861912223737644e+00 1.000000000000000000e+00
6.618993098970743283e+00 6.143757580525027961e+00 -1.478816269803311823e+00 1.000000000000000000e+00
6.633288980394006273e+00 6.137616486101163282e+00 -1.474747822206623038e+00 1.000000000000000000e+00
6.647584861817268376e+00 6.131380742038490261e+00 -1.470656632174166090e+00 1.000000000000000000e+00
6.661880743240531366e+00 6.125050444499896329e+00 -1.466542762797151900e+00 1.000000000000000000e+00
6.676176624663794357e+00 6.118625691106401199e+00 -1.462406277516536290e+00 1.000000000000000000e+00
6.690472506087057347e+00 6.112106580935648736e+00 -1.458247240122038546e+00 1.000000000000000000e+00
6.704768387510320338e+00 6.105493214520383738e+00 -1.454065714751160643e+00 1.000000000000000000e+00
6.719064268933583328e+00 6.098785693846896727e+00 -1.449861765888196485e+00 1.000000000000000000e+00
6.733360150356846319e+00 6.091984122353455433e+00 -1.445635458363238035e+00 1.000000000000000000e+00
6.747656031780109309e+00 6.085088604928701628e+00 -1.441386857351175665e+00 1.000000000000000000e+00
6.761951913203372300e+00 6.078099247910051517e+00 -1.437116028370692744e+00 1.000000000000000000e+00
6.776247794626635290e+00 6.071016159082029517e+00 -1.432823037283255330e+00 1.000000000000000000e+00
6.790543676049898281e+00 6.063839447674631344e+00 -1.428507950292096540e+00 1.000000000000000000e+00
6.804839557473161271e+00 6.056569224361624926e+00 -1.424170833941196035e+00 1.000000000000000000e+00
6.819135438896424262e+00 6.049205601258846876e+00 -1.419811755114253060e+00 1.000000000000000000e+00
6.833431320319687252e+00 6.041748691922474102e+00 -1.415430781033655716e+00 1.000000000000000000e+00
6.847727201742950243e+00 6.034198611347272312e+00 -1.411027979259443788e+00 1.000000000000000000e+00
6.862023083166213233e+00 6.026555475964826769e+00 -1.406603417688266910e+00 1.000000000000000000e+00
6.876318964589476224e+00 6.018819403641738397e+00 -1.402157164552338298e+00 1.000000000000000000e+00
6.890614846012739214e+00 6.010990513677811897e+00 -1.397689288418381581e+00 1.000000000000000000e+00
6.904910727436002205e+00 6.003068926804216332e+00 -1.393199858186573659e+00 1.000000000000000000e+00
6.919206608859264307e+00 5.995054765181620837e+00 -1.388688943089482430e+00 1.000000000000000000e+00
6.933502490282527297e+00 5.986948152398310796e+00 -1.384156612690998545e+00 1.000000000000000000e+00
6.947798371705790288e+00 5.978749213468283585e+00 -1.379602936885264031e+00 1.000000000000000000e+00
6.962094253129053278e+00 5.970458074829318562e+00 -1.375027985895592941e+00 1.000000000000000000e+00
6.976390134552316269e+00 5.962074864341034619e+00 -1.370431830273388885e+00 1.000000000000000000e+00
6.990686015975579259e+00 5.953599711282905993e+00 -1.365814540897057006e+00 1.000000000000000000e+00
7.004981897398842250e+00 5.945032746352275410e+00 -1.361176188970911971e+00 1.000000000000000000e+00
7.019277778822105240e+00 5.936374101662339697e+00 -1.356516846024077738e+00 1.000000000000000000e+00
7.033573660245368231e+00 5.927623910740114077e+00 -1.351836583909386880e+00 1.000000000000000000e+00
7.047869541668631221e+00 5.918782308524366265e+00 -1.347135474802270805e+00 1.000000000000000000e+00
7.062165423091894212e+00 5.909849431363538130e+00 -1.342413591199647538e+00 1.000000000000000000e+00
7.076461304515157202e+00 5.900825417013647822e+00 -1.337671005918803724e+00 1.000000000000000000e+00
7.090757185938420193e+00 5.891710404636159026e+00 -1.332907792096270638e+00 1.000000000000000000e+00
7.105053067361683183e+00 5.882504534795839568e+00 -1.328124023186698199e+00 1.000000000000000000e+00
7.119348948784946174e+00 5.873207949458588040e+00 -1.323319772961720320e+00 1.000000000000000000e+00
7.133644830208209164e+00 5.863820791989254211e+00 -1.318495115508819593e+00 1.000000000000000000e+00
7.147940711631472155e+00 5.854343207149415029e+00 -1.313650125230181542e+00 1.000000000000000000e+00
7.162236593054735145e+00 5.844775341095155952e+00 -1.308784876841550204e+00 1.000000000000000000e+00
7.176532474477998136e+00 5.835117341374806976e+00 -1.303899445371074162e+00 1.000000000000000000e+00
7.190828355901260238e+00 5.825369356926670683e+00 -1.298993906158150358e+00 1.000000000000000000e+00
7.205124237324523229e+00 5.815531538076725404e+00 -1.294068334852261470e+00 1.000000000000000000e+00
7.219420118747786219e+00 5.805604036536308854e+00 -1.289122807411810401e+00 1.000000000000000000e+00
7.233716000171049210e+00 5.795587005399776004e+00 -1.284157400102948543e+00 1.000000000000000000e+00
7.248011881594312200e+00 5.785480599142138303e+00 -1.279172189498398948e+00 1.000000000000000000e+00
7.262307763017575191e+00 5.775284973616681583e+00 -1.274167252476276158e+00 1.000000000000000000e+00
7.276603644440838181e+00 5.765000286052564427e+00 -1.269142666218900484e+00 1.000000000000000000e+00
7.290899525864101172e+00 5.754626695052392549e+00 -1.264098508211607186e+00 1.000000000000000000e+00
7.305195407287364162e+00 5.744164360589771867e+00 -1.259034856241553646e+00 1.000000000000000000e+00
7.319491288710627153e+00 5.733613444006841142e+00 -1.253951788396516109e+00 1.000000000000000000e+00
7.333787170133890143e+00 5.722974108011788630e+00 -1.248849383063690199e+00 1.000000000000000000e+00
7.348083051557153134e+00 5.712246516676332320e+00 -1.243727718928476556e+00 1.000000000000000000e+00
7.362378932980416124e+00 5.701430835433205502e+00 -1.238586874973273133e+00 1.000000000000000000e+00
7.376674814403679115e+00 5.690527231073592596e+00 -1.233426930476253069e+00 1.000000000000000000e+00
7.390970695826942105e+00 5.679535871744558762e+00 -1.228247965010142995e+00 1.000000000000000000e+00
7.405266577250205096e+00 5.668456926946462637e+00 -1.223050058440998011e+00 1.000000000000000000e+00
7.419562458673468086e+00 5.657290567530338876e+00 -1.217833290926966683e+00 1.000000000000000000e+00
7.433858340096731077e+00 5.646036965695261145e+00 -1.212597742917057575e+00 1.000000000000000000e+00
7.448154221519994067e+00 5.634696294985695353e+00 -1.207343495149898693e+00 1.000000000000000000e+00
7.462450102943256169e+00 5.623268730288809358e+00 -1.202070628652489814e+00 1.000000000000000000e+00
7.476745984366519160e+00 5.611754447831788895e+00 -1.196779224738954372e+00 1.000000000000000000e+00
7.491041865789782150e+00 5.600153625179111749e+00 -1.191469365009288017e+00 1.000000000000000000e+00
7.505337747213045141e+00 5.588466441229814841e+00 -1.186141131348094957e+00 1.000000000000000000e+00
7.519633628636308131e+00 5.576693076214734646e+00 -1.180794605923330520e+00 1.000000000000000000e+00
7.533929510059571122e+00 5.564833711693720097e+00 -1.175429871185030173e+00 1.000000000000000000e+00
7.548225391482834112e+00 5.552888530552844593e+00 -1.170047009864040088e+00 1.000000000000000000e+00
7.562521272906097103e+00 5.540857717001580696e+00 -1.164646104970741503e+00 1.000000000000000000e+00
7.576817154329360093e+00 5.528741456569952639e+00 -1.159227239793768183e+00 1.000000000000000000e+00
7.591113035752623084e+00 5.516539936105687048e+00 -1.153790497898725453e+00 1.000000000000000000e+00
7.605408917175886074e+00 5.504253343771320139e+00 -1.148335963126897896e+00 1.000000000000000000e+00
7.619704798599149065e+00 5.491881869041308484e+00 -1.142863719593959937e+00 1.000000000000000000e+00
7.634000680022412055e+00 5.479425702699096234e+00 -1.137373851688676663e+00 1.000000000000000000e+00
7.648296561445675046e+00 5.466885036834175260e+00 -1.131866444071601530e+00 1.000000000000000000e+00
7.662592442868938036e+00 5.454260064839130173e+00 -1.126341581673774073e+00 1.000000000000000000e+00
7.676888324292201027e+00 5.441550981406644283e+00 -1.120799349695405844e+00 1.000000000000000000e+00
7.691184205715464017e+00 5.428757982526506431e+00 -1.115239833604571462e+00 1.000000000000000000e+00
7.705480087138727008e+00 5.415881265482584972e+00 -1.109663119135884779e+00 1.000000000000000000e+00
7.719775968561989998e+00 5.402921028849785756e+00 -1.104069292289182602e+00 1.000000000000000000e+00
7.734071849985252101e+00 5.389877472490992361e+00 -1.098458439328195313e+00 1.000000000000000000e+00
7.748367731408515091e+00 5.376750797553977002e+00 -1.092830646779215931e+00 1.000000000000000000e+00
7.762663612831778082e+00 5.363541206468306122e+00 -1.087186001429766957e+00 1.000000000000000000e+00
7.776959494255041072e+00 5.350248902942216667e+00 -1.081524590327263224e+00 1.000000000000000000e+00
7.791255375678304063e+00 5.336874091959471045e+00 -1.075846500777666748e+00 1.000000000000000000e+00
7.805551257101567053e+00 5.323416979776200542e+00 -1.070151820344143800e+00 1.000000000000000000e+00
7.819847138524830044e+00 5.309877773917721200e+00 -1.064440636845709554e+00 1.000000000000000000e+00
7.834143019948093034e+00 5.296256683175338154e+00 -1.058713038355879377e+00 1.000000000000000000e+00
7.848438901371356025e+00 5.282553917603120652e+00 -1.052969113201308371e+00 1.000000000000000000e+00
7.862734782794619015e+00 5.268769688514661986e+00 -1.047208949960426461e+00 1.000000000000000000e+00
7.877030664217882006e+00 5.254904208479830530e+00 -1.041432637462077482e+00 1.000000000000000000e+00
7.891326545641144996e+00 5.240957691321477263e+00 -1.035640264784145170e+00 1.000000000000000000e+00
7.905622427064407987e+00 5.226930352112150402e+00 -1.029831921252181814e+00 1.000000000000000000e+00
7.919918308487670977e+00 5.212822407170776273e+00 -1.024007696438030690e+00 1.000000000000000000e+00
7.934214189910933968e+00 5.198634074059313548e+00 -1.018167680158442279e+00 1.000000000000000000e+00
7.948510071334196958e+00 5.184365571579415466e+00 -1.012311962473693150e+00 1.000000000000000000e+00
7.962805952757459949e+00 5.170017119769036107e+00 -1.006440633686192854e+00 1.000000000000000000e+00
7.977101834180722939e+00 5.155588939899057088e+00 -1.000553784339095253e+00 1.000000000000000000e+00
7.991397715603985930e+00 5.141081254469855644e+00 -9.946515052148987568e-01 1.000000000000000000e+00
8.005693597027248032e+00 5.126494287207893130e+00 -9.887338873340499878e-01 1.000000000000000000e+00
8.019989478450511911e+00 5.111828263062245803e+00 -9.828010219535360248e-01 1.000000000000000000e+00
8.034285359873774013e+00 5.097083408201151578e+00 -9.768530005654816328e-01 1.000000000000000000e+00
8.048581241297037892e+00 5.082259950008507943e+00 -9.708899148957331748e-01 1.000000000000000000e+00
8.062877122720299994e+00 5.067358117080384083e+00 -9.649118569024497383e-01 1.000000000000000000e+00
8.077173004143563873e+00 5.052378139221472608e+00 -9.589189187746796073e-01 1.000000000000000000e+00
8.091468885566825975e+00 5.037320247441566146e+00 -9.529111929309429518e-01 1.000000000000000000e+00
8.105764766990089853e+00 5.022184673951982425e+00 -9.468887720178041922e-01 1.000000000000000000e+00
8.120060648413351956e+00 5.006971652161991138e+00 -9.408517489084443630e-01 1.000000000000000000e+00
8.134356529836614058e+00 4.991681416675204375e+00 -9.348002167012275931e-01 1.000000000000000000e+00
8.148652411259877937e+00 4.976314203285967075e+00 -9.287342687182656986e-01 1.000000000000000000e+00
8.162948292683140039e+00 4.960870248975724373e+00 -9.226539985039817759e-01 1.000000000000000000e+00
8.177244174106403918e+00 4.945349791909352533e+00 -9.165594998236632485e-01 1.000000000000000000e+00
8.191540055529666020e+00 4.929753071431503209e+00 -9.104508666620202417e-01 1.000000000000000000e+00
8.205835936952929899e+00 4.914080328062895298e+00 -9.043281932217311914e-01 1.000000000000000000e+00
8.220131818376192001e+00 4.898331803496625447e+00 -8.981915739219962225e-01 1.000000000000000000e+00
8.234427699799455880e+00 4.882507740594419055e+00 -8.920411033970749859e-01 1.000000000000000000e+00
8.248723581222717982e+00 4.866608383382904357e+00 -8.858768764948327101e-01 1.000000000000000000e+00
8.263019462645981861e+00 4.850633977049836787e+00 -8.796989882752724865e-01 1.000000000000000000e+00
8.277315344069243963e+00 4.834584767940323324e+00 -8.735075340090736606e-01 1.000000000000000000e+00
8.291611225492507842e+00 4.818461003553021982e+00 -8.673026091761202316e-01 1.000000000000000000e+00
8.305907106915769944e+00 4.802262932536329743e+00 -8.610843094640296957e-01 1.000000000000000000e+00
8.320202988339033823e+00 4.785990804684533195e+00 -8.548527307666746733e-01 1.000000000000000000e+00
8.334498869762295925e+00 4.769644870933978709e+00 -8.486079691827088656e-01 1.000000000000000000e+00
8.348794751185559804e+00 4.753225383359181322e+00 -8.423501210140795781e-01 1.000000000000000000e+00
8.363090632608821906e+00 4.736732595168954951e+00 -8.360792827645483483e-01 1.000000000000000000e+00
8.377386514032085785e+00 4.720166760702492859e+00 -8.297955511381969185e-01 1.000000000000000000e+00
8.391682395455347887e+00 4.703528135425459666e+00 -8.234990230379417575e-01 1.000000000000000000e+00
8.405978276878609989e+00 4.686816975926036299e+00 -8.171897955640347044e-01 1.000000000000000000e+00
8.420274158301873868e+00 4.670033539910973808e+00 -8.108679660125676092e-01 1.000000000000000000e+00
8.434570039725135970e+00 4.653178086201623209e+00 -8.045336318739738646e-01 1.000000000000000000e+00
8.448865921148399849e+00 4.636250874729926252e+00 -7.981868908315206124e-01 1.000000000000000000e+00
8.463161802571661951e+00 4.619252166534427495e+00 -7.918278407598072777e-01 1.000000000000000000e+00
8.477457683994925830e+00 4.602182223756230428e+00 -7.854565797232504476e-01 1.000000000000000000e+00
8.491753565418187932e+00 4.585041309634977580e+00 -7.790732059745796301e-01 1.000000000000000000e+00
8.506049446841451811e+00 4.567829688504762231e+00 -7.726778179533126956e-01 1.000000000000000000e+00
8.520345328264713913e+00 4.550547625790078321e+00 -7.662705142842458628e-01 1.000000000000000000e+00
8.534641209687977792e+00 4.533195388001707293e+00 -7.598513937759262538e-01 1.000000000000000000e+00
8.548937091111239894e+00 4.515773242732627146e+00 -7.534205554191345522e-01 1.000000000000000000e+00
8.563232972534503773e+00 4.498281458653864640e+00 -7.469780983853520073e-01 1.000000000000000000e+00
8.577528853957765875e+00 4.480720305510372370e+00 -7.405241220252373191e-01 1.000000000000000000e+00
8.591824735381029754e+00 4.463090054116853445e+00 -7.340587258670883131e-01 1.000000000000000000e+00
8.606120616804291856e+00 4.445390976353597701e+00 -7.275820096153134964e-01 1.000000000000000000e+00
8.620416498227555735e+00 4.427623345162274404e+00 -7.210940731488879596e-01 1.000000000000000000e+00
8.634712379650817837e+00 4.409787434541740048e+00 -7.145950165198193815e-01 1.000000000000000000e+00
8.649008261074081716e+00 4.391883519543794634e+00 -7.080849399515984910e-01 1.000000000000000000e+00
8.663304142497343818e+00 4.373911876268963717e+00 -7.015639438376624071e-01 1.000000000000000000e+00
8.677600023920605921e+00 4.355872781862215604e+00 -6.950321287398365522e-01 1.000000000000000000e+00
8.691895905343869799e+00 4.337766514508697213e+00 -6.884895953867891105e-01 1.000000000000000000e+00
8.706191786767131902e+00 4.319593353429455718e+00 -6.819364446724794915e-01 1.000000000000000000e+00
8.720487668190395780e+00 4.301353578877111339e+00 -6.753727776545969119e-01 1.000000000000000000e+00
8.734783549613657883e+00 4.283047472131555899e+00 -6.687986955530076383e-01 1.000000000000000000e+00
8.749079431036921761e+00 4.264675315495596308e+00 -6.622142997481890170e-01 1.000000000000000000e+00
8.763375312460183864e+00 4.246237392290618473e+00 -6.556196917796709434e-01 1.000000000000000000e+00
8.777671193883447742e+00 4.227733986852206804e+00 -6.490149733444647850e-01 1.000000000000000000e+00
8.791967075306709845e+00 4.209165384525761944e+00 -6.424002462955007431e-01 1.000000000000000000e+00
8.806262956729973723e+00 4.190531871662101615e+00 -6.357756126400511132e-01 1.000000000000000000e+00
8.820558838153235826e+00 4.171833735613049043e+00 -6.291411745381636500e-01 1.000000000000000000e+00
8.834854719576499704e+00 4.153071264726984069e+00 -6.224970343010786111e-01 1.000000000000000000e+00
8.849150600999761807e+00 4.134244748344428899e+00 -6.158432943896609002e-01 1.000000000000000000e+00
8.863446482423025685e+00 4.115354476793548599e+00 -6.091800574128084511e-01 1.000000000000000000e+00
8.877742363846287788e+00 4.096400741385702204e+00 -6.025074261258799302e-01 1.000000000000000000e+00
8.892038245269551666e+00 4.077383834410933439e+00 -5.958255034291026764e-01 1.000000000000000000e+00
8.906334126692813768e+00 4.058304049133475644e+00 -5.891343923659920767e-01 1.000000000000000000e+00
8.920630008116077647e+00 4.039161679787218517e+00 -5.824341961217567309e-01 1.000000000000000000e+00
8.934925889539339749e+00 4.019957021571181066e+00 -5.757250180217123869e-01 1.000000000000000000e+00
8.949221770962601852e+00 4.000690370644945482e+00 -5.690069615296846628e-01 1.000000000000000000e+00
8.963517652385865730e+00 3.981362024124106114e+00 -5.622801302464142115e-01 1.000000000000000000e+00
8.977813533809127833e+00 3.961972280075677144e+00 -5.555446279079626626e-01 1.000000000000000000e+00
8.992109415232391711e+00 3.942521437513494487e+00 -5.488005583841064627e-01 1.000000000000000000e+00
9.006405296655653814e+00 3.923009796393616355e+00 -5.420480256767422622e-01 1.000000000000000000e+00
9.020701178078917692e+00 3.903437657609680311e+00 -5.352871339182754262e-01 1.000000000000000000e+00
9.034997059502179795e+00 3.883805322988285624e+00 -5.285179873700234232e-01 1.000000000000000000e+00
9.049292940925443673e+00 3.864113095284314348e+00 -5.217406904205974527e-01 1.000000000000000000e+00
9.063588822348705776e+00 3.844361278176279484e+00 -5.149553475843021699e-01 1.000000000000000000e+00
9.077884703771969654e+00 3.824550176261632295e+00 -5.081620634995163144e-01 1.000000000000000000e+00
9.092180585195231757e+00 3.804680095052076272e+00 -5.013609429270857731e-01 1.000000000000000000e+00
9.106476466618495635e+00 3.784751340968839806e+00 -4.945520907487016005e-01 1.000000000000000000e+00
9.120772348041757738e+00 3.764764221337967953e+00 -4.877356119652886957e-01 1.000000000000000000e+00
9.135068229465021616e+00 3.744719044385565798e+00 -4.809116116953809916e-01 1.000000000000000000e+00
9.149364110888283719e+00 3.724616119233064016e+00 -4.740801951735058029e-01 1.000000000000000000e+00
9.163659992311547597e+00 3.704455755892432478e+00 -4.672414677485551837e-01 1.000000000000000000e+00
9.177955873734809700e+00 3.684238265261416512e+00 -4.603955348821673899e-01 1.000000000000000000e+00
9.192251755158073578e+00 3.663963959118728297e+00 -4.535425021470939067e-01 1.000000000000000000e+00
9.206547636581335681e+00 3.643633150119254704e+00 -4.466824752255801889e-01 1.000000000000000000e+00
9.220843518004597783e+00 3.623246151789218938e+00 -4.398155599077259170e-01 1.000000000000000000e+00
9.235139399427861662e+00 3.602803278521351515e+00 -4.329418620898594638e-01 1.000000000000000000e+00
9.249435280851123764e+00 3.582304845570051466e+00 -4.260614877729058114e-01 1.000000000000000000e+00
9.263731162274387643e+00 3.561751169046509347e+00 -4.191745430607467515e-01 1.000000000000000000e+00
9.278027043697649745e+00 3.541142565913847129e+00 -4.122811341585910228e-01 1.000000000000000000e+00
9.292322925120913624e+00 3.520479353982215454e+00 -4.053813673713296817e-01 1.000000000000000000e+00
9.306618806544175726e+00 3.499761851903906429e+00 -3.984753491019037974e-01 1.000000000000000000e+00
9.320914687967439605e+00 3.478990379168428682e+00 -3.915631858496564366e-01 1.000000000000000000e+00
9.335210569390701707e+00 3.458165256097590401e+00 -3.846449842086974713e-01 1.000000000000000000e+00
9.349506450813965586e+00 3.437286803840547300e+00 -3.777208508662526776e-01 1.000000000000000000e+00
9.363802332237227688e+00 3.416355344368865232e+00 -3.707908926010254902e-01 1.000000000000000000e+00
9.378098213660491567e+00 3.395371200471538842e+00 -3.638552162815434365e-01 1.000000000000000000e+00
9.392394095083753669e+00 3.374334695750026203e+00 -3.569139288645160613e-01 1.000000000000000000e+00
9.406689976507017548e+00 3.353246154613255481e+00 -3.499671373931820817e-01 1.000000000000000000e+00
9.420985857930279650e+00 3.332105902272620934e+00 -3.430149489956603737e-01 1.000000000000000000e+00
9.435281739353543529e+00 3.310914264736959378e+00 -3.360574708832946844e-01 1.000000000000000000e+00
9.449577620776805631e+00 3.289671568807543078e+00 -3.290948103490058951e-01 1.000000000000000000e+00
9.463873502200069510e+00 3.268378142073015358e+00 -3.221270747656311828e-01 1.000000000000000000e+00
9.478169383623331612e+00 3.247034312904364395e+00 -3.151543715842741733e-01 1.000000000000000000e+00
9.492465265046593714e+00 3.225640410449835294e+00 -3.081768083326428820e-01 1.000000000000000000e+00
9.506761146469857593e+00 3.204196764629867911e+00 -3.011944926133934830e-01 1.000000000000000000e+00
9.521057027893119695e+00 3.182703706132012922e+00 -2.942075321024734680e-01 1.000000000000000000e+00
9.535352909316383574e+00 3.161161566405815027e+00 -2.872160345474557008e-01 1.000000000000000000e+00
9.549648790739645676e+00 3.139570677657722797e+00 -2.802201077658827977e-01 1.000000000000000000e+00
9.563944672162909555e+00 3.117931372845945681e+00 -2.732198596435986282e-01 1.000000000000000000e+00
9.578240553586171657e+00 3.096243985675337207e+00 -2.662153981330905861e-01 1.000000000000000000e+00
9.592536435009435536e+00 3.074508850592229336e+00 -2.592068312518175932e-01 1.000000000000000000e+00
9.606832316432697638e+00 3.052726302779301459e+00 -2.521942670805542019e-01 1.000000000000000000e+00
9.621128197855961517e+00 3.030896678150380996e+00 -2.451778137617124653e-01 1.000000000000000000e+00
9.635424079279223619e+00 3.009020313345287523e+00 -2.381575794976839855e-01 1.000000000000000000e+00
9.649719960702487498e+00 2.987097545724625380e+00 -2.311336725491639210e-01 1.000000000000000000e+00
9.664015842125749600e+00 2.965128713364595381e+00 -2.241062012334880393e-01 1.000000000000000000e+00
9.678311723549013479e+00 2.943114155051763881e+00 -2.170752739229557804e-01 1.000000000000000000e+00
9.692607604972275581e+00 2.921054210277859831e+00 -2.100409990431655327e-01 1.000000000000000000e+00
9.706903486395539460e+00 2.898949219234514540e+00 -2.030034850713361982e-01 1.000000000000000000e+00
9.721199367818801562e+00 2.876799522808039633e+00 -1.959628405346406088e-01 1.000000000000000000e+00
9.735495249242065441e+00 2.854605462574151709e+00 -1.889191740085256199e-01 1.000000000000000000e+00
9.749791130665327543e+00 2.832367380792718325e+00 -1.818725941150441117e-01 1.000000000000000000e+00
9.764087012088589645e+00 2.810085620402467566e+00 -1.748232095211742498e-01 1.000000000000000000e+00
9.778382893511853524e+00 2.787760525015704260e+00 -1.677711289371453807e-01 1.000000000000000000e+00
9.792678774935115626e+00 2.765392438913027551e+00 -1.607164611147671729e-01 1.000000000000000000e+00
9.806974656358379505e+00 2.742981707037986272e+00 -1.536593148457420510e-01 1.000000000000000000e+00
9.821270537781641607e+00 2.720528674991795182e+00 -1.465997989599971962e-01 1.000000000000000000e+00
9.835566419204905486e+00 2.698033689027980131e+00 -1.395380223239990336e-01 1.000000000000000000e+00
9.849862300628167588e+00 2.675497096047056544e+00 -1.324740938390806533e-01 1.000000000000000000e+00
9.864158182051431467e+00 2.652919243591161713e+00 -1.254081224397562699e-01 1.000000000000000000e+00
9.878454063474693569e+00 2.630300479838715955e+00 -1.183402170920474367e-01 1.000000000000000000e+00
9.892749944897957448e+00 2.607641153599032702e+00 -1.112704867917964358e-01 1.000000000000000000e+00
9.907045826321219550e+00 2.584941614306957902e+00 -1.041990405629917710e-01 1.000000000000000000e+00
9.921341707744483429e+00 2.562202212017463676e+00 -9.712598745608050366e-02 1.000000000000000000e+00
9.935637589167745531e+00 2.539423297400267288e+00 -9.005143654629288452e-02 1.000000000000000000e+00
9.949933470591009410e+00 2.516605221734404374e+00 -8.297549693195321874e-02 1.000000000000000000e+00
9.964229352014271512e+00 2.493748336902839036e+00 -7.589827773280688472e-02 1.000000000000000000e+00
9.978525233437535391e+00 2.470852995387002426e+00 -6.881988808832648075e-02 1.000000000000000000e+00
9.992821114860797493e+00 2.447919550261389077e+00 -6.174043715603831639e-02 1.000000000000000000e+00
1.000711699628406137e+01 2.424948355188087490e+00 -5.466003410983184818e-02 1.000000000000000000e+00
1.002141287770732347e+01 2.401939764411348488e+00 -4.757878813828253506e-02 1.000000000000000000e+00
1.003570875913058558e+01 2.378894132752101154e+00 -4.049680844296237037e-02 1.000000000000000000e+00
1.005000464055384946e+01 2.355811815602493198e+00 -3.341420423675828949e-02 1.000000000000000000e+00
1.006430052197711156e+01 2.332693168920412230e+00 -2.633108474219033115e-02 1.000000000000000000e+00
1.007859640340037544e+01 2.309538549223986159e+00 -1.924755918972175656e-02 1.000000000000000000e+00
1.009289228482363754e+01 2.286348313586098691e+00 -1.216373681608090909e-02 1.000000000000000000e+00
1.010718816624690142e+01 2.263122819628865301e+00 -5.079726862570302197e-03 1.000000000000000000e+00
1.012148404767016352e+01 2.239862425518140743e+00 2.004361426611644958e-03 1.000000000000000000e+00
1.013577992909342740e+01 2.216567489957967041e+00 9.088418806062483271e-03 1.000000000000000000e+00
1.015007581051668950e+01 2.193238372185079665e+00 1.617233603085082433e-02 1.000000000000000000e+00
1.016437169193995338e+01 2.169875431963325774e+00 2.325600385821223817e-02 1.000000000000000000e+00
1.017866757336321548e+01 2.146479029578149955e+00 3.033931304922431182e-02 1.000000000000000000e+00
1.019296345478647936e+01 2.123049525831015139e+00 3.742215437049845744e-02 1.000000000000000000e+00
1.020725933620974146e+01 2.099587282033857250e+00 4.450441859585799881e-02 1.000000000000000000e+00
1.022155521763300534e+01 2.076092660003495016e+00 5.158599650802901670e-02 1.000000000000000000e+00
1.023585109905626744e+01 2.052566022056069528e+00 5.866677890031817000e-02 1.000000000000000000e+00
1.025014698047953132e+01 2.029007731001435832e+00 6.574665657830321142e-02 1.000000000000000000e+00
1.026444286190279342e+01 2.005418150137591837e+00 7.282552036151056229e-02 1.000000000000000000e+00
1.027873874332605730e+01 1.981797643245049256e+00 7.990326108510527325e-02 1.000000000000000000e+00
1.029303462474931941e+01 1.958146574581250299e+00 8.697976960156822424e-02 1.000000000000000000e+00
1.030733050617258151e+01 1.934465308874929734e+00 9.405493678238482924e-02 1.000000000000000000e+00
1.032162638759584539e+01 1.910754211320492724e+00 1.011286535197263581e-01 1.000000000000000000e+00
1.033592226901910749e+01 1.887013647572407748e+00 1.082008107281269421e-01 1.000000000000000000e+00
1.035021815044237137e+01 1.863243983739527376e+00 1.152712993461761093e-01 1.000000000000000000e+00
1.036451403186563347e+01 1.839445586379478526e+00 1.223400103381912102e-01 1.000000000000000000e+00
1.037880991328889735e+01 1.815618822492982343e+00 1.294068346959059146e-01 1.000000000000000000e+00
1.039310579471215945e+01 1.791764059518219154e+00 1.364716634401449136e-01 1.000000000000000000e+00
1.040740167613542333e+01 1.767881665325137464e+00 1.435343876225110560e-01 1.000000000000000000e+00
1.042169755755868543e+01 1.743972008209806246e+00 1.505948983270587183e-01 1.000000000000000000e+00
1.043599343898194931e+01 1.720035456888709291e+00 1.576530866719802748e-01 1.000000000000000000e+00
1.045028932040521141e+01 1.696072380493085285e+00 1.647088438112783992e-01 1.000000000000000000e+00
1.046458520182847529e+01 1.672083148563209498e+00 1.717620609364512163e-01 1.000000000000000000e+00
1.047888108325173739e+01 1.648068131042721429e+00 1.788126292781638538e-01 1.000000000000000000e+00
1.049317696467500127e+01 1.624027698272892062e+00 1.858604401079320956e-01 1.000000000000000000e+00
1.050747284609826337e+01 1.599962220986937744e+00 1.929053847397935728e-01 1.000000000000000000e+00
1.052176872752152725e+01 1.575872070304288775e+00 1.999473545319870593e-01 1.000000000000000000e+00
1.053606460894478936e+01 1.551757617724871752e+00 2.069862408886262162e-01 1.000000000000000000e+00
1.055036049036805323e+01 1.527619235123371499e+00 2.140219352613775550e-01 1.000000000000000000e+00
1.056465637179131534e+01 1.503457294743513639e+00 2.210543291511286312e-01 1.000000000000000000e+00
1.057895225321457744e+01 1.479272169192305642e+00 2.280833141096669792e-01 1.000000000000000000e+00
1.059324813463784132e+01 1.455064231434299193e+00 2.351087817413501091e-01 1.000000000000000000e+00
1.060754401606110342e+01 1.430833854785846793e+00 2.421306237047746168e-01 1.000000000000000000e+00
1.062183989748436730e+01 1.406581412909325479e+00 2.491487317144525926e-01 1.000000000000000000e+00
1.063613577890762940e+01 1.382307279807395872e+00 2.561629975424750683e-01 1.000000000000000000e+00
1.065043166033089328e+01 1.358011829817213467e+00 2.631733130201875936e-01 1.000000000000000000e+00
1.066472754175415538e+01 1.333695437604677458e+00 2.701795700398516575e-01 1.000000000000000000e+00
1.067902342317741926e+01 1.309358478158631378e+00 2.771816605563184321e-01 1.000000000000000000e+00
1.069331930460068136e+01 1.285001326785098597e+00 2.841794765886895280e-01 1.000000000000000000e+00
1.070761518602394524e+01 1.260624359101484737e+00 2.911729102219848264e-01 1.000000000000000000e+00
1.072191106744720734e+01 1.236227951030789862e+00 2.981618536088057603e-01 1.000000000000000000e+00
1.073620694887047122e+01 1.211812478795800674e+00 3.051461989710010925e-01 1.000000000000000000e+00
1.075050283029373333e+01 1.187378318913307806e+00 3.121258386013237018e-01 1.000000000000000000e+00
1.076479871171699720e+01 1.162925848188277822e+00 3.191006648650979161e-01 1.000000000000000000e+00
1.077909459314025931e+01 1.138455443708064063e+00 3.260705702018727448e-01 1.000000000000000000e+00
1.079339047456352318e+01 1.113967482836569101e+00 3.330354471270874361e-01 1.000000000000000000e+00
1.080768635598678529e+01 1.089462343208448258e+00 3.399951882337222675e-01 1.000000000000000000e+00
1.082198223741004917e+01 1.064940402723263402e+00 3.469496861939611598e-01 1.000000000000000000e+00
1.083627811883331127e+01 1.040402039539677359e+00 3.538988337608411361e-01 1.000000000000000000e+00
1.085057400025657337e+01 1.015847632069603490e+00 3.608425237699107169e-01 1.000000000000000000e+00
1.086486988167983725e+01 9.912775589723769043e-01 3.677806491408812661e-01 1.000000000000000000e+00
1.087916576310309935e+01 9.666921991489251242e-01 3.747131028792749508e-01 1.000000000000000000e+00
1.089346164452636323e+01 9.420919317359018885e-01 3.816397780780816928e-01 1.000000000000000000e+00
1.090775752594962533e+01 9.174771360998735803e-01 3.885605679193979700e-01 1.000000000000000000e+00
1.092205340737288921e+01 8.928481918314307153e-01 3.954753656760855440e-01 1.000000000000000000e+00
1.093634928879615131e+01 8.682054787393671536e-01 4.023840647134073190e-01 1.000000000000000000e+00
1.095064517021941519e+01 8.435493768447972496e-01 4.092865584906792420e-01 1.000000000000000000e+00
1.096494105164267729e+01 8.188802663753190769e-01 4.161827405629069387e-01 1.000000000000000000e+00
1.097923693306594117e+01 7.941985277591273595e-01 4.230725045824334507e-01 1.000000000000000000e+00
1.099353281448920328e+01 7.695045416191703680e-01 4.299557443005728730e-01 1.000000000000000000e+00
1.100782869591246715e+01 7.447986887672564116e-01 4.368323535692554827e-01 1.000000000000000000e+00
1.102212457733572926e+01 7.200813501982047393e-01 4.437022263426579904e-01 1.000000000000000000e+00
1.103642045875899314e+01 6.953529070839471471e-01 4.505652566788453384e-01 1.000000000000000000e+00
1.105071634018225524e+01 6.706137407676726614e-01 4.574213387413982312e-01 1.000000000000000000e+00
1.106501222160551912e+01 6.458642327579214859e-01 4.642703668010520479e-01 1.000000000000000000e+00
1.107930810302878122e+01 6.211047647227346813e-01 4.711122352373187105e-01 1.000000000000000000e+00
1.109360398445204510e+01 5.963357184837300151e-01 4.779468385401251518e-01 1.000000000000000000e+00
1.110789986587530720e+01 5.715574760102467566e-01 4.847740713114321864e-01 1.000000000000000000e+00
1.112219574729856930e+01 5.467704194134331841e-01 4.915938282668656512e-01 1.000000000000000000e+00
1.113649162872183318e+01 5.219749309403622917e-01 4.984060042373374966e-01 1.000000000000000000e+00
1.115078751014509528e+01 4.971713929681455535e-01 5.052104941706656582e-01 1.000000000000000000e+00
1.116508339156835916e+01 4.723601879980160456e-01 5.120071931331996451e-01 1.000000000000000000e+00
1.117937927299162126e+01 4.475416986494531457e-01 5.187959963114314732e-01 1.000000000000000000e+00
1.119367515441488514e+01 4.227163076542589937e-01 5.255767990136199774e-01 1.000000000000000000e+00
1.120797103583814724e+01 3.978843978506785284e-01 5.323494966713974152e-01 1.000000000000000000e+00
1.122226691726141112e+01 3.730463521774740610e-01 5.391139848413893931e-01 1.000000000000000000e+00
1.123656279868467323e+01 3.482025536680416478e-01 5.458701592068185837e-01 1.000000000000000000e+00
1.125085868010793710e+01 3.233533854444788913e-01 5.526179155791209885e-01 1.000000000000000000e+00
1.126515456153119921e+01 2.984992307117111388e-01 5.593571498995426605e-01 1.000000000000000000e+00
1.127945044295446309e+01 2.736404727515419077e-01 5.660877582407559672e-01 1.000000000000000000e+00
1.129374632437772519e+01 2.487774949167762539e-01 5.728096368084526491e-01 1.000000000000000000e+00
1.130804220580098907e+01 2.239106806252838811e-01 5.795226819429514231e-01 1.000000000000000000e+00
1.132233808722425117e+01 1.990404133541083254e-01 5.862267901207901533e-01 1.000000000000000000e+00
1.133663396864751505e+01 1.741670766335313703e-01 5.929218579563289016e-01 1.000000000000000000e+00
1.135092985007077715e+01 1.492910540411806486e-01 5.996077822033382132e-01 1.000000000000000000e+00
1.136522573149404103e+01 1.244127291960919895e-01 6.062844597565965055e-01 1.000000000000000000e+00
1.137952161291730313e+01 9.953248575281604948e-02 6.129517876534750220e-01 1.000000000000000000e+00
1.139381749434056523e+01 7.465070739548225476e-02 6.196096630755305590e-01 1.000000000000000000e+00
1.140811337576382911e+01 4.976777783189031967e-02 6.262579833500886428e-01 1.000000000000000000e+00
1.142240925718709121e+01 2.488408078760136199e-02 6.328966459518249321e-01 1.000000000000000000e+00
1.143670513861035509e+01 -2.038036687490427257e-15 6.395255485043517263e-01 1.000000000000000000e+00
1.145100102003361719e+01 -2.488408078759981115e-02 6.461445887817883760e-01 1.000000000000000000e+00
1.146529690145688107e+01 -4.976777783189157561e-02 6.527536647103477918e-01 1.000000000000000000e+00
1.147959278288014318e+01 -7.465070739548070045e-02 6.593526743699020809e-01 1.000000000000000000e+00
1.149388866430340705e+01 -9.953248575281729849e-02 6.659415159955602848e-01 1.000000000000000000e+00
1.150818454572666916e+01 -1.244127291960932247e-01 6.725200879792323505e-01 1.000000000000000000e+00
1.152248042714993304e+01 -1.492910540411818976e-01 6.790882888712016507e-01 1.000000000000000000e+00
1.153677630857319514e+01 -1.741670766335326470e-01 6.856460173816836257e-01 1.000000000000000000e+00
1.155107218999645902e+01 -1.990404133541096021e-01 6.921931723823938620e-01 1.000000000000000000e+00
1.156536807141972112e+01 -2.239106806252851301e-01 6.987296529081016283e-01 1.000000000000000000e+00
1.157966395284298500e+01 -2.487774949167775862e-01 7.052553581581926245e-01 1.000000000000000000e+00
1.159395983426624710e+01 -2.736404727515431290e-01 7.117701874982177435e-01 1.000000000000000000e+00
1.160825571568951098e+01 -2.984992307117124155e-01 7.182740404614508245e-01 1.000000000000000000e+00
1.162255159711277308e+01 -3.233533854444829991e-01 7.247668167504327519e-01 1.000000000000000000e+00
1.163684747853603696e+01 -3.482025536680428690e-01 7.312484162385213260e-01 1.000000000000000000e+00
1.165114335995929906e+01 -3.730463521774753377e-01 7.377187389714333632e-01 1.000000000000000000e+00
1.166543924138256116e+01 -3.978843978506770296e-01 7.441776851687891270e-01 1.000000000000000000e+00
1.167973512280582504e+01 -4.227163076542601594e-01 7.506251552256487658e-01 1.000000000000000000e+00
1.169403100422908715e+01 -4.475416986494516469e-01 7.570610497140465300e-01 1.000000000000000000e+00
1.170832688565235102e+01 -4.723601879980173224e-01 7.634852693845295413e-01 1.000000000000000000e+00
1.172262276707561313e+01 -4.971713929681439992e-01 7.698977151676817954e-01 1.000000000000000000e+00
1.173691864849887700e+01 -5.219749309403636239e-01 7.762982881756579356e-01 1.000000000000000000e+00
1.175121452992213911e+01 -5.467704194134316298e-01 7.826868897037033701e-01 1.000000000000000000e+00
1.176551041134540299e+01 -5.715574760102478669e-01 7.890634212316803842e-01 1.000000000000000000e+00
1.177980629276866509e+01 -5.963357184837312364e-01 7.954277844255834840e-01 1.000000000000000000e+00
1.179410217419192897e+01 -6.211047647227360136e-01 8.017798811390605129e-01 1.000000000000000000e+00
1.180839805561519107e+01 -6.458642327579254827e-01 8.081196134149217780e-01 1.000000000000000000e+00
1.182269393703845495e+01 -6.706137407676739937e-01 8.144468834866523954e-01 1.000000000000000000e+00
1.183698981846171705e+01 -6.953529070839483683e-01 8.207615937799204175e-01 1.000000000000000000e+00
1.185128569988498093e+01 -7.200813501982058495e-01 8.270636469140827396e-01 1.000000000000000000e+00
1.186558158130824303e+01 -7.447986887672576328e-01 8.333529457036825683e-01 1.000000000000000000e+00
1.187987746273150691e+01 -7.695045416191717003e-01 8.396293931599537741e-01 1.000000000000000000e+00
1.189417334415476901e+01 -7.941985277591286918e-01 8.458928924923108106e-01 1.000000000000000000e+00
1.190846922557803289e+01 -8.188802663753202982e-01 8.521433471098470713e-01 1.000000000000000000e+00
1.192276510700129499e+01 -8.435493768447983598e-01 8.583806606228188141e-01 1.000000000000000000e+00
1.193706098842455710e+01 -8.682054787393653772e-01 8.646047368441365233e-01 1.000000000000000000e+00
1.195135686984782097e+01 -8.928481918314320476e-01 8.708154797908457256e-01 1.000000000000000000e+00
1.196565275127108308e+01 -9.174771360998720260e-01 8.770127936856060291e-01 1.000000000000000000e+00
1.197994863269434695e+01 -9.420919317359031098e-01 8.831965829581720495e-01 1.000000000000000000e+00
1.199424451411760906e+01 -9.666921991489206833e-01 8.893667522468619024e-01 1.000000000000000000e+00
1.200854039554087294e+01 -9.912775589723780145e-01 8.955232064000346881e-01 1.000000000000000000e+00
1.202283627696413504e+01 -1.015847632069601936e+00 9.016658504775485472e-01 1.000000000000000000e+00
1.203713215838739892e+01 -1.040402039539678691e+00 9.077945897522349261e-01 1.000000000000000000e+00
1.205142803981066102e+01 -1.064940402723264734e+00 9.139093297113516368e-01 1.000000000000000000e+00
1.206572392123392490e+01 -1.089462343208449369e+00 9.200099760580450203e-01 1.000000000000000000e+00
1.208001980265718700e+01 -1.113967482836570211e+00 9.260964347128007867e-01 1.000000000000000000e+00
1.209431568408045088e+01 -1.138455443708065173e+00 9.321686118148980738e-01 1.000000000000000000e+00
1.210861156550371298e+01 -1.162925848188279154e+00 9.382264137238531809e-01 1.000000000000000000e+00
1.212290744692697686e+01 -1.187378318913308917e+00 9.442697470208680777e-01 1.000000000000000000e+00
1.213720332835023896e+01 -1.211812478795801784e+00 9.502985185102660326e-01 1.000000000000000000e+00
1.215149920977350284e+01 -1.236227951030791194e+00 9.563126352209340153e-01 1.000000000000000000e+00
1.216579509119676494e+01 -1.260624359101486069e+00 9.623120044077514423e-01 1.000000000000000000e+00
1.218009097262002882e+01 -1.285001326785102815e+00 9.682965335530256956e-01 1.000000000000000000e+00
1.219438685404329092e+01 -1.309358478158632932e+00 9.742661303679115425e-01 1.000000000000000000e+00
1.220868273546655303e+01 -1.333695437604676126e+00 9.802207027938425465e-01 1.000000000000000000e+00
1.222297861688981691e+01 -1.358011829817214799e+00 9.861601590039466014e-01 1.000000000000000000e+00
1.223727449831307901e+01 -1.382307279807394096e+00 9.920844074044599115e-01 1.000000000000000000e+00
1.225157037973634289e+01 -1.406581412909326589e+00 9.979933566361450792e-01 1.000000000000000000e+00
1.226586626115960499e+01 -1.430833854785845016e+00 1.003886915575693761e+00 1.000000000000000000e+00
1.228016214258286887e+01 -1.455064231434300304e+00 1.009764993337137984e+00 1.000000000000000000e+00
1.229445802400613097e+01 -1.479272169192303865e+00 1.015627499273245471e+00 1.000000000000000000e+00
1.230875390542939485e+01 -1.503457294743514749e+00 1.021474342976923744e+00 1.000000000000000000e+00
1.232304978685265695e+01 -1.527619235123372832e+00 1.027305434282609120e+00 1.000000000000000000e+00
1.233734566827592083e+01 -1.551757617724873084e+00 1.033120683267661377e+00 1.000000000000000000e+00
1.235164154969918293e+01 -1.575872070304289885e+00 1.038920000253745535e+00 1.000000000000000000e+00
1.236593743112244681e+01 -1.599962220986941519e+00 1.044703295808222299e+00 1.000000000000000000e+00
1.238023331254570891e+01 -1.624027698272893616e+00 1.050470480745517188e+00 1.000000000000000000e+00
1.239452919396897279e+01 -1.648068131042722539e+00 1.056221466128505426e+00 1.000000000000000000e+00
1.240882507539223489e+01 -1.672083148563211052e+00 1.061956163269877740e+00 1.000000000000000000e+00
1.242312095681549877e+01 -1.696072380493086396e+00 1.067674483733510593e+00 1.000000000000000000e+00
1.243741683823876087e+01 -1.720035456888710401e+00 1.073376339335827545e+00 1.000000000000000000e+00
1.245171271966202475e+01 -1.743972008209807134e+00 1.079061642147163047e+00 1.000000000000000000e+00
1.246600860108528686e+01 -1.767881665325138796e+00 1.084730304493113362e+00 1.000000000000000000e+00
1.248030448250854896e+01 -1.791764059518217378e+00 1.090382238955893035e+00 1.000000000000000000e+00
1.249460036393181284e+01 -1.815618822492983675e+00 1.096017358375682038e+00 1.000000000000000000e+00
1.250889624535507494e+01 -1.839445586379476749e+00 1.101635575851966031e+00 1.000000000000000000e+00
1.252319212677833882e+01 -1.863243983739528709e+00 1.107236804744883285e+00 1.000000000000000000e+00
1.253748800820160092e+01 -1.887013647572406194e+00 1.112820958676553618e+00 1.000000000000000000e+00
1.255178388962486480e+01 -1.910754211320496720e+00 1.118387951532417546e+00 1.000000000000000000e+00
1.256607977104812690e+01 -1.934465308874927958e+00 1.123937697462555674e+00 1.000000000000000000e+00
1.258037565247139078e+01 -1.958146574581252075e+00 1.129470110883022960e+00 1.000000000000000000e+00
1.259467153389465288e+01 -1.981797643245050367e+00 1.134985106477158778e+00 1.000000000000000000e+00
1.260896741531791676e+01 -2.005418150137592725e+00 1.140482599196909863e+00 1.000000000000000000e+00
1.262326329674117886e+01 -2.029007731001437165e+00 1.145962504264136816e+00 1.000000000000000000e+00
1.263755917816444274e+01 -2.052566022056070416e+00 1.151424737171925727e+00 1.000000000000000000e+00
1.265185505958770484e+01 -2.076092660003495904e+00 1.156869213685886466e+00 1.000000000000000000e+00
1.266615094101096872e+01 -2.099587282033858138e+00 1.162295849845457862e+00 1.000000000000000000e+00
1.268044682243423082e+01 -2.123049525831016027e+00 1.167704561965195786e+00 1.000000000000000000e+00
1.269474270385749470e+01 -2.146479029578150843e+00 1.173095266636069445e+00 1.000000000000000000e+00
1.270903858528075681e+01 -2.169875431963327106e+00 1.178467880726743244e+00 1.000000000000000000e+00
1.272333446670402068e+01 -2.193238372185080998e+00 1.183822321384862652e+00 1.000000000000000000e+00
1.273763034812728279e+01 -2.216567489957971038e+00 1.189158506038328733e+00 1.000000000000000000e+00
1.275192622955054489e+01 -2.239862425518138522e+00 1.194476352396572016e+00 1.000000000000000000e+00
1.276622211097380877e+01 -2.263122819628866633e+00 1.199775778451824371e+00 1.000000000000000000e+00
1.278051799239707087e+01 -2.286348313586096914e+00 1.205056702480379549e+00 1.000000000000000000e+00
1.279481387382033475e+01 -2.309538549223987491e+00 1.210319043043856846e+00 1.000000000000000000e+00
1.280910975524359685e+01 -2.332693168920411342e+00 1.215562718990454094e+00 1.000000000000000000e+00
1.282340563666686073e+01 -2.355811815602494086e+00 1.220787649456202439e+00 1.000000000000000000e+00
1.283770151809012283e+01 -2.378894132752100266e+00 1.225993753866209568e+00 1.000000000000000000e+00
1.285199739951338671e+01 -2.401939764411349820e+00 1.231180951935906487e+00 1.000000000000000000e+00
1.286629328093664881e+01 -2.424948355188089266e+00 1.236349163672280760e+00 1.000000000000000000e+00
1.288058916235991269e+01 -2.447919550261389965e+00 1.241498309375114850e+00 1.000000000000000000e+00
1.289488504378317479e+01 -2.470852995387003315e+00 1.246628309638211585e+00 1.000000000000000000e+00
1.290918092520643867e+01 -2.493748336902839924e+00 1.251739085350622060e+00 1.000000000000000000e+00
1.292347680662970077e+01 -2.516605221734407927e+00 1.256830557697861339e+00 1.000000000000000000e+00
1.293777268805296465e+01 -2.539423297400268620e+00 1.261902648163127694e+00 1.000000000000000000e+00
1.295206856947622676e+01 -2.562202212017464564e+00 1.266955278528510975e+00 1.000000000000000000e+00
1.296636445089949063e+01 -2.584941614306959679e+00 1.271988370876201646e+00 1.000000000000000000e+00
1.298066033232275274e+01 -2.607641153599033590e+00 1.277001847589688710e+00 1.000000000000000000e+00
1.299495621374601662e+01 -2.630300479838716843e+00 1.281995631354960086e+00 1.000000000000000000e+00
1.300925209516927872e+01 -2.652919243591162601e+00 1.286969645161691433e+00 1.000000000000000000e+00
1.302354797659254082e+01 -2.675497096047054768e+00 1.291923812304437202e+00 1.000000000000000000e+00
1.303784385801580470e+01 -2.698033689027981019e+00 1.296858056383812130e+00 1.000000000000000000e+00
1.305213973943906680e+01 -2.720528674991794293e+00 1.301772301307667634e+00 1.000000000000000000e+00
1.306643562086233068e+01 -2.742981707037987160e+00 1.306666471292268428e+00 1.000000000000000000e+00
1.308073150228559278e+01 -2.765392438913025774e+00 1.311540490863458253e+00 1.000000000000000000e+00
1.309502738370885666e+01 -2.787760525015705593e+00 1.316394284857826724e+00 1.000000000000000000e+00
1.310932326513211876e+01 -2.810085620402463569e+00 1.321227778423865074e+00 1.000000000000000000e+00
1.312361914655538264e+01 -2.832367380792718770e+00 1.326040897023124776e+00 1.000000000000000000e+00
1.313791502797864474e+01 -2.854605462574153041e+00 1.330833566431360637e+00 1.000000000000000000e+00
1.315221090940190862e+01 -2.876799522808041409e+00 1.335605712739683648e+00 1.000000000000000000e+00
1.316650679082517073e+01 -2.898949219234515429e+00 1.340357262355692525e+00 1.000000000000000000e+00
1.318080267224843460e+01 -2.921054210277860719e+00 1.345088142004615905e+00 1.000000000000000000e+00
1.319509855367169671e+01 -2.943114155051765657e+00 1.349798278730435896e+00 1.000000000000000000e+00
1.320939443509496058e+01 -2.965128713364596713e+00 1.354487599897018502e+00 1.000000000000000000e+00
1.322369031651822269e+01 -2.987097545724627157e+00 1.359156033189229618e+00 1.000000000000000000e+00
1.323798619794148657e+01 -3.009020313345288855e+00 1.363803506614053251e+00 1.000000000000000000e+00
1.325228207936474867e+01 -3.030896678150381884e+00 1.368429948501699522e+00 1.000000000000000000e+00
1.326657796078801255e+01 -3.052726302779302348e+00 1.373035287506712221e+00 1.000000000000000000e+00
1.328087384221127465e+01 -3.074508850592229781e+00 1.377619452609065265e+00 1.000000000000000000e+00
1.329516972363453675e+01 -3.096243985675333210e+00 1.382182373115263152e+00 1.000000000000000000e+00
1.330946560505780063e+01 -3.117931372845947013e+00 1.386723978659427647e+00 1.000000000000000000e+00
1.332376148648106273e+01 -3.139570677657721909e+00 1.391244199204381360e+00 1.000000000000000000e+00
1.333805736790432661e+01 -3.161161566405816359e+00 1.395742965042732653e+00 1.000000000000000000e+00
1.335235324932758871e+01 -3.182703706132012034e+00 1.400220206797946787e+00 1.000000000000000000e+00
1.336664913075085259e+01 -3.204196764629869243e+00 1.404675855425417508e+00 1.000000000000000000e+00
1.338094501217411469e+01 -3.225640410449833517e+00 1.409109842213530639e+00 1.000000000000000000e+00
1.339524089359737857e+01 -3.247034312904364839e+00 1.413522098784725456e+00 1.000000000000000000e+00
1.340953677502064068e+01 -3.268378142073016690e+00 1.417912557096546733e+00 1.000000000000000000e+00
1.342383265644390455e+01 -3.289671568807543522e+00 1.422281149442697235e+00 1.000000000000000000e+00
1.343812853786716666e+01 -3.310914264736960266e+00 1.426627808454076884e+00 1.000000000000000000e+00
1.345242441929043054e+01 -3.332105902272621822e+00 1.430952467099828596e+00 1.000000000000000000e+00
1.346672030071369264e+01 -3.353246154613257257e+00 1.435255058688364560e+00 1.000000000000000000e+00
1.348101618213695652e+01 -3.374334695750029756e+00 1.439535516868401865e+00 1.000000000000000000e+00
1.349531206356021862e+01 -3.395371200471539286e+00 1.443793775629977905e+00 1.000000000000000000e+00
1.350960794498348250e+01 -3.416355344368867009e+00 1.448029769305476444e+00 1.000000000000000000e+00
1.352390382640674460e+01 -3.437286803840548188e+00 1.452243432570633930e+00 1.000000000000000000e+00
1.353819970783000848e+01 -3.458165256097592177e+00 1.456434700445551123e+00 1.000000000000000000e+00
1.355249558925327058e+01 -3.478990379168429570e+00 1.460603508295691633e+00 1.000000000000000000e+00
1.356679147067653268e+01 -3.499761851903905097e+00 1.464749791832882009e+00 1.000000000000000000e+00
1.358108735209979656e+01 -3.520479353982216342e+00 1.468873487116300947e+00 1.000000000000000000e+00
1.359538323352305866e+01 -3.541142565913846685e+00 1.472974530553465167e+00 1.000000000000000000e+00
1.360967911494632254e+01 -3.561751169046510235e+00 1.477052858901212851e+00 1.000000000000000000e+00
1.362397499636958464e+01 -3.582304845570050134e+00 1.481108409266674419e+00 1.000000000000000000e+00
1.363827087779284852e+01 -3.602803278521351960e+00 1.485141119108247532e+00 1.000000000000000000e+00
1.365256675921611063e+01 -3.623246151789217162e+00 1.489150926236556760e+00 1.000000000000000000e+00
1.366686264063937450e+01 -3.643633150119258257e+00 1.493137768815417044e+00 1.000000000000000000e+00
1.368115852206263661e+01 -3.663963959118731406e+00 1.497101585362782039e+00 1.000000000000000000e+00
1.369545440348590049e+01 -3.684238265261418288e+00 1.501042314751698470e+00 1.000000000000000000e+00
1.370975028490916259e+01 -3.704455755892432922e+00 1.504959896211243597e+00 1.000000000000000000e+00
1.372404616633242647e+01 -3.724616119233064904e+00 1.508854269327465580e+00 1.000000000000000000e+00
1.373834204775568857e+01 -3.744719044385566686e+00 1.512725374044312732e+00 1.000000000000000000e+00
1.375263792917895245e+01 -3.764764221337968841e+00 1.516573150664562109e+00 1.000000000000000000e+00
1.376693381060221455e+01 -3.784751340968841138e+00 1.520397539850737889e+00 1.000000000000000000e+00
1.378122969202547843e+01 -3.804680095052078048e+00 1.524198482626028639e+00 1.000000000000000000e+00
1.379552557344874053e+01 -3.824550176261634071e+00 1.527975920375193475e+00 1.000000000000000000e+00
1.380982145487200441e+01 -3.844361278176281260e+00 1.531729794845470671e+00 1.000000000000000000e+00
1.382411733629526651e+01 -3.864113095284314792e+00 1.535460048147471168e+00 1.000000000000000000e+00
1.383841321771852861e+01 -3.883805322988285624e+00 1.539166622756074743e+00 1.000000000000000000e+00
1.385270909914179249e+01 -3.903437657609683864e+00 1.542849461511316855e+00 1.000000000000000000e+00
1.386700498056505459e+01 -3.923009796393615911e+00 1.546508507619265727e+00 1.000000000000000000e+00
1.388130086198831847e+01 -3.942521437513495375e+00 1.550143704652906074e+00 1.000000000000000000e+00
1.389559674341158058e+01 -3.961972280075675368e+00 1.553754996553001089e+00 1.000000000000000000e+00
1.390989262483484445e+01 -3.981362024124107890e+00 1.557342327628963519e+00 1.000000000000000000e+00
1.392418850625810656e+01 -4.000690370644945482e+00 1.560905642559709650e+00 1.000000000000000000e+00
1.393848438768137044e+01 -4.019957021571181954e+00 1.564444886394515510e+00 1.000000000000000000e+00
1.395278026910463254e+01 -4.039161679787219406e+00 1.567960004553862863e+00 1.000000000000000000e+00
1.396707615052789642e+01 -4.058304049133477420e+00 1.571450942830281416e+00 1.000000000000000000e+00
1.398137203195115852e+01 -4.077383834410934327e+00 1.574917647389184161e+00 1.000000000000000000e+00
1.399566791337442240e+01 -4.096400741385703093e+00 1.578360064769698701e+00 1.000000000000000000e+00
1.400996379479768450e+01 -4.115354476793549487e+00 1.581778141885490152e+00 1.000000000000000000e+00
1.402425967622094838e+01 -4.134244748344429787e+00 1.585171826025581154e+00 1.000000000000000000e+00
1.403855555764421048e+01 -4.153071264726988510e+00 1.588541064855164553e+00 1.000000000000000000e+00
1.405285143906747436e+01 -4.171833735613049932e+00 1.591885806416408977e+00 1.000000000000000000e+00
1.406714732049073646e+01 -4.190531871662103391e+00 1.595205999129261532e+00 1.000000000000000000e+00
1.408144320191400034e+01 -4.209165384525763720e+00 1.598501591792244714e+00 1.000000000000000000e+00
1.409573908333726244e+01 -4.227733986852206804e+00 1.601772533583241565e+00 1.000000000000000000e+00
1.411003496476052455e+01 -4.246237392290618473e+00 1.605018774060283704e+00 1.000000000000000000e+00
1.412433084618378842e+01 -4.264675315495596308e+00 1.608240263162327599e+00 1.000000000000000000e+00
1.413862672760705053e+01 -4.283047472131554123e+00 1.611436951210025503e+00 1.000000000000000000e+00
1.415292260903031440e+01 -4.301353578877112227e+00 1.614608788906493952e+00 1.000000000000000000e+00
1.416721849045357651e+01 -4.319593353429454829e+00 1.617755727338070937e+00 1.000000000000000000e+00
1.418151437187684039e+01 -4.337766514508698990e+00 1.620877717975073962e+00 1.000000000000000000e+00
1.419581025330010249e+01 -4.355872781862213827e+00 1.623974712672544118e+00 1.000000000000000000e+00
1.421010613472336637e+01 -4.373911876268965493e+00 1.627046663670993265e+00 1.000000000000000000e+00
1.422440201614662847e+01 -4.391883519543797298e+00 1.630093523597136329e+00 1.000000000000000000e+00
1.423869789756989235e+01 -4.409787434541740936e+00 1.633115245464624055e+00 1.000000000000000000e+00
1.425299377899315445e+01 -4.427623345162275292e+00 1.636111782674766646e+00 1.000000000000000000e+00
1.426728966041641833e+01 -4.445390976353598589e+00 1.639083089017254302e+00 1.000000000000000000e+00
1.428158554183968043e+01 -4.463090054116855221e+00 1.642029118670866872e+00 1.000000000000000000e+00
1.429588142326294431e+01 -4.480720305510374146e+00 1.644949826204183285e+00 1.000000000000000000e+00
1.431017730468620641e+01 -4.498281458653865528e+00 1.647845166576279663e+00 1.000000000000000000e+00
1.432447318610947029e+01 -4.515773242732628034e+00 1.650715095137426758e+00 1.000000000000000000e+00
1.433876906753273239e+01 -4.533195388001709070e+00 1.653559567629774518e+00 1.000000000000000000e+00
1.435306494895599627e+01 -4.550547625790078321e+00 1.656378540188039317e+00 1.000000000000000000e+00
1.436736083037925837e+01 -4.567829688504764007e+00 1.659171969340176744e+00 1.000000000000000000e+00
1.438165671180252048e+01 -4.585041309634975804e+00 1.661939812008053741e+00 1.000000000000000000e+00
1.439595259322578436e+01 -4.602182223756231316e+00 1.664682025508112284e+00 1.000000000000000000e+00
1.441024847464904646e+01 -4.619252166534424831e+00 1.667398567552027977e+00 1.000000000000000000e+00
1.442454435607231034e+01 -4.636250874729926252e+00 1.670089396247362412e+00 1.000000000000000000e+00
1.443884023749557244e+01 -4.653178086201622321e+00 1.672754470098207547e+00 1.000000000000000000e+00
1.445313611891883632e+01 -4.670033539910975584e+00 1.675393748005828298e+00 1.000000000000000000e+00
1.446743200034209842e+01 -4.686816975926034523e+00 1.678007189269294042e+00 1.000000000000000000e+00
1.448172788176536230e+01 -4.703528135425460555e+00 1.680594753586107881e+00 1.000000000000000000e+00
1.449602376318862440e+01 -4.720166760702494635e+00 1.683156401052826823e+00 1.000000000000000000e+00
1.451031964461188828e+01 -4.736732595168955839e+00 1.685692092165678169e+00 1.000000000000000000e+00
1.452461552603515038e+01 -4.753225383359182210e+00 1.688201787821168143e+00 1.000000000000000000e+00
1.453891140745841426e+01 -4.769644870933979597e+00 1.690685449316684963e+00 1.000000000000000000e+00
1.455320728888167636e+01 -4.785990804684534083e+00 1.693143038351096141e+00 1.000000000000000000e+00
1.456750317030494024e+01 -4.802262932536330631e+00 1.695574517025338679e+00 1.000000000000000000e+00
1.458179905172820234e+01 -4.818461003553025535e+00 1.697979847843003043e+00 1.000000000000000000e+00
1.459609493315146622e+01 -4.834584767940325989e+00 1.700358993710913147e+00 1.000000000000000000e+00
1.461039081457472832e+01 -4.850633977049835899e+00 1.702711917939695230e+00 1.000000000000000000e+00
1.462468669599799220e+01 -4.866608383382903469e+00 1.705038584244348954e+00 1.000000000000000000e+00
1.463898257742125431e+01 -4.882507740594419943e+00 1.707338956744800518e+00 1.000000000000000000e+00
1.465327845884451641e+01 -4.898331803496621895e+00 1.709612999966459768e+00 1.000000000000000000e+00
1.466757434026778029e+01 -4.914080328062893521e+00 1.711860678840768424e+00 1.000000000000000000e+00
1.468187022169104239e+01 -4.929753071431502320e+00 1.714081958705736985e+00 1.000000000000000000e+00
1.469616610311430627e+01 -4.945349791909353421e+00 1.716276805306482300e+00 1.000000000000000000e+00
1.471046198453756837e+01 -4.960870248975726149e+00 1.718445184795754477e+00 1.000000000000000000e+00
1.472475786596083225e+01 -4.976314203285969739e+00 1.720587063734459132e+00 1.000000000000000000e+00
1.473905374738409435e+01 -4.991681416675203486e+00 1.722702409092173426e+00 1.000000000000000000e+00
1.475334962880735823e+01 -5.006971652161992026e+00 1.724791188247655871e+00 1.000000000000000000e+00
1.476764551023062033e+01 -5.022184673951985090e+00 1.726853368989347270e+00 1.000000000000000000e+00
1.478194139165388421e+01 -5.037320247441568810e+00 1.728888919515869871e+00 1.000000000000000000e+00
1.479623727307714631e+01 -5.052378139221471720e+00 1.730897808436515639e+00 1.000000000000000000e+00
1.481053315450041019e+01 -5.067358117080383195e+00 1.732880004771733651e+00 1.000000000000000000e+00
1.482482903592367229e+01 -5.082259950008508831e+00 1.734835477953603711e+00 1.000000000000000000e+00
1.483912491734693617e+01 -5.097083408201151578e+00 1.736764197826309974e+00 1.000000000000000000e+00
1.485342079877019827e+01 -5.111828263062244027e+00 1.738666134646606354e+00 1.000000000000000000e+00
1.486771668019346215e+01 -5.126494287207895795e+00 1.740541259084274817e+00 1.000000000000000000e+00
1.488201256161672426e+01 -5.141081254469858308e+00 1.742389542222575693e+00 1.000000000000000000e+00
1.489630844303998813e+01 -5.155588939899057976e+00 1.744210955558697318e+00 1.000000000000000000e+00
1.491060432446325024e+01 -5.170017119769038771e+00 1.746005471004193010e+00 1.000000000000000000e+00
1.492490020588651234e+01 -5.184365571579413690e+00 1.747773060885413843e+00 1.000000000000000000e+00
1.493919608730977622e+01 -5.198634074059314436e+00 1.749513697943938517e+00 1.000000000000000000e+00
1.495349196873303832e+01 -5.212822407170776273e+00 1.751227355336989255e+00 1.000000000000000000e+00
1.496778785015630220e+01 -5.226930352112152178e+00 1.752914006637849686e+00 1.000000000000000000e+00
1.498208373157956430e+01 -5.240957691321475487e+00 1.754573625836269635e+00 1.000000000000000000e+00
1.499637961300282818e+01 -5.254904208479829641e+00 1.756206187338869018e+00 1.000000000000000000e+00
1.501067549442609028e+01 -5.268769688514661986e+00 1.757811665969529091e+00 1.000000000000000000e+00
1.502497137584935416e+01 -5.282553917603120652e+00 1.759390036969783910e+00 1.000000000000000000e+00
1.503926725727261626e+01 -5.296256683175336377e+00 1.760941275999199140e+00 1.000000000000000000e+00
1.505356313869588014e+01 -5.309877773917723864e+00 1.762465359135751308e+00 1.000000000000000000e+00
1.506785902011914224e+01 -5.323416979776200542e+00 1.763962262876191511e+00 1.000000000000000000e+00
1.508215490154240612e+01 -5.336874091959471045e+00 1.765431964136413789e+00 1.000000000000000000e+00
1.509645078296566822e+01 -5.350248902942218443e+00 1.766874440251805956e+00 1.000000000000000000e+00
1.511074666438893210e+01 -5.363541206468307898e+00 1.768289668977601758e+00 1.000000000000000000e+00
1.512504254581219421e+01 -5.376750797553976113e+00 1.769677628489223498e+00 1.000000000000000000e+00
1.513933842723545808e+01 -5.389877472490993249e+00 1.771038297382618643e+00 1.000000000000000000e+00
1.515363430865872019e+01 -5.402921028849786644e+00 1.772371654674590014e+00 1.000000000000000000e+00
1.516793019008198407e+01 -5.415881265482586748e+00 1.773677679803118412e+00 1.000000000000000000e+00
1.518222607150524617e+01 -5.428757982526506431e+00 1.774956352627680145e+00 1.000000000000000000e+00
1.519652195292850827e+01 -5.441550981406644283e+00 1.776207653429559441e+00 1.000000000000000000e+00
1.521081783435177215e+01 -5.454260064839130173e+00 1.777431562912149543e+00 1.000000000000000000e+00
1.522511371577503425e+01 -5.466885036834175260e+00 1.778628062201251803e+00 1.000000000000000000e+00
1.523940959719829813e+01 -5.479425702699098899e+00 1.779797132845368335e+00 1.000000000000000000e+00
1.525370547862156023e+01 -5.491881869041308484e+00 1.780938756815982016e+00 1.000000000000000000e+00
1.526800136004482411e+01 -5.504253343771321028e+00 1.782052916507839813e+00 1.000000000000000000e+00
1.528229724146808621e+01 -5.516539936105687048e+00 1.783139594739221012e+00 1.000000000000000000e+00
1.529659312289135009e+01 -5.528741456569954416e+00 1.784198774752202565e+00 1.000000000000000000e+00
1.531088900431461219e+01 -5.540857717001579807e+00 1.785230440212918879e+00 1.000000000000000000e+00
1.532518488573787607e+01 -5.552888530552845481e+00 1.786234575211812059e+00 1.000000000000000000e+00
1.533948076716113817e+01 -5.564833711693720097e+00 1.787211164263878382e+00 1.000000000000000000e+00
1.535377664858440205e+01 -5.576693076214735534e+00 1.788160192308906327e+00 1.000000000000000000e+00
1.536807253000766416e+01 -5.588466441229814841e+00 1.789081644711709718e+00 1.000000000000000000e+00
1.538236841143092803e+01 -5.600153625179110861e+00 1.789975507262352439e+00 1.000000000000000000e+00
1.539666429285419014e+01 -5.611754447831788895e+00 1.790841766176368477e+00 1.000000000000000000e+00
1.541096017427745402e+01 -5.623268730288810247e+00 1.791680408094973309e+00 1.000000000000000000e+00
1.542525605570071612e+01 -5.634696294985694465e+00 1.792491420085271070e+00 1.000000000000000000e+00
1.543955193712398000e+01 -5.646036965695264698e+00 1.793274789640454392e+00 1.000000000000000000e+00
1.545384781854724210e+01 -5.657290567530338876e+00 1.794030504679994920e+00 1.000000000000000000e+00
1.546814369997050420e+01 -5.668456926946463525e+00 1.794758553549832047e+00 1.000000000000000000e+00
1.548243958139376808e+01 -5.679535871744558762e+00 1.795458925022551666e+00 1.000000000000000000e+00
1.549673546281703018e+01 -5.690527231073590819e+00 1.796131608297558913e+00 1.000000000000000000e+00
1.551103134424029406e+01 -5.701430835433205502e+00 1.796776593001246258e+00 1.000000000000000000e+00
1.552532722566355616e+01 -5.712246516676333208e+00 1.797393869187151161e+00 1.000000000000000000e+00
1.553962310708682004e+01 -5.722974108011788630e+00 1.797983427336111273e+00 1.000000000000000000e+00
1.555391898851008214e+01 -5.733613444006840254e+00 1.798545258356410548e+00 1.000000000000000000e+00
1.556821486993334602e+01 -5.744164360589770979e+00 1.799079353583920016e+00 1.000000000000000000e+00
1.558251075135660813e+01 -5.754626695052392549e+00 1.799585704782230122e+00 1.000000000000000000e+00
1.559680663277987200e+01 -5.765000286052565315e+00 1.800064304142779292e+00 1.000000000000000000e+00
1.561110251420313411e+01 -5.775284973616679807e+00 1.800515144284973168e+00 1.000000000000000000e+00
1.562539839562639798e+01 -5.785480599142140079e+00 1.800938218256298962e+00 1.000000000000000000e+00
1.563969427704966009e+01 -5.795587005399776004e+00 1.801333519532432925e+00 1.000000000000000000e+00
1.565399015847292397e+01 -5.805604036536309742e+00 1.801701042017340271e+00 1.000000000000000000e+00
1.566828603989618607e+01 -5.815531538076725404e+00 1.802040780043369761e+00 1.000000000000000000e+00
1.568258192131944995e+01 -5.825369356926671571e+00 1.802352728371340307e+00 1.000000000000000000e+00
1.569687780274271205e+01 -5.835117341374806976e+00 1.802636882190623124e+00 1.000000000000000000e+00
1.571117368416597593e+01 -5.844775341095155952e+00 1.802893237119215009e+00 1.000000000000000000e+00
1.572546956558923803e+01 -5.854343207149416806e+00 1.803121789203805392e+00 1.000000000000000000e+00
1.573976544701250013e+01 -5.863820791989253323e+00 1.803322534919838738e+00 1.000000000000000000e+00
1.575406132843576401e+01 -5.873207949458588040e+00 1.803495471171567610e+00 1.000000000000000000e+00
1.576835720985902611e+01 -5.882504534795839568e+00 1.803640595292101079e+00 1.000000000000000000e+00
1.578265309128228999e+01 -5.891710404636159915e+00 1.803757905043445797e+00 1.000000000000000000e+00
1.579694897270555209e+01 -5.900825417013646934e+00 1.803847398616539977e+00 1.000000000000000000e+00
1.581124485412881597e+01 -5.909849431363539907e+00 1.803909074631282472e+00 1.000000000000000000e+00
1.582554073555207808e+01 -5.918782308524366265e+00 1.803942932136552324e+00 1.000000000000000000e+00
1.583983661697534195e+01 -5.927623910740114965e+00 1.803948970610225633e+00 1.000000000000000000e+00
1.585413249839860406e+01 -5.936374101662340586e+00 1.803927189959180666e+00 1.000000000000000000e+00
1.586842837982186794e+01 -5.945032746352275410e+00 1.803877590519302965e+00 1.000000000000000000e+00
1.588272426124513004e+01 -5.953599711282904217e+00 1.803800173055476685e+00 1.000000000000000000e+00
1.589702014266839392e+01 -5.962074864341034619e+00 1.803694938761575051e+00 1.000000000000000000e+00
1.591131602409165602e+01 -5.970458074829320338e+00 1.803561889260441031e+00 1.000000000000000000e+00
1.592561190551491990e+01 -5.978749213468283585e+00 1.803401026603862478e+00 1.000000000000000000e+00
1.593990778693818200e+01 -5.986948152398309908e+00 1.803212353272540813e+00 1.000000000000000000e+00
1.595420366836144588e+01 -5.995054765181620837e+00 1.802995872176051950e+00 1.000000000000000000e+00
1.596849954978470798e+01 -6.003068926804217220e+00 1.802751586652802107e+00 1.000000000000000000e+00
1.598279543120797186e+01 -6.010990513677812785e+00 1.802479500469976292e+00 1.000000000000000000e+00
1.599709131263123396e+01 -6.018819403641739285e+00 1.802179617823480351e+00 1.000000000000000000e+00
1.601138719405449606e+01 -6.026555475964826769e+00 1.801851943337875683e+00 1.000000000000000000e+00
1.602568307547775817e+01 -6.034198611347274088e+00 1.801496482066307747e+00 1.000000000000000000e+00
1.603997895690102382e+01 -6.041748691922474102e+00 1.801113239490429008e+00 1.000000000000000000e+00
1.605427483832428592e+01 -6.049205601258847764e+00 1.800702221520314783e+00 1.000000000000000000e+00
1.606857071974754803e+01 -6.056569224361624038e+00 1.800263434494370207e+00 1.000000000000000000e+00
1.608286660117081013e+01 -6.063839447674631344e+00 1.799796885179233863e+00 1.000000000000000000e+00
1.609716248259407578e+01 -6.071016159082029517e+00 1.799302580769673421e+00 1.000000000000000000e+00
1.611145836401733789e+01 -6.078099247910051517e+00 1.798780528888474617e+00 1.000000000000000000e+00
1.612575424544059999e+01 -6.085088604928701628e+00 1.798230737586323125e+00 1.000000000000000000e+00
1.614005012686386209e+01 -6.091984122353453657e+00 1.797653215341680877e+00 1.000000000000000000e+00
1.615434600828712775e+01 -6.098785693846896727e+00 1.797047971060655280e+00 1.000000000000000000e+00
1.616864188971038985e+01 -6.105493214520385514e+00 1.796415014076861993e+00 1.000000000000000000e+00
1.618293777113365195e+01 -6.112106580935650513e+00 1.795754354151280596e+00 1.000000000000000000e+00
1.619723365255691405e+01 -6.118625691106401199e+00 1.795066001472104711e+00 1.000000000000000000e+00
1.621152953398017971e+01 -6.125050444499897218e+00 1.794349966654583683e+00 1.000000000000000000e+00
1.622582541540344181e+01 -6.131380742038490261e+00 1.793606260740860714e+00 1.000000000000000000e+00
1.624012129682670391e+01 -6.137616486101164170e+00 1.792834895199800771e+00 1.000000000000000000e+00
1.625441717824996601e+01 -6.143757580525027961e+00 1.792035881926814733e+00 1.000000000000000000e+00
1.626871305967322812e+01 -6.149803930606813296e+00 1.791209233243675536e+00 1.000000000000000000e+00
1.628300894109649377e+01 -6.155755443104318658e+00 1.790354961898328545e+00 1.000000000000000000e+00
1.629730482251975587e+01 -6.161612026237859752e+00 1.789473081064694604e+00 1.000000000000000000e+00
1.631160070394301798e+01 -6.167373589691679037e+00 1.788563604342467750e+00 1.000000000000000000e+00
1.632589658536628008e+01 -6.173040044615342836e+00 1.787626545756903162e+00 1.000000000000000000e+00
1.634019246678954573e+01 -6.178611303625106466e+00 1.786661919758604000e+00 1.000000000000000000e+00
1.635448834821280784e+01 -6.184087280805261599e+00 1.785669741223296469e+00 1.000000000000000000e+00
1.636878422963606994e+01 -6.189467891709467651e+00 1.784650025451600674e+00 1.000000000000000000e+00
1.638308011105933204e+01 -6.194753053362045847e+00 1.783602788168795694e+00 1.000000000000000000e+00
1.639737599248259770e+01 -6.199942684259271530e+00 1.782528045524575111e+00 1.000000000000000000e+00
1.641167187390585980e+01 -6.205036704370607836e+00 1.781425814092800985e+00 1.000000000000000000e+00
1.642596775532912190e+01 -6.210035035139970461e+00 1.780296110871244952e+00 1.000000000000000000e+00
1.644026363675238400e+01 -6.214937599486911601e+00 1.779138953281328872e+00 1.000000000000000000e+00
1.645455951817564966e+01 -6.219744321807826992e+00 1.777954359167852827e+00 1.000000000000000000e+00
1.646885539959891176e+01 -6.224455127977110536e+00 1.776742346798725114e+00 1.000000000000000000e+00
1.648315128102217386e+01 -6.229069945348301829e+00 1.775502934864674698e+00 1.000000000000000000e+00
1.649744716244543596e+01 -6.233588702755211486e+00 1.774236142478967437e+00 1.000000000000000000e+00
1.651174304386870162e+01 -6.238011330513010044e+00 1.772941989177108102e+00 1.000000000000000000e+00
1.652603892529196372e+01 -6.242337760419302661e+00 1.771620494916543054e+00 1.000000000000000000e+00
1.654033480671522582e+01 -6.246567925755193151e+00 1.770271680076347165e+00 1.000000000000000000e+00
1.655463068813848793e+01 -6.250701761286297398e+00 1.768895565456914287e+00 1.000000000000000000e+00
1.656892656956175003e+01 -6.254739203263754987e+00 1.767492172279634621e+00 1.000000000000000000e+00
1.658322245098501568e+01 -6.258680189425220419e+00 1.766061522186566313e+00 1.000000000000000000e+00
1.659751833240827779e+01 -6.262524658995806348e+00 1.764603637240104383e+00 1.000000000000000000e+00
1.661181421383153989e+01 -6.266272552689042818e+00 1.763118539922637451e+00 1.000000000000000000e+00
1.662611009525480199e+01 -6.269923812707766331e+00 1.761606253136204225e+00 1.000000000000000000e+00
1.664040597667806765e+01 -6.273478382745037329e+00 1.760066800202136239e+00 1.000000000000000000e+00
1.665470185810132975e+01 -6.276936207984981309e+00 1.758500204860703686e+00 1.000000000000000000e+00
1.666899773952459185e+01 -6.280297235103660114e+00 1.756906491270743942e+00 1.000000000000000000e+00
1.668329362094785395e+01 -6.283561412269876634e+00 1.755285684009292524e+00 1.000000000000000000e+00
1.669758950237111961e+01 -6.286728689145982152e+00 1.753637808071201176e+00 1.000000000000000000e+00
1.671188538379438171e+01 -6.289799016888646399e+00 1.751962888868757284e+00 1.000000000000000000e+00
1.672618126521764381e+01 -6.292772348149621386e+00 1.750260952231285305e+00 1.000000000000000000e+00
1.674047714664090591e+01 -6.295648637076457277e+00 1.748532024404754415e+00 1.000000000000000000e+00
1.675477302806417157e+01 -6.298427839313222698e+00 1.746776132051370389e+00 1.000000000000000000e+00
1.676906890948743367e+01 -6.301109912001180646e+00 1.744993302249165268e+00 1.000000000000000000e+00
1.678336479091069577e+01 -6.303694813779451067e+00 1.743183562491580574e+00 1.000000000000000000e+00
1.679766067233395788e+01 -6.306182504785653009e+00 1.741346940687041434e+00 1.000000000000000000e+00
1.681195655375721998e+01 -6.308572946656511249e+00 1.739483465158528475e+00 1.000000000000000000e+00
1.682625243518048563e+01 -6.310866102528457589e+00 1.737593164643138843e+00 1.000000000000000000e+00
1.684054831660374774e+01 -6.313061937038190408e+00 1.735676068291646557e+00 1.000000000000000000e+00
1.685484419802700984e+01 -6.315160416323226222e+00 1.733732205668047088e+00 1.000000000000000000e+00
1.686914007945027194e+01 -6.317161508022416605e+00 1.731761606749108173e+00 1.000000000000000000e+00
1.688343596087353760e+01 -6.319065181276452670e+00 1.729764301923901515e+00 1.000000000000000000e+00
1.689773184229679970e+01 -6.320871406728339359e+00 1.727740321993339823e+00 1.000000000000000000e+00
1.691202772372006180e+01 -6.322580156523844863e+00 1.725689698169696307e+00 1.000000000000000000e+00
1.692632360514332390e+01 -6.324191404311933162e+00 1.723612462076127949e+00 1.000000000000000000e+00
1.694061948656658956e+01 -6.325705125245170812e+00 1.721508645746183230e+00 1.000000000000000000e+00
1.695491536798985166e+01 -6.327121295980107085e+00 1.719378281623314297e+00 1.000000000000000000e+00
1.696921124941311376e+01 -6.328439894677638122e+00 1.717221402560371368e+00 1.000000000000000000e+00
1.698350713083637586e+01 -6.329660901003341777e+00 1.715038041819096692e+00 1.000000000000000000e+00
1.699780301225964152e+01 -6.330784296127790256e+00 1.712828233069614070e+00 1.000000000000000000e+00
1.701209889368290362e+01 -6.331810062726838773e+00 1.710592010389908380e+00 1.000000000000000000e+00
1.702639477510616572e+01 -6.332738184981900886e+00 1.708329408265300220e+00 1.000000000000000000e+00
1.704069065652942783e+01 -6.333568648580178539e+00 1.706040461587911894e+00 1.000000000000000000e+00
1.705498653795269348e+01 -6.334301440714899201e+00 1.703725205656133834e+00 1.000000000000000000e+00
1.706928241937595558e+01 -6.334936550085502383e+00 1.701383676174076154e+00 1.000000000000000000e+00
1.708357830079921769e+01 -6.335473966897811948e+00 1.699015909251021084e+00 1.000000000000000000e+00
1.709787418222247979e+01 -6.335913682864199536e+00 1.696621941400862088e+00 1.000000000000000000e+00
1.711217006364574189e+01 -6.336255691203700913e+00 1.694201809541546089e+00 1.000000000000000000e+00
1.712646594506900755e+01 -6.336499986642121662e+00 1.691755550994498591e+00 1.000000000000000000e+00
1.714076182649226965e+01 -6.336646565412125121e+00 1.689283203484054363e+00 1.000000000000000000e+00
1.715505770791553175e+01 -6.336695425253286551e+00 1.686784805136870347e+00 1.000000000000000000e+00
1.716935358933879385e+01 -6.336646565412125121e+00 1.684260394481338574e+00 1.000000000000000000e+00
1.718364947076205951e+01 -6.336499986642121662e+00 1.681710010446994863e+00 1.000000000000000000e+00
1.719794535218532161e+01 -6.336255691203700913e+00 1.679133692363915964e+00 1.000000000000000000e+00
1.721224123360858371e+01 -6.335913682864199536e+00 1.676531479962114046e+00 1.000000000000000000e+00
1.722653711503184581e+01 -6.335473966897811948e+00 1.673903413370922744e+00 1.000000000000000000e+00
1.724083299645511147e+01 -6.334936550085502383e+00 1.671249533118380315e+00 1.000000000000000000e+00
1.725512887787837357e+01 -6.334301440714899201e+00 1.668569880130603256e+00 1.000000000000000000e+00
1.726942475930163567e+01 -6.333568648580178539e+00 1.665864495731156358e+00 1.000000000000000000e+00
1.728372064072489778e+01 -6.332738184981900886e+00 1.663133421640411891e+00 1.000000000000000000e+00
1.729801652214816343e+01 -6.331810062726838773e+00 1.660376699974911885e+00 1.000000000000000000e+00
1.731231240357142553e+01 -6.330784296127790256e+00 1.657594373246715547e+00 1.000000000000000000e+00
1.732660828499468764e+01 -6.329660901003341777e+00 1.654786484362741339e+00 1.000000000000000000e+00
1.734090416641794974e+01 -6.328439894677639010e+00 1.651953076624111283e+00 1.000000000000000000e+00
1.735520004784121184e+01 -6.327121295980107085e+00 1.649094193725475499e+00 1.000000000000000000e+00
1.736949592926447750e+01 -6.325705125245170812e+00 1.646209879754346073e+00 1.000000000000000000e+00
1.738379181068773960e+01 -6.324191404311933162e+00 1.643300179190412491e+00 1.000000000000000000e+00
1.739808769211100170e+01 -6.322580156523844863e+00 1.640365136904857746e+00 1.000000000000000000e+00
1.741238357353426380e+01 -6.320871406728339359e+00 1.637404798159662889e+00 1.000000000000000000e+00
1.742667945495752946e+01 -6.319065181276452670e+00 1.634419208606914697e+00 1.000000000000000000e+00
1.744097533638079156e+01 -6.317161508022416605e+00 1.631408414288096909e+00 1.000000000000000000e+00
1.745527121780405366e+01 -6.315160416323226222e+00 1.628372461633383450e+00 1.000000000000000000e+00
1.746956709922731577e+01 -6.313061937038190408e+00 1.625311397460918572e+00 1.000000000000000000e+00
1.748386298065058142e+01 -6.310866102528456700e+00 1.622225268976098311e+00 1.000000000000000000e+00
1.749815886207384352e+01 -6.308572946656511249e+00 1.619114123770843738e+00 1.000000000000000000e+00
1.751245474349710562e+01 -6.306182504785652121e+00 1.615978009822860662e+00 1.000000000000000000e+00
1.752675062492036773e+01 -6.303694813779451067e+00 1.612816975494907101e+00 1.000000000000000000e+00
1.754104650634363338e+01 -6.301109912001178870e+00 1.609631069534040337e+00 1.000000000000000000e+00
1.755534238776689548e+01 -6.298427839313222698e+00 1.606420341070874835e+00 1.000000000000000000e+00
1.756963826919015759e+01 -6.295648637076457277e+00 1.603184839618812862e+00 1.000000000000000000e+00
1.758393415061341969e+01 -6.292772348149621386e+00 1.599924615073290646e+00 1.000000000000000000e+00
1.759823003203668534e+01 -6.289799016888646399e+00 1.596639717711001882e+00 1.000000000000000000e+00
1.761252591345994745e+01 -6.286728689145982152e+00 1.593330198189130131e+00 1.000000000000000000e+00
1.762682179488320955e+01 -6.283561412269876634e+00 1.589996107544558557e+00 1.000000000000000000e+00
1.764111767630647165e+01 -6.280297235103660114e+00 1.586637497193090773e+00 1.000000000000000000e+00
1.765541355772973375e+01 -6.276936207984981309e+00 1.583254418928651708e+00 1.000000000000000000e+00
1.766970943915299941e+01 -6.273478382745034665e+00 1.579846924922493123e+00 1.000000000000000000e+00
1.768400532057626151e+01 -6.269923812707766331e+00 1.576415067722390262e+00 1.000000000000000000e+00
1.769830120199952361e+01 -6.266272552689041930e+00 1.572958900251824277e+00 1.000000000000000000e+00
1.771259708342278572e+01 -6.262524658995808124e+00 1.569478475809174434e+00 1.000000000000000000e+00
1.772689296484605137e+01 -6.258680189425218643e+00 1.565973848066889218e+00 1.000000000000000000e+00
1.774118884626931347e+01 -6.254739203263754987e+00 1.562445071070666325e+00 1.000000000000000000e+00
1.775548472769257558e+01 -6.250701761286295621e+00 1.558892199238610665e+00 1.000000000000000000e+00
1.776978060911583768e+01 -6.246567925755193151e+00 1.555315287360402143e+00 1.000000000000000000e+00
1.778407649053910333e+01 -6.242337760419302661e+00 1.551714390596444337e+00 1.000000000000000000e+00
1.779837237196236543e+01 -6.238011330513010044e+00 1.548089564477023394e+00 1.000000000000000000e+00
1.781266825338562754e+01 -6.233588702755211486e+00 1.544440864901439614e+00 1.000000000000000000e+00
1.782696413480888964e+01 -6.229069945348301829e+00 1.540768348137155463e+00 1.000000000000000000e+00
1.784126001623215529e+01 -6.224455127977108759e+00 1.537072070818920722e+00 1.000000000000000000e+00
1.785555589765541740e+01 -6.219744321807826104e+00 1.533352089947906061e+00 1.000000000000000000e+00
1.786985177907867950e+01 -6.214937599486912490e+00 1.529608462890818865e+00 1.000000000000000000e+00
1.788414766050194160e+01 -6.210035035139970461e+00 1.525841247379017274e+00 1.000000000000000000e+00
1.789844354192520370e+01 -6.205036704370608724e+00 1.522050501507626663e+00 1.000000000000000000e+00
1.791273942334846936e+01 -6.199942684259268866e+00 1.518236283734635039e+00 1.000000000000000000e+00
1.792703530477173146e+01 -6.194753053362046735e+00 1.514398652880002416e+00 1.000000000000000000e+00
1.794133118619499356e+01 -6.189467891709466763e+00 1.510537668124741550e+00 1.000000000000000000e+00
1.795562706761825567e+01 -6.184087280805261599e+00 1.506653389010014887e+00 1.000000000000000000e+00
1.796992294904152132e+01 -6.178611303625105577e+00 1.502745875436209522e+00 1.000000000000000000e+00
1.798421883046478342e+01 -6.173040044615343724e+00 1.498815187662021486e+00 1.000000000000000000e+00
1.799851471188804553e+01 -6.167373589691679925e+00 1.494861386303516282e+00 1.000000000000000000e+00
1.801281059331130763e+01 -6.161612026237859752e+00 1.490884532333203838e+00 1.000000000000000000e+00
1.802710647473457328e+01 -6.155755443104317770e+00 1.486884687079089273e+00 1.000000000000000000e+00
1.804140235615783538e+01 -6.149803930606812408e+00 1.482861912223736978e+00 1.000000000000000000e+00
1.805569823758109749e+01 -6.143757580525027961e+00 1.478816269803312045e+00 1.000000000000000000e+00
1.806999411900435959e+01 -6.137616486101163282e+00 1.474747822206622816e+00 1.000000000000000000e+00
1.808429000042762524e+01 -6.131380742038489373e+00 1.470656632174165424e+00 1.000000000000000000e+00
1.809858588185088735e+01 -6.125050444499895441e+00 1.466542762797151456e+00 1.000000000000000000e+00
1.811288176327414945e+01 -6.118625691106401199e+00 1.462406277516536290e+00 1.000000000000000000e+00
1.812717764469741155e+01 -6.112106580935648736e+00 1.458247240122038546e+00 1.000000000000000000e+00
1.814147352612067721e+01 -6.105493214520382850e+00 1.454065714751160199e+00 1.000000000000000000e+00
1.815576940754393931e+01 -6.098785693846895839e+00 1.449861765888195819e+00 1.000000000000000000e+00
1.817006528896720141e+01 -6.091984122353455433e+00 1.445635458363238257e+00 1.000000000000000000e+00
1.818436117039046351e+01 -6.085088604928701628e+00 1.441386857351175665e+00 1.000000000000000000e+00
1.819865705181372562e+01 -6.078099247910052405e+00 1.437116028370693410e+00 1.000000000000000000e+00
1.821295293323699127e+01 -6.071016159082029517e+00 1.432823037283254886e+00 1.000000000000000000e+00
1.822724881466025337e+01 -6.063839447674631344e+00 1.428507950292095874e+00 1.000000000000000000e+00
1.824154469608351548e+01 -6.056569224361624926e+00 1.424170833941196257e+00 1.000000000000000000e+00
1.825584057750677758e+01 -6.049205601258846876e+00 1.419811755114253060e+00 1.000000000000000000e+00
1.827013645893004323e+01 -6.041748691922474102e+00 1.415430781033655494e+00 1.000000000000000000e+00
1.828443234035330534e+01 -6.034198611347272312e+00 1.411027979259443343e+00 1.000000000000000000e+00
1.829872822177656744e+01 -6.026555475964828545e+00 1.406603417688267355e+00 1.000000000000000000e+00
1.831302410319982954e+01 -6.018819403641738397e+00 1.402157164552338520e+00 1.000000000000000000e+00
1.832731998462309519e+01 -6.010990513677811897e+00 1.397689288418381581e+00 1.000000000000000000e+00
1.834161586604635730e+01 -6.003068926804215444e+00 1.393199858186573215e+00 1.000000000000000000e+00
1.835591174746961940e+01 -5.995054765181620837e+00 1.388688943089482430e+00 1.000000000000000000e+00
1.837020762889288150e+01 -5.986948152398310796e+00 1.384156612690998767e+00 1.000000000000000000e+00
1.838450351031614716e+01 -5.978749213468280921e+00 1.379602936885262920e+00 1.000000000000000000e+00
1.839879939173940926e+01 -5.970458074829318562e+00 1.375027985895592497e+00 1.000000000000000000e+00
1.841309527316267136e+01 -5.962074864341034619e+00 1.370431830273388218e+00 1.000000000000000000e+00
1.842739115458593346e+01 -5.953599711282905993e+00 1.365814540897057228e+00 1.000000000000000000e+00
1.844168703600919557e+01 -5.945032746352275410e+00 1.361176188970911749e+00 1.000000000000000000e+00
1.845598291743246122e+01 -5.936374101662339697e+00 1.356516846024077516e+00 1.000000000000000000e+00
1.847027879885572332e+01 -5.927623910740113189e+00 1.351836583909386436e+00 1.000000000000000000e+00
1.848457468027898543e+01 -5.918782308524367153e+00 1.347135474802271249e+00 1.000000000000000000e+00
1.849887056170224753e+01 -5.909849431363538130e+00 1.342413591199647760e+00 1.000000000000000000e+00
1.851316644312551318e+01 -5.900825417013646934e+00 1.337671005918803502e+00 1.000000000000000000e+00
1.852746232454877529e+01 -5.891710404636159026e+00 1.332907792096270194e+00 1.000000000000000000e+00
1.854175820597203739e+01 -5.882504534795840456e+00 1.328124023186698643e+00 1.000000000000000000e+00
1.855605408739529949e+01 -5.873207949458589816e+00 1.323319772961720764e+00 1.000000000000000000e+00
1.857034996881856515e+01 -5.863820791989254211e+00 1.318495115508819593e+00 1.000000000000000000e+00
1.858464585024182725e+01 -5.854343207149415029e+00 1.313650125230181542e+00 1.000000000000000000e+00
1.859894173166508935e+01 -5.844775341095155063e+00 1.308784876841549760e+00 1.000000000000000000e+00
1.861323761308835145e+01 -5.835117341374806976e+00 1.303899445371074606e+00 1.000000000000000000e+00
1.862753349451161711e+01 -5.825369356926668019e+00 1.298993906158149247e+00 1.000000000000000000e+00
1.864182937593487921e+01 -5.815531538076724516e+00 1.294068334852261026e+00 1.000000000000000000e+00
1.865612525735814131e+01 -5.805604036536307966e+00 1.289122807411809957e+00 1.000000000000000000e+00
1.867042113878140341e+01 -5.795587005399777780e+00 1.284157400102948987e+00 1.000000000000000000e+00
1.868471702020466907e+01 -5.785480599142135638e+00 1.279172189498398060e+00 1.000000000000000000e+00
1.869901290162793117e+01 -5.775284973616680695e+00 1.274167252476275936e+00 1.000000000000000000e+00
1.871330878305119327e+01 -5.765000286052563538e+00 1.269142666218900040e+00 1.000000000000000000e+00
1.872760466447445538e+01 -5.754626695052393437e+00 1.264098508211607852e+00 1.000000000000000000e+00
1.874190054589771748e+01 -5.744164360589771867e+00 1.259034856241553646e+00 1.000000000000000000e+00
1.875619642732098313e+01 -5.733613444006841142e+00 1.253951788396516331e+00 1.000000000000000000e+00
1.877049230874424524e+01 -5.722974108011786853e+00 1.248849383063689755e+00 1.000000000000000000e+00
1.878478819016750734e+01 -5.712246516676332320e+00 1.243727718928476111e+00 1.000000000000000000e+00
1.879908407159076944e+01 -5.701430835433208166e+00 1.238586874973273577e+00 1.000000000000000000e+00
1.881337995301403510e+01 -5.690527231073589931e+00 1.233426930476251959e+00 1.000000000000000000e+00
1.882767583443729720e+01 -5.679535871744558762e+00 1.228247965010143217e+00 1.000000000000000000e+00
1.884197171586055930e+01 -5.668456926946461749e+00 1.223050058440997567e+00 1.000000000000000000e+00
1.885626759728382140e+01 -5.657290567530339764e+00 1.217833290926967127e+00 1.000000000000000000e+00
1.887056347870708706e+01 -5.646036965695260257e+00 1.212597742917057131e+00 1.000000000000000000e+00
1.888485936013034916e+01 -5.634696294985695353e+00 1.207343495149898915e+00 1.000000000000000000e+00
1.889915524155361126e+01 -5.623268730288808470e+00 1.202070628652489370e+00 1.000000000000000000e+00
1.891345112297687336e+01 -5.611754447831790671e+00 1.196779224738955261e+00 1.000000000000000000e+00
1.892774700440013902e+01 -5.600153625179109973e+00 1.191469365009286907e+00 1.000000000000000000e+00
1.894204288582340112e+01 -5.588466441229814841e+00 1.186141131348095179e+00 1.000000000000000000e+00
1.895633876724666322e+01 -5.576693076214734646e+00 1.180794605923330076e+00 1.000000000000000000e+00
1.897063464866992533e+01 -5.564833711693720097e+00 1.175429871185029507e+00 1.000000000000000000e+00
1.898493053009318743e+01 -5.552888530552847257e+00 1.170047009864040755e+00 1.000000000000000000e+00
1.899922641151645308e+01 -5.540857717001578031e+00 1.164646104970740614e+00 1.000000000000000000e+00
1.901352229293971519e+01 -5.528741456569952639e+00 1.159227239793768405e+00 1.000000000000000000e+00
1.902781817436297729e+01 -5.516539936105684383e+00 1.153790497898725009e+00 1.000000000000000000e+00
1.904211405578623939e+01 -5.504253343771322804e+00 1.148335963126898784e+00 1.000000000000000000e+00
1.905640993720950505e+01 -5.491881869041307596e+00 1.142863719593959493e+00 1.000000000000000000e+00
1.907070581863276715e+01 -5.479425702699096234e+00 1.137373851688676885e+00 1.000000000000000000e+00
1.908500170005602925e+01 -5.466885036834175260e+00 1.131866444071601752e+00 1.000000000000000000e+00
1.909929758147929135e+01 -5.454260064839132838e+00 1.126341581673774961e+00 1.000000000000000000e+00
1.911359346290255701e+01 -5.441550981406642506e+00 1.120799349695405622e+00 1.000000000000000000e+00
1.912788934432581911e+01 -5.428757982526506431e+00 1.115239833604571684e+00 1.000000000000000000e+00
1.914218522574908121e+01 -5.415881265482584972e+00 1.109663119135885001e+00 1.000000000000000000e+00
1.915648110717234331e+01 -5.402921028849788421e+00 1.104069292289183934e+00 1.000000000000000000e+00
1.917077698859560897e+01 -5.389877472490991472e+00 1.098458439328194869e+00 1.000000000000000000e+00
1.918507287001887107e+01 -5.376750797553974337e+00 1.092830646779214820e+00 1.000000000000000000e+00
1.919936875144213317e+01 -5.363541206468306122e+00 1.087186001429767179e+00 1.000000000000000000e+00
1.921366463286539528e+01 -5.350248902942215778e+00 1.081524590327263002e+00 1.000000000000000000e+00
1.922796051428866093e+01 -5.336874091959469268e+00 1.075846500777666526e+00 1.000000000000000000e+00
1.924225639571192303e+01 -5.323416979776197877e+00 1.070151820344142690e+00 1.000000000000000000e+00
1.925655227713518514e+01 -5.309877773917722976e+00 1.064440636845709776e+00 1.000000000000000000e+00
1.927084815855844724e+01 -5.296256683175339042e+00 1.058713038355879599e+00 1.000000000000000000e+00
1.928514403998170934e+01 -5.282553917603121540e+00 1.052969113201309259e+00 1.000000000000000000e+00
1.929943992140497500e+01 -5.268769688514660210e+00 1.047208949960426017e+00 1.000000000000000000e+00
1.931373580282823710e+01 -5.254904208479830530e+00 1.041432637462077704e+00 1.000000000000000000e+00
1.932803168425149920e+01 -5.240957691321477263e+00 1.035640264784145170e+00 1.000000000000000000e+00
1.934232756567476130e+01 -5.226930352112153955e+00 1.029831921252183369e+00 1.000000000000000000e+00
1.935662344709802696e+01 -5.212822407170774497e+00 1.024007696438030468e+00 1.000000000000000000e+00
1.937091932852128906e+01 -5.198634074059312660e+00 1.018167680158441835e+00 1.000000000000000000e+00
1.938521520994455116e+01 -5.184365571579415466e+00 1.012311962473693372e+00 1.000000000000000000e+00
1.939951109136781326e+01 -5.170017119769036995e+00 1.006440633686192854e+00 1.000000000000000000e+00
1.941380697279107892e+01 -5.155588939899055312e+00 1.000553784339094587e+00 1.000000000000000000e+00
1.942810285421434102e+01 -5.141081254469855644e+00 9.946515052148982017e-01 1.000000000000000000e+00
1.944239873563760312e+01 -5.126494287207894907e+00 9.887338873340502099e-01 1.000000000000000000e+00
1.945669461706086523e+01 -5.111828263062246691e+00 9.828010219535361358e-01 1.000000000000000000e+00
1.947099049848413088e+01 -5.097083408201149801e+00 9.768530005654810777e-01 1.000000000000000000e+00
1.948528637990739298e+01 -5.082259950008507055e+00 9.708899148957327307e-01 1.000000000000000000e+00
1.949958226133065509e+01 -5.067358117080384083e+00 9.649118569024499603e-01 1.000000000000000000e+00
1.951387814275391719e+01 -5.052378139221473496e+00 9.589189187746798293e-01 1.000000000000000000e+00
1.952817402417717929e+01 -5.037320247441569698e+00 9.529111929309446172e-01 1.000000000000000000e+00
1.954246990560044495e+01 -5.022184673951982425e+00 9.468887720178044143e-01 1.000000000000000000e+00
1.955676578702370705e+01 -5.006971652161989361e+00 9.408517489084439189e-01 1.000000000000000000e+00
1.957106166844696915e+01 -4.991681416675204375e+00 9.348002167012278152e-01 1.000000000000000000e+00
1.958535754987023125e+01 -4.976314203285967075e+00 9.287342687182659207e-01 1.000000000000000000e+00
1.959965343129349691e+01 -4.960870248975723484e+00 9.226539985039814429e-01 1.000000000000000000e+00
1.961394931271675901e+01 -4.945349791909350756e+00 9.165594998236628044e-01 1.000000000000000000e+00
1.962824519414002111e+01 -4.929753071431503209e+00 9.104508666620204638e-01 1.000000000000000000e+00
1.964254107556328321e+01 -4.914080328062895298e+00 9.043281932217313024e-01 1.000000000000000000e+00
1.965683695698654887e+01 -4.898331803496623671e+00 8.981915739219957784e-01 1.000000000000000000e+00
1.967113283840981097e+01 -4.882507740594417278e+00 8.920411033970744308e-01 1.000000000000000000e+00
1.968542871983307307e+01 -4.866608383382904357e+00 8.858768764948329322e-01 1.000000000000000000e+00
1.969972460125633518e+01 -4.850633977049836787e+00 8.796989882752727086e-01 1.000000000000000000e+00
1.971402048267960083e+01 -4.834584767940319772e+00 8.735075340090724394e-01 1.000000000000000000e+00
1.972831636410286293e+01 -4.818461003553022870e+00 8.673026091761204537e-01 1.000000000000000000e+00
1.974261224552612504e+01 -4.802262932536328854e+00 8.610843094640292517e-01 1.000000000000000000e+00
1.975690812694938714e+01 -4.785990804684535860e+00 8.548527307666756725e-01 1.000000000000000000e+00
1.977120400837265279e+01 -4.769644870933974268e+00 8.486079691827076443e-01 1.000000000000000000e+00
1.978549988979591490e+01 -4.753225383359182210e+00 8.423501210140798001e-01 1.000000000000000000e+00
1.979979577121917700e+01 -4.736732595168954063e+00 8.360792827645477931e-01 1.000000000000000000e+00
1.981409165264243910e+01 -4.720166760702495523e+00 8.297955511381978067e-01 1.000000000000000000e+00
1.982838753406570120e+01 -4.703528135425459666e+00 8.234990230379419796e-01 1.000000000000000000e+00
1.984268341548896686e+01 -4.686816975926034523e+00 8.171897955640342603e-01 1.000000000000000000e+00
1.985697929691222896e+01 -4.670033539910973808e+00 8.108679660125670541e-01 1.000000000000000000e+00
1.987127517833549106e+01 -4.653178086201623209e+00 8.045336318739740866e-01 1.000000000000000000e+00
1.988557105975875317e+01 -4.636250874729926252e+00 7.981868908315208344e-01 1.000000000000000000e+00
1.989986694118201882e+01 -4.619252166534422166e+00 7.918278407598052793e-01 1.000000000000000000e+00
1.991416282260528092e+01 -4.602182223756231316e+00 7.854565797232505586e-01 1.000000000000000000e+00
1.992845870402854302e+01 -4.585041309634975804e+00 7.790732059745791860e-01 1.000000000000000000e+00
1.994275458545180513e+01 -4.567829688504764007e+00 7.726778179533135837e-01 1.000000000000000000e+00
1.995705046687507078e+01 -4.550547625790074768e+00 7.662705142842445305e-01 1.000000000000000000e+00
1.997134634829833288e+01 -4.533195388001707293e+00 7.598513937759264758e-01 1.000000000000000000e+00
1.998564222972159499e+01 -4.515773242732625370e+00 7.534205554191339971e-01 1.000000000000000000e+00
1.999993811114485709e+01 -4.498281458653867304e+00 7.469780983853530065e-01 1.000000000000000000e+00
2.001423399256812274e+01 -4.480720305510368817e+00 7.405241220252359868e-01 1.000000000000000000e+00
2.002852987399138485e+01 -4.463090054116855221e+00 7.340587258670885351e-01 1.000000000000000000e+00
2.004282575541464695e+01 -4.445390976353595924e+00 7.275820096153129413e-01 1.000000000000000000e+00
2.005712163683790905e+01 -4.427623345162277069e+00 7.210940731488888478e-01 1.000000000000000000e+00
2.007141751826117115e+01 -4.409787434541740936e+00 7.145950165198196036e-01 1.000000000000000000e+00
2.008571339968443681e+01 -4.391883519543793746e+00 7.080849399515980469e-01 1.000000000000000000e+00
2.010000928110769891e+01 -4.373911876268965493e+00 7.015639438376626291e-01 1.000000000000000000e+00
2.011430516253096101e+01 -4.355872781862213827e+00 6.950321287398359971e-01 1.000000000000000000e+00
2.012860104395422312e+01 -4.337766514508700766e+00 6.884895953867901097e-01 1.000000000000000000e+00
2.014289692537748877e+01 -4.319593353429452165e+00 6.819364446724781592e-01 1.000000000000000000e+00
2.015719280680075087e+01 -4.301353578877112227e+00 6.753727776545971340e-01 1.000000000000000000e+00
2.017148868822401298e+01 -4.283047472131554123e+00 6.687986955530071942e-01 1.000000000000000000e+00
2.018578456964727508e+01 -4.264675315495598085e+00 6.622142997481899052e-01 1.000000000000000000e+00
2.020008045107054073e+01 -4.246237392290615809e+00 6.556196917796696111e-01 1.000000000000000000e+00
2.021437633249380283e+01 -4.227733986852206804e+00 6.490149733444648961e-01 1.000000000000000000e+00
2.022867221391706494e+01 -4.209165384525760167e+00 6.424002462955001880e-01 1.000000000000000000e+00
2.024296809534032704e+01 -4.190531871662105168e+00 6.357756126400521124e-01 1.000000000000000000e+00
2.025726397676359269e+01 -4.171833735613045491e+00 6.291411745381623177e-01 1.000000000000000000e+00
2.027155985818685480e+01 -4.153071264726983181e+00 6.224970343010781670e-01 1.000000000000000000e+00
2.028585573961011690e+01 -4.134244748344429787e+00 6.158432943896610112e-01 1.000000000000000000e+00
2.030015162103337900e+01 -4.115354476793548599e+00 6.091800574128085621e-01 1.000000000000000000e+00
2.031444750245664466e+01 -4.096400741385701316e+00 6.025074261258792641e-01 1.000000000000000000e+00
2.032874338387990676e+01 -4.077383834410931662e+00 5.958255034291020102e-01 1.000000000000000000e+00
2.034303926530316886e+01 -4.058304049133476532e+00 5.891343923659924098e-01 1.000000000000000000e+00
2.035733514672643096e+01 -4.039161679787219406e+00 5.824341961217568420e-01 1.000000000000000000e+00
2.037163102814969307e+01 -4.019957021571183731e+00 5.757250180217133861e-01 1.000000000000000000e+00
2.038592690957295872e+01 -4.000690370644942817e+00 5.690069615296833305e-01 1.000000000000000000e+00
2.040022279099622082e+01 -3.981362024124106558e+00 5.622801302464143225e-01 1.000000000000000000e+00
2.041451867241948293e+01 -3.961972280075675368e+00 5.555446279079619964e-01 1.000000000000000000e+00
2.042881455384274503e+01 -3.942521437513497595e+00 5.488005583841074619e-01 1.000000000000000000e+00
2.044311043526601068e+01 -3.923009796393612358e+00 5.420480256767409299e-01 1.000000000000000000e+00
2.045740631668927278e+01 -3.903437657609678535e+00 5.352871339182748711e-01 1.000000000000000000e+00
2.047170219811253489e+01 -3.883805322988286512e+00 5.285179873700235342e-01 1.000000000000000000e+00
2.048599807953579699e+01 -3.864113095284314792e+00 5.217406904205976748e-01 1.000000000000000000e+00
2.050029396095906264e+01 -3.844361278176278596e+00 5.149553475843017258e-01 1.000000000000000000e+00
2.051458984238232475e+01 -3.824550176261631851e+00 5.081620634995158703e-01 1.000000000000000000e+00
2.052888572380558685e+01 -3.804680095052077604e+00 5.013609429270859952e-01 1.000000000000000000e+00
2.054318160522884895e+01 -3.784751340968840694e+00 4.945520907487017670e-01 1.000000000000000000e+00
2.055747748665211461e+01 -3.764764221337966621e+00 4.877356119652881961e-01 1.000000000000000000e+00
2.057177336807537671e+01 -3.744719044385564466e+00 4.809116116953804920e-01 1.000000000000000000e+00
2.058606924949863881e+01 -3.724616119233064904e+00 4.740801951735060249e-01 1.000000000000000000e+00
2.060036513092190091e+01 -3.704455755892432922e+00 4.672414677485553502e-01 1.000000000000000000e+00
2.061466101234516302e+01 -3.684238265261420064e+00 4.603955348821683891e-01 1.000000000000000000e+00
2.062895689376842867e+01 -3.663963959118728742e+00 4.535425021470941287e-01 1.000000000000000000e+00
2.064325277519169077e+01 -3.643633150119253372e+00 4.466824752255795783e-01 1.000000000000000000e+00
2.065754865661495288e+01 -3.623246151789219383e+00 4.398155599077261391e-01 1.000000000000000000e+00
2.067184453803821498e+01 -3.602803278521351960e+00 4.329418620898596859e-01 1.000000000000000000e+00
2.068614041946148063e+01 -3.582304845570050134e+00 4.260614877729052008e-01 1.000000000000000000e+00
2.070043630088474274e+01 -3.561751169046508458e+00 4.191745430607461964e-01 1.000000000000000000e+00
2.071473218230800484e+01 -3.541142565913847573e+00 4.122811341585911893e-01 1.000000000000000000e+00
2.072902806373126694e+01 -3.520479353982215454e+00 4.053813673713299592e-01 1.000000000000000000e+00
2.074332394515453259e+01 -3.499761851903905097e+00 3.984753491019032423e-01 1.000000000000000000e+00
2.075761982657779470e+01 -3.478990379168426905e+00 3.915631858496558815e-01 1.000000000000000000e+00
2.077191570800105680e+01 -3.458165256097590845e+00 3.846449842086976378e-01 1.000000000000000000e+00
2.078621158942431890e+01 -3.437286803840547300e+00 3.777208508662528996e-01 1.000000000000000000e+00
2.080050747084758456e+01 -3.416355344368863456e+00 3.707908926010249351e-01 1.000000000000000000e+00
2.081480335227084666e+01 -3.395371200471536621e+00 3.638552162815428814e-01 1.000000000000000000e+00
2.082909923369410876e+01 -3.374334695750025315e+00 3.569139288645155061e-01 1.000000000000000000e+00
2.084339511511737086e+01 -3.353246154613259478e+00 3.499671373931830809e-01 1.000000000000000000e+00
2.085769099654063652e+01 -3.332105902272616493e+00 3.430149489956590414e-01 1.000000000000000000e+00
2.087198687796389862e+01 -3.310914264736960266e+00 3.360574708832948509e-01 1.000000000000000000e+00
2.088628275938716072e+01 -3.289671568807540858e+00 3.290948103490053955e-01 1.000000000000000000e+00
2.090057864081042283e+01 -3.268378142073018466e+00 3.221270747656321820e-01 1.000000000000000000e+00
2.091487452223368493e+01 -3.247034312904364839e+00 3.151543715842743953e-01 1.000000000000000000e+00
2.092917040365695058e+01 -3.225640410449833517e+00 3.081768083326423269e-01 1.000000000000000000e+00
2.094346628508021269e+01 -3.204196764629866134e+00 3.011944926133929279e-01 1.000000000000000000e+00
2.095776216650347479e+01 -3.182703706132013366e+00 2.942075321024737455e-01 1.000000000000000000e+00
2.097205804792673689e+01 -3.161161566405815915e+00 2.872160345474558674e-01 1.000000000000000000e+00
2.098635392935000255e+01 -3.139570677657721465e+00 2.802201077658822426e-01 1.000000000000000000e+00
2.100064981077326465e+01 -3.117931372845944793e+00 2.732198596435980731e-01 1.000000000000000000e+00
2.101494569219652675e+01 -3.096243985675333210e+00 2.662153981330891983e-01 1.000000000000000000e+00
2.102924157361978885e+01 -3.074508850592232445e+00 2.592068312518185924e-01 1.000000000000000000e+00
2.104353745504305451e+01 -3.052726302779297018e+00 2.521942670805528142e-01 1.000000000000000000e+00
2.105783333646631661e+01 -3.030896678150381440e+00 2.451778137617127151e-01 1.000000000000000000e+00
2.107212921788957871e+01 -3.009020313345285302e+00 2.381575794976834304e-01 1.000000000000000000e+00
2.108642509931284081e+01 -2.987097545724628045e+00 2.311336725491649757e-01 1.000000000000000000e+00
2.110072098073610647e+01 -2.965128713364590940e+00 2.241062012334866793e-01 1.000000000000000000e+00
2.111501686215936857e+01 -2.943114155051765213e+00 2.170752739229560024e-01 1.000000000000000000e+00
2.112931274358263067e+01 -2.921054210277858054e+00 2.100409990431649498e-01 1.000000000000000000e+00
2.114360862500589278e+01 -2.898949219234517205e+00 2.030034850713371974e-01 1.000000000000000000e+00
2.115790450642915488e+01 -2.876799522808040965e+00 1.959628405346408309e-01 1.000000000000000000e+00
2.117220038785242053e+01 -2.854605462574152153e+00 1.889191740085258697e-01 1.000000000000000000e+00
2.118649626927568264e+01 -2.832367380792716105e+00 1.818725941150435288e-01 1.000000000000000000e+00
2.120079215069894474e+01 -2.810085620402463569e+00 1.748232095211728621e-01 1.000000000000000000e+00
2.121508803212220684e+01 -2.787760525015707813e+00 1.677711289371464076e-01 1.000000000000000000e+00
2.122938391354547250e+01 -2.765392438913022666e+00 1.607164611147657851e-01 1.000000000000000000e+00
2.124367979496873460e+01 -2.742981707037986716e+00 1.536593148457422731e-01 1.000000000000000000e+00
2.125797567639199670e+01 -2.720528674991794293e+00 1.465997989599966134e-01 1.000000000000000000e+00
2.127227155781525880e+01 -2.698033689027983240e+00 1.395380223240000328e-01 1.000000000000000000e+00
2.128656743923852446e+01 -2.675497096047051215e+00 1.324740938390792933e-01 1.000000000000000000e+00
2.130086332066178656e+01 -2.652919243591162157e+00 1.254081224397564920e-01 1.000000000000000000e+00
2.131515920208504866e+01 -2.630300479838714622e+00 1.183402170920468677e-01 1.000000000000000000e+00
2.132945508350831076e+01 -2.607641153599035810e+00 1.112704867917974627e-01 1.000000000000000000e+00
2.134375096493157642e+01 -2.584941614306953905e+00 1.041990405629903971e-01 1.000000000000000000e+00
2.135804684635483852e+01 -2.562202212017464564e+00 9.712598745608071182e-02 1.000000000000000000e+00
2.137234272777810062e+01 -2.539423297400265511e+00 9.005143654629231553e-02 1.000000000000000000e+00
2.138663860920136273e+01 -2.516605221734405262e+00 8.297549693195344078e-02 1.000000000000000000e+00
2.140093449062462838e+01 -2.493748336902836815e+00 7.589827773280631573e-02 1.000000000000000000e+00
2.141523037204789048e+01 -2.470852995387000650e+00 6.881988808832591176e-02 1.000000000000000000e+00
2.142952625347115259e+01 -2.447919550261389965e+00 6.174043715603854537e-02 1.000000000000000000e+00
2.144382213489441469e+01 -2.424948355188088378e+00 5.466003410983207716e-02 1.000000000000000000e+00
2.145811801631767679e+01 -2.401939764411352041e+00 4.757878813828356201e-02 1.000000000000000000e+00
2.147241389774094245e+01 -2.378894132752097157e+00 4.049680844296098953e-02 1.000000000000000000e+00
2.148670977916420455e+01 -2.355811815602493642e+00 3.341420423675850460e-02 1.000000000000000000e+00
2.150100566058746665e+01 -2.332693168920410454e+00 2.633108474218975176e-02 1.000000000000000000e+00
2.151530154201072875e+01 -2.309538549223989268e+00 1.924755918972277657e-02 1.000000000000000000e+00
2.152959742343399441e+01 -2.286348313586093806e+00 1.216373681607952825e-02 1.000000000000000000e+00
2.154389330485725651e+01 -2.263122819628866189e+00 5.079726862570523374e-03 1.000000000000000000e+00
2.155818918628051861e+01 -2.239862425518138522e+00 -2.004361426612225657e-03 1.000000000000000000e+00
2.157248506770378071e+01 -2.216567489957973258e+00 -9.088418806060660077e-03 1.000000000000000000e+00
2.158678094912704637e+01 -2.193238372185077889e+00 -1.617233603085140373e-02 1.000000000000000000e+00
2.160107683055030847e+01 -2.169875431963323997e+00 -2.325600385821281410e-02 1.000000000000000000e+00
2.161537271197357057e+01 -2.146479029578150843e+00 -3.033931304922408978e-02 1.000000000000000000e+00
2.162966859339683268e+01 -2.123049525831015583e+00 -3.742215437049822846e-02 1.000000000000000000e+00
2.164396447482009833e+01 -2.099587282033855029e+00 -4.450441859585858168e-02 1.000000000000000000e+00
2.165826035624336043e+01 -2.076092660003492796e+00 -5.158599650802959263e-02 1.000000000000000000e+00
2.167255623766662254e+01 -2.052566022056069528e+00 -5.866677890031794101e-02 1.000000000000000000e+00
2.168685211908988464e+01 -2.029007731001436721e+00 -6.574665657830300325e-02 1.000000000000000000e+00
2.170114800051314674e+01 -2.005418150137594946e+00 -7.282552036150953534e-02 1.000000000000000000e+00
2.171544388193641240e+01 -1.981797643245047258e+00 -7.990326108510585612e-02 1.000000000000000000e+00
2.172973976335967450e+01 -1.958146574581251187e+00 -8.697976960156800219e-02 1.000000000000000000e+00
2.174403564478293660e+01 -1.934465308874927292e+00 -9.405493678238541211e-02 1.000000000000000000e+00
2.175833152620619870e+01 -1.910754211320498941e+00 -1.011286535197245401e-01 1.000000000000000000e+00
2.177262740762946436e+01 -1.887013647572405972e+00 -1.082008107281275111e-01 1.000000000000000000e+00
2.178692328905272646e+01 -1.863243983739525378e+00 -1.152712993461767199e-01 1.000000000000000000e+00
2.180121917047598856e+01 -1.839445586379479414e+00 -1.223400103381909881e-01 1.000000000000000000e+00
2.181551505189925066e+01 -1.815618822492983453e+00 -1.294068346959056925e-01 1.000000000000000000e+00
2.182981093332251632e+01 -1.791764059518217156e+00 -1.364716634401454964e-01 1.000000000000000000e+00
2.184410681474577842e+01 -1.767881665325135465e+00 -1.435343876225116111e-01 1.000000000000000000e+00
2.185840269616904052e+01 -1.743972008209806912e+00 -1.505948983270584962e-01 1.000000000000000000e+00
2.187269857759230263e+01 -1.720035456888710179e+00 -1.576530866719800528e-01 1.000000000000000000e+00
2.188699445901556828e+01 -1.696072380493083287e+00 -1.647088438112789821e-01 1.000000000000000000e+00
2.190129034043883038e+01 -1.672083148563208166e+00 -1.717620609364517992e-01 1.000000000000000000e+00
2.191558622186209249e+01 -1.648068131042722317e+00 -1.788126292781636317e-01 1.000000000000000000e+00
2.192988210328535459e+01 -1.624027698272892728e+00 -1.858604401079318735e-01 1.000000000000000000e+00
2.194417798470862024e+01 -1.599962220986933081e+00 -1.929053847397949328e-01 1.000000000000000000e+00
2.195847386613188235e+01 -1.575872070304289441e+00 -1.999473545319868373e-01 1.000000000000000000e+00
2.197276974755514445e+01 -1.551757617724869975e+00 -2.069862408886267990e-01 1.000000000000000000e+00
2.198706562897840655e+01 -1.527619235123374830e+00 -2.140219352613765280e-01 1.000000000000000000e+00
2.200136151040166865e+01 -1.503457294743514305e+00 -2.210543291511284092e-01 1.000000000000000000e+00
2.201565739182493431e+01 -1.479272169192303643e+00 -2.280833141096675898e-01 1.000000000000000000e+00
2.202995327324819641e+01 -1.455064231434297195e+00 -2.351087817413506920e-01 1.000000000000000000e+00
2.204424915467145851e+01 -1.430833854785847681e+00 -2.421306237047743948e-01 1.000000000000000000e+00
2.205854503609472061e+01 -1.406581412909326145e+00 -2.491487317144523428e-01 1.000000000000000000e+00
2.207284091751798627e+01 -1.382307279807393652e+00 -2.561629975424756234e-01 1.000000000000000000e+00
2.208713679894124837e+01 -1.358011829817211469e+00 -2.631733130201881488e-01 1.000000000000000000e+00
2.210143268036451047e+01 -1.333695437604678347e+00 -2.701795700398513800e-01 1.000000000000000000e+00
2.211572856178777258e+01 -1.309358478158632266e+00 -2.771816605563182656e-01 1.000000000000000000e+00
2.213002444321103823e+01 -1.285001326785093934e+00 -2.841794765886909158e-01 1.000000000000000000e+00
2.214432032463430033e+01 -1.260624359101485625e+00 -2.911729102219846599e-01 1.000000000000000000e+00
2.215861620605756244e+01 -1.236227951030788086e+00 -2.981618536088063709e-01 1.000000000000000000e+00
2.217291208748082454e+01 -1.211812478795804005e+00 -3.051461989710000933e-01 1.000000000000000000e+00
2.218720796890409019e+01 -1.187378318913303143e+00 -3.121258386013250896e-01 1.000000000000000000e+00
2.220150385032735230e+01 -1.162925848188278488e+00 -3.191006648650976385e-01 1.000000000000000000e+00
2.221579973175061440e+01 -1.138455443708061843e+00 -3.260705702018732999e-01 1.000000000000000000e+00
2.223009561317387650e+01 -1.113967482836572209e+00 -3.330354471270864369e-01 1.000000000000000000e+00
2.224439149459713860e+01 -1.089462343208448925e+00 -3.399951882337219899e-01 1.000000000000000000e+00
2.225868737602040426e+01 -1.064940402723264068e+00 -3.469496861939609933e-01 1.000000000000000000e+00
2.227298325744366636e+01 -1.040402039539675583e+00 -3.538988337608416912e-01 1.000000000000000000e+00
2.228727913886692846e+01 -1.015847632069604156e+00 -3.608425237699105503e-01 1.000000000000000000e+00
2.230157502029019057e+01 -9.912775589723774594e-01 -3.677806491408810441e-01 1.000000000000000000e+00
2.231587090171345622e+01 -9.666921991489174637e-01 -3.747131028792770602e-01 1.000000000000000000e+00
2.233016678313671832e+01 -9.420919317359024436e-01 -3.816397780780814153e-01 1.000000000000000000e+00
2.234446266455998042e+01 -9.174771360998715819e-01 -3.885605679193985806e-01 1.000000000000000000e+00
2.235875854598324253e+01 -8.928481918314343790e-01 -3.954753656760845448e-01 1.000000000000000000e+00
2.237305442740650818e+01 -8.682054787393624906e-01 -4.023840647134087067e-01 1.000000000000000000e+00
2.238735030882977028e+01 -8.435493768447980267e-01 -4.092865584906790200e-01 1.000000000000000000e+00
2.240164619025303239e+01 -8.188802663753168565e-01 -4.161827405629074939e-01 1.000000000000000000e+00
2.241594207167629449e+01 -7.941985277591309123e-01 -4.230725045824324515e-01 1.000000000000000000e+00
2.243023795309956014e+01 -7.695045416191655940e-01 -4.299557443005742607e-01 1.000000000000000000e+00
2.244453383452282225e+01 -7.447986887672571887e-01 -4.368323535692553161e-01 1.000000000000000000e+00
2.245882971594608435e+01 -7.200813501982026299e-01 -4.437022263426586011e-01 1.000000000000000000e+00
2.247312559736934645e+01 -6.953529070839506998e-01 -4.505652566788443392e-01 1.000000000000000000e+00
2.248742147879261211e+01 -6.706137407676678874e-01 -4.574213387413995080e-01 1.000000000000000000e+00
2.250171736021587421e+01 -6.458642327579193765e-01 -4.642703668010526585e-01 1.000000000000000000e+00
2.251601324163913631e+01 -6.211047647227354584e-01 -4.711122352373184885e-01 1.000000000000000000e+00
2.253030912306239841e+01 -5.963357184837307923e-01 -4.779468385401249297e-01 1.000000000000000000e+00
2.254460500448566052e+01 -5.715574760102503094e-01 -4.847740713114312983e-01 1.000000000000000000e+00
2.255890088590892617e+01 -5.467704194134282991e-01 -4.915938282668670389e-01 1.000000000000000000e+00
2.257319676733218827e+01 -5.219749309403630688e-01 -4.984060042373373300e-01 1.000000000000000000e+00
2.258749264875545038e+01 -4.971713929681434996e-01 -5.052104941706663244e-01 1.000000000000000000e+00
2.260178853017871248e+01 -4.723601879980195983e-01 -5.120071931331986459e-01 1.000000000000000000e+00
2.261608441160197813e+01 -4.475416986494482607e-01 -5.187959963114328055e-01 1.000000000000000000e+00
2.263038029302524023e+01 -4.227163076542596043e-01 -5.255767990136197554e-01 1.000000000000000000e+00
2.264467617444850234e+01 -3.978843978506765300e-01 -5.323494966713979704e-01 1.000000000000000000e+00
2.265897205587176444e+01 -3.730463521774776692e-01 -5.391139848413883939e-01 1.000000000000000000e+00
2.267326793729503009e+01 -3.482025536680368183e-01 -5.458701592068199160e-01 1.000000000000000000e+00
2.268756381871829220e+01 -3.233533854444768374e-01 -5.526179155791214326e-01 1.000000000000000000e+00
2.270185970014155430e+01 -2.984992307117119159e-01 -5.593571498995424385e-01 1.000000000000000000e+00
2.271615558156481640e+01 -2.736404727515426849e-01 -5.660877582407558561e-01 1.000000000000000000e+00
2.273045146298808206e+01 -2.487774949167742833e-01 -5.728096368084532042e-01 1.000000000000000000e+00
2.274474734441134416e+01 -2.239106806252818271e-01 -5.795226819429518672e-01 1.000000000000000000e+00
2.275904322583460626e+01 -1.990404133541091303e-01 -5.862267901207899312e-01 1.000000000000000000e+00
2.277333910725786836e+01 -1.741670766335321474e-01 -5.929218579563286795e-01 1.000000000000000000e+00
2.278763498868113047e+01 -1.492910540411842291e-01 -5.996077822033372140e-01 1.000000000000000000e+00
2.280193087010439612e+01 -1.244127291960899218e-01 -6.062844597565969496e-01 1.000000000000000000e+00
2.281622675152765822e+01 -9.953248575281682664e-02 -6.129517876534748000e-01 1.000000000000000000e+00
2.283052263295092033e+01 -7.465070739548022860e-02 -6.196096630755311141e-01 1.000000000000000000e+00
2.284481851437418243e+01 -4.976777783189390708e-02 -6.262579833500877546e-01 1.000000000000000000e+00
2.285911439579744808e+01 -2.488408078759651518e-02 -6.328966459518262644e-01 1.000000000000000000e+00
2.287341027722071019e+01 4.076073374980854514e-15 -6.395255485043521704e-01 1.000000000000000000e+00
