0.000000000000000000e+00 0.000000000000000000e+00 -2.080352109113216219e+00 1.000000000000000000e+00
1.429813099501272763e-02 9.748238225682048785e-02 -2.074031091368970792e+00 1.000000000000000000e+00
2.859626199002545527e-02 1.949631438981291875e-01 -2.067675593476817397e+00 1.000000000000000000e+00
4.289439298503817943e-02 2.924406643353564816e-01 -2.061285721095011514e+00 1.000000000000000000e+00
5.719252398005091054e-02 3.899133230338169831e-01 -2.054861580453275050e+00 1.000000000000000000e+00
7.149065497506364164e-02 4.873794995396500407e-01 -2.048403278351028423e+00 1.000000000000000000e+00
8.578878597007635887e-02 5.848375735067594672e-01 -2.041910922155616426e+00 1.000000000000000000e+00
1.000869169650890900e-01 6.822859247237520464e-01 -2.035384619800523431e+00 1.000000000000000000e+00
1.143850479601018211e-01 7.797229331408714881e-01 -2.028824479783578827e+00 1.000000000000000000e+00
1.286831789551145522e-01 8.771469788969322723e-01 -2.022230611165151792e+00 1.000000000000000000e+00
1.429813099501272833e-01 9.745564423462499404e-01 -2.015603123566340749e+00 1.000000000000000000e+00
1.572794409451400144e-01 1.071949704085566113e+00 -2.008942127167149039e+00 1.000000000000000000e+00
1.715775719401527177e-01 1.169325144980970732e+00 -2.002247732704653504e+00 1.000000000000000000e+00
1.858757029351654488e-01 1.266681146194820196e+00 -1.995520051471164180e+00 1.000000000000000000e+00
2.001738339301781799e-01 1.364016089212649829e+00 -1.988759195312373773e+00 1.000000000000000000e+00
2.144719649251909110e-01 1.461328355870081586e+00 -1.981965276625498706e+00 1.000000000000000000e+00
2.287700959202036421e-01 1.558616328379724525e+00 -1.975138408357408615e+00 1.000000000000000000e+00
2.430682269152163733e-01 1.655878389358070413e+00 -1.968278704002752066e+00 1.000000000000000000e+00
2.573663579102291044e-01 1.753112921852383543e+00 -1.961386277602065853e+00 1.000000000000000000e+00
2.716644889052418077e-01 1.850318309367579905e+00 -1.954461243739882281e+00 1.000000000000000000e+00
2.859626199002545666e-01 1.947492935893103683e+00 -1.947503717542822477e+00 1.000000000000000000e+00
3.002607508952672699e-01 2.044635185929788879e+00 -1.940513814677682802e+00 1.000000000000000000e+00
3.145588818902800288e-01 2.141743444516721162e+00 -1.933491651349512397e+00 1.000000000000000000e+00
3.288570128852927321e-01 2.238816097258082838e+00 -1.926437344299680943e+00 1.000000000000000000e+00
3.431551438803054355e-01 2.335851530349992267e+00 -1.919351010803937774e+00 1.000000000000000000e+00
3.574532748753181943e-01 2.432848130607335513e+00 -1.912232768670462768e+00 1.000000000000000000e+00
3.717514058703308977e-01 2.529804285490580895e+00 -1.905082736237906138e+00 1.000000000000000000e+00
3.860495368653436565e-01 2.626718383132589985e+00 -1.897901032373423780e+00 1.000000000000000000e+00
4.003476678603563599e-01 2.723588812365411727e+00 -1.890687776470699299e+00 1.000000000000000000e+00
4.146457988553691187e-01 2.820413962747073455e+00 -1.883443088447958713e+00 1.000000000000000000e+00
4.289439298503818221e-01 2.917192224588344818e+00 -1.876167088745978706e+00 1.000000000000000000e+00
4.432420608453945809e-01 3.013921988979505695e+00 -1.868859898326082014e+00 1.000000000000000000e+00
4.575401918404072843e-01 3.110601647817093252e+00 -1.861521638668129919e+00 1.000000000000000000e+00
4.718383228354199876e-01 3.207229593830631220e+00 -1.854152431768497866e+00 1.000000000000000000e+00
4.861364538304327465e-01 3.303804220609356523e+00 -1.846752400138052419e+00 1.000000000000000000e+00
5.004345848254454499e-01 3.400323922628921025e+00 -1.839321666800109778e+00 1.000000000000000000e+00
5.147327158204582087e-01 3.496787095278085289e+00 -1.831860355288394970e+00 1.000000000000000000e+00
5.290308468154709676e-01 3.593192134885392353e+00 -1.824368589644984384e+00 1.000000000000000000e+00
5.433289778104836154e-01 3.689537438745828180e+00 -1.816846494418246305e+00 1.000000000000000000e+00
5.576271088054963743e-01 3.785821405147472785e+00 -1.809294194660769239e+00 1.000000000000000000e+00
5.719252398005091331e-01 3.882042433398121162e+00 -1.801711815927282023e+00 1.000000000000000000e+00
5.862233707955217810e-01 3.978198923851892665e+00 -1.794099484272568379e+00 1.000000000000000000e+00
6.005215017905345398e-01 4.074289277935832843e+00 -1.786457326249370592e+00 1.000000000000000000e+00
6.148196327855472987e-01 4.170311898176481513e+00 -1.778785468906284306e+00 1.000000000000000000e+00
6.291177637805600575e-01 4.266265188226435967e+00 -1.771084039785648878e+00 1.000000000000000000e+00
6.434158947755727054e-01 4.362147552890884405e+00 -1.763353166921424853e+00 1.000000000000000000e+00
6.577140257705854642e-01 4.457957398154132278e+00 -1.755592978837066331e+00 1.000000000000000000e+00
6.720121567655982231e-01 4.553693131206094868e+00 -1.747803604543383793e+00 1.000000000000000000e+00
6.863102877606108709e-01 4.649353160468781887e+00 -1.739985173536400698e+00 1.000000000000000000e+00
7.006084187556236298e-01 4.744935895622756306e+00 -1.732137815795199209e+00 1.000000000000000000e+00
7.149065497506363887e-01 4.840439747633572765e+00 -1.724261661779759036e+00 1.000000000000000000e+00
7.292046807456491475e-01 4.935863128778193776e+00 -1.716356842428790719e+00 1.000000000000000000e+00
7.435028117406617953e-01 5.031204452671385496e+00 -1.708423489157556707e+00 1.000000000000000000e+00
7.578009427356745542e-01 5.126462134292096628e+00 -1.700461733855687552e+00 1.000000000000000000e+00
7.720990737306873131e-01 5.221634590009794685e+00 -1.692471708884988768e+00 1.000000000000000000e+00
7.863972047257000719e-01 5.316720237610811139e+00 -1.684453547077241042e+00 1.000000000000000000e+00
8.006953357207127198e-01 5.411717496324627952e+00 -1.676407381731991331e+00 1.000000000000000000e+00
8.149934667157254786e-01 5.506624786850173869e+00 -1.668333346614337076e+00 1.000000000000000000e+00
8.292915977107382375e-01 5.601440531382069210e+00 -1.660231575952702654e+00 1.000000000000000000e+00
8.435897287057508853e-01 5.696163153636856435e+00 -1.652102204436607380e+00 1.000000000000000000e+00
8.578878597007636442e-01 5.790791078879211184e+00 -1.643945367214426190e+00 1.000000000000000000e+00
8.721859906957764030e-01 5.885322733948116003e+00 -1.635761199891144102e+00 1.000000000000000000e+00
8.864841216907891619e-01 5.979756547283020751e+00 -1.627549838526099801e+00 1.000000000000000000e+00
9.007822526858018097e-01 6.074090948949959490e+00 -1.619311419630725446e+00 1.000000000000000000e+00
9.150803836808145686e-01 6.168324370667660261e+00 -1.611046080166276928e+00 1.000000000000000000e+00
9.293785146758273275e-01 6.262455245833609574e+00 -1.602753957541555696e+00 1.000000000000000000e+00
9.436766456708399753e-01 6.356482009550100010e+00 -1.594435189610625248e+00 1.000000000000000000e+00
9.579747766658527341e-01 6.450403098650249412e+00 -1.586089914670520296e+00 1.000000000000000000e+00
9.722729076608654930e-01 6.544216951723978326e+00 -1.577718271458946164e+00 1.000000000000000000e+00
9.865710386558782519e-01 6.637922009143981228e+00 -1.569320399151972412e+00 1.000000000000000000e+00
1.000869169650890900e+00 6.731516713091639126e+00 -1.560896437361719791e+00 1.000000000000000000e+00
1.015167300645903659e+00 6.824999507582938385e+00 -1.552446526134039440e+00 1.000000000000000000e+00
1.029465431640916417e+00 6.918368838494315831e+00 -1.543970805946183411e+00 1.000000000000000000e+00
1.043763562635929176e+00 7.011623153588513624e+00 -1.535469417704470096e+00 1.000000000000000000e+00
1.058061693630941935e+00 7.104760902540371070e+00 -1.526942502741941876e+00 1.000000000000000000e+00
1.072359824625954472e+00 7.197780536962608444e+00 -1.518390202816015444e+00 1.000000000000000000e+00
1.086657955620967231e+00 7.290680510431571726e+00 -1.509812660106124360e+00 1.000000000000000000e+00
1.100956086615979990e+00 7.383459278512918722e+00 -1.501210017211356496e+00 1.000000000000000000e+00
1.115254217610992749e+00 7.476115298787328278e+00 -1.492582417148082152e+00 1.000000000000000000e+00
1.129552348606005507e+00 7.568647030876106463e+00 -1.483930003347577964e+00 1.000000000000000000e+00
1.143850479601018266e+00 7.661052936466830054e+00 -1.475252919653641026e+00 1.000000000000000000e+00
1.158148610596031025e+00 7.753331479338894106e+00 -1.466551310320197921e+00 1.000000000000000000e+00
1.172446741591043562e+00 7.845481125389063948e+00 -1.457825320008907299e+00 1.000000000000000000e+00
1.186744872586056321e+00 7.937500342656975683e+00 -1.449075093786753143e+00 1.000000000000000000e+00
1.201043003581069080e+00 8.029387601350604697e+00 -1.440300777123635134e+00 1.000000000000000000e+00
1.215341134576081839e+00 8.121141373871701319e+00 -1.431502515889949256e+00 1.000000000000000000e+00
1.229639265571094597e+00 8.212760134841174064e+00 -1.422680456354163070e+00 1.000000000000000000e+00
1.243937396566107356e+00 8.304242361124472893e+00 -1.413834745180382990e+00 1.000000000000000000e+00
1.258235527561120115e+00 8.395586531856885415e+00 -1.404965529425917348e+00 1.000000000000000000e+00
1.272533658556132652e+00 8.486791128468832213e+00 -1.396072956538831233e+00 1.000000000000000000e+00
1.286831789551145411e+00 8.577854634711115978e+00 -1.387157174355495126e+00 1.000000000000000000e+00
1.301129920546158170e+00 8.668775536680120908e+00 -1.378218331098126415e+00 1.000000000000000000e+00
1.315428051541170928e+00 8.759552322842994343e+00 -1.369256575372326701e+00 1.000000000000000000e+00
1.329726182536183687e+00 8.850183484062750239e+00 -1.360272056164610888e+00 1.000000000000000000e+00
1.344024313531196446e+00 8.940667513623383300e+00 -1.351264922839928273e+00 1.000000000000000000e+00
1.358322444526209205e+00 9.031002907254908507e+00 -1.342235325139183200e+00 1.000000000000000000e+00
1.372620575521221742e+00 9.121188163158365114e+00 -1.333183413176742382e+00 1.000000000000000000e+00
1.386918706516234501e+00 9.211221782030790450e+00 -1.324109337437940903e+00 1.000000000000000000e+00
1.401216837511247260e+00 9.301102267090142206e+00 -1.315013248776579102e+00 1.000000000000000000e+00
1.415514968506260018e+00 9.390828124100181640e+00 -1.305895298412416583e+00 1.000000000000000000e+00
1.429813099501272777e+00 9.480397861395308823e+00 -1.296755637928657112e+00 1.000000000000000000e+00
1.444111230496285536e+00 9.569809989905374792e+00 -1.287594419269428636e+00 1.000000000000000000e+00
1.458409361491298295e+00 9.659063023180431529e+00 -1.278411794737256635e+00 1.000000000000000000e+00
1.472707492486311054e+00 9.748155477415433978e+00 -1.269207916990534146e+00 1.000000000000000000e+00
1.487005623481323591e+00 9.837085871474920751e+00 -1.259982939040982020e+00 1.000000000000000000e+00
1.501303754476336350e+00 9.925852726917632651e+00 -1.250737014251104506e+00 1.000000000000000000e+00
1.515601885471349108e+00 1.001445456802109213e+01 -1.241470296331642187e+00 1.000000000000000000e+00
1.529900016466361867e+00 1.010288992180612588e+01 -1.232182939339015348e+00 1.000000000000000000e+00
1.544198147461374626e+00 1.019115731806138037e+01 -1.222875097672762035e+00 1.000000000000000000e+00
1.558496278456387385e+00 1.027925528936772714e+01 -1.213546926072971655e+00 1.000000000000000000e+00
1.572794409451400144e+00 1.036718237112269314e+01 -1.204198579617713705e+00 1.000000000000000000e+00
1.587092540446412681e+00 1.045493710156477896e+01 -1.194830213720457612e+00 1.000000000000000000e+00
1.601390671441425440e+00 1.054251802179778430e+01 -1.185441984127490578e+00 1.000000000000000000e+00
1.615688802436438198e+00 1.062992367581505171e+01 -1.176034046915327647e+00 1.000000000000000000e+00
1.629986933431450957e+00 1.071715261052366053e+01 -1.166606558488117118e+00 1.000000000000000000e+00
1.644285064426463716e+00 1.080420337576861201e+01 -1.157159675575040847e+00 1.000000000000000000e+00
1.658583195421476475e+00 1.089107452435691314e+01 -1.147693555227707662e+00 1.000000000000000000e+00
1.672881326416489234e+00 1.097776461208164100e+01 -1.138208354817543233e+00 1.000000000000000000e+00
1.687179457411501771e+00 1.106427219774596260e+01 -1.128704232033173493e+00 1.000000000000000000e+00
1.701477588406514529e+00 1.115059584318708197e+01 -1.119181344877803408e+00 1.000000000000000000e+00
1.715775719401527288e+00 1.123673411330016059e+01 -1.109639851666589738e+00 1.000000000000000000e+00
1.730073850396540047e+00 1.132268557606215964e+01 -1.100079911024009593e+00 1.000000000000000000e+00
1.744371981391552806e+00 1.140844880255566629e+01 -1.090501681881222984e+00 1.000000000000000000e+00
1.758670112386565565e+00 1.149402236699263646e+01 -1.080905323473430935e+00 1.000000000000000000e+00
1.772968243381578324e+00 1.157940484673810033e+01 -1.071290995337227381e+00 1.000000000000000000e+00
1.787266374376590861e+00 1.166459482233380562e+01 -1.061658857307949511e+00 1.000000000000000000e+00
1.801564505371603619e+00 1.174959087752184494e+01 -1.052009069517016115e+00 1.000000000000000000e+00
1.815862636366616378e+00 1.183439159926816231e+01 -1.042341792389269939e+00 1.000000000000000000e+00
1.830160767361629137e+00 1.191899557778606855e+01 -1.032657186640307589e+00 1.000000000000000000e+00
1.844458898356641896e+00 1.200340140655966792e+01 -1.022955413273809899e+00 1.000000000000000000e+00
1.858757029351654655e+00 1.208760768236724914e+01 -1.013236633578863399e+00 1.000000000000000000e+00
1.873055160346667414e+00 1.217161300530460544e+01 -1.003501009127280019e+00 1.000000000000000000e+00
1.887353291341679951e+00 1.225541597880832079e+01 -9.937487017709104586e-01 1.000000000000000000e+00
1.901651422336692709e+00 1.233901520967896204e+01 -9.839798736389542277e-01 1.000000000000000000e+00
1.915949553331705468e+00 1.242240930810427457e+01 -9.741946871352635817e-01 1.000000000000000000e+00
1.930247684326718227e+00 1.250559688768225541e+01 -9.643933049356435694e-01 1.000000000000000000e+00
1.944545815321730986e+00 1.258857656544421921e+01 -9.545758899851483070e-01 1.000000000000000000e+00
1.958843946316743745e+00 1.267134696187779674e+01 -9.447426054953712571e-01 1.000000000000000000e+00
1.973142077311756504e+00 1.275390670094984280e+01 -9.348936149417320651e-01 1.000000000000000000e+00
1.987440208306769041e+00 1.283625441012933344e+01 -9.250290820607602882e-01 1.000000000000000000e+00
2.001738339301781799e+00 1.291838872041018149e+01 -9.151491708473699083e-01 1.000000000000000000e+00
2.016036470296794558e+00 1.300030826633400061e+01 -9.052540455521368434e-01 1.000000000000000000e+00
2.030334601291807317e+00 1.308201168601277509e+01 -8.953438706785655787e-01 1.000000000000000000e+00
2.044632732286820076e+00 1.316349762115154576e+01 -8.854188109803561302e-01 1.000000000000000000e+00
2.058930863281832835e+00 1.324476471707095371e+01 -8.754790314586637923e-01 1.000000000000000000e+00
2.073228994276845594e+00 1.332581162272978403e+01 -8.655246973593564430e-01 1.000000000000000000e+00
2.087527125271858353e+00 1.340663699074742432e+01 -8.555559741702679633e-01 1.000000000000000000e+00
2.101825256266871111e+00 1.348723947742624496e+01 -8.455730276184459937e-01 1.000000000000000000e+00
2.116123387261883870e+00 1.356761774277396881e+01 -8.355760236673972496e-01 1.000000000000000000e+00
2.130421518256896629e+00 1.364777045052591120e+01 -8.255651285143296159e-01 1.000000000000000000e+00
2.144719649251908944e+00 1.372769626816723765e+01 -8.155405085873872473e-01 1.000000000000000000e+00
2.159017780246921703e+00 1.380739386695508308e+01 -8.055023305428841152e-01 1.000000000000000000e+00
2.173315911241934462e+00 1.388686192194064795e+01 -7.954507612625344448e-01 1.000000000000000000e+00
2.187614042236947220e+00 1.396609911199123921e+01 -7.853859678506778241e-01 1.000000000000000000e+00
2.201912173231959979e+00 1.404510411981221729e+01 -7.753081176315008705e-01 1.000000000000000000e+00
2.216210304226972738e+00 1.412387563196890561e+01 -7.652173781462557889e-01 1.000000000000000000e+00
2.230508435221985497e+00 1.420241233890842913e+01 -7.551139171504748226e-01 1.000000000000000000e+00
2.244806566216998256e+00 1.428071293498146765e+01 -7.449979026111820390e-01 1.000000000000000000e+00
2.259104697212011015e+00 1.435877611846398239e+01 -7.348695027041000083e-01 1.000000000000000000e+00
2.273402828207023774e+00 1.443660059157884312e+01 -7.247288858108542620e-01 1.000000000000000000e+00
2.287700959202036533e+00 1.451418506051741275e+01 -7.145762205161741987e-01 1.000000000000000000e+00
2.301999090197049291e+00 1.459152823546105537e+01 -7.044116756050904371e-01 1.000000000000000000e+00
2.316297221192062050e+00 1.466862883060255918e+01 -6.942354200601281722e-01 1.000000000000000000e+00
2.330595352187074809e+00 1.474548556416754863e+01 -6.840476230584995321e-01 1.000000000000000000e+00
2.344893483182087124e+00 1.482209715843575815e+01 -6.738484539692889408e-01 1.000000000000000000e+00
2.359191614177099883e+00 1.489846233976230749e+01 -6.636380823506380366e-01 1.000000000000000000e+00
2.373489745172112642e+00 1.497457983859884401e+01 -6.534166779469282593e-01 1.000000000000000000e+00
2.387787876167125400e+00 1.505044838951466168e+01 -6.431844106859568866e-01 1.000000000000000000e+00
2.402086007162138159e+00 1.512606673121775103e+01 -6.329414506761137371e-01 1.000000000000000000e+00
2.416384138157150918e+00 1.520143360657574583e+01 -6.226879682035516561e-01 1.000000000000000000e+00
2.430682269152163677e+00 1.527654776263683800e+01 -6.124241337293571119e-01 1.000000000000000000e+00
2.444980400147176436e+00 1.535140795065059649e+01 -6.021501178867146864e-01 1.000000000000000000e+00
2.459278531142189195e+00 1.542601292608874175e+01 -5.918660914780716764e-01 1.000000000000000000e+00
2.473576662137201954e+00 1.550036144866581544e+01 -5.815722254722979212e-01 1.000000000000000000e+00
2.487874793132214712e+00 1.557445228235982881e+01 -5.712686910018434094e-01 1.000000000000000000e+00
2.502172924127227471e+00 1.564828419543278137e+01 -5.609556593598937768e-01 1.000000000000000000e+00
2.516471055122240230e+00 1.572185596045115119e+01 -5.506333019975219178e-01 1.000000000000000000e+00
2.530769186117252989e+00 1.579516635430629634e+01 -5.403017905208389315e-01 1.000000000000000000e+00
2.545067317112265304e+00 1.586821415823480486e+01 -5.299612966881396270e-01 1.000000000000000000e+00
2.559365448107278063e+00 1.594099815783873453e+01 -5.196119924070474738e-01 1.000000000000000000e+00
2.573663579102290822e+00 1.601351714310581897e+01 -5.092540497316574433e-01 1.000000000000000000e+00
2.587961710097303580e+00 1.608576990842956533e+01 -4.988876408596754630e-01 1.000000000000000000e+00
2.602259841092316339e+00 1.615775525262931467e+01 -4.885129381295550965e-01 1.000000000000000000e+00
2.616557972087329098e+00 1.622947197897020999e+01 -4.781301140176328346e-01 1.000000000000000000e+00
2.630856103082341857e+00 1.630091889518307013e+01 -4.677393411352612218e-01 1.000000000000000000e+00
2.645154234077354616e+00 1.637209481348423878e+01 -4.573407922259380975e-01 1.000000000000000000e+00
2.659452365072367375e+00 1.644299855059531978e+01 -4.469346401624357257e-01 1.000000000000000000e+00
2.673750496067380134e+00 1.651362892776284141e+01 -4.365210579439263716e-01 1.000000000000000000e+00
2.688048627062392892e+00 1.658398477077786382e+01 -4.261002186931067137e-01 1.000000000000000000e+00
2.702346758057405651e+00 1.665406490999549405e+01 -4.156722956533190905e-01 1.000000000000000000e+00
2.716644889052418410e+00 1.672386818035433365e+01 -4.052374621856716375e-01 1.000000000000000000e+00
2.730943020047431169e+00 1.679339342139584090e+01 -3.947958917661570921e-01 1.000000000000000000e+00
2.745241151042443484e+00 1.686263947728363632e+01 -3.843477579827674351e-01 1.000000000000000000e+00
2.759539282037456243e+00 1.693160519682271214e+01 -3.738932345326079765e-01 1.000000000000000000e+00
2.773837413032469001e+00 1.700028943347855659e+01 -3.634324952190113867e-01 1.000000000000000000e+00
2.788135544027481760e+00 1.706869104539623549e+01 -3.529657139486466200e-01 1.000000000000000000e+00
2.802433675022494519e+00 1.713680889541936381e+01 -3.424930647286287266e-01 1.000000000000000000e+00
2.816731806017507278e+00 1.720464185110902022e+01 -3.320147216636250564e-01 1.000000000000000000e+00
2.831029937012520037e+00 1.727218878476255526e+01 -3.215308589529624061e-01 1.000000000000000000e+00
2.845328068007532796e+00 1.733944857343234958e+01 -3.110416508877292263e-01 1.000000000000000000e+00
2.859626199002545555e+00 1.740642009894450837e+01 -3.005472718478791605e-01 1.000000000000000000e+00
2.873924329997558313e+00 1.747310224791738875e+01 -2.900478962993316423e-01 1.000000000000000000e+00
2.888222460992571072e+00 1.753949391178017692e+01 -2.795436987910718818e-01 1.000000000000000000e+00
2.902520591987583831e+00 1.760559398679127341e+01 -2.690348539522479654e-01 1.000000000000000000e+00
2.916818722982596590e+00 1.767140137405665357e+01 -2.585215364892697876e-01 1.000000000000000000e+00
2.931116853977609349e+00 1.773691497954814622e+01 -2.480039211829021817e-01 1.000000000000000000e+00
2.945414984972622108e+00 1.780213371412161294e+01 -2.374821828853606043e-01 1.000000000000000000e+00
2.959713115967634423e+00 1.786705649353505621e+01 -2.269564965174044879e-01 1.000000000000000000e+00
2.974011246962647181e+00 1.793168223846664233e+01 -2.164270370654276798e-01 1.000000000000000000e+00
2.988309377957659940e+00 1.799600987453264977e+01 -2.058939795785514060e-01 1.000000000000000000e+00
3.002607508952672699e+00 1.806003833230533218e+01 -1.953574991657128779e-01 1.000000000000000000e+00
3.016905639947685458e+00 1.812376654733068548e+01 -1.848177709927540657e-01 1.000000000000000000e+00
3.031203770942698217e+00 1.818719346014614757e+01 -1.742749702795108602e-01 1.000000000000000000e+00
3.045501901937710976e+00 1.825031801629823391e+01 -1.637292722968984315e-01 1.000000000000000000e+00
3.059800032932723735e+00 1.831313916636002759e+01 -1.531808523639983932e-01 1.000000000000000000e+00
3.074098163927736493e+00 1.837565586594866218e+01 -1.426298858451439944e-01 1.000000000000000000e+00
3.088396294922749252e+00 1.843786707574266259e+01 -1.320765481470047298e-01 1.000000000000000000e+00
3.102694425917762011e+00 1.849977176149923608e+01 -1.215210147156699089e-01 1.000000000000000000e+00
3.116992556912774770e+00 1.856136889407146029e+01 -1.109634610337331823e-01 1.000000000000000000e+00
3.131290687907787529e+00 1.862265744942537538e+01 -1.004040626173733769e-01 1.000000000000000000e+00
3.145588818902800288e+00 1.868363640865705477e+01 -8.984299501343773198e-02 1.000000000000000000e+00
3.159886949897812602e+00 1.874430475800948770e+01 -7.928043379652353895e-02 1.000000000000000000e+00
3.174185080892825361e+00 1.880466148888948652e+01 -6.871655456605811618e-02 1.000000000000000000e+00
3.188483211887838120e+00 1.886470559788440582e+01 -5.815153294338119838e-02 1.000000000000000000e+00
3.202781342882850879e+00 1.892443608677885081e+01 -4.758554456882418959e-02 1.000000000000000000e+00
3.217079473877863638e+00 1.898385196257127561e+01 -3.701876509879013788e-02 1.000000000000000000e+00
3.231377604872876397e+00 1.904295223749047494e+01 -2.645137020283471613e-02 1.000000000000000000e+00
3.245675735867889156e+00 1.910173592901201545e+01 -1.588353556074396586e-02 1.000000000000000000e+00
3.259973866862901914e+00 1.916020205987457459e+01 -5.315436859614896398e-03 1.000000000000000000e+00
3.274271997857914673e+00 1.921834965809616591e+01 5.252750209065593437e-03 1.000000000000000000e+00
3.288570128852927432e+00 1.927617775699033231e+01 1.582084995234151956e-02 1.000000000000000000e+00
3.302868259847940191e+00 1.933368539518218299e+01 2.638868667870894122e-02 1.000000000000000000e+00
3.317166390842952950e+00 1.939087161662439485e+01 3.695608470103563942e-02 1.000000000000000000e+00
3.331464521837965709e+00 1.944773547061311092e+01 4.752286833948356909e-02 1.000000000000000000e+00
3.345762652832978468e+00 1.950427601180372505e+01 5.808886192442837271e-02 1.000000000000000000e+00
3.360060783827990782e+00 1.956049230022660623e+01 6.865388979937976643e-02 1.000000000000000000e+00
3.374358914823003541e+00 1.961638340130274827e+01 7.921777632390300528e-02 1.000000000000000000e+00
3.388657045818016300e+00 1.967194838585927741e+01 8.978034587653707654e-02 1.000000000000000000e+00
3.402955176813029059e+00 1.972718633014490308e+01 1.003414228577158146e-01 1.000000000000000000e+00
3.417253307808041818e+00 1.978209631584527983e+01 1.109008316926857335e-01 1.000000000000000000e+00
3.431551438803054577e+00 1.983667743009829820e+01 1.214583968344266629e-01 1.000000000000000000e+00
3.445849569798067336e+00 1.989092876550921218e+01 1.320139427665689702e-01 1.000000000000000000e+00
3.460147700793080094e+00 1.994484942016576667e+01 1.425672940063118233e-01 1.000000000000000000e+00
3.474445831788092853e+00 1.999843849765316861e+01 1.531182751073404402e-01 1.000000000000000000e+00
3.488743962783105612e+00 2.005169510706900127e+01 1.636667106627429091e-01 1.000000000000000000e+00
3.503042093778118371e+00 2.010461836303802130e+01 1.742124253079265217e-01 1.000000000000000000e+00
3.517340224773131130e+00 2.015720738572689541e+01 1.847552437235318312e-01 1.000000000000000000e+00
3.531638355768143889e+00 2.020946130085881975e+01 1.952949906383499579e-01 1.000000000000000000e+00
3.545936486763156648e+00 2.026137923972805055e+01 2.058314908322342873e-01 1.000000000000000000e+00
3.560234617758168962e+00 2.031296033921433875e+01 2.163645691390119474e-01 1.000000000000000000e+00
3.574532748753181721e+00 2.036420374179731496e+01 2.268940504494013355e-01 1.000000000000000000e+00
3.588830879748194480e+00 2.041510859557068613e+01 2.374197597139176275e-01 1.000000000000000000e+00
3.603129010743207239e+00 2.046567405425647124e+01 2.479415219457855868e-01 1.000000000000000000e+00
3.617427141738219998e+00 2.051589927721899898e+01 2.584591622238483488e-01 1.000000000000000000e+00
3.631725272733232757e+00 2.056578342947892679e+01 2.689725056954752058e-01 1.000000000000000000e+00
3.646023403728245516e+00 2.061532568172711422e+01 2.794813775794691701e-01 1.000000000000000000e+00
3.660321534723258274e+00 2.066452521033840029e+01 2.899856031689703739e-01 1.000000000000000000e+00
3.674619665718271033e+00 2.071338119738530281e+01 3.004850078343639375e-01 1.000000000000000000e+00
3.688917796713283792e+00 2.076189283065162883e+01 3.109794170261807600e-01 1.000000000000000000e+00
3.703215927708296551e+00 2.081005930364594647e+01 3.214686562780000312e-01 1.000000000000000000e+00
3.717514058703309310e+00 2.085787981561500715e+01 3.319525512093496888e-01 1.000000000000000000e+00
3.731812189698322069e+00 2.090535357155709306e+01 3.424309275286053778e-01 1.000000000000000000e+00
3.746110320693334828e+00 2.095247978223516583e+01 3.529036110358879652e-01 1.000000000000000000e+00
3.760408451688347586e+00 2.099925766419003992e+01 3.633704276259597243e-01 1.000000000000000000e+00
3.774706582683359901e+00 2.104568643975338915e+01 3.738312032911185745e-01 1.000000000000000000e+00
3.789004713678372660e+00 2.109176533706067147e+01 3.842857641240911559e-01 1.000000000000000000e+00
3.803302844673385419e+00 2.113749359006398265e+01 3.947339363209236285e-01 1.000000000000000000e+00
3.817600975668398178e+00 2.118287043854475016e+01 4.051755461838715267e-01 1.000000000000000000e+00
3.831899106663410937e+00 2.122789512812642343e+01 4.156104201242870610e-01 1.000000000000000000e+00
3.846197237658423695e+00 2.127256691028696522e+01 4.260383846655052542e-01 1.000000000000000000e+00
3.860495368653436454e+00 2.131688504237133586e+01 4.364592664457278004e-01 1.000000000000000000e+00
3.874793499648449213e+00 2.136084878760381400e+01 4.468728922209051491e-01 1.000000000000000000e+00
3.889091630643461972e+00 2.140445741510025002e+01 4.572790888676167009e-01 1.000000000000000000e+00
3.903389761638474731e+00 2.144771019988023752e+01 4.676776833859488947e-01 1.000000000000000000e+00
3.917687892633487490e+00 2.149060642287913225e+01 4.780685029023712396e-01 1.000000000000000000e+00
3.931986023628500249e+00 2.153314537096002468e+01 4.884513746726104055e-01 1.000000000000000000e+00
3.946284154623513007e+00 2.157532633692561319e+01 4.988261260845225364e-01 1.000000000000000000e+00
3.960582285618525766e+00 2.161714861952991029e+01 5.091925846609605122e-01 1.000000000000000000e+00
3.974880416613538081e+00 2.165861152348995589e+01 5.195505780626444858e-01 1.000000000000000000e+00
3.989178547608550840e+00 2.169971435949734939e+01 5.298999340910263145e-01 1.000000000000000000e+00
4.003476678603563599e+00 2.174045644422970724e+01 5.402404806911503821e-01 1.000000000000000000e+00
4.017774809598576802e+00 2.178083710036202802e+01 5.505720459545161427e-01 1.000000000000000000e+00
4.032072940593589117e+00 2.182085565657795811e+01 5.608944581219326153e-01 1.000000000000000000e+00
4.046371071588602319e+00 2.186051144758094011e+01 5.712075455863806495e-01 1.000000000000000000e+00
4.060669202583614634e+00 2.189980381410528665e+01 5.815111368958573168e-01 1.000000000000000000e+00
4.074967333578626949e+00 2.193873210292713338e+01 5.918050607562320709e-01 1.000000000000000000e+00
4.089265464573640152e+00 2.197729566687528902e+01 6.020891460340946910e-01 1.000000000000000000e+00
4.103563595568652467e+00 2.201549386484201776e+01 6.123632217595943450e-01 1.000000000000000000e+00
4.117861726563665670e+00 2.205332606179367616e+01 6.226271171292906415e-01 1.000000000000000000e+00
4.132159857558677984e+00 2.209079162878128244e+01 6.328806615089841436e-01 1.000000000000000000e+00
4.146457988553691187e+00 2.212788994295096145e+01 6.431236844365617600e-01 1.000000000000000000e+00
4.160756119548703502e+00 2.216462038755432573e+01 6.533560156248227058e-01 1.000000000000000000e+00
4.175054250543716705e+00 2.220098235195867531e+01 6.635774849643152340e-01 1.000000000000000000e+00
4.189352381538729020e+00 2.223697523165722600e+01 6.737879225261622640e-01 1.000000000000000000e+00
4.203650512533742223e+00 2.227259842827907832e+01 6.839871585648864549e-01 1.000000000000000000e+00
4.217948643528754538e+00 2.230785134959922189e+01 6.941750235212326148e-01 1.000000000000000000e+00
4.232246774523767741e+00 2.234273340954837295e+01 7.043513480249872227e-01 1.000000000000000000e+00
4.246544905518780055e+00 2.237724402822268743e+01 7.145159628977902910e-01 1.000000000000000000e+00
4.260843036513793258e+00 2.241138263189342084e+01 7.246686991559556645e-01 1.000000000000000000e+00
4.275141167508805573e+00 2.244514865301648854e+01 7.348093880132710032e-01 1.000000000000000000e+00
4.289439298503817888e+00 2.247854153024186274e+01 7.449378608838119753e-01 1.000000000000000000e+00
4.303737429498831091e+00 2.251156070842292323e+01 7.550539493847392425e-01 1.000000000000000000e+00
4.318035560493843406e+00 2.254420563862568727e+01 7.651574853391008846e-01 1.000000000000000000e+00
4.332333691488856608e+00 2.257647577813793660e+01 7.752483007786273861e-01 1.000000000000000000e+00
4.346631822483868923e+00 2.260837059047823061e+01 7.853262279465219597e-01 1.000000000000000000e+00
4.360929953478882126e+00 2.263988954540483789e+01 7.953910993002554219e-01 1.000000000000000000e+00
4.375228084473894441e+00 2.267103211892452919e+01 8.054427475143430826e-01 1.000000000000000000e+00
4.389526215468907644e+00 2.270179779330132064e+01 8.154810054831355126e-01 1.000000000000000000e+00
4.403824346463919959e+00 2.273218605706505357e+01 8.255057063235875514e-01 1.000000000000000000e+00
4.418122477458933162e+00 2.276219640501992103e+01 8.355166833780419688e-01 1.000000000000000000e+00
4.432420608453945476e+00 2.279182833825282728e+01 8.455137702169905900e-01 1.000000000000000000e+00
4.446718739448958679e+00 2.282108136414175092e+01 8.554968006418505189e-01 1.000000000000000000e+00
4.461016870443970994e+00 2.284995499636384153e+01 8.654656086877188237e-01 1.000000000000000000e+00
4.475315001438983309e+00 2.287844875490360153e+01 8.754200286261366593e-01 1.000000000000000000e+00
4.489613132433996512e+00 2.290656216606079099e+01 8.853598949678452845e-01 1.000000000000000000e+00
4.503911263429008827e+00 2.293429476245833243e+01 8.952850424655309780e-01 1.000000000000000000e+00
4.518209394424022030e+00 2.296164608305009835e+01 9.051953061165808334e-01 1.000000000000000000e+00
4.532507525419034344e+00 2.298861567312853893e+01 9.150905211658173499e-01 1.000000000000000000e+00
4.546805656414047547e+00 2.301520308433227058e+01 9.249705231082454571e-01 1.000000000000000000e+00
4.561103787409059862e+00 2.304140787465352247e+01 9.348351476917801106e-01 1.000000000000000000e+00
4.575401918404073065e+00 2.306722960844546577e+01 9.446842309199819931e-01 1.000000000000000000e+00
4.589700049399085380e+00 2.309266785642949316e+01 9.545176090547818903e-01 1.000000000000000000e+00
4.603998180394098583e+00 2.311772219570231712e+01 9.643351186192031799e-01 1.000000000000000000e+00
4.618296311389110897e+00 2.314239220974303279e+01 9.741365964000793243e-01 1.000000000000000000e+00
4.632594442384124100e+00 2.316667748842000307e+01 9.839218794507678112e-01 1.000000000000000000e+00
4.646892573379136415e+00 2.319057762799773315e+01 9.936908050938567660e-01 1.000000000000000000e+00
4.661190704374149618e+00 2.321409223114352827e+01 1.003443210923875117e+00 1.000000000000000000e+00
4.675488835369161933e+00 2.323722090693413378e+01 1.013178934809984222e+00 1.000000000000000000e+00
4.689786966364174248e+00 2.325996327086220816e+01 1.022897814898681812e+00 1.000000000000000000e+00
4.704085097359187451e+00 2.328231894484274989e+01 1.032599689616486405e+00 1.000000000000000000e+00
4.718383228354199765e+00 2.330428755721934309e+01 1.042284397672626151e+00 1.000000000000000000e+00
4.732681359349212968e+00 2.332586874277036770e+01 1.051951778061720466e+00 1.000000000000000000e+00
4.746979490344225283e+00 2.334706214271505686e+01 1.061601670066454339e+00 1.000000000000000000e+00
4.761277621339238486e+00 2.336786740471945478e+01 1.071233913260255077e+00 1.000000000000000000e+00
4.775575752334250801e+00 2.338828418290228583e+01 1.080848347509951957e+00 1.000000000000000000e+00
4.789873883329264004e+00 2.340831213784072773e+01 1.090444812978447420e+00 1.000000000000000000e+00
4.804172014324276319e+00 2.342795093657598215e+01 1.100023150127364735e+00 1.000000000000000000e+00
4.818470145319289522e+00 2.344720025261889518e+01 1.109583199719709645e+00 1.000000000000000000e+00
4.832768276314301836e+00 2.346605976595532184e+01 1.119124802822509368e+00 1.000000000000000000e+00
4.847066407309315039e+00 2.348452916305149785e+01 1.128647800809460255e+00 1.000000000000000000e+00
4.861364538304327354e+00 2.350260813685919814e+01 1.138152035363562797e+00 1.000000000000000000e+00
4.875662669299340557e+00 2.352029638682087409e+01 1.147637348479754404e+00 1.000000000000000000e+00
4.889960800294352872e+00 2.353759361887465928e+01 1.157103582467535086e+00 1.000000000000000000e+00
4.904258931289365187e+00 2.355449954545922608e+01 1.166550579953589573e+00 1.000000000000000000e+00
4.918557062284378389e+00 2.357101388551858889e+01 1.175978183884405670e+00 1.000000000000000000e+00
4.932855193279390704e+00 2.358713636450678663e+01 1.185386237528879283e+00 1.000000000000000000e+00
4.947153324274403907e+00 2.360286671439240180e+01 1.194774584480928770e+00 1.000000000000000000e+00
4.961451455269416222e+00 2.361820467366307241e+01 1.204143068662086424e+00 1.000000000000000000e+00
4.975749586264429425e+00 2.363314998732979433e+01 1.213491534324099064e+00 1.000000000000000000e+00
4.990047717259441740e+00 2.364770240693119874e+01 1.222819826051514847e+00 1.000000000000000000e+00
5.004345848254454943e+00 2.366186169053764488e+01 1.232127788764268317e+00 1.000000000000000000e+00
5.018643979249467257e+00 2.367562760275527012e+01 1.241415267720257010e+00 1.000000000000000000e+00
5.032942110244480460e+00 2.368899991472988731e+01 1.250682108517915614e+00 1.000000000000000000e+00
5.047240241239492775e+00 2.370197840415081458e+01 1.259928157098779922e+00 1.000000000000000000e+00
5.061538372234505978e+00 2.371456285525453467e+01 1.269153259750054108e+00 1.000000000000000000e+00
5.075836503229518293e+00 2.372675305882829022e+01 1.278357263107157138e+00 1.000000000000000000e+00
5.090134634224530608e+00 2.373854881221360102e+01 1.287540014156282275e+00 1.000000000000000000e+00
5.104432765219543811e+00 2.374994991930957156e+01 1.296701360236932832e+00 1.000000000000000000e+00
5.118730896214556125e+00 2.376095619057621988e+01 1.305841149044465022e+00 1.000000000000000000e+00
5.133029027209569328e+00 2.377156744303755431e+01 1.314959228632617272e+00 1.000000000000000000e+00
5.147327158204581643e+00 2.378178350028467491e+01 1.324055447416037090e+00 1.000000000000000000e+00
5.161625289199594846e+00 2.379160419247867608e+01 1.333129654172803269e+00 1.000000000000000000e+00
5.175923420194607161e+00 2.380102935635348516e+01 1.342181698046934990e+00 1.000000000000000000e+00
5.190221551189620364e+00 2.381005883521856248e+01 1.351211428550906257e+00 1.000000000000000000e+00
5.204519682184632678e+00 2.381869247896152331e+01 1.360218695568140346e+00 1.000000000000000000e+00
5.218817813179645881e+00 2.382693014405061049e+01 1.369203349355513355e+00 1.000000000000000000e+00
5.233115944174658196e+00 2.383477169353710323e+01 1.378165240545835779e+00 1.000000000000000000e+00
5.247414075169671399e+00 2.384221699705757658e+01 1.387104220150341849e+00 1.000000000000000000e+00
5.261712206164683714e+00 2.384926593083608637e+01 1.396020139561163553e+00 1.000000000000000000e+00
5.276010337159696917e+00 2.385591837768621204e+01 1.404912850553801329e+00 1.000000000000000000e+00
5.290308468154709232e+00 2.386217422701301061e+01 1.413782205289589200e+00 1.000000000000000000e+00
5.304606599149721546e+00 2.386803337481484988e+01 1.422628056318151479e+00 1.000000000000000000e+00
5.318904730144734749e+00 2.387349572368514927e+01 1.431450256579855473e+00 1.000000000000000000e+00
5.333202861139747064e+00 2.387856118281399276e+01 1.440248659408253973e+00 1.000000000000000000e+00
5.347500992134760267e+00 2.388322966798962455e+01 1.449023118532526189e+00 1.000000000000000000e+00
5.361799123129772582e+00 2.388750110159988083e+01 1.457773488079907587e+00 1.000000000000000000e+00
5.376097254124785785e+00 2.389137541263344389e+01 1.466499622578116169e+00 1.000000000000000000e+00
5.390395385119798100e+00 2.389485253668106068e+01 1.475201376957770094e+00 1.000000000000000000e+00
5.404693516114811302e+00 2.389793241593657669e+01 1.483878606554800195e+00 1.000000000000000000e+00
5.418991647109823617e+00 2.390061499919790933e+01 1.492531167112853607e+00 1.000000000000000000e+00
5.433289778104836820e+00 2.390290024186792905e+01 1.501158914785693854e+00 1.000000000000000000e+00
5.447587909099849135e+00 2.390478810595514503e+01 1.509761706139589821e+00 1.000000000000000000e+00
5.461886040094862338e+00 2.390627856007438368e+01 1.518339398155704068e+00 1.000000000000000000e+00
5.476184171089874653e+00 2.390737157944729674e+01 1.526891848232465376e+00 1.000000000000000000e+00
5.490482302084886967e+00 2.390806714590275917e+01 1.535418914187944850e+00 1.000000000000000000e+00
5.504780433079900170e+00 2.390836524787717821e+01 1.543920454262215136e+00 1.000000000000000000e+00
5.519078564074912485e+00 2.390826588041471013e+01 1.552396327119710095e+00 1.000000000000000000e+00
5.533376695069925688e+00 2.390776904516729573e+01 1.560846391851573811e+00 1.000000000000000000e+00
5.547674826064938003e+00 2.390687475039468879e+01 1.569270507977999829e+00 1.000000000000000000e+00
5.561972957059951206e+00 2.390558301096426064e+01 1.577668535450574172e+00 1.000000000000000000e+00
5.576271088054963521e+00 2.390389384835080122e+01 1.586040334654594375e+00 1.000000000000000000e+00
5.590569219049976724e+00 2.390180729063613185e+01 1.594385766411398953e+00 1.000000000000000000e+00
5.604867350044989038e+00 2.389932337250864691e+01 1.602704691980674001e+00 1.000000000000000000e+00
5.619165481040002241e+00 2.389644213526275252e+01 1.610996973062766457e+00 1.000000000000000000e+00
5.633463612035014556e+00 2.389316362679815242e+01 1.619262471800976488e+00 1.000000000000000000e+00
5.647761743030027759e+00 2.388948790161907354e+01 1.627501050783855208e+00 1.000000000000000000e+00
5.662059874025040074e+00 2.388541502083335288e+01 1.635712573047485519e+00 1.000000000000000000e+00
5.676358005020053277e+00 2.388094505215141083e+01 1.643896902077760735e+00 1.000000000000000000e+00
5.690656136015065591e+00 2.387607806988514625e+01 1.652053901812653214e+00 1.000000000000000000e+00
5.704954267010077906e+00 2.387081415494668590e+01 1.660183436644476096e+00 1.000000000000000000e+00
5.719252398005091109e+00 2.386515339484704867e+01 1.668285371422140617e+00 1.000000000000000000e+00
5.733550529000103424e+00 2.385909588369468182e+01 1.676359571453397868e+00 1.000000000000000000e+00
5.747848659995116627e+00 2.385264172219388712e+01 1.684405902507082109e+00 1.000000000000000000e+00
5.762146790990128942e+00 2.384579101764319020e+01 1.692424230815341435e+00 1.000000000000000000e+00
5.776444921985142145e+00 2.383854388393350732e+01 1.700414423075860215e+00 1.000000000000000000e+00
5.790743052980154459e+00 2.383090044154626241e+01 1.708376346454077321e+00 1.000000000000000000e+00
5.805041183975167662e+00 2.382286081755141183e+01 1.716309868585392584e+00 1.000000000000000000e+00
5.819339314970179977e+00 2.381442514560530910e+01 1.724214857577367477e+00 1.000000000000000000e+00
5.833637445965193180e+00 2.380559356594847387e+01 1.732091182011920916e+00 1.000000000000000000e+00
5.847935576960205495e+00 2.379636622540328617e+01 1.739938710947507960e+00 1.000000000000000000e+00
5.862233707955218698e+00 2.378674327737152794e+01 1.747757313921304068e+00 1.000000000000000000e+00
5.876531838950231013e+00 2.377672488183183930e+01 1.755546860951366250e+00 1.000000000000000000e+00
5.890829969945244216e+00 2.376631120533706110e+01 1.763307222538801566e+00 1.000000000000000000e+00
5.905128100940256530e+00 2.375550242101144249e+01 1.771038269669913179e+00 1.000000000000000000e+00
5.919426231935268845e+00 2.374429870854781655e+01 1.778739873818351080e+00 1.000000000000000000e+00
5.933724362930282048e+00 2.373270025420453777e+01 1.786411906947244610e+00 1.000000000000000000e+00
5.948022493925294363e+00 2.372070725080246945e+01 1.794054241511332082e+00 1.000000000000000000e+00
5.962320624920307566e+00 2.370831989772170090e+01 1.801666750459082866e+00 1.000000000000000000e+00
5.976618755915319881e+00 2.369553840089828256e+01 1.809249307234806592e+00 1.000000000000000000e+00
5.990916886910333083e+00 2.368236297282077985e+01 1.816801785780761236e+00 1.000000000000000000e+00
6.005215017905345398e+00 2.366879383252676661e+01 1.824324060539243675e+00 1.000000000000000000e+00
6.019513148900358601e+00 2.365483120559913743e+01 1.831816006454682455e+00 1.000000000000000000e+00
6.033811279895370916e+00 2.364047532416240216e+01 1.839277498975711467e+00 1.000000000000000000e+00
6.048109410890384119e+00 2.362572642687880276e+01 1.846708414057244729e+00 1.000000000000000000e+00
6.062407541885396434e+00 2.361058475894435915e+01 1.854108628162536743e+00 1.000000000000000000e+00
6.076705672880409637e+00 2.359505057208478007e+01 1.861478018265236622e+00 1.000000000000000000e+00
6.091003803875421951e+00 2.357912412455128504e+01 1.868816461851433353e+00 1.000000000000000000e+00
6.105301934870434266e+00 2.356280568111631979e+01 1.876123836921692156e+00 1.000000000000000000e+00
6.119600065865447469e+00 2.354609551306911541e+01 1.883400021993083984e+00 1.000000000000000000e+00
6.133898196860459784e+00 2.352899389821125098e+01 1.890644896101203010e+00 1.000000000000000000e+00
6.148196327855472987e+00 2.351150112085195687e+01 1.897858338802179690e+00 1.000000000000000000e+00
6.162494458850485302e+00 2.349361747180343940e+01 1.905040230174681382e+00 1.000000000000000000e+00
6.176792589845498505e+00 2.347534324837602426e+01 1.912190450821908305e+00 1.000000000000000000e+00
6.191090720840510819e+00 2.345667875437322891e+01 1.919308881873575290e+00 1.000000000000000000e+00
6.205388851835524022e+00 2.343762430008668574e+01 1.926395404987891524e+00 1.000000000000000000e+00
6.219686982830536337e+00 2.341818020229102260e+01 1.933449902353523875e+00 1.000000000000000000e+00
6.233985113825549540e+00 2.339834678423855152e+01 1.940472256691560426e+00 1.000000000000000000e+00
6.248283244820561855e+00 2.337812437565393253e+01 1.947462351257454705e+00 1.000000000000000000e+00
6.262581375815575058e+00 2.335751331272867404e+01 1.954420069842972119e+00 1.000000000000000000e+00
6.276879506810587372e+00 2.333651393811554087e+01 1.961345296778116198e+00 1.000000000000000000e+00
6.291177637805600575e+00 2.331512660092288058e+01 1.968237916933057940e+00 1.000000000000000000e+00
6.305475768800612890e+00 2.329335165670877927e+01 1.975097815720042282e+00 1.000000000000000000e+00
6.319773899795625205e+00 2.327118946747519246e+01 1.981924879095300129e+00 1.000000000000000000e+00
6.334072030790638408e+00 2.324864040166189838e+01 1.988718993560940618e+00 1.000000000000000000e+00
6.348370161785650723e+00 2.322570483414038733e+01 1.995480046166837829e+00 1.000000000000000000e+00
6.362668292780663926e+00 2.320238314620762310e+01 2.002207924512511283e+00 1.000000000000000000e+00
6.376966423775676240e+00 2.317867572557971201e+01 2.008902516748988898e+00 1.000000000000000000e+00
6.391264554770689443e+00 2.315458296638543700e+01 2.015563711580675488e+00 1.000000000000000000e+00
6.405562685765701758e+00 2.313010526915974552e+01 2.022191398267192852e+00 1.000000000000000000e+00
6.419860816760714961e+00 2.310524304083703129e+01 2.028785466625229628e+00 1.000000000000000000e+00
6.434158947755727276e+00 2.307999669474443039e+01 2.035345807030365606e+00 1.000000000000000000e+00
6.448457078750740479e+00 2.305436665059491474e+01 2.041872310418900938e+00 1.000000000000000000e+00
6.462755209745752794e+00 2.302835333448030752e+01 2.048364868289663576e+00 1.000000000000000000e+00
6.477053340740765996e+00 2.300195717886423097e+01 2.054823372705817164e+00 1.000000000000000000e+00
6.491351471735778311e+00 2.297517862257489440e+01 2.061247716296652488e+00 1.000000000000000000e+00
6.505649602730791514e+00 2.294801811079780762e+01 2.067637792259376273e+00 1.000000000000000000e+00
6.519947733725803829e+00 2.292047609506837347e+01 2.073993494360880874e+00 1.000000000000000000e+00
6.534245864720816144e+00 2.289255303326437740e+01 2.080314716939516639e+00 1.000000000000000000e+00
6.548543995715829347e+00 2.286424938959838826e+01 2.086601354906844730e+00 1.000000000000000000e+00
6.562842126710841661e+00 2.283556563461004174e+01 2.092853303749385496e+00 1.000000000000000000e+00
6.577140257705854864e+00 2.280650224515819957e+01 2.099070459530354427e+00 1.000000000000000000e+00
6.591438388700867179e+00 2.277705970441304117e+01 2.105252718891392760e+00 1.000000000000000000e+00
6.605736519695880382e+00 2.274723850184801321e+01 2.111399979054283893e+00 1.000000000000000000e+00
6.620034650690892697e+00 2.271703913323171165e+01 2.117512137822661344e+00 1.000000000000000000e+00
6.634332781685905900e+00 2.268646210061962876e+01 2.123589093583710508e+00 1.000000000000000000e+00
6.648630912680918215e+00 2.265550791234579719e+01 2.129630745309854856e+00 1.000000000000000000e+00
6.662929043675931418e+00 2.262417708301437358e+01 2.135636992560438596e+00 1.000000000000000000e+00
6.677227174670943732e+00 2.259247013349103739e+01 2.141607735483392450e+00 1.000000000000000000e+00
6.691525305665956935e+00 2.256038759089435786e+01 2.147542874816898539e+00 1.000000000000000000e+00
6.705823436660969250e+00 2.252792998858703655e+01 2.153442311891035743e+00 1.000000000000000000e+00
6.720121567655981565e+00 2.249509786616702200e+01 2.159305948629423266e+00 1.000000000000000000e+00
6.734419698650994768e+00 2.246189176945854982e+01 2.165133687550851782e+00 1.000000000000000000e+00
6.748717829646007083e+00 2.242831225050307253e+01 2.170925431770899028e+00 1.000000000000000000e+00
6.763015960641020285e+00 2.239435986755006880e+01 2.176681085003547622e+00 1.000000000000000000e+00
6.777314091636032600e+00 2.236003518504777432e+01 2.182400551562778901e+00 1.000000000000000000e+00
6.791612222631045803e+00 2.232533877363378139e+01 2.188083736364169418e+00 1.000000000000000000e+00
6.805910353626058118e+00 2.229027121012558510e+01 2.193730544926467463e+00 1.000000000000000000e+00
6.820208484621071321e+00 2.225483307751095907e+01 2.199340883373165578e+00 1.000000000000000000e+00
6.834506615616083636e+00 2.221902496493828494e+01 2.204914658434062424e+00 1.000000000000000000e+00
6.848804746611096839e+00 2.218284746770674332e+01 2.210451777446809540e+00 1.000000000000000000e+00
6.863102877606109153e+00 2.214630118725643726e+01 2.215952148358457663e+00 1.000000000000000000e+00
6.877401008601122356e+00 2.210938673115835940e+01 2.221415679726980841e+00 1.000000000000000000e+00
6.891699139596134671e+00 2.207210471310432709e+01 2.226842280722800993e+00 1.000000000000000000e+00
6.905997270591147874e+00 2.203445575289677194e+01 2.232231861130296480e+00 1.000000000000000000e+00
6.920295401586160189e+00 2.199644047643842271e+01 2.237584331349300459e+00 1.000000000000000000e+00
6.934593532581172504e+00 2.195805951572189585e+01 2.242899602396593473e+00 1.000000000000000000e+00
6.948891663576185707e+00 2.191931350881921148e+01 2.248177585907380926e+00 1.000000000000000000e+00
6.963189794571198021e+00 2.188020309987117074e+01 2.253418194136762143e+00 1.000000000000000000e+00
6.977487925566211224e+00 2.184072893907665502e+01 2.258621339961189189e+00 1.000000000000000000e+00
6.991786056561223539e+00 2.180089168268179733e+01 2.263786936879915501e+00 1.000000000000000000e+00
7.006084187556236742e+00 2.176069199296910739e+01 2.268914899016434727e+00 1.000000000000000000e+00
7.020382318551249057e+00 2.172013053824641915e+01 2.274005141119905371e+00 1.000000000000000000e+00
7.034680449546262260e+00 2.167920799283581701e+01 2.279057578566572317e+00 1.000000000000000000e+00
7.048978580541274575e+00 2.163792503706240566e+01 2.284072127361171045e+00 1.000000000000000000e+00
7.063276711536287777e+00 2.159628235724299827e+01 2.289048704138324730e+00 1.000000000000000000e+00
7.077574842531300092e+00 2.155428064567473356e+01 2.293987226163928916e+00 1.000000000000000000e+00
7.091872973526313295e+00 2.151192060062350464e+01 2.298887611336529968e+00 1.000000000000000000e+00
7.106171104521325610e+00 2.146920292631245175e+01 2.303749778188684427e+00 1.000000000000000000e+00
7.120469235516337925e+00 2.142612833291013530e+01 2.308573645888322368e+00 1.000000000000000000e+00
7.134767366511351128e+00 2.138269753651882610e+01 2.313359134240081438e+00 1.000000000000000000e+00
7.149065497506363442e+00 2.133891125916255049e+01 2.318106163686646237e+00 1.000000000000000000e+00
7.163363628501376645e+00 2.129477022877509640e+01 2.322814655310069032e+00 1.000000000000000000e+00
7.177661759496388960e+00 2.125027517918792697e+01 2.327484530833081600e+00 1.000000000000000000e+00
7.191959890491402163e+00 2.120542685011796280e+01 2.332115712620397741e+00 1.000000000000000000e+00
7.206258021486414478e+00 2.116022598715528602e+01 2.336708123680001137e+00 1.000000000000000000e+00
7.220556152481427681e+00 2.111467334175075905e+01 2.341261687664430102e+00 1.000000000000000000e+00
7.234854283476439996e+00 2.106876967120351196e+01 2.345776328872041017e+00 1.000000000000000000e+00
7.249152414471453199e+00 2.102251573864836587e+01 2.350251972248272203e+00 1.000000000000000000e+00
7.263450545466465513e+00 2.097591231304315329e+01 2.354688543386886490e+00 1.000000000000000000e+00
7.277748676461478716e+00 2.092896016915590351e+01 2.359085968531215549e+00 1.000000000000000000e+00
7.292046807456491031e+00 2.088166008755199954e+01 2.363444174575376699e+00 1.000000000000000000e+00
7.306344938451504234e+00 2.083401285458119645e+01 2.367763089065495929e+00 1.000000000000000000e+00
7.320643069446516549e+00 2.078601926236450836e+01 2.372042640200908270e+00 1.000000000000000000e+00
7.334941200441528864e+00 2.073768010878108825e+01 2.376282756835353283e+00 1.000000000000000000e+00
7.349239331436542066e+00 2.068899619745492657e+01 2.380483368478158557e+00 1.000000000000000000e+00
7.363537462431554381e+00 2.063996833774153927e+01 2.384644405295407665e+00 1.000000000000000000e+00
7.377835593426567584e+00 2.059059734471443548e+01 2.388765798111106786e+00 1.000000000000000000e+00
7.392133724421579899e+00 2.054088403915167049e+01 2.392847478408328676e+00 1.000000000000000000e+00
7.406431855416593102e+00 2.049082924752208612e+01 2.396889378330358422e+00 1.000000000000000000e+00
7.420729986411605417e+00 2.044043380197166471e+01 2.400891430681814320e+00 1.000000000000000000e+00
7.435028117406618620e+00 2.038969854030965223e+01 2.404853568929771868e+00 1.000000000000000000e+00
7.449326248401630934e+00 2.033862430599463167e+01 2.408775727204864658e+00 1.000000000000000000e+00
7.463624379396644137e+00 2.028721194812050044e+01 2.412657840302381285e+00 1.000000000000000000e+00
7.477922510391656452e+00 2.023546232140236611e+01 2.416499843683351578e+00 1.000000000000000000e+00
7.492220641386669655e+00 2.018337628616232848e+01 2.420301673475614201e+00 1.000000000000000000e+00
7.506518772381681970e+00 2.013095470831517986e+01 2.424063266474884681e+00 1.000000000000000000e+00
7.520816903376695173e+00 2.007819845935400949e+01 2.427784560145801684e+00 1.000000000000000000e+00
7.535115034371707488e+00 2.002510841633570138e+01 2.431465492622968405e+00 1.000000000000000000e+00
7.549413165366719802e+00 1.997168546186638594e+01 2.435106002711981521e+00 1.000000000000000000e+00
7.563711296361733005e+00 1.991793048408673172e+01 2.438706029890446825e+00 1.000000000000000000e+00
7.578009427356745320e+00 1.986384437665720881e+01 2.442265514308986418e+00 1.000000000000000000e+00
7.592307558351758523e+00 1.980942803874320290e+01 2.445784396792235693e+00 1.000000000000000000e+00
7.606605689346770838e+00 1.975468237500009394e+01 2.449262618839821659e+00 1.000000000000000000e+00
7.620903820341784041e+00 1.969960829555820681e+01 2.452700122627342161e+00 1.000000000000000000e+00
7.635201951336796355e+00 1.964420671600767321e+01 2.456096851007322446e+00 1.000000000000000000e+00
7.649500082331809558e+00 1.958847855738321897e+01 2.459452747510166404e+00 1.000000000000000000e+00
7.663798213326821873e+00 1.953242474614884472e+01 2.462767756345096704e+00 1.000000000000000000e+00
7.678096344321835076e+00 1.947604621418244264e+01 2.466041822401080275e+00 1.000000000000000000e+00
7.692394475316847391e+00 1.941934389876027467e+01 2.469274891247747128e+00 1.000000000000000000e+00
7.706692606311860594e+00 1.936231874254141161e+01 2.472466909136291413e+00 1.000000000000000000e+00
7.720990737306872909e+00 1.930497169355205500e+01 2.475617823000368922e+00 1.000000000000000000e+00
7.735288868301885223e+00 1.924730370516978795e+01 2.478727580456976831e+00 1.000000000000000000e+00
7.749586999296898426e+00 1.918931573610769803e+01 2.481796129807325890e+00 1.000000000000000000e+00
7.763885130291910741e+00 1.913100875039846827e+01 2.484823420037698849e+00 1.000000000000000000e+00
7.778183261286923944e+00 1.907238371737833305e+01 2.487809400820299111e+00 1.000000000000000000e+00
7.792481392281936259e+00 1.901344161167097369e+01 2.490754022514086952e+00 1.000000000000000000e+00
7.806779523276949462e+00 1.895418341317130029e+01 2.493657236165605973e+00 1.000000000000000000e+00
7.821077654271961777e+00 1.889461010702918387e+01 2.496518993509795337e+00 1.000000000000000000e+00
7.835375785266974979e+00 1.883472268363304991e+01 2.499339246970793127e+00 1.000000000000000000e+00
7.849673916261987294e+00 1.877452213859345420e+01 2.502117949662727714e+00 1.000000000000000000e+00
7.863972047257000497e+00 1.871400947272647741e+01 2.504855055390495799e+00 1.000000000000000000e+00
7.878270178252012812e+00 1.865318569203714105e+01 2.507550518650532467e+00 1.000000000000000000e+00
7.892568309247026015e+00 1.859205180770262800e+01 2.510204294631564359e+00 1.000000000000000000e+00
7.906866440242038330e+00 1.853060883605555276e+01 2.512816339215357520e+00 1.000000000000000000e+00
7.921164571237051533e+00 1.846885779856694398e+01 2.515386608977451477e+00 1.000000000000000000e+00
7.935462702232063847e+00 1.840679972182940816e+01 2.517915061187877779e+00 1.000000000000000000e+00
7.949760833227076162e+00 1.834443563753991668e+01 2.520401653811873199e+00 1.000000000000000000e+00
7.964058964222089365e+00 1.828176658248277420e+01 2.522846345510577404e+00 1.000000000000000000e+00
7.978357095217101680e+00 1.821879359851232039e+01 2.525249095641720842e+00 1.000000000000000000e+00
7.992655226212114883e+00 1.815551773253560341e+01 2.527609864260299766e+00 1.000000000000000000e+00
8.006953357207127198e+00 1.809194003649503557e+01 2.529928612119239251e+00 1.000000000000000000e+00
8.021251488202139512e+00 1.802806156735081800e+01 2.532205300670049564e+00 1.000000000000000000e+00
8.035549619197153604e+00 1.796388338706344001e+01 2.534439892063462541e+00 1.000000000000000000e+00
8.049847750192165918e+00 1.789940656257601148e+01 2.536632349150062637e+00 1.000000000000000000e+00
8.064145881187178233e+00 1.783463216579648503e+01 2.538782635480905991e+00 1.000000000000000000e+00
8.078444012182190548e+00 1.776956127357986404e+01 2.540890715308123493e+00 1.000000000000000000e+00
8.092742143177204639e+00 1.770419496771032186e+01 2.542956553585517643e+00 1.000000000000000000e+00
8.107040274172216954e+00 1.763853433488319311e+01 2.544980115969142975e+00 1.000000000000000000e+00
8.121338405167229268e+00 1.757258046668689033e+01 2.546961368817879379e+00 1.000000000000000000e+00
8.135636536162241583e+00 1.750633445958480294e+01 2.548900279193989427e+00 1.000000000000000000e+00
8.149934667157253898e+00 1.743979741489701141e+01 2.550796814863666384e+00 1.000000000000000000e+00
8.164232798152267989e+00 1.737297043878202274e+01 2.552650944297571112e+00 1.000000000000000000e+00
8.178530929147280304e+00 1.730585464221838876e+01 2.554462636671355202e+00 1.000000000000000000e+00
8.192829060142292619e+00 1.723845114098619291e+01 2.556231861866173460e+00 1.000000000000000000e+00
8.207127191137304933e+00 1.717076105564852639e+01 2.557958590469184834e+00 1.000000000000000000e+00
8.221425322132319025e+00 1.710278551153284354e+01 2.559642793774042246e+00 1.000000000000000000e+00
8.235723453127331339e+00 1.703452563871228520e+01 2.561284443781367770e+00 1.000000000000000000e+00
8.250021584122343654e+00 1.696598257198687421e+01 2.562883513199220253e+00 1.000000000000000000e+00
8.264319715117355969e+00 1.689715745086463983e+01 2.564439975443547404e+00 1.000000000000000000e+00
8.278617846112370060e+00 1.682805141954264982e+01 2.565953804638630320e+00 1.000000000000000000e+00
8.292915977107382375e+00 1.675866562688808870e+01 2.567424975617508487e+00 1.000000000000000000e+00
8.307214108102394690e+00 1.668900122641903039e+01 2.568853463922404767e+00 1.000000000000000000e+00
8.321512239097407004e+00 1.661905937628534602e+01 2.570239245805127304e+00 1.000000000000000000e+00
8.335810370092421095e+00 1.654884123924942330e+01 2.571582298227465646e+00 1.000000000000000000e+00
8.350108501087433410e+00 1.647834798266682554e+01 2.572882598861573555e+00 1.000000000000000000e+00
8.364406632082445725e+00 1.640758077846691876e+01 2.574140126090342484e+00 1.000000000000000000e+00
8.378704763077458040e+00 1.633654080313334234e+01 2.575354859007755959e+00 1.000000000000000000e+00
8.393002894072470355e+00 1.626522923768449402e+01 2.576526777419242631e+00 1.000000000000000000e+00
8.407301025067484446e+00 1.619364726765384432e+01 2.577655861842008900e+00 1.000000000000000000e+00
8.421599156062496760e+00 1.612179608307030421e+01 2.578742093505362210e+00 1.000000000000000000e+00
8.435897287057509075e+00 1.604967687843836899e+01 2.579785454351026353e+00 1.000000000000000000e+00
8.450195418052521390e+00 1.597729085271828886e+01 2.580785927033438121e+00 1.000000000000000000e+00
8.464493549047535481e+00 1.590463920930613106e+01 2.581743494920038184e+00 1.000000000000000000e+00
8.478791680042547796e+00 1.583172315601380653e+01 2.582658142091545539e+00 1.000000000000000000e+00
8.493089811037560111e+00 1.575854390504891889e+01 2.583529853342224403e+00 1.000000000000000000e+00
8.507387942032572425e+00 1.568510267299468275e+01 2.584358614180135127e+00 1.000000000000000000e+00
8.521686073027586517e+00 1.561140068078965548e+01 2.585144410827377115e+00 1.000000000000000000e+00
8.535984204022598831e+00 1.553743915370748496e+01 2.585887230220313526e+00 1.000000000000000000e+00
8.550282335017611146e+00 1.546321932133645660e+01 2.586587060009795991e+00 1.000000000000000000e+00
8.564580466012623461e+00 1.538874241755914696e+01 2.587243888561361338e+00 1.000000000000000000e+00
8.578878597007635776e+00 1.531400968053185352e+01 2.587857704955431881e+00 1.000000000000000000e+00
8.593176728002649867e+00 1.523902235266401561e+01 2.588428498987493054e+00 1.000000000000000000e+00
8.607474858997662182e+00 1.516378168059760512e+01 2.588956261168264383e+00 1.000000000000000000e+00
8.621772989992674496e+00 1.508828891518631465e+01 2.589440982723857587e+00 1.000000000000000000e+00
8.636071120987686811e+00 1.501254531147484350e+01 2.589882655595920458e+00 1.000000000000000000e+00
8.650369251982700902e+00 1.493655212867799875e+01 2.590281272441774085e+00 1.000000000000000000e+00
8.664667382977713217e+00 1.486031063015977161e+01 2.590636826634531431e+00 1.000000000000000000e+00
8.678965513972725532e+00 1.478382208341232662e+01 2.590949312263211457e+00 1.000000000000000000e+00
8.693263644967737847e+00 1.470708776003490570e+01 2.591218724132833717e+00 1.000000000000000000e+00
8.707561775962751938e+00 1.463010893571273741e+01 2.591445057764504956e+00 1.000000000000000000e+00
8.721859906957764252e+00 1.455288689019581660e+01 2.591628309395497265e+00 1.000000000000000000e+00
8.736158037952776567e+00 1.447542290727760239e+01 2.591768475979307151e+00 1.000000000000000000e+00
8.750456168947788882e+00 1.439771827477367871e+01 2.591865555185705716e+00 1.000000000000000000e+00
8.764754299942801197e+00 1.431977428450037415e+01 2.591919545400781288e+00 1.000000000000000000e+00
8.779052430937815288e+00 1.424159223225326265e+01 2.591930445726962517e+00 1.000000000000000000e+00
8.793350561932827603e+00 1.416317341778564121e+01 2.591898255983034360e+00 1.000000000000000000e+00
8.807648692927839917e+00 1.408451914478689737e+01 2.591822976704141634e+00 1.000000000000000000e+00
8.821946823922852232e+00 1.400563072086083061e+01 2.591704609141780580e+00 1.000000000000000000e+00
8.836244954917866323e+00 1.392650945750394165e+01 2.591543155263775766e+00 1.000000000000000000e+00
8.850543085912878638e+00 1.384715667008364193e+01 2.591338617754249896e+00 1.000000000000000000e+00
8.864841216907890953e+00 1.376757367781633690e+01 2.591091000013578505e+00 1.000000000000000000e+00
8.879139347902903268e+00 1.368776180374550400e+01 2.590800306158332234e+00 1.000000000000000000e+00
8.893437478897917359e+00 1.360772237471973511e+01 2.590466541021209768e+00 1.000000000000000000e+00
8.907735609892929673e+00 1.352745672137066180e+01 2.590089710150956570e+00 1.000000000000000000e+00
8.922033740887941988e+00 1.344696617809080763e+01 2.589669819812273843e+00 1.000000000000000000e+00
8.936331871882954303e+00 1.336625208301144418e+01 2.589206876985713279e+00 1.000000000000000000e+00
8.950630002877966618e+00 1.328531577798029417e+01 2.588700889367561153e+00 1.000000000000000000e+00
8.964928133872980709e+00 1.320415860853927725e+01 2.588151865369709981e+00 1.000000000000000000e+00
8.979226264867993024e+00 1.312278192390212794e+01 2.587559814119520407e+00 1.000000000000000000e+00
8.993524395863005338e+00 1.304118707693193180e+01 2.586924745459667552e+00 1.000000000000000000e+00
9.007822526858017653e+00 1.295937542411867938e+01 2.586246669947978916e+00 1.000000000000000000e+00
9.022120657853031744e+00 1.287734832555665676e+01 2.585525598857256746e+00 1.000000000000000000e+00
9.036418788848044059e+00 1.279510714492192136e+01 2.584761544175092851e+00 1.000000000000000000e+00
9.050716919843056374e+00 1.271265324944955033e+01 2.583954518603668760e+00 1.000000000000000000e+00
9.065015050838068689e+00 1.262998800991095294e+01 2.583104535559543447e+00 1.000000000000000000e+00
9.079313181833082780e+00 1.254711280059104084e+01 2.582211609173431288e+00 1.000000000000000000e+00
9.093611312828095095e+00 1.246402899926546226e+01 2.581275754289967139e+00 1.000000000000000000e+00
9.107909443823107409e+00 1.238073798717761065e+01 2.580296986467458975e+00 1.000000000000000000e+00
9.122207574818119724e+00 1.229724114901569898e+01 2.579275321977629876e+00 1.000000000000000000e+00
9.136505705813133815e+00 1.221353987288974174e+01 2.578210777805346687e+00 1.000000000000000000e+00
9.150803836808146130e+00 1.212963555030849427e+01 2.577103371648339358e+00 1.000000000000000000e+00
9.165101967803158445e+00 1.204552957615625175e+01 2.575953121916903843e+00 1.000000000000000000e+00
9.179400098798170760e+00 1.196122334866974768e+01 2.574760047733599233e+00 1.000000000000000000e+00
9.193698229793183074e+00 1.187671826941484632e+01 2.573524168932927569e+00 1.000000000000000000e+00
9.207996360788197165e+00 1.179201574326327773e+01 2.572245506061004772e+00 1.000000000000000000e+00
9.222294491783209480e+00 1.170711717836925203e+01 2.570924080375220022e+00 1.000000000000000000e+00
9.236592622778221795e+00 1.162202398614608079e+01 2.569559913843880938e+00 1.000000000000000000e+00
9.250890753773234110e+00 1.153673758124267934e+01 2.568153029145848976e+00 1.000000000000000000e+00
9.265188884768248201e+00 1.145125938152007805e+01 2.566703449670161508e+00 1.000000000000000000e+00
9.279487015763260516e+00 1.136559080802785537e+01 2.565211199515645468e+00 1.000000000000000000e+00
9.293785146758272830e+00 1.127973328498045547e+01 2.563676303490515007e+00 1.000000000000000000e+00
9.308083277753285145e+00 1.119368823973358218e+01 2.562098787111956710e+00 1.000000000000000000e+00
9.322381408748299236e+00 1.110745710276042075e+01 2.560478676605710824e+00 1.000000000000000000e+00
9.336679539743311551e+00 1.102104130762792522e+01 2.558815998905630718e+00 1.000000000000000000e+00
9.350977670738323866e+00 1.093444229097286069e+01 2.557110781653237019e+00 1.000000000000000000e+00
9.365275801733336181e+00 1.084766149247804989e+01 2.555363053197257095e+00 1.000000000000000000e+00
9.379573932728348495e+00 1.076070035484836929e+01 2.553572842593155645e+00 1.000000000000000000e+00
9.393872063723362587e+00 1.067356032378676289e+01 2.551740179602649317e+00 1.000000000000000000e+00
9.408170194718374901e+00 1.058624284797027393e+01 2.549865094693213763e+00 1.000000000000000000e+00
9.422468325713387216e+00 1.049874937902584726e+01 2.547947619037575162e+00 1.000000000000000000e+00
9.436766456708399531e+00 1.041108137150630597e+01 2.545987784513195074e+00 1.000000000000000000e+00
9.451064587703413622e+00 1.032324028286609519e+01 2.543985623701736198e+00 1.000000000000000000e+00
9.465362718698425937e+00 1.023522757343712009e+01 2.541941169888525920e+00 1.000000000000000000e+00
9.479660849693438252e+00 1.014704470640440803e+01 2.539854457061998083e+00 1.000000000000000000e+00
9.493958980688450566e+00 1.005869314778178669e+01 2.537725519913130778e+00 1.000000000000000000e+00
9.508257111683464657e+00 9.970174366387549725e+00 2.535554393834868581e+00 1.000000000000000000e+00
9.522555242678476972e+00 9.881489833820037205e+00 2.533341114921534132e+00 1.000000000000000000e+00
9.536853373673489287e+00 9.792641024433137886e+00 2.531085719968229952e+00 1.000000000000000000e+00
9.551151504668501602e+00 9.703629415311768369e+00 2.528788246470223378e+00 1.000000000000000000e+00
9.565449635663513916e+00 9.614456486247382472e+00 2.526448732622325721e+00 1.000000000000000000e+00
9.579747766658528008e+00 9.525123719713295856e+00 2.524067217318255896e+00 1.000000000000000000e+00
9.594045897653540322e+00 9.435632600840111905e+00 2.521643740149996038e+00 1.000000000000000000e+00
9.608344028648552637e+00 9.345984617390975302e+00 2.519178341407130262e+00 1.000000000000000000e+00
9.622642159643564952e+00 9.256181259736836253e+00 2.516671062076177190e+00 1.000000000000000000e+00
9.636940290638579043e+00 9.166224020831711172e+00 2.514121943839906947e+00 1.000000000000000000e+00
9.651238421633591358e+00 9.076114396187872302e+00 2.511531029076649713e+00 1.000000000000000000e+00
9.665536552628603673e+00 8.985853883850927204e+00 2.508898360859590060e+00 1.000000000000000000e+00
9.679834683623615987e+00 8.895443984374962199e+00 2.506223982956051977e+00 1.000000000000000000e+00
9.694132814618630078e+00 8.804886200797547247e+00 2.503507939826769224e+00 1.000000000000000000e+00
9.708430945613642393e+00 8.714182038614834980e+00 2.500750276625148594e+00 1.000000000000000000e+00
9.722729076608654708e+00 8.623333005756443015e+00 2.497951039196517620e+00 1.000000000000000000e+00
9.737027207603667023e+00 8.532340612560437521e+00 2.495110274077363410e+00 1.000000000000000000e+00
9.751325338598681114e+00 8.441206371748169346e+00 2.492228028494557268e+00 1.000000000000000000e+00
9.765623469593693429e+00 8.349931798399227389e+00 2.489304350364573093e+00 1.000000000000000000e+00
9.779921600588705743e+00 8.258518409926139725e+00 2.486339288292686689e+00 1.000000000000000000e+00
9.794219731583718058e+00 8.166967726049202625e+00 2.483332891572170187e+00 1.000000000000000000e+00
9.808517862578730373e+00 8.075281268771231424e+00 2.480285210183472255e+00 1.000000000000000000e+00
9.822815993573744464e+00 7.983460562352182599e+00 2.477196294793384990e+00 1.000000000000000000e+00
9.837114124568756779e+00 7.891507133283924169e+00 2.474066196754206359e+00 1.000000000000000000e+00
9.851412255563769094e+00 7.799422510264762742e+00 2.470894968102881784e+00 1.000000000000000000e+00
9.865710386558781408e+00 7.707208224174084243e+00 2.467682661560140822e+00 1.000000000000000000e+00
9.880008517553795500e+00 7.614865808046842766e+00 2.464429330529620543e+00 1.000000000000000000e+00
9.894306648548807814e+00 7.522396797048177319e+00 2.461135029096979565e+00 1.000000000000000000e+00
9.908604779543820129e+00 7.429802728447789661e+00 2.457799812028995223e+00 1.000000000000000000e+00
9.922902910538832444e+00 7.337085141594436699e+00 2.454423734772656296e+00 1.000000000000000000e+00
9.937201041533846535e+00 7.244245577890318089e+00 2.451006853454238854e+00 1.000000000000000000e+00
9.951499172528858850e+00 7.151285580765500249e+00 2.447549224878376783e+00 1.000000000000000000e+00
9.965797303523871165e+00 7.058206695652163631e+00 2.444050906527111433e+00 1.000000000000000000e+00
9.980095434518883479e+00 6.965010469959006301e+00 2.440511956558941709e+00 1.000000000000000000e+00
9.994393565513895794e+00 6.871698453045461896e+00 2.436932433807855514e+00 1.000000000000000000e+00
1.000869169650890989e+01 6.778272196195969101e+00 2.433312397782349201e+00 1.000000000000000000e+00
1.002298982750392220e+01 6.684733252594160291e+00 2.429651908664442139e+00 1.000000000000000000e+00
1.003728795849893451e+01 6.591083177297058171e+00 2.425951027308673069e+00 1.000000000000000000e+00
1.005158608949394683e+01 6.497323527209215577e+00 2.422209815241090247e+00 1.000000000000000000e+00
1.006588422048896092e+01 6.403455861056822407e+00 2.418428334658226486e+00 1.000000000000000000e+00
1.008018235148397324e+01 6.309481739361844532e+00 2.414606648426070201e+00 1.000000000000000000e+00
1.009448048247898555e+01 6.215402724415977964e+00 2.410744820079013362e+00 1.000000000000000000e+00
1.010877861347399786e+01 6.121220380254779769e+00 2.406842913818799001e+00 1.000000000000000000e+00
1.012307674446901196e+01 6.026936272631601810e+00 2.402900994513454513e+00 1.000000000000000000e+00
1.013737487546402427e+01 5.932551968991616853e+00 2.398919127696212517e+00 1.000000000000000000e+00
1.015167300645903659e+01 5.838069038445703463e+00 2.394897379564420614e+00 1.000000000000000000e+00
1.016597113745404890e+01 5.743489051744361973e+00 2.390835816978440054e+00 1.000000000000000000e+00
1.018026926844906122e+01 5.648813581251658000e+00 2.386734507460537724e+00 1.000000000000000000e+00
1.019456739944407531e+01 5.554044200919018515e+00 2.382593519193759501e+00 1.000000000000000000e+00
1.020886553043908762e+01 5.459182486259140710e+00 2.378412921020800486e+00 1.000000000000000000e+00
1.022316366143409994e+01 5.364230014319692152e+00 2.374192782442856586e+00 1.000000000000000000e+00
1.023746179242911225e+01 5.269188363657185015e+00 2.369933173618472555e+00 1.000000000000000000e+00
1.025175992342412634e+01 5.174059114310690433e+00 2.365634165362374031e+00 1.000000000000000000e+00
1.026605805441913866e+01 5.078843847775607045e+00 2.361295829144289815e+00 1.000000000000000000e+00
1.028035618541415097e+01 4.983544146977324729e+00 2.356918237087766155e+00 1.000000000000000000e+00
1.029465431640916329e+01 4.888161596244906981e+00 2.352501461968962815e+00 1.000000000000000000e+00
1.030895244740417738e+01 4.792697781284792846e+00 2.348045577215447821e+00 1.000000000000000000e+00
1.032325057839918969e+01 4.697154289154436668e+00 2.343550656904977103e+00 1.000000000000000000e+00
1.033754870939420201e+01 4.601532708235878566e+00 2.339016775764258593e+00 1.000000000000000000e+00
1.035184684038921432e+01 4.505834628209345993e+00 2.334444009167712775e+00 1.000000000000000000e+00
1.036614497138422841e+01 4.410061640026855301e+00 2.329832433136218572e+00 1.000000000000000000e+00
1.038044310237924073e+01 4.314215335885775104e+00 2.325182124335853473e+00 1.000000000000000000e+00
1.039474123337425304e+01 4.218297309202296397e+00 2.320493160076612327e+00 1.000000000000000000e+00
1.040903936436926536e+01 4.122309154584994140e+00 2.315765618311126595e+00 1.000000000000000000e+00
1.042333749536427767e+01 4.026252467808273394e+00 2.310999577633367164e+00 1.000000000000000000e+00
1.043763562635929176e+01 3.930128845785884728e+00 2.306195117277336948e+00 1.000000000000000000e+00
1.045193375735430408e+01 3.833939886544374342e+00 2.301352317115757273e+00 1.000000000000000000e+00
1.046623188834931639e+01 3.737687189196474691e+00 2.296471257658734277e+00 1.000000000000000000e+00
1.048053001934432871e+01 3.641372353914562598e+00 2.291552020052425753e+00 1.000000000000000000e+00
1.049482815033934280e+01 3.544996981903997479e+00 2.286594686077687122e+00 1.000000000000000000e+00
1.050912628133435511e+01 3.448562675376609210e+00 2.281599338148717848e+00 1.000000000000000000e+00
1.052342441232936743e+01 3.352071037523951524e+00 2.276566059311685652e+00 1.000000000000000000e+00
1.053772254332437974e+01 3.255523672490717946e+00 2.271494933243349834e+00 1.000000000000000000e+00
1.055202067431939383e+01 3.158922185348005396e+00 2.266386044249665943e+00 1.000000000000000000e+00
1.056631880531440615e+01 3.062268182066739453e+00 2.261239477264390452e+00 1.000000000000000000e+00
1.058061693630941846e+01 2.965563269490867793e+00 2.256055317847663222e+00 1.000000000000000000e+00
1.059491506730443078e+01 2.868809055310700629e+00 2.250833652184587308e+00 1.000000000000000000e+00
1.060921319829944309e+01 2.772007148036183644e+00 2.245574567083796325e+00 1.000000000000000000e+00
1.062351132929445718e+01 2.675159156970104313e+00 2.240278149976008493e+00 1.000000000000000000e+00
1.063780946028946950e+01 2.578266692181441222e+00 2.234944488912580240e+00 1.000000000000000000e+00
1.065210759128448181e+01 2.481331364478493118e+00 2.229573672564033604e+00 1.000000000000000000e+00
1.066640572227949413e+01 2.384354785382154063e+00 2.224165790218587624e+00 1.000000000000000000e+00
1.068070385327450822e+01 2.287338567099108655e+00 2.218720931780672423e+00 1.000000000000000000e+00
1.069500198426952053e+01 2.190284322495032132e+00 2.213239187769434402e+00 1.000000000000000000e+00
1.070930011526453285e+01 2.093193665067775378e+00 2.207720649317232109e+00 1.000000000000000000e+00
1.072359824625954516e+01 1.996068208920542153e+00 2.202165408168119676e+00 1.000000000000000000e+00
1.073789637725455925e+01 1.898909568735043241e+00 2.196573556676323147e+00 1.000000000000000000e+00
1.075219450824957157e+01 1.801719359744706983e+00 2.190945187804706595e+00 1.000000000000000000e+00
1.076649263924458388e+01 1.704499197707719960e+00 2.185280395123220476e+00 1.000000000000000000e+00
1.078079077023959620e+01 1.607250698880271944e+00 2.179579272807353529e+00 1.000000000000000000e+00
1.079508890123460851e+01 1.509975479989632108e+00 2.173841915636562483e+00 1.000000000000000000e+00
1.080938703222962260e+01 1.412675158207283843e+00 2.168068418992698199e+00 1.000000000000000000e+00
1.082368516322463492e+01 1.315351351122037160e+00 2.162258878858419386e+00 1.000000000000000000e+00
1.083798329421964723e+01 1.218005676713139307e+00 2.156413391815596992e+00 1.000000000000000000e+00
1.085228142521465955e+01 1.120639753323374954e+00 2.150532055043707924e+00 1.000000000000000000e+00
1.086657955620967364e+01 1.023255199632151280e+00 2.144614966318220795e+00 1.000000000000000000e+00
1.088087768720468596e+01 9.258536346286414531e-01 2.138662224008971435e+00 1.000000000000000000e+00
1.089517581819969827e+01 8.284366775847623598e-01 2.132673927078521992e+00 1.000000000000000000e+00
1.090947394919471058e+01 7.310059480283618294e-01 2.126650175080522676e+00 1.000000000000000000e+00
1.092377208018972468e+01 6.335630657162305557e-01 2.120591068158052206e+00 1.000000000000000000e+00
1.093807021118473699e+01 5.361096506072265955e-01 2.114496707041955581e+00 1.000000000000000000e+00
1.095236834217974931e+01 4.386473228352917308e-01 2.108367193049168087e+00 1.000000000000000000e+00
1.096666647317476162e+01 3.411777026825164039e-01 2.102202628081029090e+00 1.000000000000000000e+00
1.098096460416977393e+01 2.437024105522572204e-01 2.096003114621591834e+00 1.000000000000000000e+00
1.099526273516478803e+01 1.462230669421439033e-01 2.089768755735916805e+00 1.000000000000000000e+00
1.100956086615980034e+01 4.874129241720358968e-02 2.083499655068361989e+00 1.000000000000000000e+00
1.102385899715481266e+01 -4.874129241718713063e-02 2.077195916840852696e+00 1.000000000000000000e+00
1.103815712814982497e+01 -1.462230669421380747e-01 2.070857645851156725e+00 1.000000000000000000e+00
1.105245525914483906e+01 -2.437024105522513362e-01 2.064484947471136422e+00 1.000000000000000000e+00
1.106675339013985138e+01 -3.411777026825105752e-01 2.058077927645002525e+00 1.000000000000000000e+00
1.108105152113486369e+01 -4.386473228352751885e-01 2.051636692887546687e+00 1.000000000000000000e+00
1.109534965212987601e+01 -5.361096506072208223e-01 2.045161350282374002e+00 1.000000000000000000e+00
1.110964778312489010e+01 -6.335630657162353296e-01 2.038652007480121764e+00 1.000000000000000000e+00
1.112394591411990241e+01 -7.310059480283560562e-01 2.032108772696672894e+00 1.000000000000000000e+00
1.113824404511491473e+01 -8.284366775847564757e-01 2.025531754711352939e+00 1.000000000000000000e+00
1.115254217610992704e+01 -9.258536346286250218e-01 2.018921062865123073e+00 1.000000000000000000e+00
1.116684030710494113e+01 -1.023255199632156387e+00 2.012276807058760220e+00 1.000000000000000000e+00
1.118113843809995345e+01 -1.120639753323369403e+00 2.005599097751036286e+00 1.000000000000000000e+00
1.119543656909496576e+01 -1.218005676713133534e+00 1.998888045956875414e+00 1.000000000000000000e+00
1.120973470008997808e+01 -1.315351351122020507e+00 1.992143763245510790e+00 1.000000000000000000e+00
1.122403283108499039e+01 -1.412675158207267412e+00 1.985366361738629015e+00 1.000000000000000000e+00
1.123833096208000448e+01 -1.509975479989626557e+00 1.978555954108506709e+00 1.000000000000000000e+00
1.125262909307501680e+01 -1.607250698880265949e+00 1.971712653576140006e+00 1.000000000000000000e+00
1.126692722407002911e+01 -1.704499197707713964e+00 1.964836573909356954e+00 1.000000000000000000e+00
1.128122535506504143e+01 -1.801719359744690330e+00 1.957927829420931243e+00 1.000000000000000000e+00
1.129552348606005552e+01 -1.898909568735047682e+00 1.950986534966675068e+00 1.000000000000000000e+00
1.130982161705506783e+01 -1.996068208920536158e+00 1.944012805943539979e+00 1.000000000000000000e+00
1.132411974805008015e+01 -2.093193665067769604e+00 1.937006758287688202e+00 1.000000000000000000e+00
1.133841787904509246e+01 -2.190284322495015701e+00 1.929968508472572619e+00 1.000000000000000000e+00
1.135271601004010655e+01 -2.287338567099102882e+00 1.922898173506993436e+00 1.000000000000000000e+00
1.136701414103511887e+01 -2.384354785382148290e+00 1.915795870933161282e+00 1.000000000000000000e+00
1.138131227203013118e+01 -2.481331364478487345e+00 1.908661718824736564e+00 1.000000000000000000e+00
1.139561040302514350e+01 -2.578266692181435449e+00 1.901495835784868360e+00 1.000000000000000000e+00
1.140990853402015581e+01 -2.675159156970088770e+00 1.894298340944224668e+00 1.000000000000000000e+00
1.142420666501516990e+01 -2.772007148036168100e+00 1.887069353959006657e+00 1.000000000000000000e+00
1.143850479601018222e+01 -2.868809055310694411e+00 1.879808995008968031e+00 1.000000000000000000e+00
1.145280292700519453e+01 -2.965563269490861575e+00 1.872517384795408857e+00 1.000000000000000000e+00
1.146710105800020685e+01 -3.062268182066733235e+00 1.865194644539172053e+00 1.000000000000000000e+00
1.148139918899522094e+01 -3.158922185347999179e+00 1.857840895978629669e+00 1.000000000000000000e+00
1.149569731999023325e+01 -3.255523672490701514e+00 1.850456261367656952e+00 1.000000000000000000e+00
1.150999545098524557e+01 -3.352071037523945751e+00 1.843040863473599744e+00 1.000000000000000000e+00
1.152429358198025788e+01 -3.448562675376602993e+00 1.835594825575235234e+00 1.000000000000000000e+00
1.153859171297527197e+01 -3.544996981904001920e+00 1.828118271460720479e+00 1.000000000000000000e+00
1.155288984397028429e+01 -3.641372353914546167e+00 1.820611325425538496e+00 1.000000000000000000e+00
1.156718797496529660e+01 -3.737687189196468918e+00 1.813074112270424587e+00 1.000000000000000000e+00
1.158148610596030892e+01 -3.833939886544369013e+00 1.805506757299298881e+00 1.000000000000000000e+00
1.159578423695532123e+01 -3.930128845785878955e+00 1.797909386317178893e+00 1.000000000000000000e+00
1.161008236795033532e+01 -4.026252467808268953e+00 1.790282125628089416e+00 1.000000000000000000e+00
1.162438049894534764e+01 -4.122309154584978153e+00 1.782625102032965314e+00 1.000000000000000000e+00
1.163867862994035995e+01 -4.218297309202290180e+00 1.774938442827535878e+00 1.000000000000000000e+00
1.165297676093537227e+01 -4.314215335885769775e+00 1.767222275800217846e+00 1.000000000000000000e+00
1.166727489193038636e+01 -4.410061640026860630e+00 1.759476729229983771e+00 1.000000000000000000e+00
1.168157302292539867e+01 -4.505834628209329118e+00 1.751701931884236840e+00 1.000000000000000000e+00
1.169587115392041099e+01 -4.601532708235863467e+00 1.743898013016659476e+00 1.000000000000000000e+00
1.171016928491542330e+01 -4.697154289154430451e+00 1.736065102365075052e+00 1.000000000000000000e+00
1.172446741591043740e+01 -4.792697781284797287e+00 1.728203330149284067e+00 1.000000000000000000e+00
1.173876554690544971e+01 -4.888161596244901652e+00 1.720312827068905648e+00 1.000000000000000000e+00
1.175306367790046203e+01 -4.983544146977308742e+00 1.712393724301198406e+00 1.000000000000000000e+00
1.176736180889547434e+01 -5.078843847775601716e+00 1.704446153498880401e+00 1.000000000000000000e+00
1.178165993989048843e+01 -5.174059114310694873e+00 1.696470246787944891e+00 1.000000000000000000e+00
1.179595807088550075e+01 -5.269188363657178797e+00 1.688466136765461645e+00 1.000000000000000000e+00
1.181025620188051306e+01 -5.364230014319676165e+00 1.680433956497371595e+00 1.000000000000000000e+00
1.182455433287552538e+01 -5.459182486259125611e+00 1.672373839516272165e+00 1.000000000000000000e+00
1.183885246387053769e+01 -5.554044200919013186e+00 1.664285919819203929e+00 1.000000000000000000e+00
1.185315059486555178e+01 -5.648813581251650895e+00 1.656170331865417511e+00 1.000000000000000000e+00
1.186744872586056410e+01 -5.743489051744356644e+00 1.648027210574141588e+00 1.000000000000000000e+00
1.188174685685557641e+01 -5.838069038445687475e+00 1.639856691322337578e+00 1.000000000000000000e+00
1.189604498785058873e+01 -5.932551968991611524e+00 1.631658909942448110e+00 1.000000000000000000e+00
1.191034311884560282e+01 -6.026936272631607139e+00 1.623434002720141711e+00 1.000000000000000000e+00
1.192464124984061513e+01 -6.121220380254773552e+00 1.615182106392048400e+00 1.000000000000000000e+00
1.193893938083562745e+01 -6.215402724415971747e+00 1.606903358143480620e+00 1.000000000000000000e+00
1.195323751183063976e+01 -6.309481739361828545e+00 1.598597895606158170e+00 1.000000000000000000e+00
1.196753564282565385e+01 -6.403455861056826848e+00 1.590265856855914706e+00 1.000000000000000000e+00
1.198183377382066617e+01 -6.497323527209210248e+00 1.581907380410410013e+00 1.000000000000000000e+00
1.199613190481567848e+01 -6.591083177297053730e+00 1.573522605226819637e+00 1.000000000000000000e+00
1.201043003581069080e+01 -6.684733252594144304e+00 1.565111670699529611e+00 1.000000000000000000e+00
1.202472816680570311e+01 -6.778272196195953114e+00 1.556674716657814761e+00 1.000000000000000000e+00
1.203902629780071720e+01 -6.871698453045457455e+00 1.548211883363517449e+00 1.000000000000000000e+00
1.205332442879572952e+01 -6.965010469959000972e+00 1.539723311508717662e+00 1.000000000000000000e+00
1.206762255979074183e+01 -7.058206695652158302e+00 1.531209142213388219e+00 1.000000000000000000e+00
1.208192069078575415e+01 -7.151285580765484262e+00 1.522669517023053531e+00 1.000000000000000000e+00
1.209621882178076824e+01 -7.244245577890320753e+00 1.514104577906430604e+00 1.000000000000000000e+00
1.211051695277578055e+01 -7.337085141594432258e+00 1.505514467253079358e+00 1.000000000000000000e+00
1.212481508377079287e+01 -7.429802728447785221e+00 1.496899327871024754e+00 1.000000000000000000e+00
1.213911321476580518e+01 -7.522396797048171990e+00 1.488259302984387356e+00 1.000000000000000000e+00
1.215341134576081927e+01 -7.614865808046838325e+00 1.479594536231003010e+00 1.000000000000000000e+00
1.216770947675583159e+01 -7.707208224174068256e+00 1.470905171660032540e+00 1.000000000000000000e+00
1.218200760775084390e+01 -7.799422510264757413e+00 1.462191353729568988e+00 1.000000000000000000e+00
1.219630573874585622e+01 -7.891507133283919728e+00 1.453453227304234652e+00 1.000000000000000000e+00
1.221060386974086853e+01 -7.983460562352167500e+00 1.444690937652774343e+00 1.000000000000000000e+00
1.222490200073588262e+01 -8.075281268771218990e+00 1.435904630445635988e+00 1.000000000000000000e+00
1.223920013173089494e+01 -8.166967726049197296e+00 1.427094451752557225e+00 1.000000000000000000e+00
1.225349826272590725e+01 -8.258518409926132620e+00 1.418260548040128244e+00 1.000000000000000000e+00
1.226779639372091957e+01 -8.349931798399222060e+00 1.409403066169362173e+00 1.000000000000000000e+00
1.228209452471593366e+01 -8.441206371748164017e+00 1.400522153393251701e+00 1.000000000000000000e+00
1.229639265571094597e+01 -8.532340612560421533e+00 1.391617957354320811e+00 1.000000000000000000e+00
1.231069078670595829e+01 -8.623333005756435909e+00 1.382690626082172081e+00 1.000000000000000000e+00
1.232498891770097060e+01 -8.714182038614829651e+00 1.373740307991022647e+00 1.000000000000000000e+00
1.233928704869598469e+01 -8.804886200797550799e+00 1.364767151877239293e+00 1.000000000000000000e+00
1.235358517969099701e+01 -8.895443984374946211e+00 1.355771306916866870e+00 1.000000000000000000e+00
1.236788331068600932e+01 -8.985853883850921875e+00 1.346752922663140506e+00 1.000000000000000000e+00
1.238218144168102164e+01 -9.076114396187866973e+00 1.337712149044007370e+00 1.000000000000000000e+00
1.239647957267603573e+01 -9.166224020831716501e+00 1.328649136359630667e+00 1.000000000000000000e+00
1.241077770367104804e+01 -9.256181259736829148e+00 1.319564035279892522e+00 1.000000000000000000e+00
1.242507583466606036e+01 -9.345984617390959315e+00 1.310456996841887101e+00 1.000000000000000000e+00
1.243937396566107267e+01 -9.435632600840106576e+00 1.301328172447408837e+00 1.000000000000000000e+00
1.245367209665608499e+01 -9.525123719713290527e+00 1.292177713860439781e+00 1.000000000000000000e+00
1.246797022765109908e+01 -9.614456486247377143e+00 1.283005773204621836e+00 1.000000000000000000e+00
1.248226835864611139e+01 -9.703629415311755935e+00 1.273812502960734117e+00 1.000000000000000000e+00
1.249656648964112371e+01 -9.792641024433123675e+00 1.264598055964147871e+00 1.000000000000000000e+00
1.251086462063613602e+01 -9.881489833820031876e+00 1.255362585402295172e+00 1.000000000000000000e+00
1.252516275163115012e+01 -9.970174366387553277e+00 1.246106244812116959e+00 1.000000000000000000e+00
1.253946088262616243e+01 -1.005869314778178136e+01 1.236829188077515074e+00 1.000000000000000000e+00
1.255375901362117474e+01 -1.014704470640439382e+01 1.227531569426788982e+00 1.000000000000000000e+00
1.256805714461618706e+01 -1.023522757343711476e+01 1.218213543430072043e+00 1.000000000000000000e+00
1.258235527561120115e+01 -1.032324028286609874e+01 1.208875264996765120e+00 1.000000000000000000e+00
1.259665340660621347e+01 -1.041108137150629886e+01 1.199516889372962636e+00 1.000000000000000000e+00
1.261095153760122578e+01 -1.049874937902584371e+01 1.190138572138865092e+00 1.000000000000000000e+00
1.262524966859623810e+01 -1.058624284797025794e+01 1.180740469206198906e+00 1.000000000000000000e+00
1.263954779959125041e+01 -1.067356032378675756e+01 1.171322736815618049e+00 1.000000000000000000e+00
1.265384593058626450e+01 -1.076070035484836218e+01 1.161885531534113225e+00 1.000000000000000000e+00
1.266814406158127682e+01 -1.084766149247804456e+01 1.152429010252407515e+00 1.000000000000000000e+00
1.268244219257628913e+01 -1.093444229097284470e+01 1.142953330182345129e+00 1.000000000000000000e+00
1.269674032357130145e+01 -1.102104130762790923e+01 1.133458648854277273e+00 1.000000000000000000e+00
1.271103845456631554e+01 -1.110745710276042608e+01 1.123945124114446914e+00 1.000000000000000000e+00
1.272533658556132785e+01 -1.119368823973357507e+01 1.114412914122366205e+00 1.000000000000000000e+00
1.273963471655634017e+01 -1.127973328498044836e+01 1.104862177348180152e+00 1.000000000000000000e+00
1.275393284755135248e+01 -1.136559080802784294e+01 1.095293072570038273e+00 1.000000000000000000e+00
1.276823097854636657e+01 -1.145125938152008338e+01 1.085705758871448490e+00 1.000000000000000000e+00
1.278252910954137889e+01 -1.153673758124267579e+01 1.076100395638643015e+00 1.000000000000000000e+00
1.279682724053639120e+01 -1.162202398614607368e+01 1.066477142557917812e+00 1.000000000000000000e+00
1.281112537153140352e+01 -1.170711717836923604e+01 1.056836159612984272e+00 1.000000000000000000e+00
1.282542350252641583e+01 -1.179201574326326174e+01 1.047177607082304673e+00 1.000000000000000000e+00
1.283972163352142992e+01 -1.187671826941484454e+01 1.037501645536431871e+00 1.000000000000000000e+00
1.285401976451644224e+01 -1.196122334866974413e+01 1.027808435835341205e+00 1.000000000000000000e+00
1.286831789551145455e+01 -1.204552957615624820e+01 1.018098139125749979e+00 1.000000000000000000e+00
1.288261602650646687e+01 -1.212963555030847829e+01 1.008370916838444264e+00 1.000000000000000000e+00
1.289691415750148096e+01 -1.221353987288974352e+01 9.986269306855878325e-01 1.000000000000000000e+00
1.291121228849649327e+01 -1.229724114901569898e+01 9.888663426580461824e-01 1.000000000000000000e+00
1.292551041949150559e+01 -1.238073798717760532e+01 9.790893150226807062e-01 1.000000000000000000e+00
1.293980855048651790e+01 -1.246402899926545871e+01 9.692960103196582855e-01 1.000000000000000000e+00
1.295410668148153199e+01 -1.254711280059103728e+01 9.594865913597466767e-01 1.000000000000000000e+00
1.296840481247654431e+01 -1.262998800991093873e+01 9.496612212216084536e-01 1.000000000000000000e+00
1.298270294347155662e+01 -1.271265324944954500e+01 9.398200632490899542e-01 1.000000000000000000e+00
1.299700107446656894e+01 -1.279510714492191426e+01 9.299632810485053414e-01 1.000000000000000000e+00
1.301129920546158303e+01 -1.287734832555666209e+01 9.200910384859158908e-01 1.000000000000000000e+00
1.302559733645659534e+01 -1.295937542411866517e+01 9.102034996844112769e-01 1.000000000000000000e+00
1.303989546745160766e+01 -1.304118707693192647e+01 9.003008290213697640e-01 1.000000000000000000e+00
1.305419359844661997e+01 -1.312278192390212261e+01 8.903831911257368281e-01 1.000000000000000000e+00
1.306849172944163229e+01 -1.320415860853927015e+01 8.804507508752826839e-01 1.000000000000000000e+00
1.308278986043664638e+01 -1.328531577798028174e+01 8.705036733938620319e-01 1.000000000000000000e+00
1.309708799143165869e+01 -1.336625208301142820e+01 8.605421240486695877e-01 1.000000000000000000e+00
1.311138612242667101e+01 -1.344696617809080408e+01 8.505662684474899482e-01 1.000000000000000000e+00
1.312568425342168332e+01 -1.352745672137065647e+01 8.405762724359454596e-01 1.000000000000000000e+00
1.313998238441669741e+01 -1.360772237471973867e+01 8.305723020947370916e-01 1.000000000000000000e+00
1.315428051541170973e+01 -1.368776180374549334e+01 8.205545237368895295e-01 1.000000000000000000e+00
1.316857864640672204e+01 -1.376757367781632269e+01 8.105231039049747288e-01 1.000000000000000000e+00
1.318287677740173436e+01 -1.384715667008363660e+01 8.004782093683548982e-01 1.000000000000000000e+00
1.319717490839674845e+01 -1.392650945750394698e+01 7.904200071204027234e-01 1.000000000000000000e+00
1.321147303939176076e+01 -1.400563072086082528e+01 7.803486643757306940e-01 1.000000000000000000e+00
1.322577117038677308e+01 -1.408451914478688316e+01 7.702643485674065538e-01 1.000000000000000000e+00
1.324006930138178539e+01 -1.416317341778563410e+01 7.601672273441684169e-01 1.000000000000000000e+00
1.325436743237679771e+01 -1.424159223225325732e+01 7.500574685676446585e-01 1.000000000000000000e+00
1.326866556337181180e+01 -1.431977428450037237e+01 7.399352403095562636e-01 1.000000000000000000e+00
1.328296369436682411e+01 -1.439771827477366806e+01 7.298007108489306116e-01 1.000000000000000000e+00
1.329726182536183643e+01 -1.447542290727759173e+01 7.196540486692919458e-01 1.000000000000000000e+00
1.331155995635684874e+01 -1.455288689019581483e+01 7.094954224558719380e-01 1.000000000000000000e+00
1.332585808735186284e+01 -1.463010893571274096e+01 6.993250010927986038e-01 1.000000000000000000e+00
1.334015621834687515e+01 -1.470708776003490215e+01 6.891429536602936556e-01 1.000000000000000000e+00
1.335445434934188746e+01 -1.478382208341231596e+01 6.789494494318574214e-01 1.000000000000000000e+00
1.336875248033689978e+01 -1.486031063015976628e+01 6.687446578714526524e-01 1.000000000000000000e+00
1.338305061133191387e+01 -1.493655212867800586e+01 6.585287486306938831e-01 1.000000000000000000e+00
1.339734874232692619e+01 -1.501254531147484350e+01 6.483018915460253551e-01 1.000000000000000000e+00
1.341164687332193850e+01 -1.508828891518630932e+01 6.380642566358930567e-01 1.000000000000000000e+00
1.342594500431695081e+01 -1.516378168059759268e+01 6.278160140979227588e-01 1.000000000000000000e+00
1.344024313531196313e+01 -1.523902235266401206e+01 6.175573343060861697e-01 1.000000000000000000e+00
1.345454126630697722e+01 -1.531400968053185352e+01 6.072883878078730868e-01 1.000000000000000000e+00
1.346883939730198954e+01 -1.538874241755914518e+01 5.970093453214564416e-01 1.000000000000000000e+00
1.348313752829700185e+01 -1.546321932133644772e+01 5.867203777328500180e-01 1.000000000000000000e+00
1.349743565929201417e+01 -1.553743915370747075e+01 5.764216560930669475e-01 1.000000000000000000e+00
1.351173379028702826e+01 -1.561140068078966081e+01 5.661133516152808687e-01 1.000000000000000000e+00
1.352603192128204057e+01 -1.568510267299468097e+01 5.557956356719794266e-01 1.000000000000000000e+00
1.354033005227705289e+01 -1.575854390504891711e+01 5.454686797921098895e-01 1.000000000000000000e+00
1.355462818327206520e+01 -1.583172315601379410e+01 5.351326556582328697e-01 1.000000000000000000e+00
1.356892631426707929e+01 -1.590463920930613462e+01 5.247877351036613902e-01 1.000000000000000000e+00
1.358322444526209161e+01 -1.597729085271828176e+01 5.144340901096157159e-01 1.000000000000000000e+00
1.359752257625710392e+01 -1.604967687843836188e+01 5.040718928023525391e-01 1.000000000000000000e+00
1.361182070725211624e+01 -1.612179608307030065e+01 4.937013154503099299e-01 1.000000000000000000e+00
1.362611883824712855e+01 -1.619364726765383367e+01 4.833225304612420725e-01 1.000000000000000000e+00
1.364041696924214264e+01 -1.626522923768447981e+01 4.729357103793486727e-01 1.000000000000000000e+00
1.365471510023715496e+01 -1.633654080313333523e+01 4.625410278824170773e-01 1.000000000000000000e+00
1.366901323123216727e+01 -1.640758077846691165e+01 4.521386557789404126e-01 1.000000000000000000e+00
1.368331136222717959e+01 -1.647834798266681489e+01 4.417287670052514881e-01 1.000000000000000000e+00
1.369760949322219368e+01 -1.654884123924941619e+01 4.313115346226409352e-01 1.000000000000000000e+00
1.371190762421720599e+01 -1.661905937628533891e+01 4.208871318144915552e-01 1.000000000000000000e+00
1.372620575521221831e+01 -1.668900122641902328e+01 4.104557318833878532e-01 1.000000000000000000e+00
1.374050388620723062e+01 -1.675866562688808159e+01 4.000175082482403388e-01 1.000000000000000000e+00
1.375480201720224471e+01 -1.682805141954264982e+01 3.895726344414018327e-01 1.000000000000000000e+00
1.376910014819725703e+01 -1.689715745086462562e+01 3.791212841057820526e-01 1.000000000000000000e+00
1.378339827919226934e+01 -1.696598257198687065e+01 3.686636309919611998e-01 1.000000000000000000e+00
1.379769641018728166e+01 -1.703452563871228520e+01 3.581998489553012144e-01 1.000000000000000000e+00
1.381199454118229575e+01 -1.710278551153284354e+01 3.477301119530545326e-01 1.000000000000000000e+00
1.382629267217730806e+01 -1.717076105564851574e+01 3.372545940414775623e-01 1.000000000000000000e+00
1.384059080317232038e+01 -1.723845114098618581e+01 3.267734693729257289e-01 1.000000000000000000e+00
1.385488893416733269e+01 -1.730585464221838876e+01 3.162869121929697269e-01 1.000000000000000000e+00
1.386918706516234501e+01 -1.737297043878201919e+01 3.057950968374930634e-01 1.000000000000000000e+00
1.388348519615735910e+01 -1.743979741489700430e+01 2.952981977297935989e-01 1.000000000000000000e+00
1.389778332715237141e+01 -1.750633445958479228e+01 2.847963893776896960e-01 1.000000000000000000e+00
1.391208145814738373e+01 -1.757258046668688678e+01 2.742898463706076040e-01 1.000000000000000000e+00
1.392637958914239604e+01 -1.763853433488318601e+01 2.637787433766902723e-01 1.000000000000000000e+00
1.394067772013741013e+01 -1.770419496771032541e+01 2.532632551398867893e-01 1.000000000000000000e+00
1.395497585113242245e+01 -1.776956127357985693e+01 2.427435564770542842e-01 1.000000000000000000e+00
1.396927398212743476e+01 -1.783463216579647437e+01 2.322198222750400387e-01 1.000000000000000000e+00
1.398357211312244708e+01 -1.789940656257600438e+01 2.216922274877855259e-01 1.000000000000000000e+00
1.399787024411746117e+01 -1.796388338706344712e+01 2.111609471334109922e-01 1.000000000000000000e+00
1.401216837511247348e+01 -1.802806156735081800e+01 2.006261562913116137e-01 1.000000000000000000e+00
1.402646650610748580e+01 -1.809194003649502491e+01 1.900880300992411343e-01 1.000000000000000000e+00
1.404076463710249811e+01 -1.815551773253559986e+01 1.795467437504000563e-01 1.000000000000000000e+00
1.405506276809751043e+01 -1.821879359851229907e+01 1.690024724905302700e-01 1.000000000000000000e+00
1.406936089909252452e+01 -1.828176658248276354e+01 1.584553916149911423e-01 1.000000000000000000e+00
1.408365903008753683e+01 -1.834443563753991313e+01 1.479056764658567558e-01 1.000000000000000000e+00
1.409795716108254915e+01 -1.840679972182939395e+01 1.373535024289952722e-01 1.000000000000000000e+00
1.411225529207756146e+01 -1.846885779856694754e+01 1.267990449311461876e-01 1.000000000000000000e+00
1.412655342307257555e+01 -1.853060883605554565e+01 1.162424794370200826e-01 1.000000000000000000e+00
1.414085155406758787e+01 -1.859205180770263155e+01 1.056839814463631372e-01 1.000000000000000000e+00
1.415514968506260018e+01 -1.865318569203712684e+01 9.512372649105786671e-02 1.000000000000000000e+00
1.416944781605761250e+01 -1.871400947272647386e+01 8.456189013218667894e-02 1.000000000000000000e+00
1.418374594705262659e+01 -1.877452213859345775e+01 7.399864795712919607e-02 1.000000000000000000e+00
1.419804407804763891e+01 -1.883472268363304991e+01 6.343417557663631745e-02 1.000000000000000000e+00
1.421234220904265122e+01 -1.889461010702917321e+01 5.286864862190614189e-02 1.000000000000000000e+00
1.422664034003766353e+01 -1.895418341317129673e+01 4.230224274166875797e-02 1.000000000000000000e+00
1.424093847103267585e+01 -1.901344161167096303e+01 3.173513359927302574e-02 1.000000000000000000e+00
1.425523660202768994e+01 -1.907238371737832949e+01 2.116749686975012354e-02 1.000000000000000000e+00
1.426953473302270226e+01 -1.913100875039846116e+01 1.059950823691141811e-02 1.000000000000000000e+00
1.428383286401771457e+01 -1.918931573610769448e+01 3.134339040935069608e-05 1.000000000000000000e+00
1.429813099501272688e+01 -1.924730370516977729e+01 -1.053682197716492713e-02 1.000000000000000000e+00
1.431242912600774098e+01 -1.930497169355205500e+01 -2.110481217322080633e-02 1.000000000000000000e+00
1.432672725700275329e+01 -1.936231874254139740e+01 -3.167245150807065229e-02 1.000000000000000000e+00
1.434102538799776561e+01 -1.941934389876026756e+01 -4.223956429786898670e-02 1.000000000000000000e+00
1.435532351899277792e+01 -1.947604621418243553e+01 -5.280597486751478775e-02 1.000000000000000000e+00
1.436962164998779201e+01 -1.953242474614884117e+01 -6.337150755359044485e-02 1.000000000000000000e+00
1.438391978098280433e+01 -1.958847855738322252e+01 -7.393598670726600486e-02 1.000000000000000000e+00
1.439821791197781664e+01 -1.964420671600766610e+01 -8.449923669722612940e-02 1.000000000000000000e+00
1.441251604297282896e+01 -1.969960829555819615e+01 -9.506108191259461659e-02 1.000000000000000000e+00
1.442681417396784305e+01 -1.975468237500009039e+01 -1.056213467658491945e-01 1.000000000000000000e+00
1.444111230496285536e+01 -1.980942803874320646e+01 -1.161798556957360506e-01 1.000000000000000000e+00
1.445541043595786768e+01 -1.986384437665720171e+01 -1.267364331701930635e-01 1.000000000000000000e+00
1.446970856695287999e+01 -1.991793048408672462e+01 -1.372909036892725754e-01 1.000000000000000000e+00
1.448400669794789231e+01 -1.997168546186638238e+01 -1.478430917880544648e-01 1.000000000000000000e+00
1.449830482894290640e+01 -2.002510841633570493e+01 -1.583928220395585396e-01 1.000000000000000000e+00
1.451260295993791871e+01 -2.007819845935400238e+01 -1.689399190576655885e-01 1.000000000000000000e+00
1.452690109093293103e+01 -2.013095470831517275e+01 -1.794842075000377679e-01 1.000000000000000000e+00
1.454119922192794334e+01 -2.018337628616232848e+01 -1.900255120710288292e-01 1.000000000000000000e+00
1.455549735292295743e+01 -2.023546232140236611e+01 -2.005636575245940412e-01 1.000000000000000000e+00
1.456979548391796975e+01 -2.028721194812049688e+01 -2.110984686672080501e-01 1.000000000000000000e+00
1.458409361491298206e+01 -2.033862430599463522e+01 -2.216297703607841840e-01 1.000000000000000000e+00
1.459839174590799438e+01 -2.038969854030965223e+01 -2.321573875255702746e-01 1.000000000000000000e+00
1.461268987690300847e+01 -2.044043380197167181e+01 -2.426811451430775091e-01 1.000000000000000000e+00
1.462698800789802078e+01 -2.049082924752208257e+01 -2.532008682589715898e-01 1.000000000000000000e+00
1.464128613889303310e+01 -2.054088403915166694e+01 -2.637163819859999481e-01 1.000000000000000000e+00
1.465558426988804541e+01 -2.059059734471443548e+01 -2.742275115068805169e-01 1.000000000000000000e+00
1.466988240088305773e+01 -2.063996833774152506e+01 -2.847340820772243930e-01 1.000000000000000000e+00
1.468418053187807182e+01 -2.068899619745492302e+01 -2.952359190284337132e-01 1.000000000000000000e+00
1.469847866287308413e+01 -2.073768010878108825e+01 -3.057328477706011682e-01 1.000000000000000000e+00
1.471277679386809645e+01 -2.078601926236450126e+01 -3.162246937954168446e-01 1.000000000000000000e+00
1.472707492486310876e+01 -2.083401285458118934e+01 -3.267112826790741220e-01 1.000000000000000000e+00
1.474137305585812285e+01 -2.088166008755199954e+01 -3.371924400851647463e-01 1.000000000000000000e+00
1.475567118685313517e+01 -2.092896016915590351e+01 -3.476679917675726816e-01 1.000000000000000000e+00
1.476996931784814748e+01 -2.097591231304314263e+01 -3.581377635733752895e-01 1.000000000000000000e+00
1.478426744884315980e+01 -2.102251573864835521e+01 -3.686015814457432316e-01 1.000000000000000000e+00
1.479856557983817389e+01 -2.106876967120350486e+01 -3.790592714268295471e-01 1.000000000000000000e+00
1.481286371083318620e+01 -2.111467334175075905e+01 -3.895106596606570659e-01 1.000000000000000000e+00
1.482716184182819852e+01 -2.116022598715528247e+01 -3.999555723960132592e-01 1.000000000000000000e+00
1.484145997282321083e+01 -2.120542685011796280e+01 -4.103938359893458121e-01 1.000000000000000000e+00
1.485575810381822315e+01 -2.125027517918792341e+01 -4.208252769076330502e-01 1.000000000000000000e+00
1.487005623481323724e+01 -2.129477022877509640e+01 -4.312497217312875608e-01 1.000000000000000000e+00
1.488435436580824955e+01 -2.133891125916253984e+01 -4.416669971570206799e-01 1.000000000000000000e+00
1.489865249680326187e+01 -2.138269753651882255e+01 -4.520769300007421165e-01 1.000000000000000000e+00
1.491295062779827418e+01 -2.142612833291012819e+01 -4.624793472004204986e-01 1.000000000000000000e+00
1.492724875879328827e+01 -2.146920292631244820e+01 -4.728740758189790006e-01 1.000000000000000000e+00
1.494154688978830059e+01 -2.151192060062350464e+01 -4.832609430471520029e-01 1.000000000000000000e+00
1.495584502078331290e+01 -2.155428064567472646e+01 -4.936397762063763905e-01 1.000000000000000000e+00
1.497014315177832522e+01 -2.159628235724299472e+01 -5.040104027516438823e-01 1.000000000000000000e+00
1.498444128277333931e+01 -2.163792503706240211e+01 -5.143726502743876106e-01 1.000000000000000000e+00
1.499873941376835162e+01 -2.167920799283581346e+01 -5.247263465053306764e-01 1.000000000000000000e+00
1.501303754476336394e+01 -2.172013053824641915e+01 -5.350713193173679549e-01 1.000000000000000000e+00
1.502733567575837625e+01 -2.176069199296910028e+01 -5.454073967284089886e-01 1.000000000000000000e+00
1.504163380675339035e+01 -2.180089168268179378e+01 -5.557344069042562396e-01 1.000000000000000000e+00
1.505593193774840266e+01 -2.184072893907664437e+01 -5.660521781614431536e-01 1.000000000000000000e+00
1.507023006874341498e+01 -2.188020309987117074e+01 -5.763605389701063064e-01 1.000000000000000000e+00
1.508452819973842729e+01 -2.191931350881920437e+01 -5.866593179568193595e-01 1.000000000000000000e+00
1.509882633073343960e+01 -2.195805951572189230e+01 -5.969483439074596554e-01 1.000000000000000000e+00
1.511312446172845370e+01 -2.199644047643842271e+01 -6.072274457700391759e-01 1.000000000000000000e+00
1.512742259272346601e+01 -2.203445575289677194e+01 -6.174964526575550394e-01 1.000000000000000000e+00
1.514172072371847833e+01 -2.207210471310432354e+01 -6.277551938508347806e-01 1.000000000000000000e+00
1.515601885471349064e+01 -2.210938673115835229e+01 -6.380034988013699726e-01 1.000000000000000000e+00
1.517031698570850473e+01 -2.214630118725643726e+01 -6.482411971341471846e-01 1.000000000000000000e+00
1.518461511670351705e+01 -2.218284746770674332e+01 -6.584681186504846018e-01 1.000000000000000000e+00
1.519891324769852936e+01 -2.221902496493828139e+01 -6.686840933308665358e-01 1.000000000000000000e+00
1.521321137869354168e+01 -2.225483307751095907e+01 -6.788889513377651674e-01 1.000000000000000000e+00
1.522750950968855577e+01 -2.229027121012558865e+01 -6.890825230184594030e-01 1.000000000000000000e+00
1.524180764068356808e+01 -2.232533877363378139e+01 -6.992646389078600588e-01 1.000000000000000000e+00
1.525610577167858040e+01 -2.236003518504776366e+01 -7.094351297313314930e-01 1.000000000000000000e+00
1.527040390267359271e+01 -2.239435986755006880e+01 -7.195938264075014690e-01 1.000000000000000000e+00
1.528470203366860503e+01 -2.242831225050306898e+01 -7.297405600510649126e-01 1.000000000000000000e+00
1.529900016466361912e+01 -2.246189176945854982e+01 -7.398751619756078757e-01 1.000000000000000000e+00
1.531329829565863143e+01 -2.249509786616702200e+01 -7.499974636963955277e-01 1.000000000000000000e+00
1.532759642665364375e+01 -2.252792998858703655e+01 -7.601072969331807982e-01 1.000000000000000000e+00
1.534189455764865606e+01 -2.256038759089435430e+01 -7.702044936130053587e-01 1.000000000000000000e+00
1.535619268864367015e+01 -2.259247013349103383e+01 -7.802888858729902788e-01 1.000000000000000000e+00
1.537049081963868247e+01 -2.262417708301437358e+01 -7.903603060631214650e-01 1.000000000000000000e+00
1.538478895063369478e+01 -2.265550791234579719e+01 -8.004185867490420936e-01 1.000000000000000000e+00
1.539908708162870710e+01 -2.268646210061962165e+01 -8.104635607148394927e-01 1.000000000000000000e+00
1.541338521262372119e+01 -2.271703913323170809e+01 -8.204950609658216987e-01 1.000000000000000000e+00
1.542768334361873350e+01 -2.274723850184801321e+01 -8.305129207312887951e-01 1.000000000000000000e+00
1.544198147461374582e+01 -2.277705970441303762e+01 -8.405169734673096915e-01 1.000000000000000000e+00
1.545627960560875813e+01 -2.280650224515819247e+01 -8.505070528594955714e-01 1.000000000000000000e+00
1.547057773660377045e+01 -2.283556563461003464e+01 -8.604829928257600180e-01 1.000000000000000000e+00
1.548487586759878454e+01 -2.286424938959838826e+01 -8.704446275190763638e-01 1.000000000000000000e+00
1.549917399859379685e+01 -2.289255303326437385e+01 -8.803917913302389264e-01 1.000000000000000000e+00
1.551347212958880917e+01 -2.292047609506837347e+01 -8.903243188906216909e-01 1.000000000000000000e+00
1.552777026058382148e+01 -2.294801811079780762e+01 -9.002420450749146763e-01 1.000000000000000000e+00
1.554206839157883557e+01 -2.297517862257489440e+01 -9.101448050038838389e-01 1.000000000000000000e+00
1.555636652257384789e+01 -2.300195717886422742e+01 -9.200324340470966700e-01 1.000000000000000000e+00
1.557066465356886020e+01 -2.302835333448030752e+01 -9.299047678256754379e-01 1.000000000000000000e+00
1.558496278456387252e+01 -2.305436665059491119e+01 -9.397616422150133486e-01 1.000000000000000000e+00
1.559926091555888661e+01 -2.307999669474443039e+01 -9.496028933475193501e-01 1.000000000000000000e+00
1.561355904655389892e+01 -2.310524304083702773e+01 -9.594283576153265214e-01 1.000000000000000000e+00
1.562785717754891124e+01 -2.313010526915974197e+01 -9.692378716730279953e-01 1.000000000000000000e+00
1.564215530854392355e+01 -2.315458296638543700e+01 -9.790312724403756883e-01 1.000000000000000000e+00
1.565645343953893764e+01 -2.317867572557971201e+01 -9.888083971050092291e-01 1.000000000000000000e+00
1.567075157053394996e+01 -2.320238314620762310e+01 -9.985690831251442523e-01 1.000000000000000000e+00
1.568504970152896227e+01 -2.322570483414038733e+01 -1.008313168232293444e+00 1.000000000000000000e+00
1.569934783252397459e+01 -2.324864040166189483e+01 -1.018040490433945511e+00 1.000000000000000000e+00
1.571364596351898690e+01 -2.327118946747519246e+01 -1.027750888016276454e+00 1.000000000000000000e+00
1.572794409451400099e+01 -2.329335165670877927e+01 -1.037444199546819767e+00 1.000000000000000000e+00
1.574224222550901331e+01 -2.331512660092288058e+01 -1.047120263877168833e+00 1.000000000000000000e+00
1.575654035650402562e+01 -2.333651393811554087e+01 -1.056778920145637457e+00 1.000000000000000000e+00
1.577083848749903794e+01 -2.335751331272867404e+01 -1.066420007779952162e+00 1.000000000000000000e+00
1.578513661849405203e+01 -2.337812437565393253e+01 -1.076043366499906062e+00 1.000000000000000000e+00
1.579943474948906434e+01 -2.339834678423855152e+01 -1.085648836320030730e+00 1.000000000000000000e+00
1.581373288048407666e+01 -2.341818020229101904e+01 -1.095236257552258730e+00 1.000000000000000000e+00
1.582803101147908897e+01 -2.343762430008668574e+01 -1.104805470808575940e+00 1.000000000000000000e+00
1.584232914247410307e+01 -2.345667875437322891e+01 -1.114356317003665442e+00 1.000000000000000000e+00
1.585662727346911538e+01 -2.347534324837602426e+01 -1.123888637357557840e+00 1.000000000000000000e+00
1.587092540446412769e+01 -2.349361747180343940e+01 -1.133402273398274263e+00 1.000000000000000000e+00
1.588522353545914001e+01 -2.351150112085195687e+01 -1.142897066964456476e+00 1.000000000000000000e+00
1.589952166645415232e+01 -2.352899389821124387e+01 -1.152372860207991456e+00 1.000000000000000000e+00
1.591381979744916642e+01 -2.354609551306911541e+01 -1.161829495596648387e+00 1.000000000000000000e+00
1.592811792844417873e+01 -2.356280568111631624e+01 -1.171266815916682136e+00 1.000000000000000000e+00
1.594241605943919105e+01 -2.357912412455128504e+01 -1.180684664275463147e+00 1.000000000000000000e+00
1.595671419043420336e+01 -2.359505057208478007e+01 -1.190082884104068928e+00 1.000000000000000000e+00
1.597101232142921745e+01 -2.361058475894435915e+01 -1.199461319159903949e+00 1.000000000000000000e+00
1.598531045242422977e+01 -2.362572642687880276e+01 -1.208819813529282250e+00 1.000000000000000000e+00
1.599960858341924208e+01 -2.364047532416240216e+01 -1.218158211630026022e+00 1.000000000000000000e+00
1.601390671441425440e+01 -2.365483120559913033e+01 -1.227476358214055541e+00 1.000000000000000000e+00
1.602820484540926671e+01 -2.366879383252676661e+01 -1.236774098369967101e+00 1.000000000000000000e+00
1.604250297640427902e+01 -2.368236297282077985e+01 -1.246051277525601408e+00 1.000000000000000000e+00
1.605680110739929489e+01 -2.369553840089828256e+01 -1.255307741450629511e+00 1.000000000000000000e+00
1.607109923839430721e+01 -2.370831989772170090e+01 -1.264543336259093653e+00 1.000000000000000000e+00
1.608539736938931952e+01 -2.372070725080246945e+01 -1.273757908411990103e+00 1.000000000000000000e+00
1.609969550038433184e+01 -2.373270025420453777e+01 -1.282951304719809116e+00 1.000000000000000000e+00
1.611399363137934415e+01 -2.374429870854780944e+01 -1.292123372345076682e+00 1.000000000000000000e+00
1.612829176237435647e+01 -2.375550242101144249e+01 -1.301273958804907815e+00 1.000000000000000000e+00
1.614258989336936878e+01 -2.376631120533705399e+01 -1.310402911973535867e+00 1.000000000000000000e+00
1.615688802436438110e+01 -2.377672488183183930e+01 -1.319510080084834502e+00 1.000000000000000000e+00
1.617118615535939341e+01 -2.378674327737152794e+01 -1.328595311734856121e+00 1.000000000000000000e+00
1.618548428635440928e+01 -2.379636622540328617e+01 -1.337658455884333852e+00 1.000000000000000000e+00
1.619978241734942159e+01 -2.380559356594847387e+01 -1.346699361861199318e+00 1.000000000000000000e+00
1.621408054834443391e+01 -2.381442514560530910e+01 -1.355717879363092848e+00 1.000000000000000000e+00
1.622837867933944622e+01 -2.382286081755141183e+01 -1.364713858459848161e+00 1.000000000000000000e+00
1.624267681033445854e+01 -2.383090044154626241e+01 -1.373687149596001911e+00 1.000000000000000000e+00
1.625697494132947085e+01 -2.383854388393350732e+01 -1.382637603593262821e+00 1.000000000000000000e+00
1.627127307232448317e+01 -2.384579101764319020e+01 -1.391565071653006802e+00 1.000000000000000000e+00
1.628557120331949548e+01 -2.385264172219388712e+01 -1.400469405358742980e+00 1.000000000000000000e+00
1.629986933431450780e+01 -2.385909588369467471e+01 -1.409350456678577501e+00 1.000000000000000000e+00
1.631416746530952366e+01 -2.386515339484705223e+01 -1.418208077967688441e+00 1.000000000000000000e+00
1.632846559630453598e+01 -2.387081415494668590e+01 -1.427042121970757860e+00 1.000000000000000000e+00
1.634276372729954829e+01 -2.387607806988514625e+01 -1.435852441824444270e+00 1.000000000000000000e+00
1.635706185829456061e+01 -2.388094505215141083e+01 -1.444638891059811359e+00 1.000000000000000000e+00
1.637135998928957292e+01 -2.388541502083335288e+01 -1.453401323604759376e+00 1.000000000000000000e+00
1.638565812028458524e+01 -2.388948790161907354e+01 -1.462139593786466074e+00 1.000000000000000000e+00
1.639995625127959755e+01 -2.389316362679815242e+01 -1.470853556333793666e+00 1.000000000000000000e+00
1.641425438227460987e+01 -2.389644213526274896e+01 -1.479543066379717331e+00 1.000000000000000000e+00
1.642855251326962573e+01 -2.389932337250864691e+01 -1.488207979463729735e+00 1.000000000000000000e+00
1.644285064426463805e+01 -2.390180729063613185e+01 -1.496848151534229343e+00 1.000000000000000000e+00
1.645714877525965036e+01 -2.390389384835080122e+01 -1.505463438950939814e+00 1.000000000000000000e+00
1.647144690625466268e+01 -2.390558301096426064e+01 -1.514053698487275001e+00 1.000000000000000000e+00
1.648574503724967499e+01 -2.390687475039468879e+01 -1.522618787332736368e+00 1.000000000000000000e+00
1.650004316824468731e+01 -2.390776904516729573e+01 -1.531158563095278868e+00 1.000000000000000000e+00
1.651434129923969962e+01 -2.390826588041471013e+01 -1.539672883803676617e+00 1.000000000000000000e+00
1.652863943023471194e+01 -2.390836524787717821e+01 -1.548161607909889881e+00 1.000000000000000000e+00
1.654293756122972425e+01 -2.390806714590275917e+01 -1.556624594291415864e+00 1.000000000000000000e+00
1.655723569222474012e+01 -2.390737157944729674e+01 -1.565061702253630171e+00 1.000000000000000000e+00
1.657153382321975243e+01 -2.390627856007438368e+01 -1.573472791532130488e+00 1.000000000000000000e+00
1.658583195421476475e+01 -2.390478810595514503e+01 -1.581857722295066493e+00 1.000000000000000000e+00
1.660013008520977706e+01 -2.390290024186792905e+01 -1.590216355145467997e+00 1.000000000000000000e+00
1.661442821620478938e+01 -2.390061499919790933e+01 -1.598548551123560646e+00 1.000000000000000000e+00
1.662872634719980169e+01 -2.389793241593657669e+01 -1.606854171709069412e+00 1.000000000000000000e+00
1.664302447819481401e+01 -2.389485253668106068e+01 -1.615133078823534296e+00 1.000000000000000000e+00
1.665732260918982632e+01 -2.389137541263344744e+01 -1.623385134832591614e+00 1.000000000000000000e+00
1.667162074018484219e+01 -2.388750110159988083e+01 -1.631610202548276600e+00 1.000000000000000000e+00
1.668591887117985451e+01 -2.388322966798962455e+01 -1.639808145231292036e+00 1.000000000000000000e+00
1.670021700217486682e+01 -2.387856118281399276e+01 -1.647978826593284873e+00 1.000000000000000000e+00
1.671451513316987914e+01 -2.387349572368514927e+01 -1.656122110799119751e+00 1.000000000000000000e+00
1.672881326416489145e+01 -2.386803337481484988e+01 -1.664237862469124085e+00 1.000000000000000000e+00
1.674311139515990376e+01 -2.386217422701301061e+01 -1.672325946681349373e+00 1.000000000000000000e+00
1.675740952615491608e+01 -2.385591837768621204e+01 -1.680386228973811846e+00 1.000000000000000000e+00
1.677170765714992839e+01 -2.384926593083608637e+01 -1.688418575346720463e+00 1.000000000000000000e+00
1.678600578814494071e+01 -2.384221699705758013e+01 -1.696422852264715120e+00 1.000000000000000000e+00
1.680030391913995658e+01 -2.383477169353709968e+01 -1.704398926659084657e+00 1.000000000000000000e+00
1.681460205013496889e+01 -2.382693014405061049e+01 -1.712346665929966205e+00 1.000000000000000000e+00
1.682890018112998121e+01 -2.381869247896152331e+01 -1.720265937948571189e+00 1.000000000000000000e+00
1.684319831212499352e+01 -2.381005883521856248e+01 -1.728156611059362247e+00 1.000000000000000000e+00
1.685749644312000584e+01 -2.380102935635348516e+01 -1.736018554082257470e+00 1.000000000000000000e+00
1.687179457411501815e+01 -2.379160419247867964e+01 -1.743851636314796671e+00 1.000000000000000000e+00
1.688609270511003047e+01 -2.378178350028467847e+01 -1.751655727534327855e+00 1.000000000000000000e+00
1.690039083610504278e+01 -2.377156744303755431e+01 -1.759430698000164606e+00 1.000000000000000000e+00
1.691468896710005509e+01 -2.376095619057621988e+01 -1.767176418455740361e+00 1.000000000000000000e+00
1.692898709809507096e+01 -2.374994991930957156e+01 -1.774892760130769354e+00 1.000000000000000000e+00
1.694328522909008328e+01 -2.373854881221360102e+01 -1.782579594743367135e+00 1.000000000000000000e+00
1.695758336008509559e+01 -2.372675305882829022e+01 -1.790236794502205742e+00 1.000000000000000000e+00
1.697188149108010791e+01 -2.371456285525453112e+01 -1.797864232108626226e+00 1.000000000000000000e+00
1.698617962207512022e+01 -2.370197840415082169e+01 -1.805461780758751411e+00 1.000000000000000000e+00
1.700047775307013254e+01 -2.368899991472989441e+01 -1.813029314145604420e+00 1.000000000000000000e+00
1.701477588406514485e+01 -2.367562760275527012e+01 -1.820566706461202111e+00 1.000000000000000000e+00
1.702907401506015717e+01 -2.366186169053764488e+01 -1.828073832398644072e+00 1.000000000000000000e+00
1.704337214605517303e+01 -2.364770240693119518e+01 -1.835550567154206725e+00 1.000000000000000000e+00
1.705767027705018535e+01 -2.363314998732979433e+01 -1.842996786429399902e+00 1.000000000000000000e+00
1.707196840804519766e+01 -2.361820467366307241e+01 -1.850412366433053180e+00 1.000000000000000000e+00
1.708626653904020998e+01 -2.360286671439240180e+01 -1.857797183883364456e+00 1.000000000000000000e+00
1.710056467003522229e+01 -2.358713636450678663e+01 -1.865151116009943655e+00 1.000000000000000000e+00
1.711486280103023461e+01 -2.357101388551858889e+01 -1.872474040555867525e+00 1.000000000000000000e+00
1.712916093202524692e+01 -2.355449954545922964e+01 -1.879765835779697802e+00 1.000000000000000000e+00
1.714345906302025924e+01 -2.353759361887466284e+01 -1.887026380457516694e+00 1.000000000000000000e+00
1.715775719401527155e+01 -2.352029638682087764e+01 -1.894255553884937049e+00 1.000000000000000000e+00
1.717205532501028742e+01 -2.350260813685919814e+01 -1.901453235879106973e+00 1.000000000000000000e+00
1.718635345600529973e+01 -2.348452916305149429e+01 -1.908619306780711344e+00 1.000000000000000000e+00
1.720065158700031205e+01 -2.346605976595532184e+01 -1.915753647455958220e+00 1.000000000000000000e+00
1.721494971799532436e+01 -2.344720025261889518e+01 -1.922856139298565248e+00 1.000000000000000000e+00
1.722924784899033668e+01 -2.342795093657598215e+01 -1.929926664231726319e+00 1.000000000000000000e+00
1.724354597998534899e+01 -2.340831213784072773e+01 -1.936965104710071772e+00 1.000000000000000000e+00
1.725784411098036131e+01 -2.338828418290229649e+01 -1.943971343721630607e+00 1.000000000000000000e+00
1.727214224197537362e+01 -2.336786740471945834e+01 -1.950945264789771816e+00 1.000000000000000000e+00
1.728644037297038594e+01 -2.334706214271505686e+01 -1.957886751975135953e+00 1.000000000000000000e+00
1.730073850396540180e+01 -2.332586874277036770e+01 -1.964795689877574913e+00 1.000000000000000000e+00
1.731503663496041412e+01 -2.330428755721934309e+01 -1.971671963638051750e+00 1.000000000000000000e+00
1.732933476595542643e+01 -2.328231894484274989e+01 -1.978515458940572014e+00 1.000000000000000000e+00
1.734363289695043875e+01 -2.325996327086220816e+01 -1.985326062014065585e+00 1.000000000000000000e+00
1.735793102794545106e+01 -2.323722090693413733e+01 -1.992103659634290480e+00 1.000000000000000000e+00
1.737222915894046338e+01 -2.321409223114352827e+01 -1.998848139125710688e+00 1.000000000000000000e+00
1.738652728993547569e+01 -2.319057762799773670e+01 -2.005559388363364448e+00 1.000000000000000000e+00
1.740082542093048801e+01 -2.316667748842000663e+01 -2.012237295774737866e+00 1.000000000000000000e+00
1.741512355192550388e+01 -2.314239220974302569e+01 -2.018881750341615433e+00 1.000000000000000000e+00
1.742942168292051619e+01 -2.311772219570231712e+01 -2.025492641601917665e+00 1.000000000000000000e+00
1.744371981391552850e+01 -2.309266785642949316e+01 -2.032069859651555177e+00 1.000000000000000000e+00
1.745801794491054082e+01 -2.306722960844546932e+01 -2.038613295146236570e+00 1.000000000000000000e+00
1.747231607590555313e+01 -2.304140787465352602e+01 -2.045122839303302520e+00 1.000000000000000000e+00
1.748661420690056545e+01 -2.301520308433227058e+01 -2.051598383903525225e+00 1.000000000000000000e+00
1.750091233789557776e+01 -2.298861567312854248e+01 -2.058039821292904303e+00 1.000000000000000000e+00
1.751521046889059008e+01 -2.296164608305009835e+01 -2.064447044384469798e+00 1.000000000000000000e+00
1.752950859988560239e+01 -2.293429476245833598e+01 -2.070819946660046984e+00 1.000000000000000000e+00
1.754380673088061826e+01 -2.290656216606079099e+01 -2.077158422172039831e+00 1.000000000000000000e+00
1.755810486187563058e+01 -2.287844875490360153e+01 -2.083462365545182937e+00 1.000000000000000000e+00
1.757240299287064289e+01 -2.284995499636384508e+01 -2.089731671978298788e+00 1.000000000000000000e+00
1.758670112386565521e+01 -2.282108136414175092e+01 -2.095966237246040809e+00 1.000000000000000000e+00
1.760099925486066752e+01 -2.279182833825283083e+01 -2.102165957700619980e+00 1.000000000000000000e+00
1.761529738585567983e+01 -2.276219640501992103e+01 -2.108330730273535458e+00 1.000000000000000000e+00
1.762959551685069215e+01 -2.273218605706505357e+01 -2.114460452477283869e+00 1.000000000000000000e+00
1.764389364784570446e+01 -2.270179779330132064e+01 -2.120555022407060619e+00 1.000000000000000000e+00
1.765819177884072033e+01 -2.267103211892452208e+01 -2.126614338742462973e+00 1.000000000000000000e+00
1.767248990983573265e+01 -2.263988954540483434e+01 -2.132638300749160720e+00 1.000000000000000000e+00
1.768678804083074496e+01 -2.260837059047823772e+01 -2.138626808280585490e+00 1.000000000000000000e+00
1.770108617182575728e+01 -2.257647577813793660e+01 -2.144579761779588534e+00 1.000000000000000000e+00
1.771538430282076959e+01 -2.254420563862569438e+01 -2.150497062280091409e+00 1.000000000000000000e+00
1.772968243381578191e+01 -2.251156070842293389e+01 -2.156378611408740653e+00 1.000000000000000000e+00
1.774398056481079422e+01 -2.247854153024186630e+01 -2.162224311386539366e+00 1.000000000000000000e+00
1.775827869580580654e+01 -2.244514865301649564e+01 -2.168034065030466806e+00 1.000000000000000000e+00
1.777257682680081885e+01 -2.241138263189342794e+01 -2.173807775755105087e+00 1.000000000000000000e+00
1.778687495779583472e+01 -2.237724402822268743e+01 -2.179545347574235237e+00 1.000000000000000000e+00
1.780117308879084703e+01 -2.234273340954836939e+01 -2.185246685102438580e+00 1.000000000000000000e+00
1.781547121978585935e+01 -2.230785134959922900e+01 -2.190911693556679030e+00 1.000000000000000000e+00
1.782976935078087166e+01 -2.227259842827907832e+01 -2.196540278757881826e+00 1.000000000000000000e+00
1.784406748177588398e+01 -2.223697523165722600e+01 -2.202132347132500723e+00 1.000000000000000000e+00
1.785836561277089629e+01 -2.220098235195868241e+01 -2.207687805714064311e+00 1.000000000000000000e+00
1.787266374376590861e+01 -2.216462038755432928e+01 -2.213206562144733436e+00 1.000000000000000000e+00
1.788696187476092092e+01 -2.212788994295096856e+01 -2.218688524676830198e+00 1.000000000000000000e+00
1.790126000575593324e+01 -2.209079162878128955e+01 -2.224133602174361624e+00 1.000000000000000000e+00
1.791555813675094910e+01 -2.205332606179367261e+01 -2.229541704114542444e+00 1.000000000000000000e+00
1.792985626774596142e+01 -2.201549386484201776e+01 -2.234912740589287683e+00 1.000000000000000000e+00
1.794415439874097373e+01 -2.197729566687529257e+01 -2.240246622306721669e+00 1.000000000000000000e+00
1.795845252973598605e+01 -2.193873210292713338e+01 -2.245543260592652857e+00 1.000000000000000000e+00
1.797275066073099836e+01 -2.189980381410529375e+01 -2.250802567392048648e+00 1.000000000000000000e+00
1.798704879172601068e+01 -2.186051144758094011e+01 -2.256024455270505324e+00 1.000000000000000000e+00
1.800134692272102299e+01 -2.182085565657796522e+01 -2.261208837415693562e+00 1.000000000000000000e+00
1.801564505371603531e+01 -2.178083710036203868e+01 -2.266355627638808379e+00 1.000000000000000000e+00
1.802994318471105117e+01 -2.174045644422970369e+01 -2.271464740375999991e+00 1.000000000000000000e+00
1.804424131570606349e+01 -2.169971435949734939e+01 -2.276536090689790015e+00 1.000000000000000000e+00
1.805853944670107580e+01 -2.165861152348995233e+01 -2.281569594270496104e+00 1.000000000000000000e+00
1.807283757769608812e+01 -2.161714861952991029e+01 -2.286565167437621948e+00 1.000000000000000000e+00
1.808713570869110043e+01 -2.157532633692561674e+01 -2.291522727141254823e+00 1.000000000000000000e+00
1.810143383968611275e+01 -2.153314537096002823e+01 -2.296442190963445373e+00 1.000000000000000000e+00
1.811573197068112506e+01 -2.149060642287913581e+01 -2.301323477119574079e+00 1.000000000000000000e+00
1.813003010167613738e+01 -2.144771019988025174e+01 -2.306166504459715938e+00 1.000000000000000000e+00
1.814432823267114969e+01 -2.140445741510025712e+01 -2.310971192469988278e+00 1.000000000000000000e+00
1.815862636366616556e+01 -2.136084878760381400e+01 -2.315737461273885689e+00 1.000000000000000000e+00
1.817292449466117787e+01 -2.131688504237132875e+01 -2.320465231633611403e+00 1.000000000000000000e+00
1.818722262565619019e+01 -2.127256691028696522e+01 -2.325154424951394017e+00 1.000000000000000000e+00
1.820152075665120250e+01 -2.122789512812642698e+01 -2.329804963270794005e+00 1.000000000000000000e+00
1.821581888764621482e+01 -2.118287043854475371e+01 -2.334416769278001347e+00 1.000000000000000000e+00
1.823011701864122713e+01 -2.113749359006398620e+01 -2.338989766303115836e+00 1.000000000000000000e+00
1.824441514963623945e+01 -2.109176533706067502e+01 -2.343523878321428278e+00 1.000000000000000000e+00
1.825871328063125176e+01 -2.104568643975339626e+01 -2.348019029954677706e+00 1.000000000000000000e+00
1.827301141162626763e+01 -2.099925766419003281e+01 -2.352475146472312595e+00 1.000000000000000000e+00
1.828730954262127995e+01 -2.095247978223516228e+01 -2.356892153792722322e+00 1.000000000000000000e+00
1.830160767361629226e+01 -2.090535357155710017e+01 -2.361269978484479726e+00 1.000000000000000000e+00
1.831590580461130457e+01 -2.085787981561500715e+01 -2.365608547767556580e+00 1.000000000000000000e+00
1.833020393560631689e+01 -2.081005930364594647e+01 -2.369907789514532848e+00 1.000000000000000000e+00
1.834450206660132920e+01 -2.076189283065163593e+01 -2.374167632251797500e+00 1.000000000000000000e+00
1.835880019759634152e+01 -2.071338119738530992e+01 -2.378388005160736896e+00 1.000000000000000000e+00
1.837309832859135383e+01 -2.066452521033840739e+01 -2.382568838078909845e+00 1.000000000000000000e+00
1.838739645958636615e+01 -2.061532568172711422e+01 -2.386710061501219116e+00 1.000000000000000000e+00
1.840169459058138202e+01 -2.056578342947892679e+01 -2.390811606581058957e+00 1.000000000000000000e+00
1.841599272157639433e+01 -2.051589927721900253e+01 -2.394873405131467070e+00 1.000000000000000000e+00
1.843029085257140665e+01 -2.046567405425647124e+01 -2.398895389626255259e+00 1.000000000000000000e+00
1.844458898356641896e+01 -2.041510859557069679e+01 -2.402877493201130754e+00 1.000000000000000000e+00
1.845888711456143128e+01 -2.036420374179731496e+01 -2.406819649654811322e+00 1.000000000000000000e+00
1.847318524555644359e+01 -2.031296033921434940e+01 -2.410721793450121275e+00 1.000000000000000000e+00
1.848748337655145590e+01 -2.026137923972806121e+01 -2.414583859715084824e+00 1.000000000000000000e+00
1.850178150754646822e+01 -2.020946130085882331e+01 -2.418405784244004320e+00 1.000000000000000000e+00
1.851607963854148053e+01 -2.015720738572690962e+01 -2.422187503498522965e+00 1.000000000000000000e+00
1.853037776953649640e+01 -2.010461836303801419e+01 -2.425928954608689736e+00 1.000000000000000000e+00
1.854467590053150872e+01 -2.005169510706900127e+01 -2.429630075373992781e+00 1.000000000000000000e+00
1.855897403152652103e+01 -1.999843849765317572e+01 -2.433290804264405693e+00 1.000000000000000000e+00
1.857327216252153335e+01 -1.994484942016576667e+01 -2.436911080421404030e+00 1.000000000000000000e+00
1.858757029351654566e+01 -1.989092876550921929e+01 -2.440490843658976061e+00 1.000000000000000000e+00
1.860186842451155798e+01 -1.983667743009831241e+01 -2.444030034464626855e+00 1.000000000000000000e+00
1.861616655550657029e+01 -1.978209631584528694e+01 -2.447528594000365487e+00 1.000000000000000000e+00
1.863046468650158261e+01 -1.972718633014491019e+01 -2.450986464103683371e+00 1.000000000000000000e+00
1.864476281749659847e+01 -1.967194838585927030e+01 -2.454403587288523703e+00 1.000000000000000000e+00
1.865906094849161079e+01 -1.961638340130275182e+01 -2.457779906746230925e+00 1.000000000000000000e+00
1.867335907948662310e+01 -1.956049230022661334e+01 -2.461115366346502409e+00 1.000000000000000000e+00
1.868765721048163542e+01 -1.950427601180372505e+01 -2.464409910638318824e+00 1.000000000000000000e+00
1.870195534147664773e+01 -1.944773547061311803e+01 -2.467663484850862954e+00 1.000000000000000000e+00
1.871625347247166005e+01 -1.939087161662439485e+01 -2.470876034894436746e+00 1.000000000000000000e+00
1.873055160346667236e+01 -1.933368539518219009e+01 -2.474047507361351705e+00 1.000000000000000000e+00
1.874484973446168468e+01 -1.927617775699034652e+01 -2.477177849526826847e+00 1.000000000000000000e+00
1.875914786545669699e+01 -1.921834965809617302e+01 -2.480267009349857332e+00 1.000000000000000000e+00
1.877344599645171286e+01 -1.916020205987457459e+01 -2.483314935474083107e+00 1.000000000000000000e+00
1.878774412744672517e+01 -1.910173592901200834e+01 -2.486321577228641555e+00 1.000000000000000000e+00
1.880204225844173749e+01 -1.904295223749047850e+01 -2.489286884629010377e+00 1.000000000000000000e+00
1.881634038943674980e+01 -1.898385196257128626e+01 -2.492210808377839815e+00 1.000000000000000000e+00
1.883063852043176212e+01 -1.892443608677885436e+01 -2.495093299865770220e+00 1.000000000000000000e+00
1.884493665142677443e+01 -1.886470559788441648e+01 -2.497934311172240740e+00 1.000000000000000000e+00
1.885923478242178675e+01 -1.880466148888949007e+01 -2.500733795066286458e+00 1.000000000000000000e+00
1.887353291341679906e+01 -1.874430475800949836e+01 -2.503491705007322210e+00 1.000000000000000000e+00
1.888783104441181493e+01 -1.868363640865705833e+01 -2.506207995145919742e+00 1.000000000000000000e+00
1.890212917540682724e+01 -1.862265744942536827e+01 -2.508882620324565327e+00 1.000000000000000000e+00
1.891642730640183956e+01 -1.856136889407146029e+01 -2.511515536078412936e+00 1.000000000000000000e+00
1.893072543739685187e+01 -1.849977176149923253e+01 -2.514106698636025872e+00 1.000000000000000000e+00
1.894502356839186419e+01 -1.843786707574266615e+01 -2.516656064920097968e+00 1.000000000000000000e+00
1.895932169938687650e+01 -1.837565586594867284e+01 -2.519163592548176123e+00 1.000000000000000000e+00
1.897361983038188882e+01 -1.831313916636002759e+01 -2.521629239833362846e+00 1.000000000000000000e+00
1.898791796137690113e+01 -1.825031801629824457e+01 -2.524052965785006819e+00 1.000000000000000000e+00
1.900221609237191345e+01 -1.818719346014616889e+01 -2.526434730109387683e+00 1.000000000000000000e+00
1.901651422336692931e+01 -1.812376654733068548e+01 -2.528774493210385721e+00 1.000000000000000000e+00
1.903081235436194163e+01 -1.806003833230533928e+01 -2.531072216190135560e+00 1.000000000000000000e+00
1.904511048535695394e+01 -1.799600987453264977e+01 -2.533327860849679425e+00 1.000000000000000000e+00
1.905940861635196626e+01 -1.793168223846664588e+01 -2.535541389689597302e+00 1.000000000000000000e+00
1.907370674734697857e+01 -1.786705649353506331e+01 -2.537712765910633994e+00 1.000000000000000000e+00
1.908800487834199089e+01 -1.780213371412162005e+01 -2.539841953414307518e+00 1.000000000000000000e+00
1.910230300933700320e+01 -1.773691497954815333e+01 -2.541928916803510408e+00 1.000000000000000000e+00
1.911660114033201552e+01 -1.767140137405665712e+01 -2.543973621383100348e+00 1.000000000000000000e+00
1.913089927132702783e+01 -1.760559398679128407e+01 -2.545976033160472607e+00 1.000000000000000000e+00
1.914519740232204370e+01 -1.753949391178018047e+01 -2.547936118846130249e+00 1.000000000000000000e+00
1.915949553331705602e+01 -1.747310224791738875e+01 -2.549853845854232581e+00 1.000000000000000000e+00
1.917379366431206833e+01 -1.740642009894451192e+01 -2.551729182303141386e+00 1.000000000000000000e+00
1.918809179530708064e+01 -1.733944857343234958e+01 -2.553562097015947607e+00 1.000000000000000000e+00
1.920238992630209296e+01 -1.727218878476255881e+01 -2.555352559520990052e+00 1.000000000000000000e+00
1.921668805729710527e+01 -1.720464185110903443e+01 -2.557100540052365645e+00 1.000000000000000000e+00
1.923098618829211759e+01 -1.713680889541937091e+01 -2.558806009550418814e+00 1.000000000000000000e+00
1.924528431928712990e+01 -1.706869104539624971e+01 -2.560468939662228216e+00 1.000000000000000000e+00
1.925958245028214577e+01 -1.700028943347854948e+01 -2.562089302742077912e+00 1.000000000000000000e+00
1.927388058127715809e+01 -1.693160519682271214e+01 -2.563667071851913892e+00 1.000000000000000000e+00
1.928817871227217040e+01 -1.686263947728364698e+01 -2.565202220761795715e+00 1.000000000000000000e+00
1.930247684326718272e+01 -1.679339342139584090e+01 -2.566694723950332158e+00 1.000000000000000000e+00
1.931677497426219503e+01 -1.672386818035434075e+01 -2.568144556605101769e+00 1.000000000000000000e+00
1.933107310525720735e+01 -1.665406490999549405e+01 -2.569551694623070759e+00 1.000000000000000000e+00
1.934537123625221966e+01 -1.658398477077787092e+01 -2.570916114610988235e+00 1.000000000000000000e+00
1.935966936724723197e+01 -1.651362892776285918e+01 -2.572237793885779666e+00 1.000000000000000000e+00
1.937396749824224429e+01 -1.644299855059532689e+01 -2.573516710474921698e+00 1.000000000000000000e+00
1.938826562923726016e+01 -1.637209481348423878e+01 -2.574752843116807632e+00 1.000000000000000000e+00
1.940256376023227247e+01 -1.630091889518306303e+01 -2.575946171261101370e+00 1.000000000000000000e+00
1.941686189122728479e+01 -1.622947197897020999e+01 -2.577096675069078024e+00 1.000000000000000000e+00
1.943116002222229710e+01 -1.615775525262932533e+01 -2.578204335413955217e+00 1.000000000000000000e+00
1.944545815321730942e+01 -1.608576990842956533e+01 -2.579269133881211040e+00 1.000000000000000000e+00
1.945975628421232173e+01 -1.601351714310582608e+01 -2.580291052768887816e+00 1.000000000000000000e+00
1.947405441520733405e+01 -1.594099815783875052e+01 -2.581270075087890081e+00 1.000000000000000000e+00
1.948835254620234636e+01 -1.586821415823481374e+01 -2.582206184562263473e+00 1.000000000000000000e+00
1.950265067719736223e+01 -1.579516635430629634e+01 -2.583099365629467403e+00 1.000000000000000000e+00
1.951694880819237454e+01 -1.572185596045114231e+01 -2.583949603440632625e+00 1.000000000000000000e+00
1.953124693918738686e+01 -1.564828419543278493e+01 -2.584756883860809928e+00 1.000000000000000000e+00
1.954554507018239917e+01 -1.557445228235983947e+01 -2.585521193469203283e+00 1.000000000000000000e+00
1.955984320117741149e+01 -1.550036144866582077e+01 -2.586242519559393216e+00 1.000000000000000000e+00
1.957414133217242380e+01 -1.542601292608875241e+01 -2.586920850139549088e+00 1.000000000000000000e+00
1.958843946316743612e+01 -1.535140795065060004e+01 -2.587556173932627157e+00 1.000000000000000000e+00
1.960273759416244843e+01 -1.527654776263684688e+01 -2.588148480376558869e+00 1.000000000000000000e+00
1.961703572515746075e+01 -1.520143360657576537e+01 -2.588697759624426720e+00 1.000000000000000000e+00
1.963133385615247661e+01 -1.512606673121774747e+01 -2.589204002544627237e+00 1.000000000000000000e+00
1.964563198714748893e+01 -1.505044838951466879e+01 -2.589667200721022411e+00 1.000000000000000000e+00
1.965993011814250124e+01 -1.497457983859883690e+01 -2.590087346453081363e+00 1.000000000000000000e+00
1.967422824913751356e+01 -1.489846233976231460e+01 -2.590464432756006019e+00 1.000000000000000000e+00
1.968852638013252587e+01 -1.482209715843577236e+01 -2.590798453360850129e+00 1.000000000000000000e+00
1.970282451112753819e+01 -1.474548556416755218e+01 -2.591089402714619627e+00 1.000000000000000000e+00
1.971712264212255050e+01 -1.466862883060257161e+01 -2.591337275980369448e+00 1.000000000000000000e+00
1.973142077311756282e+01 -1.459152823546107491e+01 -2.591542069037279905e+00 1.000000000000000000e+00
1.974571890411257513e+01 -1.451418506051742519e+01 -2.591703778480727305e+00 1.000000000000000000e+00
1.976001703510759100e+01 -1.443660059157884845e+01 -2.591822401622341232e+00 1.000000000000000000e+00
1.977431516610260331e+01 -1.435877611846397706e+01 -2.591897936490046739e+00 1.000000000000000000e+00
1.978861329709761563e+01 -1.428071293498147298e+01 -2.591930381828099428e+00 1.000000000000000000e+00
1.980291142809262794e+01 -1.420241233890842381e+01 -2.591919737097105436e+00 1.000000000000000000e+00
1.981720955908764026e+01 -1.412387563196891449e+01 -2.591866002474029429e+00 1.000000000000000000e+00
1.983150769008265257e+01 -1.404510411981223328e+01 -2.591769178852194155e+00 1.000000000000000000e+00
1.984580582107766489e+01 -1.396609911199124454e+01 -2.591629267841263573e+00 1.000000000000000000e+00
1.986010395207267720e+01 -1.388686192194066571e+01 -2.591446271767215759e+00 1.000000000000000000e+00
1.987440208306769307e+01 -1.380739386695507243e+01 -2.591220193672306937e+00 1.000000000000000000e+00
1.988870021406270538e+01 -1.372769626816723765e+01 -2.590951037315016858e+00 1.000000000000000000e+00
1.990299834505771770e+01 -1.364777045052591831e+01 -2.590638807169990177e+00 1.000000000000000000e+00
1.991729647605273001e+01 -1.356761774277396171e+01 -2.590283508427959624e+00 1.000000000000000000e+00
1.993159460704774233e+01 -1.348723947742625029e+01 -2.589885146995660747e+00 1.000000000000000000e+00
1.994589273804275464e+01 -1.340663699074744031e+01 -2.589443729495734203e+00 1.000000000000000000e+00
1.996019086903776696e+01 -1.332581162272979292e+01 -2.588959263266613409e+00 1.000000000000000000e+00
1.997448900003277927e+01 -1.324476471707096970e+01 -2.588431756362405078e+00 1.000000000000000000e+00
1.998878713102779159e+01 -1.316349762115155109e+01 -2.587861217552753779e+00 1.000000000000000000e+00
2.000308526202280746e+01 -1.308201168601277509e+01 -2.587247656322697154e+00 1.000000000000000000e+00
2.001738339301781977e+01 -1.300030826633400771e+01 -2.586591082872507830e+00 1.000000000000000000e+00
2.003168152401283209e+01 -1.291838872041018682e+01 -2.585891508117522886e+00 1.000000000000000000e+00
2.004597965500784440e+01 -1.283625441012934232e+01 -2.585148943687964440e+00 1.000000000000000000e+00
2.006027778600285671e+01 -1.275390670094984102e+01 -2.584363401928743809e+00 1.000000000000000000e+00
2.007457591699786903e+01 -1.267134696187780563e+01 -2.583534895899259443e+00 1.000000000000000000e+00
2.008887404799288134e+01 -1.258857656544423698e+01 -2.582663439373175773e+00 1.000000000000000000e+00
2.010317217898789366e+01 -1.250559688768226430e+01 -2.581749046838197614e+00 1.000000000000000000e+00
2.011747030998290953e+01 -1.242240930810427457e+01 -2.580791733495828133e+00 1.000000000000000000e+00
2.013176844097792184e+01 -1.233901520967895493e+01 -2.579791515261116164e+00 1.000000000000000000e+00
2.014606657197293416e+01 -1.225541597880832079e+01 -2.578748408762391087e+00 1.000000000000000000e+00
2.016036470296794647e+01 -1.217161300530461610e+01 -2.577662431340987048e+00 1.000000000000000000e+00
2.017466283396295879e+01 -1.208760768236724914e+01 -2.576533601050954747e+00 1.000000000000000000e+00
2.018896096495797110e+01 -1.200340140655967680e+01 -2.575361936658761230e+00 1.000000000000000000e+00
2.020325909595298342e+01 -1.191899557778608809e+01 -2.574147457642976367e+00 1.000000000000000000e+00
2.021755722694799573e+01 -1.183439159926817297e+01 -2.572890184193952212e+00 1.000000000000000000e+00
2.023185535794300804e+01 -1.174959087752186804e+01 -2.571590137213484617e+00 1.000000000000000000e+00
2.024615348893802391e+01 -1.166459482233380029e+01 -2.570247338314465058e+00 1.000000000000000000e+00
2.026045161993303623e+01 -1.157940484673810033e+01 -2.568861809820526698e+00 1.000000000000000000e+00
2.027474975092804854e+01 -1.149402236699262936e+01 -2.567433574765666027e+00 1.000000000000000000e+00
2.028904788192306086e+01 -1.140844880255566984e+01 -2.565962656893865379e+00 1.000000000000000000e+00
2.030334601291807317e+01 -1.132268557606217030e+01 -2.564449080658694591e+00 1.000000000000000000e+00
2.031764414391308549e+01 -1.123673411330016236e+01 -2.562892871222906876e+00 1.000000000000000000e+00
2.033194227490809780e+01 -1.115059584318709618e+01 -2.561294054458020497e+00 1.000000000000000000e+00
2.034624040590311012e+01 -1.106427219774598569e+01 -2.559652656943886218e+00 1.000000000000000000e+00
2.036053853689812243e+01 -1.097776461208165522e+01 -2.557968705968247214e+00 1.000000000000000000e+00
2.037483666789313830e+01 -1.089107452435691847e+01 -2.556242229526287435e+00 1.000000000000000000e+00
2.038913479888815061e+01 -1.080420337576860668e+01 -2.554473256320161312e+00 1.000000000000000000e+00
2.040343292988316293e+01 -1.071715261052366763e+01 -2.552661815758521247e+00 1.000000000000000000e+00
2.041773106087817524e+01 -1.062992367581506414e+01 -2.550807937956025562e+00 1.000000000000000000e+00
2.043202919187318756e+01 -1.054251802179778963e+01 -2.548911653732839344e+00 1.000000000000000000e+00
2.044632732286819987e+01 -1.045493710156479494e+01 -2.546972994614122410e+00 1.000000000000000000e+00
2.046062545386321219e+01 -1.036718237112269669e+01 -2.544991992829503058e+00 1.000000000000000000e+00
2.047492358485822450e+01 -1.027925528936774313e+01 -2.542968681312546053e+00 1.000000000000000000e+00
2.048922171585324037e+01 -1.019115731806138392e+01 -2.540903093700199733e+00 1.000000000000000000e+00
2.050351984684825268e+01 -1.010288992180612233e+01 -2.538795264332243118e+00 1.000000000000000000e+00
2.051781797784326500e+01 -1.001445456802109568e+01 -2.536645228250710371e+00 1.000000000000000000e+00
2.053211610883827731e+01 -9.925852726917630875e+00 -2.534453021199309042e+00 1.000000000000000000e+00
2.054641423983328963e+01 -9.837085871474926080e+00 -2.532218679622827207e+00 1.000000000000000000e+00
2.056071237082830194e+01 -9.748155477415448189e+00 -2.529942240666527287e+00 1.000000000000000000e+00
2.057501050182331426e+01 -9.659063023180436858e+00 -2.527623742175526544e+00 1.000000000000000000e+00
2.058930863281832657e+01 -9.569809989905390779e+00 -2.525263222694171361e+00 1.000000000000000000e+00
2.060360676381333889e+01 -9.480397861395333692e+00 -2.522860721465393752e+00 1.000000000000000000e+00
2.061790489480835475e+01 -9.390828124100178087e+00 -2.520416278430057666e+00 1.000000000000000000e+00
2.063220302580336707e+01 -9.301102267090151088e+00 -2.517929934226302180e+00 1.000000000000000000e+00
2.064650115679837938e+01 -9.211221782030790450e+00 -2.515401730188854934e+00 1.000000000000000000e+00
2.066079928779339170e+01 -9.121188163158372220e+00 -2.512831708348355342e+00 1.000000000000000000e+00
2.067509741878840401e+01 -9.031002907254926271e+00 -2.510219911430648487e+00 1.000000000000000000e+00
2.068939554978341633e+01 -8.940667513623390406e+00 -2.507566382856078580e+00 1.000000000000000000e+00
2.070369368077842864e+01 -8.850183484062766226e+00 -2.504871166738766863e+00 1.000000000000000000e+00
2.071799181177344096e+01 -8.759552322843001448e+00 -2.502134307885876208e+00 1.000000000000000000e+00
2.073228994276845683e+01 -8.668775536680120908e+00 -2.499355851796869032e+00 1.000000000000000000e+00
2.074658807376346914e+01 -8.577854634711103543e+00 -2.496535844662747472e+00 1.000000000000000000e+00
2.076088620475848145e+01 -8.486791128468828660e+00 -2.493674333365290430e+00 1.000000000000000000e+00
2.077518433575349377e+01 -8.395586531856894297e+00 -2.490771365476267540e+00 1.000000000000000000e+00
2.078948246674850608e+01 -8.304242361124471117e+00 -2.487826989256653576e+00 1.000000000000000000e+00
2.080378059774351840e+01 -8.212760134841184723e+00 -2.484841253655825533e+00 1.000000000000000000e+00
2.081807872873853071e+01 -8.121141373871719082e+00 -2.481814208310746395e+00 1.000000000000000000e+00
2.083237685973354303e+01 -8.029387601350615355e+00 -2.478745903545140017e+00 1.000000000000000000e+00
2.084667499072855534e+01 -7.937500342656996111e+00 -2.475636390368660233e+00 1.000000000000000000e+00
2.086097312172357121e+01 -7.845481125389054178e+00 -2.472485720476032434e+00 1.000000000000000000e+00
2.087527125271858353e+01 -7.753331479338894106e+00 -2.469293946246205795e+00 1.000000000000000000e+00
2.088956938371359584e+01 -7.661052936466840713e+00 -2.466061120741473989e+00 1.000000000000000000e+00
2.090386751470860816e+01 -7.568647030876107351e+00 -2.462787297706594547e+00 1.000000000000000000e+00
2.091816564570362047e+01 -7.476115298787338048e+00 -2.459472531567900244e+00 1.000000000000000000e+00
2.093246377669863278e+01 -7.383459278512922275e+00 -2.456116877432387380e+00 1.000000000000000000e+00
2.094676190769364510e+01 -7.290680510431585049e+00 -2.452720391086806284e+00 1.000000000000000000e+00
2.096106003868865741e+01 -7.197780536962633313e+00 -2.449283128996727399e+00 1.000000000000000000e+00
2.097535816968366973e+01 -7.104760902540382617e+00 -2.445805148305606469e+00 1.000000000000000000e+00
2.098965630067868560e+01 -7.011623153588514512e+00 -2.442286506833835524e+00 1.000000000000000000e+00
2.100395443167369791e+01 -6.918368838494307838e+00 -2.438727263077778762e+00 1.000000000000000000e+00
2.101825256266871023e+01 -6.824999507582941050e+00 -2.435127476208802655e+00 1.000000000000000000e+00
2.103255069366372254e+01 -6.731516713091653337e+00 -2.431487206072287410e+00 1.000000000000000000e+00
2.104684882465873486e+01 -6.637922009143982116e+00 -2.427806513186638870e+00 1.000000000000000000e+00
2.106114695565374717e+01 -6.544216951723990761e+00 -2.424085458742277766e+00 1.000000000000000000e+00
2.107544508664875949e+01 -6.450403098650271616e+00 -2.420324104600623194e+00 1.000000000000000000e+00
2.108974321764377180e+01 -6.356482009550114221e+00 -2.416522513293064556e+00 1.000000000000000000e+00
2.110404134863878767e+01 -6.262455245833613127e+00 -2.412680748019924160e+00 1.000000000000000000e+00
2.111833947963379998e+01 -6.168324370667654044e+00 -2.408798872649402067e+00 1.000000000000000000e+00
2.113263761062881230e+01 -6.074090948949963931e+00 -2.404876951716519162e+00 1.000000000000000000e+00
2.114693574162382461e+01 -5.979756547283034074e+00 -2.400915050422039787e+00 1.000000000000000000e+00
2.116123387261883693e+01 -5.885322733948121332e+00 -2.396913234631389500e+00 1.000000000000000000e+00
2.117553200361384924e+01 -5.790791078879224507e+00 -2.392871570873563059e+00 1.000000000000000000e+00
2.118983013460886156e+01 -5.696163153636860876e+00 -2.388790126340012421e+00 1.000000000000000000e+00
2.120412826560387387e+01 -5.601440531382084309e+00 -2.384668968883537410e+00 1.000000000000000000e+00
2.121842639659888619e+01 -5.506624786850200515e+00 -2.380508167017148846e+00 1.000000000000000000e+00
2.123272452759390205e+01 -5.411717496324623511e+00 -2.376307789912934787e+00 1.000000000000000000e+00
2.124702265858891437e+01 -5.316720237610815580e+00 -2.372067907400914777e+00 1.000000000000000000e+00
2.126132078958392668e+01 -5.221634590009789356e+00 -2.367788589967867008e+00 1.000000000000000000e+00
2.127561892057893900e+01 -5.126462134292101958e+00 -2.363469908756168802e+00 1.000000000000000000e+00
2.128991705157395131e+01 -5.031204452671403260e+00 -2.359111935562605122e+00 1.000000000000000000e+00
2.130421518256896363e+01 -4.935863128778199993e+00 -2.354714742837179298e+00 1.000000000000000000e+00
2.131851331356397594e+01 -4.840439747633588752e+00 -2.350278403681909545e+00 1.000000000000000000e+00
2.133281144455898826e+01 -4.744935895622762523e+00 -2.345802991849608610e+00 1.000000000000000000e+00
2.134710957555400412e+01 -4.649353160468778334e+00 -2.341288581742663411e+00 1.000000000000000000e+00
2.136140770654901644e+01 -4.553693131206101974e+00 -2.336735248411795585e+00 1.000000000000000000e+00
2.137570583754402875e+01 -4.457957398154129613e+00 -2.332143067554810933e+00 1.000000000000000000e+00
2.139000396853904107e+01 -4.362147552890892399e+00 -2.327512115515347979e+00 1.000000000000000000e+00
2.140430209953405338e+01 -4.266265188226433303e+00 -2.322842469281599431e+00 1.000000000000000000e+00
2.141860023052906570e+01 -4.170311898176489507e+00 -2.318134206485042981e+00 1.000000000000000000e+00
2.143289836152407801e+01 -4.074289277935850606e+00 -2.313387405399141894e+00 1.000000000000000000e+00
2.144719649251909033e+01 -3.978198923851901547e+00 -2.308602144938045164e+00 1.000000000000000000e+00
2.146149462351410264e+01 -3.882042433398140258e+00 -2.303778504655283221e+00 1.000000000000000000e+00
2.147579275450911851e+01 -3.785821405147460794e+00 -2.298916564742432112e+00 1.000000000000000000e+00
2.149009088550413082e+01 -3.689537438745826403e+00 -2.294016406027796773e+00 1.000000000000000000e+00
2.150438901649914314e+01 -3.593192134885400790e+00 -2.289078109975050790e+00 1.000000000000000000e+00
2.151868714749415545e+01 -3.496787095278083513e+00 -2.284101758681891248e+00 1.000000000000000000e+00
2.153298527848916777e+01 -3.400323922628930795e+00 -2.279087434878675822e+00 1.000000000000000000e+00
2.154728340948418008e+01 -3.303804220609376507e+00 -2.274035221927039441e+00 1.000000000000000000e+00
2.156158154047919240e+01 -3.207229593830640990e+00 -2.268945203818514056e+00 1.000000000000000000e+00
2.157587967147420471e+01 -3.110601647817113236e+00 -2.263817465173133758e+00 1.000000000000000000e+00
2.159017780246921703e+01 -3.013921988979515909e+00 -2.258652091238020798e+00 1.000000000000000000e+00
2.160447593346423290e+01 -2.917192224588344818e+00 -2.253449167885976490e+00 1.000000000000000000e+00
2.161877406445924521e+01 -2.820413962747084113e+00 -2.248208781614049467e+00 1.000000000000000000e+00
2.163307219545425752e+01 -2.723588812365413059e+00 -2.242931019542095505e+00 1.000000000000000000e+00
2.164737032644926984e+01 -2.626718383132600643e+00 -2.237615969411336891e+00 1.000000000000000000e+00
2.166166845744428215e+01 -2.529804285490581783e+00 -2.232263719582892492e+00 1.000000000000000000e+00
2.167596658843929447e+01 -2.432848130607347059e+00 -2.226874359036321138e+00 1.000000000000000000e+00
2.169026471943430678e+01 -2.335851530350014471e+00 -2.221447977368133042e+00 1.000000000000000000e+00
2.170456285042931910e+01 -2.238816097258094384e+00 -2.215984664790301206e+00 1.000000000000000000e+00
2.171886098142433497e+01 -2.141743444516722050e+00 -2.210484512128768841e+00 1.000000000000000000e+00
2.173315911241934728e+01 -2.044635185929779553e+00 -2.204947610821932358e+00 1.000000000000000000e+00
2.174745724341435960e+01 -1.947492935893105681e+00 -2.199374052919124800e+00 1.000000000000000000e+00
2.176175537440937191e+01 -1.850318309367592562e+00 -2.193763931079081964e+00 1.000000000000000000e+00
2.177605350540438423e+01 -1.753112921852385764e+00 -2.188117338568402737e+00 1.000000000000000000e+00
2.179035163639939654e+01 -1.655878389358083513e+00 -2.182434369260005891e+00 1.000000000000000000e+00
2.180464976739440885e+01 -1.558616328379726967e+00 -2.176715117631557561e+00 1.000000000000000000e+00
2.181894789838942117e+01 -1.461328355870095130e+00 -2.170959678763911604e+00 1.000000000000000000e+00
2.183324602938443348e+01 -1.364016089212674254e+00 -2.165168148339520204e+00 1.000000000000000000e+00
2.184754416037944935e+01 -1.266681146194812868e+00 -2.159340622640845364e+00 1.000000000000000000e+00
2.186184229137446167e+01 -1.169325144980974063e+00 -2.153477198548768179e+00 1.000000000000000000e+00
2.187614042236947398e+01 -1.071949704085559008e+00 -2.147577973540959917e+00 1.000000000000000000e+00
2.189043855336448630e+01 -9.745564423462538262e-01 -2.141643045690279301e+00 1.000000000000000000e+00
2.190473668435949861e+01 -8.771469788969469272e-01 -2.135672513663128047e+00 1.000000000000000000e+00
2.191903481535451093e+01 -7.797229331408757069e-01 -2.129666476717818835e+00 1.000000000000000000e+00
2.193333294634952324e+01 -6.822859247237671454e-01 -2.123625034702925518e+00 1.000000000000000000e+00
2.194763107734453556e+01 -5.848375735067855574e-01 -2.117548288055617345e+00 1.000000000000000000e+00
2.196192920833954787e+01 -4.873794995396654728e-01 -2.111436337799992735e+00 1.000000000000000000e+00
2.197622733933456374e+01 -3.899133230338220901e-01 -2.105289285545401512e+00 1.000000000000000000e+00
2.199052547032957605e+01 -2.924406643353511526e-01 -2.099107233484752921e+00 1.000000000000000000e+00
2.200482360132458837e+01 -1.949631438981346276e-01 -2.092890284392818767e+00 1.000000000000000000e+00
2.201912173231960068e+01 -9.748238225683676650e-02 -2.086638541624521448e+00 1.000000000000000000e+00
2.203341986331461300e+01 -5.855863636985212445e-15 -2.080352109113217107e+00 1.000000000000000000e+00
