0.000000000000000000e+00 0.000000000000000000e+00 5.572520085646611721e-01 1.000000000000000000e+00
1.429849556495684827e-02 2.498130977216452345e-02 5.572641132212342585e-01 1.000000000000000000e+00
2.859699112991369654e-02 4.996229417476318047e-02 5.572689597802839012e-01 1.000000000000000000e+00
4.289548669487054655e-02 7.494262784246789877e-02 5.572665481786860386e-01 1.000000000000000000e+00
5.719398225982739309e-02 9.992198541842610415e-02 5.572568784478505455e-01 1.000000000000000000e+00
7.149247782478423963e-02 1.249000415584983481e-01 5.572399507137210106e-01 1.000000000000000000e+00
8.579097338974109310e-02 1.498764709354957758e-01 5.572157651967730718e-01 1.000000000000000000e+00
1.000894689546979327e-01 1.748509482434172924e-01 5.571843222120115291e-01 1.000000000000000000e+00
1.143879645196547862e-01 1.998231482016866456e-01 5.571456221689661259e-01 1.000000000000000000e+00
1.286864600846116258e-01 2.247927455593889123e-01 5.570996655716863311e-01 1.000000000000000000e+00
1.429849556495684793e-01 2.497594150995068041e-01 5.570464530187348995e-01 1.000000000000000000e+00
1.572834512145253327e-01 2.747228316431564732e-01 5.569859852031795455e-01 1.000000000000000000e+00
1.715819467794821862e-01 2.996826700538226529e-01 5.569182629125846162e-01 1.000000000000000000e+00
1.858804423444390397e-01 3.246386052415937695e-01 5.568432870290004333e-01 1.000000000000000000e+00
2.001789379093958654e-01 3.495903121673956115e-01 5.567610585289519687e-01 1.000000000000000000e+00
2.144774334743527189e-01 3.745374658472254703e-01 5.566715784834259662e-01 1.000000000000000000e+00
2.287759290393095724e-01 3.994797413563839217e-01 5.565748480578568413e-01 1.000000000000000000e+00
2.430744246042664258e-01 4.244168138337076623e-01 5.564708685121121379e-01 1.000000000000000000e+00
2.573729201692232516e-01 4.493483584858003477e-01 5.563596412004755409e-01 1.000000000000000000e+00
2.716714157341801328e-01 4.742740505912631521e-01 5.562411675716292248e-01 1.000000000000000000e+00
2.859699112991369585e-01 4.991935655049233311e-01 5.561154491686355339e-01 1.000000000000000000e+00
3.002684068640938397e-01 5.241065786620635603e-01 5.559824876289161111e-01 1.000000000000000000e+00
3.145669024290506655e-01 5.490127655826484432e-01 5.558422846842312470e-01 1.000000000000000000e+00
3.288653979940074912e-01 5.739118018755511308e-01 5.556948421606570099e-01 1.000000000000000000e+00
3.431638935589643724e-01 5.988033632427787190e-01 5.555401619785614864e-01 1.000000000000000000e+00
3.574623891239211981e-01 6.236871254836948708e-01 5.553782461525796910e-01 1.000000000000000000e+00
3.717608846888780794e-01 6.485627644992435492e-01 5.552090967915875863e-01 1.000000000000000000e+00
3.860593802538349051e-01 6.734299562961699737e-01 5.550327160986744390e-01 1.000000000000000000e+00
4.003578758187917308e-01 6.982883769912396899e-01 5.548491063711139537e-01 1.000000000000000000e+00
4.146563713837486120e-01 7.231377028154584163e-01 5.546582700003348521e-01 1.000000000000000000e+00
4.289548669487054378e-01 7.479776101182877834e-01 5.544602094718891205e-01 1.000000000000000000e+00
4.432533625136623190e-01 7.728077753718610721e-01 5.542549273654200359e-01 1.000000000000000000e+00
4.575518580786191447e-01 7.976278751751972873e-01 5.540424263546286365e-01 1.000000000000000000e+00
4.718503536435759704e-01 8.224375862584131225e-01 5.538227092072383062e-01 1.000000000000000000e+00
4.861488492085328517e-01 8.472365854869332580e-01 5.535957787849595801e-01 1.000000000000000000e+00
5.004473447734897329e-01 8.720245498656989946e-01 5.533616380434521753e-01 1.000000000000000000e+00
5.147458403384465031e-01 8.968011565433752219e-01 5.531202900322869098e-01 1.000000000000000000e+00
5.290443359034033843e-01 9.215660828165558316e-01 5.528717378949057348e-01 1.000000000000000000e+00
5.433428314683602656e-01 9.463190061339661341e-01 5.526159848685808784e-01 1.000000000000000000e+00
5.576413270333170358e-01 9.710596041006642754e-01 5.523530342843727681e-01 1.000000000000000000e+00
5.719398225982739170e-01 9.957875544822401004e-01 5.520828895670865100e-01 1.000000000000000000e+00
5.862383181632307982e-01 1.020502535209011796e+00 5.518055542352271470e-01 1.000000000000000000e+00
6.005368137281876795e-01 1.045204224380221980e+00 5.515210319009544726e-01 1.000000000000000000e+00
6.148353092931444497e-01 1.069892300268228347e+00 5.512293262700352914e-01 1.000000000000000000e+00
6.291338048581013309e-01 1.094566441322695649e+00 5.509304411417952352e-01 1.000000000000000000e+00
6.434323004230582121e-01 1.119226326174783459e+00 5.506243804090695804e-01 1.000000000000000000e+00
6.577307959880149824e-01 1.143871633641331043e+00 5.503111480581526216e-01 1.000000000000000000e+00
6.720292915529718636e-01 1.168502042729041346e+00 5.499907481687451583e-01 1.000000000000000000e+00
6.863277871179287448e-01 1.193117232638660985e+00 5.496631849139020920e-01 1.000000000000000000e+00
7.006262826828855150e-01 1.217716882769160014e+00 5.493284625599773596e-01 1.000000000000000000e+00
7.149247782478423963e-01 1.242300672721905919e+00 5.489865854665690881e-01 1.000000000000000000e+00
7.292232738127992775e-01 1.266868282304838056e+00 5.486375580864621959e-01 1.000000000000000000e+00
7.435217693777561587e-01 1.291419391536636097e+00 5.482813849655706617e-01 1.000000000000000000e+00
7.578202649427129289e-01 1.315953680650890245e+00 5.479180707428786823e-01 1.000000000000000000e+00
7.721187605076698102e-01 1.340470830100263910e+00 5.475476201503791662e-01 1.000000000000000000e+00
7.864172560726266914e-01 1.364970520560656375e+00 5.471700380130133379e-01 1.000000000000000000e+00
8.007157516375834616e-01 1.389452432935362802e+00 5.467853292486074546e-01 1.000000000000000000e+00
8.150142472025403428e-01 1.413916248359228245e+00 5.463934988678083027e-01 1.000000000000000000e+00
8.293127427674972241e-01 1.438361648202802101e+00 5.459945519740185826e-01 1.000000000000000000e+00
8.436112383324539943e-01 1.462788314076487906e+00 5.455884937633298515e-01 1.000000000000000000e+00
8.579097338974108755e-01 1.487195927834690901e+00 5.451753295244554653e-01 1.000000000000000000e+00
8.722082294623677567e-01 1.511584171579959612e+00 5.447550646386614126e-01 1.000000000000000000e+00
8.865067250273246380e-01 1.535952727667128981e+00 5.443277045796957037e-01 1.000000000000000000e+00
9.008052205922814082e-01 1.560301278707455497e+00 5.438932549137183159e-01 1.000000000000000000e+00
9.151037161572382894e-01 1.584629507572751894e+00 5.434517212992272528e-01 1.000000000000000000e+00
9.294022117221951707e-01 1.608937097399518068e+00 5.430031094869860464e-01 1.000000000000000000e+00
9.437007072871519409e-01 1.633223731593065997e+00 5.425474253199479291e-01 1.000000000000000000e+00
9.579992028521088221e-01 1.657489093831646887e+00 5.420846747331807824e-01 1.000000000000000000e+00
9.722976984170657033e-01 1.681732868070567211e+00 5.416148637537884225e-01 1.000000000000000000e+00
9.865961939820225846e-01 1.705954738546306748e+00 5.411379985008336613e-01 1.000000000000000000e+00
1.000894689546979466e+00 1.730154389780632851e+00 5.406540851852571494e-01 1.000000000000000000e+00
1.015193185111936236e+00 1.754331506584705824e+00 5.401631301097977733e-01 1.000000000000000000e+00
1.029491680676893006e+00 1.778485774063188307e+00 5.396651396689093882e-01 1.000000000000000000e+00
1.043790176241849998e+00 1.802616877618342217e+00 5.391601203486785510e-01 1.000000000000000000e+00
1.058088671806806769e+00 1.826724502954130358e+00 5.386480787267394765e-01 1.000000000000000000e+00
1.072387167371763539e+00 1.850808336080305816e+00 5.381290214721883292e-01 1.000000000000000000e+00
1.086685662936720531e+00 1.874868063316506461e+00 5.376029553454967358e-01 1.000000000000000000e+00
1.100984158501677301e+00 1.898903371296336573e+00 5.370698871984234124e-01 1.000000000000000000e+00
1.115282654066634072e+00 1.922913946971447796e+00 5.365298239739250130e-01 1.000000000000000000e+00
1.129581149631591064e+00 1.946899477615621432e+00 5.359827727060657576e-01 1.000000000000000000e+00
1.143879645196547834e+00 1.970859650828836074e+00 5.354287405199257277e-01 1.000000000000000000e+00
1.158178140761504604e+00 1.994794154541339459e+00 5.348677346315082737e-01 1.000000000000000000e+00
1.172476636326461596e+00 2.018702677017712777e+00 5.342997623476454239e-01 1.000000000000000000e+00
1.186775131891418367e+00 2.042584906860926974e+00 5.337248310659039596e-01 1.000000000000000000e+00
1.201073627456375359e+00 2.066440533016407954e+00 5.331429482744873827e-01 1.000000000000000000e+00
1.215372123021332129e+00 2.090269244776076452e+00 5.325541215521399918e-01 1.000000000000000000e+00
1.229670618586288899e+00 2.114070731782402568e+00 5.319583585680468518e-01 1.000000000000000000e+00
1.243969114151245892e+00 2.137844684032446985e+00 5.313556670817349836e-01 1.000000000000000000e+00
1.258267609716202662e+00 2.161590791881893736e+00 5.307460549429715568e-01 1.000000000000000000e+00
1.272566105281159432e+00 2.185308746049089645e+00 5.301295300916619713e-01 1.000000000000000000e+00
1.286864600846116424e+00 2.208998237619069993e+00 5.295061005577466062e-01 1.000000000000000000e+00
1.301163096411073195e+00 2.232658958047579745e+00 5.288757744610955713e-01 1.000000000000000000e+00
1.315461591976029965e+00 2.256290599165095223e+00 5.282385600114036794e-01 1.000000000000000000e+00
1.329760087540986957e+00 2.279892853180838230e+00 5.275944655080834211e-01 1.000000000000000000e+00
1.344058583105943727e+00 2.303465412686779956e+00 5.269434993401562739e-01 1.000000000000000000e+00
1.358357078670900497e+00 2.327007970661651992e+00 5.262856699861440113e-01 1.000000000000000000e+00
1.372655574235857490e+00 2.350520220474938693e+00 5.256209860139582357e-01 1.000000000000000000e+00
1.386954069800814260e+00 2.374001855890875756e+00 5.249494560807885790e-01 1.000000000000000000e+00
1.401252565365771030e+00 2.397452571072435923e+00 5.242710889329899038e-01 1.000000000000000000e+00
1.415551060930728022e+00 2.420872060585312013e+00 5.235858934059686165e-01 1.000000000000000000e+00
1.429849556495684793e+00 2.444260019401898187e+00 5.228938784240676485e-01 1.000000000000000000e+00
1.444148052060641785e+00 2.467616142905258769e+00 5.221950530004496605e-01 1.000000000000000000e+00
1.458446547625598555e+00 2.490940126893098849e+00 5.214894262369804689e-01 1.000000000000000000e+00
1.472745043190555325e+00 2.514231667581726004e+00 5.207770073241098086e-01 1.000000000000000000e+00
1.487043538755512317e+00 2.537490461610005354e+00 5.200578055407519829e-01 1.000000000000000000e+00
1.501342034320469088e+00 2.560716206043311516e+00 5.193318302541649611e-01 1.000000000000000000e+00
1.515640529885425858e+00 2.583908598377473442e+00 5.185990909198281429e-01 1.000000000000000000e+00
1.529939025450382850e+00 2.607067336542716607e+00 5.178595970813196780e-01 1.000000000000000000e+00
1.544237521015339620e+00 2.630192118907596299e+00 5.171133583701917891e-01 1.000000000000000000e+00
1.558536016580296391e+00 2.653282644282922487e+00 5.163603845058453157e-01 1.000000000000000000e+00
1.572834512145253383e+00 2.676338611925690447e+00 5.156006852954034825e-01 1.000000000000000000e+00
1.587133007710210153e+00 2.699359721542989643e+00 5.148342706335836683e-01 1.000000000000000000e+00
1.601431503275166923e+00 2.722345673295921475e+00 5.140611505025688421e-01 1.000000000000000000e+00
1.615729998840123915e+00 2.745296167803498832e+00 5.132813349718775564e-01 1.000000000000000000e+00
1.630028494405080686e+00 2.768210906146550521e+00 5.124948341982327182e-01 1.000000000000000000e+00
1.644326989970037456e+00 2.791089589871611487e+00 5.117016584254292511e-01 1.000000000000000000e+00
1.658625485534994448e+00 2.813931920994810820e+00 5.109018179842008678e-01 1.000000000000000000e+00
1.672923981099951218e+00 2.836737602005750869e+00 5.100953232920850677e-01 1.000000000000000000e+00
1.687222476664907989e+00 2.859506335871388583e+00 5.092821848532883555e-01 1.000000000000000000e+00
1.701520972229864981e+00 2.882237826039894202e+00 5.084624132585482403e-01 1.000000000000000000e+00
1.715819467794821751e+00 2.904931776444524161e+00 5.076360191849962344e-01 1.000000000000000000e+00
1.730117963359778743e+00 2.927587891507470008e+00 5.068030133960182981e-01 1.000000000000000000e+00
1.744416458924735513e+00 2.950205876143708217e+00 5.059634067411149516e-01 1.000000000000000000e+00
1.758714954489692284e+00 2.972785435764850881e+00 5.051172101557598326e-01 1.000000000000000000e+00
1.773013450054649276e+00 2.995326276282973321e+00 5.042644346612572548e-01 1.000000000000000000e+00
1.787311945619606046e+00 3.017828104114450571e+00 5.034050913645984338e-01 1.000000000000000000e+00
1.801610441184562816e+00 3.040290626183778766e+00 5.025391914583171582e-01 1.000000000000000000e+00
1.815908936749519809e+00 3.062713549927392087e+00 5.016667462203442396e-01 1.000000000000000000e+00
1.830207432314476579e+00 3.085096583297473494e+00 5.007877670138598525e-01 1.000000000000000000e+00
1.844505927879433349e+00 3.107439434765761455e+00 4.999022652871462080e-01 1.000000000000000000e+00
1.858804423444390341e+00 3.129741813327342914e+00 4.990102525734381178e-01 1.000000000000000000e+00
1.873102919009347112e+00 3.152003428504443594e+00 4.981117404907729473e-01 1.000000000000000000e+00
1.887401414574303882e+00 3.174223990350213853e+00 4.972067407418390705e-01 1.000000000000000000e+00
1.901699910139260874e+00 3.196403209452505223e+00 4.962952651138238802e-01 1.000000000000000000e+00
1.915998405704217644e+00 3.218540796937636284e+00 4.953773254782597446e-01 1.000000000000000000e+00
1.930296901269174414e+00 3.240636464474159428e+00 4.944529337908697419e-01 1.000000000000000000e+00
1.944595396834131407e+00 3.262689924276612974e+00 4.935221020914115631e-01 1.000000000000000000e+00
1.958893892399088177e+00 3.284700889109272381e+00 4.925848425035215805e-01 1.000000000000000000e+00
1.973192387964045169e+00 3.306669072289887268e+00 4.916411672345554762e-01 1.000000000000000000e+00
1.987490883529001939e+00 3.328594187693419748e+00 4.906910885754309781e-01 1.000000000000000000e+00
2.001789379093958932e+00 3.350475949755767235e+00 4.897346189004661565e-01 1.000000000000000000e+00
2.016087874658915702e+00 3.372314073477485685e+00 4.887717706672196072e-01 1.000000000000000000e+00
2.030386370223872472e+00 3.394108274427496852e+00 4.878025564163269712e-01 1.000000000000000000e+00
2.044684865788829242e+00 3.415858268746800430e+00 4.868269887713387867e-01 1.000000000000000000e+00
2.058983361353786012e+00 3.437563773152159552e+00 4.858450804385551214e-01 1.000000000000000000e+00
2.073281856918742783e+00 3.459224504939800937e+00 4.848568442068605377e-01 1.000000000000000000e+00
2.087580352483699997e+00 3.480840181989095949e+00 4.838622929475576151e-01 1.000000000000000000e+00
2.101878848048656767e+00 3.502410522766224776e+00 4.828614396141989173e-01 1.000000000000000000e+00
2.116177343613613537e+00 3.523935246327857929e+00 4.818542972424186277e-01 1.000000000000000000e+00
2.130475839178570308e+00 3.545414072324803545e+00 4.808408789497625735e-01 1.000000000000000000e+00
2.144774334743527078e+00 3.566846721005666243e+00 4.798211979355174184e-01 1.000000000000000000e+00
2.159072830308484292e+00 3.588232913220488207e+00 4.787952674805388553e-01 1.000000000000000000e+00
2.173371325873441062e+00 3.609572370424380949e+00 4.777631009470785228e-01 1.000000000000000000e+00
2.187669821438397832e+00 3.630864814681161956e+00 4.767247117786099220e-01 1.000000000000000000e+00
2.201968317003354603e+00 3.652109968666967355e+00 4.756801134996533897e-01 1.000000000000000000e+00
2.216266812568311373e+00 3.673307555673864577e+00 4.746293197156000732e-01 1.000000000000000000e+00
2.230565308133268143e+00 3.694457299613464141e+00 4.735723441125344602e-01 1.000000000000000000e+00
2.244863803698225357e+00 3.715558925020502112e+00 4.725092004570562998e-01 1.000000000000000000e+00
2.259162299263182128e+00 3.736612157056439898e+00 4.714399025961012457e-01 1.000000000000000000e+00
2.273460794828138898e+00 3.757616721513038271e+00 4.703644644567606115e-01 1.000000000000000000e+00
2.287759290393095668e+00 3.778572344815930517e+00 4.692829000460998490e-01 1.000000000000000000e+00
2.302057785958052438e+00 3.799478754028182692e+00 4.681952234509759725e-01 1.000000000000000000e+00
2.316356281523009208e+00 3.820335676853852114e+00 4.671014488378547602e-01 1.000000000000000000e+00
2.330654777087966423e+00 3.841142841641536521e+00 4.660015904526248476e-01 1.000000000000000000e+00
2.344953272652923193e+00 3.861899977387899252e+00 4.648956626204141518e-01 1.000000000000000000e+00
2.359251768217879963e+00 3.882606813741214857e+00 4.637836797454015225e-01 1.000000000000000000e+00
2.373550263782836733e+00 3.903263081004883617e+00 4.626656563106301689e-01 1.000000000000000000e+00
2.387848759347793504e+00 3.923868510140940735e+00 4.615416068778181446e-01 1.000000000000000000e+00
2.402147254912750718e+00 3.944422832773562870e+00 4.604115460871702203e-01 1.000000000000000000e+00
2.416445750477707488e+00 3.964925781192567555e+00 4.592754886571850381e-01 1.000000000000000000e+00
2.430744246042664258e+00 3.985377088356897080e+00 4.581334493844657629e-01 1.000000000000000000e+00
2.445042741607621029e+00 4.005776487898090821e+00 4.569854431435251829e-01 1.000000000000000000e+00
2.459341237172577799e+00 4.026123714123766462e+00 4.558314848865934743e-01 1.000000000000000000e+00
2.473639732737534569e+00 4.046418502021071006e+00 4.546715896434230797e-01 1.000000000000000000e+00
2.487938228302491783e+00 4.066660587260138016e+00 4.535057725210925317e-01 1.000000000000000000e+00
2.502236723867448553e+00 4.086849706197519971e+00 4.523340487038101099e-01 1.000000000000000000e+00
2.516535219432405324e+00 4.106985595879641515e+00 4.511564334527161102e-01 1.000000000000000000e+00
2.530833714997362094e+00 4.127067994046204724e+00 4.499729421056836154e-01 1.000000000000000000e+00
2.545132210562318864e+00 4.147096639133614815e+00 4.487835900771192099e-01 1.000000000000000000e+00
2.559430706127275634e+00 4.167071270278387196e+00 4.475883928577621407e-01 1.000000000000000000e+00
2.573729201692232849e+00 4.186991627320541198e+00 4.463873660144823674e-01 1.000000000000000000e+00
2.588027697257189619e+00 4.206857450806989362e+00 4.451805251900777805e-01 1.000000000000000000e+00
2.602326192822146389e+00 4.226668481994919624e+00 4.439678861030708079e-01 1.000000000000000000e+00
2.616624688387103159e+00 4.246424462855161508e+00 4.427494645475033019e-01 1.000000000000000000e+00
2.630923183952059929e+00 4.266125136075548774e+00 4.415252763927310364e-01 1.000000000000000000e+00
2.645221679517017144e+00 4.285770245064274953e+00 4.402953375832169280e-01 1.000000000000000000e+00
2.659520175081973914e+00 4.305359533953223128e+00 4.390596641383235910e-01 1.000000000000000000e+00
2.673818670646930684e+00 4.324892747601311704e+00 4.378182721521042819e-01 1.000000000000000000e+00
2.688117166211887454e+00 4.344369631597811754e+00 4.365711777930935678e-01 1.000000000000000000e+00
2.702415661776844225e+00 4.363789932265660809e+00 4.353183973040968269e-01 1.000000000000000000e+00
2.716714157341800995e+00 4.383153396664766888e+00 4.340599470019783634e-01 1.000000000000000000e+00
2.731012652906758209e+00 4.402459772595301857e+00 4.327958432774492437e-01 1.000000000000000000e+00
2.745311148471714979e+00 4.421708808600988583e+00 4.315261025948535223e-01 1.000000000000000000e+00
2.759609644036671749e+00 4.440900253972375644e+00 4.302507414919539697e-01 1.000000000000000000e+00
2.773908139601628520e+00 4.460033858750100499e+00 4.289697765797165774e-01 1.000000000000000000e+00
2.788206635166585290e+00 4.479109373728147325e+00 4.276832245420946199e-01 1.000000000000000000e+00
2.802505130731542060e+00 4.498126550457092421e+00 4.263911021358100517e-01 1.000000000000000000e+00
2.816803626296499274e+00 4.517085141247338953e+00 4.250934261901374023e-01 1.000000000000000000e+00
2.831102121861456045e+00 4.535984899172344598e+00 4.237902136066826198e-01 1.000000000000000000e+00
2.845400617426412815e+00 4.554825578071834968e+00 4.224814813591641349e-01 1.000000000000000000e+00
2.859699112991369585e+00 4.573606932555016158e+00 4.211672464931906501e-01 1.000000000000000000e+00
2.873997608556326355e+00 4.592328718003758858e+00 4.198475261260409264e-01 1.000000000000000000e+00
2.888296104121283570e+00 4.610990690575802020e+00 4.185223374464384638e-01 1.000000000000000000e+00
2.902594599686240340e+00 4.629592607207907662e+00 4.171916977143302896e-01 1.000000000000000000e+00
2.916893095251197110e+00 4.648134225619043214e+00 4.158556242606594733e-01 1.000000000000000000e+00
2.931191590816153880e+00 4.666615304313534551e+00 4.145141344871414169e-01 1.000000000000000000e+00
2.945490086381110650e+00 4.685035602584202152e+00 4.131672458660365366e-01 1.000000000000000000e+00
2.959788581946067421e+00 4.703394880515505250e+00 4.118149759399222787e-01 1.000000000000000000e+00
2.974087077511024635e+00 4.721692898986662890e+00 4.104573423214652461e-01 1.000000000000000000e+00
2.988385573075981405e+00 4.739929419674770550e+00 4.090943626931914379e-01 1.000000000000000000e+00
3.002684068640938175e+00 4.758104205057901659e+00 4.077260548072563218e-01 1.000000000000000000e+00
3.016982564205894946e+00 4.776217018418202009e+00 4.063524364852129644e-01 1.000000000000000000e+00
3.031281059770851716e+00 4.794267623844974402e+00 4.049735256177804943e-01 1.000000000000000000e+00
3.045579555335808486e+00 4.812255786237750854e+00 4.035893401646111212e-01 1.000000000000000000e+00
3.059878050900765700e+00 4.830181271309349711e+00 4.021998981540556573e-01 1.000000000000000000e+00
3.074176546465722470e+00 4.848043845588936307e+00 4.008052176829292046e-01 1.000000000000000000e+00
3.088475042030679241e+00 4.865843276425055208e+00 3.994053169162752881e-01 1.000000000000000000e+00
3.102773537595636011e+00 4.883579331988666894e+00 3.980002140871293781e-01 1.000000000000000000e+00
3.117072033160592781e+00 4.901251781276164010e+00 3.965899274962810805e-01 1.000000000000000000e+00
3.131370528725549551e+00 4.918860394112376078e+00 3.951744755120362718e-01 1.000000000000000000e+00
3.145669024290506766e+00 4.936404941153577752e+00 3.937538765699773458e-01 1.000000000000000000e+00
3.159967519855463536e+00 4.953885193890466887e+00 3.923281491727235171e-01 1.000000000000000000e+00
3.174266015420420306e+00 4.971300924651143482e+00 3.908973118896896248e-01 1.000000000000000000e+00
3.188564510985377076e+00 4.988651906604075315e+00 3.894613833568443262e-01 1.000000000000000000e+00
3.202863006550333846e+00 5.005937913761054681e+00 3.880203822764675126e-01 1.000000000000000000e+00
3.217161502115291061e+00 5.023158720980137382e+00 3.865743274169058386e-01 1.000000000000000000e+00
3.231459997680247831e+00 5.040314103968576376e+00 3.851232376123301937e-01 1.000000000000000000e+00
3.245758493245204601e+00 5.057403839285743885e+00 3.836671317624883448e-01 1.000000000000000000e+00
3.260056988810161371e+00 5.074427704346044621e+00 3.822060288324600763e-01 1.000000000000000000e+00
3.274355484375118142e+00 5.091385477421809469e+00 3.807399478524090553e-01 1.000000000000000000e+00
3.288653979940074912e+00 5.108276937646183846e+00 3.792689079173368616e-01 1.000000000000000000e+00
3.302952475505032126e+00 5.125101865016010727e+00 3.777929281868316336e-01 1.000000000000000000e+00
3.317250971069988896e+00 5.141860040394687026e+00 3.763120278848214872e-01 1.000000000000000000e+00
3.331549466634945666e+00 5.158551245515025307e+00 3.748262262993211635e-01 1.000000000000000000e+00
3.345847962199902437e+00 5.175175262982091517e+00 3.733355427821833383e-01 1.000000000000000000e+00
3.360146457764859207e+00 5.191731876276040936e+00 3.718399967488450475e-01 1.000000000000000000e+00
3.374444953329815977e+00 5.208220869754934590e+00 3.703396076780753332e-01 1.000000000000000000e+00
3.388743448894773191e+00 5.224642028657547677e+00 3.688343951117214470e-01 1.000000000000000000e+00
3.403041944459729962e+00 5.240995139106169987e+00 3.673243786544543865e-01 1.000000000000000000e+00
3.417340440024686732e+00 5.257279988109390345e+00 3.658095779735136555e-01 1.000000000000000000e+00
3.431638935589643502e+00 5.273496363564867728e+00 3.642900127984506353e-01 1.000000000000000000e+00
3.445937431154600272e+00 5.289644054262097050e+00 3.627657029208724015e-01 1.000000000000000000e+00
3.460235926719557487e+00 5.305722849885163406e+00 3.612366681941830415e-01 1.000000000000000000e+00
3.474534422284514257e+00 5.321732541015467888e+00 3.597029285333258608e-01 1.000000000000000000e+00
3.488832917849471027e+00 5.337672919134475613e+00 3.581645039145235909e-01 1.000000000000000000e+00
3.503131413414427797e+00 5.353543776626410455e+00 3.566214143750182641e-01 1.000000000000000000e+00
3.517429908979384567e+00 5.369344906780976423e+00 3.550736800128102000e-01 1.000000000000000000e+00
3.531728404544341338e+00 5.385076103796037295e+00 3.535213209863963812e-01 1.000000000000000000e+00
3.546026900109298552e+00 5.400737162780308687e+00 3.519643575145079417e-01 1.000000000000000000e+00
3.560325395674255322e+00 5.416327879756011043e+00 3.504028098758464327e-01 1.000000000000000000e+00
3.574623891239212092e+00 5.431848051661543941e+00 3.488366984088202560e-01 1.000000000000000000e+00
3.588922386804168863e+00 5.447297476354120427e+00 3.472660435112792099e-01 1.000000000000000000e+00
3.603220882369125633e+00 5.462675952612400465e+00 3.456908656402493674e-01 1.000000000000000000e+00
3.617519377934082403e+00 5.477983280139113731e+00 3.441111853116664010e-01 1.000000000000000000e+00
3.631817873499039617e+00 5.493219259563669077e+00 3.425270231001074639e-01 1.000000000000000000e+00
3.646116369063996387e+00 5.508383692444749791e+00 3.409383996385255133e-01 1.000000000000000000e+00
3.660414864628953158e+00 5.523476381272898195e+00 3.393453356179781388e-01 1.000000000000000000e+00
3.674713360193909928e+00 5.538497129473087810e+00 3.377478517873596098e-01 1.000000000000000000e+00
3.689011855758866698e+00 5.553445741407285752e+00 3.361459689531290929e-01 1.000000000000000000e+00
3.703310351323823912e+00 5.568322022376998248e+00 3.345397079790424222e-01 1.000000000000000000e+00
3.717608846888780683e+00 5.583125778625808167e+00 3.329290897858766529e-01 1.000000000000000000e+00
3.731907342453737453e+00 5.597856817341899216e+00 3.313141353511612763e-01 1.000000000000000000e+00
3.746205838018694223e+00 5.612514946660561499e+00 3.296948657089017187e-01 1.000000000000000000e+00
3.760504333583650993e+00 5.627099975666701503e+00 3.280713019493083915e-01 1.000000000000000000e+00
3.774802829148607763e+00 5.641611714397316568e+00 3.264434652185191910e-01 1.000000000000000000e+00
3.789101324713564978e+00 5.656049973843980005e+00 3.248113767183261058e-01 1.000000000000000000e+00
3.803399820278521748e+00 5.670414565955289810e+00 3.231750577058983276e-01 1.000000000000000000e+00
3.817698315843478518e+00 5.684705303639335128e+00 3.215345294935053611e-01 1.000000000000000000e+00
3.831996811408435288e+00 5.698922000766115659e+00 3.198898134482395239e-01 1.000000000000000000e+00
3.846295306973392059e+00 5.713064472169978814e+00 3.182409309917376694e-01 1.000000000000000000e+00
3.860593802538348829e+00 5.727132533652024016e+00 3.165879035999020763e-01 1.000000000000000000e+00
3.874892298103306043e+00 5.741126001982505223e+00 3.149307528026209502e-01 1.000000000000000000e+00
3.889190793668262813e+00 5.755044694903214797e+00 3.132695001834877591e-01 1.000000000000000000e+00
3.903489289233219584e+00 5.768888431129861161e+00 3.116041673795202915e-01 1.000000000000000000e+00
3.917787784798176354e+00 5.782657030354426020e+00 3.099347760808787711e-01 1.000000000000000000e+00
3.932086280363133124e+00 5.796350313247514485e+00 3.082613480305833042e-01 1.000000000000000000e+00
3.946384775928090338e+00 5.809968101460690981e+00 3.065839050242309405e-01 1.000000000000000000e+00
3.960683271493047108e+00 5.823510217628804497e+00 3.049024689097113439e-01 1.000000000000000000e+00
3.974981767058003879e+00 5.836976485372292522e+00 3.032170615869226316e-01 1.000000000000000000e+00
3.989280262622960649e+00 5.850366729299482316e+00 3.015277050074861021e-01 1.000000000000000000e+00
4.003578758187917863e+00 5.863680775008875301e+00 2.998344211744600196e-01 1.000000000000000000e+00
4.017877253752874189e+00 5.876918449091417251e+00 2.981372321420533433e-01 1.000000000000000000e+00
4.032175749317831404e+00 5.890079579132764920e+00 2.964361600153383458e-01 1.000000000000000000e+00
4.046474244882787730e+00 5.903163993715511815e+00 2.947312269499627879e-01 1.000000000000000000e+00
4.060772740447744944e+00 5.916171522421442397e+00 2.930224551518616494e-01 1.000000000000000000e+00
4.075071236012702158e+00 5.929101995833741867e+00 2.913098668769663058e-01 1.000000000000000000e+00
4.089369731577658484e+00 5.941955245539197961e+00 2.895934844309177580e-01 1.000000000000000000e+00
4.103668227142615699e+00 5.954731104130408070e+00 2.878733301687725343e-01 1.000000000000000000e+00
4.117966722707572025e+00 5.967429405207947291e+00 2.861494264947146982e-01 1.000000000000000000e+00
4.132265218272529239e+00 5.980049983382540901e+00 2.844217958617613062e-01 1.000000000000000000e+00
4.146563713837485565e+00 5.992592674277215536e+00 2.826904607714725293e-01 1.000000000000000000e+00
4.160862209402442780e+00 6.005057314529446799e+00 2.809554437736559440e-01 1.000000000000000000e+00
4.175160704967399994e+00 6.017443741793277567e+00 2.792167674660757104e-01 1.000000000000000000e+00
4.189459200532356320e+00 6.029751794741442517e+00 2.774744544941551982e-01 1.000000000000000000e+00
4.203757696097313534e+00 6.041981313067458004e+00 2.757285275506851652e-01 1.000000000000000000e+00
4.218056191662269860e+00 6.054132137487721721e+00 2.739790093755251621e-01 1.000000000000000000e+00
4.232354687227227075e+00 6.066204109743578599e+00 2.722259227553096572e-01 1.000000000000000000e+00
4.246653182792184289e+00 6.078197072603384932e+00 2.704692905231500522e-01 1.000000000000000000e+00
4.260951678357140615e+00 6.090110869864560073e+00 2.687091355583383079e-01 1.000000000000000000e+00
4.275250173922097829e+00 6.101945346355612365e+00 2.669454807860470180e-01 1.000000000000000000e+00
4.289548669487054156e+00 6.113700347938166857e+00 2.651783491770335899e-01 1.000000000000000000e+00
4.303847165052011370e+00 6.125375721508976135e+00 2.634077637473382083e-01 1.000000000000000000e+00
4.318145660616968584e+00 6.136971315001900074e+00 2.616337475579862959e-01 1.000000000000000000e+00
4.332444156181924910e+00 6.148486977389903352e+00 2.598563237146868099e-01 1.000000000000000000e+00
4.346742651746882125e+00 6.159922558687010330e+00 2.580755153675321489e-01 1.000000000000000000e+00
4.361041147311838451e+00 6.171277909950267038e+00 2.562913457106958948e-01 1.000000000000000000e+00
4.375339642876795665e+00 6.182552883281673850e+00 2.545038379821312757e-01 1.000000000000000000e+00
4.389638138441751991e+00 6.193747331830115499e+00 2.527130154632684089e-01 1.000000000000000000e+00
4.403936634006709205e+00 6.204861109793276874e+00 2.509189014787101546e-01 1.000000000000000000e+00
4.418235129571666420e+00 6.215894072419533067e+00 2.491215193959305518e-01 1.000000000000000000e+00
4.432533625136622746e+00 6.226846076009845632e+00 2.473208926249679251e-01 1.000000000000000000e+00
4.446832120701579960e+00 6.237716977919625094e+00 2.455170446181215438e-01 1.000000000000000000e+00
4.461130616266536286e+00 6.248506636560592575e+00 2.437099988696455610e-01 1.000000000000000000e+00
4.475429111831493501e+00 6.259214911402624537e+00 2.418997789154435363e-01 1.000000000000000000e+00
4.489727607396450715e+00 6.269841662975585095e+00 2.400864083327605980e-01 1.000000000000000000e+00
4.504026102961407041e+00 6.280386752871132572e+00 2.382699107398788263e-01 1.000000000000000000e+00
4.518324598526364255e+00 6.290850043744535824e+00 2.364503097958063349e-01 1.000000000000000000e+00
4.532623094091320581e+00 6.301231399316457704e+00 2.346276291999727370e-01 1.000000000000000000e+00
4.546921589656277796e+00 6.311530684374722533e+00 2.328018926919167286e-01 1.000000000000000000e+00
4.561220085221235010e+00 6.321747764776088907e+00 2.309731240509804995e-01 1.000000000000000000e+00
4.575518580786191336e+00 6.331882507447988750e+00 2.291413470959973442e-01 1.000000000000000000e+00
4.589817076351148550e+00 6.341934780390266368e+00 2.273065856849828537e-01 1.000000000000000000e+00
4.604115571916104876e+00 6.351904452676890855e+00 2.254688637148228036e-01 1.000000000000000000e+00
4.618414067481062091e+00 6.361791394457667614e+00 2.236282051209644850e-01 1.000000000000000000e+00
4.632712563046018417e+00 6.371595476959928561e+00 2.217846338771016224e-01 1.000000000000000000e+00
4.647011058610975631e+00 6.381316572490206340e+00 2.199381739948648440e-01 1.000000000000000000e+00
4.661309554175932846e+00 6.390954554435896995e+00 2.180888495235073221e-01 1.000000000000000000e+00
4.675608049740889172e+00 6.400509297266913755e+00 2.162366845495930778e-01 1.000000000000000000e+00
4.689906545305846386e+00 6.409980676537319511e+00 2.143817031966807618e-01 1.000000000000000000e+00
4.704205040870802712e+00 6.419368568886944182e+00 2.125239296250127918e-01 1.000000000000000000e+00
4.718503536435759926e+00 6.428672852042999430e+00 2.106633880311972740e-01 1.000000000000000000e+00
4.732802032000717141e+00 6.437893404821664944e+00 2.088001026478955025e-01 1.000000000000000000e+00
4.747100527565673467e+00 6.447030107129664955e+00 2.069340977435049078e-01 1.000000000000000000e+00
4.761399023130630681e+00 6.456082839965840314e+00 2.050653976218435592e-01 1.000000000000000000e+00
4.775697518695587007e+00 6.465051485422692146e+00 2.031940266218332791e-01 1.000000000000000000e+00
4.789996014260544221e+00 6.473935926687919284e+00 2.013200091171828965e-01 1.000000000000000000e+00
4.804294509825501436e+00 6.482736048045940613e+00 1.994433695160706677e-01 1.000000000000000000e+00
4.818593005390457762e+00 6.491451734879396973e+00 1.975641322608263917e-01 1.000000000000000000e+00
4.832891500955414976e+00 6.500082873670657513e+00 1.956823218276130538e-01 1.000000000000000000e+00
4.847189996520371302e+00 6.508629352003278079e+00 1.937979627261080529e-01 1.000000000000000000e+00
4.861488492085328517e+00 6.517091058563485362e+00 1.919110794991840119e-01 1.000000000000000000e+00
4.875786987650284843e+00 6.525467883141612191e+00 1.900216967225890341e-01 1.000000000000000000e+00
4.890085483215242057e+00 6.533759716633540826e+00 1.881298390046268754e-01 1.000000000000000000e+00
4.904383978780199271e+00 6.541966451042122266e+00 1.862355309858353125e-01 1.000000000000000000e+00
4.918682474345155597e+00 6.550087979478577793e+00 1.843387973386677037e-01 1.000000000000000000e+00
4.932980969910112812e+00 6.558124196163903186e+00 1.824396627671682758e-01 1.000000000000000000e+00
4.947279465475069138e+00 6.566074996430229405e+00 1.805381520066539069e-01 1.000000000000000000e+00
4.961577961040026352e+00 6.573940276722204601e+00 1.786342898233883592e-01 1.000000000000000000e+00
4.975876456604983566e+00 6.581719934598327271e+00 1.767281010142632836e-01 1.000000000000000000e+00
4.990174952169939893e+00 6.589413868732288293e+00 1.748196104064723977e-01 1.000000000000000000e+00
5.004473447734897107e+00 6.597021978914290763e+00 1.729088428571898262e-01 1.000000000000000000e+00
5.018771943299853433e+00 6.604544166052352061e+00 1.709958232532448608e-01 1.000000000000000000e+00
5.033070438864810647e+00 6.611980332173595265e+00 1.690805765108002456e-01 1.000000000000000000e+00
5.047368934429767862e+00 6.619330380425528126e+00 1.671631275750243562e-01 1.000000000000000000e+00
5.061667429994724188e+00 6.626594215077299843e+00 1.652435014197699559e-01 1.000000000000000000e+00
5.075965925559681402e+00 6.633771741520953391e+00 1.633217230472450709e-01 1.000000000000000000e+00
5.090264421124637728e+00 6.640862866272650322e+00 1.613978174876912752e-01 1.000000000000000000e+00
5.104562916689594942e+00 6.647867496973898227e+00 1.594718097990538708e-01 1.000000000000000000e+00
5.118861412254551269e+00 6.654785542392741782e+00 1.575437250666592293e-01 1.000000000000000000e+00
5.133159907819508483e+00 6.661616912424964454e+00 1.556135884028845562e-01 1.000000000000000000e+00
5.147458403384465697e+00 6.668361518095248464e+00 1.536814249468334836e-01 1.000000000000000000e+00
5.161756898949422023e+00 6.675019271558345402e+00 1.517472598640073611e-01 1.000000000000000000e+00
5.176055394514379238e+00 6.681590086100211323e+00 1.498111183459777396e-01 1.000000000000000000e+00
5.190353890079335564e+00 6.688073876139142726e+00 1.478730256100583285e-01 1.000000000000000000e+00
5.204652385644292778e+00 6.694470557226885887e+00 1.459330068989765361e-01 1.000000000000000000e+00
5.218950881209249992e+00 6.700780046049742644e+00 1.439910874805445662e-01 1.000000000000000000e+00
5.233249376774206318e+00 6.707002260429649532e+00 1.420472926473305697e-01 1.000000000000000000e+00
5.247547872339163533e+00 6.713137119325251589e+00 1.401016477163290197e-01 1.000000000000000000e+00
5.261846367904119859e+00 6.719184542832955742e+00 1.381541780286309196e-01 1.000000000000000000e+00
5.276144863469077073e+00 6.725144452187977073e+00 1.362049089490939835e-01 1.000000000000000000e+00
5.290443359034034287e+00 6.731016769765354013e+00 1.342538658660121231e-01 1.000000000000000000e+00
5.304741854598990614e+00 6.736801419080975073e+00 1.323010741907847398e-01 1.000000000000000000e+00
5.319040350163947828e+00 6.742498324792554065e+00 1.303465593575858505e-01 1.000000000000000000e+00
5.333338845728904154e+00 6.748107412700633745e+00 1.283903468230329914e-01 1.000000000000000000e+00
5.347637341293861368e+00 6.753628609749534384e+00 1.264324620658545117e-01 1.000000000000000000e+00
5.361935836858817694e+00 6.759061844028316557e+00 1.244729305865603375e-01 1.000000000000000000e+00
5.376234332423774909e+00 6.764407044771712840e+00 1.225117779071061702e-01 1.000000000000000000e+00
5.390532827988732123e+00 6.769664142361047077e+00 1.205490295705648474e-01 1.000000000000000000e+00
5.404831323553688449e+00 6.774833068325150975e+00 1.185847111407908605e-01 1.000000000000000000e+00
5.419129819118645663e+00 6.779913755341243409e+00 1.166188482020888845e-01 1.000000000000000000e+00
5.433428314683601990e+00 6.784906137235815038e+00 1.146514663588791283e-01 1.000000000000000000e+00
5.447726810248559204e+00 6.789810148985489846e+00 1.126825912353665027e-01 1.000000000000000000e+00
5.462025305813516418e+00 6.794625726717868019e+00 1.107122484752032371e-01 1.000000000000000000e+00
5.476323801378472744e+00 6.799352807712362612e+00 1.087404637411587688e-01 1.000000000000000000e+00
5.490622296943429959e+00 6.803991330401014004e+00 1.067672627147815689e-01 1.000000000000000000e+00
5.504920792508386285e+00 6.808541234369288375e+00 1.047926710960686431e-01 1.000000000000000000e+00
5.519219288073343499e+00 6.813002460356874401e+00 1.028167146031268298e-01 1.000000000000000000e+00
5.533517783638300713e+00 6.817374950258441757e+00 1.008394189718417044e-01 1.000000000000000000e+00
5.547816279203257039e+00 6.821658647124412944e+00 9.886080995553882256e-02 1.000000000000000000e+00
5.562114774768214254e+00 6.825853495161689821e+00 9.688091332465090244e-02 1.000000000000000000e+00
5.576413270333170580e+00 6.829959439734391680e+00 9.489975486638095592e-02 1.000000000000000000e+00
5.590711765898127794e+00 6.833976427364562234e+00 9.291736038436675116e-02 1.000000000000000000e+00
5.605010261463084120e+00 6.837904405732865065e+00 9.093375569834462324e-02 1.000000000000000000e+00
5.619308757028041335e+00 6.841743323679271072e+00 8.894896664381325702e-02 1.000000000000000000e+00
5.633607252592998549e+00 6.845493131203713055e+00 8.696301907169691481e-02 1.000000000000000000e+00
5.647905748157954875e+00 6.849153779466749192e+00 8.497593884800994091e-02 1.000000000000000000e+00
5.662204243722912089e+00 6.852725220790193639e+00 8.298775185351751904e-02 1.000000000000000000e+00
5.676502739287868415e+00 6.856207408657740032e+00 8.099848398340092626e-02 1.000000000000000000e+00
5.690801234852825630e+00 6.859600297715561901e+00 7.900816114691910919e-02 1.000000000000000000e+00
5.705099730417782844e+00 6.862903843772905077e+00 7.701680926707141217e-02 1.000000000000000000e+00
5.719398225982739170e+00 6.866118003802674785e+00 7.502445428025998619e-02 1.000000000000000000e+00
5.733696721547696384e+00 6.869242735941972988e+00 7.303112213595197577e-02 1.000000000000000000e+00
5.747995217112652711e+00 6.872277999492667711e+00 7.103683879634177523e-02 1.000000000000000000e+00
5.762293712677609925e+00 6.875223754921908181e+00 6.904163023601167515e-02 1.000000000000000000e+00
5.776592208242567139e+00 6.878079963862644419e+00 6.704552244159596441e-02 1.000000000000000000e+00
5.790890703807523465e+00 6.880846589114124612e+00 6.504854141144006396e-02 1.000000000000000000e+00
5.805189199372480680e+00 6.883523594642385390e+00 6.305071315526310227e-02 1.000000000000000000e+00
5.819487694937437006e+00 6.886110945580712794e+00 6.105206369381892956e-02 1.000000000000000000e+00
5.833786190502394220e+00 6.888608608230105013e+00 5.905261905855745119e-02 1.000000000000000000e+00
5.848084686067350546e+00 6.891016550059703150e+00 5.705240529128433047e-02 1.000000000000000000e+00
5.862383181632307760e+00 6.893334739707221992e+00 5.505144844382454244e-02 1.000000000000000000e+00
5.876681677197264975e+00 6.895563146979355906e+00 5.304977457767934279e-02 1.000000000000000000e+00
5.890980172762221301e+00 6.897701742852166973e+00 5.104740976369079308e-02 1.000000000000000000e+00
5.905278668327178515e+00 6.899750499471474008e+00 4.904438008169824392e-02 1.000000000000000000e+00
5.919577163892134841e+00 6.901709390153202506e+00 4.704071162020260349e-02 1.000000000000000000e+00
5.933875659457092056e+00 6.903578389383744351e+00 4.503643047602259170e-02 1.000000000000000000e+00
5.948174155022049270e+00 6.905357472820280229e+00 4.303156275395883523e-02 1.000000000000000000e+00
5.962472650587005596e+00 6.907046617291104695e+00 4.102613456645008011e-02 1.000000000000000000e+00
5.976771146151962810e+00 6.908645800795919278e+00 3.902017203323589201e-02 1.000000000000000000e+00
5.991069641716919136e+00 6.910155002506128241e+00 3.701370128101517248e-02 1.000000000000000000e+00
6.005368137281876351e+00 6.911574202765103259e+00 3.500674844310611850e-02 1.000000000000000000e+00
6.019666632846833565e+00 6.912903383088443654e+00 3.299933965910564759e-02 1.000000000000000000e+00
6.033965128411789891e+00 6.914142526164211766e+00 3.099150107455010336e-02 1.000000000000000000e+00
6.048263623976747105e+00 6.915291615853166540e+00 2.898325884057208202e-02 1.000000000000000000e+00
6.062562119541703431e+00 6.916350637188964257e+00 2.697463911356346930e-02 1.000000000000000000e+00
6.076860615106660646e+00 6.917319576378361035e+00 2.496566805483110829e-02 1.000000000000000000e+00
6.091159110671616972e+00 6.918198420801388693e+00 2.295637183025873648e-02 1.000000000000000000e+00
6.105457606236574186e+00 6.918987159011521726e+00 2.094677660996499546e-02 1.000000000000000000e+00
6.119756101801531400e+00 6.919685780735822966e+00 1.893690856796278674e-02 1.000000000000000000e+00
6.134054597366487727e+00 6.920294276875081252e+00 1.692679388181838468e-02 1.000000000000000000e+00
6.148353092931444941e+00 6.920812639503924224e+00 1.491645873231049226e-02 1.000000000000000000e+00
6.162651588496401267e+00 6.921240861870927574e+00 1.290592930308948581e-02 1.000000000000000000e+00
6.176950084061358481e+00 6.921578938398703862e+00 1.089523178033515241e-02 1.000000000000000000e+00
6.191248579626315696e+00 6.921826864683965574e+00 8.884392352418099548e-03 1.000000000000000000e+00
6.205547075191272022e+00 6.921984637497590853e+00 6.873437209556190579e-03 1.000000000000000000e+00
6.219845570756229236e+00 6.922052254784668790e+00 4.862392543474673354e-03 1.000000000000000000e+00
6.234144066321185562e+00 6.922029715664512750e+00 2.851284547064788805e-03 1.000000000000000000e+00
6.248442561886142776e+00 6.921917020430685241e+00 8.401394140428725251e-04 1.000000000000000000e+00
6.262741057451099103e+00 6.921714170550989031e+00 -1.171016661392042246e-03 1.000000000000000000e+00
6.277039553016056317e+00 6.921421168667443169e+00 -3.182157484896671121e-03 1.000000000000000000e+00
6.291338048581013531e+00 6.921038018596259889e+00 -5.193256862328358286e-03 1.000000000000000000e+00
6.305636544145969857e+00 6.920564725327783329e+00 -7.204288600082282140e-03 1.000000000000000000e+00
6.319935039710927072e+00 6.920001295026431798e+00 -9.215226505436576246e-03 1.000000000000000000e+00
6.334233535275883398e+00 6.919347735030612512e+00 -1.122604438688951968e-02 1.000000000000000000e+00
6.348532030840840612e+00 6.918604053852632774e+00 -1.323671605450461863e-02 1.000000000000000000e+00
6.362830526405797826e+00 6.917770261178583624e+00 -1.524721532024776727e-02 1.000000000000000000e+00
6.377129021970754152e+00 6.916846367868211054e+00 -1.725751599833229288e-02 1.000000000000000000e+00
6.391427517535711367e+00 6.915832385954784556e+00 -1.926759190555605086e-02 1.000000000000000000e+00
6.405726013100667693e+00 6.914728328644930144e+00 -2.127741686164615412e-02 1.000000000000000000e+00
6.420024508665624907e+00 6.913534210318465156e+00 -2.328696468959726498e-02 1.000000000000000000e+00
6.434323004230582121e+00 6.912250046528206404e+00 -2.529620921601397412e-02 1.000000000000000000e+00
6.448621499795538448e+00 6.910875853999772112e+00 -2.730512427145025817e-02 1.000000000000000000e+00
6.462919995360495662e+00 6.909411650631359869e+00 -2.931368369075302086e-02 1.000000000000000000e+00
6.477218490925451988e+00 6.907857455493514820e+00 -3.132186131339918106e-02 1.000000000000000000e+00
6.491516986490409202e+00 6.906213288828883634e+00 -3.332963098384009171e-02 1.000000000000000000e+00
6.505815482055365528e+00 6.904479172051946279e+00 -3.533696655183952290e-02 1.000000000000000000e+00
6.520113977620322743e+00 6.902655127748742458e+00 -3.734384187281544060e-02 1.000000000000000000e+00
6.534412473185279957e+00 6.900741179676572301e+00 -3.935023080818034202e-02 1.000000000000000000e+00
6.548710968750236283e+00 6.898737352763691710e+00 -4.135610722568162922e-02 1.000000000000000000e+00
6.563009464315193497e+00 6.896643673108982853e+00 -4.336144499974201039e-02 1.000000000000000000e+00
6.577307959880149824e+00 6.894460167981619314e+00 -4.536621801179954033e-02 1.000000000000000000e+00
6.591606455445107038e+00 6.892186865820708164e+00 -4.737040015064899329e-02 1.000000000000000000e+00
6.605904951010064252e+00 6.889823796234915143e+00 -4.937396531277951639e-02 1.000000000000000000e+00
6.620203446575020578e+00 6.887370990002087190e+00 -5.137688740271705023e-02 1.000000000000000000e+00
6.634501942139977793e+00 6.884828479068851870e+00 -5.337914033336302322e-02 1.000000000000000000e+00
6.648800437704934119e+00 6.882196296550190162e+00 -5.538069802633430877e-02 1.000000000000000000e+00
6.663098933269891333e+00 6.879474476729016352e+00 -5.738153441230269686e-02 1.000000000000000000e+00
6.677397428834848547e+00 6.876663055055727725e+00 -5.938162343133564225e-02 1.000000000000000000e+00
6.691695924399804873e+00 6.873762068147740045e+00 -6.138093903323294659e-02 1.000000000000000000e+00
6.705994419964762088e+00 6.870771553789016828e+00 -6.337945517786978955e-02 1.000000000000000000e+00
6.720292915529718414e+00 6.867691550929571065e+00 -6.537714583553191905e-02 1.000000000000000000e+00
6.734591411094675628e+00 6.864522099684959855e+00 -6.737398498725863383e-02 1.000000000000000000e+00
6.748889906659631954e+00 6.861263241335765706e+00 -6.936994662517771693e-02 1.000000000000000000e+00
6.763188402224589169e+00 6.857915018327053858e+00 -7.136500475284808520e-02 1.000000000000000000e+00
6.777486897789546383e+00 6.854477474267820725e+00 -7.335913338559452157e-02 1.000000000000000000e+00
6.791785393354502709e+00 6.850950653930428125e+00 -7.535230655084997065e-02 1.000000000000000000e+00
6.806083888919459923e+00 6.847334603250017082e+00 -7.734449828848992403e-02 1.000000000000000000e+00
6.820382384484416249e+00 6.843629369323911860e+00 -7.933568265117424412e-02 1.000000000000000000e+00
6.834680880049373464e+00 6.839835000411003563e+00 -8.132583370468232653e-02 1.000000000000000000e+00
6.848979375614330678e+00 6.835951545931128415e+00 -8.331492552825245368e-02 1.000000000000000000e+00
6.863277871179287004e+00 6.831979056464414946e+00 -8.530293221491790090e-02 1.000000000000000000e+00
6.877576366744244218e+00 6.827917583750632069e+00 -8.728982787184702552e-02 1.000000000000000000e+00
6.891874862309200545e+00 6.823767180688512290e+00 -8.927558662067683337e-02 1.000000000000000000e+00
6.906173357874157759e+00 6.819527901335059816e+00 -9.126018259785377562e-02 1.000000000000000000e+00
6.920471853439114973e+00 6.815199800904855998e+00 -9.324358995496781488e-02 1.000000000000000000e+00
6.934770349004071299e+00 6.810782935769330138e+00 -9.522578285909041873e-02 1.000000000000000000e+00
6.949068844569028514e+00 6.806277363456029406e+00 -9.720673549311067974e-02 1.000000000000000000e+00
6.963367340133984840e+00 6.801683142647869218e+00 -9.918642205607160200e-02 1.000000000000000000e+00
6.977665835698942054e+00 6.797000333182373843e+00 -1.011648167635062212e-01 1.000000000000000000e+00
6.991964331263898380e+00 6.792228996050884149e+00 -1.031418938477730723e-01 1.000000000000000000e+00
7.006262826828855594e+00 6.787369193397776002e+00 -1.051176275583930730e-01 1.000000000000000000e+00
7.020561322393812809e+00 6.782420988519646698e+00 -1.070919921623825211e-01 1.000000000000000000e+00
7.034859817958769135e+00 6.777384445864488960e+00 -1.090649619445905882e-01 1.000000000000000000e+00
7.049158313523726349e+00 6.772259631030852489e+00 -1.110365112080331368e-01 1.000000000000000000e+00
7.063456809088682675e+00 6.767046610766991321e+00 -1.130066142742275764e-01 1.000000000000000000e+00
7.077755304653639890e+00 6.761745452969988079e+00 -1.149752454835271109e-01 1.000000000000000000e+00
7.092053800218597104e+00 6.756356226684882671e+00 -1.169423791954561087e-01 1.000000000000000000e+00
7.106352295783553430e+00 6.750879002103756577e+00 -1.189079897890414905e-01 1.000000000000000000e+00
7.120650791348510644e+00 6.745313850564830460e+00 -1.208720516631499459e-01 1.000000000000000000e+00
7.134949286913466970e+00 6.739660844551532470e+00 -1.228345392368175998e-01 1.000000000000000000e+00
7.149247782478424185e+00 6.733920057691551442e+00 -1.247954269495869239e-01 1.000000000000000000e+00
7.163546278043381399e+00 6.728091564755878551e+00 -1.267546892618362786e-01 1.000000000000000000e+00
7.177844773608337725e+00 6.722175441657839201e+00 -1.287123006551148807e-01 1.000000000000000000e+00
7.192143269173294939e+00 6.716171765452092934e+00 -1.306682356324740391e-01 1.000000000000000000e+00
7.206441764738251265e+00 6.710080614333641336e+00 -1.326224687188004014e-01 1.000000000000000000e+00
7.220740260303208480e+00 6.703902067636803963e+00 -1.345749744611453858e-01 1.000000000000000000e+00
7.235038755868164806e+00 6.697636205834184508e+00 -1.365257274290598011e-01 1.000000000000000000e+00
7.249337251433122020e+00 6.691283110535622747e+00 -1.384747022149225848e-01 1.000000000000000000e+00
7.263635746998079235e+00 6.684842864487137604e+00 -1.404218734342731478e-01 1.000000000000000000e+00
7.277934242563035561e+00 6.678315551569841801e+00 -1.423672157261405002e-01 1.000000000000000000e+00
7.292232738127992775e+00 6.671701256798849400e+00 -1.443107037533762627e-01 1.000000000000000000e+00
7.306531233692949101e+00 6.665000066322177119e+00 -1.462523122029809886e-01 1.000000000000000000e+00
7.320829729257906315e+00 6.658212067419610136e+00 -1.481920157864375087e-01 1.000000000000000000e+00
7.335128224822863530e+00 6.651337348501579427e+00 -1.501297892400377532e-01 1.000000000000000000e+00
7.349426720387819856e+00 6.644375999107993813e+00 -1.520656073252128204e-01 1.000000000000000000e+00
7.363725215952777070e+00 6.637328109907091545e+00 -1.539994448288615481e-01 1.000000000000000000e+00
7.378023711517733396e+00 6.630193772694242149e+00 -1.559312765636789444e-01 1.000000000000000000e+00
7.392322207082690610e+00 6.622973080390764267e+00 -1.578610773684841484e-01 1.000000000000000000e+00
7.406620702647647825e+00 6.615666127042707068e+00 -1.597888221085482230e-01 1.000000000000000000e+00
7.420919198212604151e+00 6.608273007819630784e+00 -1.617144856759214488e-01 1.000000000000000000e+00
7.435217693777561365e+00 6.600793819013362373e+00 -1.636380429897603961e-01 1.000000000000000000e+00
7.449516189342517691e+00 6.593228658036747625e+00 -1.655594689966546351e-01 1.000000000000000000e+00
7.463814684907474906e+00 6.585577623422374849e+00 -1.674787386709528647e-01 1.000000000000000000e+00
7.478113180472431232e+00 6.577840814821295012e+00 -1.693958270150890955e-01 1.000000000000000000e+00
7.492411676037388446e+00 6.570018333001726774e+00 -1.713107090599080562e-01 1.000000000000000000e+00
7.506710171602345660e+00 6.562110279847741090e+00 -1.732233598649904616e-01 1.000000000000000000e+00
7.521008667167301986e+00 6.554116758357932504e+00 -1.751337545189776412e-01 1.000000000000000000e+00
7.535307162732259201e+00 6.546037872644079769e+00 -1.770418681398971683e-01 1.000000000000000000e+00
7.549605658297215527e+00 6.537873727929793155e+00 -1.789476758754842967e-01 1.000000000000000000e+00
7.563904153862172741e+00 6.529624430549135994e+00 -1.808511529035091714e-01 1.000000000000000000e+00
7.578202649427129955e+00 6.521290087945244451e+00 -1.827522744320967396e-01 1.000000000000000000e+00
7.592501144992086282e+00 6.512870808668933087e+00 -1.846510157000521013e-01 1.000000000000000000e+00
7.606799640557043496e+00 6.504366702377269327e+00 -1.865473519771815303e-01 1.000000000000000000e+00
7.621098136121999822e+00 6.495777879832156820e+00 -1.884412585646162708e-01 1.000000000000000000e+00
7.635396631686957036e+00 6.487104452898884155e+00 -1.903327107951313657e-01 1.000000000000000000e+00
7.649695127251914251e+00 6.478346534544673574e+00 -1.922216840334705079e-01 1.000000000000000000e+00
7.663993622816870577e+00 6.469504238837205712e+00 -1.941081536766633420e-01 1.000000000000000000e+00
7.678292118381827791e+00 6.460577680943136336e+00 -1.959920951543493439e-01 1.000000000000000000e+00
7.692590613946784117e+00 6.451566977126601543e+00 -1.978734839290944014e-01 1.000000000000000000e+00
7.706889109511741331e+00 6.442472244747684762e+00 -1.997522954967139164e-01 1.000000000000000000e+00
7.721187605076697658e+00 6.433293602260914845e+00 -2.016285053865883303e-01 1.000000000000000000e+00
7.735486100641654872e+00 6.424031169213699322e+00 -2.035020891619853389e-01 1.000000000000000000e+00
7.749784596206612086e+00 6.414685066244782519e+00 -2.053730224203755284e-01 1.000000000000000000e+00
7.764083091771568412e+00 6.405255415082669046e+00 -2.072412807937515644e-01 1.000000000000000000e+00
7.778381587336525627e+00 6.395742338544041061e+00 -2.091068399489450225e-01 1.000000000000000000e+00
7.792680082901481953e+00 6.386145960532146226e+00 -2.109696755879436336e-01 1.000000000000000000e+00
7.806978578466439167e+00 6.376466406035206091e+00 -2.128297634482075873e-01 1.000000000000000000e+00
7.821277074031396381e+00 6.366703801124768525e+00 -2.146870793029857227e-01 1.000000000000000000e+00
7.835575569596352707e+00 6.356858272954077016e+00 -2.165415989616301384e-01 1.000000000000000000e+00
7.849874065161309922e+00 6.346929949756406231e+00 -2.183932982699133551e-01 1.000000000000000000e+00
7.864172560726266248e+00 6.336918960843402004e+00 -2.202421531103406493e-01 1.000000000000000000e+00
7.878471056291223462e+00 6.326825436603386699e+00 -2.220881394024654121e-01 1.000000000000000000e+00
7.892769551856180676e+00 6.316649508499668109e+00 -2.239312331032024261e-01 1.000000000000000000e+00
7.907068047421137003e+00 6.306391309068823503e+00 -2.257714102071411988e-01 1.000000000000000000e+00
7.921366542986094217e+00 6.296050971918976558e+00 -2.276086467468584340e-01 1.000000000000000000e+00
7.935665038551050543e+00 6.285628631728052085e+00 -2.294429187932302827e-01 1.000000000000000000e+00
7.949963534116007757e+00 6.275124424242029875e+00 -2.312742024557439824e-01 1.000000000000000000e+00
7.964262029680964083e+00 6.264538486273168338e+00 -2.331024738828088583e-01 1.000000000000000000e+00
7.978560525245921298e+00 6.253870955698224599e+00 -2.349277092620680185e-01 1.000000000000000000e+00
7.992859020810878512e+00 6.243121971456664809e+00 -2.367498848207063022e-01 1.000000000000000000e+00
8.007157516375835726e+00 6.232291673548847832e+00 -2.385689768257621413e-01 1.000000000000000000e+00
8.021456011940792052e+00 6.221380203034205358e+00 -2.403849615844355359e-01 1.000000000000000000e+00
8.035754507505748379e+00 6.210387702029400714e+00 -2.421978154443966691e-01 1.000000000000000000e+00
8.050053003070704705e+00 6.199314313706481450e+00 -2.440075147940948541e-01 1.000000000000000000e+00
8.064351498635662807e+00 6.188160182291012390e+00 -2.458140360630648724e-01 1.000000000000000000e+00
8.078649994200619133e+00 6.176925453060205129e+00 -2.476173557222339228e-01 1.000000000000000000e+00
8.092948489765575459e+00 6.165610272341009335e+00 -2.494174502842299301e-01 1.000000000000000000e+00
8.107246985330533562e+00 6.154214787508221818e+00 -2.512142963036854137e-01 1.000000000000000000e+00
8.121545480895489888e+00 6.142739146982564513e+00 -2.530078703775430204e-01 1.000000000000000000e+00
8.135843976460446214e+00 6.131183500228741146e+00 -2.547981491453622516e-01 1.000000000000000000e+00
8.150142472025404317e+00 6.119547997753503665e+00 -2.565851092896216934e-01 1.000000000000000000e+00
8.164440967590360643e+00 6.107832791103690262e+00 -2.583687275360227464e-01 1.000000000000000000e+00
8.178739463155316969e+00 6.096038032864237621e+00 -2.601489806537947147e-01 1.000000000000000000e+00
8.193037958720273295e+00 6.084163876656210945e+00 -2.619258454559952876e-01 1.000000000000000000e+00
8.207336454285231397e+00 6.072210477134792228e+00 -2.636992987998135196e-01 1.000000000000000000e+00
8.221634949850187724e+00 6.060177989987273861e+00 -2.654693175868710897e-01 1.000000000000000000e+00
8.235933445415144050e+00 6.048066571931022040e+00 -2.672358787635230604e-01 1.000000000000000000e+00
8.250231940980102152e+00 6.035876380711442835e+00 -2.689989593211582486e-01 1.000000000000000000e+00
8.264530436545058478e+00 6.023607575099922506e+00 -2.707585362964989306e-01 1.000000000000000000e+00
8.278828932110014804e+00 6.011260314891766932e+00 -2.725145867718997694e-01 1.000000000000000000e+00
8.293127427674971131e+00 5.998834760904111718e+00 -2.742670878756462982e-01 1.000000000000000000e+00
8.307425923239929233e+00 5.986331074973827882e+00 -2.760160167822535149e-01 1.000000000000000000e+00
8.321724418804885559e+00 5.973749419955423967e+00 -2.777613507127615899e-01 1.000000000000000000e+00
8.336022914369841885e+00 5.961089959718919751e+00 -2.795030669350340169e-01 1.000000000000000000e+00
8.350321409934799988e+00 5.948352859147698624e+00 -2.812411427640538752e-01 1.000000000000000000e+00
8.364619905499756314e+00 5.935538284136386622e+00 -2.829755555622172625e-01 1.000000000000000000e+00
8.378918401064712640e+00 5.922646401588669285e+00 -2.847062827396305007e-01 1.000000000000000000e+00
8.393216896629670742e+00 5.909677379415126275e+00 -2.864333017544030136e-01 1.000000000000000000e+00
8.407515392194627069e+00 5.896631386531046459e+00 -2.881565901129413132e-01 1.000000000000000000e+00
8.421813887759583395e+00 5.883508592854220787e+00 -2.898761253702418772e-01 1.000000000000000000e+00
8.436112383324539721e+00 5.870309169302740493e+00 -2.915918851301833037e-01 1.000000000000000000e+00
8.450410878889497823e+00 5.857033287792756227e+00 -2.933038470458192992e-01 1.000000000000000000e+00
8.464709374454454149e+00 5.843681121236250497e+00 -2.950119888196670592e-01 1.000000000000000000e+00
8.479007870019410475e+00 5.830252843538787921e+00 -2.967162882040000893e-01 1.000000000000000000e+00
8.493306365584368578e+00 5.816748629597230824e+00 -2.984167230011378624e-01 1.000000000000000000e+00
8.507604861149324904e+00 5.803168655297486822e+00 -3.001132710637328671e-01 1.000000000000000000e+00
8.521903356714281230e+00 5.789513097512201334e+00 -3.018059102950611527e-01 1.000000000000000000e+00
8.536201852279237556e+00 5.775782134098456311e+00 -3.034946186493098774e-01 1.000000000000000000e+00
8.550500347844195659e+00 5.761975943895455643e+00 -3.051793741318633568e-01 1.000000000000000000e+00
8.564798843409151985e+00 5.748094706722204350e+00 -3.068601547995898349e-01 1.000000000000000000e+00
8.579097338974108311e+00 5.734138603375147802e+00 -3.085369387611285874e-01 1.000000000000000000e+00
8.593395834539066414e+00 5.720107815625830483e+00 -3.102097041771736396e-01 1.000000000000000000e+00
8.607694330104022740e+00 5.706002526218531656e+00 -3.118784292607579833e-01 1.000000000000000000e+00
8.621992825668979066e+00 5.691822918867867287e+00 -3.135430922775390705e-01 1.000000000000000000e+00
8.636291321233937168e+00 5.677569178256417715e+00 -3.152036715460804772e-01 1.000000000000000000e+00
8.650589816798893494e+00 5.663241490032315362e+00 -3.168601454381337890e-01 1.000000000000000000e+00
8.664888312363849820e+00 5.648840040806814677e+00 -3.185124923789224294e-01 1.000000000000000000e+00
8.679186807928806147e+00 5.634365018151878068e+00 -3.201606908474208257e-01 1.000000000000000000e+00
8.693485303493764249e+00 5.619816610597728967e+00 -3.218047193766350178e-01 1.000000000000000000e+00
8.707783799058720575e+00 5.605195007630388027e+00 -3.234445565538828227e-01 1.000000000000000000e+00
8.722082294623676901e+00 5.590500399689216415e+00 -3.250801810210723897e-01 1.000000000000000000e+00
8.736380790188635004e+00 5.575732978164423592e+00 -3.267115714749802557e-01 1.000000000000000000e+00
8.750679285753591330e+00 5.560892935394588399e+00 -3.283387066675290122e-01 1.000000000000000000e+00
8.764977781318547656e+00 5.545980464664141962e+00 -3.299615654060639724e-01 1.000000000000000000e+00
8.779276276883503982e+00 5.530995760200856814e+00 -3.315801265536290621e-01 1.000000000000000000e+00
8.793574772448462085e+00 5.515939017173310255e+00 -3.331943690292430427e-01 1.000000000000000000e+00
8.807873268013418411e+00 5.500810431688356594e+00 -3.348042718081720159e-01 1.000000000000000000e+00
8.822171763578374737e+00 5.485610200788555879e+00 -3.364098139222053141e-01 1.000000000000000000e+00
8.836470259143332839e+00 5.470338522449615049e+00 -3.380109744599283372e-01 1.000000000000000000e+00
8.850768754708289165e+00 5.454995595577814882e+00 -3.396077325669932256e-01 1.000000000000000000e+00
8.865067250273245492e+00 5.439581620007415630e+00 -3.412000674463921968e-01 1.000000000000000000e+00
8.879365745838203594e+00 5.424096796498039552e+00 -3.427879583587285506e-01 1.000000000000000000e+00
8.893664241403159920e+00 5.408541326732084542e+00 -3.443713846224850106e-01 1.000000000000000000e+00
8.907962736968116246e+00 5.392915413312076467e+00 -3.459503256142946737e-01 1.000000000000000000e+00
8.922261232533072572e+00 5.377219259758032166e+00 -3.475247607692095730e-01 1.000000000000000000e+00
8.936559728098030675e+00 5.361453070504815344e+00 -3.490946695809677980e-01 1.000000000000000000e+00
8.950858223662987001e+00 5.345617050899475586e+00 -3.506600316022601693e-01 1.000000000000000000e+00
8.965156719227943327e+00 5.329711407198561623e+00 -3.522208264449984694e-01 1.000000000000000000e+00
8.979455214792901430e+00 5.313736346565445245e+00 -3.537770337805792864e-01 1.000000000000000000e+00
8.993753710357857756e+00 5.297692077067627459e+00 -3.553286333401486918e-01 1.000000000000000000e+00
9.008052205922814082e+00 5.281578807674009113e+00 -3.568756049148678056e-01 1.000000000000000000e+00
9.022350701487770408e+00 5.265396748252189063e+00 -3.584179283561745311e-01 1.000000000000000000e+00
9.036649197052728510e+00 5.249146109565722362e+00 -3.599555835760465117e-01 1.000000000000000000e+00
9.050947692617684837e+00 5.232827103271376679e+00 -3.614885505472626992e-01 1.000000000000000000e+00
9.065246188182641163e+00 5.216439941916373613e+00 -3.630168093036644228e-01 1.000000000000000000e+00
9.079544683747599265e+00 5.199984838935621134e+00 -3.645403399404151812e-01 1.000000000000000000e+00
9.093843179312555591e+00 5.183462008648937136e+00 -3.660591226142593801e-01 1.000000000000000000e+00
9.108141674877511917e+00 5.166871666258251672e+00 -3.675731375437824577e-01 1.000000000000000000e+00
9.122440170442470020e+00 5.150214027844808307e+00 -3.690823650096669017e-01 1.000000000000000000e+00
9.136738666007426346e+00 5.133489310366353031e+00 -3.705867853549488777e-01 1.000000000000000000e+00
9.151037161572382672e+00 5.116697731654298309e+00 -3.720863789852763559e-01 1.000000000000000000e+00
9.165335657137338998e+00 5.099839510410895116e+00 -3.735811263691621309e-01 1.000000000000000000e+00
9.179634152702297101e+00 5.082914866206381888e+00 -3.750710080382390621e-01 1.000000000000000000e+00
9.193932648267253427e+00 5.065924019476125473e+00 -3.765560045875138151e-01 1.000000000000000000e+00
9.208231143832209753e+00 5.048867191517743436e+00 -3.780360966756192709e-01 1.000000000000000000e+00
9.222529639397167855e+00 5.031744604488231687e+00 -3.795112650250666020e-01 1.000000000000000000e+00
9.236828134962124182e+00 5.014556481401067245e+00 -3.809814904224962384e-01 1.000000000000000000e+00
9.251126630527080508e+00 4.997303046123301229e+00 -3.824467537189283894e-01 1.000000000000000000e+00
9.265425126092036834e+00 4.979984523372642968e+00 -3.839070358300118446e-01 1.000000000000000000e+00
9.279723621656994936e+00 4.962601138714533455e+00 -3.853623177362737184e-01 1.000000000000000000e+00
9.294022117221951262e+00 4.945153118559217020e+00 -3.868125804833654757e-01 1.000000000000000000e+00
9.308320612786907589e+00 4.927640690158778369e+00 -3.882578051823110110e-01 1.000000000000000000e+00
9.322619108351865691e+00 4.910064081604184949e+00 -3.896979730097531180e-01 1.000000000000000000e+00
9.336917603916822017e+00 4.892423521822329313e+00 -3.911330652081967396e-01 1.000000000000000000e+00
9.351216099481778343e+00 4.874719240573033296e+00 -3.925630630862549375e-01 1.000000000000000000e+00
9.365514595046736446e+00 4.856951468446054854e+00 -3.939879480188924754e-01 1.000000000000000000e+00
9.379813090611692772e+00 4.839120436858100227e+00 -3.954077014476667373e-01 1.000000000000000000e+00
9.394111586176649098e+00 4.821226378049794370e+00 -3.968223048809708664e-01 1.000000000000000000e+00
9.408410081741605424e+00 4.803269525082660252e+00 -3.982317398942747944e-01 1.000000000000000000e+00
9.422708577306563527e+00 4.785250111836083953e+00 -3.996359881303639949e-01 1.000000000000000000e+00
9.437007072871519853e+00 4.767168373004279758e+00 -4.010350312995790700e-01 1.000000000000000000e+00
9.451305568436476179e+00 4.749024544093207290e+00 -4.024288511800547807e-01 1.000000000000000000e+00
9.465604064001434281e+00 4.730818861417526833e+00 -4.038174296179564693e-01 1.000000000000000000e+00
9.479902559566390607e+00 4.712551562097521796e+00 -4.052007485277162036e-01 1.000000000000000000e+00
9.494201055131346934e+00 4.694222884055988310e+00 -4.065787898922696986e-01 1.000000000000000000e+00
9.508499550696303260e+00 4.675833066015160355e+00 -4.079515357632897965e-01 1.000000000000000000e+00
9.522798046261261362e+00 4.657382347493586927e+00 -4.093189682614204461e-01 1.000000000000000000e+00
9.537096541826217688e+00 4.638870968803020745e+00 -4.106810695765099606e-01 1.000000000000000000e+00
9.551395037391174014e+00 4.620299171045281206e+00 -4.120378219678427767e-01 1.000000000000000000e+00
9.565693532956132117e+00 4.601667196109118230e+00 -4.133892077643702145e-01 1.000000000000000000e+00
9.579992028521088443e+00 4.582975286667056558e+00 -4.147352093649411264e-01 1.000000000000000000e+00
9.594290524086044769e+00 4.564223686172245387e+00 -4.160758092385310469e-01 1.000000000000000000e+00
9.608589019651002872e+00 4.545412638855276910e+00 -4.174109899244701216e-01 1.000000000000000000e+00
9.622887515215959198e+00 4.526542389721011084e+00 -4.187407340326710359e-01 1.000000000000000000e+00
9.637186010780915524e+00 4.507613184545384399e+00 -4.200650242438551674e-01 1.000000000000000000e+00
9.651484506345871850e+00 4.488625269872206225e+00 -4.213838433097781833e-01 1.000000000000000000e+00
9.665783001910829952e+00 4.469578893009943599e+00 -4.226971740534553601e-01 1.000000000000000000e+00
9.680081497475786279e+00 4.450474302028516682e+00 -4.240049993693841834e-01 1.000000000000000000e+00
9.694379993040742605e+00 4.431311745756050691e+00 -4.253073022237672252e-01 1.000000000000000000e+00
9.708678488605700707e+00 4.412091473775633155e+00 -4.266040656547355758e-01 1.000000000000000000e+00
9.722976984170657033e+00 4.392813736422088944e+00 -4.278952727725683913e-01 1.000000000000000000e+00
9.737275479735613359e+00 4.373478784778686901e+00 -4.291809067599123284e-01 1.000000000000000000e+00
9.751573975300569685e+00 4.354086870673888221e+00 -4.304609508720024791e-01 1.000000000000000000e+00
9.765872470865527788e+00 4.334638246678060192e+00 -4.317353884368783090e-01 1.000000000000000000e+00
9.780170966430484114e+00 4.315133166100204143e+00 -4.330042028556026490e-01 1.000000000000000000e+00
9.794469461995440440e+00 4.295571882984618561e+00 -4.342673776024772447e-01 1.000000000000000000e+00
9.808767957560398543e+00 4.275954652107626153e+00 -4.355248962252571965e-01 1.000000000000000000e+00
9.823066453125354869e+00 4.256281728974247613e+00 -4.367767423453657871e-01 1.000000000000000000e+00
9.837364948690311195e+00 4.236553369814857639e+00 -4.380228996581088108e-01 1.000000000000000000e+00
9.851663444255269297e+00 4.216769831581856920e+00 -4.392633519328860148e-01 1.000000000000000000e+00
9.865961939820225624e+00 4.196931371946339695e+00 -4.404980830134008762e-01 1.000000000000000000e+00
9.880260435385181950e+00 4.177038249294718675e+00 -4.417270768178745421e-01 1.000000000000000000e+00
9.894558930950138276e+00 4.157090722725359733e+00 -4.429503173392528304e-01 1.000000000000000000e+00
9.908857426515096378e+00 4.137089052045220150e+00 -4.441677886454157842e-01 1.000000000000000000e+00
9.923155922080052704e+00 4.117033497766462879e+00 -4.453794748793829528e-01 1.000000000000000000e+00
9.937454417645009030e+00 4.096924321103047717e+00 -4.465853602595235006e-01 1.000000000000000000e+00
9.951752913209967133e+00 4.076761783967344677e+00 -4.477854290797596004e-01 1.000000000000000000e+00
9.966051408774923459e+00 4.056546148966728715e+00 -4.489796657097704924e-01 1.000000000000000000e+00
9.980349904339879785e+00 4.036277679400131824e+00 -4.501680545951979862e-01 1.000000000000000000e+00
9.994648399904836111e+00 4.015956639254640415e+00 -4.513505802578468007e-01 1.000000000000000000e+00
1.000894689546979421e+01 3.995583293202045638e+00 -4.525272272958882902e-01 1.000000000000000000e+00
1.002324539103475054e+01 3.975157906595400359e+00 -4.536979803840600067e-01 1.000000000000000000e+00
1.003754388659970687e+01 3.954680745465557923e+00 -4.548628242738647631e-01 1.000000000000000000e+00
1.005184238216466497e+01 3.934152076517710039e+00 -4.560217437937698071e-01 1.000000000000000000e+00
1.006614087772962129e+01 3.913572167127912227e+00 -4.571747238494051624e-01 1.000000000000000000e+00
1.008043937329457762e+01 3.892941285339607038e+00 -4.583217494237594170e-01 1.000000000000000000e+00
1.009473786885953572e+01 3.872259699860121529e+00 -4.594628055773749553e-01 1.000000000000000000e+00
1.010903636442449205e+01 3.851527680057178493e+00 -4.605978774485428029e-01 1.000000000000000000e+00
1.012333485998944838e+01 3.830745495955381941e+00 -4.617269502534971926e-01 1.000000000000000000e+00
1.013763335555440470e+01 3.809913418232703908e+00 -4.628500092866069116e-01 1.000000000000000000e+00
1.015193185111936280e+01 3.789031718216946842e+00 -4.639670399205678142e-01 1.000000000000000000e+00
1.016623034668431913e+01 3.768100667882237076e+00 -4.650780276065910046e-01 1.000000000000000000e+00
1.018052884224927546e+01 3.747120539845455234e+00 -4.661829578745959601e-01 1.000000000000000000e+00
1.019482733781423356e+01 3.726091607362688407e+00 -4.672818163333965491e-01 1.000000000000000000e+00
1.020912583337918988e+01 3.705014144325691205e+00 -4.683745886708888251e-01 1.000000000000000000e+00
1.022342432894414621e+01 3.683888425258305510e+00 -4.694612606542373223e-01 1.000000000000000000e+00
1.023772282450910254e+01 3.662714725312869124e+00 -4.705418181300615732e-01 1.000000000000000000e+00
1.025202132007406064e+01 3.641493320266660394e+00 -4.716162470246194616e-01 1.000000000000000000e+00
1.026631981563901697e+01 3.620224486518297535e+00 -4.726845333439899655e-01 1.000000000000000000e+00
1.028061831120397329e+01 3.598908501084122857e+00 -4.737466631742571765e-01 1.000000000000000000e+00
1.029491680676893139e+01 3.577545641594610970e+00 -4.748026226816894901e-01 1.000000000000000000e+00
1.030921530233388772e+01 3.556136186290758339e+00 -4.758523981129216263e-01 1.000000000000000000e+00
1.032351379789884405e+01 3.534680414020434203e+00 -4.768959757951328204e-01 1.000000000000000000e+00
1.033781229346380215e+01 3.513178604234770130e+00 -4.779333421362244594e-01 1.000000000000000000e+00
1.035211078902875848e+01 3.491631036984523817e+00 -4.789644836249978832e-01 1.000000000000000000e+00
1.036640928459371480e+01 3.470037992916404246e+00 -4.799893868313304668e-01 1.000000000000000000e+00
1.038070778015867113e+01 3.448399753269447032e+00 -4.810080384063502579e-01 1.000000000000000000e+00
1.039500627572362923e+01 3.426716599871334257e+00 -4.820204250826092829e-01 1.000000000000000000e+00
1.040930477128858556e+01 3.404988815134729396e+00 -4.830265336742570192e-01 1.000000000000000000e+00
1.042360326685354188e+01 3.383216682053595381e+00 -4.840263510772122579e-01 1.000000000000000000e+00
1.043790176241849998e+01 3.361400484199513539e+00 -4.850198642693335782e-01 1.000000000000000000e+00
1.045220025798345631e+01 3.339540505717985219e+00 -4.860070603105884901e-01 1.000000000000000000e+00
1.046649875354841264e+01 3.317637031324736530e+00 -4.869879263432222438e-01 1.000000000000000000e+00
1.048079724911336896e+01 3.295690346302007079e+00 -4.879624495919258620e-01 1.000000000000000000e+00
1.049509574467832707e+01 3.273700736494824515e+00 -4.889306173640023401e-01 1.000000000000000000e+00
1.050939424024328339e+01 3.251668488307306593e+00 -4.898924170495308483e-01 1.000000000000000000e+00
1.052369273580823972e+01 3.229593888698908621e+00 -4.908478361215320995e-01 1.000000000000000000e+00
1.053799123137319782e+01 3.207477225180683789e+00 -4.917968621361316628e-01 1.000000000000000000e+00
1.055228972693815415e+01 3.185318785811564357e+00 -4.927394827327215010e-01 1.000000000000000000e+00
1.056658822250311047e+01 3.163118859194580246e+00 -4.936756856341207311e-01 1.000000000000000000e+00
1.058088671806806857e+01 3.140877734473118910e+00 -4.946054586467358294e-01 1.000000000000000000e+00
1.059518521363302490e+01 3.118595701327151026e+00 -4.955287896607198928e-01 1.000000000000000000e+00
1.060948370919798123e+01 3.096273049969459734e+00 -4.964456666501299575e-01 1.000000000000000000e+00
1.062378220476293755e+01 3.073910071141864098e+00 -4.973560776730830968e-01 1.000000000000000000e+00
1.063808070032789566e+01 3.051507056111420368e+00 -4.982600108719132392e-01 1.000000000000000000e+00
1.065237919589285198e+01 3.029064296666649003e+00 -4.991574544733239915e-01 1.000000000000000000e+00
1.066667769145780831e+01 3.006582085113718161e+00 -5.000483967885436254e-01 1.000000000000000000e+00
1.068097618702276641e+01 2.984060714272630310e+00 -5.009328262134765675e-01 1.000000000000000000e+00
1.069527468258772274e+01 2.961500477473435922e+00 -5.018107312288533350e-01 1.000000000000000000e+00
1.070957317815267906e+01 2.938901668552388546e+00 -5.026821004003830806e-01 1.000000000000000000e+00
1.072387167371763539e+01 2.916264581848118542e+00 -5.035469223789007520e-01 1.000000000000000000e+00
1.073817016928259349e+01 2.893589512197811242e+00 -5.044051859005156402e-01 1.000000000000000000e+00
1.075246866484754982e+01 2.870876754933370911e+00 -5.052568797867565964e-01 1.000000000000000000e+00
1.076676716041250614e+01 2.848126605877547846e+00 -5.061019929447200250e-01 1.000000000000000000e+00
1.078106565597746425e+01 2.825339361340111211e+00 -5.069405143672132130e-01 1.000000000000000000e+00
1.079536415154242057e+01 2.802515318113987686e+00 -5.077724331328965501e-01 1.000000000000000000e+00
1.080966264710737690e+01 2.779654773471375240e+00 -5.085977384064280793e-01 1.000000000000000000e+00
1.082396114267233500e+01 2.756758025159891545e+00 -5.094164194386024969e-01 1.000000000000000000e+00
1.083825963823729133e+01 2.733825371398698412e+00 -5.102284655664924840e-01 1.000000000000000000e+00
1.085255813380224765e+01 2.710857110874592468e+00 -5.110338662135873733e-01 1.000000000000000000e+00
1.086685662936720398e+01 2.687853542738142476e+00 -5.118326108899302618e-01 1.000000000000000000e+00
1.088115512493216208e+01 2.664814966599779122e+00 -5.126246891922550120e-01 1.000000000000000000e+00
1.089545362049711841e+01 2.641741682525895030e+00 -5.134100908041221434e-01 1.000000000000000000e+00
1.090975211606207473e+01 2.618633991034938102e+00 -5.141888054960530585e-01 1.000000000000000000e+00
1.092405061162703284e+01 2.595492193093495548e+00 -5.149608231256624924e-01 1.000000000000000000e+00
1.093834910719198916e+01 2.572316590112374346e+00 -5.157261336377911842e-01 1.000000000000000000e+00
1.095264760275694549e+01 2.549107483942676389e+00 -5.164847270646376609e-01 1.000000000000000000e+00
1.096694609832190181e+01 2.525865176871869622e+00 -5.172365935258864678e-01 1.000000000000000000e+00
1.098124459388685992e+01 2.502589971619835651e+00 -5.179817232288383977e-01 1.000000000000000000e+00
1.099554308945181624e+01 2.479282171334957319e+00 -5.187201064685360574e-01 1.000000000000000000e+00
1.100984158501677257e+01 2.455942079590142324e+00 -5.194517336278926534e-01 1.000000000000000000e+00
1.102414008058173067e+01 2.432570000378870834e+00 -5.201765951778157815e-01 1.000000000000000000e+00
1.103843857614668700e+01 2.409166238111263514e+00 -5.208946816773317723e-01 1.000000000000000000e+00
1.105273707171164332e+01 2.385731097610085616e+00 -5.216059837737084814e-01 1.000000000000000000e+00
1.106703556727660143e+01 2.362264884106782592e+00 -5.223104922025777475e-01 1.000000000000000000e+00
1.108133406284155775e+01 2.338767903237527257e+00 -5.230081977880557398e-01 1.000000000000000000e+00
1.109563255840651408e+01 2.315240461039214992e+00 -5.236990914428617527e-01 1.000000000000000000e+00
1.110993105397147040e+01 2.291682863945477600e+00 -5.243831641684381095e-01 1.000000000000000000e+00
1.112422954953642851e+01 2.268095418782707373e+00 -5.250604070550655145e-01 1.000000000000000000e+00
1.113852804510138483e+01 2.244478432766062070e+00 -5.257308112819809587e-01 1.000000000000000000e+00
1.115282654066634116e+01 2.220832213495435692e+00 -5.263943681174910738e-01 1.000000000000000000e+00
1.116712503623129926e+01 2.197157068951482106e+00 -5.270510689190868181e-01 1.000000000000000000e+00
1.118142353179625559e+01 2.173453307491601816e+00 -5.277009051335551648e-01 1.000000000000000000e+00
1.119572202736121191e+01 2.149721237845896749e+00 -5.283438682970915679e-01 1.000000000000000000e+00
1.121002052292616824e+01 2.125961169113184557e+00 -5.289799500354098738e-01 1.000000000000000000e+00
1.122431901849112634e+01 2.102173410756950744e+00 -5.296091420638504577e-01 1.000000000000000000e+00
1.123861751405608267e+01 2.078358272601329215e+00 -5.302314361874891357e-01 1.000000000000000000e+00
1.125291600962103900e+01 2.054516064827059285e+00 -5.308468243012440801e-01 1.000000000000000000e+00
1.126721450518599710e+01 2.030647097967447579e+00 -5.314552983899806238e-01 1.000000000000000000e+00
1.128151300075095342e+01 2.006751682904336587e+00 -5.320568505286152883e-01 1.000000000000000000e+00
1.129581149631590975e+01 1.982830130864025264e+00 -5.326514728822208111e-01 1.000000000000000000e+00
1.131010999188086785e+01 1.958882753413244915e+00 -5.332391577061265098e-01 1.000000000000000000e+00
1.132440848744582418e+01 1.934909862455097551e+00 -5.338198973460194230e-01 1.000000000000000000e+00
1.133870698301078050e+01 1.910911770224969164e+00 -5.343936842380448971e-01 1.000000000000000000e+00
1.135300547857573683e+01 1.886888789286492285e+00 -5.349605109089037303e-01 1.000000000000000000e+00
1.136730397414069493e+01 1.862841232527460145e+00 -5.355203699759509828e-01 1.000000000000000000e+00
1.138160246970565126e+01 1.838769413155753485e+00 -5.360732541472912338e-01 1.000000000000000000e+00
1.139590096527060759e+01 1.814673644695262711e+00 -5.366191562218733946e-01 1.000000000000000000e+00
1.141019946083556569e+01 1.790554240981803380e+00 -5.371580690895848553e-01 1.000000000000000000e+00
1.142449795640052201e+01 1.766411516159028139e+00 -5.376899857313445219e-01 1.000000000000000000e+00
1.143879645196547834e+01 1.742245784674336440e+00 -5.382148992191935211e-01 1.000000000000000000e+00
1.145309494753043467e+01 1.718057361274782924e+00 -5.387328027163855726e-01 1.000000000000000000e+00
1.146739344309539277e+01 1.693846561002958717e+00 -5.392436894774763623e-01 1.000000000000000000e+00
1.148169193866034909e+01 1.669613699192922684e+00 -5.397475528484110274e-01 1.000000000000000000e+00
1.149599043422530542e+01 1.645359091466065626e+00 -5.402443862666110874e-01 1.000000000000000000e+00
1.151028892979026352e+01 1.621083053726998680e+00 -5.407341832610600418e-01 1.000000000000000000e+00
1.152458742535521985e+01 1.596785902159467474e+00 -5.412169374523868592e-01 1.000000000000000000e+00
1.153888592092017618e+01 1.572467953222205894e+00 -5.416926425529501321e-01 1.000000000000000000e+00
1.155318441648513428e+01 1.548129523644813821e+00 -5.421612923669193451e-01 1.000000000000000000e+00
1.156748291205009060e+01 1.523770930423661074e+00 -5.426228807903555884e-01 1.000000000000000000e+00
1.158178140761504693e+01 1.499392490817728296e+00 -5.430774018112912715e-01 1.000000000000000000e+00
1.159607990318000326e+01 1.474994522344482251e+00 -5.435248495098083943e-01 1.000000000000000000e+00
1.161037839874496136e+01 1.450577342775746903e+00 -5.439652180581155960e-01 1.000000000000000000e+00
1.162467689430991769e+01 1.426141270133573391e+00 -5.443985017206236510e-01 1.000000000000000000e+00
1.163897538987487401e+01 1.401686622686066253e+00 -5.448246948540211854e-01 1.000000000000000000e+00
1.165327388543983211e+01 1.377213718943267384e+00 -5.452437919073470640e-01 1.000000000000000000e+00
1.166757238100478844e+01 1.352722877653006917e+00 -5.456557874220634430e-01 1.000000000000000000e+00
1.168187087656974477e+01 1.328214417796725666e+00 -5.460606760321267128e-01 1.000000000000000000e+00
1.169616937213470109e+01 1.303688658585349547e+00 -5.464584524640568874e-01 1.000000000000000000e+00
1.171046786769965919e+01 1.279145919455116687e+00 -5.468491115370069933e-01 1.000000000000000000e+00
1.172476636326461552e+01 1.254586520063420529e+00 -5.472326481628301265e-01 1.000000000000000000e+00
1.173906485882957185e+01 1.230010780284647831e+00 -5.476090573461460664e-01 1.000000000000000000e+00
1.175336335439452995e+01 1.205419020206009106e+00 -5.479783341844057798e-01 1.000000000000000000e+00
1.176766184995948628e+01 1.180811560123372850e+00 -5.483404738679557022e-01 1.000000000000000000e+00
1.178196034552444260e+01 1.156188720537092207e+00 -5.486954716801003551e-01 1.000000000000000000e+00
1.179625884108940070e+01 1.131550822147830759e+00 -5.490433229971637408e-01 1.000000000000000000e+00
1.181055733665435703e+01 1.106898185852386307e+00 -5.493840232885494057e-01 1.000000000000000000e+00
1.182485583221931336e+01 1.082231132739510437e+00 -5.497175681167996153e-01 1.000000000000000000e+00
1.183915432778426968e+01 1.057549984085729866e+00 -5.500439531376530855e-01 1.000000000000000000e+00
1.185345282334922778e+01 1.032855061351146686e+00 -5.503631741001017152e-01 1.000000000000000000e+00
1.186775131891418411e+01 1.008146686175282358e+00 -5.506752268464458755e-01 1.000000000000000000e+00
1.188204981447914044e+01 9.834251803728608632e-01 -5.509801073123480331e-01 1.000000000000000000e+00
1.189634831004409854e+01 9.586908659296168311e-01 -5.512778115268865964e-01 1.000000000000000000e+00
1.191064680560905487e+01 9.339440649981295417e-01 -5.515683356126073189e-01 1.000000000000000000e+00
1.192494530117401119e+01 9.091850998935999684e-01 -5.518516757855731480e-01 1.000000000000000000e+00
1.193924379673896752e+01 8.844142930896554677e-01 -5.521278283554147404e-01 1.000000000000000000e+00
1.195354229230392562e+01 8.596319672141612411e-01 -5.523967897253770909e-01 1.000000000000000000e+00
1.196784078786888195e+01 8.348384450450233585e-01 -5.526585563923676059e-01 1.000000000000000000e+00
1.198213928343383827e+01 8.100340495059545898e-01 -5.529131249470012888e-01 1.000000000000000000e+00
1.199643777899879638e+01 7.852191036622980791e-01 -5.531604920736448161e-01 1.000000000000000000e+00
1.201073627456375270e+01 7.603939307168153805e-01 -5.534006545504600583e-01 1.000000000000000000e+00
1.202503477012870903e+01 7.355588540054652791e-01 -5.536336092494461569e-01 1.000000000000000000e+00
1.203933326569366713e+01 7.107141969931889403e-01 -5.538593531364800482e-01 1.000000000000000000e+00
1.205363176125862346e+01 6.858602832697249241e-01 -5.540778832713558755e-01 1.000000000000000000e+00
1.206793025682357978e+01 6.609974365453666900e-01 -5.542891968078235143e-01 1.000000000000000000e+00
1.208222875238853611e+01 6.361259806467496336e-01 -5.544932909936257648e-01 1.000000000000000000e+00
1.209652724795349421e+01 6.112462395126456727e-01 -5.546901631705337676e-01 1.000000000000000000e+00
1.211082574351845054e+01 5.863585371897470644e-01 -5.548798107743818653e-01 1.000000000000000000e+00
1.212512423908340686e+01 5.614631978284185809e-01 -5.550622313351012416e-01 1.000000000000000000e+00
1.213942273464836497e+01 5.365605456785025318e-01 -5.552374224767515631e-01 1.000000000000000000e+00
1.215372123021332129e+01 5.116509050850963636e-01 -5.554053819175522877e-01 1.000000000000000000e+00
1.216801972577827762e+01 4.867346004842998952e-01 -5.555661074699124180e-01 1.000000000000000000e+00
1.218231822134323394e+01 4.618119563990212284e-01 -5.557195970404587015e-01 1.000000000000000000e+00
1.219661671690819205e+01 4.368832974347335307e-01 -5.558658486300632751e-01 1.000000000000000000e+00
1.221091521247314837e+01 4.119489482752512477e-01 -5.560048603338695328e-01 1.000000000000000000e+00
1.222521370803810470e+01 3.870092336785009302e-01 -5.561366303413164403e-01 1.000000000000000000e+00
1.223951220360306280e+01 3.620644784722910625e-01 -5.562611569361631814e-01 1.000000000000000000e+00
1.225381069916801913e+01 3.371150075500821131e-01 -5.563784384965104746e-01 1.000000000000000000e+00
1.226810919473297545e+01 3.121611458667539751e-01 -5.564884734948223333e-01 1.000000000000000000e+00
1.228240769029793178e+01 2.872032184343773498e-01 -5.565912604979459388e-01 1.000000000000000000e+00
1.229670618586288988e+01 2.622415503179653662e-01 -5.566867981671296262e-01 1.000000000000000000e+00
1.231100468142784621e+01 2.372764666312697779e-01 -5.567750852580413135e-01 1.000000000000000000e+00
1.232530317699280253e+01 2.123082925325196213e-01 -5.568561206207840453e-01 1.000000000000000000e+00
1.233960167255776064e+01 1.873373532201855762e-01 -5.569299031999110916e-01 1.000000000000000000e+00
1.235390016812271696e+01 1.623639739287725536e-01 -5.569964320344397146e-01 1.000000000000000000e+00
1.236819866368767329e+01 1.373884799245556898e-01 -5.570557062578638252e-01 1.000000000000000000e+00
1.238249715925263139e+01 1.124111965013439851e-01 -5.571077250981650852e-01 1.000000000000000000e+00
1.239679565481758772e+01 8.743244897627130974e-02 -5.571524878778231216e-01 1.000000000000000000e+00
1.241109415038254404e+01 6.245256268553152357e-02 -5.571899940138241858e-01 1.000000000000000000e+00
1.242539264594750037e+01 3.747186298014412026e-02 -5.572202430176689258e-01 1.000000000000000000e+00
1.243969114151245847e+01 1.249067522172915209e-02 -5.572432344953786032e-01 1.000000000000000000e+00
1.245398963707741480e+01 -1.249067522172745727e-02 -5.572589681475001999e-01 1.000000000000000000e+00
1.246828813264237112e+01 -3.747186298013933936e-02 -5.572674437691104155e-01 1.000000000000000000e+00
1.248258662820732923e+01 -6.245256268552981660e-02 -5.572686612498184422e-01 1.000000000000000000e+00
1.249688512377228555e+01 -8.743244897626961665e-02 -5.572626205737671867e-01 1.000000000000000000e+00
1.251118361933724188e+01 -1.124111965013423059e-01 -5.572493218196333808e-01 1.000000000000000000e+00
1.252548211490219821e+01 -1.373884799245508881e-01 -5.572287651606270265e-01 1.000000000000000000e+00
1.253978061046715631e+01 -1.623639739287708605e-01 -5.572009508644888420e-01 1.000000000000000000e+00
1.255407910603211263e+01 -1.873373532201838831e-01 -5.571658792934864879e-01 1.000000000000000000e+00
1.256837760159706896e+01 -2.123082925325148473e-01 -5.571235509044104584e-01 1.000000000000000000e+00
1.258267609716202706e+01 -2.372764666312681126e-01 -5.570739662485676424e-01 1.000000000000000000e+00
1.259697459272698339e+01 -2.622415503179636453e-01 -5.570171259717745516e-01 1.000000000000000000e+00
1.261127308829193971e+01 -2.872032184343725758e-01 -5.569530308143482156e-01 1.000000000000000000e+00
1.262557158385689782e+01 -3.121611458667521988e-01 -5.568816816110975232e-01 1.000000000000000000e+00
1.263987007942185414e+01 -3.371150075500804477e-01 -5.568030792913113425e-01 1.000000000000000000e+00
1.265416857498681047e+01 -3.620644784722894527e-01 -5.567172248787474187e-01 1.000000000000000000e+00
1.266846707055176680e+01 -3.870092336784961562e-01 -5.566241194916181634e-01 1.000000000000000000e+00
1.268276556611672490e+01 -4.119489482752496379e-01 -5.565237643425764436e-01 1.000000000000000000e+00
1.269706406168168122e+01 -4.368832974347317544e-01 -5.564161607386999275e-01 1.000000000000000000e+00
1.271136255724663755e+01 -4.618119563990163434e-01 -5.563013100814739875e-01 1.000000000000000000e+00
1.272566105281159565e+01 -4.867346004842981744e-01 -5.561792138667732699e-01 1.000000000000000000e+00
1.273995954837655198e+01 -5.116509050850945872e-01 -5.560498736848422663e-01 1.000000000000000000e+00
1.275425804394150830e+01 -5.365605456785038641e-01 -5.559132912202748855e-01 1.000000000000000000e+00
1.276855653950646463e+01 -5.614631978284139180e-01 -5.557694682519920271e-01 1.000000000000000000e+00
1.278285503507142273e+01 -5.863585371897455101e-01 -5.556184066532188215e-01 1.000000000000000000e+00
1.279715353063637906e+01 -6.112462395126470049e-01 -5.554601083914600945e-01 1.000000000000000000e+00
1.281145202620133539e+01 -6.361259806467448596e-01 -5.552945755284747209e-01 1.000000000000000000e+00
1.282575052176629349e+01 -6.609974365453649137e-01 -5.551218102202486460e-01 1.000000000000000000e+00
1.284004901733124981e+01 -6.858602832697262563e-01 -5.549418147169672411e-01 1.000000000000000000e+00
1.285434751289620614e+01 -7.107141969931872749e-01 -5.547545913629854386e-01 1.000000000000000000e+00
1.286864600846116424e+01 -7.355588540054635027e-01 -5.545601425967974230e-01 1.000000000000000000e+00
1.288294450402612057e+01 -7.603939307168167128e-01 -5.543584709510052111e-01 1.000000000000000000e+00
1.289724299959107690e+01 -7.852191036622961917e-01 -5.541495790522851239e-01 1.000000000000000000e+00
1.291154149515603322e+01 -8.100340495059497048e-01 -5.539334696213538134e-01 1.000000000000000000e+00
1.292583999072099132e+01 -8.348384450450215821e-01 -5.537101454729327354e-01 1.000000000000000000e+00
1.294013848628594765e+01 -8.596319672141595758e-01 -5.534796095157118456e-01 1.000000000000000000e+00
1.295443698185090398e+01 -8.844142930896504717e-01 -5.532418647523112964e-01 1.000000000000000000e+00
1.296873547741586208e+01 -9.091850998935981920e-01 -5.529969142792424686e-01 1.000000000000000000e+00
1.298303397298081840e+01 -9.339440649981279874e-01 -5.527447612868676696e-01 1.000000000000000000e+00
1.299733246854577473e+01 -9.586908659296149438e-01 -5.524854090593585010e-01 1.000000000000000000e+00
1.301163096411073106e+01 -9.834251803728562003e-01 -5.522188609746533361e-01 1.000000000000000000e+00
1.302592945967568916e+01 -1.008146686175280804e+00 -5.519451205044130226e-01 1.000000000000000000e+00
1.304022795524064549e+01 -1.032855061351144910e+00 -5.516641912139754744e-01 1.000000000000000000e+00
1.305452645080560181e+01 -1.057549984085724981e+00 -5.513760767623100412e-01 1.000000000000000000e+00
1.306882494637055991e+01 -1.082231132739508439e+00 -5.510807809019691028e-01 1.000000000000000000e+00
1.308312344193551624e+01 -1.106898185852384753e+00 -5.507783074790395528e-01 1.000000000000000000e+00
1.309742193750047257e+01 -1.131550822147828983e+00 -5.504686604330922828e-01 1.000000000000000000e+00
1.311172043306543067e+01 -1.156188720537090209e+00 -5.501518437971315567e-01 1.000000000000000000e+00
1.312601892863038699e+01 -1.180811560123371073e+00 -5.498278616975420530e-01 1.000000000000000000e+00
1.314031742419534332e+01 -1.205419020206007330e+00 -5.494967183540349076e-01 1.000000000000000000e+00
1.315461591976029965e+01 -1.230010780284642946e+00 -5.491584180795932024e-01 1.000000000000000000e+00
1.316891441532525775e+01 -1.254586520063418975e+00 -5.488129652804153435e-01 1.000000000000000000e+00
1.318321291089021408e+01 -1.279145919455114688e+00 -5.484603644558586621e-01 1.000000000000000000e+00
1.319751140645517040e+01 -1.303688658585344884e+00 -5.481006201983794623e-01 1.000000000000000000e+00
1.321180990202012850e+01 -1.328214417796724334e+00 -5.477337371934737353e-01 1.000000000000000000e+00
1.322610839758508483e+01 -1.352722877653005140e+00 -5.473597202196165412e-01 1.000000000000000000e+00
1.324040689315004116e+01 -1.377213718943265386e+00 -5.469785741481997254e-01 1.000000000000000000e+00
1.325470538871499748e+01 -1.401686622686061590e+00 -5.465903039434676369e-01 1.000000000000000000e+00
1.326900388427995559e+01 -1.426141270133571837e+00 -5.461949146624530682e-01 1.000000000000000000e+00
1.328330237984491191e+01 -1.450577342775745571e+00 -5.457924114549120853e-01 1.000000000000000000e+00
1.329760087540986824e+01 -1.474994522344477366e+00 -5.453827995632550829e-01 1.000000000000000000e+00
1.331189937097482634e+01 -1.499392490817726964e+00 -5.449660843224808371e-01 1.000000000000000000e+00
1.332619786653978267e+01 -1.523770930423659298e+00 -5.445422711601051180e-01 1.000000000000000000e+00
1.334049636210473899e+01 -1.548129523644812267e+00 -5.441113655960906348e-01 1.000000000000000000e+00
1.335479485766969709e+01 -1.572467953222204118e+00 -5.436733732427757593e-01 1.000000000000000000e+00
1.336909335323465342e+01 -1.596785902159465920e+00 -5.432282998048006961e-01 1.000000000000000000e+00
1.338339184879960975e+01 -1.621083053726996903e+00 -5.427761510790329869e-01 1.000000000000000000e+00
1.339769034436456607e+01 -1.645359091466060741e+00 -5.423169329544926809e-01 1.000000000000000000e+00
1.341198883992952418e+01 -1.669613699192921130e+00 -5.418506514122756190e-01 1.000000000000000000e+00
1.342628733549448050e+01 -1.693846561002956941e+00 -5.413773125254750518e-01 1.000000000000000000e+00
1.344058583105943683e+01 -1.718057361274778483e+00 -5.408969224591025915e-01 1.000000000000000000e+00
1.345488432662439493e+01 -1.742245784674338216e+00 -5.404094874700079432e-01 1.000000000000000000e+00
1.346918282218935126e+01 -1.766411516159026140e+00 -5.399150139067984133e-01 1.000000000000000000e+00
1.348348131775430758e+01 -1.790554240981801604e+00 -5.394135082097543110e-01 1.000000000000000000e+00
1.349777981331926391e+01 -1.814673644695261379e+00 -5.389049769107467913e-01 1.000000000000000000e+00
1.351207830888422201e+01 -1.838769413155752153e+00 -5.383894266331514800e-01 1.000000000000000000e+00
1.352637680444917834e+01 -1.862841232527458368e+00 -5.378668640917636523e-01 1.000000000000000000e+00
1.354067530001413466e+01 -1.886888789286490953e+00 -5.373372960927094155e-01 1.000000000000000000e+00
1.355497379557909277e+01 -1.910911770224967166e+00 -5.368007295333576678e-01 1.000000000000000000e+00
1.356927229114404909e+01 -1.934909862455095775e+00 -5.362571714022301705e-01 1.000000000000000000e+00
1.358357078670900542e+01 -1.958882753413246025e+00 -5.357066287789105097e-01 1.000000000000000000e+00
1.359786928227396352e+01 -1.982830130864023710e+00 -5.351491088339523916e-01 1.000000000000000000e+00
1.361216777783891985e+01 -2.006751682904334810e+00 -5.345846188287851630e-01 1.000000000000000000e+00
1.362646627340387617e+01 -2.030647097967449355e+00 -5.340131661156199971e-01 1.000000000000000000e+00
1.364076476896883250e+01 -2.054516064827054844e+00 -5.334347581373544145e-01 1.000000000000000000e+00
1.365506326453379060e+01 -2.078358272601327883e+00 -5.328494024274744723e-01 1.000000000000000000e+00
1.366936176009874693e+01 -2.102173410756949412e+00 -5.322571066099573978e-01 1.000000000000000000e+00
1.368366025566370325e+01 -2.125961169113179672e+00 -5.316578783991716683e-01 1.000000000000000000e+00
1.369795875122866136e+01 -2.149721237845895416e+00 -5.310517255997768693e-01 1.000000000000000000e+00
1.371225724679361768e+01 -2.173453307491600039e+00 -5.304386561066226635e-01 1.000000000000000000e+00
1.372655574235857401e+01 -2.197157068951480774e+00 -5.298186779046446526e-01 1.000000000000000000e+00
1.374085423792353033e+01 -2.220832213495431251e+00 -5.291917990687612372e-01 1.000000000000000000e+00
1.375515273348848844e+01 -2.244478432766060294e+00 -5.285580277637678126e-01 1.000000000000000000e+00
1.376945122905344476e+01 -2.268095418782706041e+00 -5.279173722442321859e-01 1.000000000000000000e+00
1.378374972461840109e+01 -2.291682863945472715e+00 -5.272698408543845527e-01 1.000000000000000000e+00
1.379804822018335919e+01 -2.315240461039213216e+00 -5.266154420280100279e-01 1.000000000000000000e+00
1.381234671574831552e+01 -2.338767903237525925e+00 -5.259541842883397322e-01 1.000000000000000000e+00
1.382664521131327184e+01 -2.362264884106780816e+00 -5.252860762479376611e-01 1.000000000000000000e+00
1.384094370687822995e+01 -2.385731097610083840e+00 -5.246111266085907721e-01 1.000000000000000000e+00
1.385524220244318627e+01 -2.409166238111261737e+00 -5.239293441611939661e-01 1.000000000000000000e+00
1.386954069800814260e+01 -2.432570000378869501e+00 -5.232407377856358455e-01 1.000000000000000000e+00
1.388383919357309892e+01 -2.455942079590137883e+00 -5.225453164506842496e-01 1.000000000000000000e+00
1.389813768913805703e+01 -2.479282171334955542e+00 -5.218430892138682387e-01 1.000000000000000000e+00
1.391243618470301335e+01 -2.502589971619833875e+00 -5.211340652213602986e-01 1.000000000000000000e+00
1.392673468026796968e+01 -2.525865176871864737e+00 -5.204182537078573256e-01 1.000000000000000000e+00
1.394103317583292778e+01 -2.549107483942674612e+00 -5.196956639964608327e-01 1.000000000000000000e+00
1.395533167139788411e+01 -2.572316590112372570e+00 -5.189663054985550472e-01 1.000000000000000000e+00
1.396963016696284043e+01 -2.595492193093493771e+00 -5.182301877136838986e-01 1.000000000000000000e+00
1.398392866252779676e+01 -2.618633991034933661e+00 -5.174873202294282271e-01 1.000000000000000000e+00
1.399822715809275486e+01 -2.641741682525893253e+00 -5.167377127212801069e-01 1.000000000000000000e+00
1.401252565365771119e+01 -2.664814966599777346e+00 -5.159813749525180571e-01 1.000000000000000000e+00
1.402682414922266751e+01 -2.687853542738138035e+00 -5.152183167740779224e-01 1.000000000000000000e+00
1.404112264478762562e+01 -2.710857110874590692e+00 -5.144485481244260860e-01 1.000000000000000000e+00
1.405542114035258194e+01 -2.733825371398696635e+00 -5.136720790294297956e-01 1.000000000000000000e+00
1.406971963591753827e+01 -2.756758025159889769e+00 -5.128889196022263786e-01 1.000000000000000000e+00
1.408401813148249637e+01 -2.779654773471373463e+00 -5.120990800430911261e-01 1.000000000000000000e+00
1.409831662704745270e+01 -2.802515318113986353e+00 -5.113025706393049541e-01 1.000000000000000000e+00
1.411261512261240902e+01 -2.825339361340109434e+00 -5.104994017650207327e-01 1.000000000000000000e+00
1.412691361817736535e+01 -2.848126605877543405e+00 -5.096895838811271728e-01 1.000000000000000000e+00
1.414121211374232345e+01 -2.870876754933369135e+00 -5.088731275351138228e-01 1.000000000000000000e+00
1.415551060930727978e+01 -2.893589512197809910e+00 -5.080500433609321798e-01 1.000000000000000000e+00
1.416980910487223611e+01 -2.916264581848114101e+00 -5.072203420788583550e-01 1.000000000000000000e+00
1.418410760043719421e+01 -2.938901668552386770e+00 -5.063840344953535189e-01 1.000000000000000000e+00
1.419840609600215053e+01 -2.961500477473437254e+00 -5.055411315029224584e-01 1.000000000000000000e+00
1.421270459156710686e+01 -2.984060714272628978e+00 -5.046916440799718018e-01 1.000000000000000000e+00
1.422700308713206319e+01 -3.006582085113713276e+00 -5.038355832906672438e-01 1.000000000000000000e+00
1.424130158269702129e+01 -3.029064296666650336e+00 -5.029729602847896608e-01 1.000000000000000000e+00
1.425560007826197761e+01 -3.051507056111418592e+00 -5.021037862975898936e-01 1.000000000000000000e+00
1.426989857382693394e+01 -3.073910071141860101e+00 -5.012280726496414207e-01 1.000000000000000000e+00
1.428419706939189204e+01 -3.096273049969460622e+00 -5.003458307466936983e-01 1.000000000000000000e+00
1.429849556495684837e+01 -3.118595701327149694e+00 -4.994570720795248886e-01 1.000000000000000000e+00
1.431279406052180470e+01 -3.140877734473117133e+00 -4.985618082237894821e-01 1.000000000000000000e+00
1.432709255608676280e+01 -3.163118859194581578e+00 -4.976600508398689726e-01 1.000000000000000000e+00
1.434139105165171912e+01 -3.185318785811562581e+00 -4.967518116727210331e-01 1.000000000000000000e+00
1.435568954721667545e+01 -3.207477225180682900e+00 -4.958371025517240849e-01 1.000000000000000000e+00
1.436998804278163178e+01 -3.229593888698904625e+00 -4.949159353905259184e-01 1.000000000000000000e+00
1.438428653834658988e+01 -3.251668488307305260e+00 -4.939883221868860974e-01 1.000000000000000000e+00
1.439858503391154620e+01 -3.273700736494822738e+00 -4.930542750225211934e-01 1.000000000000000000e+00
1.441288352947650253e+01 -3.295690346302003082e+00 -4.921138060629471900e-01 1.000000000000000000e+00
1.442718202504146063e+01 -3.317637031324734753e+00 -4.911669275573210536e-01 1.000000000000000000e+00
1.444148052060641696e+01 -3.339540505717984331e+00 -4.902136518382804176e-01 1.000000000000000000e+00
1.445577901617137329e+01 -3.361400484199511762e+00 -4.892539913217835990e-01 1.000000000000000000e+00
1.447007751173632961e+01 -3.383216682053590940e+00 -4.882879585069486161e-01 1.000000000000000000e+00
1.448437600730128771e+01 -3.404988815134728064e+00 -4.873155659758885982e-01 1.000000000000000000e+00
1.449867450286624404e+01 -3.426716599871333369e+00 -4.863368263935498037e-01 1.000000000000000000e+00
1.451297299843120037e+01 -3.448399753269443035e+00 -4.853517525075451977e-01 1.000000000000000000e+00
1.452727149399615847e+01 -3.470037992916402469e+00 -4.843603571479887515e-01 1.000000000000000000e+00
1.454156998956111480e+01 -3.491631036984522041e+00 -4.833626532273298526e-01 1.000000000000000000e+00
1.455586848512607112e+01 -3.513178604234768798e+00 -4.823586537401827190e-01 1.000000000000000000e+00
1.457016698069102922e+01 -3.534680414020432426e+00 -4.813483717631583669e-01 1.000000000000000000e+00
1.458446547625598555e+01 -3.556136186290757895e+00 -4.803318204546947467e-01 1.000000000000000000e+00
1.459876397182094188e+01 -3.577545641594610082e+00 -4.793090130548847694e-01 1.000000000000000000e+00
1.461306246738589820e+01 -3.598908501084117972e+00 -4.782799628853035001e-01 1.000000000000000000e+00
1.462736096295085630e+01 -3.620224486518296647e+00 -4.772446833488351858e-01 1.000000000000000000e+00
1.464165945851581263e+01 -3.641493320266658618e+00 -4.762031879294991721e-01 1.000000000000000000e+00
1.465595795408076896e+01 -3.662714725312865127e+00 -4.751554901922727114e-01 1.000000000000000000e+00
1.467025644964572706e+01 -3.683888425258303734e+00 -4.741016037829163809e-01 1.000000000000000000e+00
1.468455494521068339e+01 -3.705014144325691205e+00 -4.730415424277944481e-01 1.000000000000000000e+00
1.469885344077563971e+01 -3.726091607362686631e+00 -4.719753199336967908e-01 1.000000000000000000e+00
1.471315193634059604e+01 -3.747120539845451237e+00 -4.709029501876598189e-01 1.000000000000000000e+00
1.472745043190555414e+01 -3.768100667882236632e+00 -4.698244471567847302e-01 1.000000000000000000e+00
1.474174892747051047e+01 -3.789031718216945954e+00 -4.687398248880555451e-01 1.000000000000000000e+00
1.475604742303546679e+01 -3.809913418232699023e+00 -4.676490975081563084e-01 1.000000000000000000e+00
1.477034591860042489e+01 -3.830745495955380608e+00 -4.665522792232877358e-01 1.000000000000000000e+00
1.478464441416538122e+01 -3.851527680057177605e+00 -4.654493843189815849e-01 1.000000000000000000e+00
1.479894290973033755e+01 -3.872259699860119753e+00 -4.643404271599143041e-01 1.000000000000000000e+00
1.481324140529529565e+01 -3.892941285339606594e+00 -4.632254221897200708e-01 1.000000000000000000e+00
1.482753990086025198e+01 -3.913572167127911783e+00 -4.621043839308036638e-01 1.000000000000000000e+00
1.484183839642520830e+01 -3.934152076517708263e+00 -4.609773269841503374e-01 1.000000000000000000e+00
1.485613689199016463e+01 -3.954680745465553926e+00 -4.598442660291355288e-01 1.000000000000000000e+00
1.487043538755512273e+01 -3.975157906595399915e+00 -4.587052158233339005e-01 1.000000000000000000e+00
1.488473388312007906e+01 -3.995583293202045194e+00 -4.575601912023277151e-01 1.000000000000000000e+00
1.489903237868503538e+01 -4.015956639254635085e+00 -4.564092070795133238e-01 1.000000000000000000e+00
1.491333087424999349e+01 -4.036277679400130047e+00 -4.552522784459058780e-01 1.000000000000000000e+00
1.492762936981494981e+01 -4.056546148966727827e+00 -4.540894203699452070e-01 1.000000000000000000e+00
1.494192786537990614e+01 -4.076761783967345565e+00 -4.529206479972996413e-01 1.000000000000000000e+00
1.495622636094486246e+01 -4.096924321103043276e+00 -4.517459765506685598e-01 1.000000000000000000e+00
1.497052485650982057e+01 -4.117033497766461991e+00 -4.505654213295832156e-01 1.000000000000000000e+00
1.498482335207477689e+01 -4.137089052045221038e+00 -4.493789977102082833e-01 1.000000000000000000e+00
1.499912184763973322e+01 -4.157090722725356180e+00 -4.481867211451424637e-01 1.000000000000000000e+00
1.501342034320469132e+01 -4.177038249294717787e+00 -4.469886071632149238e-01 1.000000000000000000e+00
1.502771883876964765e+01 -4.196931371946341471e+00 -4.457846713692855123e-01 1.000000000000000000e+00
1.504201733433460397e+01 -4.216769831581855144e+00 -4.445749294440398680e-01 1.000000000000000000e+00
1.505631582989956208e+01 -4.236553369814855863e+00 -4.433593971437849723e-01 1.000000000000000000e+00
1.507061432546451840e+01 -4.256281728974248502e+00 -4.421380903002467000e-01 1.000000000000000000e+00
1.508491282102947473e+01 -4.275954652107625265e+00 -4.409110248203597093e-01 1.000000000000000000e+00
1.509921131659443105e+01 -4.295571882984614120e+00 -4.396782166860627172e-01 1.000000000000000000e+00
1.511350981215938916e+01 -4.315133166100202367e+00 -4.384396819540892776e-01 1.000000000000000000e+00
1.512780830772434548e+01 -4.334638246678058415e+00 -4.371954367557607246e-01 1.000000000000000000e+00
1.514210680328930181e+01 -4.354086870673883780e+00 -4.359454972967727882e-01 1.000000000000000000e+00
1.515640529885425991e+01 -4.373478784778686013e+00 -4.346898798569866496e-01 1.000000000000000000e+00
1.517070379441921624e+01 -4.392813736422087167e+00 -4.334286007902170557e-01 1.000000000000000000e+00
1.518500228998417256e+01 -4.412091473775633155e+00 -4.321616765240177682e-01 1.000000000000000000e+00
1.519930078554912889e+01 -4.431311745756047138e+00 -4.308891235594696223e-01 1.000000000000000000e+00
1.521359928111408699e+01 -4.450474302028515794e+00 -4.296109584709638662e-01 1.000000000000000000e+00
1.522789777667904332e+01 -4.469578893009942711e+00 -4.283271979059865564e-01 1.000000000000000000e+00
1.524219627224399964e+01 -4.488625269872202672e+00 -4.270378585849032294e-01 1.000000000000000000e+00
1.525649476780895775e+01 -4.507613184545383511e+00 -4.257429573007396884e-01 1.000000000000000000e+00
1.527079326337391407e+01 -4.526542389721010196e+00 -4.244425109189632339e-01 1.000000000000000000e+00
1.528509175893887040e+01 -4.545412638855275134e+00 -4.231365363772631727e-01 1.000000000000000000e+00
1.529939025450382850e+01 -4.564223686172243610e+00 -4.218250506853313819e-01 1.000000000000000000e+00
1.531368875006878483e+01 -4.582975286667055670e+00 -4.205080709246394877e-01 1.000000000000000000e+00
1.532798724563374115e+01 -4.601667196109116453e+00 -4.191856142482164871e-01 1.000000000000000000e+00
1.534228574119869748e+01 -4.620299171045277653e+00 -4.178576978804253717e-01 1.000000000000000000e+00
1.535658423676365558e+01 -4.638870968803019856e+00 -4.165243391167388065e-01 1.000000000000000000e+00
1.537088273232861191e+01 -4.657382347493586039e+00 -4.151855553235157537e-01 1.000000000000000000e+00
1.538518122789356823e+01 -4.675833066015155914e+00 -4.138413639377717113e-01 1.000000000000000000e+00
1.539947972345852634e+01 -4.694222884055986533e+00 -4.124917824669538380e-01 1.000000000000000000e+00
1.541377821902348266e+01 -4.712551562097520019e+00 -4.111368284887131352e-01 1.000000000000000000e+00
1.542807671458843899e+01 -4.730818861417525945e+00 -4.097765196506749086e-01 1.000000000000000000e+00
1.544237521015339532e+01 -4.749024544093203737e+00 -4.084108736702084519e-01 1.000000000000000000e+00
1.545667370571835342e+01 -4.767168373004277981e+00 -4.070399083341965096e-01 1.000000000000000000e+00
1.547097220128330974e+01 -4.785250111836083065e+00 -4.056636414988051276e-01 1.000000000000000000e+00
1.548527069684826607e+01 -4.803269525082656699e+00 -4.042820910892483410e-01 1.000000000000000000e+00
1.549956919241322417e+01 -4.821226378049793482e+00 -4.028952750995576926e-01 1.000000000000000000e+00
1.551386768797818050e+01 -4.839120436858098451e+00 -4.015032115923451994e-01 1.000000000000000000e+00
1.552816618354313682e+01 -4.856951468446053077e+00 -4.001059186985694294e-01 1.000000000000000000e+00
1.554246467910809493e+01 -4.874719240573032408e+00 -3.987034146172996341e-01 1.000000000000000000e+00
1.555676317467305125e+01 -4.892423521822327537e+00 -3.972957176154786607e-01 1.000000000000000000e+00
1.557106167023800758e+01 -4.910064081604184061e+00 -3.958828460276836436e-01 1.000000000000000000e+00
1.558536016580296391e+01 -4.927640690158776593e+00 -3.944648182558883609e-01 1.000000000000000000e+00
1.559965866136792201e+01 -4.945153118559215244e+00 -3.930416527692240369e-01 1.000000000000000000e+00
1.561395715693287833e+01 -4.962601138714532567e+00 -3.916133681037382019e-01 1.000000000000000000e+00
1.562825565249783466e+01 -4.979984523372640304e+00 -3.901799828621525523e-01 1.000000000000000000e+00
1.564255414806279276e+01 -4.997303046123301229e+00 -3.887415157136209221e-01 1.000000000000000000e+00
1.565685264362774909e+01 -5.014556481401066357e+00 -3.872979853934888084e-01 1.000000000000000000e+00
1.567115113919270541e+01 -5.031744604488231687e+00 -3.858494107030447928e-01 1.000000000000000000e+00
1.568544963475766174e+01 -5.048867191517741659e+00 -3.843958105092787347e-01 1.000000000000000000e+00
1.569974813032261984e+01 -5.065924019476123696e+00 -3.829372037446349131e-01 1.000000000000000000e+00
1.571404662588757617e+01 -5.082914866206380999e+00 -3.814736094067663896e-01 1.000000000000000000e+00
1.572834512145253250e+01 -5.099839510410894228e+00 -3.800050465582872627e-01 1.000000000000000000e+00
1.574264361701749060e+01 -5.116697731654298309e+00 -3.785315343265230892e-01 1.000000000000000000e+00
1.575694211258244692e+01 -5.133489310366352143e+00 -3.770530919032629158e-01 1.000000000000000000e+00
1.577124060814740325e+01 -5.150214027844809195e+00 -3.755697385445097569e-01 1.000000000000000000e+00
1.578553910371236135e+01 -5.166871666258250784e+00 -3.740814935702294064e-01 1.000000000000000000e+00
1.579983759927731768e+01 -5.183462008648937136e+00 -3.725883763640976953e-01 1.000000000000000000e+00
1.581413609484227401e+01 -5.199984838935621134e+00 -3.710904063732490821e-01 1.000000000000000000e+00
1.582843459040723033e+01 -5.216439941916370948e+00 -3.695876031080240764e-01 1.000000000000000000e+00
1.584273308597218843e+01 -5.232827103271375790e+00 -3.680799861417130003e-01 1.000000000000000000e+00
1.585703158153714476e+01 -5.249146109565718810e+00 -3.665675751103038560e-01 1.000000000000000000e+00
1.587133007710210109e+01 -5.265396748252188175e+00 -3.650503897122233665e-01 1.000000000000000000e+00
1.588562857266705919e+01 -5.281578807674004672e+00 -3.635284497080836785e-01 1.000000000000000000e+00
1.589992706823201551e+01 -5.297692077067625682e+00 -3.620017749204218482e-01 1.000000000000000000e+00
1.591422556379697184e+01 -5.313736346565445245e+00 -3.604703852334448233e-01 1.000000000000000000e+00
1.592852405936192817e+01 -5.329711407198557183e+00 -3.589343005927676522e-01 1.000000000000000000e+00
1.594282255492688627e+01 -5.345617050899473810e+00 -3.573935410051548578e-01 1.000000000000000000e+00
1.595712105049184260e+01 -5.361453070504816232e+00 -3.558481265382607561e-01 1.000000000000000000e+00
1.597141954605679892e+01 -5.377219259758029501e+00 -3.542980773203671108e-01 1.000000000000000000e+00
1.598571804162175702e+01 -5.392915413312075579e+00 -3.527434135401201210e-01 1.000000000000000000e+00
1.600001653718671335e+01 -5.408541326732084542e+00 -3.511841554462697412e-01 1.000000000000000000e+00
1.601431503275167145e+01 -5.424096796498039552e+00 -3.496203233474033389e-01 1.000000000000000000e+00
1.602861352831662600e+01 -5.439581620007412077e+00 -3.480519376116839592e-01 1.000000000000000000e+00
1.604291202388158410e+01 -5.454995595577815770e+00 -3.464790186665819838e-01 1.000000000000000000e+00
1.605721051944654221e+01 -5.470338522449617713e+00 -3.449015869986118976e-01 1.000000000000000000e+00
1.607150901501149676e+01 -5.485610200788551438e+00 -3.433196631530646137e-01 1.000000000000000000e+00
1.608580751057645486e+01 -5.500810431688355706e+00 -3.417332677337371338e-01 1.000000000000000000e+00
1.610010600614140941e+01 -5.515939017173306702e+00 -3.401424214026693704e-01 1.000000000000000000e+00
1.611440450170636751e+01 -5.530995760200855038e+00 -3.385471448798701433e-01 1.000000000000000000e+00
1.612870299727132561e+01 -5.545980464664141962e+00 -3.369474589430506706e-01 1.000000000000000000e+00
1.614300149283628016e+01 -5.560892935394588399e+00 -3.353433844273525644e-01 1.000000000000000000e+00
1.615729998840123827e+01 -5.575732978164421816e+00 -3.337349422250759923e-01 1.000000000000000000e+00
1.617159848396619637e+01 -5.590500399689214639e+00 -3.321221532854078395e-01 1.000000000000000000e+00
1.618589697953115092e+01 -5.605195007630386250e+00 -3.305050386141507035e-01 1.000000000000000000e+00
1.620019547509610902e+01 -5.619816610597728079e+00 -3.288836192734458375e-01 1.000000000000000000e+00
1.621449397066106712e+01 -5.634365018151879845e+00 -3.272579163815021452e-01 1.000000000000000000e+00
1.622879246622602167e+01 -5.648840040806812901e+00 -3.256279511123197357e-01 1.000000000000000000e+00
1.624309096179097978e+01 -5.663241490032313585e+00 -3.239937446954130329e-01 1.000000000000000000e+00
1.625738945735593788e+01 -5.677569178256417715e+00 -3.223553184155358298e-01 1.000000000000000000e+00
1.627168795292089243e+01 -5.691822918867865511e+00 -3.207126936124045646e-01 1.000000000000000000e+00
1.628598644848585053e+01 -5.706002526218530768e+00 -3.190658916804177125e-01 1.000000000000000000e+00
1.630028494405080863e+01 -5.720107815625832259e+00 -3.174149340683803389e-01 1.000000000000000000e+00
1.631458343961576318e+01 -5.734138603375146914e+00 -3.157598422792229909e-01 1.000000000000000000e+00
1.632888193518072129e+01 -5.748094706722202574e+00 -3.141006378697212553e-01 1.000000000000000000e+00
1.634318043074567584e+01 -5.761975943895452978e+00 -3.124373424502158714e-01 1.000000000000000000e+00
1.635747892631063394e+01 -5.775782134098453646e+00 -3.107699776843307893e-01 1.000000000000000000e+00
1.637177742187559204e+01 -5.789513097512200446e+00 -3.090985652886918955e-01 1.000000000000000000e+00
1.638607591744054659e+01 -5.803168655297485934e+00 -3.074231270326435728e-01 1.000000000000000000e+00
1.640037441300550469e+01 -5.816748629597230824e+00 -3.057436847379639278e-01 1.000000000000000000e+00
1.641467290857046279e+01 -5.830252843538786145e+00 -3.040602602785834052e-01 1.000000000000000000e+00
1.642897140413541734e+01 -5.843681121236248721e+00 -3.023728755802967960e-01 1.000000000000000000e+00
1.644326989970037545e+01 -5.857033287792753562e+00 -3.006815526204792977e-01 1.000000000000000000e+00
1.645756839526533355e+01 -5.870309169302739605e+00 -2.989863134278009094e-01 1.000000000000000000e+00
1.647186689083028810e+01 -5.883508592854220787e+00 -2.972871800819385513e-01 1.000000000000000000e+00
1.648616538639524620e+01 -5.896631386531046459e+00 -2.955841747132874064e-01 1.000000000000000000e+00
1.650046388196020430e+01 -5.909677379415125387e+00 -2.938773195026757046e-01 1.000000000000000000e+00
1.651476237752515885e+01 -5.922646401588666620e+00 -2.921666366810725113e-01 1.000000000000000000e+00
1.652906087309011696e+01 -5.935538284136385734e+00 -2.904521485293000138e-01 1.000000000000000000e+00
1.654335936865507506e+01 -5.948352859147699512e+00 -2.887338773777435308e-01 1.000000000000000000e+00
1.655765786422002961e+01 -5.961089959718917086e+00 -2.870118456060603007e-01 1.000000000000000000e+00
1.657195635978498771e+01 -5.973749419955424855e+00 -2.852860756428866051e-01 1.000000000000000000e+00
1.658625485534994226e+01 -5.986331074973822552e+00 -2.835565899655487221e-01 1.000000000000000000e+00
1.660055335091490036e+01 -5.998834760904107277e+00 -2.818234110997656638e-01 1.000000000000000000e+00
1.661485184647985847e+01 -6.011260314891765155e+00 -2.800865616193610186e-01 1.000000000000000000e+00
1.662915034204481302e+01 -6.023607575099921618e+00 -2.783460641459655216e-01 1.000000000000000000e+00
1.664344883760977112e+01 -6.035876380711441058e+00 -2.766019413487224576e-01 1.000000000000000000e+00
1.665774733317472922e+01 -6.048066571931022928e+00 -2.748542159439942845e-01 1.000000000000000000e+00
1.667204582873968377e+01 -6.060177989987270308e+00 -2.731029106950660923e-01 1.000000000000000000e+00
1.668634432430464187e+01 -6.072210477134790452e+00 -2.713480484118462877e-01 1.000000000000000000e+00
1.670064281986959998e+01 -6.084163876656210057e+00 -2.695896519505743272e-01 1.000000000000000000e+00
1.671494131543455453e+01 -6.096038032864235845e+00 -2.678277442135204023e-01 1.000000000000000000e+00
1.672923981099951263e+01 -6.107832791103688486e+00 -2.660623481486859565e-01 1.000000000000000000e+00
1.674353830656447073e+01 -6.119547997753506330e+00 -2.642934867495075890e-01 1.000000000000000000e+00
1.675783680212942528e+01 -6.131183500228740257e+00 -2.625211830545562397e-01 1.000000000000000000e+00
1.677213529769438338e+01 -6.142739146982561849e+00 -2.607454601472360967e-01 1.000000000000000000e+00
1.678643379325934148e+01 -6.154214787508222706e+00 -2.589663411554851136e-01 1.000000000000000000e+00
1.680073228882429603e+01 -6.165610272341007558e+00 -2.571838492514748609e-01 1.000000000000000000e+00
1.681503078438925414e+01 -6.176925453060204241e+00 -2.553980076513056030e-01 1.000000000000000000e+00
1.682932927995420869e+01 -6.188160182291011502e+00 -2.536088396147078150e-01 1.000000000000000000e+00
1.684362777551916679e+01 -6.199314313706480561e+00 -2.518163684447350947e-01 1.000000000000000000e+00
1.685792627108412489e+01 -6.210387702029398049e+00 -2.500206174874649023e-01 1.000000000000000000e+00
1.687222476664907944e+01 -6.221380203034202694e+00 -2.482216101316907231e-01 1.000000000000000000e+00
1.688652326221403754e+01 -6.232291673548846944e+00 -2.464193698086192263e-01 1.000000000000000000e+00
1.690082175777899565e+01 -6.243121971456664809e+00 -2.446139199915658147e-01 1.000000000000000000e+00
1.691512025334395020e+01 -6.253870955698223710e+00 -2.428052841956479246e-01 1.000000000000000000e+00
1.692941874890890830e+01 -6.264538486273167450e+00 -2.409934859774775506e-01 1.000000000000000000e+00
1.694371724447386640e+01 -6.275124424242029875e+00 -2.391785489348575433e-01 1.000000000000000000e+00
1.695801574003882095e+01 -6.285628631728051197e+00 -2.373604967064710802e-01 1.000000000000000000e+00
1.697231423560377905e+01 -6.296050971918975669e+00 -2.355393529715750500e-01 1.000000000000000000e+00
1.698661273116873716e+01 -6.306391309068823503e+00 -2.337151414496926871e-01 1.000000000000000000e+00
1.700091122673369171e+01 -6.316649508499666332e+00 -2.318878859003037363e-01 1.000000000000000000e+00
1.701520972229864981e+01 -6.326825436603386699e+00 -2.300576101225334513e-01 1.000000000000000000e+00
1.702950821786360791e+01 -6.336918960843400228e+00 -2.282243379548460904e-01 1.000000000000000000e+00
1.704380671342856246e+01 -6.346929949756404454e+00 -2.263880932747309449e-01 1.000000000000000000e+00
1.705810520899352056e+01 -6.356858272954076128e+00 -2.245488999983929201e-01 1.000000000000000000e+00
1.707240370455847511e+01 -6.366703801124766748e+00 -2.227067820804423393e-01 1.000000000000000000e+00
1.708670220012343322e+01 -6.376466406035206091e+00 -2.208617635135797230e-01 1.000000000000000000e+00
1.710100069568839132e+01 -6.386145960532147114e+00 -2.190138683282865650e-01 1.000000000000000000e+00
1.711529919125334587e+01 -6.395742338544037509e+00 -2.171631205925113328e-01 1.000000000000000000e+00
1.712959768681830397e+01 -6.405255415082668158e+00 -2.153095444113528600e-01 1.000000000000000000e+00
1.714389618238326207e+01 -6.414685066244782519e+00 -2.134531639267519543e-01 1.000000000000000000e+00
1.715819467794821662e+01 -6.424031169213697545e+00 -2.115940033171735957e-01 1.000000000000000000e+00
1.717249317351317472e+01 -6.433293602260913957e+00 -2.097320867972911618e-01 1.000000000000000000e+00
1.718679166907813283e+01 -6.442472244747685650e+00 -2.078674386176738442e-01 1.000000000000000000e+00
1.720109016464308738e+01 -6.451566977126597990e+00 -2.060000830644699021e-01 1.000000000000000000e+00
1.721538866020804548e+01 -6.460577680943136336e+00 -2.041300444590870011e-01 1.000000000000000000e+00
1.722968715577300358e+01 -6.469504238837205712e+00 -2.022573471578810733e-01 1.000000000000000000e+00
1.724398565133795813e+01 -6.478346534544671798e+00 -2.003820155518357682e-01 1.000000000000000000e+00
1.725828414690291623e+01 -6.487104452898884155e+00 -1.985040740662440129e-01 1.000000000000000000e+00
1.727258264246787434e+01 -6.495777879832157709e+00 -1.966235471603924867e-01 1.000000000000000000e+00
1.728688113803282889e+01 -6.504366702377267551e+00 -1.947404593272421547e-01 1.000000000000000000e+00
1.730117963359778699e+01 -6.512870808668933087e+00 -1.928548350931061361e-01 1.000000000000000000e+00
1.731547812916274154e+01 -6.521290087945242675e+00 -1.909666990173360945e-01 1.000000000000000000e+00
1.732977662472769964e+01 -6.529624430549134217e+00 -1.890760756919970254e-01 1.000000000000000000e+00
1.734407512029265774e+01 -6.537873727929793155e+00 -1.871829897415504818e-01 1.000000000000000000e+00
1.735837361585761229e+01 -6.546037872644079769e+00 -1.852874658225324711e-01 1.000000000000000000e+00
1.737267211142257040e+01 -6.554116758357930728e+00 -1.833895286232316013e-01 1.000000000000000000e+00
1.738697060698752850e+01 -6.562110279847740202e+00 -1.814892028633680876e-01 1.000000000000000000e+00
1.740126910255248305e+01 -6.570018333001724997e+00 -1.795865132937735920e-01 1.000000000000000000e+00
1.741556759811744115e+01 -6.577840814821294124e+00 -1.776814846960652894e-01 1.000000000000000000e+00
1.742986609368239925e+01 -6.585577623422374849e+00 -1.757741418823264845e-01 1.000000000000000000e+00
1.744416458924735380e+01 -6.593228658036747625e+00 -1.738645096947820379e-01 1.000000000000000000e+00
1.745846308481231191e+01 -6.600793819013364150e+00 -1.719526130054734592e-01 1.000000000000000000e+00
1.747276158037727001e+01 -6.608273007819630784e+00 -1.700384767159381083e-01 1.000000000000000000e+00
1.748706007594222456e+01 -6.615666127042706179e+00 -1.681221257568816796e-01 1.000000000000000000e+00
1.750135857150718266e+01 -6.622973080390763378e+00 -1.662035850878548771e-01 1.000000000000000000e+00
1.751565706707214076e+01 -6.630193772694242149e+00 -1.642828796969292293e-01 1.000000000000000000e+00
1.752995556263709531e+01 -6.637328109907091545e+00 -1.623600346003707950e-01 1.000000000000000000e+00
1.754425405820205341e+01 -6.644375999107995590e+00 -1.604350748423128414e-01 1.000000000000000000e+00
1.755855255376700796e+01 -6.651337348501576763e+00 -1.585080254944333800e-01 1.000000000000000000e+00
1.757285104933196607e+01 -6.658212067419609248e+00 -1.565789116556231542e-01 1.000000000000000000e+00
1.758714954489692417e+01 -6.665000066322177119e+00 -1.546477584516645354e-01 1.000000000000000000e+00
1.760144804046187872e+01 -6.671701256798847623e+00 -1.527145910349014535e-01 1.000000000000000000e+00
1.761574653602683682e+01 -6.678315551569841801e+00 -1.507794345839103267e-01 1.000000000000000000e+00
1.763004503159179492e+01 -6.684842864487139380e+00 -1.488423143031752660e-01 1.000000000000000000e+00
1.764434352715674947e+01 -6.691283110535621859e+00 -1.469032554227589771e-01 1.000000000000000000e+00
1.765864202272170758e+01 -6.697636205834183620e+00 -1.449622831979703319e-01 1.000000000000000000e+00
1.767294051828666568e+01 -6.703902067636803963e+00 -1.430194229090417657e-01 1.000000000000000000e+00
1.768723901385162023e+01 -6.710080614333641336e+00 -1.410746998607961267e-01 1.000000000000000000e+00
1.770153750941657833e+01 -6.716171765452092934e+00 -1.391281393823164958e-01 1.000000000000000000e+00
1.771583600498153643e+01 -6.722175441657840089e+00 -1.371797668266190318e-01 1.000000000000000000e+00
1.773013450054649098e+01 -6.728091564755877663e+00 -1.352296075703217915e-01 1.000000000000000000e+00
1.774443299611144909e+01 -6.733920057691550554e+00 -1.332776870133108305e-01 1.000000000000000000e+00
1.775873149167640719e+01 -6.739660844551532470e+00 -1.313240305784152406e-01 1.000000000000000000e+00
1.777302998724136174e+01 -6.745313850564829572e+00 -1.293686637110725568e-01 1.000000000000000000e+00
1.778732848280631984e+01 -6.750879002103756577e+00 -1.274116118789964947e-01 1.000000000000000000e+00
1.780162697837127439e+01 -6.756356226684880895e+00 -1.254529005718484913e-01 1.000000000000000000e+00
1.781592547393623249e+01 -6.761745452969988079e+00 -1.234925553009024873e-01 1.000000000000000000e+00
1.783022396950119060e+01 -6.767046610766989545e+00 -1.215306015987138999e-01 1.000000000000000000e+00
1.784452246506614514e+01 -6.772259631030852489e+00 -1.195670650187887207e-01 1.000000000000000000e+00
1.785882096063110325e+01 -6.777384445864488960e+00 -1.176019711352472297e-01 1.000000000000000000e+00
1.787311945619606135e+01 -6.782420988519646698e+00 -1.156353455424942445e-01 1.000000000000000000e+00
1.788741795176101590e+01 -6.787369193397776002e+00 -1.136672138548844024e-01 1.000000000000000000e+00
1.790171644732597400e+01 -6.792228996050882373e+00 -1.116976017063875254e-01 1.000000000000000000e+00
1.791601494289093210e+01 -6.797000333182373843e+00 -1.097265347502556915e-01 1.000000000000000000e+00
1.793031343845588665e+01 -6.801683142647868330e+00 -1.077540386586906679e-01 1.000000000000000000e+00
1.794461193402084476e+01 -6.806277363456029406e+00 -1.057801391225060422e-01 1.000000000000000000e+00
1.795891042958580286e+01 -6.810782935769330138e+00 -1.038048618507960430e-01 1.000000000000000000e+00
1.797320892515075741e+01 -6.815199800904855998e+00 -1.018282325705992669e-01 1.000000000000000000e+00
1.798750742071571551e+01 -6.819527901335058928e+00 -9.985027702656260051e-02 1.000000000000000000e+00
1.800180591628067361e+01 -6.823767180688512290e+00 -9.787102098060686262e-02 1.000000000000000000e+00
1.801610441184562816e+01 -6.827917583750632069e+00 -9.589049021159275210e-02 1.000000000000000000e+00
1.803040290741058627e+01 -6.831979056464414946e+00 -9.390871051498167477e-02 1.000000000000000000e+00
1.804470140297554082e+01 -6.835951545931127527e+00 -9.192570770250368950e-02 1.000000000000000000e+00
1.805899989854049892e+01 -6.839835000411003563e+00 -8.994150760181734983e-02 1.000000000000000000e+00
1.807329839410545702e+01 -6.843629369323910971e+00 -8.795613605617734476e-02 1.000000000000000000e+00
1.808759688967041157e+01 -6.847334603250015306e+00 -8.596961892409429873e-02 1.000000000000000000e+00
1.810189538523536967e+01 -6.850950653930428125e+00 -8.398198207899966461e-02 1.000000000000000000e+00
1.811619388080032778e+01 -6.854477474267820725e+00 -8.199325140890950658e-02 1.000000000000000000e+00
1.813049237636528233e+01 -6.857915018327053858e+00 -8.000345281608649273e-02 1.000000000000000000e+00
1.814479087193024043e+01 -6.861263241335765706e+00 -7.801261221670097168e-02 1.000000000000000000e+00
1.815908936749519853e+01 -6.864522099684959855e+00 -7.602075554049642081e-02 1.000000000000000000e+00
1.817338786306015308e+01 -6.867691550929570177e+00 -7.402790873045067555e-02 1.000000000000000000e+00
1.818768635862511118e+01 -6.870771553789015940e+00 -7.203409774243470232e-02 1.000000000000000000e+00
1.820198485419006929e+01 -6.873762068147740045e+00 -7.003934854488035044e-02 1.000000000000000000e+00
1.821628334975502383e+01 -6.876663055055727725e+00 -6.804368711843866713e-02 1.000000000000000000e+00
1.823058184531998194e+01 -6.879474476729016352e+00 -6.604713945564064104e-02 1.000000000000000000e+00
1.824488034088494004e+01 -6.882196296550190162e+00 -6.404973156056145700e-02 1.000000000000000000e+00
1.825917883644989459e+01 -6.884828479068851870e+00 -6.205148944848096204e-02 1.000000000000000000e+00
1.827347733201485269e+01 -6.887370990002087190e+00 -6.005243914554131424e-02 1.000000000000000000e+00
1.828777582757980724e+01 -6.889823796234913367e+00 -5.805260668841440846e-02 1.000000000000000000e+00
1.830207432314476534e+01 -6.892186865820706387e+00 -5.605201812395686767e-02 1.000000000000000000e+00
1.831637281870972345e+01 -6.894460167981619314e+00 -5.405069950887471386e-02 1.000000000000000000e+00
1.833067131427467800e+01 -6.896643673108982853e+00 -5.204867690938253660e-02 1.000000000000000000e+00
1.834496980983963610e+01 -6.898737352763691710e+00 -5.004597640086300842e-02 1.000000000000000000e+00
1.835926830540459420e+01 -6.900741179676572301e+00 -4.804262406752821818e-02 1.000000000000000000e+00
1.837356680096954875e+01 -6.902655127748742458e+00 -4.603864600208146252e-02 1.000000000000000000e+00
1.838786529653450685e+01 -6.904479172051946279e+00 -4.403406830537391625e-02 1.000000000000000000e+00
1.840216379209946496e+01 -6.906213288828883634e+00 -4.202891708606814464e-02 1.000000000000000000e+00
1.841646228766441951e+01 -6.907857455493514820e+00 -4.002321846029655711e-02 1.000000000000000000e+00
1.843076078322937761e+01 -6.909411650631359869e+00 -3.801699855132030514e-02 1.000000000000000000e+00
1.844505927879433571e+01 -6.910875853999772112e+00 -3.601028348918997729e-02 1.000000000000000000e+00
1.845935777435929026e+01 -6.912250046528206404e+00 -3.400309941040681461e-02 1.000000000000000000e+00
1.847365626992424836e+01 -6.913534210318465156e+00 -3.199547245757874969e-02 1.000000000000000000e+00
1.848795476548920647e+01 -6.914728328644930144e+00 -2.998742877908345747e-02 1.000000000000000000e+00
1.850225326105416102e+01 -6.915832385954784556e+00 -2.797899452872624690e-02 1.000000000000000000e+00
1.851655175661911912e+01 -6.916846367868211054e+00 -2.597019586539845229e-02 1.000000000000000000e+00
1.853085025218407367e+01 -6.917770261178583624e+00 -2.396105895273821507e-02 1.000000000000000000e+00
1.854514874774903177e+01 -6.918604053852632774e+00 -2.195160995878870161e-02 1.000000000000000000e+00
1.855944724331398987e+01 -6.919347735030612512e+00 -1.994187505565878787e-02 1.000000000000000000e+00
1.857374573887894442e+01 -6.920001295026431798e+00 -1.793188041918118009e-02 1.000000000000000000e+00
1.858804423444390252e+01 -6.920564725327783329e+00 -1.592165222856999074e-02 1.000000000000000000e+00
1.860234273000886063e+01 -6.921038018596259889e+00 -1.391121666608325334e-02 1.000000000000000000e+00
1.861664122557381518e+01 -6.921421168667443169e+00 -1.190059991667843931e-02 1.000000000000000000e+00
1.863093972113877328e+01 -6.921714170550989031e+00 -9.889828167672875397e-03 1.000000000000000000e+00
1.864523821670373138e+01 -6.921917020430685241e+00 -7.878927608403692856e-03 1.000000000000000000e+00
1.865953671226868593e+01 -6.922029715664511862e+00 -5.867924429885702613e-03 1.000000000000000000e+00
1.867383520783364403e+01 -6.922052254784668790e+00 -3.856844824468800420e-03 1.000000000000000000e+00
1.868813370339860214e+01 -6.921984637497590853e+00 -1.845714985500286230e-03 1.000000000000000000e+00
1.870243219896355669e+01 -6.921826864683965574e+00 1.654388930197573553e-04 1.000000000000000000e+00
1.871673069452851479e+01 -6.921578938398703862e+00 2.176590616778144131e-03 1.000000000000000000e+00
1.873102919009347289e+01 -6.921240861870927574e+00 4.187713991488762645e-03 1.000000000000000000e+00
1.874532768565842744e+01 -6.920812639503924224e+00 6.198782823234734625e-03 1.000000000000000000e+00
1.875962618122338554e+01 -6.920294276875081252e+00 8.209770918811061871e-03 1.000000000000000000e+00
1.877392467678834009e+01 -6.919685780735822966e+00 1.022065208606182107e-02 1.000000000000000000e+00
1.878822317235329820e+01 -6.918987159011521726e+00 1.223140013422724728e-02 1.000000000000000000e+00
1.880252166791825630e+01 -6.918198420801388693e+00 1.424198887427841065e-02 1.000000000000000000e+00
1.881682016348321085e+01 -6.917319576378361035e+00 1.625239211926179234e-02 1.000000000000000000e+00
1.883111865904816895e+01 -6.916350637188964257e+00 1.826258368464134599e-02 1.000000000000000000e+00
1.884541715461312705e+01 -6.915291615853166540e+00 2.027253738863656410e-02 1.000000000000000000e+00
1.885971565017808160e+01 -6.914142526164212654e+00 2.228222705256446487e-02 1.000000000000000000e+00
1.887401414574303971e+01 -6.912903383088443654e+00 2.429162650118404584e-02 1.000000000000000000e+00
1.888831264130799781e+01 -6.911574202765103259e+00 2.630070956303124166e-02 1.000000000000000000e+00
1.890261113687295236e+01 -6.910155002506129129e+00 2.830945007076325973e-02 1.000000000000000000e+00
1.891690963243791046e+01 -6.908645800795919278e+00 3.031782186150042135e-02 1.000000000000000000e+00
1.893120812800286856e+01 -6.907046617291104695e+00 3.232579877716389855e-02 1.000000000000000000e+00
1.894550662356782311e+01 -6.905357472820280229e+00 3.433335466481792636e-02 1.000000000000000000e+00
1.895980511913278121e+01 -6.903578389383745240e+00 3.634046337701143936e-02 1.000000000000000000e+00
1.897410361469773932e+01 -6.901709390153202506e+00 3.834709877211758128e-02 1.000000000000000000e+00
1.898840211026269387e+01 -6.899750499471474008e+00 4.035323471467276019e-02 1.000000000000000000e+00
1.900270060582765197e+01 -6.897701742852166973e+00 4.235884507572051233e-02 1.000000000000000000e+00
1.901699910139260652e+01 -6.895563146979355906e+00 4.436390373314779562e-02 1.000000000000000000e+00
1.903129759695756462e+01 -6.893334739707222880e+00 4.636838457202926284e-02 1.000000000000000000e+00
1.904559609252252272e+01 -6.891016550059703150e+00 4.837226148496337474e-02 1.000000000000000000e+00
1.905989458808747727e+01 -6.888608608230105013e+00 5.037550837241591695e-02 1.000000000000000000e+00
1.907419308365243538e+01 -6.886110945580712794e+00 5.237809914305848608e-02 1.000000000000000000e+00
1.908849157921739348e+01 -6.883523594642385390e+00 5.438000771410726047e-02 1.000000000000000000e+00
1.910279007478234803e+01 -6.880846589114124612e+00 5.638120801166376234e-02 1.000000000000000000e+00
1.911708857034730613e+01 -6.878079963862644419e+00 5.838167397105591822e-02 1.000000000000000000e+00
1.913138706591226423e+01 -6.875223754921908181e+00 6.038137953717405415e-02 1.000000000000000000e+00
1.914568556147721878e+01 -6.872277999492668599e+00 6.238029866481377417e-02 1.000000000000000000e+00
1.915998405704217689e+01 -6.869242735941973876e+00 6.437840531901364849e-02 1.000000000000000000e+00
1.917428255260713499e+01 -6.866118003802674785e+00 6.637567347539330420e-02 1.000000000000000000e+00
1.918858104817208954e+01 -6.862903843772905965e+00 6.837207712049346575e-02 1.000000000000000000e+00
1.920287954373704764e+01 -6.859600297715560124e+00 7.036759025211614116e-02 1.000000000000000000e+00
1.921717803930200574e+01 -6.856207408657740032e+00 7.236218687965986773e-02 1.000000000000000000e+00
1.923147653486696029e+01 -6.852725220790194527e+00 7.435584102446170240e-02 1.000000000000000000e+00
1.924577503043191840e+01 -6.849153779466749192e+00 7.634852672013411889e-02 1.000000000000000000e+00
1.926007352599687295e+01 -6.845493131203713055e+00 7.834021801290162734e-02 1.000000000000000000e+00
1.927437202156183105e+01 -6.841743323679271072e+00 8.033088896194237605e-02 1.000000000000000000e+00
1.928867051712678915e+01 -6.837904405732865065e+00 8.232051363972250901e-02 1.000000000000000000e+00
1.930296901269174370e+01 -6.833976427364564010e+00 8.430906613233489499e-02 1.000000000000000000e+00
1.931726750825670180e+01 -6.829959439734393456e+00 8.629652053983997984e-02 1.000000000000000000e+00
1.933156600382165990e+01 -6.825853495161689821e+00 8.828285097659735459e-02 1.000000000000000000e+00
1.934586449938661445e+01 -6.821658647124412944e+00 9.026803157160627478e-02 1.000000000000000000e+00
1.936016299495157256e+01 -6.817374950258441757e+00 9.225203646884354292e-02 1.000000000000000000e+00
1.937446149051653066e+01 -6.813002460356873513e+00 9.423483982759744970e-02 1.000000000000000000e+00
1.938875998608148521e+01 -6.808541234369289263e+00 9.621641582280526794e-02 1.000000000000000000e+00
1.940305848164644331e+01 -6.803991330401014004e+00 9.819673864539298080e-02 1.000000000000000000e+00
1.941735697721140141e+01 -6.799352807712362612e+00 1.001757825026056148e-01 1.000000000000000000e+00
1.943165547277635596e+01 -6.794625726717868908e+00 1.021535216183466627e-01 1.000000000000000000e+00
1.944595396834131407e+01 -6.789810148985489846e+00 1.041299302335146060e-01 1.000000000000000000e+00
1.946025246390627217e+01 -6.784906137235815038e+00 1.061049826063356766e-01 1.000000000000000000e+00
1.947455095947122672e+01 -6.779913755341244297e+00 1.080786530127000045e-01 1.000000000000000000e+00
1.948884945503618482e+01 -6.774833068325150975e+00 1.100509157465000831e-01 1.000000000000000000e+00
1.950314795060113937e+01 -6.769664142361049741e+00 1.120217451199592429e-01 1.000000000000000000e+00
1.951744644616609747e+01 -6.764407044771712840e+00 1.139911154639721008e-01 1.000000000000000000e+00
1.953174494173105558e+01 -6.759061844028316557e+00 1.159590011284349770e-01 1.000000000000000000e+00
1.954604343729601013e+01 -6.753628609749534384e+00 1.179253764825813899e-01 1.000000000000000000e+00
1.956034193286096823e+01 -6.748107412700634633e+00 1.198902159153169417e-01 1.000000000000000000e+00
1.957464042842592633e+01 -6.742498324792554065e+00 1.218534938355518848e-01 1.000000000000000000e+00
1.958893892399088088e+01 -6.736801419080975961e+00 1.238151846725328853e-01 1.000000000000000000e+00
1.960323741955583898e+01 -6.731016769765355789e+00 1.257752628761796276e-01 1.000000000000000000e+00
1.961753591512079709e+01 -6.725144452187977073e+00 1.277337029174140937e-01 1.000000000000000000e+00
1.963183441068575164e+01 -6.719184542832956630e+00 1.296904792884945590e-01 1.000000000000000000e+00
1.964613290625070974e+01 -6.713137119325250701e+00 1.316455665033491873e-01 1.000000000000000000e+00
1.966043140181566784e+01 -6.707002260429649532e+00 1.335989390979047398e-01 1.000000000000000000e+00
1.967472989738062239e+01 -6.700780046049744421e+00 1.355505716304215014e-01 1.000000000000000000e+00
1.968902839294558049e+01 -6.694470557226885887e+00 1.375004386818231839e-01 1.000000000000000000e+00
1.970332688851053859e+01 -6.688073876139142726e+00 1.394485148560271615e-01 1.000000000000000000e+00
1.971762538407549314e+01 -6.681590086100213099e+00 1.413947747802761223e-01 1.000000000000000000e+00
1.973192387964045125e+01 -6.675019271558345402e+00 1.433391931054698865e-01 1.000000000000000000e+00
1.974622237520540580e+01 -6.668361518095250240e+00 1.452817445064918667e-01 1.000000000000000000e+00
1.976052087077036390e+01 -6.661616912424965342e+00 1.472224036825446891e-01 1.000000000000000000e+00
1.977481936633532200e+01 -6.654785542392742670e+00 1.491611453574733237e-01 1.000000000000000000e+00
1.978911786190027655e+01 -6.647867496973898227e+00 1.510979442800978179e-01 1.000000000000000000e+00
1.980341635746523465e+01 -6.640862866272651210e+00 1.530327752245430328e-01 1.000000000000000000e+00
1.981771485303019276e+01 -6.633771741520951615e+00 1.549656129905643831e-01 1.000000000000000000e+00
1.983201334859514731e+01 -6.626594215077301619e+00 1.568964324038770175e-01 1.000000000000000000e+00
1.984631184416010541e+01 -6.619330380425528126e+00 1.588252083164869433e-01 1.000000000000000000e+00
1.986061033972506351e+01 -6.611980332173595265e+00 1.607519156070130739e-01 1.000000000000000000e+00
1.987490883529001806e+01 -6.604544166052352949e+00 1.626765291810174652e-01 1.000000000000000000e+00
1.988920733085497616e+01 -6.597021978914290763e+00 1.645990239713333025e-01 1.000000000000000000e+00
1.990350582641993427e+01 -6.589413868732287405e+00 1.665193749383884758e-01 1.000000000000000000e+00
1.991780432198488882e+01 -6.581719934598328159e+00 1.684375570705327063e-01 1.000000000000000000e+00
1.993210281754984692e+01 -6.573940276722204601e+00 1.703535453843665337e-01 1.000000000000000000e+00
1.994640131311480502e+01 -6.566074996430229405e+00 1.722673149250611990e-01 1.000000000000000000e+00
1.996069980867975957e+01 -6.558124196163903186e+00 1.741788407666866878e-01 1.000000000000000000e+00
1.997499830424471767e+01 -6.550087979478577793e+00 1.760880980125376916e-01 1.000000000000000000e+00
1.998929679980967222e+01 -6.541966451042122266e+00 1.779950617954542680e-01 1.000000000000000000e+00
2.000359529537463033e+01 -6.533759716633543491e+00 1.798997072781491624e-01 1.000000000000000000e+00
2.001789379093958843e+01 -6.525467883141613967e+00 1.818020096535299390e-01 1.000000000000000000e+00
2.003219228650454298e+01 -6.517091058563487138e+00 1.837019441450205015e-01 1.000000000000000000e+00
2.004649078206950108e+01 -6.508629352003278967e+00 1.855994860068872210e-01 1.000000000000000000e+00
2.006078927763445918e+01 -6.500082873670657513e+00 1.874946105245579586e-01 1.000000000000000000e+00
2.007508777319941373e+01 -6.491451734879398749e+00 1.893872930149452238e-01 1.000000000000000000e+00
2.008938626876437183e+01 -6.482736048045941502e+00 1.912775088267687773e-01 1.000000000000000000e+00
2.010368476432932994e+01 -6.473935926687921061e+00 1.931652333408756805e-01 1.000000000000000000e+00
2.011798325989428449e+01 -6.465051485422693034e+00 1.950504419705595127e-01 1.000000000000000000e+00
2.013228175545924259e+01 -6.456082839965840314e+00 1.969331101618839452e-01 1.000000000000000000e+00
2.014658025102420069e+01 -6.447030107129663179e+00 1.988132133939991830e-01 1.000000000000000000e+00
2.016087874658915524e+01 -6.437893404821664944e+00 2.006907271794628744e-01 1.000000000000000000e+00
2.017517724215411334e+01 -6.428672852043000319e+00 2.025656270645598001e-01 1.000000000000000000e+00
2.018947573771907145e+01 -6.419368568886945070e+00 2.044378886296196185e-01 1.000000000000000000e+00
2.020377423328402600e+01 -6.409980676537320399e+00 2.063074874893334187e-01 1.000000000000000000e+00
2.021807272884898410e+01 -6.400509297266913755e+00 2.081743992930746023e-01 1.000000000000000000e+00
2.023237122441393865e+01 -6.390954554435897883e+00 2.100385997252123271e-01 1.000000000000000000e+00
2.024666971997889675e+01 -6.381316572490206340e+00 2.119000645054319176e-01 1.000000000000000000e+00
2.026096821554385485e+01 -6.371595476959930338e+00 2.137587693890474483e-01 1.000000000000000000e+00
2.027526671110880940e+01 -6.361791394457671167e+00 2.156146901673205996e-01 1.000000000000000000e+00
2.028956520667376751e+01 -6.351904452676891744e+00 2.174678026677747955e-01 1.000000000000000000e+00
2.030386370223872561e+01 -6.341934780390266368e+00 2.193180827545089528e-01 1.000000000000000000e+00
2.031816219780368016e+01 -6.331882507447990527e+00 2.211655063285128120e-01 1.000000000000000000e+00
2.033246069336863826e+01 -6.321747764776088019e+00 2.230100493279822682e-01 1.000000000000000000e+00
2.034675918893359636e+01 -6.311530684374721645e+00 2.248516877286298454e-01 1.000000000000000000e+00
2.036105768449855091e+01 -6.301231399316460369e+00 2.266903975439986396e-01 1.000000000000000000e+00
2.037535618006350902e+01 -6.290850043744538489e+00 2.285261548257779829e-01 1.000000000000000000e+00
2.038965467562846712e+01 -6.280386752871132572e+00 2.303589356641097263e-01 1.000000000000000000e+00
2.040395317119342167e+01 -6.269841662975585095e+00 2.321887161879029327e-01 1.000000000000000000e+00
2.041825166675837977e+01 -6.259214911402624537e+00 2.340154725651457102e-01 1.000000000000000000e+00
2.043255016232333787e+01 -6.248506636560590799e+00 2.358391810032128000e-01 1.000000000000000000e+00
2.044684865788829242e+01 -6.237716977919626871e+00 2.376598177491765496e-01 1.000000000000000000e+00
2.046114715345325052e+01 -6.226846076009846520e+00 2.394773590901192184e-01 1.000000000000000000e+00
2.047544564901820507e+01 -6.215894072419535732e+00 2.412917813534361244e-01 1.000000000000000000e+00
2.048974414458316318e+01 -6.204861109793277762e+00 2.431030609071493376e-01 1.000000000000000000e+00
2.050404264014812128e+01 -6.193747331830115499e+00 2.449111741602118253e-01 1.000000000000000000e+00
2.051834113571307583e+01 -6.182552883281674738e+00 2.467160975628161501e-01 1.000000000000000000e+00
2.053263963127803393e+01 -6.171277909950268814e+00 2.485178076067019737e-01 1.000000000000000000e+00
2.054693812684299203e+01 -6.159922558687011218e+00 2.503162808254614791e-01 1.000000000000000000e+00
2.056123662240794658e+01 -6.148486977389906016e+00 2.521114937948435442e-01 1.000000000000000000e+00
2.057553511797290469e+01 -6.136971315001901850e+00 2.539034231330621338e-01 1.000000000000000000e+00
2.058983361353786279e+01 -6.125375721508976135e+00 2.556920455010973647e-01 1.000000000000000000e+00
2.060413210910281734e+01 -6.113700347938168633e+00 2.574773376030012884e-01 1.000000000000000000e+00
2.061843060466777544e+01 -6.101945346355615030e+00 2.592592761862018702e-01 1.000000000000000000e+00
2.063272910023273354e+01 -6.090110869864560073e+00 2.610378380418050259e-01 1.000000000000000000e+00
2.064702759579768809e+01 -6.078197072603387596e+00 2.628130000048956028e-01 1.000000000000000000e+00
2.066132609136264620e+01 -6.066204109743578599e+00 2.645847389548421913e-01 1.000000000000000000e+00
2.067562458692760430e+01 -6.054132137487719945e+00 2.663530318155952203e-01 1.000000000000000000e+00
2.068992308249255885e+01 -6.041981313067458004e+00 2.681178555559886600e-01 1.000000000000000000e+00
2.070422157805751695e+01 -6.029751794741443405e+00 2.698791871900411143e-01 1.000000000000000000e+00
2.071852007362247150e+01 -6.017443741793281120e+00 2.716370037772535828e-01 1.000000000000000000e+00
2.073281856918742960e+01 -6.005057314529448576e+00 2.733912824229095540e-01 1.000000000000000000e+00
2.074711706475238771e+01 -5.992592674277216425e+00 2.751420002783713792e-01 1.000000000000000000e+00
2.076141556031734225e+01 -5.980049983382541789e+00 2.768891345413791449e-01 1.000000000000000000e+00
2.077571405588230036e+01 -5.967429405207947291e+00 2.786326624563488230e-01 1.000000000000000000e+00
2.079001255144725846e+01 -5.954731104130409847e+00 2.803725613146654250e-01 1.000000000000000000e+00
2.080431104701221301e+01 -5.941955245539201513e+00 2.821088084549822073e-01 1.000000000000000000e+00
2.081860954257717111e+01 -5.929101995833741867e+00 2.838413812635141587e-01 1.000000000000000000e+00
2.083290803814212921e+01 -5.916171522421442397e+00 2.855702571743318763e-01 1.000000000000000000e+00
2.084720653370708376e+01 -5.903163993715513591e+00 2.872954136696562188e-01 1.000000000000000000e+00
2.086150502927204187e+01 -5.890079579132764032e+00 2.890168282801529598e-01 1.000000000000000000e+00
2.087580352483699997e+01 -5.876918449091419916e+00 2.907344785852225555e-01 1.000000000000000000e+00
2.089010202040195452e+01 -5.863680775008877966e+00 2.924483422132946320e-01 1.000000000000000000e+00
2.090440051596691262e+01 -5.850366729299483204e+00 2.941583968421189188e-01 1.000000000000000000e+00
2.091869901153187072e+01 -5.836976485372291634e+00 2.958646201990544622e-01 1.000000000000000000e+00
2.093299750709682527e+01 -5.823510217628806274e+00 2.975669900613606145e-01 1.000000000000000000e+00
2.094729600266178338e+01 -5.809968101460690981e+00 2.992654842564883011e-01 1.000000000000000000e+00
2.096159449822673793e+01 -5.796350313247518926e+00 3.009600806623647928e-01 1.000000000000000000e+00
2.097589299379169603e+01 -5.782657030354428684e+00 3.026507572076871377e-01 1.000000000000000000e+00
2.099019148935665413e+01 -5.768888431129862049e+00 3.043374918722042133e-01 1.000000000000000000e+00
2.100448998492160868e+01 -5.755044694903218350e+00 3.060202626870064946e-01 1.000000000000000000e+00
2.101878848048656678e+01 -5.741126001982506111e+00 3.076990477348127695e-01 1.000000000000000000e+00
2.103308697605152489e+01 -5.727132533652023128e+00 3.093738251502534675e-01 1.000000000000000000e+00
2.104738547161647944e+01 -5.713064472169983254e+00 3.110445731201560426e-01 1.000000000000000000e+00
2.106168396718143754e+01 -5.698922000766117435e+00 3.127112698838319105e-01 1.000000000000000000e+00
2.107598246274639564e+01 -5.684705303639335128e+00 3.143738937333550587e-01 1.000000000000000000e+00
2.109028095831135019e+01 -5.670414565955292474e+00 3.160324230138478740e-01 1.000000000000000000e+00
2.110457945387630829e+01 -5.656049973843980005e+00 3.176868361237634164e-01 1.000000000000000000e+00
2.111887794944126640e+01 -5.641611714397314792e+00 3.193371115151649731e-01 1.000000000000000000e+00
2.113317644500622094e+01 -5.627099975666701503e+00 3.209832276940072782e-01 1.000000000000000000e+00
2.114747494057117905e+01 -5.612514946660564163e+00 3.226251632204180653e-01 1.000000000000000000e+00
2.116177343613613715e+01 -5.597856817341899216e+00 3.242628967089756786e-01 1.000000000000000000e+00
2.117607193170109170e+01 -5.583125778625810831e+00 3.258964068289869065e-01 1.000000000000000000e+00
2.119037042726604980e+01 -5.568322022376998248e+00 3.275256723047677010e-01 1.000000000000000000e+00
2.120466892283100435e+01 -5.553445741407287528e+00 3.291506719159164596e-01 1.000000000000000000e+00
2.121896741839596245e+01 -5.538497129473087810e+00 3.307713844975943562e-01 1.000000000000000000e+00
2.123326591396092056e+01 -5.523476381272899971e+00 3.323877889407972908e-01 1.000000000000000000e+00
2.124756440952587511e+01 -5.508383692444754232e+00 3.339998641926339440e-01 1.000000000000000000e+00
2.126186290509083321e+01 -5.493219259563671741e+00 3.356075892565983376e-01 1.000000000000000000e+00
2.127616140065579131e+01 -5.477983280139113731e+00 3.372109431928432266e-01 1.000000000000000000e+00
2.129045989622074586e+01 -5.462675952612400465e+00 3.388099051184528809e-01 1.000000000000000000e+00
2.130475839178570396e+01 -5.447297476354120427e+00 3.404044542077167557e-01 1.000000000000000000e+00
2.131905688735066207e+01 -5.431848051661546606e+00 3.419945696923976652e-01 1.000000000000000000e+00
2.133335538291561662e+01 -5.416327879756013708e+00 3.435802308620053425e-01 1.000000000000000000e+00
2.134765387848057472e+01 -5.400737162780309575e+00 3.451614170640647239e-01 1.000000000000000000e+00
2.136195237404553282e+01 -5.385076103796037295e+00 3.467381077043842352e-01 1.000000000000000000e+00
2.137625086961048737e+01 -5.369344906780977311e+00 3.483102822473248539e-01 1.000000000000000000e+00
2.139054936517544547e+01 -5.353543776626410455e+00 3.498779202160688939e-01 1.000000000000000000e+00
2.140484786074040358e+01 -5.337672919134476501e+00 3.514410011928836286e-01 1.000000000000000000e+00
2.141914635630535813e+01 -5.321732541015471440e+00 3.529995048193901863e-01 1.000000000000000000e+00
2.143344485187031623e+01 -5.305722849885164294e+00 3.545534107968273951e-01 1.000000000000000000e+00
2.144774334743527078e+01 -5.289644054262100603e+00 3.561026988863153497e-01 1.000000000000000000e+00
2.146204184300022888e+01 -5.273496363564867728e+00 3.576473489091210878e-01 1.000000000000000000e+00
2.147634033856518698e+01 -5.257279988109388569e+00 3.591873407469194923e-01 1.000000000000000000e+00
2.149063883413014153e+01 -5.240995139106175316e+00 3.607226543420553599e-01 1.000000000000000000e+00
2.150493732969509963e+01 -5.224642028657550341e+00 3.622532696978078004e-01 1.000000000000000000e+00
2.151923582526005774e+01 -5.208220869754935478e+00 3.637791668786459209e-01 1.000000000000000000e+00
2.153353432082501229e+01 -5.191731876276044488e+00 3.653003260104911165e-01 1.000000000000000000e+00
2.154783281638997039e+01 -5.175175262982091517e+00 3.668167272809769175e-01 1.000000000000000000e+00
2.156213131195492849e+01 -5.158551245515023531e+00 3.683283509397042854e-01 1.000000000000000000e+00
2.157642980751988304e+01 -5.141860040394691467e+00 3.698351772985001840e-01 1.000000000000000000e+00
2.159072830308484114e+01 -5.125101865016013392e+00 3.713371867316762054e-01 1.000000000000000000e+00
2.160502679864979925e+01 -5.108276937646184734e+00 3.728343596762798140e-01 1.000000000000000000e+00
2.161932529421475380e+01 -5.091385477421812134e+00 3.743266766323519179e-01 1.000000000000000000e+00
2.163362378977971190e+01 -5.074427704346045509e+00 3.758141181631814431e-01 1.000000000000000000e+00
2.164792228534467000e+01 -5.057403839285742109e+00 3.772966648955560220e-01 1.000000000000000000e+00
2.166222078090962455e+01 -5.040314103968579040e+00 3.787742975200157347e-01 1.000000000000000000e+00
2.167651927647458265e+01 -5.023158720980139158e+00 3.802469967911065174e-01 1.000000000000000000e+00
2.169081777203953720e+01 -5.005937913761059121e+00 3.817147435276262990e-01 1.000000000000000000e+00
2.170511626760449531e+01 -4.988651906604077091e+00 3.831775186128791866e-01 1.000000000000000000e+00
2.171941476316945341e+01 -4.971300924651141706e+00 3.846353029949217128e-01 1.000000000000000000e+00
2.173371325873440796e+01 -4.953885193890467775e+00 3.860880776868118036e-01 1.000000000000000000e+00
2.174801175429936606e+01 -4.936404941153581305e+00 3.875358237668569128e-01 1.000000000000000000e+00
2.176231024986432416e+01 -4.918860394112377854e+00 3.889785223788599366e-01 1.000000000000000000e+00
2.177660874542927871e+01 -4.901251781276167563e+00 3.904161547323633519e-01 1.000000000000000000e+00
2.179090724099423682e+01 -4.883579331988668670e+00 3.918487021028966288e-01 1.000000000000000000e+00
2.180520573655919492e+01 -4.865843276425055208e+00 3.932761458322177606e-01 1.000000000000000000e+00
2.181950423212414947e+01 -4.848043845588937195e+00 3.946984673285570677e-01 1.000000000000000000e+00
2.183380272768910757e+01 -4.830181271309348823e+00 3.961156480668607816e-01 1.000000000000000000e+00
2.184810122325406567e+01 -4.812255786237751742e+00 3.975276695890293532e-01 1.000000000000000000e+00
2.186239971881902022e+01 -4.794267623844978843e+00 3.989345135041608148e-01 1.000000000000000000e+00
2.187669821438397832e+01 -4.776217018418203786e+00 4.003361614887890330e-01 1.000000000000000000e+00
2.189099670994893643e+01 -4.758104205057899883e+00 4.017325952871215189e-01 1.000000000000000000e+00
2.190529520551389098e+01 -4.739929419674771438e+00 4.031237967112781262e-01 1.000000000000000000e+00
2.191959370107884908e+01 -4.721692898986661113e+00 4.045097476415289717e-01 1.000000000000000000e+00
2.193389219664380363e+01 -4.703394880515510579e+00 4.058904300265276932e-01 1.000000000000000000e+00
2.194819069220876173e+01 -4.685035602584204817e+00 4.072658258835503142e-01 1.000000000000000000e+00
2.196248918777371983e+01 -4.666615304313535439e+00 4.086359172987255040e-01 1.000000000000000000e+00
2.197678768333867438e+01 -4.648134225619045878e+00 4.100006864272700557e-01 1.000000000000000000e+00
2.199108617890363249e+01 -4.629592607207907662e+00 4.113601154937220339e-01 1.000000000000000000e+00
2.200538467446859059e+01 -4.610990690575799356e+00 4.127141867921702012e-01 1.000000000000000000e+00
2.201968317003354514e+01 -4.592328718003765076e+00 4.140628826864852230e-01 1.000000000000000000e+00
2.203398166559850324e+01 -4.573606932555017934e+00 4.154061856105520367e-01 1.000000000000000000e+00
2.204828016116346134e+01 -4.554825578071834968e+00 4.167440780684943391e-01 1.000000000000000000e+00
2.206257865672841589e+01 -4.535984899172346374e+00 4.180765426349048464e-01 1.000000000000000000e+00
2.207687715229337400e+01 -4.517085141247338065e+00 4.194035619550730010e-01 1.000000000000000000e+00
2.209117564785833210e+01 -4.498126550457090644e+00 4.207251187452089036e-01 1.000000000000000000e+00
2.210547414342328665e+01 -4.479109373728151766e+00 4.220411957926692437e-01 1.000000000000000000e+00
2.211977263898824475e+01 -4.460033858750103164e+00 4.233517759561836180e-01 1.000000000000000000e+00
2.213407113455320285e+01 -4.440900253972375644e+00 4.246568421660740222e-01 1.000000000000000000e+00
2.214836963011815740e+01 -4.421708808600990359e+00 4.259563774244793377e-01 1.000000000000000000e+00
2.216266812568311551e+01 -4.402459772595300969e+00 4.272503648055773207e-01 1.000000000000000000e+00
2.217696662124807006e+01 -4.383153396664768664e+00 4.285387874558030386e-01 1.000000000000000000e+00
2.219126511681302816e+01 -4.363789932265666138e+00 4.298216285940703596e-01 1.000000000000000000e+00
2.220556361237798626e+01 -4.344369631597813530e+00 4.310988715119896675e-01 1.000000000000000000e+00
2.221986210794294081e+01 -4.324892747601315257e+00 4.323704995740845769e-01 1.000000000000000000e+00
2.223416060350789891e+01 -4.305359533953223128e+00 4.336364962180107030e-01 1.000000000000000000e+00
2.224845909907285701e+01 -4.285770245064273176e+00 4.348968449547692683e-01 1.000000000000000000e+00
2.226275759463781156e+01 -4.266125136075550550e+00 4.361515293689228745e-01 1.000000000000000000e+00
2.227705609020276967e+01 -4.246424462855165061e+00 4.374005331188095536e-01 1.000000000000000000e+00
2.229135458576772777e+01 -4.226668481994920512e+00 4.386438399367555974e-01 1.000000000000000000e+00
2.230565308133268232e+01 -4.206857450806993803e+00 4.398814336292859450e-01 1.000000000000000000e+00
2.231995157689764042e+01 -4.186991627320542975e+00 4.411132980773375678e-01 1.000000000000000000e+00
2.233425007246259852e+01 -4.167071270278386308e+00 4.423394172364671362e-01 1.000000000000000000e+00
2.234854856802755307e+01 -4.147096639133616591e+00 4.435597751370610187e-01 1.000000000000000000e+00
2.236284706359251118e+01 -4.127067994046207389e+00 4.447743558845437262e-01 1.000000000000000000e+00
2.237714555915746928e+01 -4.106985595879643292e+00 4.459831436595845244e-01 1.000000000000000000e+00
2.239144405472242383e+01 -4.086849706197522636e+00 4.471861227183024368e-01 1.000000000000000000e+00
2.240574255028738193e+01 -4.066660587260138016e+00 4.483832773924733006e-01 1.000000000000000000e+00
2.242004104585233648e+01 -4.046418502021074559e+00 4.495745920897316616e-01 1.000000000000000000e+00
2.243433954141729458e+01 -4.026123714123767350e+00 4.507600512937761095e-01 1.000000000000000000e+00
2.244863803698225269e+01 -4.005776487898093485e+00 4.519396395645692288e-01 1.000000000000000000e+00
2.246293653254720724e+01 -3.985377088356901520e+00 4.531133415385403262e-01 1.000000000000000000e+00
2.247723502811216534e+01 -3.964925781192571108e+00 4.542811419287849928e-01 1.000000000000000000e+00
2.249153352367712344e+01 -3.944422832773562870e+00 4.554430255252636117e-01 1.000000000000000000e+00
2.250583201924207799e+01 -3.923868510140942956e+00 4.565989771949998111e-01 1.000000000000000000e+00
2.252013051480703609e+01 -3.903263081004883617e+00 4.577489818822785828e-01 1.000000000000000000e+00
2.253442901037199420e+01 -3.882606813741212637e+00 4.588930246088409604e-01 1.000000000000000000e+00
2.254872750593694875e+01 -3.861899977387903693e+00 4.600310904740789186e-01 1.000000000000000000e+00
2.256302600150190685e+01 -3.841142841641537409e+00 4.611631646552321051e-01 1.000000000000000000e+00
2.257732449706686495e+01 -3.820335676853852114e+00 4.622892324075774106e-01 1.000000000000000000e+00
2.259162299263181950e+01 -3.799478754028184024e+00 4.634092790646226478e-01 1.000000000000000000e+00
2.260592148819677760e+01 -3.778572344815929629e+00 4.645232900382985086e-01 1.000000000000000000e+00
2.262021998376173570e+01 -3.757616721513034719e+00 4.656312508191464694e-01 1.000000000000000000e+00
2.263451847932669025e+01 -3.736612157056443451e+00 4.667331469765088059e-01 1.000000000000000000e+00
2.264881697489164836e+01 -3.715558925020503889e+00 4.678289641587182746e-01 1.000000000000000000e+00
2.266311547045660291e+01 -3.694457299613468582e+00 4.689186880932813550e-01 1.000000000000000000e+00
2.267741396602156101e+01 -3.673307555673866798e+00 4.700023045870675431e-01 1.000000000000000000e+00
2.269171246158651911e+01 -3.652109968666965578e+00 4.710797995264919269e-01 1.000000000000000000e+00
2.270601095715147366e+01 -3.630864814681162844e+00 4.721511588777000390e-01 1.000000000000000000e+00
2.272030945271643176e+01 -3.609572370424384946e+00 4.732163686867509877e-01 1.000000000000000000e+00
2.273460794828138987e+01 -3.588232913220489539e+00 4.742754150797986457e-01 1.000000000000000000e+00
2.274890644384634442e+01 -3.566846721005670684e+00 4.753282842632717275e-01 1.000000000000000000e+00
2.276320493941130252e+01 -3.545414072324805321e+00 4.763749625240550900e-01 1.000000000000000000e+00
2.277750343497626062e+01 -3.523935246327856596e+00 4.774154362296667009e-01 1.000000000000000000e+00
2.279180193054121517e+01 -3.502410522766226553e+00 4.784496918284358302e-01 1.000000000000000000e+00
2.280610042610617327e+01 -3.480840181989099502e+00 4.794777158496800751e-01 1.000000000000000000e+00
2.282039892167113138e+01 -3.459224504939802713e+00 4.804994949038804419e-01 1.000000000000000000e+00
2.283469741723608593e+01 -3.437563773152163105e+00 4.815150156828547634e-01 1.000000000000000000e+00
2.284899591280104403e+01 -3.415858268746800874e+00 4.825242649599330580e-01 1.000000000000000000e+00
2.286329440836600213e+01 -3.394108274427495964e+00 4.835272295901277273e-01 1.000000000000000000e+00
2.287759290393095668e+01 -3.372314073477485685e+00 4.845238965103056961e-01 1.000000000000000000e+00
2.289189139949591478e+01 -3.350475949755770344e+00 4.855142527393592200e-01 1.000000000000000000e+00
2.290618989506086933e+01 -3.328594187693424633e+00 4.864982853783737515e-01 1.000000000000000000e+00
2.292048839062582744e+01 -3.306669072289890376e+00 4.874759816107970267e-01 1.000000000000000000e+00
2.293478688619078554e+01 -3.284700889109272826e+00 4.884473287026046551e-01 1.000000000000000000e+00
2.294908538175574009e+01 -3.262689924276615638e+00 4.894123140024669305e-01 1.000000000000000000e+00
2.296338387732069819e+01 -3.240636464474159428e+00 4.903709249419141436e-01 1.000000000000000000e+00
2.297768237288565629e+01 -3.218540796937638948e+00 4.913231490354985076e-01 1.000000000000000000e+00
2.299198086845061084e+01 -3.196403209452510108e+00 4.922689738809586379e-01 1.000000000000000000e+00
2.300627936401556894e+01 -3.174223990350216074e+00 4.932083871593803126e-01 1.000000000000000000e+00
2.302057785958052705e+01 -3.152003428504442706e+00 4.941413766353563441e-01 1.000000000000000000e+00
2.303487635514548160e+01 -3.129741813327345135e+00 4.950679301571464519e-01 1.000000000000000000e+00
2.304917485071043970e+01 -3.107439434765761455e+00 4.959880356568364124e-01 1.000000000000000000e+00
2.306347334627539780e+01 -3.085096583297475714e+00 4.969016811504933795e-01 1.000000000000000000e+00
2.307777184184035235e+01 -3.062713549927396528e+00 4.978088547383237028e-01 1.000000000000000000e+00
2.309207033740531045e+01 -3.040290626183780098e+00 4.987095446048270264e-01 1.000000000000000000e+00
2.310636883297026856e+01 -3.017828104114449683e+00 4.996037390189502214e-01 1.000000000000000000e+00
2.312066732853522311e+01 -2.995326276282975098e+00 5.004914263342401526e-01 1.000000000000000000e+00
2.313496582410018121e+01 -2.972785435764849993e+00 5.013725949889960010e-01 1.000000000000000000e+00
2.314926431966513576e+01 -2.950205876143715322e+00 5.022472335064185334e-01 1.000000000000000000e+00
2.316356281523009386e+01 -2.927587891507474005e+00 5.031153304947619809e-01 1.000000000000000000e+00
2.317786131079505196e+01 -2.904931776444525493e+00 5.039768746474792005e-01 1.000000000000000000e+00
2.319215980636000651e+01 -2.882237826039898643e+00 5.048318547433712222e-01 1.000000000000000000e+00
2.320645830192496462e+01 -2.859506335871389471e+00 5.056802596467330213e-01 1.000000000000000000e+00
2.322075679748992272e+01 -2.836737602005749981e+00 5.065220783074980693e-01 1.000000000000000000e+00
2.323505529305487727e+01 -2.813931920994817482e+00 5.073572997613818858e-01 1.000000000000000000e+00
2.324935378861983537e+01 -2.791089589871615928e+00 5.081859131300270338e-01 1.000000000000000000e+00
2.326365228418479347e+01 -2.768210906146551409e+00 5.090079076211416753e-01 1.000000000000000000e+00
2.327795077974974802e+01 -2.745296167803502829e+00 5.098232725286419020e-01 1.000000000000000000e+00
2.329224927531470613e+01 -2.722345673295921920e+00 5.106319972327919565e-01 1.000000000000000000e+00
2.330654777087966423e+01 -2.699359721542987423e+00 5.114340712003404565e-01 1.000000000000000000e+00
2.332084626644461878e+01 -2.676338611925690447e+00 5.122294839846588399e-01 1.000000000000000000e+00
2.333514476200957688e+01 -2.653282644282925595e+00 5.130182252258779219e-01 1.000000000000000000e+00
2.334944325757453498e+01 -2.630192118907596299e+00 5.138002846510215660e-01 1.000000000000000000e+00
2.336374175313948953e+01 -2.607067336542719271e+00 5.145756520741411322e-01 1.000000000000000000e+00
2.337804024870444763e+01 -2.583908598377473442e+00 5.153443173964484814e-01 1.000000000000000000e+00
2.339233874426940218e+01 -2.560716206043314180e+00 5.161062706064464267e-01 1.000000000000000000e+00
2.340663723983436029e+01 -2.537490461610004910e+00 5.168615017800606282e-01 1.000000000000000000e+00
2.342093573539931839e+01 -2.514231667581728669e+00 5.176100010807672680e-01 1.000000000000000000e+00
2.343523423096427294e+01 -2.490940126893104622e+00 5.183517587597226139e-01 1.000000000000000000e+00
2.344953272652923104e+01 -2.467616142905260990e+00 5.190867651558890294e-01 1.000000000000000000e+00
2.346383122209418914e+01 -2.444260019401897299e+00 5.198150106961610950e-01 1.000000000000000000e+00
2.347812971765914369e+01 -2.420872060585314234e+00 5.205364858954899532e-01 1.000000000000000000e+00
2.349242821322410180e+01 -2.397452571072435479e+00 5.212511813570079866e-01 1.000000000000000000e+00
2.350672670878905990e+01 -2.374001855890878421e+00 5.219590877721494993e-01 1.000000000000000000e+00
2.352102520435401445e+01 -2.350520220474944022e+00 5.226601959207736181e-01 1.000000000000000000e+00
2.353532369991897255e+01 -2.327007970661654213e+00 5.233544966712833091e-01 1.000000000000000000e+00
2.354962219548393065e+01 -2.303465412686778624e+00 5.240419809807447260e-01 1.000000000000000000e+00
2.356392069104888520e+01 -2.279892853180839563e+00 5.247226398950043391e-01 1.000000000000000000e+00
2.357821918661384331e+01 -2.256290599165094335e+00 5.253964645488071739e-01 1.000000000000000000e+00
2.359251768217880141e+01 -2.232658958047581077e+00 5.260634461659101646e-01 1.000000000000000000e+00
2.360681617774375596e+01 -2.208998237619073990e+00 5.267235760591980620e-01 1.000000000000000000e+00
2.362111467330871406e+01 -2.185308746049090978e+00 5.273768456307963426e-01 1.000000000000000000e+00
2.363541316887366861e+01 -2.161590791881897733e+00 5.280232463721820091e-01 1.000000000000000000e+00
2.364971166443862671e+01 -2.137844684032447429e+00 5.286627698642961670e-01 1.000000000000000000e+00
2.366401016000358482e+01 -2.114070731782401236e+00 5.292954077776520494e-01 1.000000000000000000e+00
2.367830865556853936e+01 -2.090269244776083557e+00 5.299211518724443737e-01 1.000000000000000000e+00
2.369260715113349747e+01 -2.066440533016411507e+00 5.305399939986573665e-01 1.000000000000000000e+00
2.370690564669845557e+01 -2.042584906860927862e+00 5.311519260961691247e-01 1.000000000000000000e+00
2.372120414226341012e+01 -2.018702677017715885e+00 5.317569401948576413e-01 1.000000000000000000e+00
2.373550263782836822e+01 -1.994794154541340347e+00 5.323550284147052780e-01 1.000000000000000000e+00
2.374980113339332632e+01 -1.970859650828833853e+00 5.329461829658996841e-01 1.000000000000000000e+00
2.376409962895828087e+01 -1.946899477615627871e+00 5.335303961489366031e-01 1.000000000000000000e+00
2.377839812452323898e+01 -1.922913946971451127e+00 5.341076603547202373e-01 1.000000000000000000e+00
2.379269662008819708e+01 -1.898903371296336573e+00 5.346779680646611688e-01 1.000000000000000000e+00
2.380699511565315163e+01 -1.874868063316509348e+00 5.352413118507753920e-01 1.000000000000000000e+00
2.382129361121810973e+01 -1.850808336080305816e+00 5.357976843757805696e-01 1.000000000000000000e+00
2.383559210678306783e+01 -1.826724502954127249e+00 5.363470783931916230e-01 1.000000000000000000e+00
2.384989060234802238e+01 -1.802616877618347990e+00 5.368894867474149901e-01 1.000000000000000000e+00
2.386418909791298049e+01 -1.778485774063190972e+00 5.374249023738427722e-01 1.000000000000000000e+00
2.387848759347793504e+01 -1.754331506584711819e+00 5.379533182989433282e-01 1.000000000000000000e+00
2.389278608904289314e+01 -1.730154389780635293e+00 5.384747276403527572e-01 1.000000000000000000e+00
2.390708458460785124e+01 -1.705954738546306082e+00 5.389891236069650482e-01 1.000000000000000000e+00
2.392138308017280579e+01 -1.681732868070569209e+00 5.394964994990193441e-01 1.000000000000000000e+00
2.393568157573776389e+01 -1.657489093831651994e+00 5.399968487081884261e-01 1.000000000000000000e+00
2.394998007130272200e+01 -1.633223731593068440e+00 5.404901647176640900e-01 1.000000000000000000e+00
2.396427856686767655e+01 -1.608937097399522953e+00 5.409764411022420783e-01 1.000000000000000000e+00
2.397857706243263465e+01 -1.584629507572753893e+00 5.414556715284061239e-01 1.000000000000000000e+00
2.399287555799759275e+01 -1.560301278707454387e+00 5.419278497544098849e-01 1.000000000000000000e+00
2.400717405356254730e+01 -1.535952727667130535e+00 5.423929696303585457e-01 1.000000000000000000e+00
2.402147254912750540e+01 -1.511584171579958280e+00 5.428510250982891971e-01 1.000000000000000000e+00
2.403577104469246351e+01 -1.487195927834692011e+00 5.433020101922492184e-01 1.000000000000000000e+00
2.405006954025741805e+01 -1.462788314076492568e+00 5.437459190383743257e-01 1.000000000000000000e+00
2.406436803582237616e+01 -1.438361648202803433e+00 5.441827458549649554e-01 1.000000000000000000e+00
2.407866653138733426e+01 -1.413916248359226469e+00 5.446124849525616485e-01 1.000000000000000000e+00
2.409296502695228881e+01 -1.389452432935363912e+00 5.450351307340186580e-01 1.000000000000000000e+00
2.410726352251724691e+01 -1.364970520560654821e+00 5.454506776945778901e-01 1.000000000000000000e+00
2.412156201808220146e+01 -1.340470830100271016e+00 5.458591204219394033e-01 1.000000000000000000e+00
2.413586051364715956e+01 -1.315953680650894242e+00 5.462604535963331287e-01 1.000000000000000000e+00
2.415015900921211767e+01 -1.291419391536636985e+00 5.466546719905870377e-01 1.000000000000000000e+00
2.416445750477707222e+01 -1.266868282304841609e+00 5.470417704701956430e-01 1.000000000000000000e+00
2.417875600034203032e+01 -1.242300672721906807e+00 5.474217439933873885e-01 1.000000000000000000e+00
2.419305449590698842e+01 -1.217716882769157571e+00 5.477945876111892654e-01 1.000000000000000000e+00
2.420735299147194297e+01 -1.193117232638667424e+00 5.481602964674922029e-01 1.000000000000000000e+00
2.422165148703690107e+01 -1.168502042729044677e+00 5.485188657991142414e-01 1.000000000000000000e+00
2.423594998260185918e+01 -1.143871633641331265e+00 5.488702909358617044e-01 1.000000000000000000e+00
2.425024847816681373e+01 -1.119226326174786790e+00 5.492145673005909279e-01 1.000000000000000000e+00
2.426454697373177183e+01 -1.094566441322695649e+00 5.495516904092677679e-01 1.000000000000000000e+00
2.427884546929672993e+01 -1.069892300268225016e+00 5.498816558710252211e-01 1.000000000000000000e+00
2.429314396486168448e+01 -1.045204224380227753e+00 5.502044593882218226e-01 1.000000000000000000e+00
2.430744246042664258e+01 -1.020502535209014461e+00 5.505200967564967129e-01 1.000000000000000000e+00
2.432174095599160069e+01 -9.957875544822396563e-01 5.508285638648248161e-01 1.000000000000000000e+00
2.433603945155655524e+01 -9.710596041006669399e-01 5.511298566955699085e-01 1.000000000000000000e+00
2.435033794712151334e+01 -9.463190061339655790e-01 5.514239713245376873e-01 1.000000000000000000e+00
2.436463644268646789e+01 -9.215660828165582741e-01 5.517109039210261745e-01 1.000000000000000000e+00
2.437893493825142599e+01 -8.968011565433806620e-01 5.519906507478762325e-01 1.000000000000000000e+00
2.439323343381638409e+01 -8.720245498657009930e-01 5.522632081615197475e-01 1.000000000000000000e+00
2.440753192938133864e+01 -8.472365854869383650e-01 5.525285726120271468e-01 1.000000000000000000e+00
2.442183042494629674e+01 -8.224375862584153429e-01 5.527867406431539177e-01 1.000000000000000000e+00
2.443612892051125485e+01 -7.976278751751961771e-01 5.530377088923855711e-01 1.000000000000000000e+00
2.445042741607620940e+01 -7.728077753718627374e-01 5.532814740909808293e-01 1.000000000000000000e+00
2.446472591164116750e+01 -7.479776101182924464e-01 5.535180330640151469e-01 1.000000000000000000e+00
2.447902440720612560e+01 -7.231377028154599707e-01 5.537473827304215668e-01 1.000000000000000000e+00
2.449332290277108015e+01 -6.982883769912441307e-01 5.539695201030307992e-01 1.000000000000000000e+00
2.450762139833603825e+01 -6.734299562961710839e-01 5.541844422886101906e-01 1.000000000000000000e+00
2.452191989390099636e+01 -6.485627644992416618e-01 5.543921464879013605e-01 1.000000000000000000e+00
2.453621838946595091e+01 -6.236871254836959810e-01 5.545926299956568384e-01 1.000000000000000000e+00
2.455051688503090901e+01 -5.988033632427828268e-01 5.547858902006753690e-01 1.000000000000000000e+00
2.456481538059586356e+01 -5.739118018755583472e-01 5.549719245858353300e-01 1.000000000000000000e+00
2.457911387616082166e+01 -5.490127655826523290e-01 5.551507307281284831e-01 1.000000000000000000e+00
2.459341237172577976e+01 -5.241065786620642264e-01 5.553223062986903935e-01 1.000000000000000000e+00
2.460771086729073431e+01 -4.991935655049271059e-01 5.554866490628317388e-01 1.000000000000000000e+00
2.462200936285569242e+01 -4.742740505912637627e-01 5.556437568800669524e-01 1.000000000000000000e+00
2.463630785842065052e+01 -4.493483584858039559e-01 5.557936277041420903e-01 1.000000000000000000e+00
2.465060635398560507e+01 -4.244168138337142127e-01 5.559362595830615872e-01 1.000000000000000000e+00
2.466490484955056317e+01 -3.994797413563872523e-01 5.560716506591137920e-01 1.000000000000000000e+00
2.467920334511552127e+01 -3.745374658472256368e-01 5.561997991688949483e-01 1.000000000000000000e+00
2.469350184068047582e+01 -3.495903121673988312e-01 5.563207034433320652e-01 1.000000000000000000e+00
2.470780033624543393e+01 -3.246386052415936585e-01 5.564343619077052328e-01 1.000000000000000000e+00
2.472209883181039203e+01 -2.996826700538193777e-01 5.565407730816673837e-01 1.000000000000000000e+00
2.473639732737534658e+01 -2.747228316431623019e-01 5.566399355792641668e-01 1.000000000000000000e+00
2.475069582294030468e+01 -2.497594150995094964e-01 5.567318481089515991e-01 1.000000000000000000e+00
2.476499431850526278e+01 -2.247927455593884127e-01 5.568165094736131637e-01 1.000000000000000000e+00
2.477929281407021733e+01 -1.998231482016891714e-01 5.568939185705751305e-01 1.000000000000000000e+00
2.479359130963517543e+01 -1.748509482434166262e-01 5.569640743916212111e-01 1.000000000000000000e+00
2.480788980520012998e+01 -1.498764709354980795e-01 5.570269760230056599e-01 1.000000000000000000e+00
2.482218830076508809e+01 -1.249000415585036355e-01 5.570826226454647090e-01 1.000000000000000000e+00
2.483648679633004619e+01 -9.992198541842821358e-02 5.571310135342278924e-01 1.000000000000000000e+00
2.485078529189500074e+01 -7.494262784247297804e-02 5.571721480590272613e-01 1.000000000000000000e+00
2.486508378745995884e+01 -4.996229417476508172e-02 5.572060256841051551e-01 1.000000000000000000e+00
2.487938228302491694e+01 -2.498130977216324669e-02 5.572326459682219735e-01 1.000000000000000000e+00
2.489368077858987149e+01 -1.695414517532507821e-15 5.572520085646611721e-01 1.000000000000000000e+00
