0.000000000000000000e+00 0.000000000000000000e+00 2.910722554956294506e+00 1.000000000000000000e+00
1.429332012812847830e-02 1.095082416659062946e-01 2.922229573110857626e+00 1.000000000000000000e+00
2.858664025625695659e-02 2.190155524132596232e-01 2.933711749685605774e+00 1.000000000000000000e+00
4.287996038438543489e-02 3.285210013314205924e-01 2.945168987071711264e+00 1.000000000000000000e+00
5.717328051251391319e-02 4.380236575255772036e-01 2.956601187872350600e+00 1.000000000000000000e+00
7.146660064064239148e-02 5.475225901246578708e-01 2.968008254903533594e+00 1.000000000000000000e+00
8.575992076877086978e-02 6.570168682892452150e-01 2.979390091194931145e+00 1.000000000000000000e+00
1.000532408968993481e-01 7.665055612194884294e-01 2.990746599990696364e+00 1.000000000000000000e+00
1.143465610250278264e-01 8.759877381630165605e-01 3.002077684750290576e+00 1.000000000000000000e+00
1.286398811531563047e-01 9.854624684228496800e-01 3.013383249149300003e+00 1.000000000000000000e+00
1.429332012812847830e-01 1.094928821365312555e+00 3.024663197080259991e+00 1.000000000000000000e+00
1.572265214094132613e-01 1.204385866427943874e+00 3.035917432653465919e+00 1.000000000000000000e+00
1.715198415375417396e-01 1.313832673127407924e+00 3.047145860197792988e+00 1.000000000000000000e+00
1.858131616656702179e-01 1.423268311067403369e+00 3.058348384261507569e+00 1.000000000000000000e+00
2.001064817937986962e-01 1.532691849946575369e+00 3.069524909613079888e+00 1.000000000000000000e+00
2.143998019219271745e-01 1.642102359566420366e+00 3.080675341241989607e+00 1.000000000000000000e+00
2.286931220500556527e-01 1.751498909839195317e+00 3.091799584359539832e+00 1.000000000000000000e+00
2.429864421781841310e-01 1.860880570795824251e+00 3.102897544399657814e+00 1.000000000000000000e+00
2.572797623063126093e-01 1.970246412593805729e+00 3.113969127019700522e+00 1.000000000000000000e+00
2.715730824344411154e-01 2.079595505525112298e+00 3.125014238101257558e+00 1.000000000000000000e+00
2.858664025625695659e-01 2.188926920024098166e+00 3.136032783750950959e+00 1.000000000000000000e+00
3.001597226906980165e-01 2.298239726675401329e+00 3.147024670301229676e+00 1.000000000000000000e+00
3.144530428188265225e-01 2.407532996221842136e+00 3.157989804311173820e+00 1.000000000000000000e+00
3.287463629469550286e-01 2.516805799572323643e+00 3.168928092567280252e+00 1.000000000000000000e+00
3.430396830750834791e-01 2.626057207809729732e+00 3.179839442084259726e+00 1.000000000000000000e+00
3.573330032032119297e-01 2.735286292198822800e+00 3.190723760105827811e+00 1.000000000000000000e+00
3.716263233313404357e-01 2.844492124194139215e+00 3.201580954105490928e+00 1.000000000000000000e+00
3.859196434594689418e-01 2.953673775447879013e+00 3.212410931787334167e+00 1.000000000000000000e+00
4.002129635875973923e-01 3.062830317817800907e+00 3.223213601086806435e+00 1.000000000000000000e+00
4.145062837157258429e-01 3.171960823375113314e+00 3.233988870171501606e+00 1.000000000000000000e+00
4.287996038438543489e-01 3.281064364412359602e+00 3.244736647441941457e+00 1.000000000000000000e+00
4.430929239719828550e-01 3.390140013451306000e+00 3.255456841532351042e+00 1.000000000000000000e+00
4.573862441001113055e-01 3.499186843250825962e+00 3.266149361311438959e+00 1.000000000000000000e+00
4.716795642282397560e-01 3.608203926814782747e+00 3.276814115883167844e+00 1.000000000000000000e+00
4.859728843563682621e-01 3.717190337399909339e+00 3.287451014587533304e+00 1.000000000000000000e+00
5.002662044844967681e-01 3.826145148523685702e+00 3.298059967001327752e+00 1.000000000000000000e+00
5.145595246126252187e-01 3.935067433972215145e+00 3.308640882938913119e+00 1.000000000000000000e+00
5.288528447407536692e-01 4.043956267808100691e+00 3.319193672452987798e+00 1.000000000000000000e+00
5.431461648688822308e-01 4.152810724378314333e+00 3.329718245835347812e+00 1.000000000000000000e+00
5.574394849970106813e-01 4.261629878322064080e+00 3.340214513617653758e+00 1.000000000000000000e+00
5.717328051251391319e-01 4.370412804578658772e+00 3.350682386572187976e+00 1.000000000000000000e+00
5.860261252532675824e-01 4.479158578395383117e+00 3.361121775712615722e+00 1.000000000000000000e+00
6.003194453813960330e-01 4.587866275335345634e+00 3.371532592294738784e+00 1.000000000000000000e+00
6.146127655095245945e-01 4.696534971285343474e+00 3.381914747817251765e+00 1.000000000000000000e+00
6.289060856376530451e-01 4.805163742463715693e+00 3.392268154022494819e+00 1.000000000000000000e+00
6.431994057657814956e-01 4.913751665428200965e+00 3.402592722897202382e+00 1.000000000000000000e+00
6.574927258939100572e-01 5.022297817083784643e+00 3.412888366673252349e+00 1.000000000000000000e+00
6.717860460220385077e-01 5.130801274690540481e+00 3.423154997828412593e+00 1.000000000000000000e+00
6.860793661501669582e-01 5.239261115871486574e+00 3.433392529087083922e+00 1.000000000000000000e+00
7.003726862782954088e-01 5.347676418620416428e+00 3.443600873421041264e+00 1.000000000000000000e+00
7.146660064064238593e-01 5.456046261309738910e+00 3.453779944050176631e+00 1.000000000000000000e+00
7.289593265345524209e-01 5.564369722698321752e+00 3.463929654443233197e+00 1.000000000000000000e+00
7.432526466626808714e-01 5.672645881939303081e+00 3.474049918318544705e+00 1.000000000000000000e+00
7.575459667908093220e-01 5.780873818587943802e+00 3.484140649644764665e+00 1.000000000000000000e+00
7.718392869189378835e-01 5.889052612609432913e+00 3.494201762641599540e+00 1.000000000000000000e+00
7.861326070470663341e-01 5.997181344386718571e+00 3.504233171780540612e+00 1.000000000000000000e+00
8.004259271751947846e-01 6.105259094728320513e+00 3.514234791785586509e+00 1.000000000000000000e+00
8.147192473033232352e-01 6.213284944876154015e+00 3.524206537633971070e+00 1.000000000000000000e+00
8.290125674314516857e-01 6.321257976513324550e+00 3.534148324556886323e+00 1.000000000000000000e+00
8.433058875595802473e-01 6.429177271771943758e+00 3.544060068040200129e+00 1.000000000000000000e+00
8.575992076877086978e-01 6.537041913240932978e+00 3.553941683825178277e+00 1.000000000000000000e+00
8.718925278158371484e-01 6.644850983973820568e+00 3.563793087909197688e+00 1.000000000000000000e+00
8.861858479439657099e-01 6.752603567496536563e+00 3.573614196546463617e+00 1.000000000000000000e+00
9.004791680720941605e-01 6.860298747815194886e+00 3.583404926248717537e+00 1.000000000000000000e+00
9.147724882002226110e-01 6.967935609423901333e+00 3.593165193785951672e+00 1.000000000000000000e+00
9.290658083283510615e-01 7.075513237312513581e+00 3.602894916187112884e+00 1.000000000000000000e+00
9.433591284564795121e-01 7.183030716974432295e+00 3.612594010740808770e+00 1.000000000000000000e+00
9.576524485846080736e-01 7.290487134414372683e+00 3.622262394996011992e+00 1.000000000000000000e+00
9.719457687127365242e-01 7.397881576156133399e+00 3.631899986762759713e+00 1.000000000000000000e+00
9.862390888408649747e-01 7.505213129250361881e+00 3.641506704112853043e+00 1.000000000000000000e+00
1.000532408968993536e+00 7.612480881282317036e+00 3.651082465380554698e+00 1.000000000000000000e+00
1.014825729097121876e+00 7.719683920379619479e+00 3.660627189163279116e+00 1.000000000000000000e+00
1.029119049225250437e+00 7.826821335220015996e+00 3.670140794322291011e+00 1.000000000000000000e+00
1.043412369353378999e+00 7.933892215039112905e+00 3.679623199983387494e+00 1.000000000000000000e+00
1.057705689481507338e+00 8.040895649638121867e+00 3.689074325537592181e+00 1.000000000000000000e+00
1.071999009609635900e+00 8.147830729391605686e+00 3.698494090641837762e+00 1.000000000000000000e+00
1.086292329737764462e+00 8.254696545255203688e+00 3.707882415219646344e+00 1.000000000000000000e+00
1.100585649865892801e+00 8.361492188773354428e+00 3.717239219461816013e+00 1.000000000000000000e+00
1.114878969994021363e+00 8.468216752087036170e+00 3.726564423827093631e+00 1.000000000000000000e+00
1.129172290122149702e+00 8.574869327941456731e+00 3.735857949042855175e+00 1.000000000000000000e+00
1.143465610250278264e+00 8.681449009693798402e+00 3.745119716105776320e+00 1.000000000000000000e+00
1.157758930378406825e+00 8.787954891320898909e+00 3.754349646282507447e+00 1.000000000000000000e+00
1.172052250506535165e+00 8.894386067426964360e+00 3.763547661110338893e+00 1.000000000000000000e+00
1.186345570634663726e+00 9.000741633251271523e+00 3.772713682397872414e+00 1.000000000000000000e+00
1.200638890762792066e+00 9.107020684675841693e+00 3.781847632225681100e+00 1.000000000000000000e+00
1.214932210890920627e+00 9.213222318233148300e+00 3.790949432946977282e+00 1.000000000000000000e+00
1.229225531019049189e+00 9.319345631113780115e+00 3.800019007188267572e+00 1.000000000000000000e+00
1.243518851147177529e+00 9.425389721174118662e+00 3.809056277850012329e+00 1.000000000000000000e+00
1.257812171275306090e+00 9.531353686944028070e+00 3.818061168107283798e+00 1.000000000000000000e+00
1.272105491403434652e+00 9.637236627634475639e+00 3.827033601410413599e+00 1.000000000000000000e+00
1.286398811531562991e+00 9.743037643145230575e+00 3.835973501485649084e+00 1.000000000000000000e+00
1.300692131659691553e+00 9.848755834072504101e+00 3.844880792335798603e+00 1.000000000000000000e+00
1.314985451787820114e+00 9.954390301716573575e+00 3.853755398240877650e+00 1.000000000000000000e+00
1.329278771915948454e+00 1.005994014808945103e+01 3.862597243758754573e+00 1.000000000000000000e+00
1.343572092044077015e+00 1.016540447592251084e+01 3.871406253725788282e+00 1.000000000000000000e+00
1.357865412172205355e+00 1.027078238867409965e+01 3.880182353257471295e+00 1.000000000000000000e+00
1.372158732300333916e+00 1.037607299053718002e+01 3.888925467749064335e+00 1.000000000000000000e+00
1.386452052428462478e+00 1.048127538644692258e+01 3.897635522876229164e+00 1.000000000000000000e+00
1.400745372556590818e+00 1.058638868208834261e+01 3.906312444595663180e+00 1.000000000000000000e+00
1.415038692684719379e+00 1.069141198390387615e+01 3.914956159145726922e+00 1.000000000000000000e+00
1.429332012812847719e+00 1.079634439910100063e+01 3.923566593047072004e+00 1.000000000000000000e+00
1.443625332940976280e+00 1.090118503565980212e+01 3.932143673103266845e+00 1.000000000000000000e+00
1.457918653069104842e+00 1.100593300234056393e+01 3.940687326401414392e+00 1.000000000000000000e+00
1.472211973197233181e+00 1.111058740869135342e+01 3.949197480312777397e+00 1.000000000000000000e+00
1.486505293325361743e+00 1.121514736505558574e+01 3.957674062493393485e+00 1.000000000000000000e+00
1.500798613453490304e+00 1.131961198257958756e+01 3.966117000884689325e+00 1.000000000000000000e+00
1.515091933581618644e+00 1.142398037322014304e+01 3.974526223714094808e+00 1.000000000000000000e+00
1.529385253709747206e+00 1.152825164975205396e+01 3.982901659495651447e+00 1.000000000000000000e+00
1.543678573837875767e+00 1.163242492577568754e+01 3.991243237030622559e+00 1.000000000000000000e+00
1.557971893966004107e+00 1.173649931572449034e+01 3.999550885408095446e+00 1.000000000000000000e+00
1.572265214094132668e+00 1.184047393487254318e+01 4.007824534005586692e+00 1.000000000000000000e+00
1.586558534222261008e+00 1.194434789934205909e+01 4.016064112489641680e+00 1.000000000000000000e+00
1.600851854350389569e+00 1.204812032611090444e+01 4.024269550816431007e+00 1.000000000000000000e+00
1.615145174478518131e+00 1.215179033302012179e+01 4.032440779232350003e+00 1.000000000000000000e+00
1.629438494606646470e+00 1.225535703878139593e+01 4.040577728274605818e+00 1.000000000000000000e+00
1.643731814734775032e+00 1.235881956298457673e+01 4.048680328771814274e+00 1.000000000000000000e+00
1.658025134862903371e+00 1.246217702610515055e+01 4.056748511844581628e+00 1.000000000000000000e+00
1.672318454991031933e+00 1.256542854951170973e+01 4.064782208906096095e+00 1.000000000000000000e+00
1.686611775119160495e+00 1.266857325547343827e+01 4.072781351662706051e+00 1.000000000000000000e+00
1.700905095247288834e+00 1.277161026716755288e+01 4.080745872114501793e+00 1.000000000000000000e+00
1.715198415375417396e+00 1.287453870868678685e+01 4.088675702555897296e+00 1.000000000000000000e+00
1.729491735503545957e+00 1.297735770504679742e+01 4.096570775576201306e+00 1.000000000000000000e+00
1.743785055631674297e+00 1.308006638219363893e+01 4.104431024060190225e+00 1.000000000000000000e+00
1.758078375759802858e+00 1.318266386701117554e+01 4.112256381188683640e+00 1.000000000000000000e+00
1.772371695887931420e+00 1.328514928732849398e+01 4.120046780439107437e+00 1.000000000000000000e+00
1.786665016016059759e+00 1.338752177192734649e+01 4.127802155586058674e+00 1.000000000000000000e+00
1.800958336144188321e+00 1.348978045054952801e+01 4.135522440701874913e+00 1.000000000000000000e+00
1.815251656272316660e+00 1.359192445390429782e+01 4.143207570157187547e+00 1.000000000000000000e+00
1.829544976400445222e+00 1.369395291367575318e+01 4.150857478621484908e+00 1.000000000000000000e+00
1.843838296528573784e+00 1.379586496253020833e+01 4.158472101063662052e+00 1.000000000000000000e+00
1.858131616656702123e+00 1.389765973412358946e+01 4.166051372752582083e+00 1.000000000000000000e+00
1.872424936784830685e+00 1.399933636310876928e+01 4.173595229257615280e+00 1.000000000000000000e+00
1.886718256912959024e+00 1.410089398514295134e+01 4.181103606449197763e+00 1.000000000000000000e+00
1.901011577041087586e+00 1.420233173689500283e+01 4.188576440499368836e+00 1.000000000000000000e+00
1.915304897169216147e+00 1.430364875605278918e+01 4.196013667882318998e+00 1.000000000000000000e+00
1.929598217297344487e+00 1.440484418133052102e+01 4.203415225374925512e+00 1.000000000000000000e+00
1.943891537425473048e+00 1.450591715247605862e+01 4.210781050057291530e+00 1.000000000000000000e+00
1.958184857553601610e+00 1.460686681027823752e+01 4.218111079313282552e+00 1.000000000000000000e+00
1.972478177681729949e+00 1.470769229657416410e+01 4.225405250831055781e+00 1.000000000000000000e+00
1.986771497809858511e+00 1.480839275425651991e+01 4.232663502603593031e+00 1.000000000000000000e+00
2.001064817937987073e+00 1.490896732728083407e+01 4.239885772929227414e+00 1.000000000000000000e+00
2.015358138066115412e+00 1.500941516067276993e+01 4.247072000412161152e+00 1.000000000000000000e+00
2.029651458194243752e+00 1.510973540053539921e+01 4.254222123963000257e+00 1.000000000000000000e+00
2.043944778322372535e+00 1.520992719405645133e+01 4.261336082799262570e+00 1.000000000000000000e+00
2.058238098450500875e+00 1.530998968951555383e+01 4.268413816445899123e+00 1.000000000000000000e+00
2.072531418578629214e+00 1.540992203629149593e+01 4.275455264735806615e+00 1.000000000000000000e+00
2.086824738706757998e+00 1.550972338486944935e+01 4.282460367810341673e+00 1.000000000000000000e+00
2.101118058834886337e+00 1.560939288684817683e+01 4.289429066119827993e+00 1.000000000000000000e+00
2.115411378963014677e+00 1.570892969494726366e+01 4.296361300424061724e+00 1.000000000000000000e+00
2.129704699091143461e+00 1.580833296301432078e+01 4.303257011792815945e+00 1.000000000000000000e+00
2.143998019219271800e+00 1.590760184603214356e+01 4.310116141606340712e+00 1.000000000000000000e+00
2.158291339347400140e+00 1.600673550012594504e+01 4.316938631555862216e+00 1.000000000000000000e+00
2.172584659475528923e+00 1.610573308257050229e+01 4.323724423644082826e+00 1.000000000000000000e+00
2.186877979603657263e+00 1.620459375179731154e+01 4.330473460185663370e+00 1.000000000000000000e+00
2.201171299731785602e+00 1.630331666740177354e+01 4.337185683807723180e+00 1.000000000000000000e+00
2.215464619859913942e+00 1.640190099015029901e+01 4.343861037450325036e+00 1.000000000000000000e+00
2.229757939988042725e+00 1.650034588198747088e+01 4.350499464366957447e+00 1.000000000000000000e+00
2.244051260116171065e+00 1.659865050604316750e+01 4.357100908125020489e+00 1.000000000000000000e+00
2.258344580244299404e+00 1.669681402663965741e+01 4.363665312606305413e+00 1.000000000000000000e+00
2.272637900372428188e+00 1.679483560929872610e+01 4.370192622007470717e+00 1.000000000000000000e+00
2.286931220500556527e+00 1.689271442074874230e+01 4.376682780840512876e+00 1.000000000000000000e+00
2.301224540628684867e+00 1.699044962893178479e+01 4.383135733933245959e+00 1.000000000000000000e+00
2.315517860756813651e+00 1.708804040301066962e+01 4.389551426429763481e+00 1.000000000000000000e+00
2.329811180884941990e+00 1.718548591337603071e+01 4.395929803790908252e+00 1.000000000000000000e+00
2.344104501013070330e+00 1.728278533165338970e+01 4.402270811794736893e+00 1.000000000000000000e+00
2.358397821141199113e+00 1.737993783071017262e+01 4.408574396536977247e+00 1.000000000000000000e+00
2.372691141269327453e+00 1.747694258466274775e+01 4.414840504431488455e+00 1.000000000000000000e+00
2.386984461397455792e+00 1.757379876888345294e+01 4.421069082210719259e+00 1.000000000000000000e+00
2.401277781525584132e+00 1.767050556000760864e+01 4.427260076926152976e+00 1.000000000000000000e+00
2.415571101653712915e+00 1.776706213594051320e+01 4.433413435948769354e+00 1.000000000000000000e+00
2.429864421781841255e+00 1.786346767586440620e+01 4.439529106969479777e+00 1.000000000000000000e+00
2.444157741909969594e+00 1.795972136024549215e+01 4.445607037999580236e+00 1.000000000000000000e+00
2.458451062038098378e+00 1.805582237084088604e+01 4.451647177371190089e+00 1.000000000000000000e+00
2.472744382166226718e+00 1.815176989070553759e+01 4.457649473737691714e+00 1.000000000000000000e+00
2.487037702294355057e+00 1.824756310419923722e+01 4.463613876074167486e+00 1.000000000000000000e+00
2.501331022422483841e+00 1.834320119699351892e+01 4.469540333677833210e+00 1.000000000000000000e+00
2.515624342550612180e+00 1.843868335607855258e+01 4.475428796168467116e+00 1.000000000000000000e+00
2.529917662678740520e+00 1.853400876977011436e+01 4.481279213488842394e+00 1.000000000000000000e+00
2.544210982806869303e+00 1.862917662771644345e+01 4.487091535905150863e+00 1.000000000000000000e+00
2.558504302934997643e+00 1.872418612090514145e+01 4.492865714007421296e+00 1.000000000000000000e+00
2.572797623063125982e+00 1.881903644167006462e+01 4.498601698709948415e+00 1.000000000000000000e+00
2.587090943191254766e+00 1.891372678369817706e+01 4.504299441251702341e+00 1.000000000000000000e+00
2.601384263319383106e+00 1.900825634203638970e+01 4.509958893196746033e+00 1.000000000000000000e+00
2.615677583447511445e+00 1.910262431309843478e+01 4.515580006434647409e+00 1.000000000000000000e+00
2.629970903575640229e+00 1.919682989467168355e+01 4.521162733180888793e+00 1.000000000000000000e+00
2.644264223703768568e+00 1.929087228592394965e+01 4.526707025977271925e+00 1.000000000000000000e+00
2.658557543831896908e+00 1.938475068741031748e+01 4.532212837692318530e+00 1.000000000000000000e+00
2.672850863960025247e+00 1.947846430107994564e+01 4.537680121521678878e+00 1.000000000000000000e+00
2.687144184088154031e+00 1.957201233028281706e+01 4.543108830988522584e+00 1.000000000000000000e+00
2.701437504216282370e+00 1.966539397977654602e+01 4.548498919943935626e+00 1.000000000000000000e+00
2.715730824344410710e+00 1.975860845573311053e+01 4.553850342567313803e+00 1.000000000000000000e+00
2.730024144472539493e+00 1.985165496574563448e+01 4.559163053366752649e+00 1.000000000000000000e+00
2.744317464600667833e+00 1.994453271883507384e+01 4.564437007179428463e+00 1.000000000000000000e+00
2.758610784728796173e+00 2.003724092545699165e+01 4.569672159171994430e+00 1.000000000000000000e+00
2.772904104856924956e+00 2.012977879750826204e+01 4.574868464840947446e+00 1.000000000000000000e+00
2.787197424985053296e+00 2.022214554833372091e+01 4.580025880013015360e+00 1.000000000000000000e+00
2.801490745113181635e+00 2.031434039273289827e+01 4.585144360845530009e+00 1.000000000000000000e+00
2.815784065241310419e+00 2.040636254696671514e+01 4.590223863826802031e+00 1.000000000000000000e+00
2.830077385369438758e+00 2.049821122876406676e+01 4.595264345776485904e+00 1.000000000000000000e+00
2.844370705497567098e+00 2.058988565732855136e+01 4.600265763845951206e+00 1.000000000000000000e+00
2.858664025625695437e+00 2.068138505334507471e+01 4.605228075518646769e+00 1.000000000000000000e+00
2.872957345753824221e+00 2.077270863898646169e+01 4.610151238610459501e+00 1.000000000000000000e+00
2.887250665881952560e+00 2.086385563792009634e+01 4.615035211270074100e+00 1.000000000000000000e+00
2.901543986010080900e+00 2.095482527531449435e+01 4.619879951979330990e+00 1.000000000000000000e+00
2.915837306138209684e+00 2.104561677784593243e+01 4.624685419553576260e+00 1.000000000000000000e+00
2.930130626266338023e+00 2.113622937370496402e+01 4.629451573142013387e+00 1.000000000000000000e+00
2.944423946394466363e+00 2.122666229260302018e+01 4.634178372228049625e+00 1.000000000000000000e+00
2.958717266522595146e+00 2.131691476577895017e+01 4.638865776629639726e+00 1.000000000000000000e+00
2.973010586650723486e+00 2.140698602600555489e+01 4.643513746499632333e+00 1.000000000000000000e+00
2.987303906778851825e+00 2.149687530759610965e+01 4.648122242326103049e+00 1.000000000000000000e+00
3.001597226906980609e+00 2.158658184641085853e+01 4.652691224932690162e+00 1.000000000000000000e+00
3.015890547035108948e+00 2.167610487986354784e+01 4.657220655478933047e+00 1.000000000000000000e+00
3.030183867163237288e+00 2.176544364692786004e+01 4.661710495460598125e+00 1.000000000000000000e+00
3.044477187291366072e+00 2.185459738814391528e+01 4.666160706710006600e+00 1.000000000000000000e+00
3.058770507419494411e+00 2.194356534562473016e+01 4.670571251396359536e+00 1.000000000000000000e+00
3.073063827547622751e+00 2.203234676306264461e+01 4.674942092026062035e+00 1.000000000000000000e+00
3.087357147675751534e+00 2.212094088573575590e+01 4.679273191443034996e+00 1.000000000000000000e+00
3.101650467803879874e+00 2.220934696051431345e+01 4.683564512829039295e+00 1.000000000000000000e+00
3.115943787932008213e+00 2.229756423586718128e+01 4.687816019703981318e+00 1.000000000000000000e+00
3.130237108060136553e+00 2.238559196186817246e+01 4.692027675926231822e+00 1.000000000000000000e+00
3.144530428188265336e+00 2.247342939020243691e+01 4.696199445692920804e+00 1.000000000000000000e+00
3.158823748316393676e+00 2.256107577417281718e+01 4.700331293540256361e+00 1.000000000000000000e+00
3.173117068444522015e+00 2.264853036870622560e+01 4.704423184343813347e+00 1.000000000000000000e+00
3.187410388572650799e+00 2.273579243035993969e+01 4.708475083318838905e+00 1.000000000000000000e+00
3.201703708700779138e+00 2.282286121732794371e+01 4.712486956020549123e+00 1.000000000000000000e+00
3.215997028828907478e+00 2.290973598944724543e+01 4.716458768344416796e+00 1.000000000000000000e+00
3.230290348957036262e+00 2.299641600820412890e+01 4.720390486526463647e+00 1.000000000000000000e+00
3.244583669085164601e+00 2.308290053674047471e+01 4.724282077143549863e+00 1.000000000000000000e+00
3.258876989213292941e+00 2.316918883985999500e+01 4.728133507113653877e+00 1.000000000000000000e+00
3.273170309341421724e+00 2.325528018403451469e+01 4.731944743696158362e+00 1.000000000000000000e+00
3.287463629469550064e+00 2.334117383741015317e+01 4.735715754492122009e+00 1.000000000000000000e+00
3.301756949597678403e+00 2.342686906981360906e+01 4.739446507444562862e+00 1.000000000000000000e+00
3.316050269725806743e+00 2.351236515275832417e+01 4.743136970838724764e+00 1.000000000000000000e+00
3.330343589853935526e+00 2.359766135945069365e+01 4.746787113302349148e+00 1.000000000000000000e+00
3.344636909982063866e+00 2.368275696479624415e+01 4.750396903805942372e+00 1.000000000000000000e+00
3.358930230110192205e+00 2.376765124540578356e+01 4.753966311663036848e+00 1.000000000000000000e+00
3.373223550238320989e+00 2.385234347960156853e+01 4.757495306530457491e+00 1.000000000000000000e+00
3.387516870366449329e+00 2.393683294742342227e+01 4.760983858408572189e+00 1.000000000000000000e+00
3.401810190494577668e+00 2.402111893063489134e+01 4.764431937641552928e+00 1.000000000000000000e+00
3.416103510622706452e+00 2.410520071272929599e+01 4.767839514917623589e+00 1.000000000000000000e+00
3.430396830750834791e+00 2.418907757893585853e+01 4.771206561269313973e+00 1.000000000000000000e+00
3.444690150878963131e+00 2.427274881622577141e+01 4.774533048073699604e+00 1.000000000000000000e+00
3.458983471007091914e+00 2.435621371331826523e+01 4.777818947052652199e+00 1.000000000000000000e+00
3.473276791135220254e+00 2.443947156068662707e+01 4.781064230273075033e+00 1.000000000000000000e+00
3.487570111263348593e+00 2.452252165056428623e+01 4.784268870147140085e+00 1.000000000000000000e+00
3.501863431391477377e+00 2.460536327695076864e+01 4.787432839432526954e+00 1.000000000000000000e+00
3.516156751519605717e+00 2.468799573561773286e+01 4.790556111232652015e+00 1.000000000000000000e+00
3.530450071647734056e+00 2.477041832411495292e+01 4.793638658996893120e+00 1.000000000000000000e+00
3.544743391775862840e+00 2.485263034177630104e+01 4.796680456520824087e+00 1.000000000000000000e+00
3.559036711903991179e+00 2.493463108972567710e+01 4.799681477946428743e+00 1.000000000000000000e+00
3.573330032032119519e+00 2.501641987088296304e+01 4.802641697762324746e+00 1.000000000000000000e+00
3.587623352160247858e+00 2.509799598996995229e+01 4.805561090803982971e+00 1.000000000000000000e+00
3.601916672288376642e+00 2.517935875351625796e+01 4.808439632253936225e+00 1.000000000000000000e+00
3.616209992416504981e+00 2.526050746986521744e+01 4.811277297641991524e+00 1.000000000000000000e+00
3.630503312544633321e+00 2.534144144917974373e+01 4.814074062845442370e+00 1.000000000000000000e+00
3.644796632672762104e+00 2.542216000344820870e+01 4.816829904089268588e+00 1.000000000000000000e+00
3.659089952800890444e+00 2.550266244649030867e+01 4.819544797946340609e+00 1.000000000000000000e+00
3.673383272929018784e+00 2.558294809396285530e+01 4.822218721337617531e+00 1.000000000000000000e+00
3.687676593057147567e+00 2.566301626336564823e+01 4.824851651532347852e+00 1.000000000000000000e+00
3.701969913185275907e+00 2.574286627404721628e+01 4.827443566148255094e+00 1.000000000000000000e+00
3.716263233313404246e+00 2.582249744721064744e+01 4.829994443151734096e+00 1.000000000000000000e+00
3.730556553441533030e+00 2.590190910591934781e+01 4.832504260858035749e+00 1.000000000000000000e+00
3.744849873569661369e+00 2.598110057510279347e+01 4.834972997931451744e+00 1.000000000000000000e+00
3.759143193697789709e+00 2.606007118156225744e+01 4.837400633385496640e+00 1.000000000000000000e+00
3.773436513825918048e+00 2.613882025397656506e+01 4.839787146583086397e+00 1.000000000000000000e+00
3.787729833954046832e+00 2.621734712290776059e+01 4.842132517236711564e+00 1.000000000000000000e+00
3.802023154082175171e+00 2.629565112080681999e+01 4.844436725408611366e+00 1.000000000000000000e+00
3.816316474210303511e+00 2.637373158201934586e+01 4.846699751510944232e+00 1.000000000000000000e+00
3.830609794338432295e+00 2.645158784279118080e+01 4.848921576305953884e+00 1.000000000000000000e+00
3.844903114466560634e+00 2.652921924127407394e+01 4.851102180906129213e+00 1.000000000000000000e+00
3.859196434594688974e+00 2.660662511753131199e+01 4.853241546774371251e+00 1.000000000000000000e+00
3.873489754722817757e+00 2.668380481354332545e+01 4.855339655724145054e+00 1.000000000000000000e+00
3.887783074850946097e+00 2.676075767321327703e+01 4.857396489919637794e+00 1.000000000000000000e+00
3.902076394979074436e+00 2.683748304237264648e+01 4.859412031875907978e+00 1.000000000000000000e+00
3.916369715107203220e+00 2.691398026878678706e+01 4.861386264459037321e+00 1.000000000000000000e+00
3.930663035235331559e+00 2.699024870216045358e+01 4.863319170886271081e+00 1.000000000000000000e+00
3.944956355363459899e+00 2.706628769414337299e+01 4.865210734726169051e+00 1.000000000000000000e+00
3.959249675491588683e+00 2.714209659833571919e+01 4.867060939898734340e+00 1.000000000000000000e+00
3.973542995619717022e+00 2.721767477029360904e+01 4.868869770675560815e+00 1.000000000000000000e+00
3.987836315747845362e+00 2.729302156753461261e+01 4.870637211679959222e+00 1.000000000000000000e+00
4.002129635875974145e+00 2.736813634954317820e+01 4.872363247887090409e+00 1.000000000000000000e+00
4.016422956004102041e+00 2.744301847777608572e+01 4.874047864624094117e+00 1.000000000000000000e+00
4.030716276132230824e+00 2.751766731566791435e+01 4.875691047570215098e+00 1.000000000000000000e+00
4.045009596260359608e+00 2.759208222863637872e+01 4.877292782756917688e+00 1.000000000000000000e+00
4.059302916388487503e+00 2.766626258408778227e+01 4.878853056568013713e+00 1.000000000000000000e+00
4.073596236516616287e+00 2.774020775142240325e+01 4.880371855739771725e+00 1.000000000000000000e+00
4.087889556644745070e+00 2.781391710203977752e+01 4.881849167361032471e+00 1.000000000000000000e+00
4.102182876772872966e+00 2.788739000934414847e+01 4.883284978873319027e+00 1.000000000000000000e+00
4.116476196901001749e+00 2.796062584874972146e+01 4.884679278070941599e+00 1.000000000000000000e+00
4.130769517029130533e+00 2.803362399768596802e+01 4.886032053101103223e+00 1.000000000000000000e+00
4.145062837157258429e+00 2.810638383560297271e+01 4.887343292463998345e+00 1.000000000000000000e+00
4.159356157285387212e+00 2.817890474397666623e+01 4.888612985012914081e+00 1.000000000000000000e+00
4.173649477413515996e+00 2.825118610631411187e+01 4.889841119954321691e+00 1.000000000000000000e+00
4.187942797541643891e+00 2.832322730815869605e+01 4.891027686847968958e+00 1.000000000000000000e+00
4.202236117669772675e+00 2.839502773709541117e+01 4.892172675606969889e+00 1.000000000000000000e+00
4.216529437797901458e+00 2.846658678275603194e+01 4.893276076497890870e+00 1.000000000000000000e+00
4.230822757926029354e+00 2.853790383682429876e+01 4.894337880140832375e+00 1.000000000000000000e+00
4.245116078054158137e+00 2.860897829304111184e+01 4.895358077509506245e+00 1.000000000000000000e+00
4.259409398182286921e+00 2.867980954720967190e+01 4.896336659931319168e+00 1.000000000000000000e+00
4.273702718310414816e+00 2.875039699720058906e+01 4.897273619087439300e+00 1.000000000000000000e+00
4.287996038438543600e+00 2.882074004295705549e+01 4.898168947012871755e+00 1.000000000000000000e+00
4.302289358566672384e+00 2.889083808649991880e+01 4.899022636096523442e+00 1.000000000000000000e+00
4.316582678694800279e+00 2.896069053193275167e+01 4.899834679081269684e+00 1.000000000000000000e+00
4.330875998822929063e+00 2.903029678544692871e+01 4.900605069064013719e+00 1.000000000000000000e+00
4.345169318951057846e+00 2.909965625532671041e+01 4.901333799495748877e+00 1.000000000000000000e+00
4.359462639079185742e+00 2.916876835195419204e+01 4.902020864181610982e+00 1.000000000000000000e+00
4.373755959207314525e+00 2.923763248781439827e+01 4.902666257280930751e+00 1.000000000000000000e+00
4.388049279335442421e+00 2.930624807750023209e+01 4.903269973307287977e+00 1.000000000000000000e+00
4.402342599463571204e+00 2.937461453771747344e+01 4.903832007128553272e+00 1.000000000000000000e+00
4.416635919591699988e+00 2.944273128728970690e+01 4.904352353966932476e+00 1.000000000000000000e+00
4.430929239719827883e+00 2.951059774716329187e+01 4.904831009399011066e+00 1.000000000000000000e+00
4.445222559847956667e+00 2.957821334041227956e+01 4.905267969355785240e+00 1.000000000000000000e+00
4.459515879976085451e+00 2.964557749224331218e+01 4.905663230122703666e+00 1.000000000000000000e+00
4.473809200104213346e+00 2.971268963000050434e+01 4.906016788339694124e+00 1.000000000000000000e+00
4.488102520232342130e+00 2.977954918317031385e+01 4.906328641001194590e+00 1.000000000000000000e+00
4.502395840360470913e+00 2.984615558338641605e+01 4.906598785456175449e+00 1.000000000000000000e+00
4.516689160488598809e+00 2.991250826443448574e+01 4.906827219408167018e+00 1.000000000000000000e+00
4.530982480616727592e+00 2.997860666225705373e+01 4.907013940915273764e+00 1.000000000000000000e+00
4.545275800744856376e+00 3.004445021495829238e+01 4.907158948390196507e+00 1.000000000000000000e+00
4.559569120872984271e+00 3.011003836280877266e+01 4.907262240600241299e+00 1.000000000000000000e+00
4.573862441001113055e+00 3.017537054825024612e+01 4.907323816667330085e+00 1.000000000000000000e+00
4.588155761129241839e+00 3.024044621590037352e+01 4.907343676068011362e+00 1.000000000000000000e+00
4.602449081257369734e+00 3.030526481255743931e+01 4.907321818633463728e+00 1.000000000000000000e+00
4.616742401385498518e+00 3.036982578720509096e+01 4.907258244549493220e+00 1.000000000000000000e+00
4.631035721513627301e+00 3.043412859101694679e+01 4.907152954356537755e+00 1.000000000000000000e+00
4.645329041641755197e+00 3.049817267736134951e+01 4.907005948949658247e+00 1.000000000000000000e+00
4.659622361769883980e+00 3.056195750180596349e+01 4.906817229578533279e+00 1.000000000000000000e+00
4.673915681898012764e+00 3.062548252212240385e+01 4.906586797847445780e+00 1.000000000000000000e+00
4.688209002026140659e+00 3.068874719829084796e+01 4.906314655715275030e+00 1.000000000000000000e+00
4.702502322154269443e+00 3.075175099250467170e+01 4.906000805495472683e+00 1.000000000000000000e+00
4.716795642282398227e+00 3.081449336917492943e+01 4.905645249856047663e+00 1.000000000000000000e+00
4.731088962410526122e+00 3.087697379493499028e+01 4.905247991819543962e+00 1.000000000000000000e+00
4.745382282538654906e+00 3.093919173864505012e+01 4.904809034763011333e+00 1.000000000000000000e+00
4.759675602666783689e+00 3.100114667139660796e+01 4.904328382417979526e+00 1.000000000000000000e+00
4.773968922794911585e+00 3.106283806651701696e+01 4.903806038870424544e+00 1.000000000000000000e+00
4.788262242923040368e+00 3.112426539957392535e+01 4.903242008560739329e+00 1.000000000000000000e+00
4.802555563051168264e+00 3.118542814837975641e+01 4.902636296283686690e+00 1.000000000000000000e+00
4.816848883179297047e+00 3.124632579299612800e+01 4.901988907188366440e+00 1.000000000000000000e+00
4.831142203307425831e+00 3.130695781573828285e+01 4.901299846778167435e+00 1.000000000000000000e+00
4.845435523435553726e+00 3.136732370117949742e+01 4.900569120910724941e+00 1.000000000000000000e+00
4.859728843563682510e+00 3.142742293615544114e+01 4.899796735797864677e+00 1.000000000000000000e+00
4.874022163691811294e+00 3.148725500976856395e+01 4.898982698005553971e+00 1.000000000000000000e+00
4.888315483819939189e+00 3.154681941339242712e+01 4.898127014453847572e+00 1.000000000000000000e+00
4.902608803948067973e+00 3.160611564067601975e+01 4.897229692416824598e+00 1.000000000000000000e+00
4.916902124076196756e+00 3.166514318754806823e+01 4.896290739522529911e+00 1.000000000000000000e+00
4.931195444204324652e+00 3.172390155222134211e+01 4.895310163752907506e+00 1.000000000000000000e+00
4.945488764332453435e+00 3.178239023519688544e+01 4.894287973443733897e+00 1.000000000000000000e+00
4.959782084460582219e+00 3.184060873926828705e+01 4.893224177284546172e+00 1.000000000000000000e+00
4.974075404588710114e+00 3.189855656952588703e+01 4.892118784318567393e+00 1.000000000000000000e+00
4.988368724716838898e+00 3.195623323336101862e+01 4.890971803942632867e+00 1.000000000000000000e+00
5.002662044844967681e+00 3.201363824047016493e+01 4.889783245907107556e+00 1.000000000000000000e+00
5.016955364973095577e+00 3.207077110285911203e+01 4.888553120315803469e+00 1.000000000000000000e+00
5.031248685101224360e+00 3.212763133484715894e+01 4.887281437625894398e+00 1.000000000000000000e+00
5.045542005229353144e+00 3.218421845307118190e+01 4.885968208647827993e+00 1.000000000000000000e+00
5.059835325357481040e+00 3.224053197648976976e+01 4.884613444545230720e+00 1.000000000000000000e+00
5.074128645485609823e+00 3.229657142638733802e+01 4.883217156834817274e+00 1.000000000000000000e+00
5.088421965613738607e+00 3.235233632637813628e+01 4.881779357386287543e+00 1.000000000000000000e+00
5.102715285741866502e+00 3.240782620241038359e+01 4.880300058422230691e+00 1.000000000000000000e+00
5.117008605869995286e+00 3.246304058277020488e+01 4.878779272518018573e+00 1.000000000000000000e+00
5.131301925998124069e+00 3.251797899808570946e+01 4.877217012601700041e+00 1.000000000000000000e+00
5.145595246126251965e+00 3.257264098133094166e+01 4.875613291953888151e+00 1.000000000000000000e+00
5.159888566254380748e+00 3.262702606782990244e+01 4.873968124207651798e+00 1.000000000000000000e+00
5.174181886382509532e+00 3.268113379526040774e+01 4.872281523348395815e+00 1.000000000000000000e+00
5.188475206510637427e+00 3.273496370365811714e+01 4.870553503713746402e+00 1.000000000000000000e+00
5.202768526638766211e+00 3.278851533542040642e+01 4.868784079993422331e+00 1.000000000000000000e+00
5.217061846766894995e+00 3.284178823531021862e+01 4.866973267229118605e+00 1.000000000000000000e+00
5.231355166895022890e+00 3.289478195046000053e+01 4.865121080814371446e+00 1.000000000000000000e+00
5.245648487023151674e+00 3.294749603037548980e+01 4.863227536494432179e+00 1.000000000000000000e+00
5.259941807151280457e+00 3.299993002693960875e+01 4.861292650366129564e+00 1.000000000000000000e+00
5.274235127279408353e+00 3.305208349441621607e+01 4.859316438877737454e+00 1.000000000000000000e+00
5.288528447407537136e+00 3.310395598945394369e+01 4.857298918828830026e+00 1.000000000000000000e+00
5.302821767535665032e+00 3.315554707108990584e+01 4.855240107370142333e+00 1.000000000000000000e+00
5.317115087663793815e+00 3.320685630075352179e+01 4.853140022003423759e+00 1.000000000000000000e+00
5.331408407791922599e+00 3.325788324227016801e+01 4.850998680581288802e+00 1.000000000000000000e+00
5.345701727920050494e+00 3.330862746186495826e+01 4.848816101307066972e+00 1.000000000000000000e+00
5.359995048048179278e+00 3.335908852816638870e+01 4.846592302734642921e+00 1.000000000000000000e+00
5.374288368176308062e+00 3.340926601220999714e+01 4.844327303768307225e+00 1.000000000000000000e+00
5.388581688304435957e+00 3.345915948744202950e+01 4.842021123662585858e+00 1.000000000000000000e+00
5.402875008432564741e+00 3.350876852972309194e+01 4.839673782022085646e+00 1.000000000000000000e+00
5.417168328560693524e+00 3.355809271733168941e+01 4.837285298801321964e+00 1.000000000000000000e+00
5.431461648688821420e+00 3.360713163096784939e+01 4.834855694304549978e+00 1.000000000000000000e+00
5.445754968816950203e+00 3.365588485375673145e+01 4.832384989185592339e+00 1.000000000000000000e+00
5.460048288945078987e+00 3.370435197125205917e+01 4.829873204447666879e+00 1.000000000000000000e+00
5.474341609073206882e+00 3.375253257143974395e+01 4.827320361443202756e+00 1.000000000000000000e+00
5.488634929201335666e+00 3.380042624474135948e+01 4.824726481873660155e+00 1.000000000000000000e+00
5.502928249329464450e+00 3.384803258401759507e+01 4.822091587789349987e+00 1.000000000000000000e+00
5.517221569457592345e+00 3.389535118457174434e+01 4.819415701589241152e+00 1.000000000000000000e+00
5.531514889585721129e+00 3.394238164415315850e+01 4.816698846020773139e+00 1.000000000000000000e+00
5.545808209713849912e+00 3.398912356296060722e+01 4.813941044179663287e+00 1.000000000000000000e+00
5.560101529841977808e+00 3.403557654364574603e+01 4.811142319509706944e+00 1.000000000000000000e+00
5.574394849970106591e+00 3.408174019131646304e+01 4.808302695802580295e+00 1.000000000000000000e+00
5.588688170098235375e+00 3.412761411354021845e+01 4.805422197197639633e+00 1.000000000000000000e+00
5.602981490226363270e+00 3.417319792034741965e+01 4.802500848181714410e+00 1.000000000000000000e+00
5.617274810354492054e+00 3.421849122423471101e+01 4.799538673588899407e+00 1.000000000000000000e+00
5.631568130482620838e+00 3.426349364016825660e+01 4.796535698600341568e+00 1.000000000000000000e+00
5.645861450610748733e+00 3.430820478558705844e+01 4.793491948744030395e+00 1.000000000000000000e+00
5.660154770738877517e+00 3.435262428040615390e+01 4.790407449894576786e+00 1.000000000000000000e+00
5.674448090867006300e+00 3.439675174701988425e+01 4.787282228272995432e+00 1.000000000000000000e+00
5.688741410995134196e+00 3.444058681030508495e+01 4.784116310446482778e+00 1.000000000000000000e+00
5.703034731123262979e+00 3.448412909762431156e+01 4.780909723328185201e+00 1.000000000000000000e+00
5.717328051251390875e+00 3.452737823882894475e+01 4.777662494176979635e+00 1.000000000000000000e+00
5.731621371379519658e+00 3.457033386626237359e+01 4.774374650597233760e+00 1.000000000000000000e+00
5.745914691507648442e+00 3.461299561476314324e+01 4.771046220538575078e+00 1.000000000000000000e+00
5.760208011635776337e+00 3.465536312166801736e+01 4.767677232295652878e+00 1.000000000000000000e+00
5.774501331763905121e+00 3.469743602681506900e+01 4.764267714507898432e+00 1.000000000000000000e+00
5.788794651892033905e+00 3.473921397254675725e+01 4.760817696159278078e+00 1.000000000000000000e+00
5.803087972020161800e+00 3.478069660371298966e+01 4.757327206578053413e+00 1.000000000000000000e+00
5.817381292148290584e+00 3.482188356767407100e+01 4.753796275436522834e+00 1.000000000000000000e+00
5.831674612276419367e+00 3.486277451430375862e+01 4.750224932750779061e+00 1.000000000000000000e+00
5.845967932404547263e+00 3.490336909599223958e+01 4.746613208880445356e+00 1.000000000000000000e+00
5.860261252532676046e+00 3.494366696764905100e+01 4.742961134528424161e+00 1.000000000000000000e+00
5.874554572660804830e+00 3.498366778670602883e+01 4.739268740740632424e+00 1.000000000000000000e+00
5.888847892788932725e+00 3.502337121312023527e+01 4.735536058905739587e+00 1.000000000000000000e+00
5.903141212917061509e+00 3.506277690937684355e+01 4.731763120754896690e+00 1.000000000000000000e+00
5.917434533045190292e+00 3.510188454049198725e+01 4.727949958361472582e+00 1.000000000000000000e+00
5.931727853173318188e+00 3.514069377401561667e+01 4.724096604140777700e+00 1.000000000000000000e+00
5.946021173301446971e+00 3.517920428003434807e+01 4.720203090849787841e+00 1.000000000000000000e+00
5.960314493429575755e+00 3.521741573117424196e+01 4.716269451586868833e+00 1.000000000000000000e+00
5.974607813557703651e+00 3.525532780260358834e+01 4.712295719791493198e+00 1.000000000000000000e+00
5.988901133685832434e+00 3.529294017203568501e+01 4.708281929243954167e+00 1.000000000000000000e+00
6.003194453813961218e+00 3.533025251973155179e+01 4.704228114065081456e+00 1.000000000000000000e+00
6.017487773942089113e+00 3.536726452850268743e+01 4.700134308715952614e+00 1.000000000000000000e+00
6.031781094070217897e+00 3.540397588371371995e+01 4.696000547997592811e+00 1.000000000000000000e+00
6.046074414198346680e+00 3.544038627328509961e+01 4.691826867050687966e+00 1.000000000000000000e+00
6.060367734326474576e+00 3.547649538769577049e+01 4.687613301355279205e+00 1.000000000000000000e+00
6.074661054454603359e+00 3.551230291998579247e+01 4.683359886730465327e+00 1.000000000000000000e+00
6.088954374582732143e+00 3.554780856575891335e+01 4.679066659334096379e+00 1.000000000000000000e+00
6.103247694710860038e+00 3.558301202318522627e+01 4.674733655662467235e+00 1.000000000000000000e+00
6.117541014838988822e+00 3.561791299300366376e+01 4.670360912550004961e+00 1.000000000000000000e+00
6.131834334967117606e+00 3.565251117852461249e+01 4.665948467168960612e+00 1.000000000000000000e+00
6.146127655095245501e+00 3.568680628563235047e+01 4.661496357029089488e+00 1.000000000000000000e+00
6.160420975223374285e+00 3.572079802278763339e+01 4.657004619977330506e+00 1.000000000000000000e+00
6.174714295351503068e+00 3.575448610103011760e+01 4.652473294197489118e+00 1.000000000000000000e+00
6.189007615479630964e+00 3.578787023398083988e+01 4.647902418209911346e+00 1.000000000000000000e+00
6.203300935607759747e+00 3.582095013784464044e+01 4.643292030871153386e+00 1.000000000000000000e+00
6.217594255735887643e+00 3.585372553141257157e+01 4.638642171373655643e+00 1.000000000000000000e+00
6.231887575864016426e+00 3.588619613606432779e+01 4.633952879245404333e+00 1.000000000000000000e+00
6.246180895992145210e+00 3.591836167577054795e+01 4.629224194349601085e+00 1.000000000000000000e+00
6.260474216120273105e+00 3.595022187709523109e+01 4.624456156884321878e+00 1.000000000000000000e+00
6.274767536248401889e+00 3.598177646919798178e+01 4.619648807382173317e+00 1.000000000000000000e+00
6.289060856376530673e+00 3.601302518383641171e+01 4.614802186709948906e+00 1.000000000000000000e+00
6.303354176504658568e+00 3.604396775536831399e+01 4.609916336068286213e+00 1.000000000000000000e+00
6.317647496632787352e+00 3.607460392075402211e+01 4.604991296991308047e+00 1.000000000000000000e+00
6.331940816760916135e+00 3.610493341955855584e+01 4.600027111346277842e+00 1.000000000000000000e+00
6.346234136889044031e+00 3.613495599395390201e+01 4.595023821333238168e+00 1.000000000000000000e+00
6.360527457017172814e+00 3.616467138872117459e+01 4.589981469484654575e+00 1.000000000000000000e+00
6.374820777145301598e+00 3.619407935125279607e+01 4.584900098665053214e+00 1.000000000000000000e+00
6.389114097273429493e+00 3.622317963155462195e+01 4.579779752070655796e+00 1.000000000000000000e+00
6.403407417401558277e+00 3.625197198224810791e+01 4.574620473229015438e+00 1.000000000000000000e+00
6.417700737529687061e+00 3.628045615857236328e+01 4.569422305998641853e+00 1.000000000000000000e+00
6.431994057657814956e+00 3.630863191838627557e+01 4.564185294568631868e+00 1.000000000000000000e+00
6.446287377785943740e+00 3.633649902217054262e+01 4.558909483458293721e+00 1.000000000000000000e+00
6.460580697914072523e+00 3.636405723302971182e+01 4.553594917516766927e+00 1.000000000000000000e+00
6.474874018042200419e+00 3.639130631669421234e+01 4.548241641922643019e+00 1.000000000000000000e+00
6.489167338170329202e+00 3.641824604152231615e+01 4.542849702183579197e+00 1.000000000000000000e+00
6.503460658298457986e+00 3.644487617850213468e+01 4.537419144135911964e+00 1.000000000000000000e+00
6.517753978426585881e+00 3.647119650125354440e+01 4.531950013944271660e+00 1.000000000000000000e+00
6.532047298554714665e+00 3.649720678603012658e+01 4.526442358101181007e+00 1.000000000000000000e+00
6.546340618682843449e+00 3.652290681172107867e+01 4.520896223426671412e+00 1.000000000000000000e+00
6.560633938810971344e+00 3.654829635985305458e+01 4.515311657067875295e+00 1.000000000000000000e+00
6.574927258939100128e+00 3.657337521459206897e+01 4.509688706498629074e+00 1.000000000000000000e+00
6.589220579067228911e+00 3.659814316274528778e+01 4.504027419519071707e+00 1.000000000000000000e+00
6.603513899195356807e+00 3.662259999376287567e+01 4.498327844255234353e+00 1.000000000000000000e+00
6.617807219323485590e+00 3.664674549973977946e+01 4.492590029158630927e+00 1.000000000000000000e+00
6.632100539451613486e+00 3.667057947541746898e+01 4.486814023005854857e+00 1.000000000000000000e+00
6.646393859579742269e+00 3.669410171818571342e+01 4.480999874898150104e+00 1.000000000000000000e+00
6.660687179707871053e+00 3.671731202808430794e+01 4.475147634261006147e+00 1.000000000000000000e+00
6.674980499835998948e+00 3.674021020780471503e+01 4.469257350843734322e+00 1.000000000000000000e+00
6.689273819964127732e+00 3.676279606269184086e+01 4.463329074719038836e+00 1.000000000000000000e+00
6.703567140092256516e+00 3.678506940074557718e+01 4.457362856282600205e+00 1.000000000000000000e+00
6.717860460220384411e+00 3.680703003262253503e+01 4.451358746252642717e+00 1.000000000000000000e+00
6.732153780348513195e+00 3.682867777163758660e+01 4.445316795669500110e+00 1.000000000000000000e+00
6.746447100476641978e+00 3.685001243376547109e+01 4.439237055895188355e+00 1.000000000000000000e+00
6.760740420604769874e+00 3.687103383764237918e+01 4.433119578612964240e+00 1.000000000000000000e+00
6.775033740732898657e+00 3.689174180456745944e+01 4.426964415826885713e+00 1.000000000000000000e+00
6.789327060861027441e+00 3.691213615850438146e+01 4.420771619861373125e+00 1.000000000000000000e+00
6.803620380989155336e+00 3.693221672608277828e+01 4.414541243360763367e+00 1.000000000000000000e+00
6.817913701117284120e+00 3.695198333659977408e+01 4.408273339288859560e+00 1.000000000000000000e+00
6.832207021245412903e+00 3.697143582202139811e+01 4.401967960928485191e+00 1.000000000000000000e+00
6.846500341373540799e+00 3.699057401698402714e+01 4.395625161881027587e+00 1.000000000000000000e+00
6.860793661501669582e+00 3.700939775879578519e+01 4.389244996065983173e+00 1.000000000000000000e+00
6.875086981629798366e+00 3.702790688743793623e+01 4.382827517720500055e+00 1.000000000000000000e+00
6.889380301757926262e+00 3.704610124556624839e+01 4.376372781398917056e+00 1.000000000000000000e+00
6.903673621886055045e+00 3.706398067851230138e+01 4.369880841972298313e+00 1.000000000000000000e+00
6.917966942014183829e+00 3.708154503428482940e+01 4.363351754627967871e+00 1.000000000000000000e+00
6.932260262142311724e+00 3.709879416357103565e+01 4.356785574869042499e+00 1.000000000000000000e+00
6.946553582270440508e+00 3.711572791973777186e+01 4.350182358513952963e+00 1.000000000000000000e+00
6.960846902398569291e+00 3.713234615883290957e+01 4.343542161695981285e+00 1.000000000000000000e+00
6.975140222526697187e+00 3.714864873958644154e+01 4.336865040862771359e+00 1.000000000000000000e+00
6.989433542654825970e+00 3.716463552341178911e+01 4.330151052775856435e+00 1.000000000000000000e+00
7.003726862782954754e+00 3.718030637440689645e+01 4.323400254510173291e+00 1.000000000000000000e+00
7.018020182911082649e+00 3.719566115935544559e+01 4.316612703453580835e+00 1.000000000000000000e+00
7.032313503039211433e+00 3.721069974772795064e+01 4.309788457306367171e+00 1.000000000000000000e+00
7.046606823167340217e+00 3.722542201168288045e+01 4.302927574080761985e+00 1.000000000000000000e+00
7.060900143295468112e+00 3.723982782606774578e+01 4.296030112100445386e+00 1.000000000000000000e+00
7.075193463423596896e+00 3.725391706842017214e+01 4.289096130000046969e+00 1.000000000000000000e+00
7.089486783551725679e+00 3.726768961896892307e+01 4.282125686724652880e+00 1.000000000000000000e+00
7.103780103679853575e+00 3.728114536063494455e+01 4.275118841529300440e+00 1.000000000000000000e+00
7.118073423807982358e+00 3.729428417903231008e+01 4.268075653978474548e+00 1.000000000000000000e+00
7.132366743936110254e+00 3.730710596246925803e+01 4.260996183945606752e+00 1.000000000000000000e+00
7.146660064064239037e+00 3.731961060194908697e+01 4.253880491612558323e+00 1.000000000000000000e+00
7.160953384192367821e+00 3.733179799117112907e+01 4.246728637469113998e+00 1.000000000000000000e+00
7.175246704320495716e+00 3.734366802653159567e+01 4.239540682312468611e+00 1.000000000000000000e+00
7.189540024448624500e+00 3.735522060712452230e+01 4.232316687246705733e+00 1.000000000000000000e+00
7.203833344576753284e+00 3.736645563474257159e+01 4.225056713682279863e+00 1.000000000000000000e+00
7.218126664704881179e+00 3.737737301387791433e+01 4.217760823335499509e+00 1.000000000000000000e+00
7.232419984833009963e+00 3.738797265172300399e+01 4.210429078227990729e+00 1.000000000000000000e+00
7.246713304961138746e+00 3.739825445817138672e+01 4.203061540686184649e+00 1.000000000000000000e+00
7.261006625089266642e+00 3.740821834581845451e+01 4.195658273340777455e+00 1.000000000000000000e+00
7.275299945217395425e+00 3.741786422996221262e+01 4.188219339126198371e+00 1.000000000000000000e+00
7.289593265345524209e+00 3.742719202860394745e+01 4.180744801280080303e+00 1.000000000000000000e+00
7.303886585473652104e+00 3.743620166244899394e+01 4.173234723342718056e+00 1.000000000000000000e+00
7.318179905601780888e+00 3.744489305490736797e+01 4.165689169156530092e+00 1.000000000000000000e+00
7.332473225729909672e+00 3.745326613209439870e+01 4.158108202865512304e+00 1.000000000000000000e+00
7.346766545858037567e+00 3.746132082283141784e+01 4.150491888914698890e+00 1.000000000000000000e+00
7.361059865986166351e+00 3.746905705864629965e+01 4.142840292049606354e+00 1.000000000000000000e+00
7.375353186114295134e+00 3.747647477377407199e+01 4.135153477315692605e+00 1.000000000000000000e+00
7.389646506242423030e+00 3.748357390515749898e+01 4.127431510057797404e+00 1.000000000000000000e+00
7.403939826370551813e+00 3.749035439244757839e+01 4.119674455919585476e+00 1.000000000000000000e+00
7.418233146498680597e+00 3.749681617800406030e+01 4.111882380842995843e+00 1.000000000000000000e+00
7.432526466626808492e+00 3.750295920689595164e+01 4.104055351067674273e+00 1.000000000000000000e+00
7.446819786754937276e+00 3.750878342690199219e+01 4.096193433130415507e+00 1.000000000000000000e+00
7.461113106883066060e+00 3.751428878851107385e+01 4.088296693864593934e+00 1.000000000000000000e+00
7.475406427011193955e+00 3.751947524492266695e+01 4.080365200399595160e+00 1.000000000000000000e+00
7.489699747139322739e+00 3.752434275204721814e+01 4.072399020160246685e+00 1.000000000000000000e+00
7.503993067267451522e+00 3.752889126850655543e+01 4.064398220866246803e+00 1.000000000000000000e+00
7.518286387395579418e+00 3.753312075563418659e+01 4.056362870531586395e+00 1.000000000000000000e+00
7.532579707523708201e+00 3.753703117747567575e+01 4.048293037463970734e+00 1.000000000000000000e+00
7.546873027651836097e+00 3.754062250078890628e+01 4.040188790264237717e+00 1.000000000000000000e+00
7.561166347779964880e+00 3.754389469504440768e+01 4.032050197825780558e+00 1.000000000000000000e+00
7.575459667908093664e+00 3.754684773242559004e+01 4.023877329333953590e+00 1.000000000000000000e+00
7.589752988036221559e+00 3.754948158782897139e+01 4.015670254265491401e+00 1.000000000000000000e+00
7.604046308164350343e+00 3.755179623886441931e+01 4.007429042387914642e+00 1.000000000000000000e+00
7.618339628292479127e+00 3.755379166585532147e+01 3.999153763758934055e+00 1.000000000000000000e+00
7.632632948420607022e+00 3.755546785183872771e+01 3.990844488725864725e+00 1.000000000000000000e+00
7.646926268548735806e+00 3.755682478256557744e+01 3.982501287925015454e+00 1.000000000000000000e+00
7.661219588676864589e+00 3.755786244650073513e+01 3.974124232281098124e+00 1.000000000000000000e+00
7.675512908804992485e+00 3.755858083482311116e+01 3.965713393006621512e+00 1.000000000000000000e+00
7.689806228933121268e+00 3.755897994142576835e+01 3.957268841601284670e+00 1.000000000000000000e+00
7.704099549061250052e+00 3.755905976291593618e+01 3.948790649851368961e+00 1.000000000000000000e+00
7.718392869189377947e+00 3.755882029861506766e+01 3.940278889829131881e+00 1.000000000000000000e+00
7.732686189317506731e+00 3.755826155055881799e+01 3.931733633892187552e+00 1.000000000000000000e+00
7.746979509445635514e+00 3.755738352349704456e+01 3.923154954682900986e+00 1.000000000000000000e+00
7.761272829573763410e+00 3.755618622489377856e+01 3.914542925127759254e+00 1.000000000000000000e+00
7.775566149701892193e+00 3.755466966492713254e+01 3.905897618436758201e+00 1.000000000000000000e+00
7.789859469830020977e+00 3.755283385648922945e+01 3.897219108102782492e+00 1.000000000000000000e+00
7.804152789958148873e+00 3.755067881518607464e+01 3.888507467900976344e+00 1.000000000000000000e+00
7.818446110086277656e+00 3.754820455933748491e+01 3.879762771888117356e+00 1.000000000000000000e+00
7.832739430214406440e+00 3.754541110997685394e+01 3.870985094401986792e+00 1.000000000000000000e+00
7.847032750342534335e+00 3.754229849085099602e+01 3.862174510060738086e+00 1.000000000000000000e+00
7.861326070470663119e+00 3.753886672841998973e+01 3.853331093762264015e+00 1.000000000000000000e+00
7.875619390598791902e+00 3.753511585185690791e+01 3.844454920683557653e+00 1.000000000000000000e+00
7.889912710726919798e+00 3.753104589304755478e+01 3.835546066280073330e+00 1.000000000000000000e+00
7.904206030855048581e+00 3.752665688659025278e+01 3.826604606285085808e+00 1.000000000000000000e+00
7.918499350983177365e+00 3.752194886979550859e+01 3.817630616709047686e+00 1.000000000000000000e+00
7.932792671111305260e+00 3.751692188268569339e+01 3.808624173838942806e+00 1.000000000000000000e+00
7.947085991239434044e+00 3.751157596799471605e+01 3.799585354237636992e+00 1.000000000000000000e+00
7.961379311367562828e+00 3.750591117116767492e+01 3.790514234743226130e+00 1.000000000000000000e+00
7.975672631495690723e+00 3.749992754036041731e+01 3.781410892468385576e+00 1.000000000000000000e+00
7.989965951623819507e+00 3.749362512643920553e+01 3.772275404799712462e+00 1.000000000000000000e+00
8.004259271751948290e+00 3.748700398298021241e+01 3.763107849397069327e+00 1.000000000000000000e+00
8.018552591880077074e+00 3.748006416626911630e+01 3.753908304192923762e+00 1.000000000000000000e+00
8.032845912008204081e+00 3.747280573530061787e+01 3.744676847391684493e+00 1.000000000000000000e+00
8.047139232136332865e+00 3.746522875177789302e+01 3.735413557469034807e+00 1.000000000000000000e+00
8.061432552264461648e+00 3.745733328011210972e+01 3.726118513171273960e+00 1.000000000000000000e+00
8.075725872392590432e+00 3.744911938742189506e+01 3.716791793514638176e+00 1.000000000000000000e+00
8.090019192520719216e+00 3.744058714353271711e+01 3.707433477784633613e+00 1.000000000000000000e+00
8.104312512648847999e+00 3.743173662097633070e+01 3.698043645535361801e+00 1.000000000000000000e+00
8.118605832776975006e+00 3.742256789499012370e+01 3.688622376588843732e+00 1.000000000000000000e+00
8.132899152905103790e+00 3.741308104351653441e+01 3.679169751034336855e+00 1.000000000000000000e+00
8.147192473033232574e+00 3.740327614720231963e+01 3.669685849227661834e+00 1.000000000000000000e+00
8.161485793161361357e+00 3.739315328939790817e+01 3.660170751790516430e+00 1.000000000000000000e+00
8.175779113289490141e+00 3.738271255615671151e+01 3.650624539609784502e+00 1.000000000000000000e+00
8.190072433417618925e+00 3.737195403623434942e+01 3.641047293836856991e+00 1.000000000000000000e+00
8.204365753545745932e+00 3.736087782108792510e+01 3.631439095886937363e+00 1.000000000000000000e+00
8.218659073673874715e+00 3.734948400487522235e+01 3.621800027438351055e+00 1.000000000000000000e+00
8.232952393802003499e+00 3.733777268445391684e+01 3.612130170431849585e+00 1.000000000000000000e+00
8.247245713930132283e+00 3.732574395938078737e+01 3.602429607069914663e+00 1.000000000000000000e+00
8.261539034058261066e+00 3.731339793191080645e+01 3.592698419816060973e+00 1.000000000000000000e+00
8.275832354186388073e+00 3.730073470699630889e+01 3.582936691394135398e+00 1.000000000000000000e+00
8.290125674314516857e+00 3.728775439228609656e+01 3.573144504787604703e+00 1.000000000000000000e+00
8.304418994442645641e+00 3.727445709812452890e+01 3.563321943238864531e+00 1.000000000000000000e+00
8.318712314570774424e+00 3.726084293755055654e+01 3.553469090248523976e+00 1.000000000000000000e+00
8.333005634698903208e+00 3.724691202629680475e+01 3.543586029574695928e+00 1.000000000000000000e+00
8.347298954827031991e+00 3.723266448278852891e+01 3.533672845232284754e+00 1.000000000000000000e+00
8.361592274955158999e+00 3.721810042814268371e+01 3.523729621492276198e+00 1.000000000000000000e+00
8.375885595083287782e+00 3.720321998616681469e+01 3.513756442881012187e+00 1.000000000000000000e+00
8.390178915211416566e+00 3.718802328335807772e+01 3.503753394179483394e+00 1.000000000000000000e+00
8.404472235339545350e+00 3.717251044890210920e+01 3.493720560422600485e+00 1.000000000000000000e+00
8.418765555467674133e+00 3.715668161467195318e+01 3.483658026898475146e+00 1.000000000000000000e+00
8.433058875595802917e+00 3.714053691522694578e+01 3.473565879147694879e+00 1.000000000000000000e+00
8.447352195723929924e+00 3.712407648781154990e+01 3.463444202962588925e+00 1.000000000000000000e+00
8.461645515852058708e+00 3.710730047235419704e+01 3.453293084386511946e+00 1.000000000000000000e+00
8.475938835980187491e+00 3.709020901146611493e+01 3.443112609713101513e+00 1.000000000000000000e+00
8.490232156108316275e+00 3.707280225044010535e+01 3.432902865485549793e+00 1.000000000000000000e+00
8.504525476236445058e+00 3.705508033724927230e+01 3.422663938495865477e+00 1.000000000000000000e+00
8.518818796364573842e+00 3.703704342254582826e+01 3.412395915784137479e+00 1.000000000000000000e+00
8.533112116492700849e+00 3.701869165965977970e+01 3.402098884637799081e+00 1.000000000000000000e+00
8.547405436620829633e+00 3.700002520459760547e+01 3.391772932590868983e+00 1.000000000000000000e+00
8.561698756748958417e+00 3.698104421604096359e+01 3.381418147423230547e+00 1.000000000000000000e+00
8.575992076877087200e+00 3.696174885534533416e+01 3.371034617159872848e+00 1.000000000000000000e+00
8.590285397005215984e+00 3.694213928653864798e+01 3.360622430070141942e+00 1.000000000000000000e+00
8.604578717133344767e+00 3.692221567631986545e+01 3.350181674666993015e+00 1.000000000000000000e+00
8.618872037261471775e+00 3.690197819405759105e+01 3.339712439706240765e+00 1.000000000000000000e+00
8.633165357389600558e+00 3.688142701178863092e+01 3.329214814185795124e+00 1.000000000000000000e+00
8.647458677517729342e+00 3.686056230421652913e+01 3.318688887344916960e+00 1.000000000000000000e+00
8.661751997645858125e+00 3.683938424871006134e+01 3.308134748663452473e+00 1.000000000000000000e+00
8.676045317773986909e+00 3.681789302530174268e+01 3.297552487861072468e+00 1.000000000000000000e+00
8.690338637902115693e+00 3.679608881668630005e+01 3.286942194896514735e+00 1.000000000000000000e+00
8.704631958030242700e+00 3.677397180821913025e+01 3.276303959966810009e+00 1.000000000000000000e+00
8.718925278158371484e+00 3.675154218791469418e+01 3.265637873506524791e+00 1.000000000000000000e+00
8.733218598286500267e+00 3.672880014644493940e+01 3.254944026186988637e+00 1.000000000000000000e+00
8.747511918414629051e+00 3.670574587713766590e+01 3.244222508915521441e+00 1.000000000000000000e+00
8.761805238542757834e+00 3.668237957597491317e+01 3.233473412834664718e+00 1.000000000000000000e+00
8.776098558670884842e+00 3.665870144159124777e+01 3.222696829321405776e+00 1.000000000000000000e+00
8.790391878799013625e+00 3.663471167527212202e+01 3.211892849986391685e+00 1.000000000000000000e+00
8.804685198927142409e+00 3.661041048095211181e+01 3.201061566673167658e+00 1.000000000000000000e+00
8.818978519055271192e+00 3.658579806521323974e+01 3.190203071457384798e+00 1.000000000000000000e+00
8.833271839183399976e+00 3.656087463728315612e+01 3.179317456646018503e+00 1.000000000000000000e+00
8.847565159311528760e+00 3.653564040903344790e+01 3.168404814776586420e+00 1.000000000000000000e+00
8.861858479439655767e+00 3.651009559497773438e+01 3.157465238616360192e+00 1.000000000000000000e+00
8.876151799567784551e+00 3.648424041226990511e+01 3.146498821161577641e+00 1.000000000000000000e+00
8.890445119695913334e+00 3.645807508070228664e+01 3.135505655636648292e+00 1.000000000000000000e+00
8.904738439824042118e+00 3.643159982270372410e+01 3.124485835493368668e+00 1.000000000000000000e+00
8.919031759952170901e+00 3.640481486333771954e+01 3.113439454410122487e+00 1.000000000000000000e+00
8.933325080080299685e+00 3.637772043030052060e+01 3.102366606291084405e+00 1.000000000000000000e+00
8.947618400208426692e+00 3.635031675391918782e+01 3.091267385265424217e+00 1.000000000000000000e+00
8.961911720336555476e+00 3.632260406714960510e+01 3.080141885686501269e+00 1.000000000000000000e+00
8.976205040464684259e+00 3.629458260557454707e+01 3.068990202131069545e+00 1.000000000000000000e+00
8.990498360592813043e+00 3.626625260740163981e+01 3.057812429398472087e+00 1.000000000000000000e+00
9.004791680720941827e+00 3.623761431346134287e+01 3.046608662509829202e+00 1.000000000000000000e+00
9.019085000849070610e+00 3.620866796720492431e+01 3.035378996707237320e+00 1.000000000000000000e+00
9.033378320977197617e+00 3.617941381470236450e+01 3.024123527452959870e+00 1.000000000000000000e+00
9.047671641105326401e+00 3.614985210464026011e+01 3.012842350428602600e+00 1.000000000000000000e+00
9.061964961233455185e+00 3.611998308831973503e+01 3.001535561534320884e+00 1.000000000000000000e+00
9.076258281361583968e+00 3.608980701965430882e+01 2.990203256887990602e+00 1.000000000000000000e+00
9.090551601489712752e+00 3.605932415516770106e+01 2.978845532824393683e+00 1.000000000000000000e+00
9.104844921617841536e+00 3.602853475399167849e+01 2.967462485894400537e+00 1.000000000000000000e+00
9.119138241745968543e+00 3.599743907786384511e+01 2.956054212864148933e+00 1.000000000000000000e+00
9.133431561874097326e+00 3.596603739112541831e+01 2.944620810714221104e+00 1.000000000000000000e+00
9.147724882002226110e+00 3.593432996071896923e+01 2.933162376638820845e+00 1.000000000000000000e+00
9.162018202130354894e+00 3.590231705618619884e+01 2.921679008044940407e+00 1.000000000000000000e+00
9.176311522258483677e+00 3.586999894966557179e+01 2.910170802551544256e+00 1.000000000000000000e+00
9.190604842386610684e+00 3.583737591589006399e+01 2.898637857988731525e+00 1.000000000000000000e+00
9.204898162514739468e+00 3.580444823218481076e+01 2.887080272396901570e+00 1.000000000000000000e+00
9.219191482642868252e+00 3.577121617846474066e+01 2.875498144025927960e+00 1.000000000000000000e+00
9.233484802770997035e+00 3.573768003723219522e+01 2.863891571334321373e+00 1.000000000000000000e+00
9.247778122899125819e+00 3.570384009357454858e+01 2.852260652988388046e+00 1.000000000000000000e+00
9.262071443027254602e+00 3.566969663516174904e+01 2.840605487861395773e+00 1.000000000000000000e+00
9.276364763155381610e+00 3.563524995224391745e+01 2.828926175032734136e+00 1.000000000000000000e+00
9.290658083283510393e+00 3.560050033764883892e+01 2.817222813787064517e+00 1.000000000000000000e+00
9.304951403411639177e+00 3.556544808677947600e+01 2.805495503613482544e+00 1.000000000000000000e+00
9.319244723539767961e+00 3.553009349761151014e+01 2.793744344204675656e+00 1.000000000000000000e+00
9.333538043667896744e+00 3.549443687069074826e+01 2.781969435456067785e+00 1.000000000000000000e+00
9.347831363796025528e+00 3.545847850913057897e+01 2.770170877464974701e+00 1.000000000000000000e+00
9.362124683924152535e+00 3.542221871860943594e+01 2.758348770529751803e+00 1.000000000000000000e+00
9.376418004052281319e+00 3.538565780736812627e+01 2.746503215148941024e+00 1.000000000000000000e+00
9.390711324180410102e+00 3.534879608620730096e+01 2.734634312020418623e+00 1.000000000000000000e+00
9.405004644308538886e+00 3.531163386848474062e+01 2.722742162040536318e+00 1.000000000000000000e+00
9.419297964436667669e+00 3.527417147011272647e+01 2.710826866303267746e+00 1.000000000000000000e+00
9.433591284564796453e+00 3.523640920955533318e+01 2.698888526099339380e+00 1.000000000000000000e+00
9.447884604692923460e+00 3.519834740782575722e+01 2.686927242915386316e+00 1.000000000000000000e+00
9.462177924821052244e+00 3.515998638848352442e+01 2.674943118433069866e+00 1.000000000000000000e+00
9.476471244949181028e+00 3.512132647763181126e+01 2.662936254528228908e+00 1.000000000000000000e+00
9.490764565077309811e+00 3.508236800391464527e+01 2.650906753270006799e+00 1.000000000000000000e+00
9.505057885205438595e+00 3.504311129851409135e+01 2.638854716919984078e+00 1.000000000000000000e+00
9.519351205333567378e+00 3.500355669514744505e+01 2.626780247931311152e+00 1.000000000000000000e+00
9.533644525461694386e+00 3.496370453006442602e+01 2.614683448947835220e+00 1.000000000000000000e+00
9.547937845589823169e+00 3.492355514204427180e+01 2.602564422803225863e+00 1.000000000000000000e+00
9.562231165717951953e+00 3.488310887239289571e+01 2.590423272520108622e+00 1.000000000000000000e+00
9.576524485846080736e+00 3.484236606493997357e+01 2.578260101309178598e+00 1.000000000000000000e+00
9.590817805974209520e+00 3.480132706603600923e+01 2.566075012568332703e+00 1.000000000000000000e+00
9.605111126102336527e+00 3.475999222454942128e+01 2.553868109881785919e+00 1.000000000000000000e+00
9.619404446230465311e+00 3.471836189186353039e+01 2.541639497019190230e+00 1.000000000000000000e+00
9.633697766358594095e+00 3.467643642187360342e+01 2.529389277934754432e+00 1.000000000000000000e+00
9.647991086486722878e+00 3.463421617098384786e+01 2.517117556766359510e+00 1.000000000000000000e+00
9.662284406614851662e+00 3.459170149810438488e+01 2.504824437834672679e+00 1.000000000000000000e+00
9.676577726742980445e+00 3.454889276464817272e+01 2.492510025642264537e+00 1.000000000000000000e+00
9.690871046871107453e+00 3.450579033452794420e+01 2.480174424872713779e+00 1.000000000000000000e+00
9.705164366999236236e+00 3.446239457415311591e+01 2.467817740389719461e+00 1.000000000000000000e+00
9.719457687127365020e+00 3.441870585242669023e+01 2.455440077236215934e+00 1.000000000000000000e+00
9.733751007255493803e+00 3.437472454074210759e+01 2.443041540633474451e+00 1.000000000000000000e+00
9.748044327383622587e+00 3.433045101298007040e+01 2.430622235980206991e+00 1.000000000000000000e+00
9.762337647511751371e+00 3.428588564550538109e+01 2.418182268851674088e+00 1.000000000000000000e+00
9.776630967639878378e+00 3.424102881716376601e+01 2.405721744998788214e+00 1.000000000000000000e+00
9.790924287768007162e+00 3.419588090927859270e+01 2.393240770347205615e+00 1.000000000000000000e+00
9.805217607896135945e+00 3.415044230564770089e+01 2.380739450996439022e+00 1.000000000000000000e+00
9.819510928024264729e+00 3.410471339254007717e+01 2.368217893218947268e+00 1.000000000000000000e+00
9.833804248152393512e+00 3.405869455869262197e+01 2.355676203459234230e+00 1.000000000000000000e+00
9.848097568280522296e+00 3.401238619530683138e+01 2.343114488332943779e+00 1.000000000000000000e+00
9.862390888408649303e+00 3.396578869604542916e+01 2.330532854625955164e+00 1.000000000000000000e+00
9.876684208536778087e+00 3.391890245702906981e+01 2.317931409293467748e+00 1.000000000000000000e+00
9.890977528664906870e+00 3.387172787683297059e+01 2.305310259459103062e+00 1.000000000000000000e+00
9.905270848793035654e+00 3.382426535648349386e+01 2.292669512413989974e+00 1.000000000000000000e+00
9.919564168921164438e+00 3.377651529945472930e+01 2.280009275615843212e+00 1.000000000000000000e+00
9.933857489049293221e+00 3.372847811166513310e+01 2.267329656688064965e+00 1.000000000000000000e+00
9.948150809177420228e+00 3.368015420147401784e+01 2.254630763418824291e+00 1.000000000000000000e+00
9.962444129305549012e+00 3.363154397967807085e+01 2.241912703760130743e+00 1.000000000000000000e+00
9.976737449433677796e+00 3.358264785950788678e+01 2.229175585826933315e+00 1.000000000000000000e+00
9.991030769561806579e+00 3.353346625662450009e+01 2.216419517896191849e+00 1.000000000000000000e+00
1.000532408968993536e+01 3.348399958911574004e+01 2.203644608405955996e+00 1.000000000000000000e+00
1.001961740981806415e+01 3.343424827749280581e+01 2.190850965954448171e+00 1.000000000000000000e+00
1.003391072994619115e+01 3.338421274468657884e+01 2.178038699299138070e+00 1.000000000000000000e+00
1.004820405007431994e+01 3.333389341604409140e+01 2.165207917355812306e+00 1.000000000000000000e+00
1.006249737020244872e+01 3.328329071932489569e+01 2.152358729197660914e+00 1.000000000000000000e+00
1.007679069033057750e+01 3.323240508469743304e+01 2.139491244054339436e+00 1.000000000000000000e+00
1.009108401045870629e+01 3.318123694473537455e+01 2.126605571311046994e+00 1.000000000000000000e+00
1.010537733058683330e+01 3.312978673441392630e+01 2.113701820507593254e+00 1.000000000000000000e+00
1.011967065071496208e+01 3.307805489110615582e+01 2.100780101337461847e+00 1.000000000000000000e+00
1.013396397084309086e+01 3.302604185457925468e+01 2.087840523646891988e+00 1.000000000000000000e+00
1.014825729097121965e+01 3.297374806699082939e+01 2.074883197433931237e+00 1.000000000000000000e+00
1.016255061109934843e+01 3.292117397288510716e+01 2.061908232847508238e+00 1.000000000000000000e+00
1.017684393122747721e+01 3.286832001918917712e+01 2.048915740186493473e+00 1.000000000000000000e+00
1.019113725135560422e+01 3.281518665520918177e+01 2.035905829898757347e+00 1.000000000000000000e+00
1.020543057148373300e+01 3.276177433262650851e+01 2.022878612580243374e+00 1.000000000000000000e+00
1.021972389161186179e+01 3.270808350549393850e+01 2.009834198974012054e+00 1.000000000000000000e+00
1.023401721173999057e+01 3.265411463023178840e+01 1.996772699969314502e+00 1.000000000000000000e+00
1.024831053186811936e+01 3.259986816562406631e+01 1.983694226600639654e+00 1.000000000000000000e+00
1.026260385199624814e+01 3.254534457281449278e+01 1.970598890046775908e+00 1.000000000000000000e+00
1.027689717212437515e+01 3.249054431530266385e+01 1.957486801629863882e+00 1.000000000000000000e+00
1.029119049225250393e+01 3.243546785894003648e+01 1.944358072814445615e+00 1.000000000000000000e+00
1.030548381238063271e+01 3.238011567192605611e+01 1.931212815206525990e+00 1.000000000000000000e+00
1.031977713250876150e+01 3.232448822480407102e+01 1.918051140552619493e+00 1.000000000000000000e+00
1.033407045263689028e+01 3.226858599045744569e+01 1.904873160738798532e+00 1.000000000000000000e+00
1.034836377276501906e+01 3.221240944410543250e+01 1.891678987789744637e+00 1.000000000000000000e+00
1.036265709289314607e+01 3.215595906329922116e+01 1.878468733867797669e+00 1.000000000000000000e+00
1.037695041302127485e+01 3.209923532791781042e+01 1.865242511271994141e+00 1.000000000000000000e+00
1.039124373314940364e+01 3.204223872016397934e+01 1.852000432437124422e+00 1.000000000000000000e+00
1.040553705327753242e+01 3.198496972456015186e+01 1.838742609932769945e+00 1.000000000000000000e+00
1.041983037340566121e+01 3.192742882794431125e+01 1.825469156462346421e+00 1.000000000000000000e+00
1.043412369353378999e+01 3.186961651946583984e+01 1.812180184862149490e+00 1.000000000000000000e+00
1.044841701366191700e+01 3.181153329058134105e+01 1.798875808100386831e+00 1.000000000000000000e+00
1.046271033379004578e+01 3.175317963505051821e+01 1.785556139276229803e+00 1.000000000000000000e+00
1.047700365391817456e+01 3.169455604893192913e+01 1.772221291618845562e+00 1.000000000000000000e+00
1.049129697404630335e+01 3.163566303057877960e+01 1.758871378486429826e+00 1.000000000000000000e+00
1.050559029417443213e+01 3.157650108063469574e+01 1.745506513365254087e+00 1.000000000000000000e+00
1.051988361430256091e+01 3.151707070202947492e+01 1.732126809868692607e+00 1.000000000000000000e+00
1.053417693443068792e+01 3.145737239997480117e+01 1.718732381736261861e+00 1.000000000000000000e+00
1.054847025455881671e+01 3.139740668195990736e+01 1.705323342832645084e+00 1.000000000000000000e+00
1.056276357468694549e+01 3.133717405774735809e+01 1.691899807146735935e+00 1.000000000000000000e+00
1.057705689481507427e+01 3.127667503936862659e+01 1.678461888790661050e+00 1.000000000000000000e+00
1.059135021494320306e+01 3.121591014111979590e+01 1.665009701998814373e+00 1.000000000000000000e+00
1.060564353507133006e+01 3.115487987955715354e+01 1.651543361126884601e+00 1.000000000000000000e+00
1.061993685519945885e+01 3.109358477349279681e+01 1.638062980650878186e+00 1.000000000000000000e+00
1.063423017532758763e+01 3.103202534399029133e+01 1.624568675166155662e+00 1.000000000000000000e+00
1.064852349545571641e+01 3.097020211436014137e+01 1.611060559386452207e+00 1.000000000000000000e+00
1.066281681558384520e+01 3.090811561015540221e+01 1.597538748142901088e+00 1.000000000000000000e+00
1.067711013571197398e+01 3.084576635916722154e+01 1.584003356383061112e+00 1.000000000000000000e+00
1.069140345584010099e+01 3.078315489142030259e+01 1.570454499169938289e+00 1.000000000000000000e+00
1.070569677596822977e+01 3.072028173916843485e+01 1.556892291681001961e+00 1.000000000000000000e+00
1.071999009609635856e+01 3.065714743688996791e+01 1.543316849207215791e+00 1.000000000000000000e+00
1.073428341622448734e+01 3.059375252128327105e+01 1.529728287152054556e+00 1.000000000000000000e+00
1.074857673635261612e+01 3.053009753126212544e+01 1.516126721030513602e+00 1.000000000000000000e+00
1.076287005648074491e+01 3.046618300795120149e+01 1.502512266468140956e+00 1.000000000000000000e+00
1.077716337660887191e+01 3.040200949468147584e+01 1.488885039200048555e+00 1.000000000000000000e+00
1.079145669673700070e+01 3.033757753698549209e+01 1.475245155069920822e+00 1.000000000000000000e+00
1.080575001686512948e+01 3.027288768259284168e+01 1.461592730029043663e+00 1.000000000000000000e+00
1.082004333699325827e+01 3.020794048142550636e+01 1.447927880135310152e+00 1.000000000000000000e+00
1.083433665712138705e+01 3.014273648559308683e+01 1.434250721552235097e+00 1.000000000000000000e+00
1.084862997724951583e+01 3.007727624938821265e+01 1.420561370547968494e+00 1.000000000000000000e+00
1.086292329737764284e+01 3.001156032928177098e+01 1.406859943494309206e+00 1.000000000000000000e+00
1.087721661750577162e+01 2.994558928391817432e+01 1.393146556865707320e+00 1.000000000000000000e+00
1.089150993763390041e+01 2.987936367411065675e+01 1.379421327238285366e+00 1.000000000000000000e+00
1.090580325776202919e+01 2.981288406283647774e+01 1.365684371288841126e+00 1.000000000000000000e+00
1.092009657789015797e+01 2.974615101523211180e+01 1.351935805793855305e+00 1.000000000000000000e+00
1.093438989801828676e+01 2.967916509858850560e+01 1.338175747628501444e+00 1.000000000000000000e+00
1.094868321814641376e+01 2.961192688234619652e+01 1.324404313765652930e+00 1.000000000000000000e+00
1.096297653827454255e+01 2.954443693809049165e+01 1.310621621274880244e+00 1.000000000000000000e+00
1.097726985840267133e+01 2.947669583954663253e+01 1.296827787321468417e+00 1.000000000000000000e+00
1.099156317853080012e+01 2.940870416257487818e+01 1.283022929165413162e+00 1.000000000000000000e+00
1.100585649865892890e+01 2.934046248516566280e+01 1.269207164160428336e+00 1.000000000000000000e+00
1.102014981878705591e+01 2.927197138743458993e+01 1.255380609752938526e+00 1.000000000000000000e+00
1.103444313891518469e+01 2.920323145161762213e+01 1.241543383481097163e+00 1.000000000000000000e+00
1.104873645904331347e+01 2.913424326206602899e+01 1.227695602973769118e+00 1.000000000000000000e+00
1.106302977917144226e+01 2.906500740524147730e+01 1.213837385949547043e+00 1.000000000000000000e+00
1.107732309929957104e+01 2.899552446971102881e+01 1.199968850215740179e+00 1.000000000000000000e+00
1.109161641942769982e+01 2.892579504614212382e+01 1.186090113667376711e+00 1.000000000000000000e+00
1.110590973955582683e+01 2.885581972729760381e+01 1.172201294286202566e+00 1.000000000000000000e+00
1.112020305968395562e+01 2.878559910803059196e+01 1.158302510139670893e+00 1.000000000000000000e+00
1.113449637981208440e+01 2.871513378527953009e+01 1.144393879379950851e+00 1.000000000000000000e+00
1.114878969994021318e+01 2.864442435806303777e+01 1.130475520242913756e+00 1.000000000000000000e+00
1.116308302006834197e+01 2.857347142747484270e+01 1.116547551047131437e+00 1.000000000000000000e+00
1.117737634019647075e+01 2.850227559667868249e+01 1.102610090192870151e+00 1.000000000000000000e+00
1.119166966032459776e+01 2.843083747090316038e+01 1.088663256161084947e+00 1.000000000000000000e+00
1.120596298045272654e+01 2.835915765743659023e+01 1.074707167512406025e+00 1.000000000000000000e+00
1.122025630058085532e+01 2.828723676562186284e+01 1.060741942886141986e+00 1.000000000000000000e+00
1.123454962070898411e+01 2.821507540685125193e+01 1.046767700999263084e+00 1.000000000000000000e+00
1.124884294083711289e+01 2.814267419456120933e+01 1.032784560645394922e+00 1.000000000000000000e+00
1.126313626096524168e+01 2.807003374422716746e+01 1.018792640693807927e+00 1.000000000000000000e+00
1.127742958109336868e+01 2.799715467335829899e+01 1.004792060088408823e+00 1.000000000000000000e+00
1.129172290122149747e+01 2.792403760149224112e+01 9.907829378467216674e-01 1.000000000000000000e+00
1.130601622134962625e+01 2.785068315018989082e+01 9.767653930588904299e-01 1.000000000000000000e+00
1.132030954147775503e+01 2.777709194303003670e+01 9.627395448866499228e-01 1.000000000000000000e+00
1.133460286160588382e+01 2.770326460560415072e+01 9.487055125623274909e-01 1.000000000000000000e+00
1.134889618173401260e+01 2.762920176551099871e+01 9.346634153878209395e-01 1.000000000000000000e+00
1.136318950186213961e+01 2.755490405235135754e+01 9.206133727335886752e-01 1.000000000000000000e+00
1.137748282199026839e+01 2.748037209772259004e+01 9.065555040376267470e-01 1.000000000000000000e+00
1.139177614211839717e+01 2.740560653521335865e+01 8.924899288044655377e-01 1.000000000000000000e+00
1.140606946224652596e+01 2.733060800039820037e+01 8.784167666041461375e-01 1.000000000000000000e+00
1.142036278237465474e+01 2.725537713083210889e+01 8.643361370712054903e-01 1.000000000000000000e+00
1.143465610250278175e+01 2.717991456604516998e+01 8.502481599036620930e-01 1.000000000000000000e+00
1.144894942263091053e+01 2.710422094753702282e+01 8.361529548619888175e-01 1.000000000000000000e+00
1.146324274275903932e+01 2.702829691877153095e+01 8.220506417681089362e-01 1.000000000000000000e+00
1.147753606288716810e+01 2.695214312517122579e+01 8.079413405043682772e-01 1.000000000000000000e+00
1.149182938301529688e+01 2.687576021411184257e+01 7.938251710125185934e-01 1.000000000000000000e+00
1.150612270314342567e+01 2.679914883491684563e+01 7.797022532926973781e-01 1.000000000000000000e+00
1.152041602327155267e+01 2.672230963885186128e+01 7.655727074024106793e-01 1.000000000000000000e+00
1.153470934339968146e+01 2.664524327911915691e+01 7.514366534555029231e-01 1.000000000000000000e+00
1.154900266352781024e+01 2.656795041085212361e+01 7.372942116211499419e-01 1.000000000000000000e+00
1.156329598365593903e+01 2.649043169110965579e+01 7.231455021228277991e-01 1.000000000000000000e+00
1.157758930378406781e+01 2.641268777887061248e+01 7.089906452372959356e-01 1.000000000000000000e+00
1.159188262391219659e+01 2.633471933502815077e+01 6.948297612935651069e-01 1.000000000000000000e+00
1.160617594404032360e+01 2.625652702238419423e+01 6.806629706718905215e-01 1.000000000000000000e+00
1.162046926416845238e+01 2.617811150564371658e+01 6.664903938027306740e-01 1.000000000000000000e+00
1.163476258429658117e+01 2.609947345140914976e+01 6.523121511657384852e-01 1.000000000000000000e+00
1.164905590442470995e+01 2.602061352817468176e+01 6.381283632887297941e-01 1.000000000000000000e+00
1.166334922455283873e+01 2.594153240632059365e+01 6.239391507466589548e-01 1.000000000000000000e+00
1.167764254468096752e+01 2.586223075810755745e+01 6.097446341605954334e-01 1.000000000000000000e+00
1.169193586480909453e+01 2.578270925767091981e+01 5.955449341966998489e-01 1.000000000000000000e+00
1.170622918493722331e+01 2.570296858101493243e+01 5.813401715651895785e-01 1.000000000000000000e+00
1.172052250506535209e+01 2.562300940600709254e+01 5.671304670193260122e-01 1.000000000000000000e+00
1.173481582519348088e+01 2.554283241237230584e+01 5.529159413543787149e-01 1.000000000000000000e+00
1.174910914532160966e+01 2.546243828168712753e+01 5.386967154066015784e-01 1.000000000000000000e+00
1.176340246544973844e+01 2.538182769737399269e+01 5.244729100522045329e-01 1.000000000000000000e+00
1.177769578557786545e+01 2.530100134469537920e+01 5.102446462063293664e-01 1.000000000000000000e+00
1.179198910570599423e+01 2.521995991074794929e+01 4.960120448220119993e-01 1.000000000000000000e+00
1.180628242583412302e+01 2.513870408445681903e+01 4.817752268891682954e-01 1.000000000000000000e+00
1.182057574596225180e+01 2.505723455656958976e+01 4.675343134335561146e-01 1.000000000000000000e+00
1.183486906609038058e+01 2.497555201965051808e+01 4.532894255157490226e-01 1.000000000000000000e+00
1.184916238621850937e+01 2.489365716807466455e+01 4.390406842301093349e-01 1.000000000000000000e+00
1.186345570634663638e+01 2.481155069802189317e+01 4.247882107037497801e-01 1.000000000000000000e+00
1.187774902647476516e+01 2.472923330747109461e+01 4.105321260955193119e-01 1.000000000000000000e+00
1.189204234660289394e+01 2.464670569619408624e+01 3.962725515949557242e-01 1.000000000000000000e+00
1.190633566673102273e+01 2.456396856574980703e+01 3.820096084212701859e-01 1.000000000000000000e+00
1.192062898685915151e+01 2.448102261947829916e+01 3.677434178223089600e-01 1.000000000000000000e+00
1.193492230698727852e+01 2.439786856249471469e+01 3.534741010735260036e-01 1.000000000000000000e+00
1.194921562711540730e+01 2.431450710168331142e+01 3.392017794769442429e-01 1.000000000000000000e+00
1.196350894724353608e+01 2.423093894569149498e+01 3.249265743601368883e-01 1.000000000000000000e+00
1.197780226737166487e+01 2.414716480492376505e+01 3.106486070751873774e-01 1.000000000000000000e+00
1.199209558749979365e+01 2.406318539153566505e+01 2.963679989976602536e-01 1.000000000000000000e+00
1.200638890762792244e+01 2.397900141942773899e+01 2.820848715255689365e-01 1.000000000000000000e+00
1.202068222775604944e+01 2.389461360423949898e+01 2.677993460783464896e-01 1.000000000000000000e+00
1.203497554788417823e+01 2.381002266334324347e+01 2.535115440958040089e-01 1.000000000000000000e+00
1.204926886801230701e+01 2.372522931583806383e+01 2.392215870371120212e-01 1.000000000000000000e+00
1.206356218814043579e+01 2.364023428254369108e+01 2.249295963797587616e-01 1.000000000000000000e+00
1.207785550826856458e+01 2.355503828599435323e+01 2.106356936185200257e-01 1.000000000000000000e+00
1.209214882839669336e+01 2.346964205043266105e+01 1.963400002644261066e-01 1.000000000000000000e+00
1.210644214852482037e+01 2.338404630180342991e+01 1.820426378437311754e-01 1.000000000000000000e+00
1.212073546865294915e+01 2.329825176774749451e+01 1.677437278968714196e-01 1.000000000000000000e+00
1.213502878878107794e+01 2.321225917759558044e+01 1.534433919774471355e-01 1.000000000000000000e+00
1.214932210890920672e+01 2.312606926236203719e+01 1.391417516511719576e-01 1.000000000000000000e+00
1.216361542903733550e+01 2.303968275473867067e+01 1.248389284948545758e-01 1.000000000000000000e+00
1.217790874916546429e+01 2.295310038908850814e+01 1.105350440953567492e-01 1.000000000000000000e+00
1.219220206929359129e+01 2.286632290143954194e+01 9.623022004856392198e-02 1.000000000000000000e+00
1.220649538942172008e+01 2.277935102947844115e+01 8.192457795834277856e-02 1.000000000000000000e+00
1.222078870954984886e+01 2.269218551254436278e+01 6.761823943552071337e-02 1.000000000000000000e+00
1.223508202967797764e+01 2.260482709162261017e+01 5.331132609684322704e-02 1.000000000000000000e+00
1.224937534980610643e+01 2.251727650933832692e+01 3.900395956394223096e-02 1.000000000000000000e+00
1.226366866993423521e+01 2.242953450995021214e+01 2.469626146230225958e-02 1.000000000000000000e+00
1.227796199006236222e+01 2.234160183934420019e+01 1.038835342022861007e-02 1.000000000000000000e+00
1.229225531019049100e+01 2.225347924502704799e+01 -3.919642932195247301e-03 1.000000000000000000e+00
1.230654863031861979e+01 2.216516747612009652e+01 -1.822760596412860076e-02 1.000000000000000000e+00
1.232084195044674857e+01 2.207666728335280126e+01 -3.253541404501616996e-02 1.000000000000000000e+00
1.233513527057487735e+01 2.198797941905641196e+01 -4.684294554561988649e-02 1.000000000000000000e+00
1.234942859070300614e+01 2.189910463715754574e+01 -6.115007883905287933e-02 1.000000000000000000e+00
1.236372191083113314e+01 2.181004369317180291e+01 -7.545669230181122067e-02 1.000000000000000000e+00
1.237801523095926193e+01 2.172079734419728680e+01 -8.976266431481651209e-02 1.000000000000000000e+00
1.239230855108739071e+01 2.163136634890824794e+01 -1.040678732644367832e-01 1.000000000000000000e+00
1.240660187121551949e+01 2.154175146754860037e+01 -1.183721975435267221e-01 1.000000000000000000e+00
1.242089519134364828e+01 2.145195346192542019e+01 -1.326755155524680652e-01 1.000000000000000000e+00
1.243518851147177529e+01 2.136197309540253997e+01 -1.469777057001880882e-01 1.000000000000000000e+00
1.244948183159990407e+01 2.127181113289399761e+01 -1.612786464052105295e-01 1.000000000000000000e+00
1.246377515172803285e+01 2.118146834085757391e+01 -1.755782160966740391e-01 1.000000000000000000e+00
1.247806847185616164e+01 2.109094548728826624e+01 -1.898762932153743033e-01 1.000000000000000000e+00
1.249236179198429042e+01 2.100024334171175511e+01 -2.041727562147951924e-01 1.000000000000000000e+00
1.250665511211241920e+01 2.090936267517785296e+01 -2.184674835621419897e-01 1.000000000000000000e+00
1.252094843224054621e+01 2.081830426025399206e+01 -2.327603537393725108e-01 1.000000000000000000e+00
1.253524175236867499e+01 2.072706887101856310e+01 -2.470512452442386320e-01 1.000000000000000000e+00
1.254953507249680378e+01 2.063565728305446711e+01 -2.613400365913062795e-01 1.000000000000000000e+00
1.256382839262493256e+01 2.054407027344241143e+01 -2.756266063129967359e-01 1.000000000000000000e+00
1.257812171275306135e+01 2.045230862075436562e+01 -2.899108329606170376e-01 1.000000000000000000e+00
1.259241503288119013e+01 2.036037310504690723e+01 -3.041925951053925381e-01 1.000000000000000000e+00
1.260670835300931714e+01 2.026826450785462796e+01 -3.184717713394969452e-01 1.000000000000000000e+00
1.262100167313744592e+01 2.017598361218342617e+01 -3.327482402770929326e-01 1.000000000000000000e+00
1.263529499326557470e+01 2.008353120250393076e+01 -3.470218805553512142e-01 1.000000000000000000e+00
1.264958831339370349e+01 1.999090806474478299e+01 -3.612925708354907117e-01 1.000000000000000000e+00
1.266388163352183227e+01 1.989811498628596809e+01 -3.755601898038082309e-01 1.000000000000000000e+00
1.267817495364996105e+01 1.980515275595212188e+01 -3.898246161727069170e-01 1.000000000000000000e+00
1.269246827377808806e+01 1.971202216400579488e+01 -4.040857286817368110e-01 1.000000000000000000e+00
1.270676159390621685e+01 1.961872400214082290e+01 -4.183434060986098157e-01 1.000000000000000000e+00
1.272105491403434563e+01 1.952525906347546325e+01 -4.325975272202479127e-01 1.000000000000000000e+00
1.273534823416247441e+01 1.943162814254577597e+01 -4.468479708737984057e-01 1.000000000000000000e+00
1.274964155429060320e+01 1.933783203529880979e+01 -4.610946159176723125e-01 1.000000000000000000e+00
1.276393487441873198e+01 1.924387153908584125e+01 -4.753373412425725419e-01 1.000000000000000000e+00
1.277822819454685899e+01 1.914974745265562461e+01 -4.895760257725207398e-01 1.000000000000000000e+00
1.279252151467498777e+01 1.905546057614751021e+01 -5.038105484658956801e-01 1.000000000000000000e+00
1.280681483480311655e+01 1.896101171108478667e+01 -5.180407883164486194e-01 1.000000000000000000e+00
1.282110815493124534e+01 1.886640166036775668e+01 -5.322666243543414666e-01 1.000000000000000000e+00
1.283540147505937412e+01 1.877163122826694419e+01 -5.464879356471721294e-01 1.000000000000000000e+00
1.284969479518750113e+01 1.867670122041628034e+01 -5.607046013010009711e-01 1.000000000000000000e+00
1.286398811531562991e+01 1.858161244380619337e+01 -5.749165004613866481e-01 1.000000000000000000e+00
1.287828143544375870e+01 1.848636570677682300e+01 -5.891235123144012986e-01 1.000000000000000000e+00
1.289257475557188748e+01 1.839096181901111038e+01 -6.033255160876652701e-01 1.000000000000000000e+00
1.290686807570001626e+01 1.829540159152790935e+01 -6.175223910513725212e-01 1.000000000000000000e+00
1.292116139582814505e+01 1.819968583667511197e+01 -6.317140165193160239e-01 1.000000000000000000e+00
1.293545471595627205e+01 1.810381536812273851e+01 -6.459002718499123885e-01 1.000000000000000000e+00
1.294974803608440084e+01 1.800779100085597406e+01 -6.600810364472354808e-01 1.000000000000000000e+00
1.296404135621252962e+01 1.791161355116832610e+01 -6.742561897620291678e-01 1.000000000000000000e+00
1.297833467634065840e+01 1.781528383665463977e+01 -6.884256112927378268e-01 1.000000000000000000e+00
1.299262799646878719e+01 1.771880267620410265e+01 -7.025891805865379647e-01 1.000000000000000000e+00
1.300692131659691597e+01 1.762217088999338088e+01 -7.167467772403489645e-01 1.000000000000000000e+00
1.302121463672504298e+01 1.752538929947958124e+01 -7.308982809018625959e-01 1.000000000000000000e+00
1.303550795685317176e+01 1.742845872739325230e+01 -7.450435712705731905e-01 1.000000000000000000e+00
1.304980127698130055e+01 1.733137999773144955e+01 -7.591825280987877234e-01 1.000000000000000000e+00
1.306409459710942933e+01 1.723415393575069743e+01 -7.733150311926552112e-01 1.000000000000000000e+00
1.307838791723755811e+01 1.713678136795997631e+01 -7.874409604131878959e-01 1.000000000000000000e+00
1.309268123736568690e+01 1.703926312211369165e+01 -8.015601956772815395e-01 1.000000000000000000e+00
1.310697455749381390e+01 1.694160002720467162e+01 -8.156726169587346087e-01 1.000000000000000000e+00
1.312126787762194269e+01 1.684379291345702967e+01 -8.297781042892766745e-01 1.000000000000000000e+00
1.313556119775007147e+01 1.674584261231921545e+01 -8.438765377595760508e-01 1.000000000000000000e+00
1.314985451787820026e+01 1.664774995645690581e+01 -8.579677975202669726e-01 1.000000000000000000e+00
1.316414783800632904e+01 1.654951577974589227e+01 -8.720517637829672264e-01 1.000000000000000000e+00
1.317844115813445782e+01 1.645114091726505023e+01 -8.861283168212952255e-01 1.000000000000000000e+00
1.319273447826258483e+01 1.635262620528920152e+01 -9.001973369718869744e-01 1.000000000000000000e+00
1.320702779839071361e+01 1.625397248128197347e+01 -9.142587046354205826e-01 1.000000000000000000e+00
1.322132111851884240e+01 1.615518058388878231e+01 -9.283123002776211274e-01 1.000000000000000000e+00
1.323561443864697118e+01 1.605625135292960692e+01 -9.423580044302851677e-01 1.000000000000000000e+00
1.324990775877509996e+01 1.595718562939191365e+01 -9.563956976922911579e-01 1.000000000000000000e+00
1.326420107890322697e+01 1.585798425542342827e+01 -9.704252607306247391e-01 1.000000000000000000e+00
1.327849439903135575e+01 1.575864807432508563e+01 -9.844465742813764964e-01 1.000000000000000000e+00
1.329278771915948454e+01 1.565917793054374130e+01 -9.984595191507737999e-01 1.000000000000000000e+00
1.330708103928761332e+01 1.555957466966510871e+01 -1.012463976216179118e+00 1.000000000000000000e+00
1.332137435941574211e+01 1.545983913840649571e+01 -1.026459826427110755e+00 1.000000000000000000e+00
1.333566767954387089e+01 1.535997218460962266e+01 -1.040446950806253046e+00 1.000000000000000000e+00
1.334996099967199790e+01 1.525997465723343716e+01 -1.054425230450465989e+00 1.000000000000000000e+00
1.336425431980012668e+01 1.515984740634683980e+01 -1.068394546531803657e+00 1.000000000000000000e+00
1.337854763992825546e+01 1.505959128312153794e+01 -1.082354780298512287e+00 1.000000000000000000e+00
1.339284096005638425e+01 1.495920713982475547e+01 -1.096305813076048352e+00 1.000000000000000000e+00
1.340713428018451303e+01 1.485869582981199954e+01 -1.110247526268084650e+00 1.000000000000000000e+00
1.342142760031264181e+01 1.475805820751981834e+01 -1.124179801357519048e+00 1.000000000000000000e+00
1.343572092044076882e+01 1.465729512845853399e+01 -1.138102519907479460e+00 1.000000000000000000e+00
1.345001424056889761e+01 1.455640744920491692e+01 -1.152015563562339695e+00 1.000000000000000000e+00
1.346430756069702639e+01 1.445539602739500396e+01 -1.165918814048711782e+00 1.000000000000000000e+00
1.347860088082515517e+01 1.435426172171673720e+01 -1.179812153176461598e+00 1.000000000000000000e+00
1.349289420095328396e+01 1.425300539190268267e+01 -1.193695462839709620e+00 1.000000000000000000e+00
1.350718752108141274e+01 1.415162789872273486e+01 -1.207568625017834352e+00 1.000000000000000000e+00
1.352148084120953975e+01 1.405013010397673945e+01 -1.221431521776482843e+00 1.000000000000000000e+00
1.353577416133766853e+01 1.394851287048726007e+01 -1.235284035268561675e+00 1.000000000000000000e+00
1.355006748146579731e+01 1.384677706209219750e+01 -1.249126047735243716e+00 1.000000000000000000e+00
1.356436080159392610e+01 1.374492354363740532e+01 -1.262957441506977085e+00 1.000000000000000000e+00
1.357865412172205488e+01 1.364295318096941401e+01 -1.276778099004471922e+00 1.000000000000000000e+00
1.359294744185018367e+01 1.354086684092802528e+01 -1.290587902739708026e+00 1.000000000000000000e+00
1.360724076197831067e+01 1.343866539133897220e+01 -1.304386735316930057e+00 1.000000000000000000e+00
1.362153408210643946e+01 1.333634970100646910e+01 -1.318174479433654067e+00 1.000000000000000000e+00
1.363582740223456824e+01 1.323392063970592858e+01 -1.331951017881651378e+00 1.000000000000000000e+00
1.365012072236269702e+01 1.313137907817650429e+01 -1.345716233547953333e+00 1.000000000000000000e+00
1.366441404249082581e+01 1.302872588811369781e+01 -1.359470009415845615e+00 1.000000000000000000e+00
1.367870736261895459e+01 1.292596194216196182e+01 -1.373212228565862114e+00 1.000000000000000000e+00
1.369300068274708160e+01 1.282308811390728565e+01 -1.386942774176777915e+00 1.000000000000000000e+00
1.370729400287521038e+01 1.272010527786970790e+01 -1.400661529526608495e+00 1.000000000000000000e+00
1.372158732300333916e+01 1.261701430949597835e+01 -1.414368377993592718e+00 1.000000000000000000e+00
1.373588064313146795e+01 1.251381608515205812e+01 -1.428063203057188701e+00 1.000000000000000000e+00
1.375017396325959673e+01 1.241051148211567323e+01 -1.441745888299066358e+00 1.000000000000000000e+00
1.376446728338772374e+01 1.230710137856888942e+01 -1.455416317404091497e+00 1.000000000000000000e+00
1.377876060351585252e+01 1.220358665359056438e+01 -1.469074374161324581e+00 1.000000000000000000e+00
1.379305392364398131e+01 1.209996818714898659e+01 -1.482719942464997054e+00 1.000000000000000000e+00
1.380734724377211009e+01 1.199624686009433816e+01 -1.496352906315501441e+00 1.000000000000000000e+00
1.382164056390023887e+01 1.189242355415115782e+01 -1.509973149820387439e+00 1.000000000000000000e+00
1.383593388402836766e+01 1.178849915191095121e+01 -1.523580557195332030e+00 1.000000000000000000e+00
1.385022720415649466e+01 1.168447453682462545e+01 -1.537175012765131354e+00 1.000000000000000000e+00
1.386452052428462345e+01 1.158035059319494842e+01 -1.550756400964689030e+00 1.000000000000000000e+00
1.387881384441275223e+01 1.147612820616910945e+01 -1.564324606339987600e+00 1.000000000000000000e+00
1.389310716454088102e+01 1.137180826173114312e+01 -1.577879513549077517e+00 1.000000000000000000e+00
1.390740048466900980e+01 1.126739164669440996e+01 -1.591421007363054807e+00 1.000000000000000000e+00
1.392169380479713858e+01 1.116287924869405934e+01 -1.604948972667042062e+00 1.000000000000000000e+00
1.393598712492526559e+01 1.105827195617949066e+01 -1.618463294461164326e+00 1.000000000000000000e+00
1.395028044505339437e+01 1.095357065840674871e+01 -1.631963857861534750e+00 1.000000000000000000e+00
1.396457376518152316e+01 1.084877624543105767e+01 -1.645450548101219379e+00 1.000000000000000000e+00
1.397886708530965194e+01 1.074388960809919169e+01 -1.658923250531219917e+00 1.000000000000000000e+00
1.399316040543778072e+01 1.063891163804190221e+01 -1.672381850621447619e+00 1.000000000000000000e+00
1.400745372556590951e+01 1.053384322766635961e+01 -1.685826233961696508e+00 1.000000000000000000e+00
1.402174704569403652e+01 1.042868527014858060e+01 -1.699256286262613047e+00 1.000000000000000000e+00
1.403604036582216530e+01 1.032343865942574901e+01 -1.712671893356676911e+00 1.000000000000000000e+00
1.405033368595029408e+01 1.021810429018874444e+01 -1.726072941199159105e+00 1.000000000000000000e+00
1.406462700607842287e+01 1.011268305787444355e+01 -1.739459315869098965e+00 1.000000000000000000e+00
1.407892032620655165e+01 1.000717585865816517e+01 -1.752830903570269383e+00 1.000000000000000000e+00
1.409321364633468043e+01 9.901583589445968059e+00 -1.766187590632151583e+00 1.000000000000000000e+00
1.410750696646280744e+01 9.795907147867151110e+00 -1.779529263510887471e+00 1.000000000000000000e+00
1.412180028659093622e+01 9.690147432266485339e+00 -1.792855808790261518e+00 1.000000000000000000e+00
1.413609360671906501e+01 9.584305341696698122e+00 -1.806167113182649997e+00 1.000000000000000000e+00
1.415038692684719379e+01 9.478381775910760254e+00 -1.819463063529992652e+00 1.000000000000000000e+00
1.416468024697532258e+01 9.372377635354254721e+00 -1.832743546804751711e+00 1.000000000000000000e+00
1.417897356710345136e+01 9.266293821157724153e+00 -1.846008450110874888e+00 1.000000000000000000e+00
1.419326688723157837e+01 9.160131235129025384e+00 -1.859257660684750180e+00 1.000000000000000000e+00
1.420756020735970715e+01 9.053890779745593420e+00 -1.872491065896174423e+00 1.000000000000000000e+00
1.422185352748783593e+01 8.947573358146877709e+00 -1.885708553249298758e+00 1.000000000000000000e+00
1.423614684761596472e+01 8.841179874126588345e+00 -1.898910010383591640e+00 1.000000000000000000e+00
1.425044016774409350e+01 8.734711232125038194e+00 -1.912095325074793628e+00 1.000000000000000000e+00
1.426473348787222051e+01 8.628168337221465478e+00 -1.925264385235867737e+00 1.000000000000000000e+00
1.427902680800034929e+01 8.521552095126276427e+00 -1.938417078917961334e+00 1.000000000000000000e+00
1.429332012812847807e+01 8.414863412173438917e+00 -1.951553294311346054e+00 1.000000000000000000e+00
1.430761344825660686e+01 8.308103195312726896e+00 -1.964672919746375701e+00 1.000000000000000000e+00
1.432190676838473564e+01 8.201272352102005669e+00 -1.977775843694433044e+00 1.000000000000000000e+00
1.433620008851286443e+01 8.094371790699536717e+00 -1.990861954768878839e+00 1.000000000000000000e+00
1.435049340864099143e+01 7.987402419856255875e+00 -2.003931141725996845e+00 1.000000000000000000e+00
1.436478672876912022e+01 7.880365148908004436e+00 -2.016983293465946403e+00 1.000000000000000000e+00
1.437908004889724900e+01 7.773260887767893479e+00 -2.030018299033693907e+00 1.000000000000000000e+00
1.439337336902537778e+01 7.666090546918441717e+00 -2.043036047619971374e+00 1.000000000000000000e+00
1.440766668915350657e+01 7.558855037403961141e+00 -2.056036428562204588e+00 1.000000000000000000e+00
1.442196000928163535e+01 7.451555270822740162e+00 -2.069019331345462565e+00 1.000000000000000000e+00
1.443625332940976236e+01 7.344192159319320901e+00 -2.081984645603391915e+00 1.000000000000000000e+00
1.445054664953789114e+01 7.236766615576686767e+00 -2.094932261119163641e+00 1.000000000000000000e+00
1.446483996966601993e+01 7.129279552808604592e+00 -2.107862067826397734e+00 1.000000000000000000e+00
1.447913328979414871e+01 7.021731884751784669e+00 -2.120773955810106859e+00 1.000000000000000000e+00
1.449342660992227749e+01 6.914124525658144726e+00 -2.133667815307630278e+00 1.000000000000000000e+00
1.450771993005040628e+01 6.806458390287023263e+00 -2.146543536709564215e+00 1.000000000000000000e+00
1.452201325017853328e+01 6.698734393897429307e+00 -2.159401010560693557e+00 1.000000000000000000e+00
1.453630657030666207e+01 6.590953452240195354e+00 -2.172240127560929768e+00 1.000000000000000000e+00
1.455059989043479085e+01 6.483116481550286636e+00 -2.185060778566227935e+00 1.000000000000000000e+00
1.456489321056291963e+01 6.375224398538947845e+00 -2.197862854589522463e+00 1.000000000000000000e+00
1.457918653069104842e+01 6.267278120385932461e+00 -2.210646246801653003e+00 1.000000000000000000e+00
1.459347985081917720e+01 6.159278564731695660e+00 -2.223410846532286822e+00 1.000000000000000000e+00
1.460777317094730421e+01 6.051226649669620983e+00 -2.236156545270842955e+00 1.000000000000000000e+00
1.462206649107543299e+01 5.943123293738140411e+00 -2.248883234667421682e+00 1.000000000000000000e+00
1.463635981120356178e+01 5.834969415913033863e+00 -2.261590806533714915e+00 1.000000000000000000e+00
1.465065313133169056e+01 5.726765935599557267e+00 -2.274279152843928564e+00 1.000000000000000000e+00
1.466494645145981934e+01 5.618513772624586622e+00 -2.286948165735710692e+00 1.000000000000000000e+00
1.467923977158794635e+01 5.510213847228909501e+00 -2.299597737511053008e+00 1.000000000000000000e+00
1.469353309171607513e+01 5.401867080059269632e+00 -2.312227760637220353e+00 1.000000000000000000e+00
1.470782641184420392e+01 5.293474392160660180e+00 -2.324838127747655303e+00 1.000000000000000000e+00
1.472211973197233270e+01 5.185036704968423393e+00 -2.337428731642892998e+00 1.000000000000000000e+00
1.473641305210046148e+01 5.076554940300435526e+00 -2.349999465291477296e+00 1.000000000000000000e+00
1.475070637222859027e+01 4.968030020349272213e+00 -2.362550221830864494e+00 1.000000000000000000e+00
1.476499969235671728e+01 4.859462867674383624e+00 -2.375080894568333267e+00 1.000000000000000000e+00
1.477929301248484606e+01 4.750854405194187002e+00 -2.387591376981898161e+00 1.000000000000000000e+00
1.479358633261297484e+01 4.642205556178319092e+00 -2.400081562721204431e+00 1.000000000000000000e+00
1.480787965274110363e+01 4.533517244239722466e+00 -2.412551345608437980e+00 1.000000000000000000e+00
1.482217297286923241e+01 4.424790393326810012e+00 -2.425000619639228194e+00 1.000000000000000000e+00
1.483646629299736119e+01 4.316025927715611665e+00 -2.437429278983548997e+00 1.000000000000000000e+00
1.485075961312548820e+01 4.207224772001930013e+00 -2.449837217986615023e+00 1.000000000000000000e+00
1.486505293325361698e+01 4.098387851093418632e+00 -2.462224331169786673e+00 1.000000000000000000e+00
1.487934625338174577e+01 3.989516090201817633e+00 -2.474590513231459177e+00 1.000000000000000000e+00
1.489363957350987455e+01 3.880610414835018673e+00 -2.486935659047961877e+00 1.000000000000000000e+00
1.490793289363800334e+01 3.771671750789238775e+00 -2.499259663674449516e+00 1.000000000000000000e+00
1.492222621376613212e+01 3.662701024141073347e+00 -2.511562422345801515e+00 1.000000000000000000e+00
1.493651953389425913e+01 3.553699161239731730e+00 -2.523843830477501271e+00 1.000000000000000000e+00
1.495081285402238791e+01 3.444667088699108426e+00 -2.536103783666530997e+00 1.000000000000000000e+00
1.496510617415051669e+01 3.335605733389857885e+00 -2.548342177692264787e+00 1.000000000000000000e+00
1.497939949427864548e+01 3.226516022431613173e+00 -2.560558908517344356e+00 1.000000000000000000e+00
1.499369281440677426e+01 3.117398883185039438e+00 -2.572753872288568555e+00 1.000000000000000000e+00
1.500798613453490304e+01 3.008255243243967758e+00 -2.584926965337776217e+00 1.000000000000000000e+00
1.502227945466303005e+01 2.899086030427526328e+00 -2.597078084182725899e+00 1.000000000000000000e+00
1.503657277479115884e+01 2.789892172772182377e+00 -2.609207125527981397e+00 1.000000000000000000e+00
1.505086609491928762e+01 2.680674598523959506e+00 -2.621313986265779050e+00 1.000000000000000000e+00
1.506515941504741640e+01 2.571434236130477391e+00 -2.633398563476914145e+00 1.000000000000000000e+00
1.507945273517554519e+01 2.462172014233072748e+00 -2.645460754431609551e+00 1.000000000000000000e+00
1.509374605530367219e+01 2.352888861658926523e+00 -2.657500456590391913e+00 1.000000000000000000e+00
1.510803937543180098e+01 2.243585707413098707e+00 -2.669517567604966057e+00 1.000000000000000000e+00
1.512233269555992976e+01 2.134263480670730573e+00 -2.681511985319079194e+00 1.000000000000000000e+00
1.513662601568805854e+01 2.024923110769082601e+00 -2.693483607769390442e+00 1.000000000000000000e+00
1.515091933581618733e+01 1.915565527199645457e+00 -2.705432333186341687e+00 1.000000000000000000e+00
1.516521265594431611e+01 1.806191659600242971e+00 -2.717358059995019559e+00 1.000000000000000000e+00
1.517950597607244312e+01 1.696802437747144676e+00 -2.729260686816017412e+00 1.000000000000000000e+00
1.519379929620057190e+01 1.587398791547094401e+00 -2.741140112466304846e+00 1.000000000000000000e+00
1.520809261632870069e+01 1.477981651029523613e+00 -2.752996235960075477e+00 1.000000000000000000e+00
1.522238593645682947e+01 1.368551946338509628e+00 -2.764828956509618685e+00 1.000000000000000000e+00
1.523667925658495825e+01 1.259110607724986952e+00 -2.776638173526164266e+00 1.000000000000000000e+00
1.525097257671308704e+01 1.149658565538773214e+00 -2.788423786620747080e+00 1.000000000000000000e+00
1.526526589684121404e+01 1.040196750220691246e+00 -2.800185695605052150e+00 1.000000000000000000e+00
1.527955921696934283e+01 9.307260922945955750e-01 -2.811923800492277525e+00 1.000000000000000000e+00
1.529385253709747161e+01 8.212475223595597784e-01 -2.823638001497971839e+00 1.000000000000000000e+00
1.530814585722560039e+01 7.117619710819007572e-01 -2.835328199040890507e+00 1.000000000000000000e+00
1.532243917735372918e+01 6.022703691872823839e-01 -2.846994293743839499e+00 1.000000000000000000e+00
1.533673249748185796e+01 4.927736474528049415e-01 -2.858636186434519555e+00 1.000000000000000000e+00
1.535102581760998497e+01 3.832727366991082185e-01 -2.870253778146370394e+00 1.000000000000000000e+00
1.536531913773811375e+01 2.737685677823925023e-01 -2.881846970119415818e+00 1.000000000000000000e+00
1.537961245786624254e+01 1.642620715866054126e-01 -2.893415663801095494e+00 1.000000000000000000e+00
1.539390577799437132e+01 5.475417901546190957e-02 -2.904959760847106942e+00 1.000000000000000000e+00
1.540819909812250010e+01 -5.475417901545271554e-02 -2.916479163122241314e+00 1.000000000000000000e+00
1.542249241825062889e+01 -1.642620715865962255e-01 -2.927973772701219168e+00 1.000000000000000000e+00
1.543678573837875589e+01 -2.737685677823666341e-01 -2.939443491869517366e+00 1.000000000000000000e+00
1.545107905850688468e+01 -3.832727366990823503e-01 -2.950888223124210619e+00 1.000000000000000000e+00
1.546537237863501346e+01 -4.927736474527957267e-01 -2.962307869174786834e+00 1.000000000000000000e+00
1.547966569876314225e+01 -6.022703691872565157e-01 -2.973702332943980675e+00 1.000000000000000000e+00
1.549395901889127103e+01 -7.117619710818747780e-01 -2.985071517568605781e+00 1.000000000000000000e+00
1.550825233901939981e+01 -8.212475223595339102e-01 -2.996415326400364787e+00 1.000000000000000000e+00
1.552254565914752682e+01 -9.307260922945530535e-01 -3.007733663006676661e+00 1.000000000000000000e+00
1.553683897927565560e+01 -1.040196750220648836e+00 -3.019026431171504044e+00 1.000000000000000000e+00
1.555113229940378439e+01 -1.149658565538747457e+00 -3.030293534896157936e+00 1.000000000000000000e+00
1.556542561953191317e+01 -1.259110607724961195e+00 -3.041534878400123265e+00 1.000000000000000000e+00
1.557971893966004195e+01 -1.368551946338483871e+00 -3.052750366121867565e+00 1.000000000000000000e+00
1.559401225978816896e+01 -1.477981651029480981e+00 -3.063939902719656327e+00 1.000000000000000000e+00
1.560830557991629775e+01 -1.587398791547068866e+00 -3.075103393072367908e+00 1.000000000000000000e+00
1.562259890004442653e+01 -1.696802437747118919e+00 -3.086240742280290217e+00 1.000000000000000000e+00
1.563689222017255531e+01 -1.806191659600233868e+00 -3.097351855665937848e+00 1.000000000000000000e+00
1.565118554030068410e+01 -1.915565527199636131e+00 -3.108436638774853211e+00 1.000000000000000000e+00
1.566547886042881288e+01 -2.024923110769073276e+00 -3.119494997376409007e+00 1.000000000000000000e+00
1.567977218055693989e+01 -2.134263480670704816e+00 -3.130526837464609802e+00 1.000000000000000000e+00
1.569406550068506867e+01 -2.243585707413072505e+00 -3.141532065258894502e+00 1.000000000000000000e+00
1.570835882081319745e+01 -2.352888861658900321e+00 -3.152510587204926384e+00 1.000000000000000000e+00
1.572265214094132624e+01 -2.462172014233062978e+00 -3.163462309975394682e+00 1.000000000000000000e+00
1.573694546106945502e+01 -2.571434236130467621e+00 -3.174387140470804614e+00 1.000000000000000000e+00
1.575123878119758380e+01 -2.680674598523934193e+00 -3.185284985820269643e+00 1.000000000000000000e+00
1.576553210132571081e+01 -2.789892172772156620e+00 -3.196155753382304177e+00 1.000000000000000000e+00
1.577982542145383960e+01 -2.899086030427483696e+00 -3.206999350745603383e+00 1.000000000000000000e+00
1.579411874158196838e+01 -3.008255243243942445e+00 -3.217815685729839892e+00 1.000000000000000000e+00
1.580841206171009716e+01 -3.117398883185014125e+00 -3.228604666386435618e+00 1.000000000000000000e+00
1.582270538183822595e+01 -3.226516022431587416e+00 -3.239366200999350021e+00 1.000000000000000000e+00
1.583699870196635473e+01 -3.335605733389832572e+00 -3.250100198085859926e+00 1.000000000000000000e+00
1.585129202209448174e+01 -3.444667088699066682e+00 -3.260806566397333572e+00 1.000000000000000000e+00
1.586558534222261052e+01 -3.553699161239706417e+00 -3.271485214920012652e+00 1.000000000000000000e+00
1.587987866235073930e+01 -3.662701024141046702e+00 -3.282136052875779253e+00 1.000000000000000000e+00
1.589417198247886809e+01 -3.771671750789213018e+00 -3.292758989722930352e+00 1.000000000000000000e+00
1.590846530260699687e+01 -3.880610414835009347e+00 -3.303353935156947419e+00 1.000000000000000000e+00
1.592275862273512566e+01 -3.989516090201807863e+00 -3.313920799111264692e+00 1.000000000000000000e+00
1.593705194286325266e+01 -4.098387851093392875e+00 -3.324459491758032126e+00 1.000000000000000000e+00
1.595134526299138145e+01 -4.207224772001904256e+00 -3.334969923508887213e+00 1.000000000000000000e+00
1.596563858311951023e+01 -4.316025927715602784e+00 -3.345452005015703723e+00 1.000000000000000000e+00
1.597993190324763901e+01 -4.424790393326802018e+00 -3.355905647171361750e+00 1.000000000000000000e+00
1.599422522337576780e+01 -4.533517244239714472e+00 -3.366330761110498671e+00 1.000000000000000000e+00
1.600851854350389658e+01 -4.642205556178310211e+00 -3.376727258210269422e+00 1.000000000000000000e+00
1.602281186363202536e+01 -4.750854405194161245e+00 -3.387095050091097015e+00 1.000000000000000000e+00
1.603710518376015415e+01 -4.859462867674356978e+00 -3.397434048617427038e+00 1.000000000000000000e+00
1.605139850388827938e+01 -4.968030020349246456e+00 -3.407744165898469291e+00 1.000000000000000000e+00
1.606569182401640816e+01 -5.076554940300409768e+00 -3.418025314288956729e+00 1.000000000000000000e+00
1.607998514414453695e+01 -5.185036704968381649e+00 -3.428277406389877768e+00 1.000000000000000000e+00
1.609427846427266573e+01 -5.293474392160620212e+00 -3.438500355049229906e+00 1.000000000000000000e+00
1.610857178440079451e+01 -5.401867080059228776e+00 -3.448694073362754686e+00 1.000000000000000000e+00
1.612286510452892330e+01 -5.510213847228866868e+00 -3.458858474674675776e+00 1.000000000000000000e+00
1.613715842465705208e+01 -5.618513772624561753e+00 -3.468993472578441040e+00 1.000000000000000000e+00
1.615145174478518086e+01 -5.726765935599532398e+00 -3.479098980917451289e+00 1.000000000000000000e+00
1.616574506491330965e+01 -5.834969415913024093e+00 -3.489174913785796139e+00 1.000000000000000000e+00
1.618003838504143843e+01 -5.943123293738132418e+00 -3.499221185528983202e+00 1.000000000000000000e+00
1.619433170516956721e+01 -6.051226649669611213e+00 -3.509237710744666838e+00 1.000000000000000000e+00
1.620862502529769600e+01 -6.159278564731702765e+00 -3.519224404283372909e+00 1.000000000000000000e+00
1.622291834542582123e+01 -6.267278120385905815e+00 -3.529181181249220867e+00 1.000000000000000000e+00
1.623721166555395001e+01 -6.375224398538922088e+00 -3.539107957000656501e+00 1.000000000000000000e+00
1.625150498568207880e+01 -6.483116481550260879e+00 -3.549004647151154934e+00 1.000000000000000000e+00
1.626579830581020758e+01 -6.590953452240170485e+00 -3.558871167569946259e+00 1.000000000000000000e+00
1.628009162593833636e+01 -6.698734393897404438e+00 -3.568707434382734078e+00 1.000000000000000000e+00
1.629438494606646515e+01 -6.806458390287012605e+00 -3.578513363972402939e+00 1.000000000000000000e+00
1.630867826619459393e+01 -6.914124525658118081e+00 -3.588288872979728872e+00 1.000000000000000000e+00
1.632297158632272271e+01 -7.021731884751758912e+00 -3.598033878304096156e+00 1.000000000000000000e+00
1.633726490645085150e+01 -7.129279552808578835e+00 -3.607748297104192314e+00 1.000000000000000000e+00
1.635155822657898028e+01 -7.236766615576662787e+00 -3.617432046798720879e+00 1.000000000000000000e+00
1.636585154670710907e+01 -7.344192159319295143e+00 -3.627085045067098168e+00 1.000000000000000000e+00
1.638014486683523785e+01 -7.451555270822731281e+00 -3.636707209850156275e+00 1.000000000000000000e+00
1.639443818696336308e+01 -7.558855037403920285e+00 -3.646298459350837629e+00 1.000000000000000000e+00
1.640873150709149186e+01 -7.666090546918399973e+00 -3.655858712034899760e+00 1.000000000000000000e+00
1.642302482721962065e+01 -7.773260887767850846e+00 -3.665387886631592984e+00 1.000000000000000000e+00
1.643731814734774943e+01 -7.880365148907979567e+00 -3.674885902134362059e+00 1.000000000000000000e+00
1.645161146747587821e+01 -7.987402419856231006e+00 -3.684352677801531861e+00 1.000000000000000000e+00
1.646590478760400700e+01 -8.094371790699527835e+00 -3.693788133156994835e+00 1.000000000000000000e+00
1.648019810773213578e+01 -8.201272352101996788e+00 -3.703192187990893114e+00 1.000000000000000000e+00
1.649449142786026457e+01 -8.308103195312718015e+00 -3.712564762360301973e+00 1.000000000000000000e+00
1.650878474798839335e+01 -8.414863412173431811e+00 -3.721905776589910619e+00 1.000000000000000000e+00
1.652307806811652213e+01 -8.521552095126265769e+00 -3.731215151272693209e+00 1.000000000000000000e+00
1.653737138824465092e+01 -8.628168337221456596e+00 -3.740492807270592746e+00 1.000000000000000000e+00
1.655166470837277615e+01 -8.734711232125013325e+00 -3.749738665715182773e+00 1.000000000000000000e+00
1.656595802850090493e+01 -8.841179874126563476e+00 -3.758952648008361930e+00 1.000000000000000000e+00
1.658025134862903371e+01 -8.947573358146851064e+00 -3.768134675822986779e+00 1.000000000000000000e+00
1.659454466875716250e+01 -9.053890779745566775e+00 -3.777284671103561919e+00 1.000000000000000000e+00
1.660883798888529128e+01 -9.160131235128982752e+00 -3.786402556066898129e+00 1.000000000000000000e+00
1.662313130901342006e+01 -9.266293821157699284e+00 -3.795488253202770945e+00 1.000000000000000000e+00
1.663742462914154885e+01 -9.372377635354229852e+00 -3.804541685274583251e+00 1.000000000000000000e+00
1.665171794926967763e+01 -9.478381775910735385e+00 -3.813562775320019416e+00 1.000000000000000000e+00
1.666601126939780642e+01 -9.584305341696673253e+00 -3.822551446651699436e+00 1.000000000000000000e+00
1.668030458952593520e+01 -9.690147432266460470e+00 -3.831507622857831308e+00 1.000000000000000000e+00
1.669459790965406398e+01 -9.795907147867124465e+00 -3.840431227802862946e+00 1.000000000000000000e+00
1.670889122978219277e+01 -9.901583589445959177e+00 -3.849322185628125226e+00 1.000000000000000000e+00
1.672318454991031800e+01 -1.000717585865812431e+01 -3.858180420752476358e+00 1.000000000000000000e+00
1.673747787003844678e+01 -1.011268305787441868e+01 -3.867005857872956032e+00 1.000000000000000000e+00
1.675177119016657556e+01 -1.021810429018871602e+01 -3.875798421965408025e+00 1.000000000000000000e+00
1.676606451029470435e+01 -1.032343865942572414e+01 -3.884558038285128134e+00 1.000000000000000000e+00
1.678035783042283313e+01 -1.042868527014855573e+01 -3.893284632367499221e+00 1.000000000000000000e+00
1.679465115055096192e+01 -1.053384322766635428e+01 -3.901978130028623148e+00 1.000000000000000000e+00
1.680894447067909070e+01 -1.063891163804189333e+01 -3.910638457365948728e+00 1.000000000000000000e+00
1.682323779080721948e+01 -1.074388960809918103e+01 -3.919265540758904987e+00 1.000000000000000000e+00
1.683753111093534827e+01 -1.084877624543105057e+01 -3.927859306869522005e+00 1.000000000000000000e+00
1.685182443106347705e+01 -1.095357065840672561e+01 -3.936419682643057527e+00 1.000000000000000000e+00
1.686611775119160583e+01 -1.105827195617946579e+01 -3.944946595308621351e+00 1.000000000000000000e+00
1.688041107131973462e+01 -1.116287924869405046e+01 -3.953439972379784173e+00 1.000000000000000000e+00
1.689470439144785985e+01 -1.126739164669438686e+01 -3.961899741655201090e+00 1.000000000000000000e+00
1.690899771157598863e+01 -1.137180826173110404e+01 -3.970325831219224000e+00 1.000000000000000000e+00
1.692329103170411742e+01 -1.147612820616906681e+01 -3.978718169442513553e+00 1.000000000000000000e+00
1.693758435183224620e+01 -1.158035059319490756e+01 -3.987076684982644892e+00 1.000000000000000000e+00
1.695187767196037498e+01 -1.168447453682458637e+01 -3.995401306784718720e+00 1.000000000000000000e+00
1.696617099208850377e+01 -1.178849915191092634e+01 -4.003691964081961707e+00 1.000000000000000000e+00
1.698046431221663255e+01 -1.189242355415113295e+01 -4.011948586396328231e+00 1.000000000000000000e+00
1.699475763234476133e+01 -1.199624686009431151e+01 -4.020171103539104784e+00 1.000000000000000000e+00
1.700905095247289012e+01 -1.209996818714897593e+01 -4.028359445611497947e+00 1.000000000000000000e+00
1.702334427260101890e+01 -1.220358665359055550e+01 -4.036513543005235682e+00 1.000000000000000000e+00
1.703763759272914768e+01 -1.230710137856887876e+01 -4.044633326403155316e+00 1.000000000000000000e+00
1.705193091285727292e+01 -1.241051148211564836e+01 -4.052718726779790615e+00 1.000000000000000000e+00
1.706622423298540170e+01 -1.251381608515203325e+01 -4.060769675401973977e+00 1.000000000000000000e+00
1.708051755311353048e+01 -1.261701430949595526e+01 -4.068786103829396872e+00 1.000000000000000000e+00
1.709481087324165927e+01 -1.272010527786968304e+01 -4.076767943915207582e+00 1.000000000000000000e+00
1.710910419336978805e+01 -1.282308811390726255e+01 -4.084715127806584078e+00 1.000000000000000000e+00
1.712339751349791683e+01 -1.292596194216195293e+01 -4.092627587945317558e+00 1.000000000000000000e+00
1.713769083362604562e+01 -1.302872588811368892e+01 -4.100505257068377318e+00 1.000000000000000000e+00
1.715198415375417440e+01 -1.313137907817647942e+01 -4.108348068208492521e+00 1.000000000000000000e+00
1.716627747388230318e+01 -1.323392063970590371e+01 -4.116155954694712626e+00 1.000000000000000000e+00
1.718057079401043197e+01 -1.333634970100644246e+01 -4.123928850152980274e+00 1.000000000000000000e+00
1.719486411413856075e+01 -1.343866539133894911e+01 -4.131666688506691720e+00 1.000000000000000000e+00
1.720915743426668953e+01 -1.354086684092801818e+01 -4.139369403977262607e+00 1.000000000000000000e+00
1.722345075439481477e+01 -1.364295318096937315e+01 -4.147036931084679523e+00 1.000000000000000000e+00
1.723774407452294355e+01 -1.374492354363736446e+01 -4.154669204648070213e+00 1.000000000000000000e+00
1.725203739465107233e+01 -1.384677706209216019e+01 -4.162266159786241815e+00 1.000000000000000000e+00
1.726633071477920112e+01 -1.394851287048723698e+01 -4.169827731918243074e+00 1.000000000000000000e+00
1.728062403490732990e+01 -1.405013010397671458e+01 -4.177353856763909690e+00 1.000000000000000000e+00
1.729491735503545868e+01 -1.415162789872270999e+01 -4.184844470344410539e+00 1.000000000000000000e+00
1.730921067516358747e+01 -1.425300539190267557e+01 -4.192299508982793022e+00 1.000000000000000000e+00
1.732350399529171625e+01 -1.435426172171673009e+01 -4.199718909304522185e+00 1.000000000000000000e+00
1.733779731541984503e+01 -1.445539602739499863e+01 -4.207102608238022512e+00 1.000000000000000000e+00
1.735209063554797382e+01 -1.455640744920490626e+01 -4.214450543015211714e+00 1.000000000000000000e+00
1.736638395567610260e+01 -1.465729512845852511e+01 -4.221762651172035419e+00 1.000000000000000000e+00
1.738067727580423139e+01 -1.475805820751980946e+01 -4.229038870548993856e+00 1.000000000000000000e+00
1.739497059593235662e+01 -1.485869582981197823e+01 -4.236279139291683649e+00 1.000000000000000000e+00
1.740926391606048540e+01 -1.495920713982473060e+01 -4.243483395851304962e+00 1.000000000000000000e+00
1.742355723618861418e+01 -1.505959128312151130e+01 -4.250651578985197077e+00 1.000000000000000000e+00
1.743785055631674297e+01 -1.515984740634681494e+01 -4.257783627757355305e+00 1.000000000000000000e+00
1.745214387644487175e+01 -1.525997465723339808e+01 -4.264879481538951467e+00 1.000000000000000000e+00
1.746643719657300053e+01 -1.535997218460959601e+01 -4.271939080008844591e+00 1.000000000000000000e+00
1.748073051670112932e+01 -1.545983913840647261e+01 -4.278962363154098725e+00 1.000000000000000000e+00
1.749502383682925810e+01 -1.555957466966508562e+01 -4.285949271270488303e+00 1.000000000000000000e+00
1.750931715695738689e+01 -1.565917793054371643e+01 -4.292899744963012409e+00 1.000000000000000000e+00
1.752361047708551567e+01 -1.575864807432505899e+01 -4.299813725146391263e+00 1.000000000000000000e+00
1.753790379721364445e+01 -1.585798425542341938e+01 -4.306691153045575149e+00 1.000000000000000000e+00
1.755219711734176968e+01 -1.595718562939187635e+01 -4.313531970196236465e+00 1.000000000000000000e+00
1.756649043746989847e+01 -1.605625135292958205e+01 -4.320336118445283979e+00 1.000000000000000000e+00
1.758078375759802725e+01 -1.615518058388875744e+01 -4.327103539951334454e+00 1.000000000000000000e+00
1.759507707772615603e+01 -1.625397248128195216e+01 -4.333834177185217129e+00 1.000000000000000000e+00
1.760937039785428482e+01 -1.635262620528917665e+01 -4.340527972930463108e+00 1.000000000000000000e+00
1.762366371798241360e+01 -1.645114091726503958e+01 -4.347184870283785862e+00 1.000000000000000000e+00
1.763795703811054238e+01 -1.654951577974588517e+01 -4.353804812655570622e+00 1.000000000000000000e+00
1.765225035823867117e+01 -1.664774995645689870e+01 -4.360387743770353985e+00 1.000000000000000000e+00
1.766654367836679995e+01 -1.674584261231920834e+01 -4.366933607667299100e+00 1.000000000000000000e+00
1.768083699849492874e+01 -1.684379291345700480e+01 -4.373442348700675275e+00 1.000000000000000000e+00
1.769513031862305752e+01 -1.694160002720464675e+01 -4.379913911540329607e+00 1.000000000000000000e+00
1.770942363875118630e+01 -1.703926312211368810e+01 -4.386348241172157714e+00 1.000000000000000000e+00
1.772371695887931153e+01 -1.713678136795995499e+01 -4.392745282898569137e+00 1.000000000000000000e+00
1.773801027900744032e+01 -1.723415393575067611e+01 -4.399104982338955416e+00 1.000000000000000000e+00
1.775230359913556910e+01 -1.733137999773141047e+01 -4.405427285430149276e+00 1.000000000000000000e+00
1.776659691926369788e+01 -1.742845872739321322e+01 -4.411712138426891805e+00 1.000000000000000000e+00
1.778089023939182667e+01 -1.752538929947954216e+01 -4.417959487902278326e+00 1.000000000000000000e+00
1.779518355951995545e+01 -1.762217088999335246e+01 -4.424169280748217581e+00 1.000000000000000000e+00
1.780947687964808424e+01 -1.771880267620408134e+01 -4.430341464175884703e+00 1.000000000000000000e+00
1.782377019977621302e+01 -1.781528383665461845e+01 -4.436475985716169745e+00 1.000000000000000000e+00
1.783806351990434180e+01 -1.791161355116831899e+01 -4.442572793220122662e+00 1.000000000000000000e+00
1.785235684003247059e+01 -1.800779100085596696e+01 -4.448631834859394729e+00 1.000000000000000000e+00
1.786665016016059937e+01 -1.810381536812273140e+01 -4.454653059126681747e+00 1.000000000000000000e+00
1.788094348028872460e+01 -1.819968583667508710e+01 -4.460636414836161023e+00 1.000000000000000000e+00
1.789523680041685338e+01 -1.829540159152788803e+01 -4.466581851123929248e+00 1.000000000000000000e+00
1.790953012054498217e+01 -1.839096181901108551e+01 -4.472489317448429702e+00 1.000000000000000000e+00
1.792382344067311095e+01 -1.848636570677679813e+01 -4.478358763590884806e+00 1.000000000000000000e+00
1.793811676080123974e+01 -1.858161244380616495e+01 -4.484190139655722440e+00 1.000000000000000000e+00
1.795241008092936852e+01 -1.867670122041625547e+01 -4.489983396071001387e+00 1.000000000000000000e+00
1.796670340105749730e+01 -1.877163122826692998e+01 -4.495738483588831436e+00 1.000000000000000000e+00
1.798099672118562609e+01 -1.886640166036773181e+01 -4.501455353285792604e+00 1.000000000000000000e+00
1.799529004131375487e+01 -1.896101171108476180e+01 -4.507133956563349031e+00 1.000000000000000000e+00
1.800958336144188365e+01 -1.905546057614749245e+01 -4.512774245148265528e+00 1.000000000000000000e+00
1.802387668157001244e+01 -1.914974745265559974e+01 -4.518376171093017035e+00 1.000000000000000000e+00
1.803817000169814122e+01 -1.924387153908584125e+01 -4.523939686776192737e+00 1.000000000000000000e+00
1.805246332182626645e+01 -1.933783203529877426e+01 -4.529464744902902851e+00 1.000000000000000000e+00
1.806675664195439523e+01 -1.943162814254574045e+01 -4.534951298505190742e+00 1.000000000000000000e+00
1.808104996208252402e+01 -1.952525906347542417e+01 -4.540399300942410399e+00 1.000000000000000000e+00
1.809534328221065280e+01 -1.961872400214078738e+01 -4.545808705901642988e+00 1.000000000000000000e+00
1.810963660233878159e+01 -1.971202216400577711e+01 -4.551179467398079659e+00 1.000000000000000000e+00
1.812392992246691037e+01 -1.980515275595209701e+01 -4.556511539775417674e+00 1.000000000000000000e+00
1.813822324259503915e+01 -1.989811498628595743e+01 -4.561804877706244987e+00 1.000000000000000000e+00
1.815251656272316794e+01 -1.999090806474477588e+01 -4.567059436192429267e+00 1.000000000000000000e+00
1.816680988285129672e+01 -2.008353120250392365e+01 -4.572275170565495372e+00 1.000000000000000000e+00
1.818110320297942550e+01 -2.017598361218341907e+01 -4.577452036487010822e+00 1.000000000000000000e+00
1.819539652310755429e+01 -2.026826450785462086e+01 -4.582589989948958831e+00 1.000000000000000000e+00
1.820968984323568307e+01 -2.036037310504691433e+01 -4.587688987274113117e+00 1.000000000000000000e+00
1.822398316336380830e+01 -2.045230862075434430e+01 -4.592748985116410054e+00 1.000000000000000000e+00
1.823827648349193709e+01 -2.054407027344239367e+01 -4.597769940461317262e+00 1.000000000000000000e+00
1.825256980362006587e+01 -2.063565728305444580e+01 -4.602751810626197759e+00 1.000000000000000000e+00
1.826686312374819465e+01 -2.072706887101854534e+01 -4.607694553260675008e+00 1.000000000000000000e+00
1.828115644387632344e+01 -2.081830426025395298e+01 -4.612598126346987293e+00 1.000000000000000000e+00
1.829544976400445222e+01 -2.090936267517783520e+01 -4.617462488200358095e+00 1.000000000000000000e+00
1.830974308413258100e+01 -2.100024334171173379e+01 -4.622287597469333598e+00 1.000000000000000000e+00
1.832403640426070979e+01 -2.109094548728824847e+01 -4.627073413136144175e+00 1.000000000000000000e+00
1.833832972438883857e+01 -2.118146834085755614e+01 -4.631819894517053449e+00 1.000000000000000000e+00
1.835262304451696735e+01 -2.127181113289397985e+01 -4.636527001262700232e+00 1.000000000000000000e+00
1.836691636464509614e+01 -2.136197309540251865e+01 -4.641194693358443146e+00 1.000000000000000000e+00
1.838120968477322137e+01 -2.145195346192538821e+01 -4.645822931124698130e+00 1.000000000000000000e+00
1.839550300490135015e+01 -2.154175146754856485e+01 -4.650411675217285712e+00 1.000000000000000000e+00
1.840979632502947894e+01 -2.163136634890822307e+01 -4.654960886627752537e+00 1.000000000000000000e+00
1.842408964515760772e+01 -2.172079734419726904e+01 -4.659470526683708869e+00 1.000000000000000000e+00
1.843838296528573650e+01 -2.181004369317178160e+01 -4.663940557049158109e+00 1.000000000000000000e+00
1.845267628541386529e+01 -2.189910463715754219e+01 -4.668370939724821866e+00 1.000000000000000000e+00
1.846696960554199407e+01 -2.198797941905640840e+01 -4.672761637048461481e+00 1.000000000000000000e+00
1.848126292567012285e+01 -2.207666728335279416e+01 -4.677112611695201316e+00 1.000000000000000000e+00
1.849555624579825164e+01 -2.216516747612008942e+01 -4.681423826677843181e+00 1.000000000000000000e+00
1.850984956592638042e+01 -2.225347924502703734e+01 -4.685695245347181626e+00 1.000000000000000000e+00
1.852414288605450920e+01 -2.234160183934417532e+01 -4.689926831392316586e+00 1.000000000000000000e+00
1.853843620618263799e+01 -2.242953450995020148e+01 -4.694118548840959804e+00 1.000000000000000000e+00
1.855272952631076322e+01 -2.251727650933830205e+01 -4.698270362059741245e+00 1.000000000000000000e+00
1.856702284643889200e+01 -2.260482709162258530e+01 -4.702382235754518192e+00 1.000000000000000000e+00
1.858131616656702079e+01 -2.269218551254432725e+01 -4.706454134970661229e+00 1.000000000000000000e+00
1.859560948669514957e+01 -2.277935102947840917e+01 -4.710486025093368667e+00 1.000000000000000000e+00
1.860990280682327835e+01 -2.286632290143950641e+01 -4.714477871847945423e+00 1.000000000000000000e+00
1.862419612695140714e+01 -2.295310038908848682e+01 -4.718429641300104116e+00 1.000000000000000000e+00
1.863848944707953592e+01 -2.303968275473865290e+01 -4.722341299856250174e+00 1.000000000000000000e+00
1.865278276720766470e+01 -2.312606926236201232e+01 -4.726212814263766937e+00 1.000000000000000000e+00
1.866707608733579349e+01 -2.321225917759555912e+01 -4.730044151611300762e+00 1.000000000000000000e+00
1.868136940746392227e+01 -2.329825176774748385e+01 -4.733835279329036361e+00 1.000000000000000000e+00
1.869566272759205106e+01 -2.338404630180341925e+01 -4.737586165188979237e+00 1.000000000000000000e+00
1.870995604772017984e+01 -2.346964205043267171e+01 -4.741296777305224808e+00 1.000000000000000000e+00
1.872424936784830507e+01 -2.355503828599433547e+01 -4.744967084134233737e+00 1.000000000000000000e+00
1.873854268797643385e+01 -2.364023428254366976e+01 -4.748597054475096613e+00 1.000000000000000000e+00
1.875283600810456264e+01 -2.372522931583804606e+01 -4.752186657469799513e+00 1.000000000000000000e+00
1.876712932823269142e+01 -2.381002266334322215e+01 -4.755735862603488684e+00 1.000000000000000000e+00
1.878142264836082020e+01 -2.389461360423948122e+01 -4.759244639704728108e+00 1.000000000000000000e+00
1.879571596848894899e+01 -2.397900141942773544e+01 -4.762712958945757080e+00 1.000000000000000000e+00
1.881000928861707777e+01 -2.406318539153565794e+01 -4.766140790842741559e+00 1.000000000000000000e+00
1.882430260874520656e+01 -2.414716480492374373e+01 -4.769528106256026412e+00 1.000000000000000000e+00
1.883859592887333534e+01 -2.423093894569147011e+01 -4.772874876390385879e+00 1.000000000000000000e+00
1.885288924900146412e+01 -2.431450710168328655e+01 -4.776181072795262494e+00 1.000000000000000000e+00
1.886718256912959291e+01 -2.439786856249469338e+01 -4.779446667365013113e+00 1.000000000000000000e+00
1.888147588925771814e+01 -2.448102261947826719e+01 -4.782671632339146939e+00 1.000000000000000000e+00
1.889576920938584692e+01 -2.456396856574977505e+01 -4.785855940302560008e+00 1.000000000000000000e+00
1.891006252951397570e+01 -2.464670569619404716e+01 -4.788999564185771440e+00 1.000000000000000000e+00
1.892435584964210449e+01 -2.472923330747106263e+01 -4.792102477265149929e+00 1.000000000000000000e+00
1.893864916977023327e+01 -2.481155069802188251e+01 -4.795164653163144663e+00 1.000000000000000000e+00
1.895294248989836206e+01 -2.489365716807464679e+01 -4.798186065848504711e+00 1.000000000000000000e+00
1.896723581002649084e+01 -2.497555201965051097e+01 -4.801166689636504614e+00 1.000000000000000000e+00
1.898152913015461962e+01 -2.505723455656957910e+01 -4.804106499189161994e+00 1.000000000000000000e+00
1.899582245028274841e+01 -2.513870408445681548e+01 -4.807005469515450713e+00 1.000000000000000000e+00
1.901011577041087719e+01 -2.521995991074794574e+01 -4.809863575971516703e+00 1.000000000000000000e+00
1.902440909053900597e+01 -2.530100134469536854e+01 -4.812680794260883133e+00 1.000000000000000000e+00
1.903870241066713476e+01 -2.538182769737399269e+01 -4.815457100434660020e+00 1.000000000000000000e+00
1.905299573079525999e+01 -2.546243828168711687e+01 -4.818192470891748513e+00 1.000000000000000000e+00
1.906728905092338877e+01 -2.554283241237228808e+01 -4.820886882379039839e+00 1.000000000000000000e+00
1.908158237105151755e+01 -2.562300940600707477e+01 -4.823540311991612484e+00 1.000000000000000000e+00
1.909587569117964634e+01 -2.570296858101491466e+01 -4.826152737172928475e+00 1.000000000000000000e+00
1.911016901130777512e+01 -2.578270925767089494e+01 -4.828724135715022570e+00 1.000000000000000000e+00
1.912446233143590391e+01 -2.586223075810753969e+01 -4.831254485758695871e+00 1.000000000000000000e+00
1.913875565156403269e+01 -2.594153240632057589e+01 -4.833743765793696134e+00 1.000000000000000000e+00
1.915304897169216147e+01 -2.602061352817466044e+01 -4.836191954658904280e+00 1.000000000000000000e+00
1.916734229182029026e+01 -2.609947345140913200e+01 -4.838599031542512918e+00 1.000000000000000000e+00
1.918163561194841904e+01 -2.617811150564370237e+01 -4.840964975982203100e+00 1.000000000000000000e+00
1.919592893207654782e+01 -2.625652702238418001e+01 -4.843289767865319284e+00 1.000000000000000000e+00
1.921022225220467305e+01 -2.633471933502812234e+01 -4.845573387429039869e+00 1.000000000000000000e+00
1.922451557233280184e+01 -2.641268777887058405e+01 -4.847815815260545058e+00 1.000000000000000000e+00
1.923880889246093062e+01 -2.649043169110963802e+01 -4.850017032297178510e+00 1.000000000000000000e+00
1.925310221258905941e+01 -2.656795041085210585e+01 -4.852177019826618753e+00 1.000000000000000000e+00
1.926739553271718819e+01 -2.664524327911914625e+01 -4.854295759487026629e+00 1.000000000000000000e+00
1.928168885284531697e+01 -2.672230963885184707e+01 -4.856373233267210487e+00 1.000000000000000000e+00
1.929598217297344576e+01 -2.679914883491684208e+01 -4.858409423506774516e+00 1.000000000000000000e+00
1.931027549310157454e+01 -2.687576021411183902e+01 -4.860404312896269730e+00 1.000000000000000000e+00
1.932456881322970332e+01 -2.695214312517121513e+01 -4.862357884477341408e+00 1.000000000000000000e+00
1.933886213335783211e+01 -2.702829691877152385e+01 -4.864270121642875644e+00 1.000000000000000000e+00
1.935315545348596089e+01 -2.710422094753700506e+01 -4.866141008137135238e+00 1.000000000000000000e+00
1.936744877361408967e+01 -2.717991456604514866e+01 -4.867970528055902690e+00 1.000000000000000000e+00
1.938174209374221491e+01 -2.725537713083209468e+01 -4.869758665846613432e+00 1.000000000000000000e+00
1.939603541387034369e+01 -2.733060800039818261e+01 -4.871505406308487274e+00 1.000000000000000000e+00
1.941032873399847247e+01 -2.740560653521334089e+01 -4.873210734592658966e+00 1.000000000000000000e+00
1.942462205412660126e+01 -2.748037209772255807e+01 -4.874874636202305211e+00 1.000000000000000000e+00
1.943891537425473004e+01 -2.755490405235132556e+01 -4.876497096992764568e+00 1.000000000000000000e+00
1.945320869438285882e+01 -2.762920176551098095e+01 -4.878078103171661795e+00 1.000000000000000000e+00
1.946750201451098761e+01 -2.770326460560412585e+01 -4.879617641299022424e+00 1.000000000000000000e+00
1.948179533463911639e+01 -2.777709194303002249e+01 -4.881115698287386451e+00 1.000000000000000000e+00
1.949608865476724517e+01 -2.785068315018987306e+01 -4.882572261401922908e+00 1.000000000000000000e+00
1.951038197489537396e+01 -2.792403760149223757e+01 -4.883987318260534671e+00 1.000000000000000000e+00
1.952467529502350274e+01 -2.799715467335829544e+01 -4.885360856833966814e+00 1.000000000000000000e+00
1.953896861515163152e+01 -2.807003374422717457e+01 -4.886692865445905198e+00 1.000000000000000000e+00
1.955326193527975676e+01 -2.814267419456119512e+01 -4.887983332773077727e+00 1.000000000000000000e+00
1.956755525540788554e+01 -2.821507540685123416e+01 -4.889232247845352930e+00 1.000000000000000000e+00
1.958184857553601432e+01 -2.828723676562184153e+01 -4.890439600045828783e+00 1.000000000000000000e+00
1.959614189566414311e+01 -2.835915765743657602e+01 -4.891605379110925078e+00 1.000000000000000000e+00
1.961043521579227189e+01 -2.843083747090314617e+01 -4.892729575130471353e+00 1.000000000000000000e+00
1.962472853592040067e+01 -2.850227559667867183e+01 -4.893812178547791270e+00 1.000000000000000000e+00
1.963902185604852946e+01 -2.857347142747484270e+01 -4.894853180159779882e+00 1.000000000000000000e+00
1.965331517617665824e+01 -2.864442435806302711e+01 -4.895852571116989793e+00 1.000000000000000000e+00
1.966760849630478702e+01 -2.871513378527952298e+01 -4.896810342923696879e+00 1.000000000000000000e+00
1.968190181643291581e+01 -2.878559910803058841e+01 -4.897726487437980225e+00 1.000000000000000000e+00
1.969619513656104459e+01 -2.885581972729760025e+01 -4.898600996871787849e+00 1.000000000000000000e+00
1.971048845668916982e+01 -2.892579504614209895e+01 -4.899433863791001542e+00 1.000000000000000000e+00
1.972478177681729861e+01 -2.899552446971100750e+01 -4.900225081115504366e+00 1.000000000000000000e+00
1.973907509694542739e+01 -2.906500740524145598e+01 -4.900974642119237501e+00 1.000000000000000000e+00
1.975336841707355617e+01 -2.913424326206601123e+01 -4.901682540430257973e+00 1.000000000000000000e+00
1.976766173720168496e+01 -2.920323145161760436e+01 -4.902348770030792835e+00 1.000000000000000000e+00
1.978195505732981374e+01 -2.927197138743458993e+01 -4.902973325257292458e+00 1.000000000000000000e+00
1.979624837745794252e+01 -2.934046248516565569e+01 -4.903556200800474940e+00 1.000000000000000000e+00
1.981054169758607131e+01 -2.940870416257486397e+01 -4.904097391705373177e+00 1.000000000000000000e+00
1.982483501771420009e+01 -2.947669583954661476e+01 -4.904596893371378385e+00 1.000000000000000000e+00
1.983912833784232888e+01 -2.954443693809048099e+01 -4.905054701552278296e+00 1.000000000000000000e+00
1.985342165797045766e+01 -2.961192688234618231e+01 -4.905470812356289123e+00 1.000000000000000000e+00
1.986771497809858644e+01 -2.967916509858849494e+01 -4.905845222246096426e+00 1.000000000000000000e+00
1.988200829822671167e+01 -2.974615101523209049e+01 -4.906177928038879976e+00 1.000000000000000000e+00
1.989630161835484046e+01 -2.981288406283644932e+01 -4.906468926906339512e+00 1.000000000000000000e+00
1.991059493848296924e+01 -2.987936367411063898e+01 -4.906718216374724051e+00 1.000000000000000000e+00
1.992488825861109802e+01 -2.994558928391814945e+01 -4.906925794324847878e+00 1.000000000000000000e+00
1.993918157873922681e+01 -3.001156032928174611e+01 -4.907091658992113636e+00 1.000000000000000000e+00
1.995347489886735559e+01 -3.007727624938819844e+01 -4.907215808966520321e+00 1.000000000000000000e+00
1.996776821899548438e+01 -3.014273648559307262e+01 -4.907298243192682818e+00 1.000000000000000000e+00
1.998206153912361316e+01 -3.020794048142548860e+01 -4.907338960969835462e+00 1.000000000000000000e+00
1.999635485925174194e+01 -3.027288768259283458e+01 -4.907337961951840022e+00 1.000000000000000000e+00
2.001064817937987073e+01 -3.033757753698547432e+01 -4.907295246147190149e+00 1.000000000000000000e+00
2.002494149950799951e+01 -3.040200949468146518e+01 -4.907210813919008707e+00 1.000000000000000000e+00
2.003923481963612829e+01 -3.046618300795120149e+01 -4.907084665985045113e+00 1.000000000000000000e+00
2.005352813976425352e+01 -3.053009753126209702e+01 -4.906916803417669115e+00 1.000000000000000000e+00
2.006782145989238231e+01 -3.059375252128324263e+01 -4.906707227643865465e+00 1.000000000000000000e+00
2.008211478002051109e+01 -3.065714743688995370e+01 -4.906455940445215269e+00 1.000000000000000000e+00
2.009640810014863987e+01 -3.072028173916842420e+01 -4.906162943957887101e+00 1.000000000000000000e+00
2.011070142027676866e+01 -3.078315489142028483e+01 -4.905828240672613916e+00 1.000000000000000000e+00
2.012499474040489744e+01 -3.084576635916721088e+01 -4.905451833434674391e+00 1.000000000000000000e+00
2.013928806053302623e+01 -3.090811561015540221e+01 -4.905033725443868953e+00 1.000000000000000000e+00
2.015358138066115501e+01 -3.097020211436013071e+01 -4.904573920254490460e+00 1.000000000000000000e+00
2.016787470078928379e+01 -3.103202534399029133e+01 -4.904072421775299340e+00 1.000000000000000000e+00
2.018216802091741258e+01 -3.109358477349279681e+01 -4.903529234269480952e+00 1.000000000000000000e+00
2.019646134104554136e+01 -3.115487987955715354e+01 -4.902944362354619834e+00 1.000000000000000000e+00
2.021075466117366659e+01 -3.121591014111978168e+01 -4.902317811002651737e+00 1.000000000000000000e+00
2.022504798130179537e+01 -3.127667503936861237e+01 -4.901649585539827214e+00 1.000000000000000000e+00
2.023934130142992416e+01 -3.133717405774734388e+01 -4.900939691646663654e+00 1.000000000000000000e+00
2.025363462155805294e+01 -3.139740668195989315e+01 -4.900188135357898211e+00 1.000000000000000000e+00
2.026792794168618173e+01 -3.145737239997478696e+01 -4.899394923062434515e+00 1.000000000000000000e+00
2.028222126181431051e+01 -3.151707070202947492e+01 -4.898560061503291152e+00 1.000000000000000000e+00
2.029651458194243929e+01 -3.157650108063469574e+01 -4.897683557777542163e+00 1.000000000000000000e+00
2.031080790207056808e+01 -3.163566303057877604e+01 -4.896765419336258418e+00 1.000000000000000000e+00
2.032510122219869686e+01 -3.169455604893192557e+01 -4.895805653984441008e+00 1.000000000000000000e+00
2.033939454232682564e+01 -3.175317963505050400e+01 -4.894804269880959957e+00 1.000000000000000000e+00
2.035368786245495443e+01 -3.181153329058132684e+01 -4.893761275538479616e+00 1.000000000000000000e+00
2.036798118258308321e+01 -3.186961651946582563e+01 -4.892676679823390273e+00 1.000000000000000000e+00
2.038227450271120844e+01 -3.192742882794430415e+01 -4.891550491955731772e+00 1.000000000000000000e+00
2.039656782283933723e+01 -3.198496972456012699e+01 -4.890382721509114461e+00 1.000000000000000000e+00
2.041086114296746601e+01 -3.204223872016395802e+01 -4.889173378410635706e+00 1.000000000000000000e+00
2.042515446309559479e+01 -3.209923532791779621e+01 -4.887922472940800844e+00 1.000000000000000000e+00
2.043944778322372358e+01 -3.215595906329919984e+01 -4.886630015733431698e+00 1.000000000000000000e+00
2.045374110335185236e+01 -3.221240944410542539e+01 -4.885296017775575983e+00 1.000000000000000000e+00
2.046803442347998114e+01 -3.226858599045743148e+01 -4.883920490407416715e+00 1.000000000000000000e+00
2.048232774360810993e+01 -3.232448822480405681e+01 -4.882503445322174507e+00 1.000000000000000000e+00
2.049662106373623871e+01 -3.238011567192604190e+01 -4.881044894566006320e+00 1.000000000000000000e+00
2.051091438386436749e+01 -3.243546785894002937e+01 -4.879544850537905987e+00 1.000000000000000000e+00
2.052520770399249628e+01 -3.249054431530264964e+01 -4.878003325989595851e+00 1.000000000000000000e+00
2.053950102412062506e+01 -3.254534457281448567e+01 -4.876420334025422854e+00 1.000000000000000000e+00
2.055379434424875029e+01 -3.259986816562403789e+01 -4.874795888102242181e+00 1.000000000000000000e+00
2.056808766437687908e+01 -3.265411463023176708e+01 -4.873130002029304464e+00 1.000000000000000000e+00
2.058238098450500786e+01 -3.270808350549391008e+01 -4.871422689968139430e+00 1.000000000000000000e+00
2.059667430463313664e+01 -3.276177433262648719e+01 -4.869673966432435996e+00 1.000000000000000000e+00
2.061096762476126543e+01 -3.281518665520916755e+01 -4.867883846287917038e+00 1.000000000000000000e+00
2.062526094488939421e+01 -3.286832001918916291e+01 -4.866052344752214154e+00 1.000000000000000000e+00
2.063955426501752299e+01 -3.292117397288509295e+01 -4.864179477394737994e+00 1.000000000000000000e+00
2.065384758514565178e+01 -3.297374806699082228e+01 -4.862265260136544143e+00 1.000000000000000000e+00
2.066814090527378056e+01 -3.302604185457924757e+01 -4.860309709250203447e+00 1.000000000000000000e+00
2.068243422540190934e+01 -3.307805489110614872e+01 -4.858312841359655465e+00 1.000000000000000000e+00
2.069672754553003813e+01 -3.312978673441392630e+01 -4.856274673440073464e+00 1.000000000000000000e+00
2.071102086565816336e+01 -3.318123694473536034e+01 -4.854195222817720534e+00 1.000000000000000000e+00
2.072531418578629214e+01 -3.323240508469741883e+01 -4.852074507169794160e+00 1.000000000000000000e+00
2.073960750591442093e+01 -3.328329071932488148e+01 -4.849912544524285885e+00 1.000000000000000000e+00
2.075390082604254971e+01 -3.333389341604407718e+01 -4.847709353259823217e+00 1.000000000000000000e+00
2.076819414617067849e+01 -3.338421274468656463e+01 -4.845464952105513312e+00 1.000000000000000000e+00
2.078248746629880728e+01 -3.343424827749279871e+01 -4.843179360140783984e+00 1.000000000000000000e+00
2.079678078642693606e+01 -3.348399958911574004e+01 -4.840852596795224727e+00 1.000000000000000000e+00
2.081107410655506484e+01 -3.353346625662448588e+01 -4.838484681848416180e+00 1.000000000000000000e+00
2.082536742668319363e+01 -3.358264785950788678e+01 -4.836075635429764041e+00 1.000000000000000000e+00
2.083966074681132241e+01 -3.363154397967806375e+01 -4.833625478018329424e+00 1.000000000000000000e+00
2.085395406693945120e+01 -3.368015420147401784e+01 -4.831134230442656552e+00 1.000000000000000000e+00
2.086824738706757998e+01 -3.372847811166511889e+01 -4.828601913880589791e+00 1.000000000000000000e+00
2.088254070719570521e+01 -3.377651529945472220e+01 -4.826028549859096017e+00 1.000000000000000000e+00
2.089683402732383399e+01 -3.382426535648347965e+01 -4.823414160254085203e+00 1.000000000000000000e+00
2.091112734745196278e+01 -3.387172787683296349e+01 -4.820758767290220348e+00 1.000000000000000000e+00
2.092542066758009156e+01 -3.391890245702906981e+01 -4.818062393540730071e+00 1.000000000000000000e+00
2.093971398770822034e+01 -3.396578869604541495e+01 -4.815325061927217654e+00 1.000000000000000000e+00
2.095400730783634913e+01 -3.401238619530681717e+01 -4.812546795719462089e+00 1.000000000000000000e+00
2.096830062796447791e+01 -3.405869455869261486e+01 -4.809727618535226235e+00 1.000000000000000000e+00
2.098259394809260669e+01 -3.410471339254006296e+01 -4.806867554340051640e+00 1.000000000000000000e+00
2.099688726822073548e+01 -3.415044230564768668e+01 -4.803966627447056048e+00 1.000000000000000000e+00
2.101118058834886426e+01 -3.419588090927857849e+01 -4.801024862516728220e+00 1.000000000000000000e+00
2.102547390847699305e+01 -3.424102881716375890e+01 -4.798042284556715664e+00 1.000000000000000000e+00
2.103976722860512183e+01 -3.428588564550538109e+01 -4.795018918921613249e+00 1.000000000000000000e+00
2.105406054873324706e+01 -3.433045101298005619e+01 -4.791954791312750039e+00 1.000000000000000000e+00
2.106835386886137584e+01 -3.437472454074208628e+01 -4.788849927777964588e+00 1.000000000000000000e+00
2.108264718898950463e+01 -3.441870585242667602e+01 -4.785704354711389996e+00 1.000000000000000000e+00
2.109694050911763341e+01 -3.446239457415309460e+01 -4.782518098853228317e+00 1.000000000000000000e+00
2.111123382924576219e+01 -3.450579033452792288e+01 -4.779291187289517850e+00 1.000000000000000000e+00
2.112552714937389098e+01 -3.454889276464815850e+01 -4.776023647451911991e+00 1.000000000000000000e+00
2.113982046950201976e+01 -3.459170149810437778e+01 -4.772715507117436751e+00 1.000000000000000000e+00
2.115411378963014855e+01 -3.463421617098384786e+01 -4.769366794408260724e+00 1.000000000000000000e+00
2.116840710975827733e+01 -3.467643642187358921e+01 -4.765977537791454388e+00 1.000000000000000000e+00
2.118270042988640611e+01 -3.471836189186351618e+01 -4.762547766078746747e+00 1.000000000000000000e+00
2.119699375001453490e+01 -3.475999222454941417e+01 -4.759077508426282854e+00 1.000000000000000000e+00
2.121128707014266013e+01 -3.480132706603599502e+01 -4.755566794334376013e+00 1.000000000000000000e+00
2.122558039027078891e+01 -3.484236606493995936e+01 -4.752015653647250204e+00 1.000000000000000000e+00
2.123987371039891769e+01 -3.488310887239288149e+01 -4.748424116552797614e+00 1.000000000000000000e+00
2.125416703052704648e+01 -3.492355514204425759e+01 -4.744792213582312179e+00 1.000000000000000000e+00
2.126846035065517526e+01 -3.496370453006441181e+01 -4.741119975610238235e+00 1.000000000000000000e+00
2.128275367078330405e+01 -3.500355669514743795e+01 -4.737407433853901395e+00 1.000000000000000000e+00
2.129704699091143283e+01 -3.504311129851408424e+01 -4.733654619873243874e+00 1.000000000000000000e+00
2.131134031103956161e+01 -3.508236800391464527e+01 -4.729861565570561588e+00 1.000000000000000000e+00
2.132563363116769040e+01 -3.512132647763181126e+01 -4.726028303190227042e+00 1.000000000000000000e+00
2.133992695129581918e+01 -3.515998638848351732e+01 -4.722154865318419326e+00 1.000000000000000000e+00
2.135422027142394796e+01 -3.519834740782575011e+01 -4.718241284882843445e+00 1.000000000000000000e+00
2.136851359155207675e+01 -3.523640920955534028e+01 -4.714287595152454102e+00 1.000000000000000000e+00
2.138280691168020198e+01 -3.527417147011272647e+01 -4.710293829737170590e+00 1.000000000000000000e+00
2.139710023180833076e+01 -3.531163386848473351e+01 -4.706260022587589020e+00 1.000000000000000000e+00
2.141139355193645955e+01 -3.534879608620729385e+01 -4.702186207994699885e+00 1.000000000000000000e+00
2.142568687206458833e+01 -3.538565780736812627e+01 -4.698072420589591403e+00 1.000000000000000000e+00
2.143998019219271711e+01 -3.542221871860942173e+01 -4.693918695343156422e+00 1.000000000000000000e+00
2.145427351232084590e+01 -3.545847850913057897e+01 -4.689725067565795769e+00 1.000000000000000000e+00
2.146856683244897468e+01 -3.549443687069074116e+01 -4.685491572907118929e+00 1.000000000000000000e+00
2.148286015257710346e+01 -3.553009349761150304e+01 -4.681218247355636741e+00 1.000000000000000000e+00
2.149715347270523225e+01 -3.556544808677946889e+01 -4.676905127238459414e+00 1.000000000000000000e+00
2.151144679283336103e+01 -3.560050033764883182e+01 -4.672552249220989218e+00 1.000000000000000000e+00
2.152574011296148981e+01 -3.563524995224391745e+01 -4.668159650306603403e+00 1.000000000000000000e+00
2.154003343308961504e+01 -3.566969663516173483e+01 -4.663727367836346005e+00 1.000000000000000000e+00
2.155432675321774383e+01 -3.570384009357453436e+01 -4.659255439488600992e+00 1.000000000000000000e+00
2.156862007334587261e+01 -3.573768003723218101e+01 -4.654743903278784067e+00 1.000000000000000000e+00
2.158291339347400140e+01 -3.577121617846471935e+01 -4.650192797559010494e+00 1.000000000000000000e+00
2.159720671360213018e+01 -3.580444823218479655e+01 -4.645602161017771792e+00 1.000000000000000000e+00
2.161150003373025896e+01 -3.583737591589004978e+01 -4.640972032679608894e+00 1.000000000000000000e+00
2.162579335385838775e+01 -3.586999894966555757e+01 -4.636302451904776412e+00 1.000000000000000000e+00
2.164008667398651653e+01 -3.590231705618619173e+01 -4.631593458388912232e+00 1.000000000000000000e+00
2.165437999411464531e+01 -3.593432996071896923e+01 -4.626845092162695572e+00 1.000000000000000000e+00
2.166867331424277410e+01 -3.596603739112541120e+01 -4.622057393591510355e+00 1.000000000000000000e+00
2.168296663437090288e+01 -3.599743907786384511e+01 -4.617230403375101488e+00 1.000000000000000000e+00
2.169725995449903166e+01 -3.602853475399167849e+01 -4.612364162547226698e+00 1.000000000000000000e+00
2.171155327462715690e+01 -3.605932415516769396e+01 -4.607458712475312801e+00 1.000000000000000000e+00
2.172584659475528568e+01 -3.608980701965430171e+01 -4.602514094860093330e+00 1.000000000000000000e+00
2.174013991488341446e+01 -3.611998308831972082e+01 -4.597530351735268361e+00 1.000000000000000000e+00
2.175443323501154325e+01 -3.614985210464024590e+01 -4.592507525467135920e+00 1.000000000000000000e+00
2.176872655513967203e+01 -3.617941381470235029e+01 -4.587445658754237598e+00 1.000000000000000000e+00
2.178301987526780081e+01 -3.620866796720491720e+01 -4.582344794626993512e+00 1.000000000000000000e+00
2.179731319539592960e+01 -3.623761431346134287e+01 -4.577204976447337259e+00 1.000000000000000000e+00
2.181160651552405838e+01 -3.626625260740163981e+01 -4.572026247908345553e+00 1.000000000000000000e+00
2.182589983565218716e+01 -3.629458260557453997e+01 -4.566808653033869625e+00 1.000000000000000000e+00
2.184019315578031595e+01 -3.632260406714960510e+01 -4.561552236178158637e+00 1.000000000000000000e+00
2.185448647590844473e+01 -3.635031675391918071e+01 -4.556257042025483983e+00 1.000000000000000000e+00
2.186877979603657352e+01 -3.637772043030052060e+01 -4.550923115589759149e+00 1.000000000000000000e+00
2.188307311616469875e+01 -3.640481486333771244e+01 -4.545550502214156907e+00 1.000000000000000000e+00
2.189736643629282753e+01 -3.643159982270371700e+01 -4.540139247570722070e+00 1.000000000000000000e+00
2.191165975642095631e+01 -3.645807508070227954e+01 -4.534689397659986909e+00 1.000000000000000000e+00
2.192595307654908510e+01 -3.648424041226990511e+01 -4.529200998810576806e+00 1.000000000000000000e+00
2.194024639667721388e+01 -3.651009559497772727e+01 -4.523674097678820338e+00 1.000000000000000000e+00
2.195453971680534266e+01 -3.653564040903344790e+01 -4.518108741248346938e+00 1.000000000000000000e+00
2.196883303693347145e+01 -3.656087463728315612e+01 -4.512504976829693426e+00 1.000000000000000000e+00
2.198312635706160023e+01 -3.658579806521323974e+01 -4.506862852059896341e+00 1.000000000000000000e+00
2.199741967718972901e+01 -3.661041048095211181e+01 -4.501182414902091367e+00 1.000000000000000000e+00
2.201171299731785780e+01 -3.663471167527211492e+01 -4.495463713645106552e+00 1.000000000000000000e+00
2.202600631744598658e+01 -3.665870144159124777e+01 -4.489706796903042196e+00 1.000000000000000000e+00
2.204029963757411181e+01 -3.668237957597491317e+01 -4.483911713614869399e+00 1.000000000000000000e+00
2.205459295770224060e+01 -3.670574587713766590e+01 -4.478078513044010833e+00 1.000000000000000000e+00
2.206888627783036938e+01 -3.672880014644492519e+01 -4.472207244777918866e+00 1.000000000000000000e+00
2.208317959795849816e+01 -3.675154218791467997e+01 -4.466297958727650119e+00 1.000000000000000000e+00
2.209747291808662695e+01 -3.677397180821913025e+01 -4.460350705127455129e+00 1.000000000000000000e+00
2.211176623821475573e+01 -3.679608881668629294e+01 -4.454365534534336035e+00 1.000000000000000000e+00
2.212605955834288451e+01 -3.681789302530173558e+01 -4.448342497827629138e+00 1.000000000000000000e+00
2.214035287847101330e+01 -3.683938424871004713e+01 -4.442281646208562584e+00 1.000000000000000000e+00
2.215464619859914208e+01 -3.686056230421652202e+01 -4.436183031199826488e+00 1.000000000000000000e+00
2.216893951872727087e+01 -3.688142701178863092e+01 -4.430046704645134170e+00 1.000000000000000000e+00
2.218323283885539965e+01 -3.690197819405758395e+01 -4.423872718708780738e+00 1.000000000000000000e+00
2.219752615898352843e+01 -3.692221567631986545e+01 -4.417661125875200767e+00 1.000000000000000000e+00
2.221181947911165366e+01 -3.694213928653864087e+01 -4.411411978948520662e+00 1.000000000000000000e+00
2.222611279923978245e+01 -3.696174885534533416e+01 -4.405125331052108351e+00 1.000000000000000000e+00
2.224040611936791123e+01 -3.698104421604096359e+01 -4.398801235628125639e+00 1.000000000000000000e+00
2.225469943949604001e+01 -3.700002520459759126e+01 -4.392439746437072579e+00 1.000000000000000000e+00
2.226899275962416880e+01 -3.701869165965977260e+01 -4.386040917557330054e+00 1.000000000000000000e+00
2.228328607975229758e+01 -3.703704342254582826e+01 -4.379604803384697931e+00 1.000000000000000000e+00
2.229757939988042637e+01 -3.705508033724927230e+01 -4.373131458631936752e+00 1.000000000000000000e+00
2.231187272000855515e+01 -3.707280225044010535e+01 -4.366620938328298784e+00 1.000000000000000000e+00
2.232616604013668393e+01 -3.709020901146611493e+01 -4.360073297819062610e+00 1.000000000000000000e+00
2.234045936026481272e+01 -3.710730047235418994e+01 -4.353488592765061505e+00 1.000000000000000000e+00
2.235475268039294150e+01 -3.712407648781154990e+01 -4.346866879142212703e+00 1.000000000000000000e+00
2.236904600052107028e+01 -3.714053691522694578e+01 -4.340208213241036006e+00 1.000000000000000000e+00
2.238333932064919551e+01 -3.715668161467194608e+01 -4.333512651666184823e+00 1.000000000000000000e+00
2.239763264077732430e+01 -3.717251044890210210e+01 -4.326780251335949679e+00 1.000000000000000000e+00
2.241192596090545308e+01 -3.718802328335806351e+01 -4.320011069481790145e+00 1.000000000000000000e+00
2.242621928103358186e+01 -3.720321998616681469e+01 -4.313205163647842788e+00 1.000000000000000000e+00
2.244051260116171065e+01 -3.721810042814267661e+01 -4.306362591690427344e+00 1.000000000000000000e+00
2.245480592128983943e+01 -3.723266448278852891e+01 -4.299483411777560882e+00 1.000000000000000000e+00
2.246909924141796822e+01 -3.724691202629680475e+01 -4.292567682388458650e+00 1.000000000000000000e+00
2.248339256154609700e+01 -3.726084293755055654e+01 -4.285615462313043800e+00 1.000000000000000000e+00
2.249768588167422578e+01 -3.727445709812452890e+01 -4.278626810651437573e+00 1.000000000000000000e+00
2.251197920180235457e+01 -3.728775439228609656e+01 -4.271601786813466362e+00 1.000000000000000000e+00
2.252627252193048335e+01 -3.730073470699630889e+01 -4.264540450518151005e+00 1.000000000000000000e+00
2.254056584205860858e+01 -3.731339793191080645e+01 -4.257442861793204969e+00 1.000000000000000000e+00
2.255485916218673736e+01 -3.732574395938078737e+01 -4.250309080974510323e+00 1.000000000000000000e+00
2.256915248231486615e+01 -3.733777268445391684e+01 -4.243139168705623909e+00 1.000000000000000000e+00
2.258344580244299493e+01 -3.734948400487522235e+01 -4.235933185937247991e+00 1.000000000000000000e+00
2.259773912257112372e+01 -3.736087782108792510e+01 -4.228691193926718661e+00 1.000000000000000000e+00
2.261203244269925250e+01 -3.737195403623434942e+01 -4.221413254237483592e+00 1.000000000000000000e+00
2.262632576282738128e+01 -3.738271255615670441e+01 -4.214099428738572684e+00 1.000000000000000000e+00
2.264061908295551007e+01 -3.739315328939790106e+01 -4.206749779604083805e+00 1.000000000000000000e+00
2.265491240308363885e+01 -3.740327614720230542e+01 -4.199364369312642786e+00 1.000000000000000000e+00
2.266920572321176763e+01 -3.741308104351652730e+01 -4.191943260646882941e+00 1.000000000000000000e+00
2.268349904333989642e+01 -3.742256789499012370e+01 -4.184486516692900615e+00 1.000000000000000000e+00
2.269779236346802520e+01 -3.743173662097632359e+01 -4.176994200839729388e+00 1.000000000000000000e+00
2.271208568359615043e+01 -3.744058714353271711e+01 -4.169466376778792061e+00 1.000000000000000000e+00
2.272637900372427922e+01 -3.744911938742188795e+01 -4.161903108503361537e+00 1.000000000000000000e+00
2.274067232385240800e+01 -3.745733328011210972e+01 -4.154304460308022584e+00 1.000000000000000000e+00
2.275496564398053678e+01 -3.746522875177788592e+01 -4.146670496788120275e+00 1.000000000000000000e+00
2.276925896410866557e+01 -3.747280573530061787e+01 -4.139001282839211981e+00 1.000000000000000000e+00
2.278355228423679435e+01 -3.748006416626911630e+01 -4.131296883656511376e+00 1.000000000000000000e+00
2.279784560436492313e+01 -3.748700398298021241e+01 -4.123557364734343977e+00 1.000000000000000000e+00
2.281213892449305192e+01 -3.749362512643920553e+01 -4.115782791865580492e+00 1.000000000000000000e+00
2.282643224462118070e+01 -3.749992754036041021e+01 -4.107973231141084369e+00 1.000000000000000000e+00
2.284072556474930948e+01 -3.750591117116767492e+01 -4.100128748949146029e+00 1.000000000000000000e+00
2.285501888487743827e+01 -3.751157596799471605e+01 -4.092249411974919759e+00 1.000000000000000000e+00
2.286931220500556350e+01 -3.751692188268569339e+01 -4.084335287199859721e+00 1.000000000000000000e+00
2.288360552513369228e+01 -3.752194886979550859e+01 -4.076386441901139079e+00 1.000000000000000000e+00
2.289789884526182107e+01 -3.752665688659025278e+01 -4.068402943651095782e+00 1.000000000000000000e+00
2.291219216538994985e+01 -3.753104589304755478e+01 -4.060384860316645472e+00 1.000000000000000000e+00
2.292648548551807863e+01 -3.753511585185690791e+01 -4.052332260058709501e+00 1.000000000000000000e+00
2.294077880564620742e+01 -3.753886672841998973e+01 -4.044245211331632284e+00 1.000000000000000000e+00
2.295507212577433620e+01 -3.754229849085099602e+01 -4.036123782882602207e+00 1.000000000000000000e+00
2.296936544590246498e+01 -3.754541110997685394e+01 -4.027968043751065430e+00 1.000000000000000000e+00
2.298365876603059377e+01 -3.754820455933748491e+01 -4.019778063268140578e+00 1.000000000000000000e+00
2.299795208615872255e+01 -3.755067881518607464e+01 -4.011553911056028987e+00 1.000000000000000000e+00
2.301224540628685133e+01 -3.755283385648922945e+01 -4.003295657027422294e+00 1.000000000000000000e+00
2.302653872641498012e+01 -3.755466966492713254e+01 -3.995003371384906021e+00 1.000000000000000000e+00
2.304083204654310535e+01 -3.755618622489377856e+01 -3.986677124620370716e+00 1.000000000000000000e+00
2.305512536667123413e+01 -3.755738352349704456e+01 -3.978316987514396885e+00 1.000000000000000000e+00
2.306941868679936292e+01 -3.755826155055881799e+01 -3.969923031135672797e+00 1.000000000000000000e+00
2.308371200692749170e+01 -3.755882029861506766e+01 -3.961495326840377640e+00 1.000000000000000000e+00
2.309800532705562048e+01 -3.755905976291593618e+01 -3.953033946271578891e+00 1.000000000000000000e+00
2.311229864718374927e+01 -3.755897994142576835e+01 -3.944538961358620810e+00 1.000000000000000000e+00
2.312659196731187805e+01 -3.755858083482311116e+01 -3.936010444316517365e+00 1.000000000000000000e+00
2.314088528744000683e+01 -3.755786244650073513e+01 -3.927448467645335839e+00 1.000000000000000000e+00
2.315517860756813562e+01 -3.755682478256557744e+01 -3.918853104129575549e+00 1.000000000000000000e+00
2.316947192769626440e+01 -3.755546785183872771e+01 -3.910224426837558553e+00 1.000000000000000000e+00
2.318376524782439319e+01 -3.755379166585532147e+01 -3.901562509120804378e+00 1.000000000000000000e+00
2.319805856795252197e+01 -3.755179623886441931e+01 -3.892867424613403404e+00 1.000000000000000000e+00
2.321235188808064720e+01 -3.754948158782897139e+01 -3.884139247231398695e+00 1.000000000000000000e+00
2.322664520820877598e+01 -3.754684773242559004e+01 -3.875378051172142957e+00 1.000000000000000000e+00
2.324093852833690477e+01 -3.754389469504440768e+01 -3.866583910913685695e+00 1.000000000000000000e+00
2.325523184846503355e+01 -3.754062250078891338e+01 -3.857756901214129286e+00 1.000000000000000000e+00
2.326952516859316233e+01 -3.753703117747567575e+01 -3.848897097110995258e+00 1.000000000000000000e+00
2.328381848872129112e+01 -3.753312075563418659e+01 -3.840004573920588360e+00 1.000000000000000000e+00
2.329811180884941990e+01 -3.752889126850655543e+01 -3.831079407237353518e+00 1.000000000000000000e+00
2.331240512897754869e+01 -3.752434275204721814e+01 -3.822121672933235459e+00 1.000000000000000000e+00
2.332669844910567747e+01 -3.751947524492266695e+01 -3.813131447157033005e+00 1.000000000000000000e+00
2.334099176923380625e+01 -3.751428878851107385e+01 -3.804108806333752479e+00 1.000000000000000000e+00
2.335528508936193504e+01 -3.750878342690199219e+01 -3.795053827163955784e+00 1.000000000000000000e+00
2.336957840949006027e+01 -3.750295920689595164e+01 -3.785966586623112473e+00 1.000000000000000000e+00
2.338387172961818905e+01 -3.749681617800406030e+01 -3.776847161960936727e+00 1.000000000000000000e+00
2.339816504974631783e+01 -3.749035439244757839e+01 -3.767695630700742537e+00 1.000000000000000000e+00
2.341245836987444662e+01 -3.748357390515749898e+01 -3.758512070638777125e+00 1.000000000000000000e+00
2.342675169000257540e+01 -3.747647477377407199e+01 -3.749296559843562360e+00 1.000000000000000000e+00
2.344104501013070418e+01 -3.746905705864629965e+01 -3.740049176655227292e+00 1.000000000000000000e+00
2.345533833025883297e+01 -3.746132082283141784e+01 -3.730769999684847793e+00 1.000000000000000000e+00
2.346963165038696175e+01 -3.745326613209439870e+01 -3.721459107813774647e+00 1.000000000000000000e+00
2.348392497051509054e+01 -3.744489305490736797e+01 -3.712116580192963422e+00 1.000000000000000000e+00
2.349821829064321932e+01 -3.743620166244900105e+01 -3.702742496242301673e+00 1.000000000000000000e+00
2.351251161077134810e+01 -3.742719202860394745e+01 -3.693336935649935260e+00 1.000000000000000000e+00
2.352680493089947689e+01 -3.741786422996221262e+01 -3.683899978371588890e+00 1.000000000000000000e+00
2.354109825102760212e+01 -3.740821834581845451e+01 -3.674431704629889772e+00 1.000000000000000000e+00
2.355539157115573090e+01 -3.739825445817138672e+01 -3.664932194913676611e+00 1.000000000000000000e+00
2.356968489128385968e+01 -3.738797265172300399e+01 -3.655401529977328590e+00 1.000000000000000000e+00
2.358397821141198847e+01 -3.737737301387792144e+01 -3.645839790840070371e+00 1.000000000000000000e+00
2.359827153154011725e+01 -3.736645563474257159e+01 -3.636247058785285091e+00 1.000000000000000000e+00
2.361256485166824604e+01 -3.735522060712452230e+01 -3.626623415359823799e+00 1.000000000000000000e+00
2.362685817179637482e+01 -3.734366802653159567e+01 -3.616968942373310902e+00 1.000000000000000000e+00
2.364115149192450360e+01 -3.733179799117112907e+01 -3.607283721897451390e+00 1.000000000000000000e+00
2.365544481205263239e+01 -3.731961060194908697e+01 -3.597567836265330943e+00 1.000000000000000000e+00
2.366973813218076117e+01 -3.730710596246925803e+01 -3.587821368070715611e+00 1.000000000000000000e+00
2.368403145230888995e+01 -3.729428417903231008e+01 -3.578044400167356365e+00 1.000000000000000000e+00
2.369832477243701874e+01 -3.728114536063494455e+01 -3.568237015668266565e+00 1.000000000000000000e+00
2.371261809256514397e+01 -3.726768961896893018e+01 -3.558399297945039397e+00 1.000000000000000000e+00
2.372691141269327275e+01 -3.725391706842017214e+01 -3.548531330627124891e+00 1.000000000000000000e+00
2.374120473282140154e+01 -3.723982782606775288e+01 -3.538633197601123381e+00 1.000000000000000000e+00
2.375549805294953032e+01 -3.722542201168288756e+01 -3.528704983010062968e+00 1.000000000000000000e+00
2.376979137307765910e+01 -3.721069974772795774e+01 -3.518746771252700967e+00 1.000000000000000000e+00
2.378408469320578789e+01 -3.719566115935545270e+01 -3.508758646982794271e+00 1.000000000000000000e+00
2.379837801333391667e+01 -3.718030637440690356e+01 -3.498740695108382148e+00 1.000000000000000000e+00
2.381267133346204545e+01 -3.716463552341179621e+01 -3.488693000791067256e+00 1.000000000000000000e+00
2.382696465359017424e+01 -3.714864873958644864e+01 -3.478615649445289115e+00 1.000000000000000000e+00
2.384125797371830302e+01 -3.713234615883290957e+01 -3.468508726737597581e+00 1.000000000000000000e+00
2.385555129384643180e+01 -3.711572791973777896e+01 -3.458372318585927196e+00 1.000000000000000000e+00
2.386984461397455703e+01 -3.709879416357103565e+01 -3.448206511158867560e+00 1.000000000000000000e+00
2.388413793410268582e+01 -3.708154503428484361e+01 -3.438011390874919027e+00 1.000000000000000000e+00
2.389843125423081460e+01 -3.706398067851230849e+01 -3.427787044401777727e+00 1.000000000000000000e+00
2.391272457435894339e+01 -3.704610124556624839e+01 -3.417533558655584613e+00 1.000000000000000000e+00
2.392701789448707217e+01 -3.702790688743794334e+01 -3.407251020800191377e+00 1.000000000000000000e+00
2.394131121461520095e+01 -3.700939775879579230e+01 -3.396939518246418821e+00 1.000000000000000000e+00
2.395560453474332974e+01 -3.699057401698402714e+01 -3.386599138651312568e+00 1.000000000000000000e+00
2.396989785487145852e+01 -3.697143582202139811e+01 -3.376229969917401874e+00 1.000000000000000000e+00
2.398419117499958730e+01 -3.695198333659977408e+01 -3.365832100191945564e+00 1.000000000000000000e+00
2.399848449512771609e+01 -3.693221672608277828e+01 -3.355405617866190404e+00 1.000000000000000000e+00
2.401277781525584487e+01 -3.691213615850438146e+01 -3.344950611574613486e+00 1.000000000000000000e+00
2.402707113538397365e+01 -3.689174180456745944e+01 -3.334467170194172159e+00 1.000000000000000000e+00
2.404136445551209889e+01 -3.687103383764237918e+01 -3.323955382843551298e+00 1.000000000000000000e+00
2.405565777564022767e+01 -3.685001243376547819e+01 -3.313415338882392813e+00 1.000000000000000000e+00
2.406995109576835645e+01 -3.682867777163758660e+01 -3.302847127910551794e+00 1.000000000000000000e+00
2.408424441589648524e+01 -3.680703003262254214e+01 -3.292250839767329129e+00 1.000000000000000000e+00
2.409853773602461402e+01 -3.678506940074558429e+01 -3.281626564530704115e+00 1.000000000000000000e+00
2.411283105615274280e+01 -3.676279606269184086e+01 -3.270974392516572848e+00 1.000000000000000000e+00
2.412712437628087159e+01 -3.674021020780472213e+01 -3.260294414277978170e+00 1.000000000000000000e+00
2.414141769640900037e+01 -3.671731202808430794e+01 -3.249586720604341838e+00 1.000000000000000000e+00
2.415571101653712915e+01 -3.669410171818572053e+01 -3.238851402520691369e+00 1.000000000000000000e+00
2.417000433666525794e+01 -3.667057947541746898e+01 -3.228088551286885988e+00 1.000000000000000000e+00
2.418429765679338672e+01 -3.664674549973977236e+01 -3.217298258396842581e+00 1.000000000000000000e+00
2.419859097692151551e+01 -3.662259999376287567e+01 -3.206480615577755877e+00 1.000000000000000000e+00
2.421288429704964074e+01 -3.659814316274529489e+01 -3.195635714789323067e+00 1.000000000000000000e+00
2.422717761717776952e+01 -3.657337521459206897e+01 -3.184763648222949772e+00 1.000000000000000000e+00
2.424147093730589830e+01 -3.654829635985306169e+01 -3.173864508300982656e+00 1.000000000000000000e+00
2.425576425743402709e+01 -3.652290681172108577e+01 -3.162938387675915397e+00 1.000000000000000000e+00
2.427005757756215587e+01 -3.649720678603014079e+01 -3.151985379229603979e+00 1.000000000000000000e+00
2.428435089769028465e+01 -3.647119650125355150e+01 -3.141005576072465999e+00 1.000000000000000000e+00
2.429864421781841344e+01 -3.644487617850214178e+01 -3.129999071542707068e+00 1.000000000000000000e+00
2.431293753794654222e+01 -3.641824604152232325e+01 -3.118965959205515226e+00 1.000000000000000000e+00
2.432723085807467100e+01 -3.639130631669421234e+01 -3.107906332852270470e+00 1.000000000000000000e+00
2.434152417820279979e+01 -3.636405723302971893e+01 -3.096820286499743169e+00 1.000000000000000000e+00
2.435581749833092857e+01 -3.633649902217054972e+01 -3.085707914389300033e+00 1.000000000000000000e+00
2.437011081845905380e+01 -3.630863191838628978e+01 -3.074569310986101645e+00 1.000000000000000000e+00
2.438440413858718259e+01 -3.628045615857237749e+01 -3.063404570978288888e+00 1.000000000000000000e+00
2.439869745871531137e+01 -3.625197198224812212e+01 -3.052213789276198685e+00 1.000000000000000000e+00
2.441299077884344015e+01 -3.622317963155463616e+01 -3.040997061011539770e+00 1.000000000000000000e+00
2.442728409897156894e+01 -3.619407935125280318e+01 -3.029754481536592436e+00 1.000000000000000000e+00
2.444157741909969772e+01 -3.616467138872118880e+01 -3.018486146423394523e+00 1.000000000000000000e+00
2.445587073922782650e+01 -3.613495599395391622e+01 -3.007192151462929175e+00 1.000000000000000000e+00
2.447016405935595529e+01 -3.610493341955855584e+01 -2.995872592664312606e+00 1.000000000000000000e+00
2.448445737948408407e+01 -3.607460392075402211e+01 -2.984527566253976083e+00 1.000000000000000000e+00
2.449875069961221286e+01 -3.604396775536831399e+01 -2.973157168674848805e+00 1.000000000000000000e+00
2.451304401974034164e+01 -3.601302518383641171e+01 -2.961761496585537223e+00 1.000000000000000000e+00
2.452733733986847042e+01 -3.598177646919798178e+01 -2.950340646859504368e+00 1.000000000000000000e+00
2.454163065999659565e+01 -3.595022187709524530e+01 -2.938894716584248279e+00 1.000000000000000000e+00
2.455592398012472444e+01 -3.591836167577056216e+01 -2.927423803060465790e+00 1.000000000000000000e+00
2.457021730025285322e+01 -3.588619613606433489e+01 -2.915928003801242063e+00 1.000000000000000000e+00
2.458451062038098200e+01 -3.585372553141258578e+01 -2.904407416531210817e+00 1.000000000000000000e+00
2.459880394050911079e+01 -3.582095013784464044e+01 -2.892862139185726544e+00 1.000000000000000000e+00
2.461309726063723957e+01 -3.578787023398084699e+01 -2.881292269910031401e+00 1.000000000000000000e+00
2.462739058076536836e+01 -3.575448610103011760e+01 -2.869697907058421205e+00 1.000000000000000000e+00
2.464168390089349714e+01 -3.572079802278763339e+01 -2.858079149193407886e+00 1.000000000000000000e+00
2.465597722102162592e+01 -3.568680628563235047e+01 -2.846436095084884155e+00 1.000000000000000000e+00
2.467027054114975471e+01 -3.565251117852461249e+01 -2.834768843709283281e+00 1.000000000000000000e+00
2.468456386127788349e+01 -3.561791299300366376e+01 -2.823077494248735775e+00 1.000000000000000000e+00
2.469885718140601227e+01 -3.558301202318522627e+01 -2.811362146090227832e+00 1.000000000000000000e+00
2.471315050153413750e+01 -3.554780856575892756e+01 -2.799622898824760675e+00 1.000000000000000000e+00
2.472744382166226629e+01 -3.551230291998579247e+01 -2.787859852246486803e+00 1.000000000000000000e+00
2.474173714179039507e+01 -3.547649538769577759e+01 -2.776073106351886643e+00 1.000000000000000000e+00
2.475603046191852386e+01 -3.544038627328509961e+01 -2.764262761338903029e+00 1.000000000000000000e+00
2.477032378204665264e+01 -3.540397588371371995e+01 -2.752428917606089875e+00 1.000000000000000000e+00
2.478461710217478142e+01 -3.536726452850269453e+01 -2.740571675751763969e+00 1.000000000000000000e+00
2.479891042230291021e+01 -3.533025251973155179e+01 -2.728691136573146547e+00 1.000000000000000000e+00
2.481320374243103899e+01 -3.529294017203569922e+01 -2.716787401065509311e+00 1.000000000000000000e+00
2.482749706255916777e+01 -3.525532780260359544e+01 -2.704860570421305344e+00 1.000000000000000000e+00
2.484179038268729656e+01 -3.521741573117424906e+01 -2.692910746029324454e+00 1.000000000000000000e+00
2.485608370281542534e+01 -3.517920428003435518e+01 -2.680938029473824535e+00 1.000000000000000000e+00
2.487037702294355057e+01 -3.514069377401563798e+01 -2.668942522533667816e+00 1.000000000000000000e+00
2.488467034307167935e+01 -3.510188454049200146e+01 -2.656924327181445999e+00 1.000000000000000000e+00
2.489896366319980814e+01 -3.506277690937686486e+01 -2.644883545582632500e+00 1.000000000000000000e+00
2.491325698332793692e+01 -3.502337121312025658e+01 -2.632820280094701815e+00 1.000000000000000000e+00
2.492755030345606571e+01 -3.498366778670604305e+01 -2.620734633266260882e+00 1.000000000000000000e+00
2.494184362358419449e+01 -3.494366696764906521e+01 -2.608626707836178227e+00 1.000000000000000000e+00
2.495613694371232327e+01 -3.490336909599224668e+01 -2.596496606732711321e+00 1.000000000000000000e+00
2.497043026384045206e+01 -3.486277451430377283e+01 -2.584344433072629066e+00 1.000000000000000000e+00
2.498472358396858084e+01 -3.482188356767407811e+01 -2.572170290160338713e+00 1.000000000000000000e+00
2.499901690409670962e+01 -3.478069660371300387e+01 -2.559974281487005232e+00 1.000000000000000000e+00
2.501331022422483841e+01 -3.473921397254677146e+01 -2.547756510729672019e+00 1.000000000000000000e+00
2.502760354435296719e+01 -3.469743602681506900e+01 -2.535517081750379820e+00 1.000000000000000000e+00
2.504189686448109242e+01 -3.465536312166803157e+01 -2.523256098595288321e+00 1.000000000000000000e+00
2.505619018460922121e+01 -3.461299561476316455e+01 -2.510973665493773765e+00 1.000000000000000000e+00
2.507048350473734999e+01 -3.457033386626238780e+01 -2.498669886857570521e+00 1.000000000000000000e+00
2.508477682486547877e+01 -3.452737823882895185e+01 -2.486344867279863369e+00 1.000000000000000000e+00
2.509907014499360756e+01 -3.448412909762432577e+01 -2.473998711534404205e+00 1.000000000000000000e+00
2.511336346512173634e+01 -3.444058681030509916e+01 -2.461631524574621643e+00 1.000000000000000000e+00
2.512765678524986512e+01 -3.439675174701988425e+01 -2.449243411532729287e+00 1.000000000000000000e+00
2.514195010537799391e+01 -3.435262428040615390e+01 -2.436834477718830438e+00 1.000000000000000000e+00
2.515624342550612269e+01 -3.430820478558705844e+01 -2.424404828620023711e+00 1.000000000000000000e+00
2.517053674563425147e+01 -3.426349364016825660e+01 -2.411954569899506851e+00 1.000000000000000000e+00
2.518483006576238026e+01 -3.421849122423471101e+01 -2.399483807395677015e+00 1.000000000000000000e+00
2.519912338589050549e+01 -3.417319792034743386e+01 -2.386992647121236821e+00 1.000000000000000000e+00
2.521341670601863427e+01 -3.412761411354023267e+01 -2.374481195262276412e+00 1.000000000000000000e+00
2.522771002614676306e+01 -3.408174019131647015e+01 -2.361949558177393715e+00 1.000000000000000000e+00
2.524200334627489184e+01 -3.403557654364575313e+01 -2.349397842396775626e+00 1.000000000000000000e+00
2.525629666640302062e+01 -3.398912356296061432e+01 -2.336826154621296059e+00 1.000000000000000000e+00
2.527058998653114941e+01 -3.394238164415315850e+01 -2.324234601721609117e+00 1.000000000000000000e+00
2.528488330665927819e+01 -3.389535118457175145e+01 -2.311623290737240488e+00 1.000000000000000000e+00
2.529917662678740697e+01 -3.384803258401759507e+01 -2.298992328875676616e+00 1.000000000000000000e+00
2.531346994691553576e+01 -3.380042624474135948e+01 -2.286341823511453875e+00 1.000000000000000000e+00
2.532776326704366454e+01 -3.375253257143974395e+01 -2.273671882185247295e+00 1.000000000000000000e+00
2.534205658717179332e+01 -3.370435197125206628e+01 -2.260982612602957964e+00 1.000000000000000000e+00
2.535634990729992211e+01 -3.365588485375673855e+01 -2.248274122634783101e+00 1.000000000000000000e+00
2.537064322742804734e+01 -3.360713163096786360e+01 -2.235546520314322105e+00 1.000000000000000000e+00
2.538493654755617612e+01 -3.355809271733168941e+01 -2.222799913837643082e+00 1.000000000000000000e+00
2.539922986768430491e+01 -3.350876852972310616e+01 -2.210034411562365797e+00 1.000000000000000000e+00
2.541352318781243369e+01 -3.345915948744205792e+01 -2.197250122006745521e+00 1.000000000000000000e+00
2.542781650794056247e+01 -3.340926601221001135e+01 -2.184447153848735113e+00 1.000000000000000000e+00
2.544210982806869126e+01 -3.335908852816641001e+01 -2.171625615925083075e+00 1.000000000000000000e+00
2.545640314819682004e+01 -3.330862746186497958e+01 -2.158785617230395193e+00 1.000000000000000000e+00
2.547069646832494882e+01 -3.325788324227018222e+01 -2.145927266916208609e+00 1.000000000000000000e+00
2.548498978845307761e+01 -3.320685630075352890e+01 -2.133050674290067228e+00 1.000000000000000000e+00
2.549928310858120639e+01 -3.315554707108992005e+01 -2.120155948814590019e+00 1.000000000000000000e+00
2.551357642870933518e+01 -3.310395598945395079e+01 -2.107243200106541536e+00 1.000000000000000000e+00
2.552786974883746396e+01 -3.305208349441623028e+01 -2.094312537935901553e+00 1.000000000000000000e+00
2.554216306896558919e+01 -3.299993002693963007e+01 -2.081364072224932471e+00 1.000000000000000000e+00
2.555645638909371797e+01 -3.294749603037551111e+01 -2.068397913047230752e+00 1.000000000000000000e+00
2.557074970922184676e+01 -3.289478195046001474e+01 -2.055414170626817416e+00 1.000000000000000000e+00
2.558504302934997554e+01 -3.284178823531023284e+01 -2.042412955337181035e+00 1.000000000000000000e+00
2.559933634947810432e+01 -3.278851533542042063e+01 -2.029394377700345142e+00 1.000000000000000000e+00
2.561362966960623311e+01 -3.273496370365813135e+01 -2.016358548385929872e+00 1.000000000000000000e+00
2.562792298973436189e+01 -3.268113379526042195e+01 -2.003305578210209603e+00 1.000000000000000000e+00
2.564221630986249068e+01 -3.262702606782990955e+01 -1.990235578135171490e+00 1.000000000000000000e+00
2.565650962999061946e+01 -3.257264098133095587e+01 -1.977148659267572217e+00 1.000000000000000000e+00
2.567080295011874824e+01 -3.251797899808571657e+01 -1.964044932857992976e+00 1.000000000000000000e+00
2.568509627024687703e+01 -3.246304058277021198e+01 -1.950924510299895331e+00 1.000000000000000000e+00
2.569938959037500226e+01 -3.240782620241041201e+01 -1.937787503128675981e+00 1.000000000000000000e+00
2.571368291050313104e+01 -3.235233632637816470e+01 -1.924634023020704188e+00 1.000000000000000000e+00
2.572797623063125982e+01 -3.229657142638734513e+01 -1.911464181792395856e+00 1.000000000000000000e+00
2.574226955075938861e+01 -3.224053197648977687e+01 -1.898278091399247192e+00 1.000000000000000000e+00
2.575656287088751739e+01 -3.218421845307118900e+01 -1.885075863934887241e+00 1.000000000000000000e+00
2.577085619101564617e+01 -3.212763133484716604e+01 -1.871857611630124429e+00 1.000000000000000000e+00
2.578514951114377496e+01 -3.207077110285911914e+01 -1.858623446851992433e+00 1.000000000000000000e+00
2.579944283127190374e+01 -3.201363824047016493e+01 -1.845373482102795615e+00 1.000000000000000000e+00
2.581373615140003253e+01 -3.195623323336102217e+01 -1.832107830019152228e+00 1.000000000000000000e+00
2.582802947152816131e+01 -3.189855656952589413e+01 -1.818826603371036965e+00 1.000000000000000000e+00
2.584232279165629009e+01 -3.184060873926828705e+01 -1.805529915060822388e+00 1.000000000000000000e+00
2.585661611178441888e+01 -3.178239023519688544e+01 -1.792217878122318808e+00 1.000000000000000000e+00
2.587090943191254411e+01 -3.172390155222135633e+01 -1.778890605719818385e+00 1.000000000000000000e+00
2.588520275204067289e+01 -3.166514318754808244e+01 -1.765548211147115465e+00 1.000000000000000000e+00
2.589949607216880167e+01 -3.160611564067602330e+01 -1.752190807826569330e+00 1.000000000000000000e+00
2.591378939229693046e+01 -3.154681941339243778e+01 -1.738818509308122318e+00 1.000000000000000000e+00
2.592808271242505924e+01 -3.148725500976857106e+01 -1.725431429268340144e+00 1.000000000000000000e+00
2.594237603255318803e+01 -3.142742293615546600e+01 -1.712029681509448231e+00 1.000000000000000000e+00
2.595666935268131681e+01 -3.136732370117951518e+01 -1.698613379958348490e+00 1.000000000000000000e+00
2.597096267280944559e+01 -3.130695781573829706e+01 -1.685182638665676302e+00 1.000000000000000000e+00
2.598525599293757438e+01 -3.124632579299614221e+01 -1.671737571804812861e+00 1.000000000000000000e+00
2.599954931306570316e+01 -3.118542814837977417e+01 -1.658278293670919723e+00 1.000000000000000000e+00
2.601384263319383194e+01 -3.112426539957393246e+01 -1.644804918679967143e+00 1.000000000000000000e+00
2.602813595332196073e+01 -3.106283806651702051e+01 -1.631317561367761515e+00 1.000000000000000000e+00
2.604242927345008596e+01 -3.100114667139663638e+01 -1.617816336388975484e+00 1.000000000000000000e+00
2.605672259357821474e+01 -3.093919173864506789e+01 -1.604301358516157183e+00 1.000000000000000000e+00
2.607101591370634353e+01 -3.087697379493501515e+01 -1.590772742638778547e+00 1.000000000000000000e+00
2.608530923383447231e+01 -3.081449336917494719e+01 -1.577230603762243222e+00 1.000000000000000000e+00
2.609960255396260109e+01 -3.075175099250468591e+01 -1.563675057006912228e+00 1.000000000000000000e+00
2.611389587409072988e+01 -3.068874719829086573e+01 -1.550106217607126080e+00 1.000000000000000000e+00
2.612818919421885866e+01 -3.062548252212241096e+01 -1.536524200910224014e+00 1.000000000000000000e+00
2.614248251434698744e+01 -3.056195750180597770e+01 -1.522929122375564770e+00 1.000000000000000000e+00
2.615677583447511623e+01 -3.049817267736136728e+01 -1.509321097573544046e+00 1.000000000000000000e+00
2.617106915460324501e+01 -3.043412859101695034e+01 -1.495700242184612172e+00 1.000000000000000000e+00
2.618536247473137379e+01 -3.036982578720509451e+01 -1.482066671998292229e+00 1.000000000000000000e+00
2.619965579485949903e+01 -3.030526481255746774e+01 -1.468420502912197279e+00 1.000000000000000000e+00
2.621394911498762781e+01 -3.024044621590039483e+01 -1.454761850931030942e+00 1.000000000000000000e+00
2.622824243511575659e+01 -3.017537054825026388e+01 -1.441090832165624391e+00 1.000000000000000000e+00
2.624253575524388538e+01 -3.011003836280878687e+01 -1.427407562831933596e+00 1.000000000000000000e+00
2.625682907537201416e+01 -3.004445021495830659e+01 -1.413712159250056111e+00 1.000000000000000000e+00
2.627112239550014294e+01 -2.997860666225707149e+01 -1.400004737843240310e+00 1.000000000000000000e+00
2.628541571562827173e+01 -2.991250826443449995e+01 -1.386285415136897514e+00 1.000000000000000000e+00
2.629970903575640051e+01 -2.984615558338642671e+01 -1.372554307757611225e+00 1.000000000000000000e+00
2.631400235588452929e+01 -2.977954918317032806e+01 -1.358811532432144586e+00 1.000000000000000000e+00
2.632829567601265808e+01 -2.971268963000050434e+01 -1.345057205986448734e+00 1.000000000000000000e+00
2.634258899614078686e+01 -2.964557749224331218e+01 -1.331291445344670477e+00 1.000000000000000000e+00
2.635688231626891564e+01 -2.957821334041227956e+01 -1.317514367528156871e+00 1.000000000000000000e+00
2.637117563639704088e+01 -2.951059774716331674e+01 -1.303726089654465348e+00 1.000000000000000000e+00
2.638546895652516966e+01 -2.944273128728972466e+01 -1.289926728936351852e+00 1.000000000000000000e+00
2.639976227665329844e+01 -2.937461453771749476e+01 -1.276116402680798512e+00 1.000000000000000000e+00
2.641405559678142723e+01 -2.930624807750024630e+01 -1.262295228288000448e+00 1.000000000000000000e+00
2.642834891690955601e+01 -2.923763248781440893e+01 -1.248463323250371682e+00 1.000000000000000000e+00
2.644264223703768479e+01 -2.916876835195419559e+01 -1.234620805151546374e+00 1.000000000000000000e+00
2.645693555716581358e+01 -2.909965625532671041e+01 -1.220767791665379187e+00 1.000000000000000000e+00
2.647122887729394236e+01 -2.903029678544692871e+01 -1.206904400554944967e+00 1.000000000000000000e+00
2.648552219742207114e+01 -2.896069053193276943e+01 -1.193030749671542212e+00 1.000000000000000000e+00
2.649981551755019993e+01 -2.889083808649993301e+01 -1.179146956953673886e+00 1.000000000000000000e+00
2.651410883767832871e+01 -2.882074004295707681e+01 -1.165253140426069978e+00 1.000000000000000000e+00
2.652840215780645394e+01 -2.875039699720060327e+01 -1.151349418198668095e+00 1.000000000000000000e+00
2.654269547793458273e+01 -2.867980954720970033e+01 -1.137435908465617374e+00 1.000000000000000000e+00
2.655698879806271151e+01 -2.860897829304115092e+01 -1.123512729504256846e+00 1.000000000000000000e+00
2.657128211819084029e+01 -2.853790383682433074e+01 -1.109579999674135342e+00 1.000000000000000000e+00
2.658557543831896908e+01 -2.846658678275605681e+01 -1.095637837415988081e+00 1.000000000000000000e+00
2.659986875844709786e+01 -2.839502773709543249e+01 -1.081686361250735251e+00 1.000000000000000000e+00
2.661416207857522664e+01 -2.832322730815871381e+01 -1.067725689778472598e+00 1.000000000000000000e+00
2.662845539870335543e+01 -2.825118610631412608e+01 -1.053755941677465335e+00 1.000000000000000000e+00
2.664274871883148421e+01 -2.817890474397668754e+01 -1.039777235703137181e+00 1.000000000000000000e+00
2.665704203895961300e+01 -2.810638383560298337e+01 -1.025789690687062494e+00 1.000000000000000000e+00
2.667133535908774178e+01 -2.803362399768597868e+01 -1.011793425535954860e+00 1.000000000000000000e+00
2.668562867921587056e+01 -2.796062584874972501e+01 -9.977885592306577900e-01 1.000000000000000000e+00
2.669992199934399579e+01 -2.788739000934418044e+01 -9.837752108251357486e-01 1.000000000000000000e+00
2.671421531947212458e+01 -2.781391710203980594e+01 -9.697534994454459767e-01 1.000000000000000000e+00
2.672850863960025336e+01 -2.774020775142242101e+01 -9.557235442887518362e-01 1.000000000000000000e+00
2.674280195972838214e+01 -2.766626258408781069e+01 -9.416854646222913017e-01 1.000000000000000000e+00
2.675709527985651093e+01 -2.759208222863639648e+01 -9.276393797823685450e-01 1.000000000000000000e+00
2.677138859998463971e+01 -2.751766731566792856e+01 -9.135854091733385252e-01 1.000000000000000000e+00
2.678568192011276849e+01 -2.744301847777610703e+01 -8.995236722665925777e-01 1.000000000000000000e+00
2.679997524024089728e+01 -2.736813634954318530e+01 -8.854542885995422274e-01 1.000000000000000000e+00
2.681426856036902606e+01 -2.729302156753462327e+01 -8.713773777746040006e-01 1.000000000000000000e+00
2.682856188049715485e+01 -2.721767477029361615e+01 -8.572930594581811281e-01 1.000000000000000000e+00
2.684285520062528363e+01 -2.714209659833571919e+01 -8.432014533796478029e-01 1.000000000000000000e+00
2.685714852075341241e+01 -2.706628769414337299e+01 -8.291026793303307718e-01 1.000000000000000000e+00
2.687144184088153764e+01 -2.699024870216047134e+01 -8.149968571624949254e-01 1.000000000000000000e+00
2.688573516100966643e+01 -2.691398026878680128e+01 -8.008841067883076814e-01 1.000000000000000000e+00
2.690002848113779521e+01 -2.683748304237266424e+01 -7.867645481788457795e-01 1.000000000000000000e+00
2.691432180126592399e+01 -2.676075767321329479e+01 -7.726383013630572227e-01 1.000000000000000000e+00
2.692861512139405278e+01 -2.668380481354333256e+01 -7.585054864267459784e-01 1.000000000000000000e+00
2.694290844152218156e+01 -2.660662511753132264e+01 -7.443662235115511283e-01 1.000000000000000000e+00
2.695720176165031035e+01 -2.652921924127407394e+01 -7.302206328139251301e-01 1.000000000000000000e+00
2.697149508177843913e+01 -2.645158784279118436e+01 -7.160688345841121905e-01 1.000000000000000000e+00
2.698578840190656791e+01 -2.637373158201935297e+01 -7.019109491251267485e-01 1.000000000000000000e+00
2.700008172203469670e+01 -2.629565112080681999e+01 -6.877470967917292954e-01 1.000000000000000000e+00
2.701437504216282548e+01 -2.621734712290777836e+01 -6.735773979894091879e-01 1.000000000000000000e+00
2.702866836229095071e+01 -2.613882025397658637e+01 -6.594019731733425926e-01 1.000000000000000000e+00
2.704296168241907949e+01 -2.606007118156227165e+01 -6.452209428473949515e-01 1.000000000000000000e+00
2.705725500254720828e+01 -2.598110057510280768e+01 -6.310344275630797028e-01 1.000000000000000000e+00
2.707154832267533706e+01 -2.590190910591935847e+01 -6.168425479185367655e-01 1.000000000000000000e+00
2.708584164280346585e+01 -2.582249744721067586e+01 -6.026454245575125768e-01 1.000000000000000000e+00
2.710013496293159463e+01 -2.574286627404724115e+01 -5.884431781683169271e-01 1.000000000000000000e+00
2.711442828305972341e+01 -2.566301626336566954e+01 -5.742359294828229821e-01 1.000000000000000000e+00
2.712872160318785220e+01 -2.558294809396288017e+01 -5.600237992754232286e-01 1.000000000000000000e+00
2.714301492331598098e+01 -2.550266244649032288e+01 -5.458069083620079587e-01 1.000000000000000000e+00
2.715730824344410976e+01 -2.542216000344822646e+01 -5.315853775989374252e-01 1.000000000000000000e+00
2.717160156357223855e+01 -2.534144144917976149e+01 -5.173593278820148855e-01 1.000000000000000000e+00
2.718589488370036733e+01 -2.526050746986523166e+01 -5.031288801454588677e-01 1.000000000000000000e+00
2.720018820382849256e+01 -2.517935875351630060e+01 -4.888941553608790458e-01 1.000000000000000000e+00
2.721448152395662134e+01 -2.509799598996998427e+01 -4.746552745362312420e-01 1.000000000000000000e+00
2.722877484408475013e+01 -2.501641987088299146e+01 -4.604123587148141183e-01 1.000000000000000000e+00
2.724306816421287891e+01 -2.493463108972569842e+01 -4.461655289742232355e-01 1.000000000000000000e+00
2.725736148434100770e+01 -2.485263034177632235e+01 -4.319149064253257619e-01 1.000000000000000000e+00
2.727165480446913648e+01 -2.477041832411497069e+01 -4.176606122112314079e-01 1.000000000000000000e+00
2.728594812459726526e+01 -2.468799573561774707e+01 -4.034027675062621943e-01 1.000000000000000000e+00
2.730024144472539405e+01 -2.460536327695078285e+01 -3.891414935149224985e-01 1.000000000000000000e+00
2.731453476485352283e+01 -2.452252165056430044e+01 -3.748769114708688788e-01 1.000000000000000000e+00
2.732882808498165161e+01 -2.443947156068664128e+01 -3.606091426358790653e-01 1.000000000000000000e+00
2.734312140510978040e+01 -2.435621371331826879e+01 -3.463383082988215622e-01 1.000000000000000000e+00
2.735741472523790918e+01 -2.427274881622577496e+01 -3.320645297746244173e-01 1.000000000000000000e+00
2.737170804536603441e+01 -2.418907757893587984e+01 -3.177879284032481544e-01 1.000000000000000000e+00
2.738600136549416320e+01 -2.410520071272931375e+01 -3.035086255486370010e-01 1.000000000000000000e+00
2.740029468562229198e+01 -2.402111893063490911e+01 -2.892267425977133044e-01 1.000000000000000000e+00
2.741458800575042076e+01 -2.393683294742344358e+01 -2.749424009593283147e-01 1.000000000000000000e+00
2.742888132587854955e+01 -2.385234347960157564e+01 -2.606557220632340077e-01 1.000000000000000000e+00
2.744317464600667833e+01 -2.376765124540579066e+01 -2.463668273590515767e-01 1.000000000000000000e+00
2.745746796613480711e+01 -2.368275696479625481e+01 -2.320758383152382587e-01 1.000000000000000000e+00
2.747176128626293590e+01 -2.359766135945070431e+01 -2.177828764180551602e-01 1.000000000000000000e+00
2.748605460639106468e+01 -2.351236515275832772e+01 -2.034880631705344722e-01 1.000000000000000000e+00
2.750034792651919346e+01 -2.342686906981361261e+01 -1.891915200914464912e-01 1.000000000000000000e+00
2.751464124664732225e+01 -2.334117383741015317e+01 -1.748933687142665561e-01 1.000000000000000000e+00
2.752893456677544748e+01 -2.325528018403453601e+01 -1.605937305861464826e-01 1.000000000000000000e+00
2.754322788690357626e+01 -2.316918883986001987e+01 -1.462927272668636258e-01 1.000000000000000000e+00
2.755752120703170505e+01 -2.308290053674049247e+01 -1.319904803278138250e-01 1.000000000000000000e+00
2.757181452715983383e+01 -2.299641600820413956e+01 -1.176871113509604522e-01 1.000000000000000000e+00
2.758610784728796261e+01 -2.290973598944725609e+01 -1.033827419278051662e-01 1.000000000000000000e+00
2.760040116741609140e+01 -2.282286121732795436e+01 -8.907749365835433697e-02 1.000000000000000000e+00
2.761469448754422018e+01 -2.273579243035996811e+01 -7.477148815008970162e-02 1.000000000000000000e+00
2.762898780767234896e+01 -2.264853036870625047e+01 -6.046484701691709485e-02 1.000000000000000000e+00
2.764328112780047775e+01 -2.256107577417284205e+01 -4.615769187815883801e-02 1.000000000000000000e+00
2.765757444792860653e+01 -2.247342939020245822e+01 -3.185014435750239958e-02 1.000000000000000000e+00
2.767186776805673531e+01 -2.238559196186819733e+01 -1.754232608197082988e-02 1.000000000000000000e+00
2.768616108818486410e+01 -2.229756423586719905e+01 -3.234358680888856259e-03 1.000000000000000000e+00
2.770045440831298933e+01 -2.220934696051434898e+01 1.107363621514673852e-02 1.000000000000000000e+00
2.771474772844111811e+01 -2.212094088573578787e+01 2.538153697531851313e-02 1.000000000000000000e+00
2.772904104856924690e+01 -2.203234676306267659e+01 3.968922196959619869e-02 1.000000000000000000e+00
2.774333436869737568e+01 -2.194356534562476568e+01 5.399656956978807903e-02 1.000000000000000000e+00
2.775762768882550446e+01 -2.185459738814394726e+01 6.830345815057059511e-02 1.000000000000000000e+00
2.777192100895363325e+01 -2.176544364692788491e+01 8.260976609052228525e-02 1.000000000000000000e+00
2.778621432908176203e+01 -2.167610487986356915e+01 9.691537177315759366e-02 1.000000000000000000e+00
2.780050764920989081e+01 -2.158658184641088340e+01 1.112201535879608488e-01 1.000000000000000000e+00
2.781480096933801960e+01 -2.149687530759612386e+01 1.255239899314200269e-01 1.000000000000000000e+00
2.782909428946614838e+01 -2.140698602600557265e+01 1.398267592080603139e-01 1.000000000000000000e+00
2.784338760959427717e+01 -2.131691476577896083e+01 1.541283398314780839e-01 1.000000000000000000e+00
2.785768092972240595e+01 -2.122666229260302728e+01 1.684286102253742812e-01 1.000000000000000000e+00
2.787197424985053118e+01 -2.113622937370499599e+01 1.827274488245835549e-01 1.000000000000000000e+00
2.788626756997865996e+01 -2.104561677784596085e+01 1.970247340761252797e-01 1.000000000000000000e+00
2.790056089010678875e+01 -2.095482527531452632e+01 2.113203444402105002e-01 1.000000000000000000e+00
2.791485421023491753e+01 -2.086385563792011411e+01 2.256141583912927295e-01 1.000000000000000000e+00
2.792914753036304631e+01 -2.077270863898647590e+01 2.399060544190966260e-01 1.000000000000000000e+00
2.794344085049117510e+01 -2.068138505334508892e+01 2.541959110296508895e-01 1.000000000000000000e+00
2.795773417061930388e+01 -2.058988565732856557e+01 2.684836067463211018e-01 1.000000000000000000e+00
2.797202749074743267e+01 -2.049821122876407387e+01 2.827690201108423729e-01 1.000000000000000000e+00
2.798632081087556145e+01 -2.040636254696671870e+01 2.970520296843519037e-01 1.000000000000000000e+00
2.800061413100369023e+01 -2.031434039273290537e+01 3.113325140484212161e-01 1.000000000000000000e+00
2.801490745113181902e+01 -2.022214554833372091e+01 3.256103518060884938e-01 1.000000000000000000e+00
2.802920077125994425e+01 -2.012977879750828691e+01 3.398854215828859826e-01 1.000000000000000000e+00
2.804349409138807303e+01 -2.003724092545702007e+01 3.541576020278893178e-01 1.000000000000000000e+00
2.805778741151620181e+01 -1.994453271883508805e+01 3.684267718147231085e-01 1.000000000000000000e+00
2.807208073164433060e+01 -1.985165496574564870e+01 3.826928096426095438e-01 1.000000000000000000e+00
2.808637405177245938e+01 -1.975860845573312119e+01 3.969555942373951818e-01 1.000000000000000000e+00
2.810066737190058817e+01 -1.966539397977655312e+01 4.112150043525822918e-01 1.000000000000000000e+00
2.811496069202871695e+01 -1.957201233028282772e+01 4.254709187703588080e-01 1.000000000000000000e+00
2.812925401215684573e+01 -1.947846430107994919e+01 4.397232163026297269e-01 1.000000000000000000e+00
2.814354733228497452e+01 -1.938475068741031748e+01 4.539717757920464503e-01 1.000000000000000000e+00
2.815784065241310330e+01 -1.929087228592397452e+01 4.682164761130329089e-01 1.000000000000000000e+00
2.817213397254123208e+01 -1.919682989467170486e+01 4.824571961728324476e-01 1.000000000000000000e+00
2.818642729266936087e+01 -1.910262431309845610e+01 4.966938149125112445e-01 1.000000000000000000e+00
2.820072061279748610e+01 -1.900825634203640746e+01 5.109262113080045298e-01 1.000000000000000000e+00
2.821501393292561488e+01 -1.891372678369821969e+01 5.251542643711373248e-01 1.000000000000000000e+00
2.822930725305374366e+01 -1.881903644167011080e+01 5.393778531506693286e-01 1.000000000000000000e+00
2.824360057318187245e+01 -1.872418612090518053e+01 5.535968567332980594e-01 1.000000000000000000e+00
2.825789389331000123e+01 -1.862917662771647542e+01 5.678111542447037419e-01 1.000000000000000000e+00
2.827218721343813002e+01 -1.853400876977014633e+01 5.820206248505721547e-01 1.000000000000000000e+00
2.828648053356625880e+01 -1.843868335607858100e+01 5.962251477576221426e-01 1.000000000000000000e+00
2.830077385369438758e+01 -1.834320119699354024e+01 6.104246022146325723e-01 1.000000000000000000e+00
2.831506717382251637e+01 -1.824756310419926209e+01 6.246188675134687340e-01 1.000000000000000000e+00
2.832936049395064515e+01 -1.815176989070555535e+01 6.388078229901081873e-01 1.000000000000000000e+00
2.834365381407877393e+01 -1.805582237084089314e+01 6.529913480256671621e-01 1.000000000000000000e+00
2.835794713420690272e+01 -1.795972136024550281e+01 6.671693220474249619e-01 1.000000000000000000e+00
2.837224045433502795e+01 -1.786346767586444528e+01 6.813416245298457019e-01 1.000000000000000000e+00
2.838653377446315673e+01 -1.776706213594054518e+01 6.955081349956193648e-01 1.000000000000000000e+00
2.840082709459128552e+01 -1.767050556000764772e+01 7.096687330166604468e-01 1.000000000000000000e+00
2.841512041471941430e+01 -1.757379876888348136e+01 7.238232982151487915e-01 1.000000000000000000e+00
2.842941373484754308e+01 -1.747694258466276906e+01 7.379717102645486637e-01 1.000000000000000000e+00
2.844370705497567187e+01 -1.737993783071019038e+01 7.521138488906314867e-01 1.000000000000000000e+00
2.845800037510380065e+01 -1.728278533165340747e+01 7.662495938724988020e-01 1.000000000000000000e+00
2.847229369523192943e+01 -1.718548591337604492e+01 7.803788250436035634e-01 1.000000000000000000e+00
2.848658701536005822e+01 -1.708804040301067673e+01 7.945014222927722081e-01 1.000000000000000000e+00
2.850088033548818700e+01 -1.699044962893179189e+01 8.086172655652251740e-01 1.000000000000000000e+00
2.851517365561631578e+01 -1.689271442074874940e+01 8.227262348635977496e-01 1.000000000000000000e+00
2.852946697574444102e+01 -1.679483560929875452e+01 8.368282102489565943e-01 1.000000000000000000e+00
2.854376029587256980e+01 -1.669681402663968584e+01 8.509230718418350214e-01 1.000000000000000000e+00
2.855805361600069858e+01 -1.659865050604318881e+01 8.650106998232272026e-01 1.000000000000000000e+00
2.857234693612882737e+01 -1.650034588198749219e+01 8.790909744356241173e-01 1.000000000000000000e+00
2.858664025625695615e+01 -1.640190099015031322e+01 8.931637759840268531e-01 1.000000000000000000e+00
2.860093357638508493e+01 -1.630331666740178420e+01 9.072289848369643472e-01 1.000000000000000000e+00
2.861522689651321372e+01 -1.620459375179732575e+01 9.212864814275100178e-01 1.000000000000000000e+00
2.862952021664134250e+01 -1.610573308257050584e+01 9.353361462542987281e-01 1.000000000000000000e+00
2.864381353676947128e+01 -1.600673550012595214e+01 9.493778598825421966e-01 1.000000000000000000e+00
2.865810685689760007e+01 -1.590760184603214356e+01 9.634115029450446288e-01 1.000000000000000000e+00
2.867240017702572885e+01 -1.580833296301431368e+01 9.774369561432173503e-01 1.000000000000000000e+00
2.868669349715385763e+01 -1.570892969494728852e+01 9.914541002480881104e-01 1.000000000000000000e+00
2.870098681728198287e+01 -1.560939288684819992e+01 1.005462816101333035e+00 1.000000000000000000e+00
2.871528013741011165e+01 -1.550972338486946711e+01 1.019462984616262391e+00 1.000000000000000000e+00
2.872957345753824043e+01 -1.540992203629151192e+01 1.033454486778851322e+00 1.000000000000000000e+00
2.874386677766636922e+01 -1.530998968951559469e+01 1.047437203648742488e+00 1.000000000000000000e+00
2.875816009779449800e+01 -1.520992719405648685e+01 1.061411016360273907e+00 1.000000000000000000e+00
2.877245341792262678e+01 -1.510973540053543474e+01 1.075375806123464395e+00 1.000000000000000000e+00
2.878674673805075557e+01 -1.500941516067280190e+01 1.089331454225039852e+00 1.000000000000000000e+00
2.880104005817888435e+01 -1.490896732728085894e+01 1.103277842029438904e+00 1.000000000000000000e+00
2.881533337830701313e+01 -1.480839275425654833e+01 1.117214850979821206e+00 1.000000000000000000e+00
2.882962669843514192e+01 -1.470769229657418720e+01 1.131142362599074414e+00 1.000000000000000000e+00
2.884392001856327070e+01 -1.460686681027825884e+01 1.145060258490822713e+00 1.000000000000000000e+00
2.885821333869139593e+01 -1.450591715247610480e+01 1.158968420340428240e+00 1.000000000000000000e+00
2.887250665881952472e+01 -1.440484418133056543e+01 1.172866729916013595e+00 1.000000000000000000e+00
2.888679997894765350e+01 -1.430364875605282826e+01 1.186755069069442170e+00 1.000000000000000000e+00
2.890109329907578228e+01 -1.420233173689503658e+01 1.200633319737339333e+00 1.000000000000000000e+00
2.891538661920391107e+01 -1.410089398514298331e+01 1.214501363942090961e+00 1.000000000000000000e+00
2.892967993933203985e+01 -1.399933636310879592e+01 1.228359083792847750e+00 1.000000000000000000e+00
2.894397325946016863e+01 -1.389765973412361078e+01 1.242206361486526411e+00 1.000000000000000000e+00
2.895826657958829742e+01 -1.379586496253022787e+01 1.256043079308811539e+00 1.000000000000000000e+00
2.897255989971642620e+01 -1.369395291367576917e+01 1.269869119635155696e+00 1.000000000000000000e+00
2.898685321984455499e+01 -1.359192445390431381e+01 1.283684364931780397e+00 1.000000000000000000e+00
2.900114653997268377e+01 -1.348978045054953867e+01 1.297488697756674192e+00 1.000000000000000000e+00
2.901543986010081255e+01 -1.338752177192735182e+01 1.311282000760591426e+00 1.000000000000000000e+00
2.902973318022893778e+01 -1.328514928732852773e+01 1.325064156688045669e+00 1.000000000000000000e+00
2.904402650035706657e+01 -1.318266386701120574e+01 1.338835048378323789e+00 1.000000000000000000e+00
2.905831982048519535e+01 -1.308006638219366913e+01 1.352594558766455624e+00 1.000000000000000000e+00
2.907261314061332413e+01 -1.297735770504682229e+01 1.366342570884226282e+00 1.000000000000000000e+00
2.908690646074145292e+01 -1.287453870868680816e+01 1.380078967861167571e+00 1.000000000000000000e+00
2.910119978086958170e+01 -1.277161026716757064e+01 1.393803632925549207e+00 1.000000000000000000e+00
2.911549310099771048e+01 -1.266857325547345248e+01 1.407516449405373571e+00 1.000000000000000000e+00
2.912978642112583927e+01 -1.256542854951172039e+01 1.421217300729366473e+00 1.000000000000000000e+00
2.914407974125396805e+01 -1.246217702610515765e+01 1.434906070427967917e+00 1.000000000000000000e+00
2.915837306138209684e+01 -1.235881956298458206e+01 1.448582642134323084e+00 1.000000000000000000e+00
2.917266638151022562e+01 -1.225535703878139593e+01 1.462246899585270876e+00 1.000000000000000000e+00
2.918695970163835440e+01 -1.215179033302011646e+01 1.475898726622332457e+00 1.000000000000000000e+00
2.920125302176647963e+01 -1.204812032611092931e+01 1.489538007192694691e+00 1.000000000000000000e+00
2.921554634189460842e+01 -1.194434789934207863e+01 1.503164625350212447e+00 1.000000000000000000e+00
2.922983966202273720e+01 -1.184047393487255917e+01 1.516778465256370945e+00 1.000000000000000000e+00
2.924413298215086598e+01 -1.173649931572450456e+01 1.530379411181286065e+00 1.000000000000000000e+00
2.925842630227899477e+01 -1.163242492577569642e+01 1.543967347504683119e+00 1.000000000000000000e+00
2.927271962240712355e+01 -1.152825164975206107e+01 1.557542158716882286e+00 1.000000000000000000e+00
2.928701294253525234e+01 -1.142398037322017501e+01 1.571103729419773609e+00 1.000000000000000000e+00
2.930130626266338112e+01 -1.131961198257961954e+01 1.584651944327816198e+00 1.000000000000000000e+00
2.931559958279150990e+01 -1.121514736505561594e+01 1.598186688268993461e+00 1.000000000000000000e+00
2.932989290291963869e+01 -1.111058740869137829e+01 1.611707846185807202e+00 1.000000000000000000e+00
2.934418622304776747e+01 -1.100593300234058347e+01 1.625215303136254175e+00 1.000000000000000000e+00
2.935847954317589270e+01 -1.090118503565984831e+01 1.638708944294795966e+00 1.000000000000000000e+00
2.937277286330402148e+01 -1.079634439910104682e+01 1.652188654953354208e+00 1.000000000000000000e+00
2.938706618343215027e+01 -1.069141198390392056e+01 1.665654320522259590e+00 1.000000000000000000e+00
2.940135950356027905e+01 -1.058638868208837813e+01 1.679105826531243295e+00 1.000000000000000000e+00
2.941565282368840784e+01 -1.048127538644695811e+01 1.692543058630404218e+00 1.000000000000000000e+00
2.942994614381653662e+01 -1.037607299053721199e+01 1.705965902591183969e+00 1.000000000000000000e+00
2.944423946394466540e+01 -1.027078238867412807e+01 1.719374244307335209e+00 1.000000000000000000e+00
2.945853278407279419e+01 -1.016540447592253749e+01 1.732767969795893093e+00 1.000000000000000000e+00
2.947282610420092297e+01 -1.005994014808947412e+01 1.746146965198143608e+00 1.000000000000000000e+00
2.948711942432905175e+01 -9.954390301716589562e+00 1.759511116780591911e+00 1.000000000000000000e+00
2.950141274445718054e+01 -9.848755834072516535e+00 1.772860310935929329e+00 1.000000000000000000e+00
2.951570606458530932e+01 -9.743037643145243010e+00 1.786194434183998148e+00 1.000000000000000000e+00
2.952999938471343455e+01 -9.637236627634514718e+00 1.799513373172753061e+00 1.000000000000000000e+00
2.954429270484156334e+01 -9.531353686944063597e+00 1.812817014679241057e+00 1.000000000000000000e+00
2.955858602496969212e+01 -9.425389721174154189e+00 1.826105245610538663e+00 1.000000000000000000e+00
2.957287934509782090e+01 -9.319345631113808537e+00 1.839377953004731392e+00 1.000000000000000000e+00
2.958717266522594969e+01 -9.213222318233173169e+00 1.852635024031867417e+00 1.000000000000000000e+00
2.960146598535407847e+01 -9.107020684675863009e+00 1.865876345994919028e+00 1.000000000000000000e+00
2.961575930548220725e+01 -9.000741633251287510e+00 1.879101806330739421e+00 1.000000000000000000e+00
2.963005262561033604e+01 -8.894386067426980347e+00 1.892311292611019935e+00 1.000000000000000000e+00
2.964434594573846482e+01 -8.787954891320909567e+00 1.905504692543245504e+00 1.000000000000000000e+00
2.965863926586659360e+01 -8.681449009693803731e+00 1.918681893971650121e+00 1.000000000000000000e+00
2.967293258599472239e+01 -8.574869327941460284e+00 1.931842784878168517e+00 1.000000000000000000e+00
2.968722590612285117e+01 -8.468216752087032617e+00 1.944987253383390957e+00 1.000000000000000000e+00
2.970151922625097640e+01 -8.361492188773384626e+00 1.958115187747507813e+00 1.000000000000000000e+00
2.971581254637910519e+01 -8.254696545255228557e+00 1.971226476371277014e+00 1.000000000000000000e+00
2.973010586650723397e+01 -8.147830729391627003e+00 1.984321007796947756e+00 1.000000000000000000e+00
2.974439918663536275e+01 -8.040895649638137854e+00 1.997398670709225499e+00 1.000000000000000000e+00
2.975869250676349154e+01 -7.933892215039126228e+00 2.010459353936211890e+00 1.000000000000000000e+00
2.977298582689162032e+01 -7.826821335220026654e+00 2.023502946450352447e+00 1.000000000000000000e+00
2.978727914701974910e+01 -7.719683920379626585e+00 2.036529337369378023e+00 1.000000000000000000e+00
2.980157246714787789e+01 -7.612480881282317924e+00 2.049538415957249615e+00 1.000000000000000000e+00
2.981586578727600667e+01 -7.505213129250393855e+00 2.062530071625093164e+00 1.000000000000000000e+00
2.983015910740413545e+01 -7.397881576156160044e+00 2.075504193932158792e+00 1.000000000000000000e+00
2.984445242753226424e+01 -7.290487134414397552e+00 2.088460672586732958e+00 1.000000000000000000e+00
2.985874574766038947e+01 -7.183030716974452723e+00 2.101399397447093254e+00 1.000000000000000000e+00
2.987303906778851825e+01 -7.075513237312528680e+00 2.114320258522439655e+00 1.000000000000000000e+00
2.988733238791664704e+01 -6.967935609423946630e+00 2.127223145973828000e+00 1.000000000000000000e+00
2.990162570804477582e+01 -6.860298747815238407e+00 2.140107950115117230e+00 1.000000000000000000e+00
2.991591902817290460e+01 -6.752603567496574755e+00 2.152974561413877996e+00 1.000000000000000000e+00
2.993021234830103339e+01 -6.644850983973856984e+00 2.165822870492342123e+00 1.000000000000000000e+00
2.994450566842916217e+01 -6.537041913240964952e+00 2.178652768128324979e+00 1.000000000000000000e+00
2.995879898855729095e+01 -6.429177271771972180e+00 2.191464145256157181e+00 1.000000000000000000e+00
2.997309230868541974e+01 -6.321257976513349419e+00 2.204256892967610071e+00 1.000000000000000000e+00
2.998738562881354852e+01 -6.213284944876175331e+00 2.217030902512820756e+00 1.000000000000000000e+00
3.000167894894167731e+01 -6.105259094728339164e+00 2.229786065301218478e+00 1.000000000000000000e+00
3.001597226906980609e+01 -5.997181344386730117e+00 2.242522272902446545e+00 1.000000000000000000e+00
3.003026558919793132e+01 -5.889052612609473769e+00 2.255239417047281592e+00 1.000000000000000000e+00
3.004455890932606010e+01 -5.780873818587981106e+00 2.267937389628566613e+00 1.000000000000000000e+00
3.005885222945418889e+01 -5.672645881939337720e+00 2.280616082702109360e+00 1.000000000000000000e+00
3.007314554958231767e+01 -5.564369722698351950e+00 2.293275388487615363e+00 1.000000000000000000e+00
3.008743886971044645e+01 -5.456046261309767331e+00 2.305915199369598767e+00 1.000000000000000000e+00
3.010173218983857524e+01 -5.347676418620439520e+00 2.318535407898297152e+00 1.000000000000000000e+00
3.011602550996670402e+01 -5.239261115871507002e+00 2.331135906790587242e+00 1.000000000000000000e+00
3.013031883009483280e+01 -5.130801274690557356e+00 2.343716588930895295e+00 1.000000000000000000e+00
3.014461215022296159e+01 -5.022297817083797966e+00 2.356277347372106146e+00 1.000000000000000000e+00
3.015890547035109037e+01 -4.913751665428211624e+00 2.368818075336475371e+00 1.000000000000000000e+00
3.017319879047921916e+01 -4.805163742463721910e+00 2.381338666216536115e+00 1.000000000000000000e+00
3.018749211060734439e+01 -4.696534971285378113e+00 2.393839013575998820e+00 1.000000000000000000e+00
3.020178543073547317e+01 -4.587866275335377608e+00 2.406319011150676257e+00 1.000000000000000000e+00
3.021607875086360195e+01 -4.479158578395411539e+00 2.418778552849359720e+00 1.000000000000000000e+00
3.023037207099173074e+01 -4.370412804578684529e+00 2.431217532754736954e+00 1.000000000000000000e+00
3.024466539111985952e+01 -4.261629878322083620e+00 2.443635845124290995e+00 1.000000000000000000e+00
3.025895871124798830e+01 -4.152810724378332097e+00 2.456033384391196783e+00 1.000000000000000000e+00
3.027325203137611709e+01 -4.043956267808114902e+00 2.468410045165220001e+00 1.000000000000000000e+00
3.028754535150424587e+01 -3.935067433972224471e+00 2.480765722233610582e+00 1.000000000000000000e+00
3.030183867163237466e+01 -3.826145148523691475e+00 2.493100310562000654e+00 1.000000000000000000e+00
3.031613199176050344e+01 -3.717190337399910671e+00 2.505413705295294946e+00 1.000000000000000000e+00
3.033042531188863222e+01 -3.608203926814781415e+00 2.517705801758561623e+00 1.000000000000000000e+00
3.034471863201676101e+01 -3.499186843250820633e+00 2.529976495457926244e+00 1.000000000000000000e+00
3.035901195214488624e+01 -3.390140013451330425e+00 2.542225682081450167e+00 1.000000000000000000e+00
3.037330527227301502e+01 -3.281064364412380474e+00 2.554453257500037378e+00 1.000000000000000000e+00
3.038759859240114380e+01 -3.171960823375130190e+00 2.566659117768295584e+00 1.000000000000000000e+00
3.040189191252927259e+01 -3.062830317817813786e+00 2.578843159125431495e+00 1.000000000000000000e+00
3.041618523265740137e+01 -2.953673775447921646e+00 2.591005277996133227e+00 1.000000000000000000e+00
3.043047855278553016e+01 -2.844492124194177851e+00 2.603145370991457153e+00 1.000000000000000000e+00
3.044477187291365894e+01 -2.735286292198858771e+00 2.615263334909690318e+00 1.000000000000000000e+00
3.045906519304178772e+01 -2.626057207809761262e+00 2.627359066737238180e+00 1.000000000000000000e+00
3.047335851316991651e+01 -2.516805799572351177e+00 2.639432463649502125e+00 1.000000000000000000e+00
3.048765183329804529e+01 -2.407532996221866561e+00 2.651483423011748108e+00 1.000000000000000000e+00
3.050194515342617407e+01 -2.298239726675422201e+00 2.663511842379981953e+00 1.000000000000000000e+00
3.051623847355430286e+01 -2.188926920024115486e+00 2.675517619501820210e+00 1.000000000000000000e+00
3.053053179368242809e+01 -2.079595505525158483e+00 2.687500652317354799e+00 1.000000000000000000e+00
3.054482511381055687e+01 -1.970246412593848584e+00 2.699460838960036302e+00 1.000000000000000000e+00
3.055911843393868565e+01 -1.860880570795863553e+00 2.711398077757515956e+00 1.000000000000000000e+00
3.057341175406681444e+01 -1.751498909839230622e+00 2.723312267232526729e+00 1.000000000000000000e+00
3.058770507419494322e+01 -1.642102359566451675e+00 2.735203306103743071e+00 1.000000000000000000e+00
3.060199839432307201e+01 -1.532691849946603346e+00 2.747071093286637566e+00 1.000000000000000000e+00
3.061629171445120079e+01 -1.423268311067427572e+00 2.758915527894345576e+00 1.000000000000000000e+00
3.063058503457932957e+01 -1.313832673127428130e+00 2.770736509238518774e+00 1.000000000000000000e+00
3.064487835470745836e+01 -1.204385866427960528e+00 2.782533936830183130e+00 1.000000000000000000e+00
3.065917167483558714e+01 -1.094928821365325655e+00 2.794307710380592447e+00 1.000000000000000000e+00
3.067346499496371592e+01 -9.854624684228592280e-01 2.806057729802081901e+00 1.000000000000000000e+00
3.068775831509184115e+01 -8.759877381630553073e-01 2.817783895208914036e+00 1.000000000000000000e+00
3.070205163521996994e+01 -7.665055612195237345e-01 2.829486106918142951e+00 1.000000000000000000e+00
3.071634495534809872e+01 -6.570168682892767453e-01 2.841164265450439874e+00 1.000000000000000000e+00
3.073063827547622751e+01 -5.475225901246857374e-01 2.852818271530952465e+00 1.000000000000000000e+00
3.074493159560435629e+01 -4.380236575256012954e-01 2.864448026090147259e+00 1.000000000000000000e+00
3.075922491573248507e+01 -3.285210013314410205e-01 2.876053430264649879e+00 1.000000000000000000e+00
3.077351823586061386e+01 -2.190155524132762765e-01 2.887634385398085701e+00 1.000000000000000000e+00
3.078781155598874264e+01 -1.095082416659192148e-01 2.899190793041920067e+00 1.000000000000000000e+00
3.080210487611687142e+01 -9.199318907357114769e-15 2.910722554956293173e+00 1.000000000000000000e+00
