0.000000000000000000e+00 0.000000000000000000e+00 -1.082655979895895904e+00 1.000000000000000000e+00
1.430996319851438395e-02 2.821263352559624238e-01 -1.098650406045830197e+00 1.000000000000000000e+00
2.861992639702876789e-02 5.642428137204086314e-01 -1.114606448086773893e+00 1.000000000000000000e+00
4.292988959554315531e-02 8.463395789461940488e-01 -1.130523548554356328e+00 1.000000000000000000e+00
5.723985279405753579e-02 1.128406775174905619e+00 -1.146401151344728087e+00 1.000000000000000000e+00
7.154981599257191627e-02 1.410434547681197692e+00 -1.162238701733993018e+00 1.000000000000000000e+00
8.585977919108631062e-02 1.692413043117090732e+00 -1.178035646397582958e+00 1.000000000000000000e+00
1.001697423896006911e-01 1.974332409856223824e+00 -1.193791433429593596e+00 1.000000000000000000e+00
1.144797055881150716e-01 2.256182798338044471e+00 -1.209505512362066160e+00 1.000000000000000000e+00
1.287896687866294521e-01 2.537954361411931092e+00 -1.225177334184218481e+00 1.000000000000000000e+00
1.430996319851438325e-01 2.819637254681222505e+00 -1.240806351361627424e+00 1.000000000000000000e+00
1.574095951836582130e-01 3.101221636847161012e+00 -1.256392017855355148e+00 1.000000000000000000e+00
1.717195583821726212e-01 3.382697670052722927e+00 -1.271933789141033389e+00 1.000000000000000000e+00
1.860295215806870017e-01 3.664055520226325413e+00 -1.287431122227878921e+00 1.000000000000000000e+00
2.003394847792013822e-01 3.945285357425405870e+00 -1.302883475677669933e+00 1.000000000000000000e+00
2.146494479777157627e-01 4.226377356179860101e+00 -1.318290309623661116e+00 1.000000000000000000e+00
2.289594111762301432e-01 4.507321695835308617e+00 -1.333651085789445245e+00 1.000000000000000000e+00
2.432693743747445236e-01 4.788108560896223054e+00 -1.348965267507758137e+00 1.000000000000000000e+00
2.575793375732589041e-01 5.068728141368836759e+00 -1.364232319739232535e+00 1.000000000000000000e+00
2.718893007717733123e-01 5.349170633103894623e+00 -1.379451709091085609e+00 1.000000000000000000e+00
2.861992639702876651e-01 5.629426238139176419e+00 -1.394622903835756933e+00 1.000000000000000000e+00
3.005092271688020733e-01 5.909485165041823862e+00 -1.409745373929486290e+00 1.000000000000000000e+00
3.148191903673164260e-01 6.189337629250418082e+00 -1.424818591030831305e+00 1.000000000000000000e+00
3.291291535658308343e-01 6.468973853416835951e+00 -1.439842028519126238e+00 1.000000000000000000e+00
3.434391167643452425e-01 6.748384067747839943e+00 -1.454815161512880151e+00 1.000000000000000000e+00
3.577490799628595952e-01 7.027558510346413101e+00 -1.469737466888119126e+00 1.000000000000000000e+00
3.720590431613740034e-01 7.306487427552817771e+00 -1.484608423296656321e+00 1.000000000000000000e+00
3.863690063598883562e-01 7.585161074285361238e+00 -1.499427511184311390e+00 1.000000000000000000e+00
4.006789695584027644e-01 7.863569714380869158e+00 -1.514194212809060192e+00 1.000000000000000000e+00
4.149889327569171171e-01 8.141703620934826802e+00 -1.528908012259124760e+00 1.000000000000000000e+00
4.292988959554315254e-01 8.419553076641239642e+00 -1.543568395470996890e+00 1.000000000000000000e+00
4.436088591539458781e-01 8.697108374132110242e+00 -1.558174850247397769e+00 1.000000000000000000e+00
4.579188223524602863e-01 8.974359816316599847e+00 -1.572726866275177438e+00 1.000000000000000000e+00
4.722287855509746946e-01 9.251297716719809827e+00 -1.587223935143136977e+00 1.000000000000000000e+00
4.865387487494890473e-01 9.527912399821218514e+00 -1.601665550359794521e+00 1.000000000000000000e+00
5.008487119480034000e-01 9.804194201392709473e+00 -1.616051207371081766e+00 1.000000000000000000e+00
5.151586751465178082e-01 1.008013346883621963e+01 -1.630380403577970316e+00 1.000000000000000000e+00
5.294686383450322165e-01 1.035572056152096998e+01 -1.644652638354030527e+00 1.000000000000000000e+00
5.437786015435466247e-01 1.063094585112029655e+01 -1.658867413062926621e+00 1.000000000000000000e+00
5.580885647420609219e-01 1.090579972194802494e+01 -1.673024231075830759e+00 1.000000000000000000e+00
5.723985279405753301e-01 1.118027257129444330e+01 -1.687122597788779821e+00 1.000000000000000000e+00
5.867084911390897384e-01 1.145435480976176557e+01 -1.701162020639952699e+00 1.000000000000000000e+00
6.010184543376041466e-01 1.172803686159918257e+01 -1.715142009126880307e+00 1.000000000000000000e+00
6.153284175361185548e-01 1.200130916503741929e+01 -1.729062074823581652e+00 1.000000000000000000e+00
6.296383807346328521e-01 1.227416217262276454e+01 -1.742921731397629070e+00 1.000000000000000000e+00
6.439483439331472603e-01 1.254658635155068858e+01 -1.756720494627141083e+00 1.000000000000000000e+00
6.582583071316616685e-01 1.281857218399885134e+01 -1.770457882417695528e+00 1.000000000000000000e+00
6.725682703301760768e-01 1.309011016745964540e+01 -1.784133414819176089e+00 1.000000000000000000e+00
6.868782335286904850e-01 1.336119081507220407e+01 -1.797746614042539326e+00 1.000000000000000000e+00
7.011881967272047822e-01 1.363180465595381641e+01 -1.811297004476508210e+00 1.000000000000000000e+00
7.154981599257191904e-01 1.390194223553085706e+01 -1.824784112704188610e+00 1.000000000000000000e+00
7.298081231242335987e-01 1.417159411586907147e+01 -1.838207467519607619e+00 1.000000000000000000e+00
7.441180863227480069e-01 1.444075087600332985e+01 -1.851566599944181046e+00 1.000000000000000000e+00
7.584280495212623041e-01 1.470940311226677366e+01 -1.864861043243091876e+00 1.000000000000000000e+00
7.727380127197767123e-01 1.497754143861934395e+01 -1.878090332941600993e+00 1.000000000000000000e+00
7.870479759182911206e-01 1.524515648697571812e+01 -1.891254006841274204e+00 1.000000000000000000e+00
8.013579391168055288e-01 1.551223890753260903e+01 -1.904351605036129769e+00 1.000000000000000000e+00
8.156679023153199370e-01 1.577877936909540502e+01 -1.917382669928706207e+00 1.000000000000000000e+00
8.299778655138342343e-01 1.604476855940420421e+01 -1.930346746246049072e+00 1.000000000000000000e+00
8.442878287123486425e-01 1.631019718545914898e+01 -1.943243381055621333e+00 1.000000000000000000e+00
8.585977919108630507e-01 1.657505597384509244e+01 -1.956072123781120276e+00 1.000000000000000000e+00
8.729077551093774590e-01 1.683933567105560414e+01 -1.968832526218226020e+00 1.000000000000000000e+00
8.872177183078917562e-01 1.710302704381624750e+01 -1.981524142550256329e+00 1.000000000000000000e+00
9.015276815064061644e-01 1.736612087940718752e+01 -1.994146529363745479e+00 1.000000000000000000e+00
9.158376447049205726e-01 1.762860798598504886e+01 -2.006699245663933873e+00 1.000000000000000000e+00
9.301476079034349809e-01 1.789047919290404920e+01 -2.019181852890178153e+00 1.000000000000000000e+00
9.444575711019493891e-01 1.815172535103641138e+01 -2.031593914931268507e+00 1.000000000000000000e+00
9.587675343004636863e-01 1.841233733309200460e+01 -2.043934998140670256e+00 1.000000000000000000e+00
9.730774974989780945e-01 1.867230603393723598e+01 -2.056204671351670843e+00 1.000000000000000000e+00
9.873874606974925028e-01 1.893162237091314637e+01 -2.068402505892446896e+00 1.000000000000000000e+00
1.001697423896006800e+00 1.919027728415276002e+01 -2.080528075601038029e+00 1.000000000000000000e+00
1.016007387094521208e+00 1.944826173689757809e+01 -2.092580956840235817e+00 1.000000000000000000e+00
1.030317350293035616e+00 1.970556671581334385e+01 -2.104560728512390178e+00 1.000000000000000000e+00
1.044627313491550025e+00 1.996218323130491257e+01 -2.116466972074113606e+00 1.000000000000000000e+00
1.058937276690064433e+00 2.021810231783032918e+01 -2.128299271550908145e+00 1.000000000000000000e+00
1.073247239888578841e+00 2.047331503421409238e+01 -2.140057213551699089e+00 1.000000000000000000e+00
1.087557203087093249e+00 2.072781246395948784e+01 -2.151740387283275435e+00 1.000000000000000000e+00
1.101867166285607658e+00 2.098158571556015772e+01 -2.163348384564644622e+00 1.000000000000000000e+00
1.116177129484121844e+00 2.123462592281070727e+01 -2.174880799841290457e+00 1.000000000000000000e+00
1.130487092682636252e+00 2.148692424511649435e+01 -2.186337230199346671e+00 1.000000000000000000e+00
1.144797055881150660e+00 2.173847186780249530e+01 -2.197717275379667878e+00 1.000000000000000000e+00
1.159107019079665069e+00 2.198926000242124701e+01 -2.209020537791817063e+00 1.000000000000000000e+00
1.173416982278179477e+00 2.223927988705991865e+01 -2.220246622527957125e+00 1.000000000000000000e+00
1.187726945476693885e+00 2.248852278664642057e+01 -2.231395137376645188e+00 1.000000000000000000e+00
1.202036908675208293e+00 2.273697999325457531e+01 -2.242465692836538960e+00 1.000000000000000000e+00
1.216346871873722701e+00 2.298464282640838618e+01 -2.253457902130001411e+00 1.000000000000000000e+00
1.230656835072237110e+00 2.323150263338524013e+01 -2.264371381216614854e+00 1.000000000000000000e+00
1.244966798270751296e+00 2.347755078951830399e+01 -2.275205748806602202e+00 1.000000000000000000e+00
1.259276761469265704e+00 2.372277869849778753e+01 -2.285960626374141658e+00 1.000000000000000000e+00
1.273586724667780112e+00 2.396717779267128989e+01 -2.296635638170596572e+00 1.000000000000000000e+00
1.287896687866294521e+00 2.421073953334314410e+01 -2.307230411237640499e+00 1.000000000000000000e+00
1.302206651064808929e+00 2.445345541107271359e+01 -2.317744575420289443e+00 1.000000000000000000e+00
1.316516614263323337e+00 2.469531694597171878e+01 -2.328177763379832399e+00 1.000000000000000000e+00
1.330826577461837745e+00 2.493631568800049436e+01 -2.338529610606665532e+00 1.000000000000000000e+00
1.345136540660352154e+00 2.517644321726319845e+01 -2.348799755433028214e+00 1.000000000000000000e+00
1.359446503858866562e+00 2.541569114430199505e+01 -2.358987839045638690e+00 1.000000000000000000e+00
1.373756467057380970e+00 2.565405111039016717e+01 -2.369093505498228058e+00 1.000000000000000000e+00
1.388066430255895156e+00 2.589151478782413562e+01 -2.379116401723979202e+00 1.000000000000000000e+00
1.402376393454409564e+00 2.612807388021441213e+01 -2.389056177547860482e+00 1.000000000000000000e+00
1.416686356652923973e+00 2.636372012277546872e+01 -2.398912485698858177e+00 1.000000000000000000e+00
1.430996319851438381e+00 2.659844528261445618e+01 -2.408684981822114324e+00 1.000000000000000000e+00
1.445306283049952789e+00 2.683224115901888496e+01 -2.418373324490952214e+00 1.000000000000000000e+00
1.459616246248467197e+00 2.706509958374310543e+01 -2.427977175218808181e+00 1.000000000000000000e+00
1.473926209446981606e+00 2.729701242129368310e+01 -2.437496198471055919e+00 1.000000000000000000e+00
1.488236172645496014e+00 2.752797156921366195e+01 -2.446930061676730439e+00 1.000000000000000000e+00
1.502546135844010422e+00 2.775796895836561617e+01 -2.456278435240145441e+00 1.000000000000000000e+00
1.516856099042524608e+00 2.798699655321357582e+01 -2.465540992552412103e+00 1.000000000000000000e+00
1.531166062241039016e+00 2.821504635210377643e+01 -2.474717410002846396e+00 1.000000000000000000e+00
1.545476025439553425e+00 2.844211038754421139e+01 -2.483807366990276044e+00 1.000000000000000000e+00
1.559785988638067833e+00 2.866818072648296933e+01 -2.492810545934242228e+00 1.000000000000000000e+00
1.574095951836582241e+00 2.889324947058544879e+01 -2.501726632286096041e+00 1.000000000000000000e+00
1.588405915035096649e+00 2.911730875651026906e+01 -2.510555314539984817e+00 1.000000000000000000e+00
1.602715878233611058e+00 2.934035075618399802e+01 -2.519296284243739414e+00 1.000000000000000000e+00
1.617025841432125466e+00 2.956236767707464352e+01 -2.527949236009646494e+00 1.000000000000000000e+00
1.631335804630639874e+00 2.978335176246394411e+01 -2.536513867525123089e+00 1.000000000000000000e+00
1.645645767829154060e+00 3.000329529171829535e+01 -2.544989879563273938e+00 1.000000000000000000e+00
1.659955731027668469e+00 3.022219058055858554e+01 -2.553376975993347564e+00 1.000000000000000000e+00
1.674265694226182877e+00 3.044002998132856064e+01 -2.561674863791082668e+00 1.000000000000000000e+00
1.688575657424697285e+00 3.065680588326208778e+01 -2.569883253048946603e+00 1.000000000000000000e+00
1.702885620623211693e+00 3.087251071274905101e+01 -2.578001856986261053e+00 1.000000000000000000e+00
1.717195583821726101e+00 3.108713693359991481e+01 -2.586030391959223795e+00 1.000000000000000000e+00
1.731505547020240510e+00 3.130067704730903699e+01 -2.593968577470818548e+00 1.000000000000000000e+00
1.745815510218754918e+00 3.151312359331668844e+01 -2.601816136180612915e+00 1.000000000000000000e+00
1.760125473417269326e+00 3.172446914926963757e+01 -2.609572793914450184e+00 1.000000000000000000e+00
1.774435436615783512e+00 3.193470633128052683e+01 -2.617238279674027446e+00 1.000000000000000000e+00
1.788745399814297921e+00 3.214382779418580327e+01 -2.624812325646362243e+00 1.000000000000000000e+00
1.803055363012812329e+00 3.235182623180237727e+01 -2.632294667213153083e+00 1.000000000000000000e+00
1.817365326211326737e+00 3.255869437718286719e+01 -2.639685042960019157e+00 1.000000000000000000e+00
1.831675289409841145e+00 3.276442500286947279e+01 -2.646983194685638807e+00 1.000000000000000000e+00
1.845985252608355554e+00 3.296901092114649856e+01 -2.654188867410765873e+00 1.000000000000000000e+00
1.860295215806869962e+00 3.317244498429149502e+01 -2.661301809387141226e+00 1.000000000000000000e+00
1.874605179005384370e+00 3.337472008482495056e+01 -2.668321772106287071e+00 1.000000000000000000e+00
1.888915142203898778e+00 3.357582915575861193e+01 -2.675248510308190220e+00 1.000000000000000000e+00
1.903225105402412964e+00 3.377576517084239072e+01 -2.682081781989867242e+00 1.000000000000000000e+00
1.917535068600927373e+00 3.397452114480989138e+01 -2.688821348413825696e+00 1.000000000000000000e+00
1.931845031799441781e+00 3.417209013362237613e+01 -2.695466974116398351e+00 1.000000000000000000e+00
1.946154994997956189e+00 3.436846523471140813e+01 -2.702018426915974825e+00 1.000000000000000000e+00
1.960464958196470597e+00 3.456363958722005947e+01 -2.708475477921110208e+00 1.000000000000000000e+00
1.974774921394985006e+00 3.475760637224249905e+01 -2.714837901538524001e+00 1.000000000000000000e+00
1.989084884593499414e+00 3.495035881306236547e+01 -2.721105475480980918e+00 1.000000000000000000e+00
2.003394847792013600e+00 3.514189017538940618e+01 -2.727277980775056232e+00 1.000000000000000000e+00
2.017704810990528230e+00 3.533219376759484476e+01 -2.733355201768788323e+00 1.000000000000000000e+00
2.032014774189042416e+00 3.552126294094511394e+01 -2.739336926139210870e+00 1.000000000000000000e+00
2.046324737387557047e+00 3.570909108983418889e+01 -2.745222944899771811e+00 1.000000000000000000e+00
2.060634700586071233e+00 3.589567165201431465e+01 -2.751013052407634163e+00 1.000000000000000000e+00
2.074944663784585863e+00 3.608099810882534086e+01 -2.756707046370863168e+00 1.000000000000000000e+00
2.089254626983100049e+00 3.626506398542242238e+01 -2.762304727855489528e+00 1.000000000000000000e+00
2.103564590181614236e+00 3.644786285100224177e+01 -2.767805901292463844e+00 1.000000000000000000e+00
2.117874553380128866e+00 3.662938831902771142e+01 -2.773210374484487151e+00 1.000000000000000000e+00
2.132184516578643052e+00 3.680963404745104839e+01 -2.778517958612725547e+00 1.000000000000000000e+00
2.146494479777157682e+00 3.698859373893542823e+01 -2.783728468243408027e+00 1.000000000000000000e+00
2.160804442975671869e+00 3.716626114107491219e+01 -2.788841721334305301e+00 1.000000000000000000e+00
2.175114406174186499e+00 3.734263004661296748e+01 -2.793857539241089150e+00 1.000000000000000000e+00
2.189424369372700685e+00 3.751769429365926101e+01 -2.798775746723573210e+00 1.000000000000000000e+00
2.203734332571215315e+00 3.769144776590502488e+01 -2.803596171951836968e+00 1.000000000000000000e+00
2.218044295769729501e+00 3.786388439283664553e+01 -2.808318646512228955e+00 1.000000000000000000e+00
2.232354258968243688e+00 3.803499814994785311e+01 -2.812943005413248709e+00 1.000000000000000000e+00
2.246664222166758318e+00 3.820478305895014159e+01 -2.817469087091313273e+00 1.000000000000000000e+00
2.260974185365272504e+00 3.837323318798161154e+01 -2.821896733416401126e+00 1.000000000000000000e+00
2.275284148563787134e+00 3.854034265181430641e+01 -2.826225789697577095e+00 1.000000000000000000e+00
2.289594111762301321e+00 3.870610561205972999e+01 -2.830456104688395591e+00 1.000000000000000000e+00
2.303904074960815951e+00 3.887051627737290005e+01 -2.834587530592187044e+00 1.000000000000000000e+00
2.318214038159330137e+00 3.903356890365463272e+01 -2.838619923067219997e+00 1.000000000000000000e+00
2.332524001357844767e+00 3.919525779425224243e+01 -2.842553141231743297e+00 1.000000000000000000e+00
2.346833964556358954e+00 3.935557730015857203e+01 -2.846387047668910153e+00 1.000000000000000000e+00
2.361143927754873140e+00 3.951452182020938864e+01 -2.850121508431577855e+00 1.000000000000000000e+00
2.375453890953387770e+00 3.967208580127898898e+01 -2.853756393046988915e+00 1.000000000000000000e+00
2.389763854151901956e+00 3.982826373847429124e+01 -2.857291574521326982e+00 1.000000000000000000e+00
2.404073817350416586e+00 3.998305017532715055e+01 -2.860726929344155511e+00 1.000000000000000000e+00
2.418383780548930773e+00 4.013643970398494787e+01 -2.864062337492733867e+00 1.000000000000000000e+00
2.432693743747445403e+00 4.028842696539957302e+01 -2.867297682436206419e+00 1.000000000000000000e+00
2.447003706945959589e+00 4.043900664951461721e+01 -2.870432851139679720e+00 1.000000000000000000e+00
2.461313670144474219e+00 4.058817349545097386e+01 -2.873467734068166912e+00 1.000000000000000000e+00
2.475623633342988406e+00 4.073592229169052104e+01 -2.876402225190417550e+00 1.000000000000000000e+00
2.489933596541502592e+00 4.088224787625828327e+01 -2.879236221982619970e+00 1.000000000000000000e+00
2.504243559740017222e+00 4.102714513690278864e+01 -2.881969625431983761e+00 1.000000000000000000e+00
2.518553522938531408e+00 4.117060901127458550e+01 -2.884602340040199664e+00 1.000000000000000000e+00
2.532863486137046038e+00 4.131263448710322450e+01 -2.887134273826777786e+00 1.000000000000000000e+00
2.547173449335560225e+00 4.145321660237228656e+01 -2.889565338332256150e+00 1.000000000000000000e+00
2.561483412534074855e+00 4.159235044549278371e+01 -2.891895448621295106e+00 1.000000000000000000e+00
2.575793375732589041e+00 4.173003115547474806e+01 -2.894124523285645179e+00 1.000000000000000000e+00
2.590103338931103671e+00 4.186625392209708707e+01 -2.896252484446989683e+00 1.000000000000000000e+00
2.604413302129617858e+00 4.200101398607557002e+01 -2.898279257759663885e+00 1.000000000000000000e+00
2.618723265328132044e+00 4.213430663922919450e+01 -2.900204772413256471e+00 1.000000000000000000e+00
2.633033228526646674e+00 4.226612722464464156e+01 -2.902028961135080909e+00 1.000000000000000000e+00
2.647343191725160860e+00 4.239647113683893309e+01 -2.903751760192526898e+00 1.000000000000000000e+00
2.661653154923675491e+00 4.252533382192041955e+01 -2.905373109395286146e+00 1.000000000000000000e+00
2.675963118122189677e+00 4.265271077774779229e+01 -2.906892952097454241e+00 1.000000000000000000e+00
2.690273081320704307e+00 4.277859755408747588e+01 -2.908311235199513511e+00 1.000000000000000000e+00
2.704583044519218493e+00 4.290298975276900251e+01 -2.909627909150184433e+00 1.000000000000000000e+00
2.718893007717733123e+00 4.302588302783878049e+01 -2.910842927948157577e+00 1.000000000000000000e+00
2.733202970916247310e+00 4.314727308571179520e+01 -2.911956249143702991e+00 1.000000000000000000e+00
2.747512934114761940e+00 4.326715568532180356e+01 -2.912967833840150789e+00 1.000000000000000000e+00
2.761822897313276126e+00 4.338552663826931166e+01 -2.913877646695250512e+00 1.000000000000000000e+00
2.776132860511790312e+00 4.350238180896803186e+01 -2.914685655922407470e+00 1.000000000000000000e+00
2.790442823710304943e+00 4.361771711478933611e+01 -2.915391833291791635e+00 1.000000000000000000e+00
2.804752786908819129e+00 4.373152852620486897e+01 -2.915996154131323514e+00 1.000000000000000000e+00
2.819062750107333759e+00 4.384381206692738431e+01 -2.916498597327539244e+00 1.000000000000000000e+00
2.833372713305847945e+00 4.395456381404959245e+01 -2.916899145326323772e+00 1.000000000000000000e+00
2.847682676504362576e+00 4.406377989818128071e+01 -2.917197784133529037e+00 1.000000000000000000e+00
2.861992639702876762e+00 4.417145650358448705e+01 -2.917394503315457133e+00 1.000000000000000000e+00
2.876302602901391392e+00 4.427758986830676236e+01 -2.917489295999231569e+00 1.000000000000000000e+00
2.890612566099905578e+00 4.438217628431269191e+01 -2.917482158873030862e+00 1.000000000000000000e+00
2.904922529298419764e+00 4.448521209761337047e+01 -2.917373092186207995e+00 1.000000000000000000e+00
2.919232492496934395e+00 4.458669370839408685e+01 -2.917162099749282866e+00 1.000000000000000000e+00
2.933542455695448581e+00 4.468661757114009703e+01 -2.916849188933804626e+00 1.000000000000000000e+00
2.947852418893963211e+00 4.478498019476050018e+01 -2.916434370672098542e+00 1.000000000000000000e+00
2.962162382092477397e+00 4.488177814271021049e+01 -2.915917659456880973e+00 1.000000000000000000e+00
2.976472345290992028e+00 4.497700803310998907e+01 -2.915299073340754887e+00 1.000000000000000000e+00
2.990782308489506214e+00 4.507066653886464280e+01 -2.914578633935579255e+00 1.000000000000000000e+00
3.005092271688020844e+00 4.516275038777924067e+01 -2.913756366411712317e+00 1.000000000000000000e+00
3.019402234886535030e+00 4.525325636267342588e+01 -2.912832299497133182e+00 1.000000000000000000e+00
3.033712198085049216e+00 4.534218130149385217e+01 -2.911806465476438621e+00 1.000000000000000000e+00
3.048022161283563847e+00 4.542952209742461633e+01 -2.910678900189714646e+00 1.000000000000000000e+00
3.062332124482078033e+00 4.551527569899585046e+01 -2.909449643031284172e+00 1.000000000000000000e+00
3.076642087680592663e+00 4.559943911019026075e+01 -2.908118736948330785e+00 1.000000000000000000e+00
3.090952050879106849e+00 4.568200939054788989e+01 -2.906686228439398167e+00 1.000000000000000000e+00
3.105262014077621480e+00 4.576298365526876211e+01 -2.905152167552766063e+00 1.000000000000000000e+00
3.119571977276135666e+00 4.584235907531375886e+01 -2.903516607884701450e+00 1.000000000000000000e+00
3.133881940474650296e+00 4.592013287750337724e+01 -2.901779606577585824e+00 1.000000000000000000e+00
3.148191903673164482e+00 4.599630234461465506e+01 -2.899941224317918120e+00 1.000000000000000000e+00
3.162501866871678669e+00 4.607086481547612777e+01 -2.898001525334196860e+00 1.000000000000000000e+00
3.176811830070193299e+00 4.614381768506076043e+01 -2.895960577394673052e+00 1.000000000000000000e+00
3.191121793268707485e+00 4.621515840457696811e+01 -2.893818451804985425e+00 1.000000000000000000e+00
3.205431756467222115e+00 4.628488448155771096e+01 -2.891575223405666417e+00 1.000000000000000000e+00
3.219741719665736301e+00 4.635299347994747876e+01 -2.889230970569530044e+00 1.000000000000000000e+00
3.234051682864250932e+00 4.641948302018751349e+01 -2.886785775198931869e+00 1.000000000000000000e+00
3.248361646062765118e+00 4.648435077929885040e+01 -2.884239722722907739e+00 1.000000000000000000e+00
3.262671609261279748e+00 4.654759449096359702e+01 -2.881592902094190833e+00 1.000000000000000000e+00
3.276981572459793934e+00 4.660921194560390290e+01 -2.878845405786102152e+00 1.000000000000000000e+00
3.291291535658308121e+00 4.666920099045939452e+01 -2.875997329789319767e+00 1.000000000000000000e+00
3.305601498856822751e+00 4.672755952966227255e+01 -2.873048773608525508e+00 1.000000000000000000e+00
3.319911462055336937e+00 4.678428552431047649e+01 -2.869999840258929513e+00 1.000000000000000000e+00
3.334221425253851567e+00 4.683937699253905862e+01 -2.866850636262669560e+00 1.000000000000000000e+00
3.348531388452365753e+00 4.689283200958931985e+01 -2.863601271645090041e+00 1.000000000000000000e+00
3.362841351650880384e+00 4.694464870787607680e+01 -2.860251859930897922e+00 1.000000000000000000e+00
3.377151314849394570e+00 4.699482527705295354e+01 -2.856802518140196590e+00 1.000000000000000000e+00
3.391461278047909200e+00 4.704335996407560572e+01 -2.853253366784398448e+00 1.000000000000000000e+00
3.405771241246423386e+00 4.709025107326291248e+01 -2.849604529862012292e+00 1.000000000000000000e+00
3.420081204444937573e+00 4.713549696635631392e+01 -2.845856134854312103e+00 1.000000000000000000e+00
3.434391167643452203e+00 4.717909606257700261e+01 -2.842008312720885055e+00 1.000000000000000000e+00
3.448701130841966389e+00 4.722104683868112573e+01 -2.838061197895052956e+00 1.000000000000000000e+00
3.463011094040481019e+00 4.726134782901306153e+01 -2.834014928279177337e+00 1.000000000000000000e+00
3.477321057238995206e+00 4.729999762555655707e+01 -2.829869645239841525e+00 1.000000000000000000e+00
3.491631020437509836e+00 4.733699487798398309e+01 -2.825625493602911043e+00 1.000000000000000000e+00
3.505940983636024022e+00 4.737233829370349980e+01 -2.821282621648474098e+00 1.000000000000000000e+00
3.520250946834538652e+00 4.740602663790416216e+01 -2.816841181105660397e+00 1.000000000000000000e+00
3.534560910033052838e+00 4.743805873359913505e+01 -2.812301327147341379e+00 1.000000000000000000e+00
3.548870873231567025e+00 4.746843346166677691e+01 -2.807663218384708781e+00 1.000000000000000000e+00
3.563180836430081655e+00 4.749714976088973373e+01 -2.802927016861729292e+00 1.000000000000000000e+00
3.577490799628595841e+00 4.752420662799202233e+01 -2.798092888049490856e+00 1.000000000000000000e+00
3.591800762827110471e+00 4.754960311767408854e+01 -2.793161000840413077e+00 1.000000000000000000e+00
3.606110726025624658e+00 4.757333834264585448e+01 -2.788131527542353272e+00 1.000000000000000000e+00
3.620420689224139288e+00 4.759541147365764857e+01 -2.783004643872581507e+00 1.000000000000000000e+00
3.634730652422653474e+00 4.761582173952925956e+01 -2.777780528951645511e+00 1.000000000000000000e+00
3.649040615621168104e+00 4.763456842717681639e+01 -2.772459365297109901e+00 1.000000000000000000e+00
3.663350578819682291e+00 4.765165088163776375e+01 -2.767041338817179952e+00 1.000000000000000000e+00
3.677660542018196477e+00 4.766706850609366342e+01 -2.761526638804207234e+00 1.000000000000000000e+00
3.691970505216711107e+00 4.768082076189114105e+01 -2.755915457928076240e+00 1.000000000000000000e+00
3.706280468415225293e+00 4.769290716856060186e+01 -2.750207992229471543e+00 1.000000000000000000e+00
3.720590431613739923e+00 4.770332730383310604e+01 -2.744404441113030391e+00 1.000000000000000000e+00
3.734900394812254110e+00 4.771208080365509119e+01 -2.738505007340375386e+00 1.000000000000000000e+00
3.749210358010768740e+00 4.771916736220105548e+01 -2.732509897023029488e+00 1.000000000000000000e+00
3.763520321209282926e+00 4.772458673188430822e+01 -2.726419319615216441e+00 1.000000000000000000e+00
3.777830284407797556e+00 4.772833872336556738e+01 -2.720233487906542180e+00 1.000000000000000000e+00
3.792140247606311743e+00 4.773042320555957474e+01 -2.713952618014561224e+00 1.000000000000000000e+00
3.806450210804825929e+00 4.773084010563975710e+01 -2.707576929377224495e+00 1.000000000000000000e+00
3.820760174003340559e+00 4.772958940904062075e+01 -2.701106644745214780e+00 1.000000000000000000e+00
3.835070137201854745e+00 4.772667115945840521e+01 -2.694541990174162294e+00 1.000000000000000000e+00
3.849380100400369376e+00 4.772208545884949160e+01 -2.687883195016748328e+00 1.000000000000000000e+00
3.863690063598883562e+00 4.771583246742682149e+01 -2.681130491914692549e+00 1.000000000000000000e+00
3.878000026797398192e+00 4.770791240365436181e+01 -2.674284116790623056e+00 1.000000000000000000e+00
3.892309989995912378e+00 4.769832554423940962e+01 -2.667344308839836753e+00 1.000000000000000000e+00
3.906619953194427008e+00 4.768707222412293589e+01 -2.660311310521938477e+00 1.000000000000000000e+00
3.920929916392941195e+00 4.767415283646794677e+01 -2.653185367552374441e+00 1.000000000000000000e+00
3.935239879591455381e+00 4.765956783264565644e+01 -2.645966728893845321e+00 1.000000000000000000e+00
3.949549842789970011e+00 4.764331772221976991e+01 -2.638655646747606554e+00 1.000000000000000000e+00
3.963859805988484197e+00 4.762540307292869812e+01 -2.631252376544660709e+00 1.000000000000000000e+00
3.978169769186998828e+00 4.760582451066565568e+01 -2.623757176936830859e+00 1.000000000000000000e+00
3.992479732385513014e+00 4.758458271945684004e+01 -2.616170309787724246e+00 1.000000000000000000e+00
4.006789695584027200e+00 4.756167844143753598e+01 -2.608492040163584047e+00 1.000000000000000000e+00
4.021099658782541830e+00 4.753711247682618790e+01 -2.600722636324027892e+00 1.000000000000000000e+00
4.035409621981056461e+00 4.751088568389640443e+01 -2.592862369712676252e+00 1.000000000000000000e+00
4.049719585179571091e+00 4.748299897894700905e+01 -2.584911514947668909e+00 1.000000000000000000e+00
4.064029548378084833e+00 4.745345333627003725e+01 -2.576870349812069971e+00 1.000000000000000000e+00
4.078339511576599463e+00 4.742224978811664471e+01 -2.568739155244160965e+00 1.000000000000000000e+00
4.092649474775114093e+00 4.738938942466111115e+01 -2.560518215327630909e+00 1.000000000000000000e+00
4.106959437973627836e+00 4.735487339396267714e+01 -2.552207817281646030e+00 1.000000000000000000e+00
4.121269401172142466e+00 4.731870290192549078e+01 -2.543808251450816016e+00 1.000000000000000000e+00
4.135579364370657096e+00 4.728087921225647250e+01 -2.535319811295052794e+00 1.000000000000000000e+00
4.149889327569171726e+00 4.724140364642113354e+01 -2.526742793379313845e+00 1.000000000000000000e+00
4.164199290767685468e+00 4.720027758359745462e+01 -2.518077497363245598e+00 1.000000000000000000e+00
4.178509253966200099e+00 4.715750246062759743e+01 -2.509324225990709145e+00 1.000000000000000000e+00
4.192819217164714729e+00 4.711307977196786823e+01 -2.500483285079205142e+00 1.000000000000000000e+00
4.207129180363228471e+00 4.706701106963634373e+01 -2.491554983509191690e+00 1.000000000000000000e+00
4.221439143561743101e+00 4.701929796315877752e+01 -2.482539633213289854e+00 1.000000000000000000e+00
4.235749106760257732e+00 4.696994211951226816e+01 -2.473437549165385274e+00 1.000000000000000000e+00
4.250059069958772362e+00 4.691894526306706581e+01 -2.464249049369626299e+00 1.000000000000000000e+00
4.264369033157286104e+00 4.686630917552632525e+01 -2.454974454849311982e+00 1.000000000000000000e+00
4.278678996355800734e+00 4.681203569586386948e+01 -2.445614089635676169e+00 1.000000000000000000e+00
4.292988959554315365e+00 4.675612672025989980e+01 -2.436168280756567217e+00 1.000000000000000000e+00
4.307298922752829995e+00 4.669858420203478033e+01 -2.426637358225022023e+00 1.000000000000000000e+00
4.321608885951343737e+00 4.663941015158078329e+01 -2.417021655027738802e+00 1.000000000000000000e+00
4.335918849149858367e+00 4.657860663629186604e+01 -2.407321507113437509e+00 1.000000000000000000e+00
4.350228812348372998e+00 4.651617578049142310e+01 -2.397537253381128330e+00 1.000000000000000000e+00
4.364538775546886740e+00 4.645211976535806997e+01 -2.387669235668270051e+00 1.000000000000000000e+00
4.378848738745401370e+00 4.638644082884944453e+01 -2.377717798738823607e+00 1.000000000000000000e+00
4.393158701943916000e+00 4.631914126562401179e+01 -2.367683290271211938e+00 1.000000000000000000e+00
4.407468665142430631e+00 4.625022342696089339e+01 -2.357566060846170153e+00 1.000000000000000000e+00
4.421778628340944373e+00 4.617968972067775013e+01 -2.347366463934497105e+00 1.000000000000000000e+00
4.436088591539459003e+00 4.610754261104658980e+01 -2.337084855884706602e+00 1.000000000000000000e+00
4.450398554737973633e+00 4.603378461870777016e+01 -2.326721595910576923e+00 1.000000000000000000e+00
4.464708517936487375e+00 4.595841832058183485e+01 -2.316277046078603519e+00 1.000000000000000000e+00
4.479018481135002006e+00 4.588144634977952308e+01 -2.305751571295343361e+00 1.000000000000000000e+00
4.493328444333516636e+00 4.580287139550981124e+01 -2.295145539294673132e+00 1.000000000000000000e+00
4.507638407532031266e+00 4.572269620298593651e+01 -2.284459320624935064e+00 1.000000000000000000e+00
4.521948370730545008e+00 4.564092357332938832e+01 -2.273693288635996623e+00 1.000000000000000000e+00
4.536258333929059638e+00 4.555755636347224424e+01 -2.262847819466202282e+00 1.000000000000000000e+00
4.550568297127574269e+00 4.547259748605715401e+01 -2.251923292029233803e+00 1.000000000000000000e+00
4.564878260326088899e+00 4.538604990933573902e+01 -2.240920088000872390e+00 1.000000000000000000e+00
4.579188223524602641e+00 4.529791665706476778e+01 -2.229838591805663572e+00 1.000000000000000000e+00
4.593498186723117271e+00 4.520820080840056221e+01 -2.218679190603485285e+00 1.000000000000000000e+00
4.607808149921631902e+00 4.511690549779144987e+01 -2.207442274276023131e+00 1.000000000000000000e+00
4.622118113120145644e+00 4.502403391486821249e+01 -2.196128235413148833e+00 1.000000000000000000e+00
4.636428076318660274e+00 4.492958930433265152e+01 -2.184737469299200985e+00 1.000000000000000000e+00
4.650738039517174904e+00 4.483357496584426372e+01 -2.173270373899179653e+00 1.000000000000000000e+00
4.665048002715689535e+00 4.473599425390489870e+01 -2.161727349844839274e+00 1.000000000000000000e+00
4.679357965914203277e+00 4.463685057774161180e+01 -2.150108800420693189e+00 1.000000000000000000e+00
4.693667929112717907e+00 4.453614740118751314e+01 -2.138415131549920467e+00 1.000000000000000000e+00
4.707977892311232537e+00 4.443388824256080483e+01 -2.126646751780188804e+00 1.000000000000000000e+00
4.722287855509746279e+00 4.433007667454180734e+01 -2.114804072269380164e+00 1.000000000000000000e+00
4.736597818708260910e+00 4.422471632404817399e+01 -2.102887506771219162e+00 1.000000000000000000e+00
4.750907781906775540e+00 4.411781087210812302e+01 -2.090897471620827730e+00 1.000000000000000000e+00
4.765217745105290170e+00 4.400936405373192173e+01 -2.078834385720171873e+00 1.000000000000000000e+00
4.779527708303803912e+00 4.389937965778131712e+01 -2.066698670523432035e+00 1.000000000000000000e+00
4.793837671502318543e+00 4.378786152683718313e+01 -2.054490750022270440e+00 1.000000000000000000e+00
4.808147634700833173e+00 4.367481355706526358e+01 -2.042211050731026489e+00 1.000000000000000000e+00
4.822457597899347803e+00 4.356023969808007479e+01 -2.029860001671810465e+00 1.000000000000000000e+00
4.836767561097861545e+00 4.344414395280694663e+01 -2.017438034359518184e+00 1.000000000000000000e+00
4.851077524296376176e+00 4.332653037734203139e+01 -2.004945582786746616e+00 1.000000000000000000e+00
4.865387487494890806e+00 4.320740308081075653e+01 -1.992383083408644451e+00 1.000000000000000000e+00
4.879697450693404548e+00 4.308676622522418143e+01 -1.979750975127652746e+00 1.000000000000000000e+00
4.894007413891919178e+00 4.296462402533358471e+01 -1.967049699278172525e+00 1.000000000000000000e+00
4.908317377090433808e+00 4.284098074848322568e+01 -1.954279699611150445e+00 1.000000000000000000e+00
4.922627340288948439e+00 4.271584071446129371e+01 -1.941441422278571416e+00 1.000000000000000000e+00
4.936937303487462181e+00 4.258920829534888952e+01 -1.928535315817872409e+00 1.000000000000000000e+00
4.951247266685976811e+00 4.246108791536735083e+01 -1.915561831136266990e+00 1.000000000000000000e+00
4.965557229884491441e+00 4.233148405072370934e+01 -1.902521421495002807e+00 1.000000000000000000e+00
4.979867193083005183e+00 4.220040122945417949e+01 -1.889414542493515148e+00 1.000000000000000000e+00
4.994177156281519814e+00 4.206784403126608396e+01 -1.876241652053512121e+00 1.000000000000000000e+00
5.008487119480034444e+00 4.193381708737778979e+01 -1.863003210402979226e+00 1.000000000000000000e+00
5.022797082678549074e+00 4.179832508035692484e+01 -1.849699680060097107e+00 1.000000000000000000e+00
5.037107045877062816e+00 4.166137274395678958e+01 -1.836331525817084698e+00 1.000000000000000000e+00
5.051417009075577447e+00 4.152296486295089295e+01 -1.822899214723955552e+00 1.000000000000000000e+00
5.065726972274092077e+00 4.138310627296592514e+01 -1.809403216072206222e+00 1.000000000000000000e+00
5.080036935472606707e+00 4.124180186031269102e+01 -1.795844001378419597e+00 1.000000000000000000e+00
5.094346898671120449e+00 4.109905656181546618e+01 -1.782222044367787861e+00 1.000000000000000000e+00
5.108656861869635080e+00 4.095487536463944878e+01 -1.768537820957561069e+00 1.000000000000000000e+00
5.122966825068149710e+00 4.080926330611658415e+01 -1.754791809240425771e+00 1.000000000000000000e+00
5.137276788266663452e+00 4.066222547356957762e+01 -1.740984489467797935e+00 1.000000000000000000e+00
5.151586751465178082e+00 4.051376700413406695e+01 -1.727116344033041040e+00 1.000000000000000000e+00
5.165896714663692713e+00 4.036389308457924585e+01 -1.713187857454618879e+00 1.000000000000000000e+00
5.180206677862207343e+00 4.021260895112660450e+01 -1.699199516359162443e+00 1.000000000000000000e+00
5.194516641060721085e+00 4.005991988926700742e+01 -1.685151809464474626e+00 1.000000000000000000e+00
5.208826604259235715e+00 3.990583123357597373e+01 -1.671045227562445223e+00 1.000000000000000000e+00
5.223136567457750346e+00 3.975034836752739409e+01 -1.656880263501914863e+00 1.000000000000000000e+00
5.237446530656264088e+00 3.959347672330537193e+01 -1.642657412171450337e+00 1.000000000000000000e+00
5.251756493854778718e+00 3.943522178161447300e+01 -1.628377170482053549e+00 1.000000000000000000e+00
5.266066457053293348e+00 3.927558907148820566e+01 -1.614040037349804502e+00 1.000000000000000000e+00
5.280376420251807978e+00 3.911458417009590960e+01 -1.599646513678428583e+00 1.000000000000000000e+00
5.294686383450321721e+00 3.895221270254785395e+01 -1.585197102341795228e+00 1.000000000000000000e+00
5.308996346648836351e+00 3.878848034169872960e+01 -1.570692308166350415e+00 1.000000000000000000e+00
5.323306309847350981e+00 3.862339280794945040e+01 -1.556132637913478334e+00 1.000000000000000000e+00
5.337616273045865611e+00 3.845695586904729169e+01 -1.541518600261797101e+00 1.000000000000000000e+00
5.351926236244379353e+00 3.828917533988437327e+01 -1.526850705789386531e+00 1.000000000000000000e+00
5.366236199442893984e+00 3.812005708229455081e+01 -1.512129466955946411e+00 1.000000000000000000e+00
5.380546162641408614e+00 3.794960700484853078e+01 -1.497355398084899925e+00 1.000000000000000000e+00
5.394856125839922356e+00 3.777783106264751467e+01 -1.482529015345418699e+00 1.000000000000000000e+00
5.409166089038436986e+00 3.760473525711513076e+01 -1.467650836734389674e+00 1.000000000000000000e+00
5.423476052236951617e+00 3.743032563578771033e+01 -1.452721382058320243e+00 1.000000000000000000e+00
5.437786015435466247e+00 3.725460829210305747e+01 -1.437741172915174115e+00 1.000000000000000000e+00
5.452095978633979989e+00 3.707758936518756343e+01 -1.422710732676151890e+00 1.000000000000000000e+00
5.466405941832494619e+00 3.689927503964162270e+01 -1.407630586467399691e+00 1.000000000000000000e+00
5.480715905031009250e+00 3.671967154532369904e+01 -1.392501261151670278e+00 1.000000000000000000e+00
5.495025868229523880e+00 3.653878515713257968e+01 -1.377323285309909995e+00 1.000000000000000000e+00
5.509335831428037622e+00 3.635662219478817292e+01 -1.362097189222794436e+00 1.000000000000000000e+00
5.523645794626552252e+00 3.617318902261069269e+01 -1.346823504852199926e+00 1.000000000000000000e+00
5.537955757825066883e+00 3.598849204929834400e+01 -1.331502765822619061e+00 1.000000000000000000e+00
5.552265721023580625e+00 3.580253772770339538e+01 -1.316135507402518501e+00 1.000000000000000000e+00
5.566575684222095255e+00 3.561533255460669523e+01 -1.300722266485632606e+00 1.000000000000000000e+00
5.580885647420609885e+00 3.542688307049077423e+01 -1.285263581572213543e+00 1.000000000000000000e+00
5.595195610619124515e+00 3.523719585931126375e+01 -1.269759992750212341e+00 1.000000000000000000e+00
5.609505573817638258e+00 3.504627754826691444e+01 -1.254212041676410649e+00 1.000000000000000000e+00
5.623815537016152888e+00 3.485413480756802329e+01 -1.238620271557496322e+00 1.000000000000000000e+00
5.638125500214667518e+00 3.466077435020341824e+01 -1.222985227131086372e+00 1.000000000000000000e+00
5.652435463413181260e+00 3.446620293170592930e+01 -1.207307454646694644e+00 1.000000000000000000e+00
5.666745426611695891e+00 3.427042734991632500e+01 -1.191587501846644193e+00 1.000000000000000000e+00
5.681055389810210521e+00 3.407345444474583473e+01 -1.175825917946935917e+00 1.000000000000000000e+00
5.695365353008725151e+00 3.387529109793722881e+01 -1.160023253618057471e+00 1.000000000000000000e+00
5.709675316207238893e+00 3.367594423282432103e+01 -1.144180060965744650e+00 1.000000000000000000e+00
5.723985279405753523e+00 3.347542081409006443e+01 -1.128296893511687715e+00 1.000000000000000000e+00
5.738295242604268154e+00 3.327372784752333956e+01 -1.112374306174203742e+00 1.000000000000000000e+00
5.752605205802782784e+00 3.307087237977407312e+01 -1.096412855248838136e+00 1.000000000000000000e+00
5.766915169001296526e+00 3.286686149810711299e+01 -1.080413098388935289e+00 1.000000000000000000e+00
5.781225132199811156e+00 3.266170233015454016e+01 -1.064375594586149498e+00 1.000000000000000000e+00
5.795535095398325787e+00 3.245540204366675852e+01 -1.048300904150924140e+00 1.000000000000000000e+00
5.809845058596839529e+00 3.224796784626197876e+01 -1.032189588692909332e+00 1.000000000000000000e+00
5.824155021795354159e+00 3.203940698517442343e+01 -1.016042211101339632e+00 1.000000000000000000e+00
5.838464984993868789e+00 3.182972674700115334e+01 -9.998593355253733161e-01 1.000000000000000000e+00
5.852774948192383420e+00 3.161893445744751929e+01 -9.836415273543814841e-01 1.000000000000000000e+00
5.867084911390897162e+00 3.140703748107113924e+01 -9.673893531981910821e-01 1.000000000000000000e+00
5.881394874589411792e+00 3.119404322102459659e+01 -9.511033808672885170e-01 1.000000000000000000e+00
5.895704837787926422e+00 3.097995911879689146e+01 -9.347841793529881871e-01 1.000000000000000000e+00
5.910014800986440164e+00 3.076479265395338913e+01 -9.184323188075490529e-01 1.000000000000000000e+00
5.924324764184954795e+00 3.054855134387447890e+01 -9.020483705242514638e-01 1.000000000000000000e+00
5.938634727383469425e+00 3.033124274349298233e+01 -8.856329069174456725e-01 1.000000000000000000e+00
5.952944690581984055e+00 3.011287444503019373e+01 -8.691865015025457275e-01 1.000000000000000000e+00
5.967254653780497797e+00 2.989345407773064878e+01 -8.527097288760007165e-01 1.000000000000000000e+00
5.981564616979012428e+00 2.967298930759546849e+01 -8.362031646952071684e-01 1.000000000000000000e+00
5.995874580177527058e+00 2.945148783711466578e+01 -8.196673856584087980e-01 1.000000000000000000e+00
6.010184543376041688e+00 2.922895740499796702e+01 -8.031029694845430722e-01 1.000000000000000000e+00
6.024494506574555430e+00 2.900540578590447183e+01 -7.865104948930580209e-01 1.000000000000000000e+00
6.038804469773070061e+00 2.878084079017096641e+01 -7.698905415836903021e-01 1.000000000000000000e+00
6.053114432971584691e+00 2.855527026353914266e+01 -7.532436902162172876e-01 1.000000000000000000e+00
6.067424396170098433e+00 2.832870208688140323e+01 -7.365705223901666265e-01 1.000000000000000000e+00
6.081734359368613063e+00 2.810114417592558311e+01 -7.198716206244978322e-01 1.000000000000000000e+00
6.096044322567127693e+00 2.787260448097834953e+01 -7.031475683372495622e-01 1.000000000000000000e+00
6.110354285765642324e+00 2.764309098664746500e+01 -6.863989498251577004e-01 1.000000000000000000e+00
6.124664248964156066e+00 2.741261171156283538e+01 -6.696263502432413528e-01 1.000000000000000000e+00
6.138974212162670696e+00 2.718117470809627534e+01 -6.528303555843554262e-01 1.000000000000000000e+00
6.153284175361185326e+00 2.694878806208033595e+01 -6.360115526587238888e-01 1.000000000000000000e+00
6.167594138559699068e+00 2.671545989252564013e+01 -6.191705290734335065e-01 1.000000000000000000e+00
6.181904101758213699e+00 2.648119835133733702e+01 -6.023078732119059309e-01 1.000000000000000000e+00
6.196214064956728329e+00 2.624601162303024893e+01 -5.854241742133402537e-01 1.000000000000000000e+00
6.210524028155242959e+00 2.600990792444292765e+01 -5.685200219521305831e-01 1.000000000000000000e+00
6.224833991353756701e+00 2.577289550445060584e+01 -5.515960070172581942e-01 1.000000000000000000e+00
6.239143954552271332e+00 2.553498264367690851e+01 -5.346527206916530384e-01 1.000000000000000000e+00
6.253453917750785962e+00 2.529617765420470121e+01 -5.176907549315432622e-01 1.000000000000000000e+00
6.267763880949300592e+00 2.505648887928555268e+01 -5.007107023457686434e-01 1.000000000000000000e+00
6.282073844147814334e+00 2.481592469304832704e+01 -4.837131561750773745e-01 1.000000000000000000e+00
6.296383807346328965e+00 2.457449350020655388e+01 -4.666987102714004743e-01 1.000000000000000000e+00
6.310693770544843595e+00 2.433220373576483198e+01 -4.496679590771030521e-01 1.000000000000000000e+00
6.325003733743357337e+00 2.408906386472412819e+01 -4.326214976042178639e-01 1.000000000000000000e+00
6.339313696941871967e+00 2.384508238178595008e+01 -4.155599214136520003e-01 1.000000000000000000e+00
6.353623660140386598e+00 2.360026781105569782e+01 -3.984838265943868030e-01 1.000000000000000000e+00
6.367933623338901228e+00 2.335462870574475147e+01 -3.813938097426471385e-01 1.000000000000000000e+00
6.382243586537414970e+00 2.310817364787171257e+01 -3.642904679410602919e-01 1.000000000000000000e+00
6.396553549735929600e+00 2.286091124796245211e+01 -3.471743987377888807e-01 1.000000000000000000e+00
6.410863512934444230e+00 2.261285014474946209e+01 -3.300462001256671551e-01 1.000000000000000000e+00
6.425173476132957973e+00 2.236399900486989267e+01 -3.129064705212967201e-01 1.000000000000000000e+00
6.439483439331472603e+00 2.211436652256276858e+01 -2.957558087441407024e-01 1.000000000000000000e+00
6.453793402529987233e+00 2.186396141936532800e+01 -2.785948139956090364e-01 1.000000000000000000e+00
6.468103365728501863e+00 2.161279244380824593e+01 -2.614240858381187138e-01 1.000000000000000000e+00
6.482413328927015606e+00 2.136086837111000492e+01 -2.442442241741489550e-01 1.000000000000000000e+00
6.496723292125530236e+00 2.110819800287024961e+01 -2.270558292252772281e-01 1.000000000000000000e+00
6.511033255324044866e+00 2.085479016676236697e+01 -2.098595015112151851e-01 1.000000000000000000e+00
6.525343218522559496e+00 2.060065371622507513e+01 -1.926558418288282226e-01 1.000000000000000000e+00
6.539653181721073238e+00 2.034579753015303538e+01 -1.754454512311397207e-01 1.000000000000000000e+00
6.553963144919587869e+00 2.009023051258661496e+01 -1.582289310063320076e-01 1.000000000000000000e+00
6.568273108118102499e+00 1.983396159240095002e+01 -1.410068826567452138e-01 1.000000000000000000e+00
6.582583071316616241e+00 1.957699972299388236e+01 -1.237799078778583084e-01 1.000000000000000000e+00
6.596893034515130871e+00 1.931935388197312520e+01 -1.065486085372635838e-01 1.000000000000000000e+00
6.611202997713645502e+00 1.906103307084271847e+01 -8.931358665364660943e-02 1.000000000000000000e+00
6.625512960912160132e+00 1.880204631468843601e+01 -7.207544437574675555e-02 1.000000000000000000e+00
6.639822924110673874e+00 1.854240266186257813e+01 -5.483478396132741156e-02 1.000000000000000000e+00
6.654132887309188504e+00 1.828211118366768062e+01 -3.759220775612157062e-02 1.000000000000000000e+00
6.668442850507703135e+00 1.802118097403975128e+01 -2.034831817280038577e-02 1.000000000000000000e+00
6.682752813706216877e+00 1.775962114923048674e+01 -3.103717669921166045e-03 1.000000000000000000e+00
6.697062776904731507e+00 1.749744084748870421e+01 1.414099126912490498e-02 1.000000000000000000e+00
6.711372740103246137e+00 1.723464922874121186e+01 3.138520615715427453e-02 1.000000000000000000e+00
6.725682703301760768e+00 1.697125547427267733e+01 4.862832452424557805e-02 1.000000000000000000e+00
6.739992666500274510e+00 1.670726878640490298e+01 6.586974393878718137e-02 1.000000000000000000e+00
6.754302629698789140e+00 1.644269838817530527e+01 8.310886202852463267e-02 1.000000000000000000e+00
6.768612592897303770e+00 1.617755352301467298e+01 1.003450765016059981e-01 1.000000000000000000e+00
6.782922556095818400e+00 1.591184345442425929e+01 1.175777851676245156e-01 1.000000000000000000e+00
6.797232519294332143e+00 1.564557746565212426e+01 1.348063859586562663e-01 1.000000000000000000e+00
6.811542482492846773e+00 1.537876485936873650e+01 1.520302769503001361e-01 1.000000000000000000e+00
6.825852445691361403e+00 1.511141495734208107e+01 1.692488563826998471e-01 1.000000000000000000e+00
6.840162408889875145e+00 1.484353710011190586e+01 1.864615226815730109e-01 1.000000000000000000e+00
6.854472372088389776e+00 1.457514064666338172e+01 2.036676744792273730e-01 1.000000000000000000e+00
6.868782335286904406e+00 1.430623497410015332e+01 2.208667106355711729e-01 1.000000000000000000e+00
6.883092298485419036e+00 1.403682947731670794e+01 2.380580302591154829e-01 1.000000000000000000e+00
6.897402261683932778e+00 1.376693356867016504e+01 2.552410327279663882e-01 1.000000000000000000e+00
6.911712224882447408e+00 1.349655667765135725e+01 2.724151177108146693e-01 1.000000000000000000e+00
6.926022188080962039e+00 1.322570825055550081e+01 2.895796851879018363e-01 1.000000000000000000e+00
6.940332151279475781e+00 1.295439775015208816e+01 3.067341354719888002e-01 1.000000000000000000e+00
6.954642114477990411e+00 1.268263465535429901e+01 3.238778692293058370e-01 1.000000000000000000e+00
6.968952077676505041e+00 1.241042846088784302e+01 3.410102875004921152e-01 1.000000000000000000e+00
6.983262040875019672e+00 1.213778867695922514e+01 3.581307917215216241e-01 1.000000000000000000e+00
6.997572004073533414e+00 1.186472482892350122e+01 3.752387837446143348e-01 1.000000000000000000e+00
7.011881967272048044e+00 1.159124645695140998e+01 3.923336658591390358e-01 1.000000000000000000e+00
7.026191930470562674e+00 1.131736311569619602e+01 4.094148408124883010e-01 1.000000000000000000e+00
7.040501893669077305e+00 1.104308437395969200e+01 4.264817118309501276e-01 1.000000000000000000e+00
7.054811856867591047e+00 1.076841981435803852e+01 4.435336826405562594e-01 1.000000000000000000e+00
7.069121820066105677e+00 1.049337903298689412e+01 4.605701574879146332e-01 1.000000000000000000e+00
7.083431783264620307e+00 1.021797163908617456e+01 4.775905411610236184e-01 1.000000000000000000e+00
7.097741746463134049e+00 9.942207254704332087e+00 4.945942390100656061e-01 1.000000000000000000e+00
7.112051709661648680e+00 9.666095514362124774e+00 5.115806569681883298e-01 1.000000000000000000e+00
7.126361672860163310e+00 9.389646064716126617e+00 5.285492015722517145e-01 1.000000000000000000e+00
7.140671636058677940e+00 9.112868564221605183e+00 5.454992799835676198e-01 1.000000000000000000e+00
7.154981599257191682e+00 8.835772682795129285e+00 5.624303000086094961e-01 1.000000000000000000e+00
7.169291562455706313e+00 8.558368101476633072e+00 5.793416701197080521e-01 1.000000000000000000e+00
7.183601525654220943e+00 8.280664512091366447e+00 5.962327994757057326e-01 1.000000000000000000e+00
7.197911488852734685e+00 8.002671616911120722e+00 6.131030979426105310e-01 1.000000000000000000e+00
7.212221452051249315e+00 7.724399128315266871e+00 6.299519761142120533e-01 1.000000000000000000e+00
7.226531415249763945e+00 7.445856768451538876e+00 6.467788453326678288e-01 1.000000000000000000e+00
7.240841378448278576e+00 7.167054268896281499e+00 6.635831177090748545e-01 1.000000000000000000e+00
7.255151341646792318e+00 6.888001370314488447e+00 6.803642061440062783e-01 1.000000000000000000e+00
7.269461304845306948e+00 6.608707822119409769e+00 6.971215243480280987e-01 1.000000000000000000e+00
7.283771268043821578e+00 6.329183382132037572e+00 7.138544868621764516e-01 1.000000000000000000e+00
7.298081231242336209e+00 6.049437816240190280e+00 7.305625090784121367e-01 1.000000000000000000e+00
7.312391194440849951e+00 5.769480898057231855e+00 7.472450072600501647e-01 1.000000000000000000e+00
7.326701157639364581e+00 5.489322408580606272e+00 7.639013985621549985e-01 1.000000000000000000e+00
7.341011120837879211e+00 5.208972135850221008e+00 7.805311010518954928e-01 1.000000000000000000e+00
7.355321084036392953e+00 4.928439874606410420e+00 7.971335337288822931e-01 1.000000000000000000e+00
7.369631047234907584e+00 4.647735425947673527e+00 8.137081165454684850e-01 1.000000000000000000e+00
7.383941010433422214e+00 4.366868596988371820e+00 8.302542704270081675e-01 1.000000000000000000e+00
7.398250973631936844e+00 4.085849200515987434e+00 8.467714172920945970e-01 1.000000000000000000e+00
7.412560936830450586e+00 3.804687054648415501e+00 8.632589800727482610e-01 1.000000000000000000e+00
7.426870900028965217e+00 3.523391982490730712e+00 8.797163827345919618e-01 1.000000000000000000e+00
7.441180863227479847e+00 3.241973811792211002e+00 8.961430502969627288e-01 1.000000000000000000e+00
7.455490826425994477e+00 2.960442374602865634e+00 9.125384088530065219e-01 1.000000000000000000e+00
7.469800789624508219e+00 2.678807506929974380e+00 9.289018855897271942e-01 1.000000000000000000e+00
7.484110752823022850e+00 2.397079048394359369e+00 9.452329088080029251e-01 1.000000000000000000e+00
7.498420716021537480e+00 2.115266841886735527e+00 9.615309079425541361e-01 1.000000000000000000e+00
7.512730679220051222e+00 1.833380733223741954e+00 9.777953135818813202e-01 1.000000000000000000e+00
7.527040642418565852e+00 1.551430570803977504e+00 9.940255574881579070e-01 1.000000000000000000e+00
7.541350605617080483e+00 1.269426205263918028e+00 1.010221072617083271e+00 1.000000000000000000e+00
7.555660568815595113e+00 9.873774891337614434e-01 1.026381293137694328e+00 1.000000000000000000e+00
7.569970532014108855e+00 7.052942764932259578e-01 1.042505654452131392e+00 1.000000000000000000e+00
7.584280495212623485e+00 4.231864226271889740e-01 1.058593593215370943e+00 1.000000000000000000e+00
7.598590458411138115e+00 1.410637836814940260e-01 1.074644547354898005e+00 1.000000000000000000e+00
7.612900421609651858e+00 -1.410637836814823409e-01 1.090657956090350211e+00 1.000000000000000000e+00
7.627210384808166488e+00 -4.231864226271772056e-01 1.106633259953107906e+00 1.000000000000000000e+00
7.641520348006681118e+00 -7.052942764932143005e-01 1.122569900805840515e+00 1.000000000000000000e+00
7.655830311205195748e+00 -9.873774891337707693e-01 1.138467321862007164e+00 1.000000000000000000e+00
7.670140274403709491e+00 -1.269426205263906704e+00 1.154324967705307792e+00 1.000000000000000000e+00
7.684450237602224121e+00 -1.551430570803965958e+00 1.170142284309092062e+00 1.000000000000000000e+00
7.698760200800738751e+00 -1.833380733223730408e+00 1.185918719055710335e+00 1.000000000000000000e+00
7.713070163999253381e+00 -2.115266841886723537e+00 1.201653720755823329e+00 1.000000000000000000e+00
7.727380127197767123e+00 -2.397079048394347822e+00 1.217346739667660049e+00 1.000000000000000000e+00
7.741690090396281754e+00 -2.678807506929963278e+00 1.232997227516223537e+00 1.000000000000000000e+00
7.756000053594796384e+00 -2.960442374602874960e+00 1.248604637512445548e+00 1.000000000000000000e+00
7.770310016793310126e+00 -3.241973811792199012e+00 1.264168424372290378e+00 1.000000000000000000e+00
7.784619979991824756e+00 -3.523391982490719609e+00 1.279688044335808739e+00 1.000000000000000000e+00
7.798929943190339387e+00 -3.804687054648403510e+00 1.295162955186130116e+00 1.000000000000000000e+00
7.813239906388854017e+00 -4.085849200515997204e+00 1.310592616268409838e+00 1.000000000000000000e+00
7.827549869587367759e+00 -4.366868596988339846e+00 1.325976488508715967e+00 1.000000000000000000e+00
7.841859832785882389e+00 -4.647735425947662868e+00 1.341314034432869340e+00 1.000000000000000000e+00
7.856169795984397020e+00 -4.928439874606398874e+00 1.356604718185210556e+00 1.000000000000000000e+00
7.870479759182910762e+00 -5.208972135850208574e+00 1.371848005547330551e+00 1.000000000000000000e+00
7.884789722381425392e+00 -5.489322408580594725e+00 1.387043363956734998e+00 1.000000000000000000e+00
7.899099685579940022e+00 -5.769480898057219420e+00 1.402190262525444098e+00 1.000000000000000000e+00
7.913409648778454653e+00 -6.049437816240200938e+00 1.417288172058544848e+00 1.000000000000000000e+00
7.927719611976968395e+00 -6.329183382132026026e+00 1.432336565072678702e+00 1.000000000000000000e+00
7.942029575175483025e+00 -6.608707822119377795e+00 1.447334915814474599e+00 1.000000000000000000e+00
7.956339538373997655e+00 -6.888001370314476013e+00 1.462282700278910275e+00 1.000000000000000000e+00
7.970649501572512285e+00 -7.167054268896291269e+00 1.477179396227622732e+00 1.000000000000000000e+00
7.984959464771026028e+00 -7.445856768451529994e+00 1.492024483207154972e+00 1.000000000000000000e+00
7.999269427969540658e+00 -7.724399128315256213e+00 1.506817442567142784e+00 1.000000000000000000e+00
8.013579391168054400e+00 -8.002671616911088748e+00 1.521557757478425588e+00 1.000000000000000000e+00
8.027889354366569918e+00 -8.280664512091377105e+00 1.536244912951113983e+00 1.000000000000000000e+00
8.042199317565083660e+00 -8.558368101476624190e+00 1.550878395852570479e+00 1.000000000000000000e+00
8.056509280763597403e+00 -8.835772682795099087e+00 1.565457694925350474e+00 1.000000000000000000e+00
8.070819243962112921e+00 -9.112868564221614065e+00 1.579982300805054418e+00 1.000000000000000000e+00
8.085129207160626663e+00 -9.389646064716114182e+00 1.594451706038122474e+00 1.000000000000000000e+00
8.099439170359142182e+00 -9.666095514362135432e+00 1.608865405099577206e+00 1.000000000000000000e+00
8.113749133557655924e+00 -9.942207254704319652e+00 1.623222894410665473e+00 1.000000000000000000e+00
8.128059096756169666e+00 -1.021797163908616213e+01 1.637523672356471227e+00 1.000000000000000000e+00
8.142369059954685184e+00 -1.049337903298690300e+01 1.651767239303431278e+00 1.000000000000000000e+00
8.156679023153198926e+00 -1.076841981435802431e+01 1.665953097616785561e+00 1.000000000000000000e+00
8.170988986351712668e+00 -1.104308437395968134e+01 1.680080751677977879e+00 1.000000000000000000e+00
8.185298949550228187e+00 -1.131736311569620668e+01 1.694149707901960511e+00 1.000000000000000000e+00
8.199608912748741929e+00 -1.159124645695140110e+01 1.708159474754438412e+00 1.000000000000000000e+00
8.213918875947255671e+00 -1.186472482892346925e+01 1.722109562769051694e+00 1.000000000000000000e+00
8.228228839145771190e+00 -1.213778867695923580e+01 1.735999484564469730e+00 1.000000000000000000e+00
8.242538802344284932e+00 -1.241042846088783413e+01 1.749828754861413316e+00 1.000000000000000000e+00
8.256848765542798674e+00 -1.268263465535426704e+01 1.763596890499623093e+00 1.000000000000000000e+00
8.271158728741314192e+00 -1.295439775015207218e+01 1.777303410454731170e+00 1.000000000000000000e+00
8.285468691939827934e+00 -1.322570825055548660e+01 1.790947835855063230e+00 1.000000000000000000e+00
8.299778655138343453e+00 -1.349655667765136613e+01 1.804529689998379594e+00 1.000000000000000000e+00
8.314088618336857195e+00 -1.376693356867015439e+01 1.818048498368519450e+00 1.000000000000000000e+00
8.328398581535370937e+00 -1.403682947731669550e+01 1.831503788651988263e+00 1.000000000000000000e+00
8.342708544733886455e+00 -1.430623497410016398e+01 1.844895090754456790e+00 1.000000000000000000e+00
8.357018507932400198e+00 -1.457514064666337106e+01 1.858221936817176179e+00 1.000000000000000000e+00
8.371328471130913940e+00 -1.484353710011187388e+01 1.871483861233337986e+00 1.000000000000000000e+00
8.385638434329429458e+00 -1.511141495734207219e+01 1.884680400664333844e+00 1.000000000000000000e+00
8.399948397527943200e+00 -1.537876485936872406e+01 1.897811094055938730e+00 1.000000000000000000e+00
8.414258360726456942e+00 -1.564557746565209229e+01 1.910875482654428748e+00 1.000000000000000000e+00
8.428568323924972461e+00 -1.591184345442426640e+01 1.923873110022604971e+00 1.000000000000000000e+00
8.442878287123486203e+00 -1.617755352301466232e+01 1.936803522055734472e+00 1.000000000000000000e+00
8.457188250322001721e+00 -1.644269838817530882e+01 1.949666266997427844e+00 1.000000000000000000e+00
8.471498213520515463e+00 -1.670726878640489588e+01 1.962460895455407917e+00 1.000000000000000000e+00
8.485808176719029206e+00 -1.697125547427264891e+01 1.975186960417223414e+00 1.000000000000000000e+00
8.500118139917544724e+00 -1.723464922874120120e+01 1.987844017265860241e+00 1.000000000000000000e+00
8.514428103116058466e+00 -1.749744084748869710e+01 2.000431623795272174e+00 1.000000000000000000e+00
8.528738066314572208e+00 -1.775962114923045476e+01 2.012949340225837158e+00 1.000000000000000000e+00
8.543048029513087727e+00 -1.802118097403976194e+01 2.025396729219720360e+00 1.000000000000000000e+00
8.557357992711601469e+00 -1.828211118366767352e+01 2.037773355896147720e+00 1.000000000000000000e+00
8.571667955910115211e+00 -1.854240266186254971e+01 2.050078787846608463e+00 1.000000000000000000e+00
8.585977919108630729e+00 -1.880204631468844312e+01 2.062312595149959460e+00 1.000000000000000000e+00
8.600287882307144471e+00 -1.906103307084269005e+01 2.074474350387437660e+00 1.000000000000000000e+00
8.614597845505659990e+00 -1.931935388197311454e+01 2.086563628657608138e+00 1.000000000000000000e+00
8.628907808704173732e+00 -1.957699972299387170e+01 2.098580007591193120e+00 1.000000000000000000e+00
8.643217771902687474e+00 -1.983396159240093937e+01 2.110523067365840610e+00 1.000000000000000000e+00
8.657527735101202992e+00 -2.009023051258662207e+01 2.122392390720788224e+00 1.000000000000000000e+00
8.671837698299716735e+00 -2.034579753015302117e+01 2.134187562971435526e+00 1.000000000000000000e+00
8.686147661498230477e+00 -2.060065371622506802e+01 2.145908172023841320e+00 1.000000000000000000e+00
8.700457624696745995e+00 -2.085479016676237762e+01 2.157553808389117478e+00 1.000000000000000000e+00
8.714767587895259737e+00 -2.110819800287021764e+01 2.169124065197729490e+00 1.000000000000000000e+00
8.729077551093773479e+00 -2.136086837110997294e+01 2.180618538213723312e+00 1.000000000000000000e+00
8.743387514292288998e+00 -2.161279244380825304e+01 2.192036825848838077e+00 1.000000000000000000e+00
8.757697477490802740e+00 -2.186396141936532089e+01 2.203378529176539313e+00 1.000000000000000000e+00
8.772007440689316482e+00 -2.211436652256273661e+01 2.214643251945960234e+00 1.000000000000000000e+00
8.786317403887832000e+00 -2.236399900486987846e+01 2.225830600595744446e+00 1.000000000000000000e+00
8.800627367086345743e+00 -2.261285014474945143e+01 2.236940184267788290e+00 1.000000000000000000e+00
8.814937330284861261e+00 -2.286091124796245921e+01 2.247971614820911235e+00 1.000000000000000000e+00
8.829247293483375003e+00 -2.310817364787168415e+01 2.258924506844399271e+00 1.000000000000000000e+00
8.843557256681888745e+00 -2.335462870574474081e+01 2.269798477671486125e+00 1.000000000000000000e+00
8.857867219880404264e+00 -2.360026781105570137e+01 2.280593147392712794e+00 1.000000000000000000e+00
8.872177183078918006e+00 -2.384508238178593942e+01 2.291308138869201372e+00 1.000000000000000000e+00
8.886487146277431748e+00 -2.408906386472410333e+01 2.301943077745836064e+00 1.000000000000000000e+00
8.900797109475947266e+00 -2.433220373576484619e+01 2.312497592464341611e+00 1.000000000000000000e+00
8.915107072674461008e+00 -2.457449350020654322e+01 2.322971314276256027e+00 1.000000000000000000e+00
8.929417035872974751e+00 -2.481592469304831283e+01 2.333363877255826502e+00 1.000000000000000000e+00
8.943726999071490269e+00 -2.505648887928554203e+01 2.343674918312784961e+00 1.000000000000000000e+00
8.958036962270004011e+00 -2.529617765420469055e+01 2.353904077205035694e+00 1.000000000000000000e+00
8.972346925468519530e+00 -2.553498264367692272e+01 2.364050996551244843e+00 1.000000000000000000e+00
8.986656888667033272e+00 -2.577289550445059874e+01 2.374115321843317972e+00 1.000000000000000000e+00
9.000966851865547014e+00 -2.600990792444292765e+01 2.384096701458796375e+00 1.000000000000000000e+00
9.015276815064062532e+00 -2.624601162303026314e+01 2.393994786673137032e+00 1.000000000000000000e+00
9.029586778262576274e+00 -2.648119835133733702e+01 2.403809231671890423e+00 1.000000000000000000e+00
9.043896741461090016e+00 -2.671545989252562947e+01 2.413539693562793520e+00 1.000000000000000000e+00
9.058206704659605535e+00 -2.694878806208032529e+01 2.423185832387740657e+00 1.000000000000000000e+00
9.072516667858119277e+00 -2.718117470809627179e+01 2.432747311134665580e+00 1.000000000000000000e+00
9.086826631056633019e+00 -2.741261171156280341e+01 2.442223795749312920e+00 1.000000000000000000e+00
9.101136594255148538e+00 -2.764309098664747211e+01 2.451614955146913299e+00 1.000000000000000000e+00
9.115446557453662280e+00 -2.787260448097833887e+01 2.460920461223743416e+00 1.000000000000000000e+00
9.129756520652177798e+00 -2.810114417592558667e+01 2.470139988868599534e+00 1.000000000000000000e+00
9.144066483850691540e+00 -2.832870208688139613e+01 2.479273215974143962e+00 1.000000000000000000e+00
9.158376447049205282e+00 -2.855527026353913556e+01 2.488319823448170265e+00 1.000000000000000000e+00
9.172686410247720801e+00 -2.878084079017096286e+01 2.497279495224742796e+00 1.000000000000000000e+00
9.186996373446234543e+00 -2.900540578590446117e+01 2.506151918275243862e+00 1.000000000000000000e+00
9.201306336644748285e+00 -2.922895740499795281e+01 2.514936782619308975e+00 1.000000000000000000e+00
9.215616299843263803e+00 -2.945148783711466578e+01 2.523633781335658188e+00 1.000000000000000000e+00
9.229926263041777545e+00 -2.967298930759545428e+01 2.532242610572813302e+00 1.000000000000000000e+00
9.244236226240291288e+00 -2.989345407773062391e+01 2.540762969559722695e+00 1.000000000000000000e+00
9.258546189438806806e+00 -3.011287444503020438e+01 2.549194560616265370e+00 1.000000000000000000e+00
9.272856152637320548e+00 -3.033124274349297878e+01 2.557537089163645749e+00 1.000000000000000000e+00
9.287166115835836067e+00 -3.054855134387446469e+01 2.565790263734695209e+00 1.000000000000000000e+00
9.301476079034349809e+00 -3.076479265395338558e+01 2.573953795984047943e+00 1.000000000000000000e+00
9.315786042232863551e+00 -3.097995911879687725e+01 2.582027400698217789e+00 1.000000000000000000e+00
9.330096005431379069e+00 -3.119404322102460014e+01 2.590010795805565813e+00 1.000000000000000000e+00
9.344405968629892811e+00 -3.140703748107112858e+01 2.597903702386147540e+00 1.000000000000000000e+00
9.358715931828406553e+00 -3.161893445744751574e+01 2.605705844681464711e+00 1.000000000000000000e+00
9.373025895026922072e+00 -3.182972674700116755e+01 2.613416950104098468e+00 1.000000000000000000e+00
9.387335858225435814e+00 -3.203940698517440211e+01 2.621036749247227515e+00 1.000000000000000000e+00
9.401645821423949556e+00 -3.224796784626195034e+01 2.628564975894048583e+00 1.000000000000000000e+00
9.415955784622465075e+00 -3.245540204366675852e+01 2.636001367027072106e+00 1.000000000000000000e+00
9.430265747820978817e+00 -3.266170233015454016e+01 2.643345662837309984e+00 1.000000000000000000e+00
9.444575711019492559e+00 -3.286686149810709878e+01 2.650597606733359424e+00 1.000000000000000000e+00
9.458885674218008077e+00 -3.307087237977408734e+01 2.657756945350361999e+00 1.000000000000000000e+00
9.473195637416521819e+00 -3.327372784752332535e+01 2.664823428558855234e+00 1.000000000000000000e+00
9.487505600615037338e+00 -3.347542081409006443e+01 2.671796809473516721e+00 1.000000000000000000e+00
9.501815563813551080e+00 -3.367594423282429261e+01 2.678676844461783002e+00 1.000000000000000000e+00
9.516125527012064822e+00 -3.387529109793722171e+01 2.685463293152367648e+00 1.000000000000000000e+00
9.530435490210580340e+00 -3.407345444474584184e+01 2.692155918443654983e+00 1.000000000000000000e+00
9.544745453409094083e+00 -3.427042734991631079e+01 2.698754486511983686e+00 1.000000000000000000e+00
9.559055416607607825e+00 -3.446620293170591509e+01 2.705258766819820693e+00 1.000000000000000000e+00
9.573365379806123343e+00 -3.466077435020341824e+01 2.711668532123811204e+00 1.000000000000000000e+00
9.587675343004637085e+00 -3.485413480756800908e+01 2.717983558482718554e+00 1.000000000000000000e+00
9.601985306203150827e+00 -3.504627754826690023e+01 2.724203625265249507e+00 1.000000000000000000e+00
9.616295269401666346e+00 -3.523719585931125664e+01 2.730328515157761426e+00 1.000000000000000000e+00
9.630605232600180088e+00 -3.542688307049076712e+01 2.736358014171855757e+00 1.000000000000000000e+00
9.644915195798695606e+00 -3.561533255460670233e+01 2.742291911651854708e+00 1.000000000000000000e+00
9.659225158997209348e+00 -3.580253772770339538e+01 2.748130000282156260e+00 1.000000000000000000e+00
9.673535122195723090e+00 -3.598849204929833689e+01 2.753872076094485255e+00 1.000000000000000000e+00
9.687845085394238609e+00 -3.617318902261069979e+01 2.759517938475013032e+00 1.000000000000000000e+00
9.702155048592752351e+00 -3.635662219478818002e+01 2.765067390171369599e+00 1.000000000000000000e+00
9.716465011791266093e+00 -3.653878515713255837e+01 2.770520237299531452e+00 1.000000000000000000e+00
9.730774974989781612e+00 -3.671967154532370614e+01 2.775876289350604154e+00 1.000000000000000000e+00
9.745084938188295354e+00 -3.689927503964160138e+01 2.781135359197464574e+00 1.000000000000000000e+00
9.759394901386809096e+00 -3.707758936518754211e+01 2.786297263101312094e+00 1.000000000000000000e+00
9.773704864585324614e+00 -3.725460829210305036e+01 2.791361820718079922e+00 1.000000000000000000e+00
9.788014827783838356e+00 -3.743032563578769611e+01 2.796328855104737166e+00 1.000000000000000000e+00
9.802324790982353875e+00 -3.760473525711514498e+01 2.801198192725474545e+00 1.000000000000000000e+00
9.816634754180867617e+00 -3.777783106264750757e+01 2.805969663457760443e+00 1.000000000000000000e+00
9.830944717379381359e+00 -3.794960700484852367e+01 2.810643100598292587e+00 1.000000000000000000e+00
9.845254680577896877e+00 -3.812005708229453660e+01 2.815218340868815616e+00 1.000000000000000000e+00
9.859564643776410620e+00 -3.828917533988437327e+01 2.819695224421830293e+00 1.000000000000000000e+00
9.873874606974924362e+00 -3.845695586904726326e+01 2.824073594846173041e+00 1.000000000000000000e+00
9.888184570173439880e+00 -3.862339280794945751e+01 2.828353299172488011e+00 1.000000000000000000e+00
9.902494533371953622e+00 -3.878848034169873671e+01 2.832534187878563259e+00 1.000000000000000000e+00
9.916804496570467364e+00 -3.895221270254783974e+01 2.836616114894559004e+00 1.000000000000000000e+00
9.931114459768982883e+00 -3.911458417009591670e+01 2.840598937608114216e+00 1.000000000000000000e+00
9.945424422967496625e+00 -3.927558907148819145e+01 2.844482516869319078e+00 1.000000000000000000e+00
9.959734386166010367e+00 -3.943522178161445169e+01 2.848266716995588865e+00 1.000000000000000000e+00
9.974044349364525885e+00 -3.959347672330535772e+01 2.851951405776394388e+00 1.000000000000000000e+00
9.988354312563039628e+00 -3.975034836752738698e+01 2.855536454477887176e+00 1.000000000000000000e+00
1.000266427576155515e+01 -3.990583123357597373e+01 2.859021737847394107e+00 1.000000000000000000e+00
1.001697423896006889e+01 -4.005991988926700031e+01 2.862407134117793905e+00 1.000000000000000000e+00
1.003128420215858263e+01 -4.021260895112660450e+01 2.865692525011772407e+00 1.000000000000000000e+00
1.004559416535709815e+01 -4.036389308457923875e+01 2.868877795745954362e+00 1.000000000000000000e+00
1.005990412855561189e+01 -4.051376700413406695e+01 2.871962835034912676e+00 1.000000000000000000e+00
1.007421409175412563e+01 -4.066222547356954919e+01 2.874947535095058182e+00 1.000000000000000000e+00
1.008852405495264115e+01 -4.080926330611659836e+01 2.877831791648404636e+00 1.000000000000000000e+00
1.010283401815115489e+01 -4.095487536463942746e+01 2.880615503926210685e+00 1.000000000000000000e+00
1.011714398134966864e+01 -4.109905656181545197e+01 2.883298574672502834e+00 1.000000000000000000e+00
1.013145394454818415e+01 -4.124180186031271234e+01 2.885880910147471390e+00 1.000000000000000000e+00
1.014576390774669790e+01 -4.138310627296591093e+01 2.888362420130744734e+00 1.000000000000000000e+00
1.016007387094521341e+01 -4.152296486295090006e+01 2.890743017924546354e+00 1.000000000000000000e+00
1.017438383414372716e+01 -4.166137274395677537e+01 2.893022620356716867e+00 1.000000000000000000e+00
1.018869379734224090e+01 -4.179832508035692484e+01 2.895201147783625029e+00 1.000000000000000000e+00
1.020300376054075642e+01 -4.193381708737778268e+01 2.897278524092948171e+00 1.000000000000000000e+00
1.021731372373927016e+01 -4.206784403126607685e+01 2.899254676706331857e+00 1.000000000000000000e+00
1.023162368693778390e+01 -4.220040122945417949e+01 2.901129536581925183e+00 1.000000000000000000e+00
1.024593365013629942e+01 -4.233148405072370934e+01 2.902903038216793963e+00 1.000000000000000000e+00
1.026024361333481316e+01 -4.246108791536736504e+01 2.904575119649207338e+00 1.000000000000000000e+00
1.027455357653332690e+01 -4.258920829534887531e+01 2.906145722460804492e+00 1.000000000000000000e+00
1.028886353973184242e+01 -4.271584071446129371e+01 2.907614791778635244e+00 1.000000000000000000e+00
1.030317350293035616e+01 -4.284098074848321858e+01 2.908982276277075840e+00 1.000000000000000000e+00
1.031748346612887168e+01 -4.296462402533359182e+01 2.910248128179624416e+00 1.000000000000000000e+00
1.033179342932738543e+01 -4.308676622522417432e+01 2.911412303260567214e+00 1.000000000000000000e+00
1.034610339252589917e+01 -4.320740308081074943e+01 2.912474760846526678e+00 1.000000000000000000e+00
1.036041335572441469e+01 -4.332653037734203139e+01 2.913435463817880766e+00 1.000000000000000000e+00
1.037472331892292843e+01 -4.344414395280693952e+01 2.914294378610060132e+00 1.000000000000000000e+00
1.038903328212144217e+01 -4.356023969808007479e+01 2.915051475214721410e+00 1.000000000000000000e+00
1.040334324531995769e+01 -4.367481355706525648e+01 2.915706727180794822e+00 1.000000000000000000e+00
1.041765320851847143e+01 -4.378786152683717603e+01 2.916260111615408324e+00 1.000000000000000000e+00
1.043196317171698517e+01 -4.389937965778131712e+01 2.916711609184687859e+00 1.000000000000000000e+00
1.044627313491550069e+01 -4.400936405373192173e+01 2.917061204114433259e+00 1.000000000000000000e+00
1.046058309811401443e+01 -4.411781087210812302e+01 2.917308884190667584e+00 1.000000000000000000e+00
1.047489306131252818e+01 -4.422471632404814557e+01 2.917454640760066997e+00 1.000000000000000000e+00
1.048920302451104369e+01 -4.433007667454180734e+01 2.917498468730258754e+00 1.000000000000000000e+00
1.050351298770955744e+01 -4.443388824256078351e+01 2.917440366570003718e+00 1.000000000000000000e+00
1.051782295090807295e+01 -4.453614740118751314e+01 2.917280336309245659e+00 1.000000000000000000e+00
1.053213291410658670e+01 -4.463685057774159048e+01 2.917018383539044635e+00 1.000000000000000000e+00
1.054644287730510044e+01 -4.473599425390489870e+01 2.916654517411376712e+00 1.000000000000000000e+00
1.056075284050361596e+01 -4.483357496584426372e+01 2.916188750638819105e+00 1.000000000000000000e+00
1.057506280370212970e+01 -4.492958930433265152e+01 2.915621099494102086e+00 1.000000000000000000e+00
1.058937276690064344e+01 -4.502403391486821249e+01 2.914951583809543667e+00 1.000000000000000000e+00
1.060368273009915896e+01 -4.511690549779144987e+01 2.914180226976354149e+00 1.000000000000000000e+00
1.061799269329767270e+01 -4.520820080840056221e+01 2.913307055943819890e+00 1.000000000000000000e+00
1.063230265649618644e+01 -4.529791665706473935e+01 2.912332101218362723e+00 1.000000000000000000e+00
1.064661261969470196e+01 -4.538604990933574612e+01 2.911255396862472367e+00 1.000000000000000000e+00
1.066092258289321570e+01 -4.547259748605716823e+01 2.910076980493517151e+00 1.000000000000000000e+00
1.067523254609173122e+01 -4.555755636347224424e+01 2.908796893282430407e+00 1.000000000000000000e+00
1.068954250929024496e+01 -4.564092357332939542e+01 2.907415179952271167e+00 1.000000000000000000e+00
1.070385247248875871e+01 -4.572269620298591519e+01 2.905931888776662309e+00 1.000000000000000000e+00
1.071816243568727423e+01 -4.580287139550981834e+01 2.904347071578103012e+00 1.000000000000000000e+00
1.073247239888578797e+01 -4.588144634977952308e+01 2.902660783726159988e+00 1.000000000000000000e+00
1.074678236208430171e+01 -4.595841832058182064e+01 2.900873084135529911e+00 1.000000000000000000e+00
1.076109232528281723e+01 -4.603378461870777016e+01 2.898984035263984183e+00 1.000000000000000000e+00
1.077540228848133097e+01 -4.610754261104658980e+01 2.896993703110187113e+00 1.000000000000000000e+00
1.078971225167984471e+01 -4.617968972067774303e+01 2.894902157211385330e+00 1.000000000000000000e+00
1.080402221487836023e+01 -4.625022342696089339e+01 2.892709470640985270e+00 1.000000000000000000e+00
1.081833217807687397e+01 -4.631914126562401179e+01 2.890415720005993894e+00 1.000000000000000000e+00
1.083264214127538949e+01 -4.638644082884944453e+01 2.888020985444345712e+00 1.000000000000000000e+00
1.084695210447390323e+01 -4.645211976535806997e+01 2.885525350622102803e+00 1.000000000000000000e+00
1.086126206767241698e+01 -4.651617578049141599e+01 2.882928902730530041e+00 1.000000000000000000e+00
1.087557203087093249e+01 -4.657860663629186604e+01 2.880231732483049978e+00 1.000000000000000000e+00
1.088988199406944624e+01 -4.663941015158076908e+01 2.877433934112074265e+00 1.000000000000000000e+00
1.090419195726795998e+01 -4.669858420203477323e+01 2.874535605365709845e+00 1.000000000000000000e+00
1.091850192046647550e+01 -4.675612672025989980e+01 2.871536847504344347e+00 1.000000000000000000e+00
1.093281188366498924e+01 -4.681203569586386948e+01 2.868437765297110698e+00 1.000000000000000000e+00
1.094712184686350298e+01 -4.686630917552632525e+01 2.865238467018221158e+00 1.000000000000000000e+00
1.096143181006201850e+01 -4.691894526306706581e+01 2.861939064443190350e+00 1.000000000000000000e+00
1.097574177326053224e+01 -4.696994211951226816e+01 2.858539672844926383e+00 1.000000000000000000e+00
1.099005173645904776e+01 -4.701929796315877752e+01 2.855040410989706956e+00 1.000000000000000000e+00
1.100436169965756150e+01 -4.706701106963634373e+01 2.851441401133024911e+00 1.000000000000000000e+00
1.101867166285607524e+01 -4.711307977196786823e+01 2.847742769015322306e+00 1.000000000000000000e+00
1.103298162605459076e+01 -4.715750246062759743e+01 2.843944643857593046e+00 1.000000000000000000e+00
1.104729158925310450e+01 -4.720027758359745462e+01 2.840047158356871826e+00 1.000000000000000000e+00
1.106160155245161825e+01 -4.724140364642113354e+01 2.836050448681594727e+00 1.000000000000000000e+00
1.107591151565013377e+01 -4.728087921225647960e+01 2.831954654466843468e+00 1.000000000000000000e+00
1.109022147884864751e+01 -4.731870290192548367e+01 2.827759918809468864e+00 1.000000000000000000e+00
1.110453144204716125e+01 -4.735487339396267714e+01 2.823466388263085936e+00 1.000000000000000000e+00
1.111884140524567677e+01 -4.738938942466111115e+01 2.819074212832959780e+00 1.000000000000000000e+00
1.113315136844419051e+01 -4.742224978811664471e+01 2.814583545970761325e+00 1.000000000000000000e+00
1.114746133164270425e+01 -4.745345333627003725e+01 2.809994544569206720e+00 1.000000000000000000e+00
1.116177129484121977e+01 -4.748299897894700905e+01 2.805307368956575509e+00 1.000000000000000000e+00
1.117608125803973351e+01 -4.751088568389640443e+01 2.800522182891110212e+00 1.000000000000000000e+00
1.119039122123824903e+01 -4.753711247682618790e+01 2.795639153555294687e+00 1.000000000000000000e+00
1.120470118443676277e+01 -4.756167844143753598e+01 2.790658451550013019e+00 1.000000000000000000e+00
1.121901114763527652e+01 -4.758458271945684004e+01 2.785580250888588516e+00 1.000000000000000000e+00
1.123332111083379203e+01 -4.760582451066565568e+01 2.780404728990704566e+00 1.000000000000000000e+00
1.124763107403230578e+01 -4.762540307292869812e+01 2.775132066676207376e+00 1.000000000000000000e+00
1.126194103723081952e+01 -4.764331772221976991e+01 2.769762448158786583e+00 1.000000000000000000e+00
1.127625100042933504e+01 -4.765956783264565644e+01 2.764296061039538177e+00 1.000000000000000000e+00
1.129056096362784878e+01 -4.767415283646794677e+01 2.758733096300417298e+00 1.000000000000000000e+00
1.130487092682636252e+01 -4.768707222412293589e+01 2.753073748297555134e+00 1.000000000000000000e+00
1.131918089002487804e+01 -4.769832554423940962e+01 2.747318214754476351e+00 1.000000000000000000e+00
1.133349085322339178e+01 -4.770791240365436181e+01 2.741466696755189059e+00 1.000000000000000000e+00
1.134780081642190730e+01 -4.771583246742682149e+01 2.735519398737159324e+00 1.000000000000000000e+00
1.136211077962042104e+01 -4.772208545884949160e+01 2.729476528484167552e+00 1.000000000000000000e+00
1.137642074281893478e+01 -4.772667115945840521e+01 2.723338297119050733e+00 1.000000000000000000e+00
1.139073070601745030e+01 -4.772958940904062075e+01 2.717104919096326121e+00 1.000000000000000000e+00
1.140504066921596404e+01 -4.773084010563975710e+01 2.710776612194695900e+00 1.000000000000000000e+00
1.141935063241447779e+01 -4.773042320555958895e+01 2.704353597509445262e+00 1.000000000000000000e+00
1.143366059561299330e+01 -4.772833872336556738e+01 2.697836099444706814e+00 1.000000000000000000e+00
1.144797055881150705e+01 -4.772458673188430822e+01 2.691224345705634846e+00 1.000000000000000000e+00
1.146228052201002079e+01 -4.771916736220105548e+01 2.684518567290437474e+00 1.000000000000000000e+00
1.147659048520853631e+01 -4.771208080365509119e+01 2.677718998482308876e+00 1.000000000000000000e+00
1.149090044840705005e+01 -4.770332730383310604e+01 2.670825876841253166e+00 1.000000000000000000e+00
1.150521041160556557e+01 -4.769290716856058765e+01 2.663839443195769263e+00 1.000000000000000000e+00
1.151952037480407931e+01 -4.768082076189114105e+01 2.656759941634452726e+00 1.000000000000000000e+00
1.153383033800259305e+01 -4.766706850609366342e+01 2.649587619497453694e+00 1.000000000000000000e+00
1.154814030120110857e+01 -4.765165088163776375e+01 2.642322727367845125e+00 1.000000000000000000e+00
1.156245026439962231e+01 -4.763456842717681639e+01 2.634965519062865802e+00 1.000000000000000000e+00
1.157676022759813605e+01 -4.761582173952925956e+01 2.627516251625050536e+00 1.000000000000000000e+00
1.159107019079665157e+01 -4.759541147365764857e+01 2.619975185313250687e+00 1.000000000000000000e+00
1.160538015399516532e+01 -4.757333834264585448e+01 2.612342583593542322e+00 1.000000000000000000e+00
1.161969011719367906e+01 -4.754960311767410275e+01 2.604618713130022023e+00 1.000000000000000000e+00
1.163400008039219458e+01 -4.752420662799202233e+01 2.596803843775483678e+00 1.000000000000000000e+00
1.164831004359070832e+01 -4.749714976088974083e+01 2.588898248562003790e+00 1.000000000000000000e+00
1.166262000678922206e+01 -4.746843346166679112e+01 2.580902203691387342e+00 1.000000000000000000e+00
1.167692996998773758e+01 -4.743805873359913505e+01 2.572815988525527509e+00 1.000000000000000000e+00
1.169123993318625132e+01 -4.740602663790416216e+01 2.564639885576646794e+00 1.000000000000000000e+00
1.170554989638476684e+01 -4.737233829370349270e+01 2.556374180497415605e+00 1.000000000000000000e+00
1.171985985958328058e+01 -4.733699487798399019e+01 2.548019162070987331e+00 1.000000000000000000e+00
1.173416982278179432e+01 -4.729999762555655707e+01 2.539575122200894874e+00 1.000000000000000000e+00
1.174847978598030984e+01 -4.726134782901306153e+01 2.531042355900862351e+00 1.000000000000000000e+00
1.176278974917882358e+01 -4.722104683868113284e+01 2.522421161284492896e+00 1.000000000000000000e+00
1.177709971237733733e+01 -4.717909606257700261e+01 2.513711839554855665e+00 1.000000000000000000e+00
1.179140967557585284e+01 -4.713549696635631392e+01 2.504914694993961355e+00 1.000000000000000000e+00
1.180571963877436659e+01 -4.709025107326291248e+01 2.496030034952131160e+00 1.000000000000000000e+00
1.182002960197288033e+01 -4.704335996407560572e+01 2.487058169837260913e+00 1.000000000000000000e+00
1.183433956517139585e+01 -4.699482527705295354e+01 2.477999413103970205e+00 1.000000000000000000e+00
1.184864952836990959e+01 -4.694464870787607680e+01 2.468854081242662701e+00 1.000000000000000000e+00
1.186295949156842511e+01 -4.689283200958931275e+01 2.459622493768451879e+00 1.000000000000000000e+00
1.187726945476693885e+01 -4.683937699253905862e+01 2.450304973210018833e+00 1.000000000000000000e+00
1.189157941796545259e+01 -4.678428552431048359e+01 2.440901845098322198e+00 1.000000000000000000e+00
1.190588938116396811e+01 -4.672755952966225834e+01 2.431413437955238788e+00 1.000000000000000000e+00
1.192019934436248185e+01 -4.666920099045940162e+01 2.421840083282088329e+00 1.000000000000000000e+00
1.193450930756099559e+01 -4.660921194560390290e+01 2.412182115548036521e+00 1.000000000000000000e+00
1.194881927075951111e+01 -4.654759449096359702e+01 2.402439872178423474e+00 1.000000000000000000e+00
1.196312923395802486e+01 -4.648435077929886461e+01 2.392613693542969600e+00 1.000000000000000000e+00
1.197743919715653860e+01 -4.641948302018752059e+01 2.382703922943885999e+00 1.000000000000000000e+00
1.199174916035505412e+01 -4.635299347994747876e+01 2.372710906603872072e+00 1.000000000000000000e+00
1.200605912355356786e+01 -4.628488448155770385e+01 2.362634993654036286e+00 1.000000000000000000e+00
1.202036908675208338e+01 -4.621515840457696811e+01 2.352476536121681061e+00 1.000000000000000000e+00
1.203467904995059712e+01 -4.614381768506076043e+01 2.342235888918013043e+00 1.000000000000000000e+00
1.204898901314911086e+01 -4.607086481547613488e+01 2.331913409825742356e+00 1.000000000000000000e+00
1.206329897634762638e+01 -4.599630234461465506e+01 2.321509459486575278e+00 1.000000000000000000e+00
1.207760893954614012e+01 -4.592013287750337724e+01 2.311024401388633187e+00 1.000000000000000000e+00
1.209191890274465386e+01 -4.584235907531375886e+01 2.300458601853726304e+00 1.000000000000000000e+00
1.210622886594316938e+01 -4.576298365526877632e+01 2.289812430024579903e+00 1.000000000000000000e+00
1.212053882914168312e+01 -4.568200939054788989e+01 2.279086257851921538e+00 1.000000000000000000e+00
1.213484879234019687e+01 -4.559943911019026785e+01 2.268280460081494088e+00 1.000000000000000000e+00
1.214915875553871238e+01 -4.551527569899585046e+01 2.257395414240959575e+00 1.000000000000000000e+00
1.216346871873722613e+01 -4.542952209742461633e+01 2.246431500626710598e+00 1.000000000000000000e+00
1.217777868193573987e+01 -4.534218130149386639e+01 2.235389102290584518e+00 1.000000000000000000e+00
1.219208864513425539e+01 -4.525325636267342588e+01 2.224268605026473278e+00 1.000000000000000000e+00
1.220639860833276913e+01 -4.516275038777924777e+01 2.213070397356862173e+00 1.000000000000000000e+00
1.222070857153128465e+01 -4.507066653886464280e+01 2.201794870519230951e+00 1.000000000000000000e+00
1.223501853472979839e+01 -4.497700803310998907e+01 2.190442418452410944e+00 1.000000000000000000e+00
1.224932849792831213e+01 -4.488177814271021759e+01 2.179013437782804097e+00 1.000000000000000000e+00
1.226363846112682765e+01 -4.478498019476049308e+01 2.167508327810526048e+00 1.000000000000000000e+00
1.227794842432534139e+01 -4.468661757114009703e+01 2.155927490495472387e+00 1.000000000000000000e+00
1.229225838752385513e+01 -4.458669370839408685e+01 2.144271330443250800e+00 1.000000000000000000e+00
1.230656835072237065e+01 -4.448521209761337047e+01 2.132540254891066578e+00 1.000000000000000000e+00
1.232087831392088439e+01 -4.438217628431270612e+01 2.120734673693482897e+00 1.000000000000000000e+00
1.233518827711939814e+01 -4.427758986830676236e+01 2.108854999308104272e+00 1.000000000000000000e+00
1.234949824031791366e+01 -4.417145650358448705e+01 2.096901646781168527e+00 1.000000000000000000e+00
1.236380820351642740e+01 -4.406377989818128071e+01 2.084875033733041949e+00 1.000000000000000000e+00
1.237811816671494292e+01 -4.395456381404959245e+01 2.072775580343632296e+00 1.000000000000000000e+00
1.239242812991345666e+01 -4.384381206692737720e+01 2.060603709337708089e+00 1.000000000000000000e+00
1.240673809311197040e+01 -4.373152852620489028e+01 2.048359845970128656e+00 1.000000000000000000e+00
1.242104805631048592e+01 -4.361771711478933611e+01 2.036044418010982238e+00 1.000000000000000000e+00
1.243535801950899966e+01 -4.350238180896805318e+01 2.023657855730656596e+00 1.000000000000000000e+00
1.244966798270751340e+01 -4.338552663826933298e+01 2.011200591884783950e+00 1.000000000000000000e+00
1.246397794590602892e+01 -4.326715568532179645e+01 1.998673061699137943e+00 1.000000000000000000e+00
1.247828790910454266e+01 -4.314727308571181652e+01 1.986075702854429359e+00 1.000000000000000000e+00
1.249259787230305641e+01 -4.302588302783878049e+01 1.973408955470996373e+00 1.000000000000000000e+00
1.250690783550157192e+01 -4.290298975276901672e+01 1.960673262093447722e+00 1.000000000000000000e+00
1.252121779870008567e+01 -4.277859755408747588e+01 1.947869067675191967e+00 1.000000000000000000e+00
1.253552776189860118e+01 -4.265271077774779229e+01 1.934996819562893267e+00 1.000000000000000000e+00
1.254983772509711493e+01 -4.252533382192041955e+01 1.922056967480841871e+00 1.000000000000000000e+00
1.256414768829562867e+01 -4.239647113683893309e+01 1.909049963515243142e+00 1.000000000000000000e+00
1.257845765149414419e+01 -4.226612722464464156e+01 1.895976262098421294e+00 1.000000000000000000e+00
1.259276761469265793e+01 -4.213430663922919450e+01 1.882836319992943652e+00 1.000000000000000000e+00
1.260707757789117167e+01 -4.200101398607558423e+01 1.869630596275664303e+00 1.000000000000000000e+00
1.262138754108968719e+01 -4.186625392209707996e+01 1.856359552321675377e+00 1.000000000000000000e+00
1.263569750428820093e+01 -4.173003115547476227e+01 1.843023651788208372e+00 1.000000000000000000e+00
1.265000746748671467e+01 -4.159235044549279081e+01 1.829623360598409354e+00 1.000000000000000000e+00
1.266431743068523019e+01 -4.145321660237230077e+01 1.816159146925080625e+00 1.000000000000000000e+00
1.267862739388374393e+01 -4.131263448710323161e+01 1.802631481174315153e+00 1.000000000000000000e+00
1.269293735708225768e+01 -4.117060901127459260e+01 1.789040835969064158e+00 1.000000000000000000e+00
1.270724732028077320e+01 -4.102714513690278864e+01 1.775387686132622544e+00 1.000000000000000000e+00
1.272155728347928694e+01 -4.088224787625829748e+01 1.761672508672042836e+00 1.000000000000000000e+00
1.273586724667780246e+01 -4.073592229169052104e+01 1.747895782761468064e+00 1.000000000000000000e+00
1.275017720987631620e+01 -4.058817349545097386e+01 1.734057989725389604e+00 1.000000000000000000e+00
1.276448717307482994e+01 -4.043900664951464563e+01 1.720159613021836176e+00 1.000000000000000000e+00
1.277879713627334546e+01 -4.028842696539957302e+01 1.706201138225468927e+00 1.000000000000000000e+00
1.279310709947185920e+01 -4.013643970398494076e+01 1.692183053010640092e+00 1.000000000000000000e+00
1.280741706267037294e+01 -3.998305017532717187e+01 1.678105847134334638e+00 1.000000000000000000e+00
1.282172702586888846e+01 -3.982826373847429124e+01 1.663970012419060396e+00 1.000000000000000000e+00
1.283603698906740220e+01 -3.967208580127900319e+01 1.649776042735685344e+00 1.000000000000000000e+00
1.285034695226591595e+01 -3.951452182020939574e+01 1.635524433986154103e+00 1.000000000000000000e+00
1.286465691546443146e+01 -3.935557730015858624e+01 1.621215684086183551e+00 1.000000000000000000e+00
1.287896687866294521e+01 -3.919525779425224243e+01 1.606850292947860526e+00 1.000000000000000000e+00
1.289327684186146072e+01 -3.903356890365463272e+01 1.592428762462173353e+00 1.000000000000000000e+00
1.290758680505997447e+01 -3.887051627737290005e+01 1.577951596481480978e+00 1.000000000000000000e+00
1.292189676825848821e+01 -3.870610561205973710e+01 1.563419300801907053e+00 1.000000000000000000e+00
1.293620673145700373e+01 -3.854034265181430641e+01 1.548832383145669400e+00 1.000000000000000000e+00
1.295051669465551747e+01 -3.837323318798161154e+01 1.534191353143342429e+00 1.000000000000000000e+00
1.296482665785403121e+01 -3.820478305895015581e+01 1.519496722316053150e+00 1.000000000000000000e+00
1.297913662105254673e+01 -3.803499814994785311e+01 1.504749004057598816e+00 1.000000000000000000e+00
1.299344658425106047e+01 -3.786388439283667395e+01 1.489948713616535025e+00 1.000000000000000000e+00
1.300775654744957421e+01 -3.769144776590503909e+01 1.475096368078143039e+00 1.000000000000000000e+00
1.302206651064808973e+01 -3.751769429365924680e+01 1.460192486346385543e+00 1.000000000000000000e+00
1.303637647384660347e+01 -3.734263004661297458e+01 1.445237589125779598e+00 1.000000000000000000e+00
1.305068643704511899e+01 -3.716626114107489798e+01 1.430232198903178986e+00 1.000000000000000000e+00
1.306499640024363273e+01 -3.698859373893544245e+01 1.415176839929556563e+00 1.000000000000000000e+00
1.307930636344214648e+01 -3.680963404745106260e+01 1.400072038201652269e+00 1.000000000000000000e+00
1.309361632664066200e+01 -3.662938831902771852e+01 1.384918321443622702e+00 1.000000000000000000e+00
1.310792628983917574e+01 -3.644786285100224887e+01 1.369716219088590314e+00 1.000000000000000000e+00
1.312223625303768948e+01 -3.626506398542242238e+01 1.354466262260150877e+00 1.000000000000000000e+00
1.313654621623620500e+01 -3.608099810882534086e+01 1.339168983753815878e+00 1.000000000000000000e+00
1.315085617943471874e+01 -3.589567165201431465e+01 1.323824918018397856e+00 1.000000000000000000e+00
1.316516614263323248e+01 -3.570909108983421021e+01 1.308434601137341780e+00 1.000000000000000000e+00
1.317947610583174800e+01 -3.552126294094511394e+01 1.292998570809982928e+00 1.000000000000000000e+00
1.319378606903026174e+01 -3.533219376759486607e+01 1.277517366332786342e+00 1.000000000000000000e+00
1.320809603222877726e+01 -3.514189017538939908e+01 1.261991528580471478e+00 1.000000000000000000e+00
1.322240599542729100e+01 -3.495035881306238679e+01 1.246421599987151296e+00 1.000000000000000000e+00
1.323671595862580475e+01 -3.475760637224252037e+01 1.230808124527347003e+00 1.000000000000000000e+00
1.325102592182432026e+01 -3.456363958722003815e+01 1.215151647697005455e+00 1.000000000000000000e+00
1.326533588502283401e+01 -3.436846523471142945e+01 1.199452716494441518e+00 1.000000000000000000e+00
1.327964584822134775e+01 -3.417209013362238323e+01 1.183711879401206479e+00 1.000000000000000000e+00
1.329395581141986327e+01 -3.397452114480990559e+01 1.167929686362947805e+00 1.000000000000000000e+00
1.330826577461837701e+01 -3.377576517084240493e+01 1.152106688770184295e+00 1.000000000000000000e+00
1.332257573781689075e+01 -3.357582915575861193e+01 1.136243439439045266e+00 1.000000000000000000e+00
1.333688570101540627e+01 -3.337472008482495056e+01 1.120340492591954229e+00 1.000000000000000000e+00
1.335119566421392001e+01 -3.317244498429149502e+01 1.104398403838267706e+00 1.000000000000000000e+00
1.336550562741243375e+01 -3.296901092114652698e+01 1.088417730154865648e+00 1.000000000000000000e+00
1.337981559061094927e+01 -3.276442500286946569e+01 1.072399029866679010e+00 1.000000000000000000e+00
1.339412555380946301e+01 -3.255869437718288850e+01 1.056342862627210666e+00 1.000000000000000000e+00
1.340843551700797853e+01 -3.235182623180237016e+01 1.040249789398946634e+00 1.000000000000000000e+00
1.342274548020649227e+01 -3.214382779418582459e+01 1.024120372433795279e+00 1.000000000000000000e+00
1.343705544340500602e+01 -3.193470633128054459e+01 1.007955175253407498e+00 1.000000000000000000e+00
1.345136540660352154e+01 -3.172446914926965178e+01 9.917547626295157848e-01 1.000000000000000000e+00
1.346567536980203528e+01 -3.151312359331670265e+01 9.755197005641897956e-01 1.000000000000000000e+00
1.347998533300054902e+01 -3.130067704730904410e+01 9.592505562700648358e-01 1.000000000000000000e+00
1.349429529619906454e+01 -3.108713693359991836e+01 9.429478981505238222e-01 1.000000000000000000e+00
1.350860525939757828e+01 -3.087251071274905456e+01 9.266122957798397231e-01 1.000000000000000000e+00
1.352291522259609202e+01 -3.065680588326211975e+01 9.102443198832780302e-01 1.000000000000000000e+00
1.353722518579460754e+01 -3.044002998132856064e+01 8.938445423171443860e-01 1.000000000000000000e+00
1.355153514899312128e+01 -3.022219058055858554e+01 8.774135360488307667e-01 1.000000000000000000e+00
1.356584511219163680e+01 -3.000329529171829179e+01 8.609518751367719602e-01 1.000000000000000000e+00
1.358015507539015054e+01 -2.978335176246392990e+01 8.444601347104025990e-01 1.000000000000000000e+00
1.359446503858866429e+01 -2.956236767707466839e+01 8.279388909500626781e-01 1.000000000000000000e+00
1.360877500178717980e+01 -2.934035075618398380e+01 8.113887210668555561e-01 1.000000000000000000e+00
1.362308496498569355e+01 -2.911730875651028683e+01 7.948102032825087315e-01 1.000000000000000000e+00
1.363739492818420729e+01 -2.889324947058546655e+01 7.782039168091370307e-01 1.000000000000000000e+00
1.365170489138272281e+01 -2.866818072648298354e+01 7.615704418290342170e-01 1.000000000000000000e+00
1.366601485458123655e+01 -2.844211038754421494e+01 7.449103594743903267e-01 1.000000000000000000e+00
1.368032481777975029e+01 -2.821504635210378709e+01 7.282242518069909076e-01 1.000000000000000000e+00
1.369463478097826581e+01 -2.798699655321358293e+01 7.115127017978808421e-01 1.000000000000000000e+00
1.370894474417677955e+01 -2.775796895836561617e+01 6.947762933069973057e-01 1.000000000000000000e+00
1.372325470737529507e+01 -2.752797156921365840e+01 6.780156110627709731e-01 1.000000000000000000e+00
1.373756467057380881e+01 -2.729701242129367955e+01 6.612312406416964716e-01 1.000000000000000000e+00
1.375187463377232255e+01 -2.706509958374313030e+01 6.444237684478775208e-01 1.000000000000000000e+00
1.376618459697083807e+01 -2.683224115901888140e+01 6.275937816925258872e-01 1.000000000000000000e+00
1.378049456016935181e+01 -2.659844528261444552e+01 6.107418683734709974e-01 1.000000000000000000e+00
1.379480452336786556e+01 -2.636372012277548649e+01 5.938686172545946107e-01 1.000000000000000000e+00
1.380911448656638107e+01 -2.612807388021439792e+01 5.769746178452602736e-01 1.000000000000000000e+00
1.382342444976489482e+01 -2.589151478782414983e+01 5.600604603797426639e-01 1.000000000000000000e+00
1.383773441296340856e+01 -2.565405111039018493e+01 5.431267357965713360e-01 1.000000000000000000e+00
1.385204437616192408e+01 -2.541569114430200571e+01 5.261740357179122141e-01 1.000000000000000000e+00
1.386635433936043782e+01 -2.517644321726320911e+01 5.092029524288852471e-01 1.000000000000000000e+00
1.388066430255895156e+01 -2.493631568800050147e+01 4.922140788568737935e-01 1.000000000000000000e+00
1.389497426575746708e+01 -2.469531694597172589e+01 4.752080085508097462e-01 1.000000000000000000e+00
1.390928422895598082e+01 -2.445345541107271714e+01 4.581853356604357330e-01 1.000000000000000000e+00
1.392359419215449634e+01 -2.421073953334314410e+01 4.411466549155474981e-01 1.000000000000000000e+00
1.393790415535301008e+01 -2.396717779267128634e+01 4.240925616052153568e-01 1.000000000000000000e+00
1.395221411855152382e+01 -2.372277869849781951e+01 4.070236515569887747e-01 1.000000000000000000e+00
1.396652408175003934e+01 -2.347755078951829333e+01 3.899405211160668627e-01 1.000000000000000000e+00
1.398083404494855309e+01 -2.323150263338526145e+01 3.728437671244918539e-01 1.000000000000000000e+00
1.399514400814706683e+01 -2.298464282640840395e+01 3.557339869002609789e-01 1.000000000000000000e+00
1.400945397134558235e+01 -2.273697999325459662e+01 3.386117782164857481e-01 1.000000000000000000e+00
1.402376393454409609e+01 -2.248852278664643833e+01 3.214777392804946121e-01 1.000000000000000000e+00
1.403807389774260983e+01 -2.223927988705993641e+01 3.043324687129355666e-01 1.000000000000000000e+00
1.405238386094112535e+01 -2.198926000242125767e+01 2.871765655268618267e-01 1.000000000000000000e+00
1.406669382413963909e+01 -2.173847186780249885e+01 2.700106291068038455e-01 1.000000000000000000e+00
1.408100378733815461e+01 -2.148692424511649435e+01 2.528352591878281763e-01 1.000000000000000000e+00
1.409531375053666835e+01 -2.123462592281070727e+01 2.356510558345843998e-01 1.000000000000000000e+00
1.410962371373518209e+01 -2.098158571556015417e+01 2.184586194203404219e-01 1.000000000000000000e+00
1.412393367693369761e+01 -2.072781246395948784e+01 2.012585506060066143e-01 1.000000000000000000e+00
1.413824364013221135e+01 -2.047331503421408527e+01 1.840514503191504336e-01 1.000000000000000000e+00
1.415255360333072510e+01 -2.021810231783036116e+01 1.668379197330040753e-01 1.000000000000000000e+00
1.416686356652924061e+01 -1.996218323130490191e+01 1.496185602454480901e-01 1.000000000000000000e+00
1.418117352972775436e+01 -1.970556671581337227e+01 1.323939734580283911e-01 1.000000000000000000e+00
1.419548349292626810e+01 -1.944826173689760296e+01 1.151647611549015543e-01 1.000000000000000000e+00
1.420979345612478362e+01 -1.919027728415278133e+01 9.793152528183861338e-02 1.000000000000000000e+00
1.422410341932329736e+01 -1.893162237091316413e+01 8.069486792518149043e-02 1.000000000000000000e+00
1.423841338252181288e+01 -1.867230603393725019e+01 6.345539129081016749e-02 1.000000000000000000e+00
1.425272334572032662e+01 -1.841233733309201526e+01 4.621369768310324561e-02 1.000000000000000000e+00
1.426703330891884036e+01 -1.815172535103641493e+01 2.897038948389480187e-02 1.000000000000000000e+00
1.428134327211735588e+01 -1.789047919290405275e+01 1.172606913142875719e-02 1.000000000000000000e+00
1.429565323531586962e+01 -1.762860798598504886e+01 -5.518660900688886206e-03 1.000000000000000000e+00
1.430996319851438336e+01 -1.736612087940722304e+01 -2.276319812453633101e-02 1.000000000000000000e+00
1.432427316171289888e+01 -1.710302704381624395e+01 -4.000694005893839361e-02 1.000000000000000000e+00
1.433858312491141263e+01 -1.683933567105559348e+01 -5.724928425048975839e-02 1.000000000000000000e+00
1.435289308810992637e+01 -1.657505597384512086e+01 -7.448962829462657531e-02 1.000000000000000000e+00
1.436720305130844189e+01 -1.631019718545913477e+01 -9.172736985667287457e-02 1.000000000000000000e+00
1.438151301450695563e+01 -1.604476855940422908e+01 -1.089619066928588786e-01 1.000000000000000000e+00
1.439582297770546937e+01 -1.577877936909542278e+01 -1.261926366713979897e-01 1.000000000000000000e+00
1.441013294090398489e+01 -1.551223890753262502e+01 -1.434189577934954496e-01 1.000000000000000000e+00
1.442444290410249863e+01 -1.524515648697573234e+01 -1.606402682143935057e-01 1.000000000000000000e+00
1.443875286730101415e+01 -1.497754143861935461e+01 -1.778559662643958705e-01 1.000000000000000000e+00
1.445306283049952789e+01 -1.470940311226678077e+01 -1.950654504698884906e-01 1.000000000000000000e+00
1.446737279369804163e+01 -1.444075087600333518e+01 -2.122681195743535143e-01 1.000000000000000000e+00
1.448168275689655715e+01 -1.417159411586907147e+01 -2.294633725593758222e-01 1.000000000000000000e+00
1.449599272009507089e+01 -1.390194223553085529e+01 -2.466506086656410912e-01 1.000000000000000000e+00
1.451030268329358464e+01 -1.363180465595385549e+01 -2.638292274139220073e-01 1.000000000000000000e+00
1.452461264649210015e+01 -1.336119081507219519e+01 -2.809986286260707788e-01 1.000000000000000000e+00
1.453892260969061390e+01 -1.309011016745967737e+01 -2.981582124459591920e-01 1.000000000000000000e+00
1.455323257288912764e+01 -1.281857218399887977e+01 -3.153073793604724839e-01 1.000000000000000000e+00
1.456754253608764316e+01 -1.254658635155067614e+01 -3.324455302204287199e-01 1.000000000000000000e+00
1.458185249928615690e+01 -1.227416217262278941e+01 -3.495720662615117713e-01 1.000000000000000000e+00
1.459616246248467242e+01 -1.200130916503739620e+01 -3.666863891252164498e-01 1.000000000000000000e+00
1.461047242568318616e+01 -1.172803686159920034e+01 -3.837879008797149272e-01 1.000000000000000000e+00
1.462478238888169990e+01 -1.145435480976177800e+01 -4.008760040407857161e-01 1.000000000000000000e+00
1.463909235208021542e+01 -1.118027257129445218e+01 -4.179501015926597729e-01 1.000000000000000000e+00
1.465340231527872916e+01 -1.090579972194803382e+01 -4.350095970088918018e-01 1.000000000000000000e+00
1.466771227847724290e+01 -1.063094585112030011e+01 -4.520538942731988086e-01 1.000000000000000000e+00
1.468202224167575842e+01 -1.035572056152097176e+01 -4.690823979002832766e-01 1.000000000000000000e+00
1.469633220487427216e+01 -1.008013346883621608e+01 -4.860945129566380252e-01 1.000000000000000000e+00
1.471064216807278591e+01 -9.804194201392746777e+00 -5.030896450813292509e-01 1.000000000000000000e+00
1.472495213127130143e+01 -9.527912399821209632e+00 -5.200672005067747961e-01 1.000000000000000000e+00
1.473926209446981517e+01 -9.251297716719840025e+00 -5.370265860794604107e-01 1.000000000000000000e+00
1.475357205766833069e+01 -8.974359816316583860e+00 -5.539672092807019776e-01 1.000000000000000000e+00
1.476788202086684443e+01 -8.697108374132133335e+00 -5.708884782473053754e-01 1.000000000000000000e+00
1.478219198406535817e+01 -8.419553076641260958e+00 -5.877898017922831286e-01 1.000000000000000000e+00
1.479650194726387369e+01 -8.141703620934803709e+00 -6.046705894254833513e-01 1.000000000000000000e+00
1.481081191046238743e+01 -7.863569714380881592e+00 -6.215302513742201329e-01 1.000000000000000000e+00
1.482512187366090117e+01 -7.585161074285372784e+00 -6.383681986039020373e-01 1.000000000000000000e+00
1.483943183685941669e+01 -7.306487427552825764e+00 -6.551838428385851065e-01 1.000000000000000000e+00
1.485374180005793043e+01 -7.027558510346417542e+00 -6.719765965815392983e-01 1.000000000000000000e+00
1.486805176325644418e+01 -6.748384067747882575e+00 -6.887458731357687380e-01 1.000000000000000000e+00
1.488236172645495969e+01 -6.468973853416835951e+00 -7.054910866245223122e-01 1.000000000000000000e+00
1.489667168965347344e+01 -6.189337629250414530e+00 -7.222116520117370930e-01 1.000000000000000000e+00
1.491098165285198895e+01 -5.909485165041817645e+00 -7.389069851225037455e-01 1.000000000000000000e+00
1.492529161605050270e+01 -5.629426238139166649e+00 -7.555765026634632120e-01 1.000000000000000000e+00
1.493960157924901644e+01 -5.349170633103923933e+00 -7.722196222431855217e-01 1.000000000000000000e+00
1.495391154244753196e+01 -5.068728141368820772e+00 -7.888357623925300599e-01 1.000000000000000000e+00
1.496822150564604570e+01 -4.788108560896245258e+00 -8.054243425849326732e-01 1.000000000000000000e+00
1.498253146884455944e+01 -4.507321695835329045e+00 -8.219847832567226398e-01 1.000000000000000000e+00
1.499684143204307496e+01 -4.226377356179875200e+00 -8.385165058273444938e-01 1.000000000000000000e+00
1.501115139524158870e+01 -3.945285357425419637e+00 -8.550189327195839573e-01 1.000000000000000000e+00
1.502546135844010244e+01 -3.664055520226334739e+00 -8.714914873797446893e-01 1.000000000000000000e+00
1.503977132163861796e+01 -3.382697670052729588e+00 -8.879335942977920615e-01 1.000000000000000000e+00
1.505408128483713170e+01 -3.101221636847165009e+00 -9.043446790274594083e-01 1.000000000000000000e+00
1.506839124803564545e+01 -2.819637254681265137e+00 -9.207241682063158628e-01 1.000000000000000000e+00
1.508270121123416097e+01 -2.537954361411928428e+00 -9.370714895758098795e-01 1.000000000000000000e+00
1.509701117443267471e+01 -2.256182798338081774e+00 -9.533860720012363732e-01 1.000000000000000000e+00
1.511132113763119023e+01 -1.974332409856214943e+00 -9.696673454917266177e-01 1.000000000000000000e+00
1.512563110082970397e+01 -1.692413043117078741e+00 -9.859147412201261229e-01 1.000000000000000000e+00
1.513994106402821771e+01 -1.410434547681225226e+00 -1.002127691542892496e+00 1.000000000000000000e+00
1.515425102722673323e+01 -1.128406775174887633e+00 -1.018305630019927355e+00 1.000000000000000000e+00
1.516856099042524697e+01 -8.463395789462150320e-01 -1.034447991434341851e+00 1.000000000000000000e+00
1.518287095362376071e+01 -5.642428137204266170e-01 -1.050554211812237515e+00 1.000000000000000000e+00
1.519718091682227623e+01 -2.821263352559773008e-01 -1.066623728442385177e+00 1.000000000000000000e+00
1.521149088002078997e+01 -1.169069687510179007e-14 -1.082655979895895237e+00 1.000000000000000000e+00
