0.000000000000000000e+00 0.000000000000000000e+00 -9.525041603509372123e-01 1.000000000000000000e+00
1.431180829211344853e-02 1.105166227337050361e-01 -9.683879598711460090e-01 1.000000000000000000e+00
2.862361658422689706e-02 2.210295324450782528e-01 -9.842392245017433927e-01 1.000000000000000000e+00
4.293542487634034732e-02 3.315350162365340303e-01 -1.000057421688458570e+00 1.000000000000000000e+00
5.724723316845379412e-02 4.420293614599754006e-01 -1.015842019987982736e+00 1.000000000000000000e+00
7.155904146056724091e-02 5.525088558415267581e-01 -1.031592489085831232e+00 1.000000000000000000e+00
8.587084975268069464e-02 6.629697876062561335e-01 -1.047308299814155186e+00 1.000000000000000000e+00
1.001826580447941345e-01 7.734084456028790244e-01 -1.062988924169521843e+00 1.000000000000000000e+00
1.144944663369075882e-01 8.838211194284413263e-01 -1.078633835330654378e+00 1.000000000000000000e+00
1.288062746290210281e-01 9.942040995529785041e-01 -1.094242507676127074e+00 1.000000000000000000e+00
1.431180829211344818e-01 1.104553677444143789e+00 -1.109814416802032744e+00 1.000000000000000000e+00
1.574298912132479356e-01 1.214866145691804178e+00 -1.125349039539593754e+00 1.000000000000000000e+00
1.717416995053613893e-01 1.325137798132597133e+00 -1.140845853972742852e+00 1.000000000000000000e+00
1.860535077974748430e-01 1.435364929974447756e+00 -1.156304339455657804e+00 1.000000000000000000e+00
2.003653160895882690e-01 1.545543837921037555e+00 -1.171723976630248520e+00 1.000000000000000000e+00
2.146771243817017227e-01 1.655670820296223811e+00 -1.187104247443613758e+00 1.000000000000000000e+00
2.289889326738151765e-01 1.765742177168406535e+00 -1.202444635165441200e+00 1.000000000000000000e+00
2.433007409659286302e-01 1.875754210474831041e+00 -1.217744624405369791e+00 1.000000000000000000e+00
2.576125492580420562e-01 1.985703224145836332e+00 -1.233003701130301666e+00 1.000000000000000000e+00
2.719243575501555377e-01 2.095585524229028440e+00 -1.248221352681678109e+00 1.000000000000000000e+00
2.862361658422689636e-01 2.205397419013385374e+00 -1.263397067792699335e+00 1.000000000000000000e+00
3.005479741343824451e-01 2.315135219153293011e+00 -1.278530336605501860e+00 1.000000000000000000e+00
3.148597824264958711e-01 2.424795237792487956e+00 -1.293620650688290574e+00 1.000000000000000000e+00
3.291715907186092971e-01 2.534373790687930672e+00 -1.308667503052414194e+00 1.000000000000000000e+00
3.434833990107227786e-01 2.643867196333582026e+00 -1.323670388169407630e+00 1.000000000000000000e+00
3.577952073028362046e-01 2.753271776084091904e+00 -1.338628801987969519e+00 1.000000000000000000e+00
3.721070155949496860e-01 2.862583854278390572e+00 -1.353542241950899339e+00 1.000000000000000000e+00
3.864188238870631120e-01 2.971799758363176558e+00 -1.368410207011981683e+00 1.000000000000000000e+00
4.007306321791765380e-01 3.080915819016309953e+00 -1.383232197652817241e+00 1.000000000000000000e+00
4.150424404712900195e-01 3.189928370270083580e+00 -1.398007715899610037e+00 1.000000000000000000e+00
4.293542487634034455e-01 3.298833749634391577e+00 -1.412736265339894048e+00 1.000000000000000000e+00
4.436660570555169270e-01 3.407628298219778529e+00 -1.427417351139212087e+00 1.000000000000000000e+00
4.579778653476303529e-01 3.516308360860365578e+00 -1.442050480057742945e+00 1.000000000000000000e+00
4.722896736397437789e-01 3.624870286236651751e+00 -1.456635160466866363e+00 1.000000000000000000e+00
4.866014819318572604e-01 3.733310426998191822e+00 -1.471170902365688704e+00 1.000000000000000000e+00
5.009132902239706864e-01 3.841625139886131635e+00 -1.485657217397499563e+00 1.000000000000000000e+00
5.152250985160841124e-01 3.949810785855610629e+00 -1.500093618866181755e+00 1.000000000000000000e+00
5.295369068081976494e-01 4.057863730198027596e+00 -1.514479621752562011e+00 1.000000000000000000e+00
5.438487151003110753e-01 4.165780342663146563e+00 -1.528814742730703946e+00 1.000000000000000000e+00
5.581605233924245013e-01 4.273556997581075656e+00 -1.543098500184151289e+00 1.000000000000000000e+00
5.724723316845379273e-01 4.381190073984064348e+00 -1.557330414222104498e+00 1.000000000000000000e+00
5.867841399766513533e-01 4.488675955728164801e+00 -1.571510006695545414e+00 1.000000000000000000e+00
6.010959482687648903e-01 4.596011031614725795e+00 -1.585636801213303082e+00 1.000000000000000000e+00
6.154077565608783162e-01 4.703191695511709014e+00 -1.599710323158052727e+00 1.000000000000000000e+00
6.297195648529917422e-01 4.810214346474853464e+00 -1.613730099702269660e+00 1.000000000000000000e+00
6.440313731451051682e-01 4.917075388868647146e+00 -1.627695659824110797e+00 1.000000000000000000e+00
6.583431814372185942e-01 5.023771232487139748e+00 -1.641606534323239996e+00 1.000000000000000000e+00
6.726549897293321312e-01 5.130298292674555505e+00 -1.655462255836588792e+00 1.000000000000000000e+00
6.869667980214455572e-01 5.236652990445726630e+00 -1.669262358854064932e+00 1.000000000000000000e+00
7.012786063135589831e-01 5.342831752606339357e+00 -1.683006379734186986e+00 1.000000000000000000e+00
7.155904146056724091e-01 5.448831011872980135e+00 -1.696693856719662108e+00 1.000000000000000000e+00
7.299022228977858351e-01 5.554647206992989972e+00 -1.710324329952901845e+00 1.000000000000000000e+00
7.442140311898993721e-01 5.660276782864107403e+00 -1.723897341491470225e+00 1.000000000000000000e+00
7.585258394820127981e-01 5.765716190653906281e+00 -1.737412435323466342e+00 1.000000000000000000e+00
7.728376477741262240e-01 5.870961887919030175e+00 -1.750869157382851649e+00 1.000000000000000000e+00
7.871494560662396500e-01 5.976010338724213611e+00 -1.764267055564700648e+00 1.000000000000000000e+00
8.014612643583530760e-01 6.080858013761063496e+00 -1.777605679740391187e+00 1.000000000000000000e+00
8.157730726504666130e-01 6.185501390466647820e+00 -1.790884581772725692e+00 1.000000000000000000e+00
8.300848809425800390e-01 6.289936953141836540e+00 -1.804103315530991569e+00 1.000000000000000000e+00
8.443966892346934650e-01 6.394161193069411553e+00 -1.817261436905945438e+00 1.000000000000000000e+00
8.587084975268068909e-01 6.498170608631966161e+00 -1.830358503824736083e+00 1.000000000000000000e+00
8.730203058189203169e-01 6.601961705429532756e+00 -1.843394076265756798e+00 1.000000000000000000e+00
8.873321141110338539e-01 6.705530996396993793e+00 -1.856367716273428670e+00 1.000000000000000000e+00
9.016439224031472799e-01 6.808875001921229853e+00 -1.869278987972911477e+00 1.000000000000000000e+00
9.159557306952607059e-01 6.911990249958029686e+00 -1.882127457584752861e+00 1.000000000000000000e+00
9.302675389873741318e-01 7.014873276148732018e+00 -1.894912693439459117e+00 1.000000000000000000e+00
9.445793472794875578e-01 7.117520623936632873e+00 -1.907634265991999367e+00 1.000000000000000000e+00
9.588911555716010948e-01 7.219928844683095370e+00 -1.920291747836233132e+00 1.000000000000000000e+00
9.732029638637145208e-01 7.322094497783433908e+00 -1.932884713719275283e+00 1.000000000000000000e+00
9.875147721558279468e-01 7.424014150782488386e+00 -1.945412740555779951e+00 1.000000000000000000e+00
1.001826580447941373e+00 7.525684379489957720e+00 -1.957875407442156046e+00 1.000000000000000000e+00
1.016138388740054799e+00 7.627101768095442047e+00 -1.970272295670708385e+00 1.000000000000000000e+00
1.030450197032168225e+00 7.728262909283194482e+00 -1.982602988743701555e+00 1.000000000000000000e+00
1.044762005324281651e+00 7.829164404346603767e+00 -1.994867072387360274e+00 1.000000000000000000e+00
1.059073813616395299e+00 7.929802863302379379e+00 -2.007064134565780478e+00 1.000000000000000000e+00
1.073385621908508725e+00 8.030174905004441754e+00 -2.019193765494778248e+00 1.000000000000000000e+00
1.087697430200622151e+00 8.130277157257522092e+00 -2.031255557655650801e+00 1.000000000000000000e+00
1.102009238492735577e+00 8.230106256930456610e+00 -2.043249105808873534e+00 1.000000000000000000e+00
1.116321046784849003e+00 8.329658850069177944e+00 -2.055174007007714021e+00 1.000000000000000000e+00
1.130632855076962429e+00 8.428931592009393015e+00 -2.067029860611767411e+00 1.000000000000000000e+00
1.144944663369075855e+00 8.527921147488964237e+00 -2.078816268300417658e+00 1.000000000000000000e+00
1.159256471661189281e+00 8.626624190759949684e+00 -2.090532834086221925e+00 1.000000000000000000e+00
1.173568279953302707e+00 8.725037405700357240e+00 -2.102179164328210170e+00 1.000000000000000000e+00
1.187880088245416133e+00 8.823157485925532839e+00 -2.113754867745114563e+00 1.000000000000000000e+00
1.202191896537529781e+00 8.920981134899264475e+00 -2.125259555428514080e+00 1.000000000000000000e+00
1.216503704829643207e+00 9.018505066044525620e+00 -2.136692840855900943e+00 1.000000000000000000e+00
1.230815513121756632e+00 9.115726002853898891e+00 -2.148054339903663124e+00 1.000000000000000000e+00
1.245127321413870058e+00 9.212640678999655108e+00 -2.159343670859994901e+00 1.000000000000000000e+00
1.259439129705983484e+00 9.309245838443489518e+00 -2.170560454437718167e+00 1.000000000000000000e+00
1.273750937998096910e+00 9.405538235545915171e+00 -2.181704313787026894e+00 1.000000000000000000e+00
1.288062746290210336e+00 9.501514635175317025e+00 -2.192774874508146343e+00 1.000000000000000000e+00
1.302374554582323762e+00 9.597171812816622349e+00 -2.203771764663913668e+00 1.000000000000000000e+00
1.316686362874437188e+00 9.692506554679656716e+00 -2.214694614792270144e+00 1.000000000000000000e+00
1.330998171166550614e+00 9.787515657807100311e+00 -2.225543057918680567e+00 1.000000000000000000e+00
1.345309979458664262e+00 9.882195930182108512e+00 -2.236316729568457617e+00 1.000000000000000000e+00
1.359621787750777688e+00 9.976544190835541670e+00 -2.247015267779004954e+00 1.000000000000000000e+00
1.373933596042891114e+00 1.007055726995285028e+01 -2.257638313111984818e+00 1.000000000000000000e+00
1.388245404335004540e+00 1.016423200898057289e+01 -2.268185508665390149e+00 1.000000000000000000e+00
1.402557212627117966e+00 1.025756526073242902e+01 -2.278656500085533665e+00 1.000000000000000000e+00
1.416869020919231392e+00 1.035055388949508171e+01 -2.289050935578957446e+00 1.000000000000000000e+00
1.431180829211344818e+00 1.044319477113347538e+01 -2.299368465924248817e+00 1.000000000000000000e+00
1.445492637503458244e+00 1.053548479319580444e+01 -2.309608744483774068e+00 1.000000000000000000e+00
1.459804445795571670e+00 1.062742085501807132e+01 -2.319771427215324255e+00 1.000000000000000000e+00
1.474116254087685096e+00 1.071899986782826808e+01 -2.329856172683673954e+00 1.000000000000000000e+00
1.488428062379798744e+00 1.081021875485015116e+01 -2.339862642072055188e+00 1.000000000000000000e+00
1.502739870671912170e+00 1.090107445140660225e+01 -2.349790499193534110e+00 1.000000000000000000e+00
1.517051678964025596e+00 1.099156390502260194e+01 -2.359639410502313073e+00 1.000000000000000000e+00
1.531363487256139022e+00 1.108168407552777524e+01 -2.369409045104931888e+00 1.000000000000000000e+00
1.545675295548252448e+00 1.117143193515854449e+01 -2.379099074771388267e+00 1.000000000000000000e+00
1.559987103840365874e+00 1.126080446865983298e+01 -2.388709173946161446e+00 1.000000000000000000e+00
1.574298912132479300e+00 1.134979867338639181e+01 -2.398239019759154544e+00 1.000000000000000000e+00
1.588610720424592726e+00 1.143841155940365972e+01 -2.407688292036536115e+00 1.000000000000000000e+00
1.602922528716706152e+00 1.152664014958822847e+01 -2.417056673311503534e+00 1.000000000000000000e+00
1.617234337008819578e+00 1.161448147972786415e+01 -2.426343848834944694e+00 1.000000000000000000e+00
1.631546145300933226e+00 1.170193259862107915e+01 -2.435549506586013990e+00 1.000000000000000000e+00
1.645857953593046652e+00 1.178899056817631319e+01 -2.444673337282613268e+00 1.000000000000000000e+00
1.660169761885160078e+00 1.187565246351061532e+01 -2.453715034391786176e+00 1.000000000000000000e+00
1.674481570177273504e+00 1.196191537304792440e+01 -2.462674294140015707e+00 1.000000000000000000e+00
1.688793378469386930e+00 1.204777639861690197e+01 -2.471550815523427591e+00 1.000000000000000000e+00
1.703105186761500356e+00 1.213323265554827124e+01 -2.480344300317906647e+00 1.000000000000000000e+00
1.717416995053613782e+00 1.221828127277176179e+01 -2.489054453089112773e+00 1.000000000000000000e+00
1.731728803345727208e+00 1.230291939291254799e+01 -2.497680981202409445e+00 1.000000000000000000e+00
1.746040611637840634e+00 1.238714417238726639e+01 -2.506223594832693635e+00 1.000000000000000000e+00
1.760352419929954060e+00 1.247095278149953934e+01 -2.514682006974134687e+00 1.000000000000000000e+00
1.774664228222067708e+00 1.255434240453504913e+01 -2.523055933449815491e+00 1.000000000000000000e+00
1.788976036514181134e+00 1.263731023985612723e+01 -2.531345092921278184e+00 1.000000000000000000e+00
1.803287844806294560e+00 1.271985349999589587e+01 -2.539549206897981914e+00 1.000000000000000000e+00
1.817599653098407986e+00 1.280196941175191760e+01 -2.547667999746653145e+00 1.000000000000000000e+00
1.831911461390521412e+00 1.288365521627934562e+01 -2.555701198700550236e+00 1.000000000000000000e+00
1.846223269682634838e+00 1.296490816918364430e+01 -2.563648533868624568e+00 1.000000000000000000e+00
1.860535077974748264e+00 1.304572554061276257e+01 -2.571509738244591503e+00 1.000000000000000000e+00
1.874846886266861690e+00 1.312610461534887030e+01 -2.579284547715896103e+00 1.000000000000000000e+00
1.889158694558975116e+00 1.320604269289956889e+01 -2.586972701072592695e+00 1.000000000000000000e+00
1.903470502851088764e+00 1.328553708758862761e+01 -2.594573940016115632e+00 1.000000000000000000e+00
1.917782311143202190e+00 1.336458512864620118e+01 -2.602088009167958571e+00 1.000000000000000000e+00
1.932094119435315616e+00 1.344318416029857843e+01 -2.609514656078256056e+00 1.000000000000000000e+00
1.946405927727429042e+00 1.352133154185739272e+01 -2.616853631234264732e+00 1.000000000000000000e+00
1.960717736019542468e+00 1.359902464780834741e+01 -2.624104688068743307e+00 1.000000000000000000e+00
1.975029544311655894e+00 1.367626086789942796e+01 -2.631267582968240593e+00 1.000000000000000000e+00
1.989341352603769320e+00 1.375303760722859181e+01 -2.638342075281277843e+00 1.000000000000000000e+00
2.003653160895882746e+00 1.382935228633095370e+01 -2.645327927326432960e+00 1.000000000000000000e+00
2.017964969187996171e+00 1.390520234126544175e+01 -2.652224904400329208e+00 1.000000000000000000e+00
2.032276777480109597e+00 1.398058522370094892e+01 -2.659032774785517361e+00 1.000000000000000000e+00
2.046588585772223023e+00 1.405549840100194281e+01 -2.665751309758261467e+00 1.000000000000000000e+00
2.060900394064336449e+00 1.412993935631354425e+01 -2.672380283596224260e+00 1.000000000000000000e+00
2.075212202356449875e+00 1.420390558864611386e+01 -2.678919473586051314e+00 1.000000000000000000e+00
2.089524010648563301e+00 1.427739461295924350e+01 -2.685368660030849952e+00 1.000000000000000000e+00
2.103835818940676727e+00 1.435040396024527709e+01 -2.691727626257574446e+00 1.000000000000000000e+00
2.118147627232790597e+00 1.442293117761223442e+01 -2.697996158624304197e+00 1.000000000000000000e+00
2.132459435524904023e+00 1.449497382836624304e+01 -2.704174046527419328e+00 1.000000000000000000e+00
2.146771243817017449e+00 1.456652949209339099e+01 -2.710261082408680799e+00 1.000000000000000000e+00
2.161083052109130875e+00 1.463759576474104662e+01 -2.716257061762198610e+00 1.000000000000000000e+00
2.175394860401244301e+00 1.470817025869864203e+01 -2.722161783141307190e+00 1.000000000000000000e+00
2.189706668693357727e+00 1.477825060287785597e+01 -2.727975048165330207e+00 1.000000000000000000e+00
2.204018476985471153e+00 1.484783444279231901e+01 -2.733696661526246352e+00 1.000000000000000000e+00
2.218330285277584579e+00 1.491691944063667918e+01 -2.739326430995252082e+00 1.000000000000000000e+00
2.232642093569698005e+00 1.498550327536516846e+01 -2.744864167429219126e+00 1.000000000000000000e+00
2.246953901861811431e+00 1.505358364276956706e+01 -2.750309684777049402e+00 1.000000000000000000e+00
2.261265710153924857e+00 1.512115825555663662e+01 -2.755662800085924680e+00 1.000000000000000000e+00
2.275577518446038283e+00 1.518822484342494761e+01 -2.760923333507455446e+00 1.000000000000000000e+00
2.289889326738151709e+00 1.525478115314116501e+01 -2.766091108303720958e+00 1.000000000000000000e+00
2.304201135030265135e+00 1.532082494861574773e+01 -2.771165950853208049e+00 1.000000000000000000e+00
2.318512943322378561e+00 1.538635401097806721e+01 -2.776147690656645572e+00 1.000000000000000000e+00
2.332824751614491987e+00 1.545136613865097708e+01 -2.781036160342730046e+00 1.000000000000000000e+00
2.347136559906605413e+00 1.551585914742474692e+01 -2.785831195673751370e+00 1.000000000000000000e+00
2.361448368198718839e+00 1.557983087053047733e+01 -2.790532635551107976e+00 1.000000000000000000e+00
2.375760176490832265e+00 1.564327915871286656e+01 -2.795140322020722046e+00 1.000000000000000000e+00
2.390071984782945691e+00 1.570620188030244790e+01 -2.799654100278345936e+00 1.000000000000000000e+00
2.404383793075059561e+00 1.576859692128718926e+01 -2.804073818674759799e+00 1.000000000000000000e+00
2.418695601367172987e+00 1.583046218538350836e+01 -2.808399328720870614e+00 1.000000000000000000e+00
2.433007409659286413e+00 1.589179559410673370e+01 -2.812630485092699750e+00 1.000000000000000000e+00
2.447319217951399839e+00 1.595259508684090477e+01 -2.816767145636263514e+00 1.000000000000000000e+00
2.461631026243513265e+00 1.601285862090802681e+01 -2.820809171372351098e+00 1.000000000000000000e+00
2.475942834535626691e+00 1.607258417163666664e+01 -2.824756426501194628e+00 1.000000000000000000e+00
2.490254642827740117e+00 1.613176973243000845e+01 -2.828608778407029067e+00 1.000000000000000000e+00
2.504566451119853543e+00 1.619041331483325408e+01 -2.832366097662548654e+00 1.000000000000000000e+00
2.518878259411966969e+00 1.624851294860043183e+01 -2.836028258033256311e+00 1.000000000000000000e+00
2.533190067704080395e+00 1.630606668176057639e+01 -2.839595136481704696e+00 1.000000000000000000e+00
2.547501875996193821e+00 1.636307258068334036e+01 -2.843066613171628010e+00 1.000000000000000000e+00
2.561813684288307247e+00 1.641952873014393433e+01 -2.846442571471969440e+00 1.000000000000000000e+00
2.576125492580420673e+00 1.647543323338747001e+01 -2.849722897960799362e+00 1.000000000000000000e+00
2.590437300872534099e+00 1.653078421219269956e+01 -2.852907482429127839e+00 1.000000000000000000e+00
2.604749109164647525e+00 1.658557980693511880e+01 -2.855996217884603450e+00 1.000000000000000000e+00
2.619060917456760951e+00 1.663981817664942753e+01 -2.858989000555110405e+00 1.000000000000000000e+00
2.633372725748874377e+00 1.669349749909140357e+01 -2.861885729892255981e+00 1.000000000000000000e+00
2.647684534040987803e+00 1.674661597079909825e+01 -2.864686308574745155e+00 1.000000000000000000e+00
2.661996342333101229e+00 1.679917180715344927e+01 -2.867390642511654875e+00 1.000000000000000000e+00
2.676308150625214655e+00 1.685116324243823982e+01 -2.869998640845590643e+00 1.000000000000000000e+00
2.690619958917328525e+00 1.690258852989938632e+01 -2.872510215955742297e+00 1.000000000000000000e+00
2.704931767209441951e+00 1.695344594180368247e+01 -2.874925283460825653e+00 1.000000000000000000e+00
2.719243575501555377e+00 1.700373376949679027e+01 -2.877243762221920242e+00 1.000000000000000000e+00
2.733555383793668803e+00 1.705345032346066603e+01 -2.879465574345192458e+00 1.000000000000000000e+00
2.747867192085782229e+00 1.710259393337034695e+01 -2.881590645184512578e+00 1.000000000000000000e+00
2.762179000377895655e+00 1.715116294815003073e+01 -2.883618903343965645e+00 1.000000000000000000e+00
2.776490808670009081e+00 1.719915573602856895e+01 -2.885550280680247770e+00 1.000000000000000000e+00
2.790802616962122507e+00 1.724657068459427478e+01 -2.887384712304954970e+00 1.000000000000000000e+00
2.805114425254235933e+00 1.729340620084912672e+01 -2.889122136586765865e+00 1.000000000000000000e+00
2.819426233546349359e+00 1.733966071126224762e+01 -2.890762495153509359e+00 1.000000000000000000e+00
2.833738041838462784e+00 1.738533266182279036e+01 -2.892305732894127068e+00 1.000000000000000000e+00
2.848049850130576210e+00 1.743042051809214854e+01 -2.893751797960526062e+00 1.000000000000000000e+00
2.862361658422689636e+00 1.747492276525551702e+01 -2.895100641769319694e+00 1.000000000000000000e+00
2.876673466714803062e+00 1.751883790817276676e+01 -2.896352219003457851e+00 1.000000000000000000e+00
2.890985275006916488e+00 1.756216447142867665e+01 -2.897506487613753734e+00 1.000000000000000000e+00
2.905297083299029914e+00 1.760490099938252229e+01 -2.898563408820292508e+00 1.000000000000000000e+00
2.919608891591143340e+00 1.764704605621697908e+01 -2.899522947113737370e+00 1.000000000000000000e+00
2.933920699883256766e+00 1.768859822598633258e+01 -2.900385070256520148e+00 1.000000000000000000e+00
2.948232508175370192e+00 1.772955611266408837e+01 -2.901149749283926660e+00 1.000000000000000000e+00
2.962544316467484062e+00 1.776991834018984306e+01 -2.901816958505066602e+00 1.000000000000000000e+00
2.976856124759597488e+00 1.780968355251553348e+01 -2.902386675503741298e+00 1.000000000000000000e+00
2.991167933051710914e+00 1.784885041365099667e+01 -2.902858881139191105e+00 1.000000000000000000e+00
3.005479741343824340e+00 1.788741760770883715e+01 -2.903233559546743781e+00 1.000000000000000000e+00
3.019791549635937766e+00 1.792538383894866172e+01 -2.903510698138344726e+00 1.000000000000000000e+00
3.034103357928051192e+00 1.796274783182059309e+01 -2.903690287602980646e+00 1.000000000000000000e+00
3.048415166220164618e+00 1.799950833100812631e+01 -2.903772321906990861e+00 1.000000000000000000e+00
3.062726974512278044e+00 1.803566410147032428e+01 -2.903756798294273356e+00 1.000000000000000000e+00
3.077038782804391470e+00 1.807121392848327801e+01 -2.903643717286373604e+00 1.000000000000000000e+00
3.091350591096504896e+00 1.810615661768094498e+01 -2.903433082682469468e+00 1.000000000000000000e+00
3.105662399388618322e+00 1.814049099509526641e+01 -2.903124901559242854e+00 1.000000000000000000e+00
3.119974207680731748e+00 1.817421590719559887e+01 -2.902719184270642572e+00 1.000000000000000000e+00
3.134286015972845174e+00 1.820733022092749565e+01 -2.902215944447535279e+00 1.000000000000000000e+00
3.148597824264958600e+00 1.823983282375074566e+01 -2.901615198997247624e+00 1.000000000000000000e+00
3.162909632557072026e+00 1.827172262367676936e+01 -2.900916968102999149e+00 1.000000000000000000e+00
3.177221440849185452e+00 1.830299854930528980e+01 -2.900121275223224604e+00 1.000000000000000000e+00
3.191533249141298878e+00 1.833365954986036073e+01 -2.899228147090783914e+00 1.000000000000000000e+00
3.205845057433412304e+00 1.836370459522562371e+01 -2.898237613712065563e+00 1.000000000000000000e+00
3.220156865725525730e+00 1.839313267597895774e+01 -2.897149708365977627e+00 1.000000000000000000e+00
3.234468674017639156e+00 1.842194280342636148e+01 -2.895964467602830439e+00 1.000000000000000000e+00
3.248780482309753026e+00 1.845013400963520667e+01 -2.894681931243108242e+00 1.000000000000000000e+00
3.263092290601866452e+00 1.847770534746670990e+01 -2.893302142376130703e+00 1.000000000000000000e+00
3.277404098893979878e+00 1.850465589060780047e+01 -2.891825147358607406e+00 1.000000000000000000e+00
3.291715907186093304e+00 1.853098473360220666e+01 -2.890250995813076873e+00 1.000000000000000000e+00
3.306027715478206730e+00 1.855669099188090243e+01 -2.888579740626243009e+00 1.000000000000000000e+00
3.320339523770320156e+00 1.858177380179179750e+01 -2.886811437947196524e+00 1.000000000000000000e+00
3.334651332062433582e+00 1.860623232062879140e+01 -2.884946147185527554e+00 1.000000000000000000e+00
3.348963140354547008e+00 1.863006572666005312e+01 -2.882983931009331258e+00 1.000000000000000000e+00
3.363274948646660434e+00 1.865327321915563630e+01 -2.880924855343103275e+00 1.000000000000000000e+00
3.377586756938773860e+00 1.867585401841439108e+01 -2.878768989365521058e+00 1.000000000000000000e+00
3.391898565230887286e+00 1.869780736579016178e+01 -2.876516405507123508e+00 1.000000000000000000e+00
3.406210373523000712e+00 1.871913252371724568e+01 -2.874167179447876475e+00 1.000000000000000000e+00
3.420522181815114138e+00 1.873982877573521577e+01 -2.871721390114629013e+00 1.000000000000000000e+00
3.434833990107227564e+00 1.875989542651296205e+01 -2.869179119678462619e+00 1.000000000000000000e+00
3.449145798399340990e+00 1.877933180187205764e+01 -2.866540453551929879e+00 1.000000000000000000e+00
3.463457606691454416e+00 1.879813724880942161e+01 -2.863805480386186098e+00 1.000000000000000000e+00
3.477769414983567842e+00 1.881631113551923562e+01 -2.860974292068009905e+00 1.000000000000000000e+00
3.492081223275681268e+00 1.883385285141419629e+01 -2.858046983716716394e+00 1.000000000000000000e+00
3.506393031567794694e+00 1.885076180714601435e+01 -2.855023653680961448e+00 1.000000000000000000e+00
3.520704839859908120e+00 1.886703743462520677e+01 -2.851904403535436394e+00 1.000000000000000000e+00
3.535016648152021990e+00 1.888267918704020687e+01 -2.848689338077458277e+00 1.000000000000000000e+00
3.549328456444135416e+00 1.889768653887571048e+01 -2.845378565323446018e+00 1.000000000000000000e+00
3.563640264736248842e+00 1.891205898593035428e+01 -2.841972196505292647e+00 1.000000000000000000e+00
3.577952073028362268e+00 1.892579604533363380e+01 -2.838470346066628736e+00 1.000000000000000000e+00
3.592263881320475694e+00 1.893889725556214287e+01 -2.834873131658974810e+00 1.000000000000000000e+00
3.606575689612589120e+00 1.895136217645507415e+01 -2.831180674137794284e+00 1.000000000000000000e+00
3.620887497904702546e+00 1.896319038922899836e+01 -2.827393097558426494e+00 1.000000000000000000e+00
3.635199306196815972e+00 1.897438149649195438e+01 -2.823510529171922467e+00 1.000000000000000000e+00
3.649511114488929397e+00 1.898493512225677193e+01 -2.819533099420769240e+00 1.000000000000000000e+00
3.663822922781042823e+00 1.899485091195374054e+01 -2.815460941934507133e+00 1.000000000000000000e+00
3.678134731073156249e+00 1.900412853244248268e+01 -2.811294193525240903e+00 1.000000000000000000e+00
3.692446539365269675e+00 1.901276767202317686e+01 -2.807032994183040753e+00 1.000000000000000000e+00
3.706758347657383101e+00 1.902076804044700964e+01 -2.802677487071242535e+00 1.000000000000000000e+00
3.721070155949496527e+00 1.902812936892594564e+01 -2.798227818521635601e+00 1.000000000000000000e+00
3.735381964241609953e+00 1.903485141014173365e+01 -2.793684138029547182e+00 1.000000000000000000e+00
3.749693772533723379e+00 1.904093393825424485e+01 -2.789046598248820619e+00 1.000000000000000000e+00
3.764005580825836805e+00 1.904637674890902943e+01 -2.784315354986684365e+00 1.000000000000000000e+00
3.778317389117950231e+00 1.905117965924421242e+01 -2.779490567198519724e+00 1.000000000000000000e+00
3.792629197410063657e+00 1.905534250789661144e+01 -2.774572396982519340e+00 1.000000000000000000e+00
3.806941005702177527e+00 1.905886515500718303e+01 -2.769561009574241783e+00 1.000000000000000000e+00
3.821252813994290953e+00 1.906174748222569093e+01 -2.764456573341058654e+00 1.000000000000000000e+00
3.835564622286404379e+00 1.906398939271471704e+01 -2.759259259776499995e+00 1.000000000000000000e+00
3.849876430578517805e+00 1.906559081115288379e+01 -2.753969243494491792e+00 1.000000000000000000e+00
3.864188238870631231e+00 1.906655168373740494e+01 -2.748586702223487777e+00 1.000000000000000000e+00
3.878500047162744657e+00 1.906687197818588686e+01 -2.743111816800502201e+00 1.000000000000000000e+00
3.892811855454858083e+00 1.906655168373740494e+01 -2.737544771165029811e+00 1.000000000000000000e+00
3.907123663746971509e+00 1.906559081115288379e+01 -2.731885752352869012e+00 1.000000000000000000e+00
3.921435472039084935e+00 1.906398939271471704e+01 -2.726134950489837561e+00 1.000000000000000000e+00
3.935747280331198361e+00 1.906174748222569093e+01 -2.720292558785383896e+00 1.000000000000000000e+00
3.950059088623311787e+00 1.905886515500718303e+01 -2.714358773526096336e+00 1.000000000000000000e+00
3.964370896915425213e+00 1.905534250789661144e+01 -2.708333794069110123e+00 1.000000000000000000e+00
3.978682705207538639e+00 1.905117965924421242e+01 -2.702217822835405237e+00 1.000000000000000000e+00
3.992994513499652065e+00 1.904637674890902943e+01 -2.696011065303011822e+00 1.000000000000000000e+00
4.007306321791765491e+00 1.904093393825424485e+01 -2.689713730000101055e+00 1.000000000000000000e+00
4.021618130083878917e+00 1.903485141014173365e+01 -2.683326028497983184e+00 1.000000000000000000e+00
4.035929938375992343e+00 1.902812936892594919e+01 -2.676848175403997221e+00 1.000000000000000000e+00
4.050241746668105769e+00 1.902076804044700964e+01 -2.670280388354301149e+00 1.000000000000000000e+00
4.064553554960219195e+00 1.901276767202317686e+01 -2.663622888006560885e+00 1.000000000000000000e+00
4.078865363252332621e+00 1.900412853244248268e+01 -2.656875898032535765e+00 1.000000000000000000e+00
4.093177171544446047e+00 1.899485091195374409e+01 -2.650039645110564557e+00 1.000000000000000000e+00
4.107488979836559473e+00 1.898493512225677193e+01 -2.643114358917949769e+00 1.000000000000000000e+00
4.121800788128672899e+00 1.897438149649195438e+01 -2.636100272123240718e+00 1.000000000000000000e+00
4.136112596420786325e+00 1.896319038922899836e+01 -2.628997620378416222e+00 1.000000000000000000e+00
4.150424404712899751e+00 1.895136217645507415e+01 -2.621806642310969160e+00 1.000000000000000000e+00
4.164736213005013177e+00 1.893889725556214287e+01 -2.614527579515887101e+00 1.000000000000000000e+00
4.179048021297126603e+00 1.892579604533363380e+01 -2.607160676547538358e+00 1.000000000000000000e+00
4.193359829589240029e+00 1.891205898593035428e+01 -2.599706180911451003e+00 1.000000000000000000e+00
4.207671637881353455e+00 1.889768653887571048e+01 -2.592164343056002185e+00 1.000000000000000000e+00
4.221983446173466881e+00 1.888267918704020687e+01 -2.584535416364002192e+00 1.000000000000000000e+00
4.236295254465581195e+00 1.886703743462520677e+01 -2.576819657144179487e+00 1.000000000000000000e+00
4.250607062757694621e+00 1.885076180714601435e+01 -2.569017324622573817e+00 1.000000000000000000e+00
4.264918871049808047e+00 1.883385285141419629e+01 -2.561128680933822288e+00 1.000000000000000000e+00
4.279230679341921473e+00 1.881631113551923562e+01 -2.553153991112356191e+00 1.000000000000000000e+00
4.293542487634034899e+00 1.879813724880942161e+01 -2.545093523083493903e+00 1.000000000000000000e+00
4.307854295926148325e+00 1.877933180187205764e+01 -2.536947547654440971e+00 1.000000000000000000e+00
4.322166104218261751e+00 1.875989542651296205e+01 -2.528716338505192951e+00 1.000000000000000000e+00
4.336477912510375177e+00 1.873982877573521577e+01 -2.520400172179336096e+00 1.000000000000000000e+00
4.350789720802488603e+00 1.871913252371724568e+01 -2.511999328074763227e+00 1.000000000000000000e+00
4.365101529094602029e+00 1.869780736579016178e+01 -2.503514088434279472e+00 1.000000000000000000e+00
4.379413337386715455e+00 1.867585401841439108e+01 -2.494944738336124512e+00 1.000000000000000000e+00
4.393725145678828881e+00 1.865327321915563630e+01 -2.486291565684394467e+00 1.000000000000000000e+00
4.408036953970942307e+00 1.863006572666005312e+01 -2.477554861199366965e+00 1.000000000000000000e+00
4.422348762263055733e+00 1.860623232062879140e+01 -2.468734918407735179e+00 1.000000000000000000e+00
4.436660570555169159e+00 1.858177380179179750e+01 -2.459832033632747716e+00 1.000000000000000000e+00
4.450972378847282585e+00 1.855669099188090243e+01 -2.450846505984249024e+00 1.000000000000000000e+00
4.465284187139396010e+00 1.853098473360220666e+01 -2.441778637348635428e+00 1.000000000000000000e+00
4.479595995431509436e+00 1.850465589060780047e+01 -2.432628732378708580e+00 1.000000000000000000e+00
4.493907803723622862e+00 1.847770534746670990e+01 -2.423397098483439649e+00 1.000000000000000000e+00
4.508219612015736288e+00 1.845013400963520667e+01 -2.414084045817646906e+00 1.000000000000000000e+00
4.522531420307849714e+00 1.842194280342636858e+01 -2.404689887271568516e+00 1.000000000000000000e+00
4.536843228599963140e+00 1.839313267597895774e+01 -2.395214938460354492e+00 1.000000000000000000e+00
4.551155036892076566e+00 1.836370459522562726e+01 -2.385659517713462296e+00 1.000000000000000000e+00
4.565466845184189992e+00 1.833365954986036073e+01 -2.376023946063961390e+00 1.000000000000000000e+00
4.579778653476303418e+00 1.830299854930529690e+01 -2.366308547237748083e+00 1.000000000000000000e+00
4.594090461768416844e+00 1.827172262367676936e+01 -2.356513647642668463e+00 1.000000000000000000e+00
4.608402270060530270e+00 1.823983282375074566e+01 -2.346639576357552048e+00 1.000000000000000000e+00
4.622714078352643696e+00 1.820733022092749565e+01 -2.336686665121157969e+00 1.000000000000000000e+00
4.637025886644757122e+00 1.817421590719560243e+01 -2.326655248321026992e+00 1.000000000000000000e+00
4.651337694936870548e+00 1.814049099509526641e+01 -2.316545662982246956e+00 1.000000000000000000e+00
4.665649503228983974e+00 1.810615661768094853e+01 -2.306358248756133378e+00 1.000000000000000000e+00
4.679961311521097400e+00 1.807121392848327801e+01 -2.296093347908812365e+00 1.000000000000000000e+00
4.694273119813210826e+00 1.803566410147032428e+01 -2.285751305309728032e+00 1.000000000000000000e+00
4.708584928105324252e+00 1.799950833100812986e+01 -2.275332468420050880e+00 1.000000000000000000e+00
4.722896736397437678e+00 1.796274783182059309e+01 -2.264837187281004915e+00 1.000000000000000000e+00
4.737208544689551104e+00 1.792538383894866172e+01 -2.254265814502111720e+00 1.000000000000000000e+00
4.751520352981664530e+00 1.788741760770884071e+01 -2.243618705249337264e+00 1.000000000000000000e+00
4.765832161273777956e+00 1.784885041365099667e+01 -2.232896217233164116e+00 1.000000000000000000e+00
4.780143969565891382e+00 1.780968355251553348e+01 -2.222098710696571722e+00 1.000000000000000000e+00
4.794455777858005696e+00 1.776991834018984306e+01 -2.211226548402932757e+00 1.000000000000000000e+00
4.808767586150119122e+00 1.772955611266408837e+01 -2.200280095623829535e+00 1.000000000000000000e+00
4.823079394442232548e+00 1.768859822598633258e+01 -2.189259720126774056e+00 1.000000000000000000e+00
4.837391202734345974e+00 1.764704605621697908e+01 -2.178165792162860104e+00 1.000000000000000000e+00
4.851703011026459400e+00 1.760490099938252229e+01 -2.166998684454318980e+00 1.000000000000000000e+00
4.866014819318572826e+00 1.756216447142867665e+01 -2.155758772182000182e+00 1.000000000000000000e+00
4.880326627610686252e+00 1.751883790817276676e+01 -2.144446432972762828e+00 1.000000000000000000e+00
4.894638435902799678e+00 1.747492276525551702e+01 -2.133062046886792462e+00 1.000000000000000000e+00
4.908950244194913104e+00 1.743042051809215209e+01 -2.121605996404831274e+00 1.000000000000000000e+00
4.923262052487026530e+00 1.738533266182279036e+01 -2.110078666415325266e+00 1.000000000000000000e+00
4.937573860779139956e+00 1.733966071126224762e+01 -2.098480444201495931e+00 1.000000000000000000e+00
4.951885669071253382e+00 1.729340620084912672e+01 -2.086811719428327550e+00 1.000000000000000000e+00
4.966197477363366808e+00 1.724657068459427478e+01 -2.075072884129477213e+00 1.000000000000000000e+00
4.980509285655480234e+00 1.719915573602856895e+01 -2.063264332694100922e+00 1.000000000000000000e+00
4.994821093947593660e+00 1.715116294815003073e+01 -2.051386461853605070e+00 1.000000000000000000e+00
5.009132902239707086e+00 1.710259393337034695e+01 -2.039439670668317106e+00 1.000000000000000000e+00
5.023444710531820512e+00 1.705345032346066603e+01 -2.027424360514078039e+00 1.000000000000000000e+00
5.037756518823933938e+00 1.700373376949679027e+01 -2.015340935068760331e+00 1.000000000000000000e+00
5.052068327116047364e+00 1.695344594180368603e+01 -2.003189800298699641e+00 1.000000000000000000e+00
5.066380135408160790e+00 1.690258852989939342e+01 -1.990971364445061509e+00 1.000000000000000000e+00
5.080691943700274216e+00 1.685116324243823982e+01 -1.978686038010120996e+00 1.000000000000000000e+00
5.095003751992387642e+00 1.679917180715345637e+01 -1.966334233743474824e+00 1.000000000000000000e+00
5.109315560284501068e+00 1.674661597079909825e+01 -1.953916366628171364e+00 1.000000000000000000e+00
5.123627368576614494e+00 1.669349749909140357e+01 -1.941432853866771779e+00 1.000000000000000000e+00
5.137939176868727920e+00 1.663981817664943463e+01 -1.928884114867329469e+00 1.000000000000000000e+00
5.152250985160841346e+00 1.658557980693512235e+01 -1.916270571229301334e+00 1.000000000000000000e+00
5.166562793452954772e+00 1.653078421219270311e+01 -1.903592646729383331e+00 1.000000000000000000e+00
5.180874601745068198e+00 1.647543323338747001e+01 -1.890850767307270974e+00 1.000000000000000000e+00
5.195186410037181624e+00 1.641952873014393433e+01 -1.878045361051354556e+00 1.000000000000000000e+00
5.209498218329295050e+00 1.636307258068334392e+01 -1.865176858184328434e+00 1.000000000000000000e+00
5.223810026621408475e+00 1.630606668176057994e+01 -1.852245691048743703e+00 1.000000000000000000e+00
5.238121834913521901e+00 1.624851294860043183e+01 -1.839252294092478923e+00 1.000000000000000000e+00
5.252433643205635327e+00 1.619041331483325408e+01 -1.826197103854145132e+00 1.000000000000000000e+00
5.266745451497748753e+00 1.613176973243000845e+01 -1.813080558948422016e+00 1.000000000000000000e+00
5.281057259789862179e+00 1.607258417163666664e+01 -1.799903100051317262e+00 1.000000000000000000e+00
5.295369068081975605e+00 1.601285862090802681e+01 -1.786665169885363502e+00 1.000000000000000000e+00
5.309680876374089031e+00 1.595259508684091188e+01 -1.773367213204744886e+00 1.000000000000000000e+00
5.323992684666202457e+00 1.589179559410673548e+01 -1.760009676780353027e+00 1.000000000000000000e+00
5.338304492958315883e+00 1.583046218538350836e+01 -1.746593009384777684e+00 1.000000000000000000e+00
5.352616301250429309e+00 1.576859692128718926e+01 -1.733117661777231033e+00 1.000000000000000000e+00
5.366928109542543623e+00 1.570620188030244790e+01 -1.719584086688399571e+00 1.000000000000000000e+00
5.381239917834657049e+00 1.564327915871287189e+01 -1.705992738805238051e+00 1.000000000000000000e+00
5.395551726126770475e+00 1.557983087053048088e+01 -1.692344074755689931e+00 1.000000000000000000e+00
5.409863534418883901e+00 1.551585914742475225e+01 -1.678638553093348307e+00 1.000000000000000000e+00
5.424175342710997327e+00 1.545136613865097708e+01 -1.664876634282047130e+00 1.000000000000000000e+00
5.438487151003110753e+00 1.538635401097806721e+01 -1.651058780680397131e+00 1.000000000000000000e+00
5.452798959295224179e+00 1.532082494861574773e+01 -1.637185456526244032e+00 1.000000000000000000e+00
5.467110767587337605e+00 1.525478115314116501e+01 -1.623257127921076792e+00 1.000000000000000000e+00
5.481422575879451031e+00 1.518822484342495294e+01 -1.609274262814366363e+00 1.000000000000000000e+00
5.495734384171564457e+00 1.512115825555664017e+01 -1.595237330987844926e+00 1.000000000000000000e+00
5.510046192463677883e+00 1.505358364276956706e+01 -1.581146804039720077e+00 1.000000000000000000e+00
5.524358000755791309e+00 1.498550327536516846e+01 -1.567003155368835721e+00 1.000000000000000000e+00
5.538669809047904735e+00 1.491691944063668274e+01 -1.552806860158761459e+00 1.000000000000000000e+00
5.552981617340018161e+00 1.484783444279232256e+01 -1.538558395361830922e+00 1.000000000000000000e+00
5.567293425632131587e+00 1.477825060287786307e+01 -1.524258239683117244e+00 1.000000000000000000e+00
5.581605233924245013e+00 1.470817025869864203e+01 -1.509906873564349494e+00 1.000000000000000000e+00
5.595917042216358439e+00 1.463759576474105017e+01 -1.495504779167774023e+00 1.000000000000000000e+00
5.610228850508471865e+00 1.456652949209339099e+01 -1.481052440359950539e+00 1.000000000000000000e+00
5.624540658800585291e+00 1.449497382836624659e+01 -1.466550342695498887e+00 1.000000000000000000e+00
5.638852467092698717e+00 1.442293117761223975e+01 -1.451998973400785209e+00 1.000000000000000000e+00
5.653164275384812143e+00 1.435040396024527709e+01 -1.437398821357551038e+00 1.000000000000000000e+00
5.667476083676925569e+00 1.427739461295924350e+01 -1.422750377086493989e+00 1.000000000000000000e+00
5.681787891969038995e+00 1.420390558864611563e+01 -1.408054132730779395e+00 1.000000000000000000e+00
5.696099700261152421e+00 1.412993935631354958e+01 -1.393310582039511747e+00 1.000000000000000000e+00
5.710411508553265847e+00 1.405549840100194636e+01 -1.378520220351144410e+00 1.000000000000000000e+00
5.724723316845379273e+00 1.398058522370095602e+01 -1.363683544576837825e+00 1.000000000000000000e+00
5.739035125137492699e+00 1.390520234126544352e+01 -1.348801053183763310e+00 1.000000000000000000e+00
5.753346933429606125e+00 1.382935228633095726e+01 -1.333873246178361560e+00 1.000000000000000000e+00
5.767658741721719551e+00 1.375303760722859892e+01 -1.318900625089536316e+00 1.000000000000000000e+00
5.781970550013832977e+00 1.367626086789943507e+01 -1.303883692951809614e+00 1.000000000000000000e+00
5.796282358305946403e+00 1.359902464780835452e+01 -1.288822954288419309e+00 1.000000000000000000e+00
5.810594166598059829e+00 1.352133154185739450e+01 -1.273718915094368853e+00 1.000000000000000000e+00
5.824905974890173255e+00 1.344318416029858021e+01 -1.258572082819430671e+00 1.000000000000000000e+00
5.839217783182286681e+00 1.336458512864620474e+01 -1.243382966351091579e+00 1.000000000000000000e+00
5.853529591474400107e+00 1.328553708758863117e+01 -1.228152075997459347e+00 1.000000000000000000e+00
5.867841399766513533e+00 1.320604269289957600e+01 -1.212879923470117527e+00 1.000000000000000000e+00
5.882153208058626959e+00 1.312610461534887918e+01 -1.197567021866932757e+00 1.000000000000000000e+00
5.896465016350740385e+00 1.304572554061276612e+01 -1.182213885654816554e+00 1.000000000000000000e+00
5.910776824642853811e+00 1.296490816918364963e+01 -1.166821030652442692e+00 1.000000000000000000e+00
5.925088632934968125e+00 1.288365521627934562e+01 -1.151388974012912625e+00 1.000000000000000000e+00
5.939400441227081551e+00 1.280196941175191760e+01 -1.135918234206387156e+00 1.000000000000000000e+00
5.953712249519194977e+00 1.271985349999589765e+01 -1.120409331002660380e+00 1.000000000000000000e+00
5.968024057811308403e+00 1.263731023985612900e+01 -1.104862785453701868e+00 1.000000000000000000e+00
5.982335866103421829e+00 1.255434240453504735e+01 -1.089279119876148449e+00 1.000000000000000000e+00
5.996647674395535255e+00 1.247095278149953934e+01 -1.073658857833760027e+00 1.000000000000000000e+00
6.010959482687648681e+00 1.238714417238726817e+01 -1.058002524119823207e+00 1.000000000000000000e+00
6.025271290979762107e+00 1.230291939291255154e+01 -1.042310644739524061e+00 1.000000000000000000e+00
6.039583099271875533e+00 1.221828127277176179e+01 -1.026583746892275384e+00 1.000000000000000000e+00
6.053894907563988959e+00 1.213323265554826769e+01 -1.010822358954001965e+00 1.000000000000000000e+00
6.068206715856102385e+00 1.204777639861690197e+01 -9.950270104593945675e-01 1.000000000000000000e+00
6.082518524148215810e+00 1.196191537304792440e+01 -9.791982320841126075e-01 1.000000000000000000e+00
6.096830332440329236e+00 1.187565246351061532e+01 -9.633365556269576357e-01 1.000000000000000000e+00
6.111142140732442662e+00 1.178899056817631497e+01 -9.474425139920075178e-01 1.000000000000000000e+00
6.125453949024556088e+00 1.170193259862108626e+01 -9.315166411707114236e-01 1.000000000000000000e+00
6.139765757316669514e+00 1.161448147972786415e+01 -9.155594722239485117e-01 1.000000000000000000e+00
6.154077565608782940e+00 1.152664014958823024e+01 -8.995715432640558618e-01 1.000000000000000000e+00
6.168389373900896366e+00 1.143841155940366328e+01 -8.835533914368099984e-01 1.000000000000000000e+00
6.182701182193009792e+00 1.134979867338639714e+01 -8.675055549033851010e-01 1.000000000000000000e+00
6.197012990485123218e+00 1.126080446865984008e+01 -8.514285728222710237e-01 1.000000000000000000e+00
6.211324798777236644e+00 1.117143193515854449e+01 -8.353229853311583408e-01 1.000000000000000000e+00
6.225636607069350070e+00 1.108168407552777879e+01 -8.191893335287958600e-01 1.000000000000000000e+00
6.239948415361463496e+00 1.099156390502260372e+01 -8.030281594568042802e-01 1.000000000000000000e+00
6.254260223653576922e+00 1.090107445140660580e+01 -7.868400060814700891e-01 1.000000000000000000e+00
6.268572031945690348e+00 1.081021875485015649e+01 -7.706254172755020448e-01 1.000000000000000000e+00
6.282883840237803774e+00 1.071899986782826808e+01 -7.543849377997583483e-01 1.000000000000000000e+00
6.297195648529917200e+00 1.062742085501807310e+01 -7.381191132849479475e-01 1.000000000000000000e+00
6.311507456822030626e+00 1.053548479319580800e+01 -7.218284902132926506e-01 1.000000000000000000e+00
6.325819265114144052e+00 1.044319477113347894e+01 -7.055136159001715868e-01 1.000000000000000000e+00
6.340131073406257478e+00 1.035055388949508881e+01 -6.891750384757316938e-01 1.000000000000000000e+00
6.354442881698370904e+00 1.025756526073243613e+01 -6.728133068664724492e-01 1.000000000000000000e+00
6.368754689990484330e+00 1.016423200898057644e+01 -6.564289707768021787e-01 1.000000000000000000e+00
6.383066498282597756e+00 1.007055726995285738e+01 -6.400225806705748255e-01 1.000000000000000000e+00
6.397378306574711182e+00 9.976544190835545223e+00 -6.235946877525884169e-01 1.000000000000000000e+00
6.411690114866824608e+00 9.882195930182112065e+00 -6.071458439500712068e-01 1.000000000000000000e+00
6.426001923158938034e+00 9.787515657807109193e+00 -5.906766018941375096e-01 1.000000000000000000e+00
6.440313731451051460e+00 9.692506554679658493e+00 -5.741875149012196644e-01 1.000000000000000000e+00
6.454625539743164886e+00 9.597171812816625902e+00 -5.576791369544833454e-01 1.000000000000000000e+00
6.468937348035278312e+00 9.501514635175322354e+00 -5.411520226852076787e-01 1.000000000000000000e+00
6.483249156327392626e+00 9.405538235545915171e+00 -5.246067273541552556e-01 1.000000000000000000e+00
6.497560964619506052e+00 9.309245838443489518e+00 -5.080438068329208301e-01 1.000000000000000000e+00
6.511872772911619478e+00 9.212640678999658661e+00 -4.914638175852483193e-01 1.000000000000000000e+00
6.526184581203732904e+00 9.115726002853902443e+00 -4.748673166483400321e-01 1.000000000000000000e+00
6.540496389495846330e+00 9.018505066044523844e+00 -4.582548616141395303e-01 1.000000000000000000e+00
6.554808197787959756e+00 8.920981134899264475e+00 -4.416270106106032212e-01 1.000000000000000000e+00
6.569120006080073182e+00 8.823157485925532839e+00 -4.249843222829416955e-01 1.000000000000000000e+00
6.583431814372186608e+00 8.725037405700360793e+00 -4.083273557748555160e-01 1.000000000000000000e+00
6.597743622664300034e+00 8.626624190759956790e+00 -3.916566707097489664e-01 1.000000000000000000e+00
6.612055430956413460e+00 8.527921147488962461e+00 -3.749728271719265926e-01 1.000000000000000000e+00
6.626367239248526886e+00 8.428931592009393015e+00 -3.582763856877814179e-01 1.000000000000000000e+00
6.640679047540640312e+00 8.329658850069179721e+00 -3.415679072069554012e-01 1.000000000000000000e+00
6.654990855832753738e+00 8.230106256930458386e+00 -3.248479530834983420e-01 1.000000000000000000e+00
6.669302664124867164e+00 8.130277157257525644e+00 -3.081170850570064679e-01 1.000000000000000000e+00
6.683614472416980590e+00 8.030174905004439978e+00 -2.913758652337489763e-01 1.000000000000000000e+00
6.697926280709094016e+00 7.929802863302379379e+00 -2.746248560677874706e-01 1.000000000000000000e+00
6.712238089001207442e+00 7.829164404346606432e+00 -2.578646203420720817e-01 1.000000000000000000e+00
6.726549897293320868e+00 7.728262909283198034e+00 -2.410957211495385055e-01 1.000000000000000000e+00
6.740861705585434294e+00 7.627101768095446488e+00 -2.243187218741885258e-01 1.000000000000000000e+00
6.755173513877547720e+00 7.525684379489964826e+00 -2.075341861721620718e-01 1.000000000000000000e+00
6.769485322169661146e+00 7.424014150782488386e+00 -1.907426779527988392e-01 1.000000000000000000e+00
6.783797130461774572e+00 7.322094497783434797e+00 -1.739447613596977193e-01 1.000000000000000000e+00
6.798108938753887998e+00 7.219928844683098923e+00 -1.571410007517556329e-01 1.000000000000000000e+00
6.812420747046001424e+00 7.117520623936638202e+00 -1.403319606842118594e-01 1.000000000000000000e+00
6.826732555338114850e+00 7.014873276148740011e+00 -1.235182058896795443e-01 1.000000000000000000e+00
6.841044363630228275e+00 6.911990249958029686e+00 -1.067003012591709737e-01 1.000000000000000000e+00
6.855356171922341701e+00 6.808875001921231629e+00 -8.987881182312412731e-02 1.000000000000000000e+00
6.869667980214455127e+00 6.705530996396997345e+00 -7.305430273241175776e-02 1.000000000000000000e+00
6.883979788506568553e+00 6.601961705429539862e+00 -5.622733923935909622e-02 1.000000000000000000e+00
6.898291596798681979e+00 6.498170608631973266e+00 -3.939848667875179428e-02 1.000000000000000000e+00
6.912603405090795405e+00 6.394161193069411553e+00 -2.256831044884116677e-02 1.000000000000000000e+00
6.926915213382908831e+00 6.289936953141838316e+00 -5.737375992353637918e-03 1.000000000000000000e+00
6.941227021675022257e+00 6.185501390466653149e+00 1.109375122251410849e-02 1.000000000000000000e+00
6.955538829967135683e+00 6.080858013761070602e+00 2.792450572108802140e-02 1.000000000000000000e+00
6.969850638259249109e+00 5.976010338724221604e+00 4.475432204121616853e-02 1.000000000000000000e+00
6.984162446551362535e+00 5.870961887919040834e+00 6.158263475226656569e-02 1.000000000000000000e+00
6.998474254843475961e+00 5.765716190653908946e+00 7.840887847412522649e-02 1.000000000000000000e+00
7.012786063135589387e+00 5.660276782864111844e+00 9.523248789618600496e-02 1.000000000000000000e+00
7.027097871427702813e+00 5.554647206992997077e+00 1.120528977963511086e-01 1.000000000000000000e+00
7.041409679719816239e+00 5.448831011872989016e+00 1.288695430600156344e-01 1.000000000000000000e+00
7.055721488011930553e+00 5.342831752606340245e+00 1.456818586990563658e-01 1.000000000000000000e+00
7.070033296304043979e+00 5.236652990445730183e+00 1.624892798708083286e-01 1.000000000000000000e+00
7.084345104596157405e+00 5.130298292674551952e+00 1.792912418970510346e-01 1.000000000000000000e+00
7.098656912888270831e+00 5.023771232487138860e+00 1.960871802829694255e-01 1.000000000000000000e+00
7.112968721180384257e+00 4.917075388868647146e+00 2.128765307361283332e-01 1.000000000000000000e+00
7.127280529472497683e+00 4.810214346474854352e+00 2.296587291854258750e-01 1.000000000000000000e+00
7.141592337764611109e+00 4.703191695511711679e+00 2.464332118000455707e-01 1.000000000000000000e+00
7.155904146056724535e+00 4.596011031614730236e+00 2.631994150083997175e-01 1.000000000000000000e+00
7.170215954348837961e+00 4.488675955728163025e+00 2.799567755170646044e-01 1.000000000000000000e+00
7.184527762640951387e+00 4.381190073984064348e+00 2.967047303297005167e-01 1.000000000000000000e+00
7.198839570933064813e+00 4.273556997581077432e+00 3.134427167659744606e-01 1.000000000000000000e+00
7.213151379225178239e+00 4.165780342663150115e+00 3.301701724804591009e-01 1.000000000000000000e+00
7.227463187517291665e+00 4.057863730198032037e+00 3.468865354815275359e-01 1.000000000000000000e+00
7.241774995809405091e+00 3.949810785855609296e+00 3.635912441502353598e-01 1.000000000000000000e+00
7.256086804101518517e+00 3.841625139886132079e+00 3.802837372591845733e-01 1.000000000000000000e+00
7.270398612393631943e+00 3.733310426998194043e+00 3.969634539913866611e-01 1.000000000000000000e+00
7.284710420685745369e+00 3.624870286236655748e+00 4.136298339590990802e-01 1.000000000000000000e+00
7.299022228977858795e+00 3.516308360860370463e+00 4.302823172226543091e-01 1.000000000000000000e+00
7.313334037269972221e+00 3.407628298219778085e+00 4.469203443092727990e-01 1.000000000000000000e+00
7.327645845562085647e+00 3.298833749634392909e+00 4.635433562318547751e-01 1.000000000000000000e+00
7.341957653854199073e+00 3.189928370270085800e+00 4.801507945077682638e-01 1.000000000000000000e+00
7.356269462146312499e+00 3.080915819016314394e+00 4.967421011776069761e-01 1.000000000000000000e+00
7.370581270438425925e+00 2.971799758363182331e+00 5.133167188239379231e-01 1.000000000000000000e+00
7.384893078730539351e+00 2.862583854278397677e+00 5.298740905900278797e-01 1.000000000000000000e+00
7.399204887022652777e+00 2.753271776084092792e+00 5.464136601985545294e-01 1.000000000000000000e+00
7.413516695314766203e+00 2.643867196333585134e+00 5.629348719702900183e-01 1.000000000000000000e+00
7.427828503606879629e+00 2.534373790687935113e+00 5.794371708427775713e-01 1.000000000000000000e+00
7.442140311898993055e+00 2.424795237792493730e+00 5.959200023889751341e-01 1.000000000000000000e+00
7.456452120191106481e+00 2.315135219153301005e+00 6.123828128358836942e-01 1.000000000000000000e+00
7.470763928483219907e+00 2.205397419013387150e+00 6.288250490831532868e-01 1.000000000000000000e+00
7.485075736775333333e+00 2.095585524229031105e+00 6.452461587216610228e-01 1.000000000000000000e+00
7.499387545067446759e+00 1.985703224145841217e+00 6.616455900520772371e-01 1.000000000000000000e+00
7.513699353359560185e+00 1.875754210474837924e+00 6.780227921033963323e-01 1.000000000000000000e+00
7.528011161651673611e+00 1.765742177168414750e+00 6.943772146514490817e-01 1.000000000000000000e+00
7.542322969943787037e+00 1.655670820296234025e+00 7.107083082373880645e-01 1.000000000000000000e+00
7.556634778235900463e+00 1.545543837921040886e+00 7.270155241861491202e-01 1.000000000000000000e+00
7.570946586528013889e+00 1.435364929974452863e+00 7.432983146248806072e-01 1.000000000000000000e+00
7.585258394820127315e+00 1.325137798132603795e+00 7.595561325013574505e-01 1.000000000000000000e+00
7.599570203112240740e+00 1.214866145691812616e+00 7.757884316023552218e-01 1.000000000000000000e+00
7.613882011404355055e+00 1.104553677444145787e+00 7.919946665720042356e-01 1.000000000000000000e+00
7.628193819696468481e+00 9.942040995529821679e-01 8.081742929301062306e-01 1.000000000000000000e+00
7.642505627988581907e+00 8.838211194284382177e-01 8.243267670904367295e-01 1.000000000000000000e+00
7.656817436280695333e+00 7.734084456028775811e-01 8.404515463789973273e-01 1.000000000000000000e+00
7.671129244572808759e+00 6.629697876062564665e-01 8.565480890522567670e-01 1.000000000000000000e+00
7.685441052864922185e+00 5.525088558415288675e-01 8.726158543153470504e-01 1.000000000000000000e+00
7.699752861157035611e+00 4.420293614599791199e-01 8.886543023402334596e-01 1.000000000000000000e+00
7.714064669449149036e+00 3.315350162365311437e-01 9.046628942838527143e-01 1.000000000000000000e+00
7.728376477741262462e+00 2.210295324450771148e-01 9.206410923062111618e-01 1.000000000000000000e+00
7.742688286033375888e+00 1.105166227337056328e-01 9.365883595884620938e-01 1.000000000000000000e+00
7.757000094325489314e+00 2.335018373783771060e-15 9.525041603509368793e-01 1.000000000000000000e+00
7.771311902617602740e+00 -1.105166227337009421e-01 9.683879598711455650e-01 1.000000000000000000e+00
7.785623710909716166e+00 -2.210295324450724519e-01 9.842392245017430596e-01 1.000000000000000000e+00
7.799935519201829592e+00 -3.315350162365349740e-01 1.000057421688458348e+00 1.000000000000000000e+00
7.814247327493943018e+00 -4.420293614599745124e-01 1.015842019987982514e+00 1.000000000000000000e+00
7.828559135786056444e+00 -5.525088558415242046e-01 1.031592489085831010e+00 1.000000000000000000e+00
7.842870944078169870e+00 -6.629697876062519146e-01 1.047308299814154964e+00 1.000000000000000000e+00
7.857182752370283296e+00 -7.734084456028728072e-01 1.062988924169521399e+00 1.000000000000000000e+00
7.871494560662396722e+00 -8.838211194284419925e-01 1.078633835330653934e+00 1.000000000000000000e+00
7.885806368954510148e+00 -9.942040995529773939e-01 1.094242507676126852e+00 1.000000000000000000e+00
7.900118177246623574e+00 -1.104553677444141124e+00 1.109814416802032300e+00 1.000000000000000000e+00
7.914429985538737000e+00 -1.214866145691799293e+00 1.125349039539593532e+00 1.000000000000000000e+00
7.928741793830850426e+00 -1.325137798132590916e+00 1.140845853972742630e+00 1.000000000000000000e+00
7.943053602122963852e+00 -1.435364929974447978e+00 1.156304339455657360e+00 1.000000000000000000e+00
7.957365410415077278e+00 -1.545543837921036001e+00 1.171723976630248076e+00 1.000000000000000000e+00
7.971677218707190704e+00 -1.655670820296221368e+00 1.187104247443613536e+00 1.000000000000000000e+00
7.985989026999304130e+00 -1.765742177168401428e+00 1.202444635165440756e+00 1.000000000000000000e+00
8.000300835291417556e+00 -1.875754210474824824e+00 1.217744624405368459e+00 1.000000000000000000e+00
8.014612643583530982e+00 -1.985703224145828338e+00 1.233003701130300334e+00 1.000000000000000000e+00
8.028924451875644408e+00 -2.095585524229026220e+00 1.248221352681677887e+00 1.000000000000000000e+00
8.043236260167757834e+00 -2.205397419013382265e+00 1.263397067792699113e+00 1.000000000000000000e+00
8.057548068459871260e+00 -2.315135219153287682e+00 1.278530336605501638e+00 1.000000000000000000e+00
8.071859876751984686e+00 -2.424795237792481295e+00 1.293620650688288798e+00 1.000000000000000000e+00
8.086171685044098112e+00 -2.534373790687921790e+00 1.308667503052412640e+00 1.000000000000000000e+00
8.100483493336211538e+00 -2.643867196333580250e+00 1.323670388169407186e+00 1.000000000000000000e+00
8.114795301628324964e+00 -2.753271776084088351e+00 1.338628801987969297e+00 1.000000000000000000e+00
8.129107109920438390e+00 -2.862583854278384798e+00 1.353542241950898894e+00 1.000000000000000000e+00
8.143418918212551816e+00 -2.971799758363169897e+00 1.368410207011980351e+00 1.000000000000000000e+00
8.157730726504665242e+00 -3.080915819016300627e+00 1.383232197652815909e+00 1.000000000000000000e+00
8.172042534796778668e+00 -3.189928370270072477e+00 1.398007715899608483e+00 1.000000000000000000e+00
8.186354343088892094e+00 -3.298833749634388024e+00 1.412736265339893604e+00 1.000000000000000000e+00
8.200666151381005520e+00 -3.407628298219772756e+00 1.427417351139211865e+00 1.000000000000000000e+00
8.214977959673118946e+00 -3.516308360860357585e+00 1.442050480057741613e+00 1.000000000000000000e+00
8.229289767965232372e+00 -3.624870286236642425e+00 1.456635160466865031e+00 1.000000000000000000e+00
8.243601576257345798e+00 -3.733310426998181608e+00 1.471170902365687372e+00 1.000000000000000000e+00
8.257913384549459224e+00 -3.841625139886127638e+00 1.485657217397499341e+00 1.000000000000000000e+00
8.272225192841572650e+00 -3.949810785855604855e+00 1.500093618866181311e+00 1.000000000000000000e+00
8.286537001133686076e+00 -4.057863730198019603e+00 1.514479621752560679e+00 1.000000000000000000e+00
8.300848809425799502e+00 -4.165780342663136793e+00 1.528814742730702614e+00 1.000000000000000000e+00
8.315160617717912928e+00 -4.273556997581064998e+00 1.543098500184149957e+00 1.000000000000000000e+00
8.329472426010026354e+00 -4.381190073984059019e+00 1.557330414222104054e+00 1.000000000000000000e+00
8.343784234302139780e+00 -4.488675955728158584e+00 1.571510006695545192e+00 1.000000000000000000e+00
8.358096042594253205e+00 -4.596011031614717801e+00 1.585636801213301750e+00 1.000000000000000000e+00
8.372407850886366631e+00 -4.703191695511699244e+00 1.599710323158051173e+00 1.000000000000000000e+00
8.386719659178480057e+00 -4.810214346474841030e+00 1.613730099702268328e+00 1.000000000000000000e+00
8.401031467470593483e+00 -4.917075388868634711e+00 1.627695659824109242e+00 1.000000000000000000e+00
8.415343275762706909e+00 -5.023771232487133531e+00 1.641606534323238442e+00 1.000000000000000000e+00
8.429655084054820335e+00 -5.130298292674546623e+00 1.655462255836587460e+00 1.000000000000000000e+00
8.443966892346933761e+00 -5.236652990445715972e+00 1.669262358854063821e+00 1.000000000000000000e+00
8.458278700639048964e+00 -5.342831752606343798e+00 1.683006379734187430e+00 1.000000000000000000e+00
8.472590508931162390e+00 -5.448831011872984575e+00 1.696693856719663218e+00 1.000000000000000000e+00
8.486902317223275816e+00 -5.554647206992993524e+00 1.710324329952902511e+00 1.000000000000000000e+00
8.501214125515389242e+00 -5.660276782864107403e+00 1.723897341491470003e+00 1.000000000000000000e+00
8.515525933807502668e+00 -5.765716190653910722e+00 1.737412435323467008e+00 1.000000000000000000e+00
8.529837742099616094e+00 -5.870961887919036393e+00 1.750869157382852537e+00 1.000000000000000000e+00
8.544149550391729520e+00 -5.976010338724217164e+00 1.764267055564701314e+00 1.000000000000000000e+00
8.558461358683842946e+00 -6.080858013761066161e+00 1.777605679740390743e+00 1.000000000000000000e+00
8.572773166975956372e+00 -6.185501390466647820e+00 1.790884581772725692e+00 1.000000000000000000e+00
8.587084975268069797e+00 -6.289936953141832987e+00 1.804103315530991125e+00 1.000000000000000000e+00
8.601396783560183223e+00 -6.394161193069416882e+00 1.817261436905945882e+00 1.000000000000000000e+00
8.615708591852296649e+00 -6.498170608631969714e+00 1.830358503824736749e+00 1.000000000000000000e+00
8.630020400144410075e+00 -6.601961705429533644e+00 1.843394076265757242e+00 1.000000000000000000e+00
8.644332208436523501e+00 -6.705530996396993793e+00 1.856367716273428448e+00 1.000000000000000000e+00
8.658644016728636927e+00 -6.808875001921228964e+00 1.869278987972911033e+00 1.000000000000000000e+00
8.672955825020750353e+00 -6.911990249958032351e+00 1.882127457584753527e+00 1.000000000000000000e+00
8.687267633312863779e+00 -7.014873276148735570e+00 1.894912693439460005e+00 1.000000000000000000e+00
8.701579441604977205e+00 -7.117520623936633761e+00 1.907634265991999367e+00 1.000000000000000000e+00
8.715891249897090631e+00 -7.219928844683095370e+00 1.920291747836232688e+00 1.000000000000000000e+00
8.730203058189204057e+00 -7.322094497783430356e+00 1.932884713719275060e+00 1.000000000000000000e+00
8.744514866481317483e+00 -7.424014150782491051e+00 1.945412740555780617e+00 1.000000000000000000e+00
8.758826674773430909e+00 -7.525684379489961273e+00 1.957875407442156712e+00 1.000000000000000000e+00
8.773138483065544335e+00 -7.627101768095442047e+00 1.970272295670707940e+00 1.000000000000000000e+00
8.787450291357657761e+00 -7.728262909283193594e+00 1.982602988743701333e+00 1.000000000000000000e+00
8.801762099649771187e+00 -7.829164404346601991e+00 1.994867072387360052e+00 1.000000000000000000e+00
8.816073907941884613e+00 -7.929802863302374050e+00 2.007064134565780478e+00 1.000000000000000000e+00
8.830385716233998039e+00 -8.030174905004443531e+00 2.019193765494778248e+00 1.000000000000000000e+00
8.844697524526111465e+00 -8.130277157257522092e+00 2.031255557655650357e+00 1.000000000000000000e+00
8.859009332818224891e+00 -8.230106256930454833e+00 2.043249105808873534e+00 1.000000000000000000e+00
8.873321141110338317e+00 -8.329658850069174392e+00 2.055174007007713577e+00 1.000000000000000000e+00
8.887632949402451743e+00 -8.428931592009389462e+00 2.067029860611767411e+00 1.000000000000000000e+00
8.901944757694565169e+00 -8.527921147488964237e+00 2.078816268300418102e+00 1.000000000000000000e+00
8.916256565986678595e+00 -8.626624190759949684e+00 2.090532834086221925e+00 1.000000000000000000e+00
8.930568374278792021e+00 -8.725037405700355464e+00 2.102179164328209726e+00 1.000000000000000000e+00
8.944880182570905447e+00 -8.823157485925529286e+00 2.113754867745114119e+00 1.000000000000000000e+00
8.959191990863018873e+00 -8.920981134899259146e+00 2.125259555428514080e+00 1.000000000000000000e+00
8.973503799155132299e+00 -9.018505066044529173e+00 2.136692840855900943e+00 1.000000000000000000e+00
8.987815607447245725e+00 -9.115726002853898891e+00 2.148054339903662679e+00 1.000000000000000000e+00
9.002127415739359151e+00 -9.212640678999653332e+00 2.159343670859994457e+00 1.000000000000000000e+00
9.016439224031472577e+00 -9.309245838443485965e+00 2.170560454437718167e+00 1.000000000000000000e+00
9.030751032323586003e+00 -9.405538235545911618e+00 2.181704313787026894e+00 1.000000000000000000e+00
9.045062840615699429e+00 -9.501514635175309920e+00 2.192774874508146343e+00 1.000000000000000000e+00
9.059374648907812855e+00 -9.597171812816622349e+00 2.203771764663913668e+00 1.000000000000000000e+00
9.073686457199926281e+00 -9.692506554679654940e+00 2.214694614792270144e+00 1.000000000000000000e+00
9.087998265492039707e+00 -9.787515657807096758e+00 2.225543057918680567e+00 1.000000000000000000e+00
9.102310073784153133e+00 -9.882195930182103183e+00 2.236316729568456285e+00 1.000000000000000000e+00
9.116621882076266559e+00 -9.976544190835534565e+00 2.247015267779003622e+00 1.000000000000000000e+00
9.130933690368379985e+00 -1.007055726995285028e+01 2.257638313111984818e+00 1.000000000000000000e+00
9.145245498660493411e+00 -1.016423200898057111e+01 2.268185508665389705e+00 1.000000000000000000e+00
9.159557306952606837e+00 -1.025756526073242547e+01 2.278656500085533221e+00 1.000000000000000000e+00
9.173869115244720263e+00 -1.035055388949507638e+01 2.289050935578957446e+00 1.000000000000000000e+00
9.188180923536833689e+00 -1.044319477113347006e+01 2.299368465924248373e+00 1.000000000000000000e+00
9.202492731828947115e+00 -1.053548479319579734e+01 2.309608744483773179e+00 1.000000000000000000e+00
9.216804540121060541e+00 -1.062742085501806955e+01 2.319771427215323811e+00 1.000000000000000000e+00
9.231116348413173966e+00 -1.071899986782826630e+01 2.329856172683673954e+00 1.000000000000000000e+00
9.245428156705287392e+00 -1.081021875485014760e+01 2.339862642072054300e+00 1.000000000000000000e+00
9.259739964997400818e+00 -1.090107445140659514e+01 2.349790499193533222e+00 1.000000000000000000e+00
9.274051773289514244e+00 -1.099156390502259484e+01 2.359639410502312185e+00 1.000000000000000000e+00
9.288363581581627670e+00 -1.108168407552777346e+01 2.369409045104931888e+00 1.000000000000000000e+00
9.302675389873741096e+00 -1.117143193515853739e+01 2.379099074771387823e+00 1.000000000000000000e+00
9.316987198165854522e+00 -1.126080446865982942e+01 2.388709173946161002e+00 1.000000000000000000e+00
9.331299006457967948e+00 -1.134979867338638826e+01 2.398239019759153656e+00 1.000000000000000000e+00
9.345610814750081374e+00 -1.143841155940365262e+01 2.407688292036535227e+00 1.000000000000000000e+00
9.359922623042194800e+00 -1.152664014958822847e+01 2.417056673311503534e+00 1.000000000000000000e+00
9.374234431334308226e+00 -1.161448147972786060e+01 2.426343848834944250e+00 1.000000000000000000e+00
9.388546239626421652e+00 -1.170193259862107382e+01 2.435549506586012658e+00 1.000000000000000000e+00
9.402858047918535078e+00 -1.178899056817630608e+01 2.444673337282611936e+00 1.000000000000000000e+00
9.417169856210648504e+00 -1.187565246351060644e+01 2.453715034391785288e+00 1.000000000000000000e+00
9.431481664502761930e+00 -1.196191537304791375e+01 2.462674294140014819e+00 1.000000000000000000e+00
9.445793472794875356e+00 -1.204777639861689842e+01 2.471550815523427591e+00 1.000000000000000000e+00
9.460105281086988782e+00 -1.213323265554826413e+01 2.480344300317906203e+00 1.000000000000000000e+00
9.474417089379102208e+00 -1.221828127277175291e+01 2.489054453089112329e+00 1.000000000000000000e+00
9.488728897671215634e+00 -1.230291939291253911e+01 2.497680981202408557e+00 1.000000000000000000e+00
9.503040705963329060e+00 -1.238714417238725929e+01 2.506223594832692747e+00 1.000000000000000000e+00
9.517352514255442486e+00 -1.247095278149953579e+01 2.514682006974134243e+00 1.000000000000000000e+00
9.531664322547555912e+00 -1.255434240453504202e+01 2.523055933449814603e+00 1.000000000000000000e+00
9.545976130839669338e+00 -1.263731023985611834e+01 2.531345092921277296e+00 1.000000000000000000e+00
9.560287939131782764e+00 -1.271985349999588877e+01 2.539549206897981026e+00 1.000000000000000000e+00
9.574599747423896190e+00 -1.280196941175190695e+01 2.547667999746652256e+00 1.000000000000000000e+00
9.588911555716011392e+00 -1.288365521627934918e+01 2.555701198700550236e+00 1.000000000000000000e+00
9.603223364008124818e+00 -1.296490816918364608e+01 2.563648533868625012e+00 1.000000000000000000e+00
9.617535172300238244e+00 -1.304572554061276257e+01 2.571509738244591059e+00 1.000000000000000000e+00
9.631846980592351670e+00 -1.312610461534887563e+01 2.579284547715896991e+00 1.000000000000000000e+00
9.646158788884465096e+00 -1.320604269289957600e+01 2.586972701072593139e+00 1.000000000000000000e+00
9.660470597176578522e+00 -1.328553708758862761e+01 2.594573940016115632e+00 1.000000000000000000e+00
9.674782405468691948e+00 -1.336458512864620118e+01 2.602088009167958127e+00 1.000000000000000000e+00
9.689094213760805374e+00 -1.344318416029857843e+01 2.609514656078256056e+00 1.000000000000000000e+00
9.703406022052918800e+00 -1.352133154185739450e+01 2.616853631234264732e+00 1.000000000000000000e+00
9.717717830345032226e+00 -1.359902464780834919e+01 2.624104688068743307e+00 1.000000000000000000e+00
9.732029638637145652e+00 -1.367626086789943152e+01 2.631267582968241037e+00 1.000000000000000000e+00
9.746341446929259078e+00 -1.375303760722859181e+01 2.638342075281277843e+00 1.000000000000000000e+00
9.760653255221372504e+00 -1.382935228633095370e+01 2.645327927326432960e+00 1.000000000000000000e+00
9.774965063513485930e+00 -1.390520234126544707e+01 2.652224904400329653e+00 1.000000000000000000e+00
9.789276871805599356e+00 -1.398058522370095247e+01 2.659032774785517361e+00 1.000000000000000000e+00
9.803588680097712782e+00 -1.405549840100194281e+01 2.665751309758261467e+00 1.000000000000000000e+00
9.817900488389826208e+00 -1.412993935631354603e+01 2.672380283596224704e+00 1.000000000000000000e+00
9.832212296681939634e+00 -1.420390558864611208e+01 2.678919473586051314e+00 1.000000000000000000e+00
9.846524104974053060e+00 -1.427739461295924350e+01 2.685368660030849952e+00 1.000000000000000000e+00
9.860835913266166486e+00 -1.435040396024527887e+01 2.691727626257574890e+00 1.000000000000000000e+00
9.875147721558279912e+00 -1.442293117761223442e+01 2.697996158624304197e+00 1.000000000000000000e+00
9.889459529850393338e+00 -1.449497382836624659e+01 2.704174046527419772e+00 1.000000000000000000e+00
9.903771338142506764e+00 -1.456652949209339454e+01 2.710261082408680799e+00 1.000000000000000000e+00
9.918083146434620190e+00 -1.463759576474105195e+01 2.716257061762198610e+00 1.000000000000000000e+00
9.932394954726733616e+00 -1.470817025869864203e+01 2.722161783141307190e+00 1.000000000000000000e+00
9.946706763018847042e+00 -1.477825060287785597e+01 2.727975048165329763e+00 1.000000000000000000e+00
9.961018571310960468e+00 -1.484783444279231901e+01 2.733696661526245908e+00 1.000000000000000000e+00
9.975330379603073894e+00 -1.491691944063667563e+01 2.739326430995252082e+00 1.000000000000000000e+00
9.989642187895187320e+00 -1.498550327536516313e+01 2.744864167429218682e+00 1.000000000000000000e+00
1.000395399618730075e+01 -1.505358364276956351e+01 2.750309684777048957e+00 1.000000000000000000e+00
1.001826580447941417e+01 -1.512115825555663307e+01 2.755662800085924680e+00 1.000000000000000000e+00
1.003257761277152760e+01 -1.518822484342494050e+01 2.760923333507455002e+00 1.000000000000000000e+00
1.004688942106364102e+01 -1.525478115314116678e+01 2.766091108303720958e+00 1.000000000000000000e+00
1.006120122935575445e+01 -1.532082494861574773e+01 2.771165950853208493e+00 1.000000000000000000e+00
1.007551303764786788e+01 -1.538635401097807076e+01 2.776147690656645572e+00 1.000000000000000000e+00
1.008982484593998130e+01 -1.545136613865097885e+01 2.781036160342730046e+00 1.000000000000000000e+00
1.010413665423209473e+01 -1.551585914742474692e+01 2.785831195673751370e+00 1.000000000000000000e+00
1.011844846252420815e+01 -1.557983087053047555e+01 2.790532635551107532e+00 1.000000000000000000e+00
1.013276027081632158e+01 -1.564327915871286656e+01 2.795140322020722046e+00 1.000000000000000000e+00
1.014707207910843501e+01 -1.570620188030244790e+01 2.799654100278345492e+00 1.000000000000000000e+00
1.016138388740054843e+01 -1.576859692128718216e+01 2.804073818674759799e+00 1.000000000000000000e+00
1.017569569569266186e+01 -1.583046218538350125e+01 2.808399328720870614e+00 1.000000000000000000e+00
1.019000750398477528e+01 -1.589179559410672660e+01 2.812630485092699306e+00 1.000000000000000000e+00
1.020431931227688871e+01 -1.595259508684090832e+01 2.816767145636263514e+00 1.000000000000000000e+00
1.021863112056900214e+01 -1.601285862090802681e+01 2.820809171372351098e+00 1.000000000000000000e+00
1.023294292886111556e+01 -1.607258417163666664e+01 2.824756426501194628e+00 1.000000000000000000e+00
1.024725473715322899e+01 -1.613176973243000845e+01 2.828608778407028623e+00 1.000000000000000000e+00
1.026156654544534241e+01 -1.619041331483325408e+01 2.832366097662548654e+00 1.000000000000000000e+00
1.027587835373745584e+01 -1.624851294860042472e+01 2.836028258033256311e+00 1.000000000000000000e+00
1.029019016202956927e+01 -1.630606668176057283e+01 2.839595136481704696e+00 1.000000000000000000e+00
1.030450197032168269e+01 -1.636307258068333681e+01 2.843066613171627566e+00 1.000000000000000000e+00
1.031881377861379612e+01 -1.641952873014392722e+01 2.846442571471968996e+00 1.000000000000000000e+00
1.033312558690590954e+01 -1.647543323338746646e+01 2.849722897960799362e+00 1.000000000000000000e+00
1.034743739519802297e+01 -1.653078421219269600e+01 2.852907482429127395e+00 1.000000000000000000e+00
1.036174920349013640e+01 -1.658557980693511880e+01 2.855996217884603450e+00 1.000000000000000000e+00
1.037606101178224982e+01 -1.663981817664942753e+01 2.858989000555110405e+00 1.000000000000000000e+00
1.039037282007436325e+01 -1.669349749909140357e+01 2.861885729892255981e+00 1.000000000000000000e+00
1.040468462836647667e+01 -1.674661597079909825e+01 2.864686308574745155e+00 1.000000000000000000e+00
1.041899643665859010e+01 -1.679917180715344927e+01 2.867390642511654875e+00 1.000000000000000000e+00
1.043330824495070352e+01 -1.685116324243823271e+01 2.869998640845590199e+00 1.000000000000000000e+00
1.044762005324281695e+01 -1.690258852989938632e+01 2.872510215955741852e+00 1.000000000000000000e+00
1.046193186153493038e+01 -1.695344594180367892e+01 2.874925283460825653e+00 1.000000000000000000e+00
1.047624366982704380e+01 -1.700373376949678317e+01 2.877243762221919798e+00 1.000000000000000000e+00
1.049055547811915723e+01 -1.705345032346065892e+01 2.879465574345192014e+00 1.000000000000000000e+00
1.050486728641127065e+01 -1.710259393337034695e+01 2.881590645184512578e+00 1.000000000000000000e+00
1.051917909470338408e+01 -1.715116294815002718e+01 2.883618903343965645e+00 1.000000000000000000e+00
1.053349090299549751e+01 -1.719915573602856540e+01 2.885550280680247770e+00 1.000000000000000000e+00
1.054780271128761093e+01 -1.724657068459427478e+01 2.887384712304954970e+00 1.000000000000000000e+00
1.056211451957972436e+01 -1.729340620084912672e+01 2.889122136586765865e+00 1.000000000000000000e+00
1.057642632787183778e+01 -1.733966071126224406e+01 2.890762495153509359e+00 1.000000000000000000e+00
1.059073813616395121e+01 -1.738533266182278325e+01 2.892305732894127068e+00 1.000000000000000000e+00
1.060504994445606464e+01 -1.743042051809214499e+01 2.893751797960526062e+00 1.000000000000000000e+00
1.061936175274817806e+01 -1.747492276525550992e+01 2.895100641769319250e+00 1.000000000000000000e+00
1.063367356104029149e+01 -1.751883790817275965e+01 2.896352219003457851e+00 1.000000000000000000e+00
1.064798536933240491e+01 -1.756216447142866954e+01 2.897506487613753290e+00 1.000000000000000000e+00
1.066229717762451834e+01 -1.760490099938252229e+01 2.898563408820292064e+00 1.000000000000000000e+00
1.067660898591663177e+01 -1.764704605621697553e+01 2.899522947113737370e+00 1.000000000000000000e+00
1.069092079420874519e+01 -1.768859822598632903e+01 2.900385070256520148e+00 1.000000000000000000e+00
1.070523260250085862e+01 -1.772955611266408837e+01 2.901149749283926216e+00 1.000000000000000000e+00
1.071954441079297382e+01 -1.776991834018984662e+01 2.901816958505067046e+00 1.000000000000000000e+00
1.073385621908508725e+01 -1.780968355251553348e+01 2.902386675503741298e+00 1.000000000000000000e+00
1.074816802737720067e+01 -1.784885041365099667e+01 2.902858881139191105e+00 1.000000000000000000e+00
1.076247983566931410e+01 -1.788741760770883715e+01 2.903233559546743781e+00 1.000000000000000000e+00
1.077679164396142752e+01 -1.792538383894866172e+01 2.903510698138344726e+00 1.000000000000000000e+00
1.079110345225354095e+01 -1.796274783182058954e+01 2.903690287602980646e+00 1.000000000000000000e+00
1.080541526054565438e+01 -1.799950833100812631e+01 2.903772321906990861e+00 1.000000000000000000e+00
1.081972706883776780e+01 -1.803566410147032428e+01 2.903756798294273356e+00 1.000000000000000000e+00
1.083403887712988123e+01 -1.807121392848327446e+01 2.903643717286373604e+00 1.000000000000000000e+00
1.084835068542199465e+01 -1.810615661768094853e+01 2.903433082682469468e+00 1.000000000000000000e+00
1.086266249371410808e+01 -1.814049099509526997e+01 2.903124901559242854e+00 1.000000000000000000e+00
1.087697430200622151e+01 -1.817421590719560243e+01 2.902719184270642572e+00 1.000000000000000000e+00
1.089128611029833493e+01 -1.820733022092749565e+01 2.902215944447534834e+00 1.000000000000000000e+00
1.090559791859044836e+01 -1.823983282375074566e+01 2.901615198997247624e+00 1.000000000000000000e+00
1.091990972688256178e+01 -1.827172262367676936e+01 2.900916968102999149e+00 1.000000000000000000e+00
1.093422153517467521e+01 -1.830299854930528980e+01 2.900121275223224604e+00 1.000000000000000000e+00
1.094853334346678864e+01 -1.833365954986036073e+01 2.899228147090783914e+00 1.000000000000000000e+00
1.096284515175890206e+01 -1.836370459522562371e+01 2.898237613712065563e+00 1.000000000000000000e+00
1.097715696005101549e+01 -1.839313267597895418e+01 2.897149708365978071e+00 1.000000000000000000e+00
1.099146876834312891e+01 -1.842194280342636148e+01 2.895964467602830439e+00 1.000000000000000000e+00
1.100578057663524234e+01 -1.845013400963520667e+01 2.894681931243108242e+00 1.000000000000000000e+00
1.102009238492735577e+01 -1.847770534746671345e+01 2.893302142376130703e+00 1.000000000000000000e+00
1.103440419321946919e+01 -1.850465589060780047e+01 2.891825147358607406e+00 1.000000000000000000e+00
1.104871600151158262e+01 -1.853098473360220666e+01 2.890250995813076873e+00 1.000000000000000000e+00
1.106302780980369604e+01 -1.855669099188090243e+01 2.888579740626243453e+00 1.000000000000000000e+00
1.107733961809580947e+01 -1.858177380179179750e+01 2.886811437947196524e+00 1.000000000000000000e+00
1.109165142638792290e+01 -1.860623232062879140e+01 2.884946147185527554e+00 1.000000000000000000e+00
1.110596323468003632e+01 -1.863006572666004956e+01 2.882983931009331702e+00 1.000000000000000000e+00
1.112027504297214975e+01 -1.865327321915563275e+01 2.880924855343103275e+00 1.000000000000000000e+00
1.113458685126426317e+01 -1.867585401841439108e+01 2.878768989365521058e+00 1.000000000000000000e+00
1.114889865955637660e+01 -1.869780736579016178e+01 2.876516405507123508e+00 1.000000000000000000e+00
1.116321046784849003e+01 -1.871913252371724923e+01 2.874167179447876475e+00 1.000000000000000000e+00
1.117752227614060345e+01 -1.873982877573521932e+01 2.871721390114629013e+00 1.000000000000000000e+00
1.119183408443271688e+01 -1.875989542651296205e+01 2.869179119678462175e+00 1.000000000000000000e+00
1.120614589272483030e+01 -1.877933180187205764e+01 2.866540453551929879e+00 1.000000000000000000e+00
1.122045770101694373e+01 -1.879813724880942161e+01 2.863805480386186098e+00 1.000000000000000000e+00
1.123476950930905716e+01 -1.881631113551923562e+01 2.860974292068009905e+00 1.000000000000000000e+00
1.124908131760117058e+01 -1.883385285141419629e+01 2.858046983716716838e+00 1.000000000000000000e+00
1.126339312589328401e+01 -1.885076180714601435e+01 2.855023653680961448e+00 1.000000000000000000e+00
1.127770493418539743e+01 -1.886703743462520677e+01 2.851904403535436838e+00 1.000000000000000000e+00
1.129201674247751086e+01 -1.888267918704020332e+01 2.848689338077458721e+00 1.000000000000000000e+00
1.130632855076962429e+01 -1.889768653887571048e+01 2.845378565323446018e+00 1.000000000000000000e+00
1.132064035906173771e+01 -1.891205898593035428e+01 2.841972196505292647e+00 1.000000000000000000e+00
1.133495216735385114e+01 -1.892579604533363380e+01 2.838470346066628291e+00 1.000000000000000000e+00
1.134926397564596456e+01 -1.893889725556214287e+01 2.834873131658975254e+00 1.000000000000000000e+00
1.136357578393807799e+01 -1.895136217645507415e+01 2.831180674137794284e+00 1.000000000000000000e+00
1.137788759223019142e+01 -1.896319038922899836e+01 2.827393097558426494e+00 1.000000000000000000e+00
1.139219940052230484e+01 -1.897438149649195083e+01 2.823510529171922467e+00 1.000000000000000000e+00
1.140651120881441827e+01 -1.898493512225677193e+01 2.819533099420769684e+00 1.000000000000000000e+00
1.142082301710653169e+01 -1.899485091195374054e+01 2.815460941934507577e+00 1.000000000000000000e+00
1.143513482539864512e+01 -1.900412853244248268e+01 2.811294193525241347e+00 1.000000000000000000e+00
1.144944663369075855e+01 -1.901276767202317686e+01 2.807032994183041197e+00 1.000000000000000000e+00
1.146375844198287197e+01 -1.902076804044700964e+01 2.802677487071242535e+00 1.000000000000000000e+00
1.147807025027498540e+01 -1.902812936892594564e+01 2.798227818521635601e+00 1.000000000000000000e+00
1.149238205856709882e+01 -1.903485141014173365e+01 2.793684138029547626e+00 1.000000000000000000e+00
1.150669386685921225e+01 -1.904093393825424485e+01 2.789046598248820619e+00 1.000000000000000000e+00
1.152100567515132568e+01 -1.904637674890902943e+01 2.784315354986684365e+00 1.000000000000000000e+00
1.153531748344343910e+01 -1.905117965924421242e+01 2.779490567198519724e+00 1.000000000000000000e+00
1.154962929173555253e+01 -1.905534250789661144e+01 2.774572396982519784e+00 1.000000000000000000e+00
1.156394110002766595e+01 -1.905886515500717948e+01 2.769561009574241783e+00 1.000000000000000000e+00
1.157825290831977938e+01 -1.906174748222569093e+01 2.764456573341059098e+00 1.000000000000000000e+00
1.159256471661189281e+01 -1.906398939271471704e+01 2.759259259776500439e+00 1.000000000000000000e+00
1.160687652490400623e+01 -1.906559081115288379e+01 2.753969243494492236e+00 1.000000000000000000e+00
1.162118833319611966e+01 -1.906655168373740494e+01 2.748586702223487777e+00 1.000000000000000000e+00
1.163550014148823308e+01 -1.906687197818588686e+01 2.743111816800502201e+00 1.000000000000000000e+00
1.164981194978034651e+01 -1.906655168373740494e+01 2.737544771165029811e+00 1.000000000000000000e+00
1.166412375807245994e+01 -1.906559081115288379e+01 2.731885752352869456e+00 1.000000000000000000e+00
1.167843556636457336e+01 -1.906398939271471704e+01 2.726134950489838005e+00 1.000000000000000000e+00
1.169274737465668679e+01 -1.906174748222569093e+01 2.720292558785384340e+00 1.000000000000000000e+00
1.170705918294880021e+01 -1.905886515500718303e+01 2.714358773526097224e+00 1.000000000000000000e+00
1.172137099124091364e+01 -1.905534250789661144e+01 2.708333794069110123e+00 1.000000000000000000e+00
1.173568279953302707e+01 -1.905117965924421242e+01 2.702217822835405681e+00 1.000000000000000000e+00
1.174999460782514049e+01 -1.904637674890902943e+01 2.696011065303012266e+00 1.000000000000000000e+00
1.176430641611725392e+01 -1.904093393825424485e+01 2.689713730000101943e+00 1.000000000000000000e+00
1.177861822440936734e+01 -1.903485141014173365e+01 2.683326028497983629e+00 1.000000000000000000e+00
1.179293003270148077e+01 -1.902812936892594919e+01 2.676848175403997665e+00 1.000000000000000000e+00
1.180724184099359420e+01 -1.902076804044700964e+01 2.670280388354301593e+00 1.000000000000000000e+00
1.182155364928570762e+01 -1.901276767202317686e+01 2.663622888006561329e+00 1.000000000000000000e+00
1.183586545757782105e+01 -1.900412853244248268e+01 2.656875898032536210e+00 1.000000000000000000e+00
1.185017726586993625e+01 -1.899485091195374054e+01 2.650039645110564113e+00 1.000000000000000000e+00
1.186448907416204968e+01 -1.898493512225677193e+01 2.643114358917949325e+00 1.000000000000000000e+00
1.187880088245416310e+01 -1.897438149649195438e+01 2.636100272123240273e+00 1.000000000000000000e+00
1.189311269074627653e+01 -1.896319038922899836e+01 2.628997620378416222e+00 1.000000000000000000e+00
1.190742449903838995e+01 -1.895136217645507415e+01 2.621806642310969160e+00 1.000000000000000000e+00
1.192173630733050338e+01 -1.893889725556214287e+01 2.614527579515887545e+00 1.000000000000000000e+00
1.193604811562261681e+01 -1.892579604533363380e+01 2.607160676547538358e+00 1.000000000000000000e+00
1.195035992391473023e+01 -1.891205898593035073e+01 2.599706180911450115e+00 1.000000000000000000e+00
1.196467173220684366e+01 -1.889768653887571048e+01 2.592164343056001741e+00 1.000000000000000000e+00
1.197898354049895708e+01 -1.888267918704020687e+01 2.584535416364001748e+00 1.000000000000000000e+00
1.199329534879107051e+01 -1.886703743462520677e+01 2.576819657144179487e+00 1.000000000000000000e+00
1.200760715708318394e+01 -1.885076180714601435e+01 2.569017324622573817e+00 1.000000000000000000e+00
1.202191896537529736e+01 -1.883385285141419629e+01 2.561128680933822732e+00 1.000000000000000000e+00
1.203623077366741079e+01 -1.881631113551923917e+01 2.553153991112356191e+00 1.000000000000000000e+00
1.205054258195952421e+01 -1.879813724880942161e+01 2.545093523083493903e+00 1.000000000000000000e+00
1.206485439025163764e+01 -1.877933180187206119e+01 2.536947547654441859e+00 1.000000000000000000e+00
1.207916619854375107e+01 -1.875989542651296205e+01 2.528716338505193395e+00 1.000000000000000000e+00
1.209347800683586449e+01 -1.873982877573521932e+01 2.520400172179337428e+00 1.000000000000000000e+00
1.210778981512797792e+01 -1.871913252371724568e+01 2.511999328074762783e+00 1.000000000000000000e+00
1.212210162342009134e+01 -1.869780736579016178e+01 2.503514088434279028e+00 1.000000000000000000e+00
1.213641343171220477e+01 -1.867585401841439108e+01 2.494944738336124512e+00 1.000000000000000000e+00
1.215072524000431820e+01 -1.865327321915563630e+01 2.486291565684394023e+00 1.000000000000000000e+00
1.216503704829643162e+01 -1.863006572666005312e+01 2.477554861199366965e+00 1.000000000000000000e+00
1.217934885658854505e+01 -1.860623232062879140e+01 2.468734918407735623e+00 1.000000000000000000e+00
1.219366066488065847e+01 -1.858177380179179750e+01 2.459832033632748161e+00 1.000000000000000000e+00
1.220797247317277190e+01 -1.855669099188090243e+01 2.450846505984249912e+00 1.000000000000000000e+00
1.222228428146488532e+01 -1.853098473360220666e+01 2.441778637348636316e+00 1.000000000000000000e+00
1.223659608975699875e+01 -1.850465589060780047e+01 2.432628732378708580e+00 1.000000000000000000e+00
1.225090789804911218e+01 -1.847770534746671345e+01 2.423397098483440537e+00 1.000000000000000000e+00
1.226521970634122560e+01 -1.845013400963520667e+01 2.414084045817646018e+00 1.000000000000000000e+00
1.227953151463333903e+01 -1.842194280342636148e+01 2.404689887271567628e+00 1.000000000000000000e+00
1.229384332292545245e+01 -1.839313267597895774e+01 2.395214938460354048e+00 1.000000000000000000e+00
1.230815513121756588e+01 -1.836370459522562726e+01 2.385659517713462296e+00 1.000000000000000000e+00
1.232246693950967931e+01 -1.833365954986036073e+01 2.376023946063961390e+00 1.000000000000000000e+00
1.233677874780179273e+01 -1.830299854930529690e+01 2.366308547237748527e+00 1.000000000000000000e+00
1.235109055609390616e+01 -1.827172262367676936e+01 2.356513647642668463e+00 1.000000000000000000e+00
1.236540236438601958e+01 -1.823983282375075277e+01 2.346639576357552492e+00 1.000000000000000000e+00
1.237971417267813301e+01 -1.820733022092749920e+01 2.336686665121158857e+00 1.000000000000000000e+00
1.239402598097024644e+01 -1.817421590719560243e+01 2.326655248321027436e+00 1.000000000000000000e+00
1.240833778926235986e+01 -1.814049099509526997e+01 2.316545662982247844e+00 1.000000000000000000e+00
1.242264959755447329e+01 -1.810615661768094498e+01 2.306358248756132490e+00 1.000000000000000000e+00
1.243696140584658671e+01 -1.807121392848327801e+01 2.296093347908812365e+00 1.000000000000000000e+00
1.245127321413870014e+01 -1.803566410147032428e+01 2.285751305309728032e+00 1.000000000000000000e+00
1.246558502243081357e+01 -1.799950833100812986e+01 2.275332468420050436e+00 1.000000000000000000e+00
1.247989683072292699e+01 -1.796274783182059309e+01 2.264837187281005360e+00 1.000000000000000000e+00
1.249420863901504042e+01 -1.792538383894866172e+01 2.254265814502111720e+00 1.000000000000000000e+00
1.250852044730715384e+01 -1.788741760770884071e+01 2.243618705249337708e+00 1.000000000000000000e+00
1.252283225559926727e+01 -1.784885041365100022e+01 2.232896217233164560e+00 1.000000000000000000e+00
1.253714406389138070e+01 -1.780968355251554058e+01 2.222098710696572166e+00 1.000000000000000000e+00
1.255145587218349412e+01 -1.776991834018984662e+01 2.211226548402934533e+00 1.000000000000000000e+00
1.256576768047560755e+01 -1.772955611266408837e+01 2.200280095623829091e+00 1.000000000000000000e+00
1.258007948876772097e+01 -1.768859822598633613e+01 2.189259720126774500e+00 1.000000000000000000e+00
1.259439129705983440e+01 -1.764704605621697908e+01 2.178165792162860548e+00 1.000000000000000000e+00
1.260870310535194783e+01 -1.760490099938252584e+01 2.166998684454319868e+00 1.000000000000000000e+00
1.262301491364406125e+01 -1.756216447142867665e+01 2.155758772182000627e+00 1.000000000000000000e+00
1.263732672193617468e+01 -1.751883790817276676e+01 2.144446432972763272e+00 1.000000000000000000e+00
1.265163853022828810e+01 -1.747492276525552413e+01 2.133062046886793350e+00 1.000000000000000000e+00
1.266595033852040153e+01 -1.743042051809215565e+01 2.121605996404832606e+00 1.000000000000000000e+00
1.268026214681251496e+01 -1.738533266182279391e+01 2.110078666415326598e+00 1.000000000000000000e+00
1.269457395510462838e+01 -1.733966071126225472e+01 2.098480444201497264e+00 1.000000000000000000e+00
1.270888576339674181e+01 -1.729340620084913382e+01 2.086811719428329770e+00 1.000000000000000000e+00
1.272319757168885523e+01 -1.724657068459427478e+01 2.075072884129477657e+00 1.000000000000000000e+00
1.273750937998096866e+01 -1.719915573602856895e+01 2.063264332694101366e+00 1.000000000000000000e+00
1.275182118827308209e+01 -1.715116294815003428e+01 2.051386461853605070e+00 1.000000000000000000e+00
1.276613299656519551e+01 -1.710259393337034695e+01 2.039439670668317106e+00 1.000000000000000000e+00
1.278044480485730894e+01 -1.705345032346066958e+01 2.027424360514078927e+00 1.000000000000000000e+00
1.279475661314942236e+01 -1.700373376949679027e+01 2.015340935068761219e+00 1.000000000000000000e+00
1.280906842144153579e+01 -1.695344594180368603e+01 2.003189800298700973e+00 1.000000000000000000e+00
1.282338022973364922e+01 -1.690258852989939342e+01 1.990971364445062397e+00 1.000000000000000000e+00
1.283769203802576264e+01 -1.685116324243824337e+01 1.978686038010122328e+00 1.000000000000000000e+00
1.285200384631787607e+01 -1.679917180715345992e+01 1.966334233743476156e+00 1.000000000000000000e+00
1.286631565460998949e+01 -1.674661597079910891e+01 1.953916366628173362e+00 1.000000000000000000e+00
1.288062746290210292e+01 -1.669349749909140712e+01 1.941432853866772223e+00 1.000000000000000000e+00
1.289493927119421635e+01 -1.663981817664943463e+01 1.928884114867329913e+00 1.000000000000000000e+00
1.290925107948632977e+01 -1.658557980693512235e+01 1.916270571229301778e+00 1.000000000000000000e+00
1.292356288777844320e+01 -1.653078421219270666e+01 1.903592646729383553e+00 1.000000000000000000e+00
1.293787469607055662e+01 -1.647543323338747356e+01 1.890850767307272307e+00 1.000000000000000000e+00
1.295218650436267005e+01 -1.641952873014394143e+01 1.878045361051355666e+00 1.000000000000000000e+00
1.296649831265478525e+01 -1.636307258068334392e+01 1.865176858184327768e+00 1.000000000000000000e+00
1.298081012094689868e+01 -1.630606668176057639e+01 1.852245691048743037e+00 1.000000000000000000e+00
1.299512192923901210e+01 -1.624851294860043183e+01 1.839252294092478257e+00 1.000000000000000000e+00
1.300943373753112553e+01 -1.619041331483325408e+01 1.826197103854145354e+00 1.000000000000000000e+00
1.302374554582323896e+01 -1.613176973243001200e+01 1.813080558948422460e+00 1.000000000000000000e+00
1.303805735411535238e+01 -1.607258417163666664e+01 1.799903100051317262e+00 1.000000000000000000e+00
1.305236916240746581e+01 -1.601285862090802681e+01 1.786665169885363946e+00 1.000000000000000000e+00
1.306668097069957923e+01 -1.595259508684090122e+01 1.773367213204742887e+00 1.000000000000000000e+00
1.308099277899169266e+01 -1.589179559410672660e+01 1.760009676780351473e+00 1.000000000000000000e+00
1.309530458728380609e+01 -1.583046218538350303e+01 1.746593009384776796e+00 1.000000000000000000e+00
1.310961639557591951e+01 -1.576859692128718748e+01 1.733117661777230367e+00 1.000000000000000000e+00
1.312392820386803294e+01 -1.570620188030244790e+01 1.719584086688399793e+00 1.000000000000000000e+00
1.313824001216014636e+01 -1.564327915871287189e+01 1.705992738805238274e+00 1.000000000000000000e+00
1.315255182045225979e+01 -1.557983087053048088e+01 1.692344074755690375e+00 1.000000000000000000e+00
1.316686362874437322e+01 -1.551585914742475403e+01 1.678638553093348529e+00 1.000000000000000000e+00
1.318117543703648664e+01 -1.545136613865098241e+01 1.664876634282048462e+00 1.000000000000000000e+00
1.319548724532860007e+01 -1.538635401097807254e+01 1.651058780680398463e+00 1.000000000000000000e+00
1.320979905362071349e+01 -1.532082494861574062e+01 1.637185456526243144e+00 1.000000000000000000e+00
1.322411086191282692e+01 -1.525478115314116323e+01 1.623257127921075904e+00 1.000000000000000000e+00
1.323842267020494035e+01 -1.518822484342494583e+01 1.609274262814365697e+00 1.000000000000000000e+00
1.325273447849705377e+01 -1.512115825555663662e+01 1.595237330987844260e+00 1.000000000000000000e+00
1.326704628678916720e+01 -1.505358364276956706e+01 1.581146804039720299e+00 1.000000000000000000e+00
1.328135809508128062e+01 -1.498550327536517024e+01 1.567003155368835943e+00 1.000000000000000000e+00
1.329566990337339405e+01 -1.491691944063668274e+01 1.552806860158761459e+00 1.000000000000000000e+00
1.330998171166550748e+01 -1.484783444279232256e+01 1.538558395361831144e+00 1.000000000000000000e+00
1.332429351995762090e+01 -1.477825060287786307e+01 1.524258239683117688e+00 1.000000000000000000e+00
1.333860532824973433e+01 -1.470817025869864736e+01 1.509906873564350827e+00 1.000000000000000000e+00
1.335291713654184775e+01 -1.463759576474105550e+01 1.495504779167775355e+00 1.000000000000000000e+00
1.336722894483396118e+01 -1.456652949209338743e+01 1.481052440359949651e+00 1.000000000000000000e+00
1.338154075312607461e+01 -1.449497382836623949e+01 1.466550342695498221e+00 1.000000000000000000e+00
1.339585256141818803e+01 -1.442293117761223264e+01 1.451998973400784543e+00 1.000000000000000000e+00
1.341016436971030146e+01 -1.435040396024527709e+01 1.437398821357551482e+00 1.000000000000000000e+00
1.342447617800241488e+01 -1.427739461295924883e+01 1.422750377086494211e+00 1.000000000000000000e+00
1.343878798629452831e+01 -1.420390558864611918e+01 1.408054132730779617e+00 1.000000000000000000e+00
1.345309979458664174e+01 -1.412993935631355136e+01 1.393310582039511969e+00 1.000000000000000000e+00
1.346741160287875516e+01 -1.405549840100194814e+01 1.378520220351144854e+00 1.000000000000000000e+00
1.348172341117086859e+01 -1.398058522370095780e+01 1.363683544576838047e+00 1.000000000000000000e+00
1.349603521946298201e+01 -1.390520234126545240e+01 1.348801053183764642e+00 1.000000000000000000e+00
1.351034702775509544e+01 -1.382935228633096436e+01 1.333873246178363114e+00 1.000000000000000000e+00
1.352465883604720887e+01 -1.375303760722859181e+01 1.318900625089535428e+00 1.000000000000000000e+00
1.353897064433932229e+01 -1.367626086789943152e+01 1.303883692951808726e+00 1.000000000000000000e+00
1.355328245263143572e+01 -1.359902464780834919e+01 1.288822954288418421e+00 1.000000000000000000e+00
1.356759426092354914e+01 -1.352133154185739450e+01 1.273718915094369075e+00 1.000000000000000000e+00
1.358190606921566257e+01 -1.344318416029858199e+01 1.258572082819431115e+00 1.000000000000000000e+00
1.359621787750777600e+01 -1.336458512864620651e+01 1.243382966351091801e+00 1.000000000000000000e+00
1.361052968579988942e+01 -1.328553708758863472e+01 1.228152075997459569e+00 1.000000000000000000e+00
1.362484149409200285e+01 -1.320604269289957777e+01 1.212879923470117749e+00 1.000000000000000000e+00
1.363915330238411627e+01 -1.312610461534888273e+01 1.197567021866933201e+00 1.000000000000000000e+00
1.365346511067622970e+01 -1.304572554061277501e+01 1.182213885654817886e+00 1.000000000000000000e+00
1.366777691896834313e+01 -1.296490816918365852e+01 1.166821030652444469e+00 1.000000000000000000e+00
1.368208872726045655e+01 -1.288365521627934918e+01 1.151388974012913069e+00 1.000000000000000000e+00
1.369640053555256998e+01 -1.280196941175191938e+01 1.135918234206387378e+00 1.000000000000000000e+00
1.371071234384468340e+01 -1.271985349999589943e+01 1.120409331002660824e+00 1.000000000000000000e+00
1.372502415213679683e+01 -1.263731023985613078e+01 1.104862785453702312e+00 1.000000000000000000e+00
1.373933596042891025e+01 -1.255434240453505623e+01 1.089279119876150004e+00 1.000000000000000000e+00
1.375364776872102368e+01 -1.247095278149955000e+01 1.073658857833761582e+00 1.000000000000000000e+00
1.376795957701313711e+01 -1.238714417238727528e+01 1.058002524119824761e+00 1.000000000000000000e+00
1.378227138530525053e+01 -1.230291939291255687e+01 1.042310644739525616e+00 1.000000000000000000e+00
1.379658319359736396e+01 -1.221828127277177245e+01 1.026583746892276938e+00 1.000000000000000000e+00
1.381089500188947738e+01 -1.213323265554828367e+01 1.010822358954004629e+00 1.000000000000000000e+00
1.382520681018159081e+01 -1.204777639861690197e+01 9.950270104593951226e-01 1.000000000000000000e+00
1.383951861847370424e+01 -1.196191537304792796e+01 9.791982320841129406e-01 1.000000000000000000e+00
1.385383042676581766e+01 -1.187565246351061532e+01 9.633365556269579688e-01 1.000000000000000000e+00
1.386814223505793109e+01 -1.178899056817632029e+01 9.474425139920078509e-01 1.000000000000000000e+00
1.388245404335004451e+01 -1.170193259862108626e+01 9.315166411707117566e-01 1.000000000000000000e+00
1.389676585164215794e+01 -1.161448147972787126e+01 9.155594722239499550e-01 1.000000000000000000e+00
1.391107765993427137e+01 -1.152664014958823913e+01 8.995715432640573050e-01 1.000000000000000000e+00
1.392538946822638479e+01 -1.143841155940367393e+01 8.835533914368116637e-01 1.000000000000000000e+00
1.393970127651849822e+01 -1.134979867338640602e+01 8.675055549033867663e-01 1.000000000000000000e+00
1.395401308481061164e+01 -1.126080446865984719e+01 8.514285728222726890e-01 1.000000000000000000e+00
1.396832489310272507e+01 -1.117143193515855693e+01 8.353229853311612274e-01 1.000000000000000000e+00
1.398263670139483850e+01 -1.108168407552777879e+01 8.191893335287961930e-01 1.000000000000000000e+00
1.399694850968695192e+01 -1.099156390502260550e+01 8.030281594568046133e-01 1.000000000000000000e+00
1.401126031797906535e+01 -1.090107445140660758e+01 7.868400060814704222e-01 1.000000000000000000e+00
1.402557212627117877e+01 -1.081021875485015826e+01 7.706254172755024889e-01 1.000000000000000000e+00
1.403988393456329220e+01 -1.071899986782827874e+01 7.543849377997597916e-01 1.000000000000000000e+00
1.405419574285540563e+01 -1.062742085501808020e+01 7.381191132849496128e-01 1.000000000000000000e+00
1.406850755114751905e+01 -1.053548479319581688e+01 7.218284902132943159e-01 1.000000000000000000e+00
1.408281935943963248e+01 -1.044319477113349137e+01 7.055136159001731411e-01 1.000000000000000000e+00
1.409713116773174768e+01 -1.035055388949508171e+01 6.891750384757308057e-01 1.000000000000000000e+00
1.411144297602386111e+01 -1.025756526073243080e+01 6.728133068664715610e-01 1.000000000000000000e+00
1.412575478431597453e+01 -1.016423200898057644e+01 6.564289707768025117e-01 1.000000000000000000e+00
1.414006659260808796e+01 -1.007055726995285738e+01 6.400225806705751586e-01 1.000000000000000000e+00
1.415437840090020138e+01 -9.976544190835546999e+00 6.235946877525887500e-01 1.000000000000000000e+00
1.416869020919231481e+01 -9.882195930182099630e+00 6.071458439500689863e-01 1.000000000000000000e+00
1.418300201748442824e+01 -9.787515657807094982e+00 5.906766018941352892e-01 1.000000000000000000e+00
1.419731382577654166e+01 -9.692506554679654940e+00 5.741875149012187762e-01 1.000000000000000000e+00
1.421162563406865509e+01 -9.597171812816620573e+00 5.576791369544824573e-01 1.000000000000000000e+00
1.422593744236076851e+01 -9.501514635175317025e+00 5.411520226852066795e-01 1.000000000000000000e+00
1.424024925065288194e+01 -9.405538235545916947e+00 5.246067273541554776e-01 1.000000000000000000e+00
1.425456105894499537e+01 -9.309245838443491294e+00 5.080438068329212742e-01 1.000000000000000000e+00
1.426887286723710879e+01 -9.212640678999658661e+00 4.914638175852487079e-01 1.000000000000000000e+00
1.428318467552922222e+01 -9.115726002853905996e+00 4.748673166483403651e-01 1.000000000000000000e+00
1.429749648382133564e+01 -9.018505066044532725e+00 4.582548616141411402e-01 1.000000000000000000e+00
1.431180829211344907e+01 -8.920981134899273357e+00 4.416270106106048310e-01 1.000000000000000000e+00
1.432612010040556250e+01 -8.823157485925527510e+00 4.249843222829407519e-01 1.000000000000000000e+00
1.434043190869767592e+01 -8.725037405700353688e+00 4.083273557748546279e-01 1.000000000000000000e+00
1.435474371698978935e+01 -8.626624190759949684e+00 3.916566707097480782e-01 1.000000000000000000e+00
1.436905552528190277e+01 -8.527921147488964237e+00 3.749728271719269257e-01 1.000000000000000000e+00
1.438336733357401620e+01 -8.428931592009394791e+00 3.582763856877817510e-01 1.000000000000000000e+00
1.439767914186612963e+01 -8.329658850069179721e+00 3.415679072069557898e-01 1.000000000000000000e+00
1.441199095015824305e+01 -8.230106256930461939e+00 3.248479530834986750e-01 1.000000000000000000e+00
1.442630275845035648e+01 -8.130277157257529197e+00 3.081170850570068565e-01 1.000000000000000000e+00
1.444061456674246990e+01 -8.030174905004448860e+00 2.913758652337505861e-01 1.000000000000000000e+00
1.445492637503458333e+01 -7.929802863302388261e+00 2.746248560677891359e-01 1.000000000000000000e+00
1.446923818332669676e+01 -7.829164404346615314e+00 2.578646203420737471e-01 1.000000000000000000e+00
1.448354999161881018e+01 -7.728262909283191817e+00 2.410957211495375896e-01 1.000000000000000000e+00
1.449786179991092361e+01 -7.627101768095442047e+00 2.243187218741876099e-01 1.000000000000000000e+00
1.451217360820303703e+01 -7.525684379489958609e+00 2.075341861721611558e-01 1.000000000000000000e+00
1.452648541649515046e+01 -7.424014150782489274e+00 1.907426779527992000e-01 1.000000000000000000e+00
1.454079722478726389e+01 -7.322094497783437461e+00 1.739447613596980524e-01 1.000000000000000000e+00
1.455510903307937731e+01 -7.219928844683102476e+00 1.571410007517559659e-01 1.000000000000000000e+00
1.456942084137149074e+01 -7.117520623936640867e+00 1.403319606842122202e-01 1.000000000000000000e+00
1.458373264966360416e+01 -7.014873276148741787e+00 1.235182058896799051e-01 1.000000000000000000e+00
1.459804445795571759e+01 -6.911990249958039456e+00 1.067003012591725974e-01 1.000000000000000000e+00
1.461235626624783102e+01 -6.808875001921242287e+00 8.987881182312576489e-02 1.000000000000000000e+00
1.462666807453994444e+01 -6.705530996396992904e+00 7.305430273241084183e-02 1.000000000000000000e+00
1.464097988283205787e+01 -6.601961705429532756e+00 5.622733923935815947e-02 1.000000000000000000e+00
1.465529169112417129e+01 -6.498170608631967049e+00 3.939848667875086446e-02 1.000000000000000000e+00
1.466960349941628472e+01 -6.394161193069415106e+00 2.256831044884152065e-02 1.000000000000000000e+00
1.468391530770839815e+01 -6.289936953141840092e+00 5.737375992353994404e-03 1.000000000000000000e+00
1.469822711600051157e+01 -6.185501390466654925e+00 -1.109375122251375460e-02 1.000000000000000000e+00
1.471253892429262500e+01 -6.080858013761071490e+00 -2.792450572108766405e-02 1.000000000000000000e+00
1.472685073258473842e+01 -5.976010338724223381e+00 -4.475432204121580770e-02 1.000000000000000000e+00
1.474116254087685185e+01 -5.870961887919042610e+00 -6.158263475226621181e-02 1.000000000000000000e+00
1.475547434916896528e+01 -5.765716190653918716e+00 -7.840887847412357503e-02 1.000000000000000000e+00
1.476978615746107870e+01 -5.660276782864121614e+00 -9.523248789618436738e-02 1.000000000000000000e+00
1.478409796575319213e+01 -5.554647206992991748e+00 -1.120528977963520245e-01 1.000000000000000000e+00
1.479840977404530555e+01 -5.448831011872983687e+00 -1.288695430600165781e-01 1.000000000000000000e+00
1.481272158233741898e+01 -5.342831752606341134e+00 -1.456818586990560049e-01 1.000000000000000000e+00
1.482703339062953241e+01 -5.236652990445731959e+00 -1.624892798708079955e-01 1.000000000000000000e+00
1.484134519892164583e+01 -5.130298292674562610e+00 -1.792912418970493971e-01 1.000000000000000000e+00
1.485565700721375926e+01 -5.023771232487148630e+00 -1.960871802829677601e-01 1.000000000000000000e+00
1.486996881550587268e+01 -4.917075388868657804e+00 -2.128765307361267234e-01 1.000000000000000000e+00
1.488428062379798611e+01 -4.810214346474864122e+00 -2.296587291854242374e-01 1.000000000000000000e+00
1.489859243209009954e+01 -4.703191695511723225e+00 -2.464332118000439331e-01 1.000000000000000000e+00
1.491290424038221296e+01 -4.596011031614741782e+00 -2.631994150083980522e-01 1.000000000000000000e+00
1.492721604867432639e+01 -4.488675955728182565e+00 -2.799567755170616623e-01 1.000000000000000000e+00
1.494152785696643981e+01 -4.381190073984066125e+00 -2.967047303297001837e-01 1.000000000000000000e+00
1.495583966525855324e+01 -4.273556997581079209e+00 -3.134427167659740721e-01 1.000000000000000000e+00
1.497015147355066667e+01 -4.165780342663152780e+00 -3.301701724804587124e-01 1.000000000000000000e+00
1.498446328184278009e+01 -4.057863730198033814e+00 -3.468865354815271473e-01 1.000000000000000000e+00
1.499877509013489352e+01 -3.949810785855619510e+00 -3.635912441502337500e-01 1.000000000000000000e+00
1.501308689842700694e+01 -3.841625139886142293e+00 -3.802837372591829634e-01 1.000000000000000000e+00
1.502739870671912037e+01 -3.733310426998204257e+00 -3.969634539913849958e-01 1.000000000000000000e+00
1.504171051501123380e+01 -3.624870286236666406e+00 -4.136298339590974704e-01 1.000000000000000000e+00
1.505602232330334722e+01 -3.516308360860381121e+00 -4.302823172226526993e-01 1.000000000000000000e+00
1.507033413159546065e+01 -3.407628298219797180e+00 -4.469203443092698569e-01 1.000000000000000000e+00
1.508464593988757407e+01 -3.298833749634410673e+00 -4.635433562318518885e-01 1.000000000000000000e+00
1.509895774817968750e+01 -3.189928370270088465e+00 -4.801507945077679307e-01 1.000000000000000000e+00
1.511326955647180093e+01 -3.080915819016316615e+00 -4.967421011776066431e-01 1.000000000000000000e+00
1.512758136476391435e+01 -2.971799758363184996e+00 -5.133167188239374790e-01 1.000000000000000000e+00
1.514189317305602778e+01 -2.862583854278399897e+00 -5.298740905900275466e-01 1.000000000000000000e+00
1.515620498134814120e+01 -2.753271776084103006e+00 -5.464136601985528641e-01 1.000000000000000000e+00
1.517051678964025463e+01 -2.643867196333595349e+00 -5.629348719702883530e-01 1.000000000000000000e+00
1.518482859793236806e+01 -2.534373790687945327e+00 -5.794371708427759060e-01 1.000000000000000000e+00
1.519914040622448148e+01 -2.424795237792504832e+00 -5.959200023889734688e-01 1.000000000000000000e+00
1.521345221451659491e+01 -2.315135219153311663e+00 -6.123828128358820289e-01 1.000000000000000000e+00
1.522776402280871011e+01 -2.205397419013389371e+00 -6.288250490831528428e-01 1.000000000000000000e+00
1.524207583110082354e+01 -2.095585524229033325e+00 -6.452461587216605787e-01 1.000000000000000000e+00
1.525638763939293696e+01 -1.985703224145843215e+00 -6.616455900520767930e-01 1.000000000000000000e+00
1.527069944768505039e+01 -1.875754210474823047e+00 -6.780227921033985528e-01 1.000000000000000000e+00
1.528501125597716381e+01 -1.765742177168400096e+00 -6.943772146514513022e-01 1.000000000000000000e+00
1.529932306426927724e+01 -1.655670820296219592e+00 -7.107083082373901739e-01 1.000000000000000000e+00
1.531363487256139067e+01 -1.545543837921034669e+00 -7.270155241861500084e-01 1.000000000000000000e+00
1.532794668085350409e+01 -1.435364929974446646e+00 -7.432983146248816064e-01 1.000000000000000000e+00
1.534225848914561752e+01 -1.325137798132597799e+00 -7.595561325013584497e-01 1.000000000000000000e+00
1.535657029743773094e+01 -1.214866145691806620e+00 -7.757884316023562210e-01 1.000000000000000000e+00
1.537088210572984437e+01 -1.104553677444148008e+00 -7.919946665720039025e-01 1.000000000000000000e+00
1.538519391402195780e+01 -9.942040995529846104e-01 -8.081742929301058975e-01 1.000000000000000000e+00
1.539950572231407122e+01 -8.838211194284489869e-01 -8.243267670904351752e-01 1.000000000000000000e+00
1.541381753060618465e+01 -7.734084456028883503e-01 -8.404515463789956620e-01 1.000000000000000000e+00
1.542812933889829807e+01 -6.629697876062503603e-01 -8.565480890522576551e-01 1.000000000000000000e+00
1.544244114719041150e+01 -5.525088558415226503e-01 -8.726158543153478275e-01 1.000000000000000000e+00
1.545675295548252492e+01 -4.420293614599730692e-01 -8.886543023402343477e-01 1.000000000000000000e+00
1.547106476377463835e+01 -3.315350162365335307e-01 -9.046628942838523812e-01 1.000000000000000000e+00
1.548537657206675178e+01 -2.210295324450794185e-01 -9.206410923062108287e-01 1.000000000000000000e+00
1.549968838035886520e+01 -1.105166227337079643e-01 -9.365883595884617607e-01 1.000000000000000000e+00
1.551400018865097863e+01 -4.670036747567542119e-15 -9.525041603509365462e-01 1.000000000000000000e+00
