0.000000000000000000e+00 0.000000000000000000e+00 -6.174549087399547886e-01 1.000000000000000000e+00
1.430943285423614576e-02 1.674382794729999402e-01 -6.309615552752012579e-01 1.000000000000000000e+00
2.861886570847229153e-02 3.348715693800915494e-01 -6.444493995134137343e-01 1.000000000000000000e+00
4.292829856270843902e-02 5.022948803040525600e-01 -6.579180395244701440e-01 1.000000000000000000e+00
5.723773141694458305e-02 6.697032231250291678e-01 -6.713670739505261942e-01 1.000000000000000000e+00
7.154716427118072708e-02 8.370916091692082173e-01 -6.847961020179732516e-01 1.000000000000000000e+00
8.585659712541687805e-02 1.004455050357477175e+00 -6.982047235493777926e-01 1.000000000000000000e+00
1.001660299796530151e-01 1.171788559354066228e+00 -7.115925389754134134e-01 1.000000000000000000e+00
1.144754628338891661e-01 1.339087149715167735e+00 -7.249591493467599790e-01 1.000000000000000000e+00
1.287848956881253171e-01 1.506345836037530139e+00 -7.383041563459987744e-01 1.000000000000000000e+00
1.430943285423614542e-01 1.673559634107019134e+00 -7.516271622994794566e-01 1.000000000000000000e+00
1.574037613965975912e-01 1.840723561047144630e+00 -7.649277701891676884e-01 1.000000000000000000e+00
1.717131942508337561e-01 2.007832635467549309e+00 -7.782055836644811153e-01 1.000000000000000000e+00
1.860226271050698932e-01 2.174881877612448555e+00 -7.914602070540985856e-01 1.000000000000000000e+00
2.003320599593060303e-01 2.341866309509025523e+00 -8.046912453777469443e-01 1.000000000000000000e+00
2.146414928135421951e-01 2.508780955115772926e+00 -8.178983043579790557e-01 1.000000000000000000e+00
2.289509256677783322e-01 2.675620840470775086e+00 -8.310809904319145236e-01 1.000000000000000000e+00
2.432603585220144693e-01 2.842380993839929815e+00 -8.442389107629744149e-01 1.000000000000000000e+00
2.575697913762506341e-01 3.009056445865102791e+00 -8.573716732525852313e-01 1.000000000000000000e+00
2.718792242304867712e-01 3.175642229712210440e+00 -8.704788865518598984e-01 1.000000000000000000e+00
2.861886570847229083e-01 3.342133381219233090e+00 -8.835601600732655436e-01 1.000000000000000000e+00
3.004980899389590454e-01 3.508524939044138424e+00 -8.966151040022604102e-01 1.000000000000000000e+00
3.148075227931951825e-01 3.674811944812728992e+00 -9.096433293089062344e-01 1.000000000000000000e+00
3.291169556474313751e-01 3.840989443266404013e+00 -9.226444477594676341e-01 1.000000000000000000e+00
3.434263885016675122e-01 4.007052482409813265e+00 -9.356180719279786340e-01 1.000000000000000000e+00
3.577358213559036493e-01 4.172996113658432371e+00 -9.485638152077835450e-01 1.000000000000000000e+00
3.720452542101397864e-01 4.338815391986021730e+00 -9.614812918230659644e-01 1.000000000000000000e+00
3.863546870643759235e-01 4.504505376071994860e+00 -9.743701168403358093e-01 1.000000000000000000e+00
4.006641199186120605e-01 4.670061128448651289e+00 -9.872299061799075792e-01 1.000000000000000000e+00
4.149735527728482531e-01 4.835477715648325514e+00 -1.000060276627342315e+00 1.000000000000000000e+00
4.292829856270843902e-01 5.000750208350392967e+00 -1.012860845844864688e+00 1.000000000000000000e+00
4.435924184813205273e-01 5.165873681528168504e+00 -1.025631232382761882e+00 1.000000000000000000e+00
4.579018513355566644e-01 5.330843214595655688e+00 -1.038371055690747724e+00 1.000000000000000000e+00
4.722112841897928015e-01 5.495653891554193926e+00 -1.051079936129300396e+00 1.000000000000000000e+00
4.865207170440289386e-01 5.660300801138939519e+00 -1.063757494980980711e+00 1.000000000000000000e+00
5.008301498982651312e-01 5.824779036965229473e+00 -1.076403354461715089e+00 1.000000000000000000e+00
5.151395827525012683e-01 5.989083697674778328e+00 -1.089017137732050777e+00 1.000000000000000000e+00
5.294490156067374054e-01 6.153209887081739105e+00 -1.101598468908390860e+00 1.000000000000000000e+00
5.437584484609735425e-01 6.317152714318617690e+00 -1.114146973074189306e+00 1.000000000000000000e+00
5.580678813152096795e-01 6.480907293981998052e+00 -1.126662276291129361e+00 1.000000000000000000e+00
5.723773141694458166e-01 6.644468746278141325e+00 -1.139144005610263521e+00 1.000000000000000000e+00
5.866867470236819537e-01 6.807832197168396604e+00 -1.151591789083123984e+00 1.000000000000000000e+00
6.009961798779180908e-01 6.970992778514434107e+00 -1.164005255772813996e+00 1.000000000000000000e+00
6.153056127321542279e-01 7.133945628223330893e+00 -1.176384035765056568e+00 1.000000000000000000e+00
6.296150455863903650e-01 7.296685890392446083e+00 -1.188727760179216331e+00 1.000000000000000000e+00
6.439244784406266131e-01 7.459208715454124672e+00 -1.201036061179297620e+00 1.000000000000000000e+00
6.582339112948627502e-01 7.621509260320218360e+00 -1.213308571984898832e+00 1.000000000000000000e+00
6.725433441490988873e-01 7.783582688526397675e+00 -1.225544926882149221e+00 1.000000000000000000e+00
6.868527770033350244e-01 7.945424170376283790e+00 -1.237744761234602864e+00 1.000000000000000000e+00
7.011622098575711615e-01 8.107028883085371618e+00 -1.249907711494102847e+00 1.000000000000000000e+00
7.154716427118072986e-01 8.268392010924737079e+00 -1.262033415211620602e+00 1.000000000000000000e+00
7.297810755660434356e-01 8.429508745364547195e+00 -1.274121511048052824e+00 1.000000000000000000e+00
7.440905084202795727e-01 8.590374285217359684e+00 -1.286171638784986859e+00 1.000000000000000000e+00
7.583999412745157098e-01 8.750983836781184522e+00 -1.298183439335442779e+00 1.000000000000000000e+00
7.727093741287518469e-01 8.911332613982335005e+00 -1.310156554754563940e+00 1.000000000000000000e+00
7.870188069829879840e-01 9.071415838518060326e+00 -1.322090628250291999e+00 1.000000000000000000e+00
8.013282398372241211e-01 9.231228739998918797e+00 -1.333985304193996635e+00 1.000000000000000000e+00
8.156376726914602582e-01 9.390766556090950345e+00 -1.345840228131067962e+00 1.000000000000000000e+00
8.299471055456965063e-01 9.550024532657584331e+00 -1.357655046791487852e+00 1.000000000000000000e+00
8.442565383999326434e-01 9.708997923901302229e+00 -1.369429408100351298e+00 1.000000000000000000e+00
8.585659712541687805e-01 9.867681992505072941e+00 -1.381162961188357574e+00 1.000000000000000000e+00
8.728754041084049176e-01 1.002607200977351454e+01 -1.392855356402270095e+00 1.000000000000000000e+00
8.871848369626410546e-01 1.018416325577380732e+01 -1.404506245315333635e+00 1.000000000000000000e+00
9.014942698168771917e-01 1.034195101947634754e+01 -1.416115280737654691e+00 1.000000000000000000e+00
9.158037026711133288e-01 1.049943059889513286e+01 -1.427682116726553874e+00 1.000000000000000000e+00
9.301131355253494659e-01 1.065659730122787785e+01 -1.439206408596866771e+00 1.000000000000000000e+00
9.444225683795856030e-01 1.081344644299585589e+01 -1.450687812931223508e+00 1.000000000000000000e+00
9.587320012338217401e-01 1.096997335018345865e+01 -1.462125987590277010e+00 1.000000000000000000e+00
9.730414340880578772e-01 1.112617335837750510e+01 -1.473520591722898176e+00 1.000000000000000000e+00
9.873508669422940143e-01 1.128204181290619701e+01 -1.484871285776337757e+00 1.000000000000000000e+00
1.001660299796530262e+00 1.143757406897785778e+01 -1.496177731506341368e+00 1.000000000000000000e+00
1.015969732650766399e+00 1.159276549181934257e+01 -1.507439591987227656e+00 1.000000000000000000e+00
1.030279165505002537e+00 1.174761145681412522e+01 -1.518656531621932482e+00 1.000000000000000000e+00
1.044588598359238674e+00 1.190210734964014527e+01 -1.529828216152007814e+00 1.000000000000000000e+00
1.058898031213474811e+00 1.205624856640728382e+01 -1.540954312667579318e+00 1.000000000000000000e+00
1.073207464067710948e+00 1.221003051379456927e+01 -1.552034489617273527e+00 1.000000000000000000e+00
1.087516896921947085e+00 1.236344860918706168e+01 -1.563068416818089945e+00 1.000000000000000000e+00
1.101826329776183222e+00 1.251649828081239235e+01 -1.574055765465247614e+00 1.000000000000000000e+00
1.116135762630419359e+00 1.266917496787702291e+01 -1.584996208141979945e+00 1.000000000000000000e+00
1.130445195484655496e+00 1.282147412070213477e+01 -1.595889418829288475e+00 1.000000000000000000e+00
1.144754628338891633e+00 1.297339120085922737e+01 -1.606735072915664864e+00 1.000000000000000000e+00
1.159064061193127770e+00 1.312492168130533265e+01 -1.617532847206759605e+00 1.000000000000000000e+00
1.173373494047363907e+00 1.327606104651795604e+01 -1.628282419935012548e+00 1.000000000000000000e+00
1.187682926901600045e+00 1.342680479262959459e+01 -1.638983470769243889e+00 1.000000000000000000e+00
1.201992359755836182e+00 1.357714842756198337e+01 -1.649635680824200312e+00 1.000000000000000000e+00
1.216301792610072319e+00 1.372708747115994399e+01 -1.660238732670052286e+00 1.000000000000000000e+00
1.230611225464308456e+00 1.387661745532488489e+01 -1.670792310341861375e+00 1.000000000000000000e+00
1.244920658318544593e+00 1.402573392414795528e+01 -1.681296099348987605e+00 1.000000000000000000e+00
1.259230091172780730e+00 1.417443243404282782e+01 -1.691749786684467738e+00 1.000000000000000000e+00
1.273539524027016867e+00 1.432270855387811537e+01 -1.702153060834339593e+00 1.000000000000000000e+00
1.287848956881253226e+00 1.447055786510942355e+01 -1.712505611786923509e+00 1.000000000000000000e+00
1.302158389735489363e+00 1.461797596191099480e+01 -1.722807131042065176e+00 1.000000000000000000e+00
1.316467822589725500e+00 1.476495845130702911e+01 -1.733057311620323171e+00 1.000000000000000000e+00
1.330777255443961637e+00 1.491150095330258019e+01 -1.743255848072121417e+00 1.000000000000000000e+00
1.345086688298197775e+00 1.505759910101407151e+01 -1.753402436486850346e+00 1.000000000000000000e+00
1.359396121152433912e+00 1.520324854079943933e+01 -1.763496774501918773e+00 1.000000000000000000e+00
1.373705554006670049e+00 1.534844493238785645e+01 -1.773538561311771566e+00 1.000000000000000000e+00
1.388014986860906186e+00 1.549318394900908658e+01 -1.783527497676849594e+00 1.000000000000000000e+00
1.402324419715142323e+00 1.563746127752238912e+01 -1.793463285932503704e+00 1.000000000000000000e+00
1.416633852569378460e+00 1.578127261854508490e+01 -1.803345629997871402e+00 1.000000000000000000e+00
1.430943285423614597e+00 1.592461368658064558e+01 -1.813174235384696908e+00 1.000000000000000000e+00
1.445252718277850734e+00 1.606748021014643157e+01 -1.822948809206103693e+00 1.000000000000000000e+00
1.459562151132086871e+00 1.620986793190092001e+01 -1.832669060185329046e+00 1.000000000000000000e+00
1.473871583986323008e+00 1.635177260877066274e+01 -1.842334698664396697e+00 1.000000000000000000e+00
1.488181016840559145e+00 1.649319001207663504e+01 -1.851945436612754348e+00 1.000000000000000000e+00
1.502490449694795283e+00 1.663411592766030012e+01 -1.861500987635853699e+00 1.000000000000000000e+00
1.516799882549031420e+00 1.677454615600919041e+01 -1.871001066983686512e+00 1.000000000000000000e+00
1.531109315403267557e+00 1.691447651238201999e+01 -1.880445391559266044e+00 1.000000000000000000e+00
1.545418748257503694e+00 1.705390282693342030e+01 -1.889833679927070520e+00 1.000000000000000000e+00
1.559728181111739831e+00 1.719282094483816081e+01 -1.899165652321420872e+00 1.000000000000000000e+00
1.574037613965975968e+00 1.733122672641500372e+01 -1.908441030654825621e+00 1.000000000000000000e+00
1.588347046820212105e+00 1.746911604725003286e+01 -1.917659538526264029e+00 1.000000000000000000e+00
1.602656479674448242e+00 1.760648479831958468e+01 -1.926820901229419736e+00 1.000000000000000000e+00
1.616965912528684379e+00 1.774332888611265702e+01 -1.935924845760874202e+00 1.000000000000000000e+00
1.631275345382920516e+00 1.787964423275293058e+01 -1.944971100828234434e+00 1.000000000000000000e+00
1.645584778237156653e+00 1.801542677612027887e+01 -1.953959396858223174e+00 1.000000000000000000e+00
1.659894211091393013e+00 1.815067246997179495e+01 -1.962889466004709149e+00 1.000000000000000000e+00
1.674203643945629150e+00 1.828537728406239182e+01 -1.971761042156687349e+00 1.000000000000000000e+00
1.688513076799865287e+00 1.841953720426489483e+01 -1.980573860946214459e+00 1.000000000000000000e+00
1.702822509654101424e+00 1.855314823268965085e+01 -1.989327659756279232e+00 1.000000000000000000e+00
1.717131942508337561e+00 1.868620638780368637e+01 -1.998022177728635551e+00 1.000000000000000000e+00
1.731441375362573698e+00 1.881870770454932540e+01 -2.006657155771570888e+00 1.000000000000000000e+00
1.745750808216809835e+00 1.895064823446235991e+01 -2.015232336567631233e+00 1.000000000000000000e+00
1.760060241071045972e+00 1.908202404578971922e+01 -2.023747464581282518e+00 1.000000000000000000e+00
1.774369673925282109e+00 1.921283122360662432e+01 -2.032202286066533858e+00 1.000000000000000000e+00
1.788679106779518246e+00 1.934306586993325183e+01 -2.040596549074491506e+00 1.000000000000000000e+00
1.802988539633754383e+00 1.947272410385089003e+01 -2.048930003460872395e+00 1.000000000000000000e+00
1.817297972487990521e+00 1.960180206161759742e+01 -2.057202400893455962e+00 1.000000000000000000e+00
1.831607405342226658e+00 1.973029589678332485e+01 -2.065413494859480892e+00 1.000000000000000000e+00
1.845916838196462795e+00 1.985820178030456162e+01 -2.073563040672999236e+00 1.000000000000000000e+00
1.860226271050698932e+00 1.998551590065839889e+01 -2.081650795482159033e+00 1.000000000000000000e+00
1.874535703904935069e+00 2.011223446395614900e+01 -2.089676518276448292e+00 1.000000000000000000e+00
1.888845136759171206e+00 2.023835369405639284e+01 -2.097639969893871914e+00 1.000000000000000000e+00
1.903154569613407343e+00 2.036386983267748718e+01 -2.105540913028082883e+00 1.000000000000000000e+00
1.917464002467643480e+00 2.048877913950958174e+01 -2.113379112235447721e+00 1.000000000000000000e+00
1.931773435321879617e+00 2.061307789232607846e+01 -2.121154333942071091e+00 1.000000000000000000e+00
1.946082868176115754e+00 2.073676238709451880e+01 -2.128866346450747127e+00 1.000000000000000000e+00
1.960392301030351891e+00 2.085982893808701277e+01 -2.136514919947872126e+00 1.000000000000000000e+00
1.974701733884588029e+00 2.098227387799002841e+01 -2.144099826510286633e+00 1.000000000000000000e+00
1.989011166738824166e+00 2.110409355801368747e+01 -2.151620840112069555e+00 1.000000000000000000e+00
2.003320599593060525e+00 2.122528434800053532e+01 -2.159077736631276778e+00 1.000000000000000000e+00
2.017630032447296440e+00 2.134584263653364289e+01 -2.166470293856612273e+00 1.000000000000000000e+00
2.031939465301532799e+00 2.146576483104428945e+01 -2.173798291494058788e+00 1.000000000000000000e+00
2.046248898155768714e+00 2.158504735791898099e+01 -2.181061511173435719e+00 1.000000000000000000e+00
2.060558331010005073e+00 2.170368666260597124e+01 -2.188259736454911231e+00 1.000000000000000000e+00
2.074867763864240988e+00 2.182167920972117159e+01 -2.195392752835445993e+00 1.000000000000000000e+00
2.089177196718477347e+00 2.193902148315349976e+01 -2.202460347755193837e+00 1.000000000000000000e+00
2.103486629572713262e+00 2.205570998616964218e+01 -2.209462310603826474e+00 1.000000000000000000e+00
2.117796062426949621e+00 2.217174124151829773e+01 -2.216398432726816470e+00 1.000000000000000000e+00
2.132105495281185537e+00 2.228711179153377131e+01 -2.223268507431654051e+00 1.000000000000000000e+00
2.146414928135421896e+00 2.240181819823899900e+01 -2.230072329994001290e+00 1.000000000000000000e+00
2.160724360989657811e+00 2.251585704344801897e+01 -2.236809697663801000e+00 1.000000000000000000e+00
2.175033793843894170e+00 2.262922492886783132e+01 -2.243480409671310127e+00 1.000000000000000000e+00
2.189343226698130085e+00 2.274191847619963980e+01 -2.250084267233089186e+00 1.000000000000000000e+00
2.203652659552366444e+00 2.285393432723956764e+01 -2.256621073557923296e+00 1.000000000000000000e+00
2.217962092406602803e+00 2.296526914397867358e+01 -2.263090633852685052e+00 1.000000000000000000e+00
2.232271525260838718e+00 2.307591960870246339e+01 -2.269492755328140987e+00 1.000000000000000000e+00
2.246580958115075077e+00 2.318588242408977251e+01 -2.275827247204697201e+00 1.000000000000000000e+00
2.260890390969310992e+00 2.329515431331094533e+01 -2.282093920718082813e+00 1.000000000000000000e+00
2.275199823823547352e+00 2.340373202012558451e+01 -2.288292589124976129e+00 1.000000000000000000e+00
2.289509256677783267e+00 2.351161230897950816e+01 -2.294423067708568631e+00 1.000000000000000000e+00
2.303818689532019626e+00 2.361879196510120593e+01 -2.300485173784070358e+00 1.000000000000000000e+00
2.318128122386255541e+00 2.372526779459760604e+01 -2.306478726704153548e+00 1.000000000000000000e+00
2.332437555240491900e+00 2.383103662454930216e+01 -2.312403547864334552e+00 1.000000000000000000e+00
2.346746988094727815e+00 2.393609530310504852e+01 -2.318259460708298025e+00 1.000000000000000000e+00
2.361056420948964174e+00 2.404044069957572205e+01 -2.324046290733158493e+00 1.000000000000000000e+00
2.375365853803200089e+00 2.414406970452760248e+01 -2.329763865494657527e+00 1.000000000000000000e+00
2.389675286657436448e+00 2.424697922987501997e+01 -2.335412014612304965e+00 1.000000000000000000e+00
2.403984719511672363e+00 2.434916620897240236e+01 -2.340990569774455743e+00 1.000000000000000000e+00
2.418294152365908722e+00 2.445062759670563679e+01 -2.346499364743325433e+00 1.000000000000000000e+00
2.432603585220144637e+00 2.455136036958282730e+01 -2.351938235359943175e+00 1.000000000000000000e+00
2.446913018074380997e+00 2.465136152582439166e+01 -2.357307019549045091e+00 1.000000000000000000e+00
2.461222450928616912e+00 2.475062808545249382e+01 -2.362605557323902428e+00 1.000000000000000000e+00
2.475531883782853271e+00 2.484915709037988307e+01 -2.367833690791090184e+00 1.000000000000000000e+00
2.489841316637089186e+00 2.494694560449800136e+01 -2.372991264155190905e+00 1.000000000000000000e+00
2.504150749491325545e+00 2.504399071376451147e+01 -2.378078123723440296e+00 1.000000000000000000e+00
2.518460182345561460e+00 2.514028952629010760e+01 -2.383094117910302678e+00 1.000000000000000000e+00
2.532769615199797819e+00 2.523583917242471486e+01 -2.388039097241992703e+00 1.000000000000000000e+00
2.547079048054033734e+00 2.533063680484298175e+01 -2.392912914360926901e+00 1.000000000000000000e+00
2.561388480908270093e+00 2.542467959862915095e+01 -2.397715424030114395e+00 1.000000000000000000e+00
2.575697913762506452e+00 2.551796475136122666e+01 -2.402446483137486766e+00 1.000000000000000000e+00
2.590007346616742367e+00 2.561048948319448115e+01 -2.407105950700162200e+00 1.000000000000000000e+00
2.604316779470978727e+00 2.570225103694430047e+01 -2.411693687868645686e+00 1.000000000000000000e+00
2.618626212325214642e+00 2.579324667816834804e+01 -2.416209557930967478e+00 1.000000000000000000e+00
2.632935645179451001e+00 2.588347369524804975e+01 -2.420653426316758061e+00 1.000000000000000000e+00
2.647245078033686916e+00 2.597292939946938617e+01 -2.425025160601254282e+00 1.000000000000000000e+00
2.661554510887923275e+00 2.606161112510303823e+01 -2.429324630509252181e+00 1.000000000000000000e+00
2.675863943742159190e+00 2.614951622948378684e+01 -2.433551707918981233e+00 1.000000000000000000e+00
2.690173376596395549e+00 2.623664209308932627e+01 -2.437706266865930171e+00 1.000000000000000000e+00
2.704482809450631464e+00 2.632298611961823553e+01 -2.441788183546594215e+00 1.000000000000000000e+00
2.718792242304867823e+00 2.640854573606743827e+01 -2.445797336322168114e+00 1.000000000000000000e+00
2.733101675159103738e+00 2.649331839280880274e+01 -2.449733605722169472e+00 1.000000000000000000e+00
2.747411108013340098e+00 2.657730156366517349e+01 -2.453596874447999010e+00 1.000000000000000000e+00
2.761720540867576013e+00 2.666049274598562491e+01 -2.457387027376436883e+00 1.000000000000000000e+00
2.776029973721812372e+00 2.674288946072001494e+01 -2.461103951563071934e+00 1.000000000000000000e+00
2.790339406576048287e+00 2.682448925249292415e+01 -2.464747536245668780e+00 1.000000000000000000e+00
2.804648839430284646e+00 2.690528968967675993e+01 -2.468317672847466060e+00 1.000000000000000000e+00
2.818958272284520561e+00 2.698528836446425316e+01 -2.471814254980416070e+00 1.000000000000000000e+00
2.833267705138756920e+00 2.706448289294019460e+01 -2.475237178448350672e+00 1.000000000000000000e+00
2.847577137992992835e+00 2.714287091515247852e+01 -2.478586341250089031e+00 1.000000000000000000e+00
2.861886570847229194e+00 2.722045009518244996e+01 -2.481861643582476074e+00 1.000000000000000000e+00
2.876196003701465109e+00 2.729721812121447044e+01 -2.485062987843357885e+00 1.000000000000000000e+00
2.890505436555701468e+00 2.737317270560482996e+01 -2.488190278634487829e+00 1.000000000000000000e+00
2.904814869409937383e+00 2.744831158494992707e+01 -2.491243422764370941e+00 1.000000000000000000e+00
2.919124302264173743e+00 2.752263252015372430e+01 -2.494222329251041703e+00 1.000000000000000000e+00
2.933433735118410102e+00 2.759613329649442193e+01 -2.497126909324773436e+00 1.000000000000000000e+00
2.947743167972646017e+00 2.766881172369051711e+01 -2.499957076430725511e+00 1.000000000000000000e+00
2.962052600826882376e+00 2.774066563596603885e+01 -2.502712746231519958e+00 1.000000000000000000e+00
2.976362033681118291e+00 2.781169289211509010e+01 -2.505393836609757674e+00 1.000000000000000000e+00
2.990671466535354650e+00 2.788189137556565456e+01 -2.508000267670463579e+00 1.000000000000000000e+00
3.004980899389590565e+00 2.795125899444268214e+01 -2.510531961743467821e+00 1.000000000000000000e+00
3.019290332243826924e+00 2.801979368163041784e+01 -2.512988843385721704e+00 1.000000000000000000e+00
3.033599765098062839e+00 2.808749339483399154e+01 -2.515370839383542556e+00 1.000000000000000000e+00
3.047909197952299198e+00 2.815435611664028670e+01 -2.517677878754799092e+00 1.000000000000000000e+00
3.062218630806535113e+00 2.822037985457805220e+01 -2.519909892751024394e+00 1.000000000000000000e+00
3.076528063660771473e+00 2.828556264117729668e+01 -2.522066814859464934e+00 1.000000000000000000e+00
3.090837496515007388e+00 2.834990253402788696e+01 -2.524148580805064324e+00 1.000000000000000000e+00
3.105146929369243747e+00 2.841339761583745371e+01 -2.526155128552375118e+00 1.000000000000000000e+00
3.119456362223479662e+00 2.847604599448851559e+01 -2.528086398307411553e+00 1.000000000000000000e+00
3.133765795077716021e+00 2.853784580309486429e+01 -2.529942332519429016e+00 1.000000000000000000e+00
3.148075227931951936e+00 2.859879520005720721e+01 -2.531722875882637336e+00 1.000000000000000000e+00
3.162384660786188295e+00 2.865889236911801774e+01 -2.533427975337854576e+00 1.000000000000000000e+00
3.176694093640424210e+00 2.871813551941570708e+01 -2.535057580074080885e+00 1.000000000000000000e+00
3.191003526494660569e+00 2.877652288553793269e+01 -2.536611641530019057e+00 1.000000000000000000e+00
3.205312959348896484e+00 2.883405272757425308e+01 -2.538090113395517822e+00 1.000000000000000000e+00
3.219622392203132843e+00 2.889072333116795477e+01 -2.539492951612952076e+00 1.000000000000000000e+00
3.233931825057368759e+00 2.894653300756714387e+01 -2.540820114378537387e+00 1.000000000000000000e+00
3.248241257911605118e+00 2.900148009367506319e+01 -2.542071562143575658e+00 1.000000000000000000e+00
3.262550690765841033e+00 2.905556295209967388e+01 -2.543247257615631529e+00 1.000000000000000000e+00
3.276860123620077392e+00 2.910877997120241290e+01 -2.544347165759646590e+00 1.000000000000000000e+00
3.291169556474313307e+00 2.916112956514625054e+01 -2.545371253798979883e+00 1.000000000000000000e+00
3.305478989328549666e+00 2.921261017394293091e+01 -2.546319491216388009e+00 1.000000000000000000e+00
3.319788422182786025e+00 2.926322026349947336e+01 -2.547191849754934179e+00 1.000000000000000000e+00
3.334097855037021940e+00 2.931295832566384973e+01 -2.547988303418826206e+00 1.000000000000000000e+00
3.348407287891258299e+00 2.936182287827000081e+01 -2.548708828474197219e+00 1.000000000000000000e+00
3.362716720745494214e+00 2.940981246518191483e+01 -2.549353403449807765e+00 1.000000000000000000e+00
3.377026153599730574e+00 2.945692565633708071e+01 -2.549922009137688850e+00 1.000000000000000000e+00
3.391335586453966489e+00 2.950316104778907800e+01 -2.550414628593713040e+00 1.000000000000000000e+00
3.405645019308202848e+00 2.954851726174942783e+01 -2.550831247138099833e+00 1.000000000000000000e+00
3.419954452162438763e+00 2.959299294662865165e+01 -2.551171852355852199e+00 1.000000000000000000e+00
3.434263885016675122e+00 2.963658677707650213e+01 -2.551436434097127393e+00 1.000000000000000000e+00
3.448573317870911037e+00 2.967929745402154040e+01 -2.551624984477539382e+00 1.000000000000000000e+00
3.462882750725147396e+00 2.972112370470976472e+01 -2.551737497878394212e+00 1.000000000000000000e+00
3.477192183579383311e+00 2.976206428274259963e+01 -2.551773970946855652e+00 1.000000000000000000e+00
3.491501616433619670e+00 2.980211796811401115e+01 -2.551734402596046891e+00 1.000000000000000000e+00
3.505811049287855585e+00 2.984128356724683684e+01 -2.551618794005082513e+00 1.000000000000000000e+00
3.520120482142091944e+00 2.987955991302842307e+01 -2.551427148619033414e+00 1.000000000000000000e+00
3.534429914996327859e+00 2.991694586484533147e+01 -2.551159472148822882e+00 1.000000000000000000e+00
3.548739347850564219e+00 2.995344030861736329e+01 -2.550815772571058737e+00 1.000000000000000000e+00
3.563048780704800134e+00 2.998904215683077368e+01 -2.550396060127793518e+00 1.000000000000000000e+00
3.577358213559036493e+00 3.002375034857064051e+01 -2.549900347326220285e+00 1.000000000000000000e+00
3.591667646413272408e+00 3.005756384955250127e+01 -2.549328648938300024e+00 1.000000000000000000e+00
3.605977079267508767e+00 3.009048165215319770e+01 -2.548680982000320672e+00 1.000000000000000000e+00
3.620286512121744682e+00 3.012250277544081811e+01 -2.547957365812390407e+00 1.000000000000000000e+00
3.634595944975981041e+00 3.015362626520404277e+01 -2.547157821937861666e+00 1.000000000000000000e+00
3.648905377830216956e+00 3.018385119398050520e+01 -2.546282374202689436e+00 1.000000000000000000e+00
3.663214810684453315e+00 3.021317666108443234e+01 -2.545331048694720266e+00 1.000000000000000000e+00
3.677524243538689674e+00 3.024160179263352077e+01 -2.544303873762915558e+00 1.000000000000000000e+00
3.691833676392925589e+00 3.026912574157494262e+01 -2.543200880016506460e+00 1.000000000000000000e+00
3.706143109247161949e+00 3.029574768771060178e+01 -2.542022100324082157e+00 1.000000000000000000e+00
3.720452542101397864e+00 3.032146683772159435e+01 -2.540767569812609761e+00 1.000000000000000000e+00
3.734761974955634223e+00 3.034628242519179864e+01 -2.539437325866388484e+00 1.000000000000000000e+00
3.749071407809870138e+00 3.037019371063076534e+01 -2.538031408125934529e+00 1.000000000000000000e+00
3.763380840664106497e+00 3.039319998149573721e+01 -2.536549858486800257e+00 1.000000000000000000e+00
3.777690273518342412e+00 3.041530055221286588e+01 -2.534992721098325408e+00 1.000000000000000000e+00
3.791999706372578771e+00 3.043649476419765421e+01 -2.533360042362323039e+00 1.000000000000000000e+00
3.806309139226814686e+00 3.045678198587459207e+01 -2.531651870931694859e+00 1.000000000000000000e+00
3.820618572081051045e+00 3.047616161269596446e+01 -2.529868257708981716e+00 1.000000000000000000e+00
3.834928004935286960e+00 3.049463306715986732e+01 -2.528009255844847925e+00 1.000000000000000000e+00
3.849237437789523320e+00 3.051219579882740973e+01 -2.526074920736496310e+00 1.000000000000000000e+00
3.863546870643759235e+00 3.052884928433913103e+01 -2.524065310026017972e+00 1.000000000000000000e+00
3.877856303497995594e+00 3.054459302743061855e+01 -2.521980483598673217e+00 1.000000000000000000e+00
3.892165736352231509e+00 3.055942655894721582e+01 -2.519820503581109428e+00 1.000000000000000000e+00
3.906475169206467868e+00 3.057334943685809492e+01 -2.517585434339507877e+00 1.000000000000000000e+00
3.920784602060703783e+00 3.058636124626938013e+01 -2.515275342477667042e+00 1.000000000000000000e+00
3.935094034914940142e+00 3.059846159943652566e+01 -2.512890296835014858e+00 1.000000000000000000e+00
3.949403467769176057e+00 3.060965013577584415e+01 -2.510430368484561026e+00 1.000000000000000000e+00
3.963712900623412416e+00 3.061992652187529629e+01 -2.507895630730778258e+00 1.000000000000000000e+00
3.978022333477648331e+00 3.062929045150439933e+01 -2.505286159107415589e+00 1.000000000000000000e+00
3.992331766331884690e+00 3.063774164562334690e+01 -2.502602031375249947e+00 1.000000000000000000e+00
4.006641199186121050e+00 3.064527985239134367e+01 -2.499843327519767122e+00 1.000000000000000000e+00
4.020950632040356965e+00 3.065190484717409802e+01 -2.497010129748780560e+00 1.000000000000000000e+00
4.035260064894592880e+00 3.065761643255051538e+01 -2.494102522489979101e+00 1.000000000000000000e+00
4.049569497748829683e+00 3.066241443831858149e+01 -2.491120592388412103e+00 1.000000000000000000e+00
4.063878930603065598e+00 3.066629872150044989e+01 -2.488064428303908393e+00 1.000000000000000000e+00
4.078188363457301513e+00 3.066926916634668032e+01 -2.484934121308426835e+00 1.000000000000000000e+00
4.092497796311537428e+00 3.067132568433968842e+01 -2.481729764683343387e+00 1.000000000000000000e+00
4.106807229165774231e+00 3.067246821419641734e+01 -2.478451453916669767e+00 1.000000000000000000e+00
4.121116662020010146e+00 3.067269672187010698e+01 -2.475099286700212620e+00 1.000000000000000000e+00
4.135426094874246061e+00 3.067201120055137409e+01 -2.471673362926654072e+00 1.000000000000000000e+00
4.149735527728481976e+00 3.067041167066836138e+01 -2.468173784686584327e+00 1.000000000000000000e+00
4.164044960582718780e+00 3.066789817988614431e+01 -2.464600656265452105e+00 1.000000000000000000e+00
4.178354393436954695e+00 3.066447080310534190e+01 -2.460954084140461795e+00 1.000000000000000000e+00
4.192663826291190610e+00 3.066012964245982886e+01 -2.457234176977397322e+00 1.000000000000000000e+00
4.206973259145426525e+00 3.065487482731373348e+01 -2.453441045627384742e+00 1.000000000000000000e+00
4.221282691999663328e+00 3.064870651425757586e+01 -2.449574803123590883e+00 1.000000000000000000e+00
4.235592124853899243e+00 3.064162488710359256e+01 -2.445635564677853591e+00 1.000000000000000000e+00
4.249901557708135158e+00 3.063363015688025826e+01 -2.441623447677247150e+00 1.000000000000000000e+00
4.264210990562371073e+00 3.062472256182601527e+01 -2.437538571680585520e+00 1.000000000000000000e+00
4.278520423416607876e+00 3.061490236738213255e+01 -2.433381058414861187e+00 1.000000000000000000e+00
4.292829856270843791e+00 3.060416986618487201e+01 -2.429151031771614289e+00 1.000000000000000000e+00
4.307139289125079706e+00 3.059252537805666705e+01 -2.424848617803244011e+00 1.000000000000000000e+00
4.321448721979315621e+00 3.057996924999667954e+01 -2.420473944719249371e+00 1.000000000000000000e+00
4.335758154833552425e+00 3.056650185617040805e+01 -2.416027142882411827e+00 1.000000000000000000e+00
4.350067587687788340e+00 3.055212359789857146e+01 -2.411508344804907278e+00 1.000000000000000000e+00
4.364377020542024255e+00 3.053683490364512920e+01 -2.406917685144359886e+00 1.000000000000000000e+00
4.378686453396260170e+00 3.052063622900449147e+01 -2.402255300699827067e+00 1.000000000000000000e+00
4.392995886250496973e+00 3.050352805668800826e+01 -2.397521330407725415e+00 1.000000000000000000e+00
4.407305319104732888e+00 3.048551089650950985e+01 -2.392715915337689125e+00 1.000000000000000000e+00
4.421614751958968803e+00 3.046658528537018640e+01 -2.387839198688365805e+00 1.000000000000000000e+00
4.435924184813205606e+00 3.044675178724251197e+01 -2.382891325783149217e+00 1.000000000000000000e+00
4.450233617667441521e+00 3.042601099315351831e+01 -2.377872444065851631e+00 1.000000000000000000e+00
4.464543050521677436e+00 3.040436352116710594e+01 -2.372782703096304679e+00 1.000000000000000000e+00
4.478852483375913351e+00 3.038181001636569789e+01 -2.367622254545906912e+00 1.000000000000000000e+00
4.493161916230150155e+00 3.035835115083095204e+01 -2.362391252193102975e+00 1.000000000000000000e+00
4.507471349084386070e+00 3.033398762362377710e+01 -2.357089851918801493e+00 1.000000000000000000e+00
4.521780781938621985e+00 3.030872016076349595e+01 -2.351718211701727235e+00 1.000000000000000000e+00
4.536090214792857900e+00 3.028254951520618832e+01 -2.346276491613717319e+00 1.000000000000000000e+00
4.550399647647094703e+00 3.025547646682226954e+01 -2.340764853814949031e+00 1.000000000000000000e+00
4.564709080501330618e+00 3.022750182237324879e+01 -2.335183462549107247e+00 1.000000000000000000e+00
4.579018513355566533e+00 3.019862641548769489e+01 -2.329532484138491011e+00 1.000000000000000000e+00
4.593327946209802448e+00 3.016885110663637448e+01 -2.323812086979056613e+00 1.000000000000000000e+00
4.607637379064039251e+00 3.013817678310664405e+01 -2.318022441535399825e+00 1.000000000000000000e+00
4.621946811918275166e+00 3.010660435897595022e+01 -2.312163720335676853e+00 1.000000000000000000e+00
4.636256244772511081e+00 3.007413477508466926e+01 -2.306236097966460896e+00 1.000000000000000000e+00
4.650565677626746997e+00 3.004076899900800512e+01 -2.300239751067542748e+00 1.000000000000000000e+00
4.664875110480983800e+00 3.000650802502719827e+01 -2.294174858326663013e+00 1.000000000000000000e+00
4.679184543335219715e+00 2.997135287409986759e+01 -2.288041600474191917e+00 1.000000000000000000e+00
4.693493976189455630e+00 2.993530459382960629e+01 -2.281840160277739837e+00 1.000000000000000000e+00
4.707803409043691545e+00 2.989836425843473933e+01 -2.275570722536712331e+00 1.000000000000000000e+00
4.722112841897928348e+00 2.986053296871635965e+01 -2.269233474076804313e+00 1.000000000000000000e+00
4.736422274752164263e+00 2.982181185202545848e+01 -2.262828603744431177e+00 1.000000000000000000e+00
4.750731707606400178e+00 2.978220206222940547e+01 -2.256356302401100855e+00 1.000000000000000000e+00
4.765041140460636981e+00 2.974170477967749449e+01 -2.249816762917729029e+00 1.000000000000000000e+00
4.779350573314872896e+00 2.970032121116581081e+01 -2.243210180168889067e+00 1.000000000000000000e+00
4.793660006169108811e+00 2.965805258990125992e+01 -2.236536751027005554e+00 1.000000000000000000e+00
4.807969439023344727e+00 2.961490017546482889e+01 -2.229796674356486541e+00 1.000000000000000000e+00
4.822278871877581530e+00 2.957086525377402708e+01 -2.222990151007800730e+00 1.000000000000000000e+00
4.836588304731817445e+00 2.952594913704457369e+01 -2.216117383811490260e+00 1.000000000000000000e+00
4.850897737586053360e+00 2.948015316375132144e+01 -2.209178577572124880e+00 1.000000000000000000e+00
4.865207170440289275e+00 2.943347869858833832e+01 -2.202173939062200603e+00 1.000000000000000000e+00
4.879516603294526078e+00 2.938592713242824672e+01 -2.195103677015978416e+00 1.000000000000000000e+00
4.893826036148761993e+00 2.933749988228080241e+01 -2.187968002123263922e+00 1.000000000000000000e+00
4.908135469002997908e+00 2.928819839125063140e+01 -2.180767127023128360e+00 1.000000000000000000e+00
4.922444901857233823e+00 2.923802412849424925e+01 -2.173501266297570567e+00 1.000000000000000000e+00
4.936754334711470626e+00 2.918697858917625965e+01 -2.166170636465126531e+00 1.000000000000000000e+00
4.951063767565706542e+00 2.913506329442484244e+01 -2.158775455974413671e+00 1.000000000000000000e+00
4.965373200419942457e+00 2.908227979128637841e+01 -2.151315945197622703e+00 1.000000000000000000e+00
4.979682633274178372e+00 2.902862965267935991e+01 -2.143792326423950900e+00 1.000000000000000000e+00
4.993992066128415175e+00 2.897411447734754120e+01 -2.136204823852975831e+00 1.000000000000000000e+00
5.008301498982651090e+00 2.891873588981228949e+01 -2.128553663587978484e+00 1.000000000000000000e+00
5.022610931836887005e+00 2.886249554032413300e+01 -2.120839073629202431e+00 1.000000000000000000e+00
5.036920364691122920e+00 2.880539510481364474e+01 -2.113061283867058382e+00 1.000000000000000000e+00
5.051229797545359723e+00 2.874743628484146640e+01 -2.105220526075276766e+00 1.000000000000000000e+00
5.065539230399595638e+00 2.868862080754761834e+01 -2.097317033904000372e+00 1.000000000000000000e+00
5.079848663253831553e+00 2.862895042560000292e+01 -2.089351042872820141e+00 1.000000000000000000e+00
5.094158096108067468e+00 2.856842691714222227e+01 -2.081322790363757225e+00 1.000000000000000000e+00
5.108467528962304272e+00 2.850705208574054694e+01 -2.073232515614189531e+00 1.000000000000000000e+00
5.122776961816540187e+00 2.844482776033020244e+01 -2.065080459709724536e+00 1.000000000000000000e+00
5.137086394670776102e+00 2.838175579516084213e+01 -2.056866865577010373e+00 1.000000000000000000e+00
5.151395827525012905e+00 2.831783806974131679e+01 -2.048591977976501166e+00 1.000000000000000000e+00
5.165705260379248820e+00 2.825307648878364830e+01 -2.040256043495162430e+00 1.000000000000000000e+00
5.180014693233484735e+00 2.818747298214626795e+01 -2.031859310539119612e+00 1.000000000000000000e+00
5.194324126087720650e+00 2.812102950477652286e+01 -2.023402029326260454e+00 1.000000000000000000e+00
5.208633558941957453e+00 2.805374803665242212e+01 -2.014884451878775629e+00 1.000000000000000000e+00
5.222942991796193368e+00 2.798563058272360138e+01 -2.006306832015649189e+00 1.000000000000000000e+00
5.237252424650429283e+00 2.791667917285162304e+01 -1.997669425345096839e+00 1.000000000000000000e+00
5.251561857504665198e+00 2.784689586174944154e+01 -1.988972489256944698e+00 1.000000000000000000e+00
5.265871290358902002e+00 2.777628272892022210e+01 -1.980216282914962989e+00 1.000000000000000000e+00
5.280180723213137917e+00 2.770484187859533165e+01 -1.971401067249143546e+00 1.000000000000000000e+00
5.294490156067373832e+00 2.763257543967165830e+01 -1.962527104947920487e+00 1.000000000000000000e+00
5.308799588921609747e+00 2.755948556564814922e+01 -1.953594660450344689e+00 1.000000000000000000e+00
5.323109021775846550e+00 2.748557443456165572e+01 -1.944603999938203209e+00 1.000000000000000000e+00
5.337418454630082465e+00 2.741084424892203941e+01 -1.935555391328089847e+00 1.000000000000000000e+00
5.351727887484318380e+00 2.733529723564650737e+01 -1.926449104263415535e+00 1.000000000000000000e+00
5.366037320338554295e+00 2.725893564599326879e+01 -1.917285410106377652e+00 1.000000000000000000e+00
5.380346753192791098e+00 2.718176175549445617e+01 -1.908064581929872938e+00 1.000000000000000000e+00
5.394656186047027013e+00 2.710377786388830756e+01 -1.898786894509360446e+00 1.000000000000000000e+00
5.408965618901262928e+00 2.702498629505063832e+01 -1.889452624314670759e+00 1.000000000000000000e+00
5.423275051755498843e+00 2.694538939692555957e+01 -1.880062049501769250e+00 1.000000000000000000e+00
5.437584484609735647e+00 2.686498954145556795e+01 -1.870615449904467154e+00 1.000000000000000000e+00
5.451893917463971562e+00 2.678378912451082883e+01 -1.861113107026084457e+00 1.000000000000000000e+00
5.466203350318207477e+00 2.670179056581778809e+01 -1.851555304031056615e+00 1.000000000000000000e+00
5.480512783172443392e+00 2.661899630888704138e+01 -1.841942325736499297e+00 1.000000000000000000e+00
5.494822216026680195e+00 2.653540882094058162e+01 -1.832274458603724288e+00 1.000000000000000000e+00
5.509131648880916110e+00 2.645103059283819391e+01 -1.822551990729694982e+00 1.000000000000000000e+00
5.523441081735152025e+00 2.636586413900330683e+01 -1.812775211838450362e+00 1.000000000000000000e+00
5.537750514589388828e+00 2.627991199734800531e+01 -1.802944413272462798e+00 1.000000000000000000e+00
5.552059947443624743e+00 2.619317672919745021e+01 -1.793059887983964096e+00 1.000000000000000000e+00
5.566369380297860658e+00 2.610566091921350207e+01 -1.783121930526209376e+00 1.000000000000000000e+00
5.580678813152096573e+00 2.601736717531774445e+01 -1.773130837044703423e+00 1.000000000000000000e+00
5.594988246006333377e+00 2.592829812861373640e+01 -1.763086905268372639e+00 1.000000000000000000e+00
5.609297678860569292e+00 2.583845643330864306e+01 -1.752990434500698358e+00 1.000000000000000000e+00
5.623607111714805207e+00 2.574784476663408483e+01 -1.742841725610789538e+00 1.000000000000000000e+00
5.637916544569041122e+00 2.565646582876644644e+01 -1.732641081024425933e+00 1.000000000000000000e+00
5.652225977423277925e+00 2.556432234274630488e+01 -1.722388804715038191e+00 1.000000000000000000e+00
5.666535410277513840e+00 2.547141705439738146e+01 -1.712085202194655764e+00 1.000000000000000000e+00
5.680844843131749755e+00 2.537775273224464101e+01 -1.701730580504798196e+00 1.000000000000000000e+00
5.695154275985985670e+00 2.528333216743184764e+01 -1.691325248207328213e+00 1.000000000000000000e+00
5.709463708840222473e+00 2.518815817363835308e+01 -1.680869515375254419e+00 1.000000000000000000e+00
5.723773141694458388e+00 2.509223358699529527e+01 -1.670363693583496234e+00 1.000000000000000000e+00
5.738082574548694303e+00 2.499556126600102246e+01 -1.659808095899592661e+00 1.000000000000000000e+00
5.752392007402930219e+00 2.489814409143594887e+01 -1.649203036874376194e+00 1.000000000000000000e+00
5.766701440257167022e+00 2.479998496627672466e+01 -1.638548832532601862e+00 1.000000000000000000e+00
5.781010873111402937e+00 2.470108681560967767e+01 -1.627845800363523887e+00 1.000000000000000000e+00
5.795320305965638852e+00 2.460145258654370437e+01 -1.617094259311441684e+00 1.000000000000000000e+00
5.809629738819874767e+00 2.450108524812240773e+01 -1.606294529766189028e+00 1.000000000000000000e+00
5.823939171674111570e+00 2.439998779123561334e+01 -1.595446933553589908e+00 1.000000000000000000e+00
5.838248604528347485e+00 2.429816322853030996e+01 -1.584551793925869756e+00 1.000000000000000000e+00
5.852558037382583400e+00 2.419561459432080142e+01 -1.573609435552018709e+00 1.000000000000000000e+00
5.866867470236820203e+00 2.409234494449829711e+01 -1.562620184508119348e+00 1.000000000000000000e+00
5.881176903091056118e+00 2.398835735643989509e+01 -1.551584368267630909e+00 1.000000000000000000e+00
5.895486335945292034e+00 2.388365492891681896e+01 -1.540502315691625990e+00 1.000000000000000000e+00
5.909795768799527949e+00 2.377824078200213620e+01 -1.529374357018997710e+00 1.000000000000000000e+00
5.924105201653764752e+00 2.367211805697770899e+01 -1.518200823856610926e+00 1.000000000000000000e+00
5.938414634508000667e+00 2.356528991624066194e+01 -1.506982049169427906e+00 1.000000000000000000e+00
5.952724067362236582e+00 2.345775954320908241e+01 -1.495718367270580273e+00 1.000000000000000000e+00
5.967033500216472497e+00 2.334953014222719148e+01 -1.484410113811410303e+00 1.000000000000000000e+00
5.981342933070709300e+00 2.324060493846985054e+01 -1.473057625771466039e+00 1.000000000000000000e+00
5.995652365924945215e+00 2.313098717784645331e+01 -1.461661241448464210e+00 1.000000000000000000e+00
6.009961798779181130e+00 2.302068012690418541e+01 -1.450221300448202744e+00 1.000000000000000000e+00
6.024271231633417045e+00 2.290968707273069072e+01 -1.438738143674444192e+00 1.000000000000000000e+00
6.038580664487653848e+00 2.279801132285613008e+01 -1.427212113318758746e+00 1.000000000000000000e+00
6.052890097341889764e+00 2.268565620515463266e+01 -1.415643552850324172e+00 1.000000000000000000e+00
6.067199530196125679e+00 2.257262506774505795e+01 -1.404032807005690886e+00 1.000000000000000000e+00
6.081508963050361594e+00 2.245892127889128886e+01 -1.392380221778509730e+00 1.000000000000000000e+00
6.095818395904598397e+00 2.234454822690184272e+01 -1.380686144409220217e+00 1.000000000000000000e+00
6.110127828758834312e+00 2.222950932002891022e+01 -1.368950923374708140e+00 1.000000000000000000e+00
6.124437261613070227e+00 2.211380798636676914e+01 -1.357174908377913436e+00 1.000000000000000000e+00
6.138746694467306142e+00 2.199744767374962962e+01 -1.345358450337414302e+00 1.000000000000000000e+00
6.153056127321542945e+00 2.188043184964892518e+01 -1.333501901376967780e+00 1.000000000000000000e+00
6.167365560175778860e+00 2.176276400106992881e+01 -1.321605614815019480e+00 1.000000000000000000e+00
6.181674993030014775e+00 2.164444763444792486e+01 -1.309669945154173343e+00 1.000000000000000000e+00
6.195984425884250690e+00 2.152548627554362071e+01 -1.297695248070624752e+00 1.000000000000000000e+00
6.210293858738487494e+00 2.140588346933813213e+01 -1.285681880403565014e+00 1.000000000000000000e+00
6.224603291592723409e+00 2.128564277992736820e+01 -1.273630200144548752e+00 1.000000000000000000e+00
6.238912724446959324e+00 2.116476779041577672e+01 -1.261540566426822441e+00 1.000000000000000000e+00
6.253222157301196127e+00 2.104326210280959231e+01 -1.249413339514623411e+00 1.000000000000000000e+00
6.267531590155432042e+00 2.092112933790950535e+01 -1.237248880792447991e+00 1.000000000000000000e+00
6.281841023009667957e+00 2.079837313520273767e+01 -1.225047552754276348e+00 1.000000000000000000e+00
6.296150455863903872e+00 2.067499715275460304e+01 -1.212809718992773345e+00 1.000000000000000000e+00
6.310459888718140675e+00 2.055100506709953123e+01 -1.200535744188456100e+00 1.000000000000000000e+00
6.324769321572376590e+00 2.042640057313145263e+01 -1.188225994098823790e+00 1.000000000000000000e+00
6.339078754426612505e+00 2.030118738399372091e+01 -1.175880835547457037e+00 1.000000000000000000e+00
6.353388187280848420e+00 2.017536923096847445e+01 -1.163500636413089984e+00 1.000000000000000000e+00
6.367697620135085224e+00 2.004894986336540086e+01 -1.151085765618644619e+00 1.000000000000000000e+00
6.382007052989321139e+00 1.992193304841008228e+01 -1.138636593120242235e+00 1.000000000000000000e+00
6.396316485843557054e+00 1.979432257113167282e+01 -1.126153489896172699e+00 1.000000000000000000e+00
6.410625918697792969e+00 1.966612223425011408e+01 -1.113636827935841289e+00 1.000000000000000000e+00
6.424935351552029772e+00 1.953733585806286754e+01 -1.101086980228688672e+00 1.000000000000000000e+00
6.439244784406265687e+00 1.940796728033099683e+01 -1.088504320753067356e+00 1.000000000000000000e+00
6.453554217260501602e+00 1.927802035616487331e+01 -1.075889224465106375e+00 1.000000000000000000e+00
6.467863650114737517e+00 1.914749895790923517e+01 -1.063242067287530013e+00 1.000000000000000000e+00
6.482173082968974320e+00 1.901640697502783084e+01 -1.050563226098459424e+00 1.000000000000000000e+00
6.496482515823210235e+00 1.888474831398752940e+01 -1.037853078720183619e+00 1.000000000000000000e+00
6.510791948677446150e+00 1.875252689814186979e+01 -1.025112003907896030e+00 1.000000000000000000e+00
6.525101381531682065e+00 1.861974666761415165e+01 -1.012340381338410866e+00 1.000000000000000000e+00
6.539410814385918869e+00 1.848641157918006073e+01 -9.995385915988467262e-01 1.000000000000000000e+00
6.553720247240154784e+00 1.835252560614972950e+01 -9.867070161752907742e-01 1.000000000000000000e+00
6.568029680094390699e+00 1.821809273824932873e+01 -9.738460374414217302e-01 1.000000000000000000e+00
6.582339112948626614e+00 1.808311698150220082e+01 -9.609560386471250881e-01 1.000000000000000000e+00
6.596648545802863417e+00 1.794760235810944238e+01 -9.480374039070629255e-01 1.000000000000000000e+00
6.610957978657099332e+00 1.781155290633011390e+01 -9.350905181892370521e-01 1.000000000000000000e+00
6.625267411511335247e+00 1.767497268036082048e+01 -9.221157673035088598e-01 1.000000000000000000e+00
6.639576844365572050e+00 1.753786575021494443e+01 -9.091135378901060715e-01 1.000000000000000000e+00
6.653886277219807965e+00 1.740023620160138051e+01 -8.960842174081043998e-01 1.000000000000000000e+00
6.668195710074043880e+00 1.726208813580272050e+01 -8.830281941238745658e-01 1.000000000000000000e+00
6.682505142928279795e+00 1.712342566955308953e+01 -8.699458570995157736e-01 1.000000000000000000e+00
6.696814575782516599e+00 1.698425293491547450e+01 -8.568375961812649821e-01 1.000000000000000000e+00
6.711124008636752514e+00 1.684457407915853722e+01 -8.437038019878722039e-01 1.000000000000000000e+00
6.725433441490988429e+00 1.670439326463309371e+01 -8.305448658989688093e-01 1.000000000000000000e+00
6.739742874345224344e+00 1.656371466864802855e+01 -8.173611800433976393e-01 1.000000000000000000e+00
6.754052307199461147e+00 1.642254248334582556e+01 -8.041531372875299066e-01 1.000000000000000000e+00
6.768361740053697062e+00 1.628088091557768280e+01 -7.909211312235623348e-01 1.000000000000000000e+00
6.782671172907932977e+00 1.613873418677807692e+01 -7.776655561577811016e-01 1.000000000000000000e+00
6.796980605762168892e+00 1.599610653283903972e+01 -7.643868070988169006e-01 1.000000000000000000e+00
6.811290038616405695e+00 1.585300220398387516e+01 -7.510852797458706931e-01 1.000000000000000000e+00
6.825599471470641610e+00 1.570942546464055134e+01 -7.377613704769259151e-01 1.000000000000000000e+00
6.839908904324877525e+00 1.556538059331460744e+01 -7.244154763369348160e-01 1.000000000000000000e+00
6.854218337179113441e+00 1.542087188246162732e+01 -7.110479950259838144e-01 1.000000000000000000e+00
6.868527770033350244e+00 1.527590363835934362e+01 -6.976593248874448649e-01 1.000000000000000000e+00
6.882837202887586159e+00 1.513048018097935987e+01 -6.842498648961085062e-01 1.000000000000000000e+00
6.897146635741822074e+00 1.498460584385833805e+01 -6.708200146462872659e-01 1.000000000000000000e+00
6.911456068596057989e+00 1.483828497396892843e+01 -6.573701743399137376e-01 1.000000000000000000e+00
6.925765501450294792e+00 1.469152193159016484e+01 -6.439007447746110113e-01 1.000000000000000000e+00
6.940074934304530707e+00 1.454432109017763253e+01 -6.304121273317546681e-01 1.000000000000000000e+00
6.954384367158766622e+00 1.439668683623301604e+01 -6.169047239645039094e-01 1.000000000000000000e+00
6.968693800013003425e+00 1.424862356917349615e+01 -6.033789371858307993e-01 1.000000000000000000e+00
6.983003232867239340e+00 1.410013570120059079e+01 -5.898351700565228617e-01 1.000000000000000000e+00
6.997312665721475256e+00 1.395122765716866908e+01 -5.762738261731695788e-01 1.000000000000000000e+00
7.011622098575711171e+00 1.380190387445311018e+01 -5.626953096561391199e-01 1.000000000000000000e+00
7.025931531429947974e+00 1.365216880281807299e+01 -5.491000251375328656e-01 1.000000000000000000e+00
7.040240964284183889e+00 1.350202690428391783e+01 -5.354883777491328267e-01 1.000000000000000000e+00
7.054550397138419804e+00 1.335148265299417858e+01 -5.218607731103217517e-01 1.000000000000000000e+00
7.068859829992655719e+00 1.320054053508230218e+01 -5.082176173160006805e-01 1.000000000000000000e+00
7.083169262846892522e+00 1.304920504853790497e+01 -4.945593169244850151e-01 1.000000000000000000e+00
7.097478695701128437e+00 1.289748070307279981e+01 -4.808862789453928754e-01 1.000000000000000000e+00
7.111788128555364352e+00 1.274537201998657032e+01 -4.671989108275143021e-01 1.000000000000000000e+00
7.126097561409600267e+00 1.259288353203182353e+01 -4.534976204466666383e-01 1.000000000000000000e+00
7.140406994263837070e+00 1.244001978327912994e+01 -4.397828160935434161e-01 1.000000000000000000e+00
7.154716427118072986e+00 1.228678532898166686e+01 -4.260549064615497539e-01 1.000000000000000000e+00
7.169025859972308901e+00 1.213318473543937870e+01 -4.123143006346174921e-01 1.000000000000000000e+00
7.183335292826544816e+00 1.197922257986297190e+01 -3.985614080750190524e-01 1.000000000000000000e+00
7.197644725680781619e+00 1.182490345023747835e+01 -3.847966386111633663e-01 1.000000000000000000e+00
7.211954158535017534e+00 1.167023194518560203e+01 -3.710204024253876409e-01 1.000000000000000000e+00
7.226263591389253449e+00 1.151521267383057179e+01 -3.572331100417266425e-01 1.000000000000000000e+00
7.240573024243489364e+00 1.135985025565891782e+01 -3.434351723136878642e-01 1.000000000000000000e+00
7.254882457097726167e+00 1.120414932038268851e+01 -3.296270004119996044e-01 1.000000000000000000e+00
7.269191889951962082e+00 1.104811450780161053e+01 -3.158090058123673161e-01 1.000000000000000000e+00
7.283501322806197997e+00 1.089175046766472477e+01 -3.019816002832037549e-01 1.000000000000000000e+00
7.297810755660433912e+00 1.073506185953187853e+01 -2.881451958733632912e-01 1.000000000000000000e+00
7.312120188514670716e+00 1.057805335263484814e+01 -2.743002048998606779e-01 1.000000000000000000e+00
7.326429621368906631e+00 1.042072962573825023e+01 -2.604470399355887644e-01 1.000000000000000000e+00
7.340739054223142546e+00 1.026309536700002845e+01 -2.465861137970163097e-01 1.000000000000000000e+00
7.355048487077379349e+00 1.010515527383185308e+01 -2.327178395318950377e-01 1.000000000000000000e+00
7.369357919931615264e+00 9.946914052759035840e+00 -2.188426304069421846e-01 1.000000000000000000e+00
7.383667352785851179e+00 9.788376419280369944e+00 -2.049608998955344263e-01 1.000000000000000000e+00
7.397976785640087094e+00 9.629547097727547467e+00 -1.910730616653787406e-01 1.000000000000000000e+00
7.412286218494323897e+00 9.470430821124395493e+00 -1.771795295661885150e-01 1.000000000000000000e+00
7.426595651348559812e+00 9.311032331045868915e+00 -1.632807176173547703e-01 1.000000000000000000e+00
7.440905084202795727e+00 9.151356377476695059e+00 -1.493770399956015904e-01 1.000000000000000000e+00
7.455214517057031642e+00 8.991407718669867322e+00 -1.354689110226483806e-01 1.000000000000000000e+00
7.469523949911268446e+00 8.831191121004826172e+00 -1.215567451528613702e-01 1.000000000000000000e+00
7.483833382765504361e+00 8.670711358845473171e+00 -1.076409569609072386e-01 1.000000000000000000e+00
7.498142815619740276e+00 8.509973214397822616e+00 -9.372196112939137902e-02 1.000000000000000000e+00
7.512452248473976191e+00 8.348981477567575027e+00 -7.980017243650955328e-02 1.000000000000000000e+00
7.526761681328212994e+00 8.187740945817292726e+00 -6.587600574367864781e-02 1.000000000000000000e+00
7.541071114182448909e+00 8.026256424023539893e+00 -5.194987598318317329e-02 1.000000000000000000e+00
7.555380547036684824e+00 7.864532724333602509e+00 -3.802219814580248824e-02 1.000000000000000000e+00
7.569689979890920739e+00 7.702574666022146133e+00 -2.409338726844895487e-02 1.000000000000000000e+00
7.583999412745157542e+00 7.540387075347582346e+00 -1.016385842179771959e-02 1.000000000000000000e+00
7.598308845599393457e+00 7.377974785408291325e+00 3.765973302077577946e-03 1.000000000000000000e+00
7.612618278453629372e+00 7.215342635998515775e+00 1.769569280208227111e-02 1.000000000000000000e+00
7.626927711307865287e+00 7.052495473464230891e+00 3.162488498046135688e-02 1.000000000000000000e+00
7.641237144162102091e+00 6.889438150558637730e+00 4.555313475517827615e-02 1.000000000000000000e+00
7.655546577016338006e+00 6.726175526297645035e+00 5.948002707227498936e-02 1.000000000000000000e+00
7.669856009870573921e+00 6.562712465814987794e+00 7.340514691824837068e-02 1.000000000000000000e+00
7.684165442724809836e+00 6.399053840217300504e+00 8.732807933241276688e-02 1.000000000000000000e+00
7.698474875579046639e+00 6.235204526438929307e+00 1.012484094192678957e-01 1.000000000000000000e+00
7.712784308433282554e+00 6.071169407096668635e+00 1.151657223608579528e-01 1.000000000000000000e+00
7.727093741287518469e+00 5.906953370344168341e+00 1.290796034291397387e-01 1.000000000000000000e+00
7.741403174141755272e+00 5.742561309726312402e+00 1.429896379983380261e-01 1.000000000000000000e+00
7.755712606995991187e+00 5.577998124033425320e+00 1.568954115572986641e-01 1.000000000000000000e+00
7.770022039850227102e+00 5.413268717155264476e+00 1.707965097218432926e-01 1.000000000000000000e+00
7.784331472704463017e+00 5.248377997934856154e+00 1.846925182471199078e-01 1.000000000000000000e+00
7.798640905558699821e+00 5.083330880022240983e+00 1.985830230399448781e-01 1.000000000000000000e+00
7.812950338412935736e+00 4.918132281728093247e+00 2.124676101711392984e-01 1.000000000000000000e+00
7.827259771267171651e+00 4.752787125877079077e+00 2.263458658878705343e-01 1.000000000000000000e+00
7.841569204121407566e+00 4.587300339661205761e+00 2.402173766259775023e-01 1.000000000000000000e+00
7.855878636975644369e+00 4.421676854492976538e+00 2.540817290222967539e-01 1.000000000000000000e+00
7.870188069829880284e+00 4.255921605858483225e+00 2.679385099269759318e-01 1.000000000000000000e+00
7.884497502684116199e+00 4.090039533170239494e+00 2.817873064157934704e-01 1.000000000000000000e+00
7.898806935538352114e+00 3.924035579620102521e+00 2.956277058024541771e-01 1.000000000000000000e+00
7.913116368392588917e+00 3.757914692031853132e+00 3.094592956508965265e-01 1.000000000000000000e+00
7.927425801246824832e+00 3.591681820713893636e+00 3.232816637875733923e-01 1.000000000000000000e+00
7.941735234101060747e+00 3.425341919311637895e+00 3.370943983137432154e-01 1.000000000000000000e+00
7.956044666955296663e+00 3.258899944659951142e+00 3.508970876177390230e-01 1.000000000000000000e+00
7.970354099809533466e+00 3.092360856635407718e+00 3.646893203872373368e-01 1.000000000000000000e+00
7.984663532663769381e+00 2.925729618008547916e+00 3.784706856215097615e-01 1.000000000000000000e+00
7.998972965518005296e+00 2.759011194295906133e+00 3.922407726436776820e-01 1.000000000000000000e+00
8.013282398372242099e+00 2.592210553612082524e+00 4.059991711129471992e-01 1.000000000000000000e+00
8.027591831226477126e+00 2.425332666521737845e+00 4.197454710368328512e-01 1.000000000000000000e+00
8.041901264080713929e+00 2.258382505891378234e+00 4.334792627833836676e-01 1.000000000000000000e+00
8.056210696934950732e+00 2.091365046741260336e+00 4.472001370933819664e-01 1.000000000000000000e+00
8.070520129789185759e+00 1.924285266097112590e+00 4.609076850925410973e-01 1.000000000000000000e+00
8.084829562643422562e+00 1.757148142841726379e+00 4.746014983036977997e-01 1.000000000000000000e+00
8.099138995497659366e+00 1.589958657566752809e+00 4.882811686589708100e-01 1.000000000000000000e+00
8.113448428351894393e+00 1.422721792424201270e+00 5.019462885119282403e-01 1.000000000000000000e+00
8.127757861206131196e+00 1.255442530977892268e+00 5.155964506497412447e-01 1.000000000000000000e+00
8.142067294060366223e+00 1.088125858055128514e+00 5.292312483053051020e-01 1.000000000000000000e+00
8.156376726914603026e+00 9.207767595979843289e-01 5.428502751693728978e-01 1.000000000000000000e+00
8.170686159768839829e+00 7.534002225148381804e-01 5.564531254026557905e-01 1.000000000000000000e+00
8.184995592623074856e+00 5.860012345317371363e-01 5.700393936479175583e-01 1.000000000000000000e+00
8.199305025477311659e+00 4.185847840436709988e-01 5.836086750420629299e-01 1.000000000000000000e+00
8.213614458331548462e+00 2.511558599660841384e-01 5.971605652281885002e-01 1.000000000000000000e+00
8.227923891185783489e+00 8.371945158612655036e-02 6.106946603676388641e-01 1.000000000000000000e+00
8.242233324040020293e+00 -8.371945158610540061e-02 6.242105571520474294e-01 1.000000000000000000e+00
8.256542756894255319e+00 -2.511558599660766444e-01 6.377078528153410364e-01 1.000000000000000000e+00
8.270852189748492123e+00 -4.185847840436635048e-01 6.511861451457542360e-01 1.000000000000000000e+00
8.285161622602728926e+00 -5.860012345317158200e-01 6.646450324978064872e-01 1.000000000000000000e+00
8.299471055456963953e+00 -7.534002225148305198e-01 6.780841138042773553e-01 1.000000000000000000e+00
8.313780488311200756e+00 -9.207767595979768904e-01 6.915029885881555094e-01 1.000000000000000000e+00
8.328089921165437559e+00 -1.088125858055120743e+00 7.049012569745704004e-01 1.000000000000000000e+00
8.342399354019672586e+00 -1.255442530977871174e+00 7.182785197027093949e-01 1.000000000000000000e+00
8.356708786873909389e+00 -1.422721792424179954e+00 7.316343781377230293e-01 1.000000000000000000e+00
8.371018219728144416e+00 -1.589958657566731715e+00 7.449684342825889649e-01 1.000000000000000000e+00
8.385327652582381219e+00 -1.757148142841705285e+00 7.582802907899894862e-01 1.000000000000000000e+00
8.399637085436618023e+00 -1.924285266097091718e+00 7.715695509741369307e-01 1.000000000000000000e+00
8.413946518290853049e+00 -2.091365046741253231e+00 7.848358188226025600e-01 1.000000000000000000e+00
8.428255951145089853e+00 -2.258382505891371128e+00 7.980786990081192300e-01 1.000000000000000000e+00
8.442565383999326656e+00 -2.425332666521730740e+00 8.112977969003557499e-01 1.000000000000000000e+00
8.456874816853561683e+00 -2.592210553612060764e+00 8.244927185776785850e-01 1.000000000000000000e+00
8.471184249707798486e+00 -2.759011194295884373e+00 8.376630708388984603e-01 1.000000000000000000e+00
8.485493682562035289e+00 -2.925729618008540367e+00 8.508084612149742210e-01 1.000000000000000000e+00
8.499803115416270316e+00 -3.092360856635386845e+00 8.639284979807145826e-01 1.000000000000000000e+00
8.514112548270507119e+00 -3.258899944659930270e+00 8.770227901664581216e-01 1.000000000000000000e+00
8.528421981124742146e+00 -3.425341919311617023e+00 8.900909475697098561e-01 1.000000000000000000e+00
8.542731413978978949e+00 -3.591681820713886086e+00 9.031325807667817118e-01 1.000000000000000000e+00
8.557040846833215753e+00 -3.757914692031846471e+00 9.161473011243876918e-01 1.000000000000000000e+00
8.571350279687450779e+00 -3.924035579620082537e+00 9.291347208112323841e-01 1.000000000000000000e+00
8.585659712541687583e+00 -4.090039533170232389e+00 9.420944528095650528e-01 1.000000000000000000e+00
8.599969145395924386e+00 -4.255921605858475232e+00 9.550261109267099702e-01 1.000000000000000000e+00
8.614278578250159413e+00 -4.421676854492955222e+00 9.679293098065765433e-01 1.000000000000000000e+00
8.628588011104396216e+00 -4.587300339661185333e+00 9.808036649411493446e-01 1.000000000000000000e+00
8.642897443958631243e+00 -4.752787125877057761e+00 9.936487926819327354e-01 1.000000000000000000e+00
8.657206876812868046e+00 -4.918132281728072819e+00 1.006464310251395489e+00 1.000000000000000000e+00
8.671516309667104849e+00 -5.083330880022232989e+00 1.019249835754372446e+00 1.000000000000000000e+00
8.685825742521339876e+00 -5.248377997934835726e+00 1.032004988189441752e+00 1.000000000000000000e+00
8.700135175375576679e+00 -5.413268717155257370e+00 1.044729387460286540e+00 1.000000000000000000e+00
8.714444608229813483e+00 -5.577998124033431537e+00 1.057422654387012662e+00 1.000000000000000000e+00
8.728754041084048509e+00 -5.742561309726290197e+00 1.070084410717452528e+00 1.000000000000000000e+00
8.743063473938285313e+00 -5.906953370344146137e+00 1.082714279138441427e+00 1.000000000000000000e+00
8.757372906792520340e+00 -6.071169407096635773e+00 1.095311883287048982e+00 1.000000000000000000e+00
8.771682339646757143e+00 -6.235204526438910655e+00 1.107876847761809280e+00 1.000000000000000000e+00
8.785991772500993946e+00 -6.399053840217279188e+00 1.120408798133894601e+00 1.000000000000000000e+00
8.800301205355228973e+00 -6.562712465814966478e+00 1.132907360958279375e+00 1.000000000000000000e+00
8.814610638209465776e+00 -6.726175526297637930e+00 1.145372163784871944e+00 1.000000000000000000e+00
8.828920071063702579e+00 -6.889438150558643947e+00 1.157802835169605471e+00 1.000000000000000000e+00
8.843229503917937606e+00 -7.052495473464209574e+00 1.170199004685510191e+00 1.000000000000000000e+00
8.857538936772174409e+00 -7.215342635998507781e+00 1.182560302933758578e+00 1.000000000000000000e+00
8.871848369626411213e+00 -7.377974785408285108e+00 1.194886361554660770e+00 1.000000000000000000e+00
8.886157802480646239e+00 -7.540387075347561918e+00 1.207176813238648450e+00 1.000000000000000000e+00
8.900467235334883043e+00 -7.702574666022124816e+00 1.219431291737225198e+00 1.000000000000000000e+00
8.914776668189118070e+00 -7.864532724333581193e+00 1.231649431873868439e+00 1.000000000000000000e+00
8.929086101043354873e+00 -8.026256424023520353e+00 1.243830869554922502e+00 1.000000000000000000e+00
8.943395533897591676e+00 -8.187740945817285620e+00 1.255975241780443508e+00 1.000000000000000000e+00
8.957704966751826703e+00 -8.348981477567553711e+00 1.268082186655014487e+00 1.000000000000000000e+00
8.972014399606063506e+00 -8.509973214397817287e+00 1.280151343398536534e+00 1.000000000000000000e+00
8.986323832460300309e+00 -8.670711358845467842e+00 1.292182352356972208e+00 1.000000000000000000e+00
9.000633265314535336e+00 -8.831191121004804856e+00 1.304174855013065848e+00 1.000000000000000000e+00
9.014942698168772139e+00 -8.991407718669847782e+00 1.316128493997033244e+00 1.000000000000000000e+00
9.029252131023007166e+00 -9.151356377476663084e+00 1.328042913097198907e+00 1.000000000000000000e+00
9.043561563877243970e+00 -9.311032331045849375e+00 1.339917757270623788e+00 1.000000000000000000e+00
9.057870996731480773e+00 -9.470430821124388387e+00 1.351752672653674603e+00 1.000000000000000000e+00
9.072180429585715800e+00 -9.629547097727527927e+00 1.363547306572573836e+00 1.000000000000000000e+00
9.086489862439952603e+00 -9.788376419280362839e+00 1.375301307553912222e+00 1.000000000000000000e+00
9.100799295294189406e+00 -9.946914052759039393e+00 1.387014325335115927e+00 1.000000000000000000e+00
9.115108728148424433e+00 -1.010515527383183354e+01 1.398686010874885755e+00 1.000000000000000000e+00
9.129418161002661236e+00 -1.026309536700002134e+01 1.410316016363606595e+00 1.000000000000000000e+00
9.143727593856896263e+00 -1.042072962573821826e+01 1.421903995233696705e+00 1.000000000000000000e+00
9.158037026711133066e+00 -1.057805335263482682e+01 1.433449602169952097e+00 1.000000000000000000e+00
9.172346459565369869e+00 -1.073506185953185721e+01 1.444952493119822101e+00 1.000000000000000000e+00
9.186655892419604896e+00 -1.089175046766470523e+01 1.456412325303669819e+00 1.000000000000000000e+00
9.200965325273841700e+00 -1.104811450780160165e+01 1.467828757224987735e+00 1.000000000000000000e+00
9.215274758128078503e+00 -1.120414932038268141e+01 1.479201448680567577e+00 1.000000000000000000e+00
9.229584190982313530e+00 -1.135985025565889650e+01 1.490530060770645315e+00 1.000000000000000000e+00
9.243893623836550333e+00 -1.151521267383056646e+01 1.501814255908997309e+00 1.000000000000000000e+00
9.258203056690787136e+00 -1.167023194518559315e+01 1.513053697832997146e+00 1.000000000000000000e+00
9.272512489545022163e+00 -1.182490345023746059e+01 1.524248051613638966e+00 1.000000000000000000e+00
9.286821922399258966e+00 -1.197922257986295236e+01 1.535396983665523019e+00 1.000000000000000000e+00
9.301131355253493993e+00 -1.213318473543934672e+01 1.546500161756783953e+00 1.000000000000000000e+00
9.315440788107730796e+00 -1.228678532898164910e+01 1.557557255019006215e+00 1.000000000000000000e+00
9.329750220961967599e+00 -1.244001978327912283e+01 1.568567933957070171e+00 1.000000000000000000e+00
9.344059653816202626e+00 -1.259288353203180222e+01 1.579531870458977805e+00 1.000000000000000000e+00
9.358369086670439430e+00 -1.274537201998656322e+01 1.590448737805632451e+00 1.000000000000000000e+00
9.372678519524676233e+00 -1.289748070307280692e+01 1.601318210680568566e+00 1.000000000000000000e+00
9.386987952378911260e+00 -1.304920504853788898e+01 1.612139965179647305e+00 1.000000000000000000e+00
9.401297385233148063e+00 -1.320054053508228442e+01 1.622913678820716799e+00 1.000000000000000000e+00
9.415606818087383090e+00 -1.335148265299415016e+01 1.633639030553208471e+00 1.000000000000000000e+00
9.429916250941619893e+00 -1.350202690428389474e+01 1.644315700767717825e+00 1.000000000000000000e+00
9.444225683795856696e+00 -1.365216880281806411e+01 1.654943371305516830e+00 1.000000000000000000e+00
9.458535116650091723e+00 -1.380190387445309064e+01 1.665521725468040559e+00 1.000000000000000000e+00
9.472844549504328526e+00 -1.395122765716866020e+01 1.676050448026327855e+00 1.000000000000000000e+00
9.487153982358565329e+00 -1.410013570120058368e+01 1.686529225230407159e+00 1.000000000000000000e+00
9.501463415212800356e+00 -1.424862356917348905e+01 1.696957744818652136e+00 1.000000000000000000e+00
9.515772848067037160e+00 -1.439668683623300893e+01 1.707335696027086236e+00 1.000000000000000000e+00
9.530082280921273963e+00 -1.454432109017762542e+01 1.717662769598639061e+00 1.000000000000000000e+00
9.544391713775508990e+00 -1.469152193159014530e+01 1.727938657792364996e+00 1.000000000000000000e+00
9.558701146629745793e+00 -1.483828497396890711e+01 1.738163054392618756e+00 1.000000000000000000e+00
9.573010579483980820e+00 -1.498460584385830785e+01 1.748335654718167431e+00 1.000000000000000000e+00
9.587320012338217623e+00 -1.513048018097933856e+01 1.758456155631286322e+00 1.000000000000000000e+00
9.601629445192454426e+00 -1.527590363835933474e+01 1.768524255546777280e+00 1.000000000000000000e+00
9.615938878046689453e+00 -1.542087188246160778e+01 1.778539654440963735e+00 1.000000000000000000e+00
9.630248310900926256e+00 -1.556538059331460211e+01 1.788502053860631769e+00 1.000000000000000000e+00
9.644557743755163060e+00 -1.570942546464055845e+01 1.798411156931919885e+00 1.000000000000000000e+00
9.658867176609398086e+00 -1.585300220398385740e+01 1.808266668369165941e+00 1.000000000000000000e+00
9.673176609463634890e+00 -1.599610653283902373e+01 1.818068294483714098e+00 1.000000000000000000e+00
9.687486042317869916e+00 -1.613873418677804850e+01 1.827815743192652942e+00 1.000000000000000000e+00
9.701795475172106720e+00 -1.628088091557766148e+01 1.837508724027534512e+00 1.000000000000000000e+00
9.716104908026343523e+00 -1.642254248334581845e+01 1.847146948143017386e+00 1.000000000000000000e+00
9.730414340880578550e+00 -1.656371466864801079e+01 1.856730128325480234e+00 1.000000000000000000e+00
9.744723773734815353e+00 -1.670439326463308660e+01 1.866257979001582079e+00 1.000000000000000000e+00
9.759033206589052156e+00 -1.684457407915853722e+01 1.875730216246767723e+00 1.000000000000000000e+00
9.773342639443287183e+00 -1.698425293491546029e+01 1.885146557793729416e+00 1.000000000000000000e+00
9.787652072297523986e+00 -1.712342566955308243e+01 1.894506723040825236e+00 1.000000000000000000e+00
9.801961505151759013e+00 -1.726208813580269208e+01 1.903810433060427965e+00 1.000000000000000000e+00
9.816270938005995816e+00 -1.740023620160135920e+01 1.913057410607250652e+00 1.000000000000000000e+00
9.830580370860232620e+00 -1.753786575021494087e+01 1.922247380126597571e+00 1.000000000000000000e+00
9.844889803714467647e+00 -1.767497268036080627e+01 1.931380067762580754e+00 1.000000000000000000e+00
9.859199236568704450e+00 -1.781155290633009614e+01 1.940455201366281024e+00 1.000000000000000000e+00
9.873508669422941253e+00 -1.794760235810943527e+01 1.949472510503857059e+00 1.000000000000000000e+00
9.887818102277176280e+00 -1.808311698150217950e+01 1.958431726464601175e+00 1.000000000000000000e+00
9.902127535131413083e+00 -1.821809273824932163e+01 1.967332582268953356e+00 1.000000000000000000e+00
9.916436967985649886e+00 -1.835252560614972595e+01 1.976174812676450454e+00 1.000000000000000000e+00
9.930746400839884913e+00 -1.848641157918004296e+01 1.984958154193631641e+00 1.000000000000000000e+00
9.945055833694121716e+00 -1.861974666761414099e+01 1.993682345081896790e+00 1.000000000000000000e+00
9.959365266548356743e+00 -1.875252689814183782e+01 2.002347125365294911e+00 1.000000000000000000e+00
9.973674699402593546e+00 -1.888474831398751519e+01 2.010952236838284168e+00 1.000000000000000000e+00
9.987984132256830350e+00 -1.901640697502782373e+01 2.019497423073413067e+00 1.000000000000000000e+00
1.000229356511106538e+01 -1.914749895790922096e+01 2.027982429428971223e+00 1.000000000000000000e+00
1.001660299796530218e+01 -1.927802035616486620e+01 2.036407003056575071e+00 1.000000000000000000e+00
1.003091243081953898e+01 -1.940796728033100038e+01 2.044770892908700510e+00 1.000000000000000000e+00
1.004522186367377401e+01 -1.953733585806285689e+01 2.053073849746165802e+00 1.000000000000000000e+00
1.005953129652801081e+01 -1.966612223425010697e+01 2.061315626145561186e+00 1.000000000000000000e+00
1.007384072938224584e+01 -1.979432257113164795e+01 2.069495976506614543e+00 1.000000000000000000e+00
1.008815016223648264e+01 -1.992193304841006807e+01 2.077614657059520642e+00 1.000000000000000000e+00
1.010245959509071945e+01 -2.004894986336539375e+01 2.085671425872195783e+00 1.000000000000000000e+00
1.011676902794495447e+01 -2.017536923096845669e+01 2.093666042857489806e+00 1.000000000000000000e+00
1.013107846079919128e+01 -2.030118738399372091e+01 2.101598269780346140e+00 1.000000000000000000e+00
1.014538789365342808e+01 -2.042640057313144908e+01 2.109467870264893019e+00 1.000000000000000000e+00
1.015969732650766311e+01 -2.055100506709952057e+01 2.117274609801493401e+00 1.000000000000000000e+00
1.017400675936189991e+01 -2.067499715275460304e+01 2.125018255753730045e+00 1.000000000000000000e+00
1.018831619221613494e+01 -2.079837313520270925e+01 2.132698577365337300e+00 1.000000000000000000e+00
1.020262562507037174e+01 -2.092112933790948759e+01 2.140315345767083155e+00 1.000000000000000000e+00
1.021693505792460854e+01 -2.104326210280958875e+01 2.147868333983581568e+00 1.000000000000000000e+00
1.023124449077884357e+01 -2.116476779041575540e+01 2.155357316940059054e+00 1.000000000000000000e+00
1.024555392363308037e+01 -2.128564277992735754e+01 2.162782071469067091e+00 1.000000000000000000e+00
1.025986335648731718e+01 -2.140588346933812502e+01 2.170142376317124366e+00 1.000000000000000000e+00
1.027417278934155220e+01 -2.152548627554360650e+01 2.177438012151313718e+00 1.000000000000000000e+00
1.028848222219578901e+01 -2.164444763444792130e+01 2.184668761565820017e+00 1.000000000000000000e+00
1.030279165505002581e+01 -2.176276400106993592e+01 2.191834409088404989e+00 1.000000000000000000e+00
1.031710108790426084e+01 -2.188043184964890742e+01 2.198934741186829189e+00 1.000000000000000000e+00
1.033141052075849764e+01 -2.199744767374962251e+01 2.205969546275219351e+00 1.000000000000000000e+00
1.034571995361273267e+01 -2.211380798636674427e+01 2.212938614720365127e+00 1.000000000000000000e+00
1.036002938646696947e+01 -2.222950932002889601e+01 2.219841738847975865e+00 1.000000000000000000e+00
1.037433881932120627e+01 -2.234454822690183207e+01 2.226678712948860550e+00 1.000000000000000000e+00
1.038864825217544130e+01 -2.245892127889127110e+01 2.233449333285062455e+00 1.000000000000000000e+00
1.040295768502967810e+01 -2.257262506774504729e+01 2.240153398095930282e+00 1.000000000000000000e+00
1.041726711788391491e+01 -2.268565620515462200e+01 2.246790707604128468e+00 1.000000000000000000e+00
1.043157655073814993e+01 -2.279801132285613008e+01 2.253361064021593307e+00 1.000000000000000000e+00
1.044588598359238674e+01 -2.290968707273068716e+01 2.259864271555423798e+00 1.000000000000000000e+00
1.046019541644662176e+01 -2.302068012690416410e+01 2.266300136413717858e+00 1.000000000000000000e+00
1.047450484930085857e+01 -2.313098717784643910e+01 2.272668466811348598e+00 1.000000000000000000e+00
1.048881428215509537e+01 -2.324060493846983988e+01 2.278969072975675303e+00 1.000000000000000000e+00
1.050312371500933040e+01 -2.334953014222718437e+01 2.285201767152202468e+00 1.000000000000000000e+00
1.051743314786356720e+01 -2.345775954320906465e+01 2.291366363610173540e+00 1.000000000000000000e+00
1.053174258071780400e+01 -2.356528991624066549e+01 2.297462678648105605e+00 1.000000000000000000e+00
1.054605201357203903e+01 -2.367211805697769478e+01 2.303490530599260566e+00 1.000000000000000000e+00
1.056036144642627583e+01 -2.377824078200213620e+01 2.309449739837067028e+00 1.000000000000000000e+00
1.057467087928051086e+01 -2.388365492891681541e+01 2.315340128780462248e+00 1.000000000000000000e+00
1.058898031213474766e+01 -2.398835735643988087e+01 2.321161521899191449e+00 1.000000000000000000e+00
1.060328974498898447e+01 -2.409234494449828290e+01 2.326913745719037419e+00 1.000000000000000000e+00
1.061759917784321949e+01 -2.419561459432077655e+01 2.332596628826987484e+00 1.000000000000000000e+00
1.063190861069745630e+01 -2.429816322853030996e+01 2.338210001876343647e+00 1.000000000000000000e+00
1.064621804355169310e+01 -2.439998779123560624e+01 2.343753697591766105e+00 1.000000000000000000e+00
1.066052747640592813e+01 -2.450108524812239352e+01 2.349227550774263484e+00 1.000000000000000000e+00
1.067483690926016493e+01 -2.460145258654369016e+01 2.354631398306109791e+00 1.000000000000000000e+00
1.068914634211440173e+01 -2.470108681560967767e+01 2.359965079155710743e+00 1.000000000000000000e+00
1.070345577496863676e+01 -2.479998496627670690e+01 2.365228434382394607e+00 1.000000000000000000e+00
1.071776520782287356e+01 -2.489814409143594531e+01 2.370421307141159062e+00 1.000000000000000000e+00
1.073207464067710859e+01 -2.499556126600100825e+01 2.375543542687334142e+00 1.000000000000000000e+00
1.074638407353134539e+01 -2.509223358699528461e+01 2.380594988381202537e+00 1.000000000000000000e+00
1.076069350638558220e+01 -2.518815817363835663e+01 2.385575493692543958e+00 1.000000000000000000e+00
1.077500293923981722e+01 -2.528333216743182632e+01 2.390484910205118219e+00 1.000000000000000000e+00
1.078931237209405403e+01 -2.537775273224463390e+01 2.395323091621096356e+00 1.000000000000000000e+00
1.080362180494829083e+01 -2.547141705439737436e+01 2.400089893765410043e+00 1.000000000000000000e+00
1.081793123780252586e+01 -2.556432234274630488e+01 2.404785174590054808e+00 1.000000000000000000e+00
1.083224067065676266e+01 -2.565646582876643578e+01 2.409408794178322211e+00 1.000000000000000000e+00
1.084655010351099769e+01 -2.574784476663407773e+01 2.413960614748965838e+00 1.000000000000000000e+00
1.086085953636523449e+01 -2.583845643330863595e+01 2.418440500660311354e+00 1.000000000000000000e+00
1.087516896921947129e+01 -2.592829812861373284e+01 2.422848318414294155e+00 1.000000000000000000e+00
1.088947840207370632e+01 -2.601736717531773380e+01 2.427183936660441965e+00 1.000000000000000000e+00
1.090378783492794312e+01 -2.610566091921349496e+01 2.431447226199786815e+00 1.000000000000000000e+00
1.091809726778217993e+01 -2.619317672919745377e+01 2.435638059988714854e+00 1.000000000000000000e+00
1.093240670063641495e+01 -2.627991199734799466e+01 2.439756313142750432e+00 1.000000000000000000e+00
1.094671613349065176e+01 -2.636586413900330328e+01 2.443801862940284675e+00 1.000000000000000000e+00
1.096102556634488678e+01 -2.645103059283818681e+01 2.447774588826222342e+00 1.000000000000000000e+00
1.097533499919912359e+01 -2.653540882094056386e+01 2.451674372415582503e+00 1.000000000000000000e+00
1.098964443205336039e+01 -2.661899630888703072e+01 2.455501097497022833e+00 1.000000000000000000e+00
1.100395386490759542e+01 -2.670179056581776678e+01 2.459254650036303058e+00 1.000000000000000000e+00
1.101826329776183222e+01 -2.678378912451082527e+01 2.462934918179682686e+00 1.000000000000000000e+00
1.103257273061606902e+01 -2.686498954145556795e+01 2.466541792257255672e+00 1.000000000000000000e+00
1.104688216347030405e+01 -2.694538939692554891e+01 2.470075164786216249e+00 1.000000000000000000e+00
1.106119159632454085e+01 -2.702498629505063121e+01 2.473534930474064364e+00 1.000000000000000000e+00
1.107550102917877766e+01 -2.710377786388831822e+01 2.476920986221743171e+00 1.000000000000000000e+00
1.108981046203301268e+01 -2.718176175549444906e+01 2.480233231126705906e+00 1.000000000000000000e+00
1.110411989488724949e+01 -2.725893564599326879e+01 2.483471566485933479e+00 1.000000000000000000e+00
1.111842932774148451e+01 -2.733529723564650027e+01 2.486635895798863682e+00 1.000000000000000000e+00
1.113273876059572132e+01 -2.741084424892202875e+01 2.489726124770275995e+00 1.000000000000000000e+00
1.114704819344995812e+01 -2.748557443456165572e+01 2.492742161313096450e+00 1.000000000000000000e+00
1.116135762630419315e+01 -2.755948556564813146e+01 2.495683915551144327e+00 1.000000000000000000e+00
1.117566705915842995e+01 -2.763257543967165120e+01 2.498551299821809568e+00 1.000000000000000000e+00
1.118997649201266675e+01 -2.770484187859532810e+01 2.501344228678664461e+00 1.000000000000000000e+00
1.120428592486690178e+01 -2.777628272892022210e+01 2.504062618894010050e+00 1.000000000000000000e+00
1.121859535772113858e+01 -2.784689586174943443e+01 2.506706389461358597e+00 1.000000000000000000e+00
1.123290479057537361e+01 -2.791667917285160883e+01 2.509275461597843648e+00 1.000000000000000000e+00
1.124721422342961041e+01 -2.798563058272360138e+01 2.511769758746570602e+00 1.000000000000000000e+00
1.126152365628384722e+01 -2.805374803665241856e+01 2.514189206578896663e+00 1.000000000000000000e+00
1.127583308913808224e+01 -2.812102950477651930e+01 2.516533732996645956e+00 1.000000000000000000e+00
1.129014252199231905e+01 -2.818747298214625729e+01 2.518803268134260254e+00 1.000000000000000000e+00
1.130445195484655585e+01 -2.825307648878364830e+01 2.520997744360877313e+00 1.000000000000000000e+00
1.131876138770079088e+01 -2.831783806974130613e+01 2.523117096282347926e+00 1.000000000000000000e+00
1.133307082055502768e+01 -2.838175579516084213e+01 2.525161260743185032e+00 1.000000000000000000e+00
1.134738025340926271e+01 -2.844482776033018467e+01 2.527130176828445762e+00 1.000000000000000000e+00
1.136168968626349951e+01 -2.850705208574053984e+01 2.529023785865545104e+00 1.000000000000000000e+00
1.137599911911773631e+01 -2.856842691714221161e+01 2.530842031426006500e+00 1.000000000000000000e+00
1.139030855197197134e+01 -2.862895042559999226e+01 2.532584859327142279e+00 1.000000000000000000e+00
1.140461798482620814e+01 -2.868862080754761834e+01 2.534252217633667481e+00 1.000000000000000000e+00
1.141892741768044495e+01 -2.874743628484146640e+01 2.535844056659248391e+00 1.000000000000000000e+00
1.143323685053467997e+01 -2.880539510481364118e+01 2.537360328967984024e+00 1.000000000000000000e+00
1.144754628338891678e+01 -2.886249554032412945e+01 2.538800989375818329e+00 1.000000000000000000e+00
1.146185571624315358e+01 -2.891873588981228949e+01 2.540165994951887107e+00 1.000000000000000000e+00
1.147616514909738861e+01 -2.897411447734753764e+01 2.541455305019796551e+00 1.000000000000000000e+00
1.149047458195162541e+01 -2.902862965267935991e+01 2.542668881158837380e+00 1.000000000000000000e+00
1.150478401480586044e+01 -2.908227979128637131e+01 2.543806687205127481e+00 1.000000000000000000e+00
1.151909344766009724e+01 -2.913506329442483178e+01 2.544868689252691496e+00 1.000000000000000000e+00
1.153340288051433404e+01 -2.918697858917625609e+01 2.545854855654469340e+00 1.000000000000000000e+00
1.154771231336856907e+01 -2.923802412849423504e+01 2.546765157023260784e+00 1.000000000000000000e+00
1.156202174622280587e+01 -2.928819839125063140e+01 2.547599566232601198e+00 1.000000000000000000e+00
1.157633117907704268e+01 -2.933749988228080241e+01 2.548358058417567129e+00 1.000000000000000000e+00
1.159064061193127770e+01 -2.938592713242824672e+01 2.549040610975522814e+00 1.000000000000000000e+00
1.160495004478551451e+01 -2.943347869858832766e+01 2.549647203566787201e+00 1.000000000000000000e+00
1.161925947763974953e+01 -2.948015316375130723e+01 2.550177818115245465e+00 1.000000000000000000e+00
1.163356891049398634e+01 -2.952594913704456303e+01 2.550632438808883684e+00 1.000000000000000000e+00
1.164787834334822314e+01 -2.957086525377402708e+01 2.551011052100264020e+00 1.000000000000000000e+00
1.166218777620245817e+01 -2.961490017546482889e+01 2.551313646706923066e+00 1.000000000000000000e+00
1.167649720905669497e+01 -2.965805258990125992e+01 2.551540213611714236e+00 1.000000000000000000e+00
1.169080664191093177e+01 -2.970032121116581081e+01 2.551690746063071114e+00 1.000000000000000000e+00
1.170511607476516680e+01 -2.974170477967748738e+01 2.551765239575213062e+00 1.000000000000000000e+00
1.171942550761940360e+01 -2.978220206222940547e+01 2.551763691928274458e+00 1.000000000000000000e+00
1.173373494047364041e+01 -2.982181185202545848e+01 2.551686103168374853e+00 1.000000000000000000e+00
1.174804437332787543e+01 -2.986053296871635609e+01 2.551532475607615424e+00 1.000000000000000000e+00
1.176235380618211224e+01 -2.989836425843473577e+01 2.551302813824009696e+00 1.000000000000000000e+00
1.177666323903634726e+01 -2.993530459382959918e+01 2.550997124661349869e+00 1.000000000000000000e+00
1.179097267189058407e+01 -2.997135287409986759e+01 2.550615417228999426e+00 1.000000000000000000e+00
1.180528210474482087e+01 -3.000650802502719827e+01 2.550157702901623580e+00 1.000000000000000000e+00
1.181959153759905590e+01 -3.004076899900800512e+01 2.549623995318850422e+00 1.000000000000000000e+00
1.183390097045329270e+01 -3.007413477508465860e+01 2.549014310384863258e+00 1.000000000000000000e+00
1.184821040330752950e+01 -3.010660435897595022e+01 2.548328666267927645e+00 1.000000000000000000e+00
1.186251983616176453e+01 -3.013817678310663339e+01 2.547567083399850496e+00 1.000000000000000000e+00
1.187682926901600133e+01 -3.016885110663637448e+01 2.546729584475369901e+00 1.000000000000000000e+00
1.189113870187023636e+01 -3.019862641548769489e+01 2.545816194451479664e+00 1.000000000000000000e+00
1.190544813472447316e+01 -3.022750182237324879e+01 2.544826940546685012e+00 1.000000000000000000e+00
1.191975756757870997e+01 -3.025547646682226244e+01 2.543761852240192134e+00 1.000000000000000000e+00
1.193406700043294499e+01 -3.028254951520618832e+01 2.542620961271029767e+00 1.000000000000000000e+00
1.194837643328718180e+01 -3.030872016076349595e+01 2.541404301637101959e+00 1.000000000000000000e+00
1.196268586614141860e+01 -3.033398762362377710e+01 2.540111909594177320e+00 1.000000000000000000e+00
1.197699529899565363e+01 -3.035835115083095204e+01 2.538743823654806775e+00 1.000000000000000000e+00
1.199130473184989043e+01 -3.038181001636568723e+01 2.537300084587176929e+00 1.000000000000000000e+00
1.200561416470412546e+01 -3.040436352116710594e+01 2.535780735413893705e+00 1.000000000000000000e+00
1.201992359755836226e+01 -3.042601099315351476e+01 2.534185821410702033e+00 1.000000000000000000e+00
1.203423303041259906e+01 -3.044675178724251197e+01 2.532515390105136710e+00 1.000000000000000000e+00
1.204854246326683409e+01 -3.046658528537018285e+01 2.530769491275104421e+00 1.000000000000000000e+00
1.206285189612107089e+01 -3.048551089650950985e+01 2.528948176947401816e+00 1.000000000000000000e+00
1.207716132897530770e+01 -3.050352805668800826e+01 2.527051501396163413e+00 1.000000000000000000e+00
1.209147076182954272e+01 -3.052063622900449147e+01 2.525079521141248229e+00 1.000000000000000000e+00
1.210578019468377953e+01 -3.053683490364512920e+01 2.523032294946549126e+00 1.000000000000000000e+00
1.212008962753801633e+01 -3.055212359789857146e+01 2.520909883818249320e+00 1.000000000000000000e+00
1.213439906039225136e+01 -3.056650185617040805e+01 2.518712351002997174e+00 1.000000000000000000e+00
1.214870849324648816e+01 -3.057996924999667954e+01 2.516439761986027257e+00 1.000000000000000000e+00
1.216301792610072319e+01 -3.059252537805666705e+01 2.514092184489204129e+00 1.000000000000000000e+00
1.217732735895495999e+01 -3.060416986618487201e+01 2.511669688469007955e+00 1.000000000000000000e+00
1.219163679180919679e+01 -3.061490236738213255e+01 2.509172346114449503e+00 1.000000000000000000e+00
1.220594622466343182e+01 -3.062472256182601527e+01 2.506600231844914983e+00 1.000000000000000000e+00
1.222025565751766862e+01 -3.063363015688025826e+01 2.503953422307954479e+00 1.000000000000000000e+00
1.223456509037190543e+01 -3.064162488710359256e+01 2.501231996376992228e+00 1.000000000000000000e+00
1.224887452322614045e+01 -3.064870651425757586e+01 2.498436035148980938e+00 1.000000000000000000e+00
1.226318395608037726e+01 -3.065487482731373348e+01 2.495565621941980616e+00 1.000000000000000000e+00
1.227749338893461228e+01 -3.066012964245982886e+01 2.492620842292680550e+00 1.000000000000000000e+00
1.229180282178884909e+01 -3.066447080310534190e+01 2.489601783953845349e+00 1.000000000000000000e+00
1.230611225464308589e+01 -3.066789817988614431e+01 2.486508536891705035e+00 1.000000000000000000e+00
1.232042168749732092e+01 -3.067041167066836138e+01 2.483341193283269632e+00 1.000000000000000000e+00
1.233473112035155772e+01 -3.067201120055137409e+01 2.480099847513584699e+00 1.000000000000000000e+00
1.234904055320579452e+01 -3.067269672187010698e+01 2.476784596172919795e+00 1.000000000000000000e+00
1.236334998606002955e+01 -3.067246821419641734e+01 2.473395538053887233e+00 1.000000000000000000e+00
1.237765941891426635e+01 -3.067132568433968842e+01 2.469932774148499099e+00 1.000000000000000000e+00
1.239196885176850138e+01 -3.066926916634668032e+01 2.466396407645158551e+00 1.000000000000000000e+00
1.240627828462273818e+01 -3.066629872150044989e+01 2.462786543925585381e+00 1.000000000000000000e+00
1.242058771747697499e+01 -3.066241443831858149e+01 2.459103290561674093e+00 1.000000000000000000e+00
1.243489715033121001e+01 -3.065761643255051538e+01 2.455346757312288908e+00 1.000000000000000000e+00
1.244920658318544682e+01 -3.065190484717409802e+01 2.451517056119993487e+00 1.000000000000000000e+00
1.246351601603968362e+01 -3.064527985239134367e+01 2.447614301107714940e+00 1.000000000000000000e+00
1.247782544889391865e+01 -3.063774164562334690e+01 2.443638608575342097e+00 1.000000000000000000e+00
1.249213488174815545e+01 -3.062929045150439933e+01 2.439590096996260282e+00 1.000000000000000000e+00
1.250644431460239225e+01 -3.061992652187529629e+01 2.435468887013823469e+00 1.000000000000000000e+00
1.252075374745662728e+01 -3.060965013577584415e+01 2.431275101437754493e+00 1.000000000000000000e+00
1.253506318031086408e+01 -3.059846159943652566e+01 2.427008865240488866e+00 1.000000000000000000e+00
1.254937261316509911e+01 -3.058636124626939079e+01 2.422670305553448422e+00 1.000000000000000000e+00
1.256368204601933591e+01 -3.057334943685810202e+01 2.418259551663255902e+00 1.000000000000000000e+00
1.257799147887357272e+01 -3.055942655894721582e+01 2.413776735007878482e+00 1.000000000000000000e+00
1.259230091172780774e+01 -3.054459302743061855e+01 2.409221989172714906e+00 1.000000000000000000e+00
1.260661034458204455e+01 -3.052884928433914169e+01 2.404595449886611558e+00 1.000000000000000000e+00
1.262091977743628135e+01 -3.051219579882740973e+01 2.399897255017818143e+00 1.000000000000000000e+00
1.263522921029051638e+01 -3.049463306715986732e+01 2.395127544569883415e+00 1.000000000000000000e+00
1.264953864314475318e+01 -3.047616161269596446e+01 2.390286460677474523e+00 1.000000000000000000e+00
1.266384807599898821e+01 -3.045678198587459562e+01 2.385374147602152828e+00 1.000000000000000000e+00
1.267815750885322501e+01 -3.043649476419765421e+01 2.380390751728064025e+00 1.000000000000000000e+00
1.269246694170746181e+01 -3.041530055221286588e+01 2.375336421557583844e+00 1.000000000000000000e+00
1.270677637456169684e+01 -3.039319998149574076e+01 2.370211307706890036e+00 1.000000000000000000e+00
1.272108580741593364e+01 -3.037019371063076534e+01 2.365015562901470858e+00 1.000000000000000000e+00
1.273539524027017045e+01 -3.034628242519179864e+01 2.359749341971582037e+00 1.000000000000000000e+00
1.274970467312440547e+01 -3.032146683772159435e+01 2.354412801847622916e+00 1.000000000000000000e+00
1.276401410597864228e+01 -3.029574768771061244e+01 2.349006101555467740e+00 1.000000000000000000e+00
1.277832353883287730e+01 -3.026912574157494262e+01 2.343529402211723678e+00 1.000000000000000000e+00
1.279263297168711411e+01 -3.024160179263352077e+01 2.337982867018929323e+00 1.000000000000000000e+00
1.280694240454135091e+01 -3.021317666108443234e+01 2.332366661260691476e+00 1.000000000000000000e+00
1.282125183739558594e+01 -3.018385119398050520e+01 2.326680952296763305e+00 1.000000000000000000e+00
1.283556127024982274e+01 -3.015362626520404277e+01 2.320925909558051004e+00 1.000000000000000000e+00
1.284987070310405954e+01 -3.012250277544082522e+01 2.315101704541569827e+00 1.000000000000000000e+00
1.286418013595829457e+01 -3.009048165215320125e+01 2.309208510805329961e+00 1.000000000000000000e+00
1.287848956881253137e+01 -3.005756384955251193e+01 2.303246503963167324e+00 1.000000000000000000e+00
1.289279900166676818e+01 -3.002375034857064762e+01 2.297215861679511306e+00 1.000000000000000000e+00
1.290710843452100320e+01 -2.998904215683078078e+01 2.291116763664085010e+00 1.000000000000000000e+00
1.292141786737524001e+01 -2.995344030861737394e+01 2.284949391666557084e+00 1.000000000000000000e+00
1.293572730022947503e+01 -2.991694586484533858e+01 2.278713929471118949e+00 1.000000000000000000e+00
1.295003673308371184e+01 -2.987955991302842662e+01 2.272410562891013175e+00 1.000000000000000000e+00
1.296434616593794864e+01 -2.984128356724684039e+01 2.266039479762993913e+00 1.000000000000000000e+00
1.297865559879218367e+01 -2.980211796811401115e+01 2.259600869941731816e+00 1.000000000000000000e+00
1.299296503164642047e+01 -2.976206428274261029e+01 2.253094925294153228e+00 1.000000000000000000e+00
1.300727446450065727e+01 -2.972112370470976472e+01 2.246521839693722100e+00 1.000000000000000000e+00
1.302158389735489230e+01 -2.967929745402154751e+01 2.239881809014670822e+00 1.000000000000000000e+00
1.303589333020912910e+01 -2.963658677707650213e+01 2.233175031126149346e+00 1.000000000000000000e+00
1.305020276306336413e+01 -2.959299294662865876e+01 2.226401705886344562e+00 1.000000000000000000e+00
1.306451219591760093e+01 -2.954851726174943494e+01 2.219562035136508626e+00 1.000000000000000000e+00
1.307882162877183774e+01 -2.950316104778908510e+01 2.212656222694960206e+00 1.000000000000000000e+00
1.309313106162607276e+01 -2.945692565633708426e+01 2.205684474350997792e+00 1.000000000000000000e+00
1.310744049448030957e+01 -2.940981246518191838e+01 2.198646997858774377e+00 1.000000000000000000e+00
1.312174992733454637e+01 -2.936182287827000081e+01 2.191544002931102852e+00 1.000000000000000000e+00
1.313605936018878140e+01 -2.931295832566386039e+01 2.184375701233211675e+00 1.000000000000000000e+00
1.315036879304301820e+01 -2.926322026349947336e+01 2.177142306376431247e+00 1.000000000000000000e+00
1.316467822589725323e+01 -2.921261017394293802e+01 2.169844033911831449e+00 1.000000000000000000e+00
1.317898765875149003e+01 -2.916112956514625765e+01 2.162481101323799670e+00 1.000000000000000000e+00
1.319329709160572683e+01 -2.910877997120241290e+01 2.155053728023555326e+00 1.000000000000000000e+00
1.320760652445996186e+01 -2.905556295209968098e+01 2.147562135342620859e+00 1.000000000000000000e+00
1.322191595731419866e+01 -2.900148009367506319e+01 2.140006546526210585e+00 1.000000000000000000e+00
1.323622539016843547e+01 -2.894653300756714742e+01 2.132387186726595996e+00 1.000000000000000000e+00
1.325053482302267049e+01 -2.889072333116795832e+01 2.124704282996383586e+00 1.000000000000000000e+00
1.326484425587690730e+01 -2.883405272757425308e+01 2.116958064281752261e+00 1.000000000000000000e+00
1.327915368873114410e+01 -2.877652288553793269e+01 2.109148761415635231e+00 1.000000000000000000e+00
1.329346312158537913e+01 -2.871813551941571063e+01 2.101276607110834416e+00 1.000000000000000000e+00
1.330777255443961593e+01 -2.865889236911802840e+01 2.093341835953090424e+00 1.000000000000000000e+00
1.332208198729385096e+01 -2.859879520005721076e+01 2.085344684394089931e+00 1.000000000000000000e+00
1.333639142014808776e+01 -2.853784580309487495e+01 2.077285390744420646e+00 1.000000000000000000e+00
1.335070085300232456e+01 -2.847604599448851559e+01 2.069164195166468545e+00 1.000000000000000000e+00
1.336501028585655959e+01 -2.841339761583745371e+01 2.060981339667264933e+00 1.000000000000000000e+00
1.337931971871079639e+01 -2.834990253402789051e+01 2.052737068091268657e+00 1.000000000000000000e+00
1.339362915156503320e+01 -2.828556264117730024e+01 2.044431626113103473e+00 1.000000000000000000e+00
1.340793858441926822e+01 -2.822037985457805931e+01 2.036065261230237677e+00 1.000000000000000000e+00
1.342224801727350503e+01 -2.815435611664028670e+01 2.027638222755605568e+00 1.000000000000000000e+00
1.343655745012774005e+01 -2.808749339483399865e+01 2.019150761810184935e+00 1.000000000000000000e+00
1.345086688298197686e+01 -2.801979368163042139e+01 2.010603131315500836e+00 1.000000000000000000e+00
1.346517631583621366e+01 -2.795125899444268924e+01 2.001995585986104498e+00 1.000000000000000000e+00
1.347948574869044869e+01 -2.788189137556566166e+01 1.993328382321972292e+00 1.000000000000000000e+00
1.349379518154468549e+01 -2.781169289211510076e+01 1.984601778600864286e+00 1.000000000000000000e+00
1.350810461439892229e+01 -2.774066563596603885e+01 1.975816034870628402e+00 1.000000000000000000e+00
1.352241404725315732e+01 -2.766881172369052422e+01 1.966971412941454833e+00 1.000000000000000000e+00
1.353672348010739412e+01 -2.759613329649443259e+01 1.958068176378067626e+00 1.000000000000000000e+00
1.355103291296162915e+01 -2.752263252015373496e+01 1.949106590491874291e+00 1.000000000000000000e+00
1.356534234581586595e+01 -2.744831158494994128e+01 1.940086922333059460e+00 1.000000000000000000e+00
1.357965177867010276e+01 -2.737317270560482996e+01 1.931009440682624145e+00 1.000000000000000000e+00
1.359396121152433778e+01 -2.729721812121448110e+01 1.921874416044386358e+00 1.000000000000000000e+00
1.360827064437857459e+01 -2.722045009518245706e+01 1.912682120636900907e+00 1.000000000000000000e+00
1.362258007723281139e+01 -2.714287091515248918e+01 1.903432828385369868e+00 1.000000000000000000e+00
1.363688951008704642e+01 -2.706448289294020171e+01 1.894126814913462686e+00 1.000000000000000000e+00
1.365119894294128322e+01 -2.698528836446425316e+01 1.884764357535109625e+00 1.000000000000000000e+00
1.366550837579552002e+01 -2.690528968967676704e+01 1.875345735246241707e+00 1.000000000000000000e+00
1.367981780864975505e+01 -2.682448925249292770e+01 1.865871228716467600e+00 1.000000000000000000e+00
1.369412724150399185e+01 -2.674288946072002560e+01 1.856341120280716961e+00 1.000000000000000000e+00
1.370843667435822688e+01 -2.666049274598563201e+01 1.846755693930823616e+00 1.000000000000000000e+00
1.372274610721246368e+01 -2.657730156366518770e+01 1.837115235307064998e+00 1.000000000000000000e+00
1.373705554006670049e+01 -2.649331839280880629e+01 1.827420031689647617e+00 1.000000000000000000e+00
1.375136497292093551e+01 -2.640854573606743827e+01 1.817670371990151024e+00 1.000000000000000000e+00
1.376567440577517232e+01 -2.632298611961824619e+01 1.807866546742912028e+00 1.000000000000000000e+00
1.377998383862940912e+01 -2.623664209308932982e+01 1.798008848096371404e+00 1.000000000000000000e+00
1.379429327148364415e+01 -2.614951622948380461e+01 1.788097569804365961e+00 1.000000000000000000e+00
1.380860270433788095e+01 -2.606161112510303823e+01 1.778133007217374439e+00 1.000000000000000000e+00
1.382291213719211598e+01 -2.597292939946940749e+01 1.768115457273724322e+00 1.000000000000000000e+00
1.383722157004635278e+01 -2.588347369524805330e+01 1.758045218490723816e+00 1.000000000000000000e+00
1.385153100290058958e+01 -2.579324667816835870e+01 1.747922590955791389e+00 1.000000000000000000e+00
1.386584043575482461e+01 -2.570225103694431112e+01 1.737747876317493390e+00 1.000000000000000000e+00
1.388014986860906141e+01 -2.561048948319449536e+01 1.727521377776564337e+00 1.000000000000000000e+00
1.389445930146329822e+01 -2.551796475136123377e+01 1.717243400076867044e+00 1.000000000000000000e+00
1.390876873431753324e+01 -2.542467959862916160e+01 1.706914249496320757e+00 1.000000000000000000e+00
1.392307816717177005e+01 -2.533063680484298885e+01 1.696534233837761363e+00 1.000000000000000000e+00
1.393738760002600685e+01 -2.523583917242470775e+01 1.686103662419775606e+00 1.000000000000000000e+00
1.395169703288024188e+01 -2.514028952629012537e+01 1.675622846067489791e+00 1.000000000000000000e+00
1.396600646573447868e+01 -2.504399071376451147e+01 1.665092097103289648e+00 1.000000000000000000e+00
1.398031589858871371e+01 -2.494694560449802267e+01 1.654511729337537762e+00 1.000000000000000000e+00
1.399462533144295051e+01 -2.484915709037989373e+01 1.643882058059194184e+00 1.000000000000000000e+00
1.400893476429718731e+01 -2.475062808545250803e+01 1.633203400026449259e+00 1.000000000000000000e+00
1.402324419715142234e+01 -2.465136152582440587e+01 1.622476073457263190e+00 1.000000000000000000e+00
1.403755363000565914e+01 -2.455136036958284507e+01 1.611700398019892733e+00 1.000000000000000000e+00
1.405186306285989595e+01 -2.445062759670564034e+01 1.600876694823362145e+00 1.000000000000000000e+00
1.406617249571413097e+01 -2.434916620897240591e+01 1.590005286407900398e+00 1.000000000000000000e+00
1.408048192856836778e+01 -2.424697922987502707e+01 1.579086496735320644e+00 1.000000000000000000e+00
1.409479136142260280e+01 -2.414406970452761314e+01 1.568120651179371494e+00 1.000000000000000000e+00
1.410910079427683961e+01 -2.404044069957573626e+01 1.557108076516040551e+00 1.000000000000000000e+00
1.412341022713107641e+01 -2.393609530310504852e+01 1.546049100913814645e+00 1.000000000000000000e+00
1.413771965998531144e+01 -2.383103662454931992e+01 1.534944053923909202e+00 1.000000000000000000e+00
1.415202909283954824e+01 -2.372526779459761670e+01 1.523793266470429009e+00 1.000000000000000000e+00
1.416633852569378504e+01 -2.361879196510121304e+01 1.512597070840530522e+00 1.000000000000000000e+00
1.418064795854802007e+01 -2.351161230897952592e+01 1.501355800674501584e+00 1.000000000000000000e+00
1.419495739140225687e+01 -2.340373202012558451e+01 1.490069790955825590e+00 1.000000000000000000e+00
1.420926682425649190e+01 -2.329515431331097020e+01 1.478739378001205917e+00 1.000000000000000000e+00
1.422357625711072870e+01 -2.318588242408977251e+01 1.467364899450525062e+00 1.000000000000000000e+00
1.423788568996496551e+01 -2.307591960870247405e+01 1.455946694256808005e+00 1.000000000000000000e+00
1.425219512281920053e+01 -2.296526914397868069e+01 1.444485102676101862e+00 1.000000000000000000e+00
1.426650455567343734e+01 -2.285393432723958185e+01 1.432980466257344654e+00 1.000000000000000000e+00
1.428081398852767414e+01 -2.274191847619964690e+01 1.421433127832184784e+00 1.000000000000000000e+00
1.429512342138190917e+01 -2.262922492886783488e+01 1.409843431504772315e+00 1.000000000000000000e+00
1.430943285423614597e+01 -2.251585704344803318e+01 1.398211722641491850e+00 1.000000000000000000e+00
1.432374228709038277e+01 -2.240181819823901321e+01 1.386538347860681419e+00 1.000000000000000000e+00
1.433805171994461780e+01 -2.228711179153378907e+01 1.374823655022298308e+00 1.000000000000000000e+00
1.435236115279885460e+01 -2.217174124151829773e+01 1.363067993217553342e+00 1.000000000000000000e+00
1.436667058565308963e+01 -2.205570998616965994e+01 1.351271712758516763e+00 1.000000000000000000e+00
1.438098001850732643e+01 -2.193902148315350331e+01 1.339435165167658592e+00 1.000000000000000000e+00
1.439528945136156324e+01 -2.182167920972118580e+01 1.327558703167399434e+00 1.000000000000000000e+00
1.440959888421579826e+01 -2.170368666260598900e+01 1.315642680669580011e+00 1.000000000000000000e+00
1.442390831707003507e+01 -2.158504735791899520e+01 1.303687452764921817e+00 1.000000000000000000e+00
1.443821774992427187e+01 -2.146576483104428945e+01 1.291693375712444913e+00 1.000000000000000000e+00
1.445252718277850690e+01 -2.134584263653364999e+01 1.279660806928856864e+00 1.000000000000000000e+00
1.446683661563274370e+01 -2.122528434800054953e+01 1.267590104977891707e+00 1.000000000000000000e+00
1.448114604848697873e+01 -2.110409355801371234e+01 1.255481629559631829e+00 1.000000000000000000e+00
1.449545548134121553e+01 -2.098227387799004262e+01 1.243335741499787428e+00 1.000000000000000000e+00
1.450976491419545233e+01 -2.085982893808701277e+01 1.231152802738942897e+00 1.000000000000000000e+00
1.452407434704968736e+01 -2.073676238709454367e+01 1.218933176321779888e+00 1.000000000000000000e+00
1.453838377990392416e+01 -2.061307789232608556e+01 1.206677226386237756e+00 1.000000000000000000e+00
1.455269321275816097e+01 -2.048877913950959595e+01 1.194385318152690223e+00 1.000000000000000000e+00
1.456700264561239599e+01 -2.036386983267750139e+01 1.182057817913039433e+00 1.000000000000000000e+00
1.458131207846663280e+01 -2.023835369405639284e+01 1.169695093019809562e+00 1.000000000000000000e+00
1.459562151132086782e+01 -2.011223446395617032e+01 1.157297511875207796e+00 1.000000000000000000e+00
1.460993094417510463e+01 -1.998551590065840244e+01 1.144865443920123127e+00 1.000000000000000000e+00
1.462424037702934143e+01 -1.985820178030457228e+01 1.132399259623146470e+00 1.000000000000000000e+00
1.463854980988357646e+01 -1.973029589678334617e+01 1.119899330469508625e+00 1.000000000000000000e+00
1.465285924273781326e+01 -1.960180206161761873e+01 1.107366028950019121e+00 1.000000000000000000e+00
1.466716867559205006e+01 -1.947272410385089358e+01 1.094799728549963991e+00 1.000000000000000000e+00
1.468147810844628509e+01 -1.934306586993325894e+01 1.082200803737982886e+00 1.000000000000000000e+00
1.469578754130052189e+01 -1.921283122360663143e+01 1.069569629954898460e+00 1.000000000000000000e+00
1.471009697415475870e+01 -1.908202404578972988e+01 1.056906583602536198e+00 1.000000000000000000e+00
1.472440640700899372e+01 -1.895064823446237767e+01 1.044212042032506949e+00 1.000000000000000000e+00
1.473871583986323053e+01 -1.881870770454932540e+01 1.031486383534957696e+00 1.000000000000000000e+00
1.475302527271746555e+01 -1.868620638780371124e+01 1.018729987327312125e+00 1.000000000000000000e+00
1.476733470557170236e+01 -1.855314823268966151e+01 1.005943233542944348e+00 1.000000000000000000e+00
1.478164413842593916e+01 -1.841953720426490193e+01 9.931265032198828280e-01 1.000000000000000000e+00
1.479595357128017419e+01 -1.828537728406240603e+01 9.802801782894307037e-01 1.000000000000000000e+00
1.481026300413441099e+01 -1.815067246997181627e+01 9.674046415647961084e-01 1.000000000000000000e+00
1.482457243698864779e+01 -1.801542677612027887e+01 9.545002767296801860e-01 1.000000000000000000e+00
1.483888186984288282e+01 -1.787964423275293768e+01 9.415674683268510092e-01 1.000000000000000000e+00
1.485319130269711962e+01 -1.774332888611267123e+01 9.286066017466735323e-01 1.000000000000000000e+00
1.486750073555135465e+01 -1.760648479831959889e+01 9.156180632156319943e-01 1.000000000000000000e+00
1.488181016840559145e+01 -1.746911604725005418e+01 9.026022397848190160e-01 1.000000000000000000e+00
1.489611960125982826e+01 -1.733122672641500372e+01 8.895595193184001603e-01 1.000000000000000000e+00
1.491042903411406328e+01 -1.719282094483818923e+01 8.764902904820655039e-01 1.000000000000000000e+00
1.492473846696830009e+01 -1.705390282693343096e+01 8.633949427314248082e-01 1.000000000000000000e+00
1.493904789982253689e+01 -1.691447651238204131e+01 8.502738663004316688e-01 1.000000000000000000e+00
1.495335733267677192e+01 -1.677454615600921173e+01 8.371274521897310583e-01 1.000000000000000000e+00
1.496766676553100872e+01 -1.663411592766032499e+01 8.239560921550186379e-01 1.000000000000000000e+00
1.498197619838524375e+01 -1.649319001207665636e+01 8.107601786953644307e-01 1.000000000000000000e+00
1.499628563123948055e+01 -1.635177260877066985e+01 7.975401050415150683e-01 1.000000000000000000e+00
1.501059506409371735e+01 -1.620986793190093422e+01 7.842962651441826027e-01 1.000000000000000000e+00
1.502490449694795238e+01 -1.606748021014644223e+01 7.710290536622942392e-01 1.000000000000000000e+00
1.503921392980218918e+01 -1.592461368658066689e+01 7.577388659512389602e-01 1.000000000000000000e+00
1.505352336265642599e+01 -1.578127261854508845e+01 7.444260980510819525e-01 1.000000000000000000e+00
1.506783279551066101e+01 -1.563746127752242110e+01 7.310911466747742615e-01 1.000000000000000000e+00
1.508214222836489782e+01 -1.549318394900909901e+01 7.177344091963067108e-01 1.000000000000000000e+00
1.509645166121913462e+01 -1.534844493238787244e+01 7.043562836388987947e-01 1.000000000000000000e+00
1.511076109407336965e+01 -1.520324854079945531e+01 6.909571686631139631e-01 1.000000000000000000e+00
1.512507052692760645e+01 -1.505759910101406973e+01 6.775374635549882285e-01 1.000000000000000000e+00
1.513937995978184148e+01 -1.491150095330260505e+01 6.640975682141411207e-01 1.000000000000000000e+00
1.515368939263607828e+01 -1.476495845130703621e+01 6.506378831418336839e-01 1.000000000000000000e+00
1.516799882549031508e+01 -1.461797596191100546e+01 6.371588094290658866e-01 1.000000000000000000e+00
1.518230825834455011e+01 -1.447055786510943953e+01 6.236607487445987585e-01 1.000000000000000000e+00
1.519661769119878691e+01 -1.432270855387814024e+01 6.101441033229966227e-01 1.000000000000000000e+00
1.521092712405302372e+01 -1.417443243404283315e+01 5.966092759526366862e-01 1.000000000000000000e+00
1.522523655690725874e+01 -1.402573392414796061e+01 5.830566699637141914e-01 1.000000000000000000e+00
1.523954598976149555e+01 -1.387661745532489377e+01 5.694866892162103733e-01 1.000000000000000000e+00
1.525385542261573057e+01 -1.372708747115996175e+01 5.558997380878671901e-01 1.000000000000000000e+00
1.526816485546996738e+01 -1.357714842756200468e+01 5.422962214621337429e-01 1.000000000000000000e+00
1.528247428832420418e+01 -1.342680479262959459e+01 5.286765447160997056e-01 1.000000000000000000e+00
1.529678372117843921e+01 -1.327606104651798447e+01 5.150411137084259794e-01 1.000000000000000000e+00
1.531109315403267601e+01 -1.312492168130534331e+01 5.013903347672260535e-01 1.000000000000000000e+00
1.532540258688691281e+01 -1.297339120085923980e+01 4.877246146779884994e-01 1.000000000000000000e+00
1.533971201974114784e+01 -1.282147412070215431e+01 4.740443606714309643e-01 1.000000000000000000e+00
1.535402145259538464e+01 -1.266917496787704422e+01 4.603499804113757587e-01 1.000000000000000000e+00
1.536833088544961967e+01 -1.251649828081242077e+01 4.466418819825994091e-01 1.000000000000000000e+00
1.538264031830385647e+01 -1.236344860918706878e+01 4.329204738786702200e-01 1.000000000000000000e+00
1.539694975115809328e+01 -1.221003051379458348e+01 4.191861649897835607e-01 1.000000000000000000e+00
1.541125918401232830e+01 -1.205624856640729980e+01 4.054393645905645105e-01 1.000000000000000000e+00
1.542556861686656511e+01 -1.190210734964016659e+01 3.916804823278800529e-01 1.000000000000000000e+00
1.543987804972080191e+01 -1.174761145681412700e+01 3.779099282086278433e-01 1.000000000000000000e+00
1.545418748257503694e+01 -1.159276549181937277e+01 3.641281125875290847e-01 1.000000000000000000e+00
1.546849691542927374e+01 -1.143757406897787021e+01 3.503354461548757182e-01 1.000000000000000000e+00
1.548280634828351054e+01 -1.128204181290621300e+01 3.365323399243233538e-01 1.000000000000000000e+00
1.549711578113774557e+01 -1.112617335837752464e+01 3.227192052206188100e-01 1.000000000000000000e+00
1.551142521399198237e+01 -1.096997335018345865e+01 3.088964536673516892e-01 1.000000000000000000e+00
1.552573464684621740e+01 -1.081344644299588253e+01 2.950644971746971268e-01 1.000000000000000000e+00
1.554004407970045420e+01 -1.065659730122788673e+01 2.812237479271166851e-01 1.000000000000000000e+00
1.555435351255469101e+01 -1.049943059889514707e+01 2.673746183711067093e-01 1.000000000000000000e+00
1.556866294540892603e+01 -1.034195101947636530e+01 2.535175212028829006e-01 1.000000000000000000e+00
1.558297237826316284e+01 -1.018416325577383041e+01 2.396528693560937007e-01 1.000000000000000000e+00
1.559728181111739964e+01 -1.002607200977351454e+01 2.257810759895103603e-01 1.000000000000000000e+00
1.561159124397163467e+01 -9.867681992505078270e+00 2.119025544747241141e-01 1.000000000000000000e+00
1.562590067682587147e+01 -9.708997923901311111e+00 1.980177183838145172e-01 1.000000000000000000e+00
1.564021010968010650e+01 -9.550024532657598542e+00 1.841269814770340740e-01 1.000000000000000000e+00
1.565451954253434330e+01 -9.390766556090971662e+00 1.702307576904763253e-01 1.000000000000000000e+00
1.566882897538858010e+01 -9.231228739998918797e+00 1.563294611237384668e-01 1.000000000000000000e+00
1.568313840824281513e+01 -9.071415838518090524e+00 1.424235060275926834e-01 1.000000000000000000e+00
1.569744784109705193e+01 -8.911332613982345663e+00 1.285133067916169047e-01 1.000000000000000000e+00
1.571175727395128874e+01 -8.750983836781196956e+00 1.145992779318777827e-01 1.000000000000000000e+00
1.572606670680552376e+01 -8.590374285217379224e+00 1.006818340785536198e-01 1.000000000000000000e+00
1.574037613965976057e+01 -8.429508745364570288e+00 8.676138996358984112e-02 1.000000000000000000e+00
1.575468557251399737e+01 -8.268392010924738855e+00 7.283836040833566172e-02 1.000000000000000000e+00
1.576899500536823240e+01 -8.107028883085376947e+00 5.891316031119180063e-02 1.000000000000000000e+00
1.578330443822246920e+01 -7.945424170376296225e+00 4.498620463523304858e-02 1.000000000000000000e+00
1.579761387107670423e+01 -7.783582688526413662e+00 3.105790839585177363e-02 1.000000000000000000e+00
1.581192330393094103e+01 -7.621509260320238788e+00 1.712868664838831934e-02 1.000000000000000000e+00
1.582623273678517783e+01 -7.459208715454124672e+00 3.198954475760420590e-03 1.000000000000000000e+00
1.584054216963941286e+01 -7.296685890392478058e+00 -1.073087302389476305e-02 1.000000000000000000e+00
1.585485160249364966e+01 -7.133945628223341551e+00 -2.466038074961523704e-02 1.000000000000000000e+00
1.586916103534788647e+01 -6.970992778514449206e+00 -3.858915360995222865e-02 1.000000000000000000e+00
1.588347046820212149e+01 -6.807832197168414368e+00 -5.251677653536459406e-02 1.000000000000000000e+00
1.589777990105635830e+01 -6.644468746278167082e+00 -6.644283449057634960e-02 1.000000000000000000e+00
1.591208933391059333e+01 -6.480907293982027362e+00 -8.036691248694673162e-02 1.000000000000000000e+00
1.592639876676483013e+01 -6.317152714318625684e+00 -9.428859559483886155e-02 1.000000000000000000e+00
1.594070819961906693e+01 -6.153209887081753315e+00 -1.082074689559754527e-01 1.000000000000000000e+00
1.595501763247330196e+01 -5.989083697674795204e+00 -1.221231177958148062e-01 1.000000000000000000e+00
1.596932706532753876e+01 -5.824779036965252565e+00 -1.360351274359019036e-01 1.000000000000000000e+00
1.598363649818177556e+01 -5.660300801138941296e+00 -1.499430833062300739e-01 1.000000000000000000e+00
1.599794593103601059e+01 -5.495653891554225012e+00 -1.638465709575836482e-01 1.000000000000000000e+00
1.601225536389024739e+01 -5.330843214595666346e+00 -1.777451760739131859e-01 1.000000000000000000e+00
1.602656479674448420e+01 -5.165873681528183603e+00 -1.916384844846501512e-01 1.000000000000000000e+00
1.604087422959872100e+01 -5.000750208350386750e+00 -2.055260821770762414e-01 1.000000000000000000e+00
1.605518366245295425e+01 -4.835477715648350383e+00 -2.194075553086378971e-01 1.000000000000000000e+00
1.606949309530719106e+01 -4.670061128448680599e+00 -2.332824902193036398e-01 1.000000000000000000e+00
1.608380252816142786e+01 -4.504505376072002854e+00 -2.471504734438704776e-01 1.000000000000000000e+00
1.609811196101566466e+01 -4.338815391986035941e+00 -2.610110917242872697e-01 1.000000000000000000e+00
1.611242139386990146e+01 -4.172996113658423489e+00 -2.748639320219828930e-01 1.000000000000000000e+00
1.612673082672413472e+01 -4.007052482409837246e+00 -2.887085815301546621e-01 1.000000000000000000e+00
1.614104025957837152e+01 -3.840989443266432879e+00 -3.025446276860941364e-01 1.000000000000000000e+00
1.615534969243260832e+01 -3.674811944812736542e+00 -3.163716581834611352e-01 1.000000000000000000e+00
1.616965912528684512e+01 -3.508524939044149082e+00 -3.301892609845727411e-01 1.000000000000000000e+00
1.618396855814108193e+01 -3.342133381219249522e+00 -3.439970243326924138e-01 1.000000000000000000e+00
1.619827799099531873e+01 -3.175642229712205111e+00 -3.577945367642939578e-01 1.000000000000000000e+00
1.621258742384955198e+01 -3.009056445865129437e+00 -3.715813871213137776e-01 1.000000000000000000e+00
1.622689685670378879e+01 -2.842380993839961345e+00 -3.853571645634253917e-01 1.000000000000000000e+00
1.624120628955802559e+01 -2.675620840470783968e+00 -3.991214585802621562e-01 1.000000000000000000e+00
1.625551572241226239e+01 -2.508780955115786693e+00 -4.128738590036526435e-01 1.000000000000000000e+00
1.626982515526649919e+01 -2.341866309509016641e+00 -4.266139560198566882e-01 1.000000000000000000e+00
1.628413458812073245e+01 -2.174881877612472092e+00 -4.403413401817573569e-01 1.000000000000000000e+00
1.629844402097496925e+01 -2.007832635467578175e+00 -4.540556024210872788e-01 1.000000000000000000e+00
1.631275345382920605e+01 -1.840723561047151735e+00 -4.677563340605980224e-01 1.000000000000000000e+00
1.632706288668344285e+01 -1.673559634107031124e+00 -4.814431268262408525e-01 1.000000000000000000e+00
1.634137231953767966e+01 -1.506345836037519925e+00 -4.951155728593468197e-01 1.000000000000000000e+00
1.635568175239191291e+01 -1.339087149715189717e+00 -5.087732647287599441e-01 1.000000000000000000e+00
1.636999118524614971e+01 -1.171788559354093096e+00 -5.224157954430036499e-01 1.000000000000000000e+00
1.638430061810038652e+01 -1.004455050357509149e+00 -5.360427584623861375e-01 1.000000000000000000e+00
1.639861005095462332e+01 -8.370916091692178762e-01 -5.496537477111285153e-01 1.000000000000000000e+00
1.641291948380886012e+01 -6.697032231250438228e-01 -5.632483575894546846e-01 1.000000000000000000e+00
1.642722891666309692e+01 -5.022948803040451216e-01 -5.768261829856931033e-01 1.000000000000000000e+00
1.644153834951733018e+01 -3.348715693801162518e-01 -5.903868192883297006e-01 1.000000000000000000e+00
1.645584778237156698e+01 -1.674382794730296942e-01 -6.039298623980884351e-01 1.000000000000000000e+00
1.647015721522580378e+01 -7.512650968370699439e-15 -6.174549087399541225e-01 1.000000000000000000e+00
