0.000000000000000000e+00 0.000000000000000000e+00 -2.382524292317664383e+00 1.000000000000000000e+00
1.430391005789503032e-02 1.149482787403929285e-01 -2.374088505519164283e+00 1.000000000000000000e+00
2.860782011579006065e-02 2.298939648438464434e-01 -2.365599171598216532e+00 1.000000000000000000e+00
4.291173017368508924e-02 3.448344657318974660e-01 -2.357056482030159827e+00 1.000000000000000000e+00
5.721564023158012130e-02 4.597671889430346992e-01 -2.348460629493761331e+00 1.000000000000000000e+00
7.151955028947515336e-02 5.746895421911706325e-01 -2.339811807866867710e+00 1.000000000000000000e+00
8.582346034737017848e-02 6.895989334241104940e-01 -2.331110212222034406e+00 1.000000000000000000e+00
1.001273704052652175e-01 8.044927708820152068e-01 -2.322356038822123825e+00 1.000000000000000000e+00
1.144312804631602426e-01 9.193684631558586284e-01 -2.313549485115881321e+00 1.000000000000000000e+00
1.287351905210552816e-01 1.034223419245875020e+00 -2.304690749733479205e+00 1.000000000000000000e+00
1.430391005789503067e-01 1.149055048620000186e+00 -2.295780032482038546e+00 1.000000000000000000e+00
1.573430106368453318e-01 1.263860761272299404e+00 -2.286817534341119895e+00 1.000000000000000000e+00
1.716469206947403570e-01 1.378637967781384477e+00 -2.277803457458194902e+00 1.000000000000000000e+00
1.859508307526353821e-01 1.493384079368818007e+00 -2.268738005144081971e+00 1.000000000000000000e+00
2.002547408105304350e-01 1.608096507957503807e+00 -2.259621381868363255e+00 1.000000000000000000e+00
2.145586508684254601e-01 1.722772666230057537e+00 -2.250453793254773238e+00 1.000000000000000000e+00
2.288625609263204852e-01 1.837409967687166024e+00 -2.241235446076558890e+00 1.000000000000000000e+00
2.431664709842155103e-01 1.952005826705924818e+00 -2.231966548251817173e+00 1.000000000000000000e+00
2.574703810421105632e-01 2.066557658598155101e+00 -2.222647308838806790e+00 1.000000000000000000e+00
2.717742911000055606e-01 2.181062879668702603e+00 -2.213277938031230185e+00 1.000000000000000000e+00
2.860782011579006134e-01 2.295518907273710330e+00 -2.203858647153493777e+00 1.000000000000000000e+00
3.003821112157956108e-01 2.409923159878870624e+00 -2.194389648655944214e+00 1.000000000000000000e+00
3.146860212736906637e-01 2.524273057117653263e+00 -2.184871156110071322e+00 1.000000000000000000e+00
3.289899313315857166e-01 2.638566019849500677e+00 -2.175303384203695067e+00 1.000000000000000000e+00
3.432938413894807139e-01 2.752799470218003197e+00 -2.165686548736123207e+00 1.000000000000000000e+00
3.575977514473757668e-01 2.866970831709042322e+00 -2.156020866613280962e+00 1.000000000000000000e+00
3.719016615052707642e-01 2.981077529208901566e+00 -2.146306555842822483e+00 1.000000000000000000e+00
3.862055715631658170e-01 3.095116989062349777e+00 -2.136543835529211233e+00 1.000000000000000000e+00
4.005094816210608699e-01 3.209086639130687590e+00 -2.126732925868778601e+00 1.000000000000000000e+00
4.148133916789558673e-01 3.322983908849761470e+00 -2.116874048144758103e+00 1.000000000000000000e+00
4.291173017368509202e-01 3.436806229287943992e+00 -2.106967424722293813e+00 1.000000000000000000e+00
4.434212117947459175e-01 3.550551033204075058e+00 -2.097013279043425271e+00 1.000000000000000000e+00
4.577251218526409704e-01 3.664215755105365346e+00 -2.087011835622047951e+00 1.000000000000000000e+00
4.720290319105360233e-01 3.777797831305259812e+00 -2.076963320038847538e+00 1.000000000000000000e+00
4.863329419684310206e-01 3.891294699981261207e+00 -2.066867958936215555e+00 1.000000000000000000e+00
5.006368520263260180e-01 4.004703801232713190e+00 -2.056725980013133892e+00 1.000000000000000000e+00
5.149407620842211264e-01 4.118022577138538587e+00 -2.046537612020042030e+00 1.000000000000000000e+00
5.292446721421161238e-01 4.231248471814926582e+00 -2.036303084753675385e+00 1.000000000000000000e+00
5.435485822000111211e-01 4.344378931472990146e+00 -2.026022629051882351e+00 1.000000000000000000e+00
5.578524922579062295e-01 4.457411404476360417e+00 -2.015696476788420455e+00 1.000000000000000000e+00
5.721564023158012269e-01 4.570343341398736214e+00 -2.005324860867723658e+00 1.000000000000000000e+00
5.864603123736962242e-01 4.683172195081390932e+00 -1.994908015219649888e+00 1.000000000000000000e+00
6.007642224315912216e-01 4.795895420690621691e+00 -1.984446174794205264e+00 1.000000000000000000e+00
6.150681324894863300e-01 4.908510475775148763e+00 -1.973939575556245662e+00 1.000000000000000000e+00
6.293720425473813274e-01 5.021014820323452810e+00 -1.963388454480152978e+00 1.000000000000000000e+00
6.436759526052763247e-01 5.133405916821073944e+00 -1.952793049544489623e+00 1.000000000000000000e+00
6.579798626631714331e-01 5.245681230307843279e+00 -1.942153599726634150e+00 1.000000000000000000e+00
6.722837727210664305e-01 5.357838228435046979e+00 -1.931470344997388233e+00 1.000000000000000000e+00
6.865876827789614278e-01 5.469874381522563667e+00 -1.920743526315565219e+00 1.000000000000000000e+00
7.008915928368565362e-01 5.581787162615900577e+00 -1.909973385622554920e+00 1.000000000000000000e+00
7.151955028947515336e-01 5.693574047543202177e+00 -1.899160165836867975e+00 1.000000000000000000e+00
7.294994129526465310e-01 5.805232514972172631e+00 -1.888304110848654904e+00 1.000000000000000000e+00
7.438033230105415283e-01 5.916760046466954748e+00 -1.877405465514206950e+00 1.000000000000000000e+00
7.581072330684366367e-01 6.028154126544923663e+00 -1.866464475650431609e+00 1.000000000000000000e+00
7.724111431263316341e-01 6.139412242733423675e+00 -1.855481388029310841e+00 1.000000000000000000e+00
7.867150531842266314e-01 6.250531885626444684e+00 -1.844456450372332856e+00 1.000000000000000000e+00
8.010189632421217398e-01 6.361510548941210708e+00 -1.833389911344904366e+00 1.000000000000000000e+00
8.153228733000167372e-01 6.472345729574718654e+00 -1.822282020550746173e+00 1.000000000000000000e+00
8.296267833579117346e-01 6.583034927660186497e+00 -1.811133028526257904e+00 1.000000000000000000e+00
8.439306934158068429e-01 6.693575646623441955e+00 -1.799943186734870304e+00 1.000000000000000000e+00
8.582346034737018403e-01 6.803965393239234771e+00 -1.788712747561373329e+00 1.000000000000000000e+00
8.725385135315968377e-01 6.914201677687463743e+00 -1.777441964306223587e+00 1.000000000000000000e+00
8.868424235894918350e-01 7.024282013609338904e+00 -1.766131091179830248e+00 1.000000000000000000e+00
9.011463336473869434e-01 7.134203918163464664e+00 -1.754780383296822510e+00 1.000000000000000000e+00
9.154502437052819408e-01 7.243964912081829688e+00 -1.743390096670294209e+00 1.000000000000000000e+00
9.297541537631769382e-01 7.353562519725731939e+00 -1.731960488206031767e+00 1.000000000000000000e+00
9.440580638210720466e-01 7.462994269141622894e+00 -1.720491815696717497e+00 1.000000000000000000e+00
9.583619738789670439e-01 7.572257692116847849e+00 -1.708984337816115584e+00 1.000000000000000000e+00
9.726658839368620413e-01 7.681350324235324933e+00 -1.697438314113238533e+00 1.000000000000000000e+00
9.869697939947570386e-01 7.790269704933133532e+00 -1.685854005006492962e+00 1.000000000000000000e+00
1.001273704052652036e+00 7.899013377553999682e+00 -1.674231671777804964e+00 1.000000000000000000e+00
1.015577614110547255e+00 8.007578889404717515e+00 -1.662571576566727716e+00 1.000000000000000000e+00
1.029881524168442253e+00 8.115963791810457906e+00 -1.650873982364529979e+00 1.000000000000000000e+00
1.044185434226337250e+00 8.224165640170012281e+00 -1.639139153008261518e+00 1.000000000000000000e+00
1.058489344284232248e+00 8.332181994010912973e+00 -1.627367353174804965e+00 1.000000000000000000e+00
1.072793254342127245e+00 8.440010417044494062e+00 -1.615558848374905487e+00 1.000000000000000000e+00
1.087097164400022242e+00 8.547648477220830543e+00 -1.603713904947180691e+00 1.000000000000000000e+00
1.101401074457917240e+00 8.655093746783594000e+00 -1.591832790052115865e+00 1.000000000000000000e+00
1.115704984515812459e+00 8.762343802324817688e+00 -1.579915771666036584e+00 1.000000000000000000e+00
1.130008894573707456e+00 8.869396224839540821e+00 -1.567963118575064430e+00 1.000000000000000000e+00
1.144312804631602454e+00 8.976248599780392468e+00 -1.555975100369056285e+00 1.000000000000000000e+00
1.158616714689497451e+00 9.082898517112028003e+00 -1.543951987435521422e+00 1.000000000000000000e+00
1.172920624747392448e+00 9.189343571365496288e+00 -1.531894050953523490e+00 1.000000000000000000e+00
1.187224534805287446e+00 9.295581361692498490e+00 -1.519801562887567847e+00 1.000000000000000000e+00
1.201528444863182443e+00 9.401609491919533212e+00 -1.507674795981461369e+00 1.000000000000000000e+00
1.215832354921077663e+00 9.507425570601940379e+00 -1.495514023752164023e+00 1.000000000000000000e+00
1.230136264978972660e+00 9.613027211077850964e+00 -1.483319520483621368e+00 1.000000000000000000e+00
1.244440175036867657e+00 9.718412031521998173e+00 -1.471091561220574384e+00 1.000000000000000000e+00
1.258744085094762655e+00 9.823577654999461117e+00 -1.458830421762358442e+00 1.000000000000000000e+00
1.273047995152657652e+00 9.928521709519261051e+00 -1.446536378656682720e+00 1.000000000000000000e+00
1.287351905210552649e+00 1.003324182808785991e+01 -1.434209709193390969e+00 1.000000000000000000e+00
1.301655815268447869e+00 1.013773564876257005e+01 -1.421850691398207633e+00 1.000000000000000000e+00
1.315959725326342866e+00 1.024200081470478807e+01 -1.409459604026470414e+00 1.000000000000000000e+00
1.330263635384237864e+00 1.034603497423319496e+01 -1.397036726556837749e+00 1.000000000000000000e+00
1.344567545442132861e+00 1.044983578087676257e+01 -1.384582339184988964e+00 1.000000000000000000e+00
1.358871455500027858e+00 1.055340089342770860e+01 -1.372096722817302883e+00 1.000000000000000000e+00
1.373175365557922856e+00 1.065672797599427390e+01 -1.359580159064523119e+00 1.000000000000000000e+00
1.387479275615817853e+00 1.075981469805342527e+01 -1.347032930235405157e+00 1.000000000000000000e+00
1.401783185673713072e+00 1.086265873450342312e+01 -1.334455319330349443e+00 1.000000000000000000e+00
1.416087095731608070e+00 1.096525776571624533e+01 -1.321847610035019382e+00 1.000000000000000000e+00
1.430391005789503067e+00 1.106760947758992231e+01 -1.309210086713940902e+00 1.000000000000000000e+00
1.444694915847398065e+00 1.116971156160072454e+01 -1.296543034404090466e+00 1.000000000000000000e+00
1.458998825905293062e+00 1.127156171485523828e+01 -1.283846738808464893e+00 1.000000000000000000e+00
1.473302735963188059e+00 1.137315764014228847e+01 -1.271121486289637836e+00 1.000000000000000000e+00
1.487606646021083057e+00 1.147449704598478171e+01 -1.258367563863301175e+00 1.000000000000000000e+00
1.501910556078978276e+00 1.157557764669135736e+01 -1.245585259191790861e+00 1.000000000000000000e+00
1.516214466136873273e+00 1.167639716240795877e+01 -1.232774860577600107e+00 1.000000000000000000e+00
1.530518376194768271e+00 1.177695331916925880e+01 -1.219936656956874366e+00 1.000000000000000000e+00
1.544822286252663268e+00 1.187724384894993435e+01 -1.207070937892896767e+00 1.000000000000000000e+00
1.559126196310558266e+00 1.197726648971584318e+01 -1.194177993569555341e+00 1.000000000000000000e+00
1.573430106368453263e+00 1.207701898547501074e+01 -1.181258114784799584e+00 1.000000000000000000e+00
1.587734016426348260e+00 1.217649908632854938e+01 -1.168311592944079935e+00 1.000000000000000000e+00
1.602037926484243480e+00 1.227570454852138049e+01 -1.155338720053776802e+00 1.000000000000000000e+00
1.616341836542138477e+00 1.237463313449284108e+01 -1.142339788714612947e+00 1.000000000000000000e+00
1.630645746600033474e+00 1.247328261292717144e+01 -1.129315092115055208e+00 1.000000000000000000e+00
1.644949656657928472e+00 1.257165075880382865e+01 -1.116264924024700012e+00 1.000000000000000000e+00
1.659253566715823469e+00 1.266973535344767221e+01 -1.103189578787649339e+00 1.000000000000000000e+00
1.673557476773718466e+00 1.276753418457899514e+01 -1.090089351315871147e+00 1.000000000000000000e+00
1.687861386831613686e+00 1.286504504636345381e+01 -1.076964537082546913e+00 1.000000000000000000e+00
1.702165296889508683e+00 1.296226573946178640e+01 -1.063815432115408299e+00 1.000000000000000000e+00
1.716469206947403681e+00 1.305919407107943009e+01 -1.050642332990059602e+00 1.000000000000000000e+00
1.730773117005298678e+00 1.315582785501598551e+01 -1.037445536823289771e+00 1.000000000000000000e+00
1.745077027063193675e+00 1.325216491171452127e+01 -1.024225341266368661e+00 1.000000000000000000e+00
1.759380937121088673e+00 1.334820306831073111e+01 -1.010982044498336396e+00 1.000000000000000000e+00
1.773684847178983670e+00 1.344394015868195069e+01 -9.977159452192755351e-01 1.000000000000000000e+00
1.787988757236878890e+00 1.353937402349599317e+01 -9.844273426435753427e-01 1.000000000000000000e+00
1.802292667294773887e+00 1.363450251025988536e+01 -9.711165364931834132e-01 1.000000000000000000e+00
1.816596577352668884e+00 1.372932347336838177e+01 -9.577838269908440783e-01 1.000000000000000000e+00
1.830900487410563882e+00 1.382383477415239703e+01 -9.444295148533276008e-01 1.000000000000000000e+00
1.845204397468458879e+00 1.391803428092720196e+01 -9.310539012846479334e-01 1.000000000000000000e+00
1.859508307526353876e+00 1.401191986904052733e+01 -9.176572879692691531e-01 1.000000000000000000e+00
1.873812217584248874e+00 1.410548942092049174e+01 -9.042399770652997937e-01 1.000000000000000000e+00
1.888116127642144093e+00 1.419874082612333765e+01 -8.908022711976795183e-01 1.000000000000000000e+00
1.902420037700039090e+00 1.429167198138105555e+01 -8.773444734513519139e-01 1.000000000000000000e+00
1.916723947757934088e+00 1.438428079064881082e+01 -8.638668873644300694e-01 1.000000000000000000e+00
1.931027857815829085e+00 1.447656516515221803e+01 -8.503698169213480540e-01 1.000000000000000000e+00
1.945331767873724083e+00 1.456852302343446048e+01 -8.368535665460072881e-01 1.000000000000000000e+00
1.959635677931619080e+00 1.466015229140324294e+01 -8.233184410949078158e-01 1.000000000000000000e+00
1.973939587989514077e+00 1.475145090237754353e+01 -8.097647458502741369e-01 1.000000000000000000e+00
1.988243498047409297e+00 1.484241679713426620e+01 -7.961927865131691595e-01 1.000000000000000000e+00
2.002547408105304072e+00 1.493304792395465697e+01 -7.826028691965989381e-01 1.000000000000000000e+00
2.016851318163199291e+00 1.502334223867059393e+01 -7.689953004186071972e-01 1.000000000000000000e+00
2.031155228221094511e+00 1.511329770471068557e+01 -7.553703870953648591e-01 1.000000000000000000e+00
2.045459138278989286e+00 1.520291229314620907e+01 -7.417284365342449171e-01 1.000000000000000000e+00
2.059763048336884506e+00 1.529218398273688173e+01 -7.280697564268917565e-01 1.000000000000000000e+00
2.074066958394779281e+00 1.538111075997642097e+01 -7.143946548422824838e-01 1.000000000000000000e+00
2.088370868452674500e+00 1.546969061913800481e+01 -7.007034402197759304e-01 1.000000000000000000e+00
2.102674778510569276e+00 1.555792156231945178e+01 -6.869964213621601035e-01 1.000000000000000000e+00
2.116978688568464495e+00 1.564580159948833860e+01 -6.732739074286818726e-01 1.000000000000000000e+00
2.131282598626359714e+00 1.573332874852686025e+01 -6.595362079280783218e-01 1.000000000000000000e+00
2.145586508684254490e+00 1.582050103527652141e+01 -6.457836327115938913e-01 1.000000000000000000e+00
2.159890418742149709e+00 1.590731649358269806e+01 -6.320164919659911895e-01 1.000000000000000000e+00
2.174194328800044484e+00 1.599377316533895410e+01 -6.182350962065569222e-01 1.000000000000000000e+00
2.188498238857939704e+00 1.607986910053121932e+01 -6.044397562700953852e-01 1.000000000000000000e+00
2.202802148915834479e+00 1.616560235728176664e+01 -5.906307833079209590e-01 1.000000000000000000e+00
2.217106058973729699e+00 1.625097100189302779e+01 -5.768084887788361703e-01 1.000000000000000000e+00
2.231409969031624918e+00 1.633597310889116372e+01 -5.629731844421116405e-01 1.000000000000000000e+00
2.245713879089519693e+00 1.642060676106955697e+01 -5.491251823504501584e-01 1.000000000000000000e+00
2.260017789147414913e+00 1.650487004953199488e+01 -5.352647948429497538e-01 1.000000000000000000e+00
2.274321699205309688e+00 1.658876107373575337e+01 -5.213923345380602203e-01 1.000000000000000000e+00
2.288625609263204908e+00 1.667227794153447817e+01 -5.075081143265299799e-01 1.000000000000000000e+00
2.302929519321099683e+00 1.675541876922081386e+01 -4.936124473643510591e-01 1.000000000000000000e+00
2.317233429378994902e+00 1.683818168156894401e+01 -4.797056470656937410e-01 1.000000000000000000e+00
2.331537339436890122e+00 1.692056481187684369e+01 -4.657880270958388857e-01 1.000000000000000000e+00
2.345841249494784897e+00 1.700256630200841101e+01 -4.518599013641044770e-01 1.000000000000000000e+00
2.360145159552680116e+00 1.708418430243536790e+01 -4.379215840167616780e-01 1.000000000000000000e+00
2.374449069610574892e+00 1.716541697227896890e+01 -4.239733894299533845e-01 1.000000000000000000e+00
2.388752979668470111e+00 1.724626247935153245e+01 -4.100156322026005662e-01 1.000000000000000000e+00
2.403056889726364886e+00 1.732671900019775535e+01 -3.960486271493088850e-01 1.000000000000000000e+00
2.417360799784260106e+00 1.740678472013586031e+01 -3.820726892932658214e-01 1.000000000000000000e+00
2.431664709842155325e+00 1.748645783329848413e+01 -3.680881338591374674e-01 1.000000000000000000e+00
2.445968619900050101e+00 1.756573654267346640e+01 -3.540952762659578257e-01 1.000000000000000000e+00
2.460272529957945320e+00 1.764461906014433978e+01 -3.400944321200132792e-01 1.000000000000000000e+00
2.474576440015840095e+00 1.772310360653065331e+01 -3.260859172077275048e-01 1.000000000000000000e+00
2.488880350073735315e+00 1.780118841162814292e+01 -3.120700474885347853e-01 1.000000000000000000e+00
2.503184260131630090e+00 1.787887171424862842e+01 -2.980471390877572624e-01 1.000000000000000000e+00
2.517488170189525309e+00 1.795615176225973642e+01 -2.840175082894719760e-01 1.000000000000000000e+00
2.531792080247420529e+00 1.803302681262443130e+01 -2.699814715293792355e-01 1.000000000000000000e+00
2.546095990305315304e+00 1.810949513144032608e+01 -2.559393453876647739e-01 1.000000000000000000e+00
2.560399900363210524e+00 1.818555499397877639e+01 -2.418914465818580994e-01 1.000000000000000000e+00
2.574703810421105299e+00 1.826120468472381120e+01 -2.278380919596914023e-01 1.000000000000000000e+00
2.589007720479000518e+00 1.833644249741079335e+01 -2.137795984919502734e-01 1.000000000000000000e+00
2.603311630536895738e+00 1.841126673506492040e+01 -1.997162832653277542e-01 1.000000000000000000e+00
2.617615540594790513e+00 1.848567571003949084e+01 -1.856484634752699481e-01 1.000000000000000000e+00
2.631919450652685732e+00 1.855966774405399988e+01 -1.715764564188218266e-01 1.000000000000000000e+00
2.646223360710580508e+00 1.863324116823194032e+01 -1.575005794874727028e-01 1.000000000000000000e+00
2.660527270768475727e+00 1.870639432313848616e+01 -1.434211501599948757e-01 1.000000000000000000e+00
2.674831180826370503e+00 1.877912555881790269e+01 -1.293384859952855515e-01 1.000000000000000000e+00
2.689135090884265722e+00 1.885143323483076827e+01 -1.152529046252018102e-01 1.000000000000000000e+00
2.703439000942160941e+00 1.892331572029096165e+01 -1.011647237473984468e-01 1.000000000000000000e+00
2.717742911000055717e+00 1.899477139390246805e+01 -8.707426111816254921e-02 1.000000000000000000e+00
2.732046821057950936e+00 1.906579864399591884e+01 -7.298183454524380387e-02 1.000000000000000000e+00
2.746350731115845711e+00 1.913639586856497132e+01 -5.888776188068988587e-02 1.000000000000000000e+00
2.760654641173740931e+00 1.920656147530241853e+01 -4.479236101367444628e-02 1.000000000000000000e+00
2.774958551231635706e+00 1.927629388163611424e+01 -3.069594986332981057e-02 1.000000000000000000e+00
2.789262461289530926e+00 1.934559151476467775e+01 -1.659884637157374790e-02 1.000000000000000000e+00
2.803566371347426145e+00 1.941445281169293935e+01 -2.501368495940634821e-03 1.000000000000000000e+00
2.817870281405320920e+00 1.948287621926721869e+01 1.159616579759099007e-02 1.000000000000000000e+00
2.832174191463216140e+00 1.955086019421036170e+01 2.569343854177140798e-02 1.000000000000000000e+00
2.846478101521110915e+00 1.961840320315650388e+01 3.979013177524745593e-02 1.000000000000000000e+00
2.860782011579006134e+00 1.968550372268571635e+01 5.388592754974037141e-02 1.000000000000000000e+00
2.875085921636900910e+00 1.975216023935831799e+01 6.798050793720976370e-02 1.000000000000000000e+00
2.889389831694796129e+00 1.981837124974903830e+01 8.207355503703071820e-02 1.000000000000000000e+00
2.903693741752691349e+00 1.988413526048092095e+01 9.616475098316000503e-02 1.000000000000000000e+00
2.917997651810586124e+00 1.994945078825897866e+01 1.102537779513068500e-01 1.000000000000000000e+00
2.932301561868481343e+00 2.001431635990372015e+01 1.243403181661023177e-01 1.000000000000000000e+00
2.946605471926376119e+00 2.007873051238427919e+01 1.384240539082644550e-01 1.000000000000000000e+00
2.960909381984271338e+00 2.014269179285149747e+01 1.525046675217672787e-01 1.000000000000000000e+00
2.975213292042166113e+00 2.020619875867064152e+01 1.665818414210012144e-01 1.000000000000000000e+00
2.989517202100061333e+00 2.026924997745398471e+01 1.806552580979424172e-01 1.000000000000000000e+00
3.003821112157956552e+00 2.033184402709305871e+01 1.947246001293072015e-01 1.000000000000000000e+00
3.018125022215851327e+00 2.039397949579077718e+01 2.087895501837157552e-01 1.000000000000000000e+00
3.032428932273746547e+00 2.045565498209327160e+01 2.228497910288503858e-01 1.000000000000000000e+00
3.046732842331641322e+00 2.051686909492146782e+01 2.369050055386055509e-01 1.000000000000000000e+00
3.061036752389536542e+00 2.057762045360249559e+01 2.509548767002466874e-01 1.000000000000000000e+00
3.075340662447431317e+00 2.063790768790080676e+01 2.649990876215547186e-01 1.000000000000000000e+00
3.089644572505326536e+00 2.069772943804911236e+01 2.790373215379783334e-01 1.000000000000000000e+00
3.103948482563221756e+00 2.075708435477902114e+01 2.930692618197764943e-01 1.000000000000000000e+00
3.118252392621116531e+00 2.081597109935147571e+01 3.070945919791577272e-01 1.000000000000000000e+00
3.132556302679011750e+00 2.087438834358695772e+01 3.211129956774227967e-01 1.000000000000000000e+00
3.146860212736906526e+00 2.093233476989545494e+01 3.351241567320967230e-01 1.000000000000000000e+00
3.161164122794801745e+00 2.098980907130614426e+01 3.491277591240617983e-01 1.000000000000000000e+00
3.175468032852696521e+00 2.104680995149690048e+01 3.631234870046823882e-01 1.000000000000000000e+00
3.189771942910591740e+00 2.110333612482354226e+01 3.771110247029337836e-01 1.000000000000000000e+00
3.204075852968486959e+00 2.115938631634877254e+01 3.910900567325166222e-01 1.000000000000000000e+00
3.218379763026381735e+00 2.121495926187101944e+01 4.050602677989771916e-01 1.000000000000000000e+00
3.232683673084276954e+00 2.127005370795287220e+01 4.190213428068171320e-01 1.000000000000000000e+00
3.246987583142171729e+00 2.132466841194940343e+01 4.329729668665980302e-01 1.000000000000000000e+00
3.261291493200066949e+00 2.137880214203617513e+01 4.469148253020479022e-01 1.000000000000000000e+00
3.275595403257961724e+00 2.143245367723701733e+01 4.608466036571559066e-01 1.000000000000000000e+00
3.289899313315856944e+00 2.148562180745159367e+01 4.747679877032661699e-01 1.000000000000000000e+00
3.304203223373752163e+00 2.153830533348265774e+01 4.886786634461633416e-01 1.000000000000000000e+00
3.318507133431646938e+00 2.159050306706313194e+01 5.025783171331557053e-01 1.000000000000000000e+00
3.332811043489542158e+00 2.164221383088289130e+01 5.164666352601532395e-01 1.000000000000000000e+00
3.347114953547436933e+00 2.169343645861532721e+01 5.303433045787366851e-01 1.000000000000000000e+00
3.361418863605332152e+00 2.174416979494363744e+01 5.442080121032244477e-01 1.000000000000000000e+00
3.375722773663227372e+00 2.179441269558691374e+01 5.580604451177285652e-01 1.000000000000000000e+00
3.390026683721122147e+00 2.184416402732592388e+01 5.719002911832126168e-01 1.000000000000000000e+00
3.404330593779017367e+00 2.189342266802867698e+01 5.857272381445363107e-01 1.000000000000000000e+00
3.418634503836912142e+00 2.194218750667574014e+01 5.995409741374945201e-01 1.000000000000000000e+00
3.432938413894807361e+00 2.199045744338529929e+01 6.133411875958552084e-01 1.000000000000000000e+00
3.447242323952702137e+00 2.203823138943794646e+01 6.271275672583822569e-01 1.000000000000000000e+00
3.461546234010597356e+00 2.208550826730126460e+01 6.408998021758601782e-01 1.000000000000000000e+00
3.475850144068492575e+00 2.213228701065410675e+01 6.546575817181056189e-01 1.000000000000000000e+00
3.490154054126387351e+00 2.217856656441066576e+01 6.684005955809715349e-01 1.000000000000000000e+00
3.504457964184282570e+00 2.222434588474425610e+01 6.821285337933497006e-01 1.000000000000000000e+00
3.518761874242177345e+00 2.226962393911086480e+01 6.958410867241601183e-01 1.000000000000000000e+00
3.533065784300072565e+00 2.231439970627243596e+01 7.095379450893352091e-01 1.000000000000000000e+00
3.547369694357967340e+00 2.235867217631991721e+01 7.232187999587939009e-01 1.000000000000000000e+00
3.561673604415862560e+00 2.240244035069602191e+01 7.368833427634129407e-01 1.000000000000000000e+00
3.575977514473757779e+00 2.244570324221775692e+01 7.505312653019827751e-01 1.000000000000000000e+00
3.590281424531652554e+00 2.248845987509868749e+01 7.641622597481622092e-01 1.000000000000000000e+00
3.604585334589547774e+00 2.253070928497096403e+01 7.777760186574204093e-01 1.000000000000000000e+00
3.618889244647442549e+00 2.257245051890702925e+01 7.913722349739686912e-01 1.000000000000000000e+00
3.633193154705337768e+00 2.261368263544116530e+01 8.049506020376899773e-01 1.000000000000000000e+00
3.647497064763232544e+00 2.265440470459067868e+01 8.185108135910537097e-01 1.000000000000000000e+00
3.661800974821127763e+00 2.269461580787692867e+01 8.320525637860236579e-01 1.000000000000000000e+00
3.676104884879022983e+00 2.273431503834598999e+01 8.455755471909548460e-01 1.000000000000000000e+00
3.690408794936917758e+00 2.277350150058913769e+01 8.590794587974841523e-01 1.000000000000000000e+00
3.704712704994812977e+00 2.281217431076304791e+01 8.725639940274098061e-01 1.000000000000000000e+00
3.719016615052707753e+00 2.285033259660970018e+01 8.860288487395606705e-01 1.000000000000000000e+00
3.733320525110602972e+00 2.288797549747611626e+01 8.994737192366563105e-01 1.000000000000000000e+00
3.747624435168497747e+00 2.292510216433367987e+01 9.128983022721545160e-01 1.000000000000000000e+00
3.761928345226392967e+00 2.296171175979737455e+01 9.263022950570952707e-01 1.000000000000000000e+00
3.776232255284288186e+00 2.299780345814461313e+01 9.396853952669275145e-01 1.000000000000000000e+00
3.790536165342182962e+00 2.303337644533388229e+01 9.530473010483265783e-01 1.000000000000000000e+00
3.804840075400078181e+00 2.306842991902311368e+01 9.663877110260062908e-01 1.000000000000000000e+00
3.819143985457972956e+00 2.310296308858775305e+01 9.797063243095124330e-01 1.000000000000000000e+00
3.833447895515868176e+00 2.313697517513862323e+01 9.930028405000125291e-01 1.000000000000000000e+00
3.847751805573762951e+00 2.317046541153946748e+01 1.006276959697069540e+00 1.000000000000000000e+00
3.862055715631658170e+00 2.320343304242426186e+01 1.019528382505406672e+00 1.000000000000000000e+00
3.876359625689553390e+00 2.323587732421425756e+01 1.032756810041658868e+00 1.000000000000000000e+00
3.890663535747448165e+00 2.326779752513474264e+01 1.045961943941116301e+00 1.000000000000000000e+00
3.904967445805343385e+00 2.329919292523155150e+01 1.059143486364452658e+00 1.000000000000000000e+00
3.919271355863238160e+00 2.333006281638730428e+01 1.072301140004441544e+00 1.000000000000000000e+00
3.933575265921133379e+00 2.336040650233737281e+01 1.085434608092666009e+00 1.000000000000000000e+00
3.947879175979028155e+00 2.339022329868560490e+01 1.098543594406207191e+00 1.000000000000000000e+00
3.962183086036923374e+00 2.341951253291971824e+01 1.111627803274330084e+00 1.000000000000000000e+00
3.976486996094818593e+00 2.344827354442652023e+01 1.124686939585149759e+00 1.000000000000000000e+00
3.990790906152713369e+00 2.347650568450676190e+01 1.137720708792286706e+00 1.000000000000000000e+00
4.005094816210608144e+00 2.350420831638980701e+01 1.150728816921513742e+00 1.000000000000000000e+00
4.019398726268503808e+00 2.353138081524797798e+01 1.163710970577384041e+00 1.000000000000000000e+00
4.033702636326398583e+00 2.355802256821063523e+01 1.176666876949847840e+00 1.000000000000000000e+00
4.048006546384293358e+00 2.358413297437802569e+01 1.189596243820858934e+00 1.000000000000000000e+00
4.062310456442189022e+00 2.360971144483481154e+01 1.202498779570965182e+00 1.000000000000000000e+00
4.076614366500083797e+00 2.363475740266337866e+01 1.215374193185883689e+00 1.000000000000000000e+00
4.090918276557978572e+00 2.365927028295682888e+01 1.228222194263067557e+00 1.000000000000000000e+00
4.105222186615873348e+00 2.368324953283172718e+01 1.241042493018254200e+00 1.000000000000000000e+00
4.119526096673769011e+00 2.370669461144058587e+01 1.253834800292002560e+00 1.000000000000000000e+00
4.133830006731663786e+00 2.372960498998402201e+01 1.266598827556211893e+00 1.000000000000000000e+00
4.148133916789558562e+00 2.375198015172274424e+01 1.279334286920633890e+00 1.000000000000000000e+00
4.162437826847454225e+00 2.377381959198915951e+01 1.292040891139364600e+00 1.000000000000000000e+00
4.176741736905349001e+00 2.379512281819877018e+01 1.304718353617318805e+00 1.000000000000000000e+00
4.191045646963243776e+00 2.381588934986129402e+01 1.317366388416700840e+00 1.000000000000000000e+00
4.205349557021138551e+00 2.383611871859148579e+01 1.329984710263450998e+00 1.000000000000000000e+00
4.219653467079034215e+00 2.385581046811973494e+01 1.342573034553678601e+00 1.000000000000000000e+00
4.233957377136928990e+00 2.387496415430228325e+01 1.355131077360081759e+00 1.000000000000000000e+00
4.248261287194823765e+00 2.389357934513134651e+01 1.367658555438352685e+00 1.000000000000000000e+00
4.262565197252719429e+00 2.391165562074475304e+01 1.380155186233565923e+00 1.000000000000000000e+00
4.276869107310614204e+00 2.392919257343550044e+01 1.392620687886548803e+00 1.000000000000000000e+00
4.291173017368508980e+00 2.394618980766089322e+01 1.405054779240242135e+00 1.000000000000000000e+00
4.305476927426403755e+00 2.396264694005148854e+01 1.417457179846040027e+00 1.000000000000000000e+00
4.319780837484299418e+00 2.397856359941975057e+01 1.429827609970115487e+00 1.000000000000000000e+00
4.334084747542194194e+00 2.399393942676839586e+01 1.442165790599728492e+00 1.000000000000000000e+00
4.348388657600088969e+00 2.400877407529850771e+01 1.454471443449522061e+00 1.000000000000000000e+00
4.362692567657984632e+00 2.402306721041736992e+01 1.466744290967797015e+00 1.000000000000000000e+00
4.376996477715879408e+00 2.403681850974598788e+01 1.478984056342770526e+00 1.000000000000000000e+00
4.391300387773774183e+00 2.405002766312638585e+01 1.491190463508822894e+00 1.000000000000000000e+00
4.405604297831668958e+00 2.406269437262855959e+01 1.503363237152722798e+00 1.000000000000000000e+00
4.419908207889564622e+00 2.407481835255726210e+01 1.515502102719836985e+00 1.000000000000000000e+00
4.434212117947459397e+00 2.408639932945837714e+01 1.527606786420319551e+00 1.000000000000000000e+00
4.448516028005354173e+00 2.409743704212514359e+01 1.539677015235293656e+00 1.000000000000000000e+00
4.462819938063249836e+00 2.410793124160402101e+01 1.551712516923005047e+00 1.000000000000000000e+00
4.477123848121144611e+00 2.411788169120028869e+01 1.563713020024961819e+00 1.000000000000000000e+00
4.491427758179039387e+00 2.412728816648342800e+01 1.575678253872060175e+00 1.000000000000000000e+00
4.505731668236934162e+00 2.413615045529214598e+01 1.587607948590688212e+00 1.000000000000000000e+00
4.520035578294829826e+00 2.414446835773916789e+01 1.599501835108811276e+00 1.000000000000000000e+00
4.534339488352724601e+00 2.415224168621575984e+01 1.611359645162041554e+00 1.000000000000000000e+00
4.548643398410619376e+00 2.415947026539595655e+01 1.623181111299690560e+00 1.000000000000000000e+00
4.562947308468515040e+00 2.416615393224050834e+01 1.634965966890799427e+00 1.000000000000000000e+00
4.577251218526409815e+00 2.417229253600054406e+01 1.646713946130153206e+00 1.000000000000000000e+00
4.591555128584304590e+00 2.417788593822102072e+01 1.658424784044275624e+00 1.000000000000000000e+00
4.605859038642199366e+00 2.418293401274378596e+01 1.670098216497406973e+00 1.000000000000000000e+00
4.620162948700095029e+00 2.418743664571046992e+01 1.681733980197461564e+00 1.000000000000000000e+00
4.634466858757989804e+00 2.419139373556502548e+01 1.693331812701962313e+00 1.000000000000000000e+00
4.648770768815884580e+00 2.419480519305602328e+01 1.704891452423966447e+00 1.000000000000000000e+00
4.663074678873780243e+00 2.419767094123868389e+01 1.716412638637961230e+00 1.000000000000000000e+00
4.677378588931675019e+00 2.419999091547659020e+01 1.727895111485743707e+00 1.000000000000000000e+00
4.691682498989569794e+00 2.420176506344316536e+01 1.739338611982286009e+00 1.000000000000000000e+00
4.705986409047464569e+00 2.420299334512282741e+01 1.750742882021573577e+00 1.000000000000000000e+00
4.720290319105360233e+00 2.420367573281190587e+01 1.762107664382428274e+00 1.000000000000000000e+00
4.734594229163255008e+00 2.420381221111928127e+01 1.773432702734307309e+00 1.000000000000000000e+00
4.748898139221149783e+00 2.420340277696671194e+01 1.784717741643087718e+00 1.000000000000000000e+00
4.763202049279045447e+00 2.420244743958890865e+01 1.795962526576827756e+00 1.000000000000000000e+00
4.777505959336940222e+00 2.420094622053332145e+01 1.807166803911503195e+00 1.000000000000000000e+00
4.791809869394834998e+00 2.419889915365967070e+01 1.818330320936735189e+00 1.000000000000000000e+00
4.806113779452729773e+00 2.419630628513916903e+01 1.829452825861482612e+00 1.000000000000000000e+00
4.820417689510625436e+00 2.419316767345347330e+01 1.840534067819727282e+00 1.000000000000000000e+00
4.834721599568520212e+00 2.418948338939339493e+01 1.851573796876126776e+00 1.000000000000000000e+00
4.849025509626414987e+00 2.418525351605726215e+01 1.862571764031657473e+00 1.000000000000000000e+00
4.863329419684310650e+00 2.418047814884907609e+01 1.873527721229225174e+00 1.000000000000000000e+00
4.877633329742205426e+00 2.417515739547636144e+01 1.884441421359263069e+00 1.000000000000000000e+00
4.891937239800100201e+00 2.416929137594770438e+01 1.895312618265305504e+00 1.000000000000000000e+00
4.906241149857994976e+00 2.416288022257009160e+01 1.906141066749537982e+00 1.000000000000000000e+00
4.920545059915890640e+00 2.415592407994587631e+01 1.916926522578330294e+00 1.000000000000000000e+00
4.934848969973785415e+00 2.414842310496956657e+01 1.927668742487740339e+00 1.000000000000000000e+00
4.949152880031680191e+00 2.414037746682424412e+01 1.938367484189007506e+00 1.000000000000000000e+00
4.963456790089575854e+00 2.413178734697777017e+01 1.949022506374012753e+00 1.000000000000000000e+00
4.977760700147470629e+00 2.412265293917869968e+01 1.959633568720721586e+00 1.000000000000000000e+00
4.992064610205365405e+00 2.411297444945189028e+01 1.970200431898606608e+00 1.000000000000000000e+00
5.006368520263260180e+00 2.410275209609386948e+01 1.980722857574044538e+00 1.000000000000000000e+00
5.020672430321155844e+00 2.409198610966790355e+01 1.991200608415691242e+00 1.000000000000000000e+00
5.034976340379050619e+00 2.408067673299880340e+01 2.001633448099834567e+00 1.000000000000000000e+00
5.049280250436945394e+00 2.406882422116745701e+01 2.012021141315725625e+00 1.000000000000000000e+00
5.063584160494841058e+00 2.405642884150503136e+01 2.022363453770887443e+00 1.000000000000000000e+00
5.077888070552735833e+00 2.404349087358701453e+01 2.032660152196393621e+00 1.000000000000000000e+00
5.092191980610630608e+00 2.403001060922684928e+01 2.042911004352137017e+00 1.000000000000000000e+00
5.106495890668525384e+00 2.401598835246937824e+01 2.053115779032063326e+00 1.000000000000000000e+00
5.120799800726421047e+00 2.400142441958398720e+01 2.063274246069387363e+00 1.000000000000000000e+00
5.135103710784315822e+00 2.398631913905744639e+01 2.073386176341784459e+00 1.000000000000000000e+00
5.149407620842210598e+00 2.397067285158655281e+01 2.083451341776556109e+00 1.000000000000000000e+00
5.163711530900106261e+00 2.395448591007037820e+01 2.093469515355780075e+00 1.000000000000000000e+00
5.178015440958001037e+00 2.393775867960237136e+01 2.103440471121420963e+00 1.000000000000000000e+00
5.192319351015895812e+00 2.392049153746209100e+01 2.113363984180436805e+00 1.000000000000000000e+00
5.206623261073791475e+00 2.390268487310668633e+01 2.123239830709846121e+00 1.000000000000000000e+00
5.220927171131686251e+00 2.388433908816216089e+01 2.133067787961775430e+00 1.000000000000000000e+00
5.235231081189581026e+00 2.386545459641425637e+01 2.142847634268486789e+00 1.000000000000000000e+00
5.249534991247475801e+00 2.384603182379916220e+01 2.152579149047374685e+00 1.000000000000000000e+00
5.263838901305371465e+00 2.382607120839386639e+01 2.162262112805942493e+00 1.000000000000000000e+00
5.278142811363266240e+00 2.380557320040632874e+01 2.171896307146752303e+00 1.000000000000000000e+00
5.292446721421161016e+00 2.378453826216529166e+01 2.181481514772352526e+00 1.000000000000000000e+00
5.306750631479056679e+00 2.376296686810984937e+01 2.191017519490176646e+00 1.000000000000000000e+00
5.321054541536951454e+00 2.374085950477876139e+01 2.200504106217420208e+00 1.000000000000000000e+00
5.335358451594846230e+00 2.371821667079948170e+01 2.209941060985893380e+00 1.000000000000000000e+00
5.349662361652741005e+00 2.369503887687689314e+01 2.219328170946845535e+00 1.000000000000000000e+00
5.363966271710636669e+00 2.367132664578180368e+01 2.228665224375766751e+00 1.000000000000000000e+00
5.378270181768531444e+00 2.364708051233915498e+01 2.237952010677161319e+00 1.000000000000000000e+00
5.392574091826426219e+00 2.362230102341595739e+01 2.247188320389300387e+00 1.000000000000000000e+00
5.406878001884321883e+00 2.359698873790894424e+01 2.256373945188946628e+00 1.000000000000000000e+00
5.421181911942216658e+00 2.357114422673199172e+01 2.265508677896046930e+00 1.000000000000000000e+00
5.435485822000111433e+00 2.354476807280321182e+01 2.274592312478414424e+00 1.000000000000000000e+00
5.449789732058006209e+00 2.351786087103182510e+01 2.283624644056368336e+00 1.000000000000000000e+00
5.464093642115901872e+00 2.349042322830474205e+01 2.292605468907360056e+00 1.000000000000000000e+00
5.478397552173796647e+00 2.346245576347286743e+01 2.301534584470561917e+00 1.000000000000000000e+00
5.492701462231691423e+00 2.343395910733714516e+01 2.310411789351442202e+00 1.000000000000000000e+00
5.507005372289587086e+00 2.340493390263430840e+01 2.319236883326304621e+00 1.000000000000000000e+00
5.521309282347481862e+00 2.337538080402244844e+01 2.328009667346803813e+00 1.000000000000000000e+00
5.535613192405376637e+00 2.334530047806616082e+01 2.336729943544436416e+00 1.000000000000000000e+00
5.549917102463271412e+00 2.331469360322158479e+01 2.345397515235002395e+00 1.000000000000000000e+00
5.564221012521167076e+00 2.328356086982105211e+01 2.354012186923043259e+00 1.000000000000000000e+00
5.578524922579061851e+00 2.325190298005756162e+01 2.362573764306248769e+00 1.000000000000000000e+00
5.592828832636956626e+00 2.321972064796888446e+01 2.371082054279841866e+00 1.000000000000000000e+00
5.607132742694852290e+00 2.318701459942150578e+01 2.379536864940932972e+00 1.000000000000000000e+00
5.621436652752747065e+00 2.315378557209423960e+01 2.387938005592847190e+00 1.000000000000000000e+00
5.635740562810641840e+00 2.312003431546159504e+01 2.396285286749428423e+00 1.000000000000000000e+00
5.650044472868536616e+00 2.308576159077683698e+01 2.404578520139310172e+00 1.000000000000000000e+00
5.664348382926432279e+00 2.305096817105487617e+01 2.412817518710164144e+00 1.000000000000000000e+00
5.678652292984327055e+00 2.301565484105479342e+01 2.421002096632916434e+00 1.000000000000000000e+00
5.692956203042221830e+00 2.297982239726214004e+01 2.429132069305942832e+00 1.000000000000000000e+00
5.707260113100117493e+00 2.294347164787098237e+01 2.437207253359229941e+00 1.000000000000000000e+00
5.721564023158012269e+00 2.290660341276568701e+01 2.445227466658510096e+00 1.000000000000000000e+00
5.735867933215907044e+00 2.286921852350240414e+01 2.453192528309371401e+00 1.000000000000000000e+00
5.750171843273801819e+00 2.283131782329031267e+01 2.461102258661338027e+00 1.000000000000000000e+00
5.764475753331697483e+00 2.279290216697263460e+01 2.468956479311920305e+00 1.000000000000000000e+00
5.778779663389592258e+00 2.275397242100731532e+01 2.476755013110639059e+00 1.000000000000000000e+00
5.793083573447487034e+00 2.271452946344748369e+01 2.484497684163022857e+00 1.000000000000000000e+00
5.807387483505382697e+00 2.267457418392168833e+01 2.492184317834573726e+00 1.000000000000000000e+00
5.821691393563277472e+00 2.263410748361378566e+01 2.499814740754705777e+00 1.000000000000000000e+00
5.835995303621172248e+00 2.259313027524263973e+01 2.507388780820655416e+00 1.000000000000000000e+00
5.850299213679067023e+00 2.255164348304152000e+01 2.514906267201366230e+00 1.000000000000000000e+00
5.864603123736962687e+00 2.250964804273726827e+01 2.522367030341337912e+00 1.000000000000000000e+00
5.878907033794857462e+00 2.246714490152919907e+01 2.529770901964451202e+00 1.000000000000000000e+00
5.893210943852752237e+00 2.242413501806770526e+01 2.537117715077767510e+00 1.000000000000000000e+00
5.907514853910647901e+00 2.238061936243267525e+01 2.544407303975289913e+00 1.000000000000000000e+00
5.921818763968542676e+00 2.233659891611159054e+01 2.551639504241702827e+00 1.000000000000000000e+00
5.936122674026437451e+00 2.229207467197738879e+01 2.558814152756080595e+00 1.000000000000000000e+00
5.950426584084332227e+00 2.224704763426606746e+01 2.565931087695568547e+00 1.000000000000000000e+00
5.964730494142227890e+00 2.220151881855403886e+01 2.572990148539029853e+00 1.000000000000000000e+00
5.979034404200122665e+00 2.215548925173525063e+01 2.579991176070665304e+00 1.000000000000000000e+00
5.993338314258017441e+00 2.210895997199796881e+01 2.586934012383608206e+00 1.000000000000000000e+00
6.007642224315913104e+00 2.206193202880139026e+01 2.593818500883483313e+00 1.000000000000000000e+00
6.021946134373807880e+00 2.201440648285199231e+01 2.600644486291939561e+00 1.000000000000000000e+00
6.036250044431702655e+00 2.196638440607958387e+01 2.607411814650152149e+00 1.000000000000000000e+00
6.050553954489597430e+00 2.191786688161311858e+01 2.614120333322294876e+00 1.000000000000000000e+00
6.064857864547493094e+00 2.186885500375629476e+01 2.620769890998983165e+00 1.000000000000000000e+00
6.079161774605387869e+00 2.181934987796285697e+01 2.627360337700686888e+00 1.000000000000000000e+00
6.093465684663282644e+00 2.176935262081167011e+01 2.633891524781111659e+00 1.000000000000000000e+00
6.107769594721178308e+00 2.171886435998151654e+01 2.640363304930555266e+00 1.000000000000000000e+00
6.122073504779073083e+00 2.166788623422567284e+01 2.646775532179225454e+00 1.000000000000000000e+00
6.136377414836967858e+00 2.161641939334625206e+01 2.653128061900534185e+00 1.000000000000000000e+00
6.150681324894862634e+00 2.156446499816822282e+01 2.659420750814363021e+00 1.000000000000000000e+00
6.164985234952758297e+00 2.151202422051324703e+01 2.665653456990288994e+00 1.000000000000000000e+00
6.179289145010653073e+00 2.145909824317327974e+01 2.671826039850789147e+00 1.000000000000000000e+00
6.193593055068547848e+00 2.140568825988383139e+01 2.677938360174411336e+00 1.000000000000000000e+00
6.207896965126443511e+00 2.135179547529709865e+01 2.683990280098913050e+00 1.000000000000000000e+00
6.222200875184338287e+00 2.129742110495476481e+01 2.689981663124371369e+00 1.000000000000000000e+00
6.236504785242233062e+00 2.124256637526058000e+01 2.695912374116262722e+00 1.000000000000000000e+00
6.250808695300127837e+00 2.118723252345272812e+01 2.701782279308508894e+00 1.000000000000000000e+00
6.265112605358023501e+00 2.113142079757588832e+01 2.707591246306495947e+00 1.000000000000000000e+00
6.279416515415918276e+00 2.107513245645309752e+01 2.713339144090058941e+00 1.000000000000000000e+00
6.293720425473813052e+00 2.101836876965738909e+01 2.719025843016437349e+00 1.000000000000000000e+00
6.308024335531708715e+00 2.096113101748307628e+01 2.724651214823201606e+00 1.000000000000000000e+00
6.322328245589603490e+00 2.090342049091699295e+01 2.730215132631139685e+00 1.000000000000000000e+00
6.336632155647498266e+00 2.084523849160925479e+01 2.735717470947127250e+00 1.000000000000000000e+00
6.350936065705393041e+00 2.078658633184398852e+01 2.741158105666951172e+00 1.000000000000000000e+00
6.365239975763288705e+00 2.072746533450969508e+01 2.746536914078113512e+00 1.000000000000000000e+00
6.379543885821183480e+00 2.066787683306940693e+01 2.751853774862595525e+00 1.000000000000000000e+00
6.393847795879078255e+00 2.060782217153065332e+01 2.757108568099595036e+00 1.000000000000000000e+00
6.408151705936973919e+00 2.054730270441508466e+01 2.762301175268234488e+00 1.000000000000000000e+00
6.422455615994868694e+00 2.048631979672797243e+01 2.767431479250229476e+00 1.000000000000000000e+00
6.436759526052763469e+00 2.042487482392740716e+01 2.772499364332531080e+00 1.000000000000000000e+00
6.451063436110658245e+00 2.036296917189325129e+01 2.777504716209941105e+00 1.000000000000000000e+00
6.465367346168553908e+00 2.030060423689591786e+01 2.782447421987682468e+00 1.000000000000000000e+00
6.479671256226448683e+00 2.023778142556486870e+01 2.787327370183949604e+00 1.000000000000000000e+00
6.493975166284343459e+00 2.017450215485685661e+01 2.792144450732424676e+00 1.000000000000000000e+00
6.508279076342239122e+00 2.011076785202400785e+01 2.796898554984755148e+00 1.000000000000000000e+00
6.522582986400133898e+00 2.004657995458161679e+01 2.801589575713008262e+00 1.000000000000000000e+00
6.536886896458028673e+00 1.998193991027569538e+01 2.806217407112089557e+00 1.000000000000000000e+00
6.551190806515923448e+00 1.991684917705037350e+01 2.810781944802125398e+00 1.000000000000000000e+00
6.565494716573819112e+00 1.985130922301495815e+01 2.815283085830823318e+00 1.000000000000000000e+00
6.579798626631713887e+00 1.978532152641087904e+01 2.819720728675787491e+00 1.000000000000000000e+00
6.594102536689608662e+00 1.971888757557828242e+01 2.824094773246812906e+00 1.000000000000000000e+00
6.608406446747504326e+00 1.965200886892251830e+01 2.828405120888142665e+00 1.000000000000000000e+00
6.622710356805399101e+00 1.958468691488031510e+01 2.832651674380690654e+00 1.000000000000000000e+00
6.637014266863293876e+00 1.951692323188575173e+01 2.836834337944238005e+00 1.000000000000000000e+00
6.651318176921189540e+00 1.944871934833604143e+01 2.840953017239588707e+00 1.000000000000000000e+00
6.665622086979084315e+00 1.938007680255702425e+01 2.845007619370701235e+00 1.000000000000000000e+00
6.679925997036979091e+00 1.931099714276848189e+01 2.848998052886783316e+00 1.000000000000000000e+00
6.694229907094873866e+00 1.924148192704924654e+01 2.852924227784351618e+00 1.000000000000000000e+00
6.708533817152769529e+00 1.917153272330198988e+01 2.856786055509267008e+00 1.000000000000000000e+00
6.722837727210664305e+00 1.910115110921794468e+01 2.860583448958725850e+00 1.000000000000000000e+00
6.737141637268559080e+00 1.903033867224125686e+01 2.864316322483228205e+00 1.000000000000000000e+00
6.751445547326454744e+00 1.895909700953319188e+01 2.867984591888510959e+00 1.000000000000000000e+00
6.765749457384349519e+00 1.888742772793615288e+01 2.871588174437442742e+00 1.000000000000000000e+00
6.780053367442244294e+00 1.881533244393737903e+01 2.875126988851892662e+00 1.000000000000000000e+00
6.794357277500139070e+00 1.874281278363252667e+01 2.878600955314563059e+00 1.000000000000000000e+00
6.808661187558034733e+00 1.866987038268897336e+01 2.882009995470790287e+00 1.000000000000000000e+00
6.822965097615929508e+00 1.859650688630894422e+01 2.885354032430310411e+00 1.000000000000000000e+00
6.837269007673824284e+00 1.852272394919238607e+01 2.888632990768994269e+00 1.000000000000000000e+00
6.851572917731719947e+00 1.844852323549964623e+01 2.891846796530551433e+00 1.000000000000000000e+00
6.865876827789614723e+00 1.837390641881395226e+01 2.894995377228192002e+00 1.000000000000000000e+00
6.880180737847509498e+00 1.829887518210366792e+01 2.898078661846267057e+00 1.000000000000000000e+00
6.894484647905404273e+00 1.822343121768429697e+01 2.901096580841869610e+00 1.000000000000000000e+00
6.908788557963299937e+00 1.814757622718035535e+01 2.904049066146399571e+00 1.000000000000000000e+00
6.923092468021194712e+00 1.807131192148698773e+01 2.906936051167102963e+00 1.000000000000000000e+00
6.937396378079089487e+00 1.799464002073133884e+01 2.909757470788572942e+00 1.000000000000000000e+00
6.951700288136985151e+00 1.791756225423380045e+01 2.912513261374217066e+00 1.000000000000000000e+00
6.966004198194879926e+00 1.784008036046899548e+01 2.915203360767693930e+00 1.000000000000000000e+00
6.980308108252774701e+00 1.776219608702654185e+01 2.917827708294314260e+00 1.000000000000000000e+00
6.994612018310669477e+00 1.768391119057168481e+01 2.920386244762410488e+00 1.000000000000000000e+00
7.008915928368565140e+00 1.760522743680560964e+01 2.922878912464670353e+00 1.000000000000000000e+00
7.023219838426459916e+00 1.752614660042567962e+01 2.925305655179440745e+00 1.000000000000000000e+00
7.037523748484354691e+00 1.744667046508539343e+01 2.927666418171992024e+00 1.000000000000000000e+00
7.051827658542250354e+00 1.736680082335409736e+01 2.929961148195757925e+00 1.000000000000000000e+00
7.066131568600145130e+00 1.728653947667666202e+01 2.932189793493530150e+00 1.000000000000000000e+00
7.080435478658039905e+00 1.720588823533273626e+01 2.934352303798631212e+00 1.000000000000000000e+00
7.094739388715934680e+00 1.712484891839600465e+01 2.936448630336045529e+00 1.000000000000000000e+00
7.109043298773830344e+00 1.704342335369310035e+01 2.938478725823519877e+00 1.000000000000000000e+00
7.123347208831725119e+00 1.696161337776241851e+01 2.940442544472629649e+00 1.000000000000000000e+00
7.137651118889619895e+00 1.687942083581268449e+01 2.942340041989812693e+00 1.000000000000000000e+00
7.151955028947515558e+00 1.679684758168130543e+01 2.944171175577367627e+00 1.000000000000000000e+00
7.166258939005410333e+00 1.671389547779258677e+01 2.945935903934417954e+00 1.000000000000000000e+00
7.180562849063305109e+00 1.663056639511574630e+01 2.947634187257845539e+00 1.000000000000000000e+00
7.194866759121199884e+00 1.654686221312264749e+01 2.949265987243187670e+00 1.000000000000000000e+00
7.209170669179095547e+00 1.646278481974547958e+01 2.950831267085500809e+00 1.000000000000000000e+00
7.223474579236990323e+00 1.637833611133412859e+01 2.952329991480190596e+00 1.000000000000000000e+00
7.237778489294885098e+00 1.629351799261342038e+01 2.953762126623808548e+00 1.000000000000000000e+00
7.252082399352780762e+00 1.620833237664017901e+01 2.955127640214814111e+00 1.000000000000000000e+00
7.266386309410675537e+00 1.612278118476004707e+01 2.956426501454303413e+00 1.000000000000000000e+00
7.280690219468570312e+00 1.603686634656415677e+01 2.957658681046704707e+00 1.000000000000000000e+00
7.294994129526465088e+00 1.595058979984563408e+01 2.958824151200436514e+00 1.000000000000000000e+00
7.309298039584360751e+00 1.586395349055584525e+01 2.959922885628537781e+00 1.000000000000000000e+00
7.323601949642255526e+00 1.577695937276057592e+01 2.960954859549258966e+00 1.000000000000000000e+00
7.337905859700150302e+00 1.568960940859587438e+01 2.961920049686621592e+00 1.000000000000000000e+00
7.352209769758045965e+00 1.560190556822384700e+01 2.962818434270942269e+00 1.000000000000000000e+00
7.366513679815940741e+00 1.551384982978824567e+01 2.963649993039323860e+00 1.000000000000000000e+00
7.380817589873835516e+00 1.542544417936976409e+01 2.964414707236115110e+00 1.000000000000000000e+00
7.395121499931730291e+00 1.533669061094133745e+01 2.965112559613329424e+00 1.000000000000000000e+00
7.409425409989625955e+00 1.524759112632309588e+01 2.965743534431036998e+00 1.000000000000000000e+00
7.423729320047520730e+00 1.515814773513727154e+01 2.966307617457718759e+00 1.000000000000000000e+00
7.438033230105415505e+00 1.506836245476283231e+01 2.966804795970587882e+00 1.000000000000000000e+00
7.452337140163311169e+00 1.497823731028998573e+01 2.967235058755875343e+00 1.000000000000000000e+00
7.466641050221205944e+00 1.488777433447451948e+01 2.967598396109084824e+00 1.000000000000000000e+00
7.480944960279100719e+00 1.479697556769195721e+01 2.967894799835210318e+00 1.000000000000000000e+00
7.495248870336995495e+00 1.470584305789148694e+01 2.968124263248920869e+00 1.000000000000000000e+00
7.509552780394891158e+00 1.461437886054984503e+01 2.968286781174712452e+00 1.000000000000000000e+00
7.523856690452785934e+00 1.452258503862491246e+01 2.968382349947022991e+00 1.000000000000000000e+00
7.538160600510680709e+00 1.443046366250916535e+01 2.968410967410317181e+00 1.000000000000000000e+00
7.552464510568576372e+00 1.433801680998303318e+01 2.968372632919133558e+00 1.000000000000000000e+00
7.566768420626471148e+00 1.424524656616798701e+01 2.968267347338099604e+00 1.000000000000000000e+00
7.581072330684365923e+00 1.415215502347954768e+01 2.968095113041911315e+00 1.000000000000000000e+00
7.595376240742260698e+00 1.405874428158004896e+01 2.967855933915281241e+00 1.000000000000000000e+00
7.609680150800156362e+00 1.396501644733129766e+01 2.967549815352850118e+00 1.000000000000000000e+00
7.623984060858051137e+00 1.387097363474710576e+01 2.967176764259064736e+00 1.000000000000000000e+00
7.638287970915945913e+00 1.377661796494550828e+01 2.966736789048022516e+00 1.000000000000000000e+00
7.652591880973841576e+00 1.368195156610100227e+01 2.966229899643282319e+00 1.000000000000000000e+00
7.666895791031736351e+00 1.358697657339653730e+01 2.965656107477640191e+00 1.000000000000000000e+00
7.681199701089631127e+00 1.349169512897529088e+01 2.965015425492870893e+00 1.000000000000000000e+00
7.695503611147525902e+00 1.339610938189245637e+01 2.964307868139437030e+00 1.000000000000000000e+00
7.709807521205421565e+00 1.330022148806667026e+01 2.963533451376162198e+00 1.000000000000000000e+00
7.724111431263316341e+00 1.320403361023146083e+01 2.962692192669871716e+00 1.000000000000000000e+00
7.738415341321211116e+00 1.310754791788644447e+01 2.961784110994998276e+00 1.000000000000000000e+00
7.752719251379106780e+00 1.301076658724835333e+01 2.960809226833154728e+00 1.000000000000000000e+00
7.767023161437001555e+00 1.291369180120202209e+01 2.959767562172670896e+00 1.000000000000000000e+00
7.781327071494896330e+00 1.281632574925110823e+01 2.958659140508098861e+00 1.000000000000000000e+00
7.795630981552791106e+00 1.271867062746869692e+01 2.957483986839681389e+00 1.000000000000000000e+00
7.809934891610686769e+00 1.262072863844781345e+01 2.956242127672790154e+00 1.000000000000000000e+00
7.824238801668581544e+00 1.252250199125171193e+01 2.954933591017326666e+00 1.000000000000000000e+00
7.838542711726476320e+00 1.242399290136406975e+01 2.953558406387090329e+00 1.000000000000000000e+00
7.852846621784371983e+00 1.232520359063897253e+01 2.952116604799113642e+00 1.000000000000000000e+00
7.867150531842266759e+00 1.222613628725086699e+01 2.950608218772961422e+00 1.000000000000000000e+00
7.881454441900161534e+00 1.212679322564427231e+01 2.949033282329998951e+00 1.000000000000000000e+00
7.895758351958056309e+00 1.202717664648335472e+01 2.947391830992623252e+00 1.000000000000000000e+00
7.910062262015951973e+00 1.192728879660144514e+01 2.945683901783462399e+00 1.000000000000000000e+00
7.924366172073846748e+00 1.182713192895033139e+01 2.943909533224540631e+00 1.000000000000000000e+00
7.938670082131741523e+00 1.172670830254942409e+01 2.942068765336408376e+00 1.000000000000000000e+00
7.952973992189637187e+00 1.162602018243485169e+01 2.940161639637242530e+00 1.000000000000000000e+00
7.967277902247531962e+00 1.152506983960835640e+01 2.938188199141904988e+00 1.000000000000000000e+00
7.981581812305426737e+00 1.142385955098602679e+01 2.936148488360978970e+00 1.000000000000000000e+00
7.995885722363321513e+00 1.132239159934702144e+01 2.934042553299758715e+00 1.000000000000000000e+00
8.010189632421216288e+00 1.122066827328200667e+01 2.931870441457216092e+00 1.000000000000000000e+00
8.024493542479111952e+00 1.111869186714159241e+01 2.929632201824927673e+00 1.000000000000000000e+00
8.038797452537007615e+00 1.101646468098455856e+01 2.927327884885970288e+00 1.000000000000000000e+00
8.053101362594901502e+00 1.091398902052598707e+01 2.924957542613781936e+00 1.000000000000000000e+00
8.067405272652797166e+00 1.081126719708522899e+01 2.922521228470988497e+00 1.000000000000000000e+00
8.081709182710692829e+00 1.070830152753380915e+01 2.920018997408200701e+00 1.000000000000000000e+00
8.096013092768586716e+00 1.060509433424318004e+01 2.917450905862772448e+00 1.000000000000000000e+00
8.110317002826482380e+00 1.050164794503226418e+01 2.914817011757528498e+00 1.000000000000000000e+00
8.124620912884378043e+00 1.039796469311504445e+01 2.912117374499457956e+00 1.000000000000000000e+00
8.138924822942271931e+00 1.029404691704789876e+01 2.909352054978374014e+00 1.000000000000000000e+00
8.153228733000167594e+00 1.018989696067682083e+01 2.906521115565542601e+00 1.000000000000000000e+00
8.167532643058061481e+00 1.008551717308462337e+01 2.903624620112271959e+00 1.000000000000000000e+00
8.181836553115957145e+00 9.980909908537888953e+00 2.900662633948476010e+00 1.000000000000000000e+00
8.196140463173852808e+00 9.876077526433920895e+00 2.897635223881199096e+00 1.000000000000000000e+00
8.210444373231746695e+00 9.771022391247512928e+00 2.894542458193109624e+00 1.000000000000000000e+00
8.224748283289642359e+00 9.665746872477578577e+00 2.891384406640958638e+00 1.000000000000000000e+00
8.239052193347538022e+00 9.560253344593776959e+00 2.888161140454009068e+00 1.000000000000000000e+00
8.253356103405431909e+00 9.454544186982918319e+00 2.884872732332427692e+00 1.000000000000000000e+00
8.267660013463327573e+00 9.348621783895273651e+00 2.881519256445644661e+00 1.000000000000000000e+00
8.281963923521223236e+00 9.242488524390841675e+00 2.878100788430681067e+00 1.000000000000000000e+00
8.296267833579117124e+00 9.136146802285493251e+00 2.874617405390444969e+00 1.000000000000000000e+00
8.310571743637012787e+00 9.029599016096829800e+00 2.871069185891988340e+00 1.000000000000000000e+00
8.324875653694908451e+00 8.922847568990292189e+00 2.867456209964740488e+00 1.000000000000000000e+00
8.339179563752802338e+00 8.815894868724827305e+00 2.863778559098697496e+00 1.000000000000000000e+00
8.353483473810698001e+00 8.708743327598538642e+00 2.860036316242585919e+00 1.000000000000000000e+00
8.367787383868591888e+00 8.601395362394475441e+00 2.856229565801995829e+00 1.000000000000000000e+00
8.382091293926487552e+00 8.493853394325862283e+00 2.852358393637469458e+00 1.000000000000000000e+00
8.396395203984383215e+00 8.386119848981726577e+00 2.848422887062573405e+00 1.000000000000000000e+00
8.410699114042277102e+00 8.278197156272041113e+00 2.844423134841921996e+00 1.000000000000000000e+00
8.425003024100172766e+00 8.170087750372950097e+00 2.840359227189178437e+00 1.000000000000000000e+00
8.439306934158068429e+00 8.061794069671904595e+00 2.836231255765020887e+00 1.000000000000000000e+00
8.453610844215962317e+00 7.953318556712635434e+00 2.832039313675073000e+00 1.000000000000000000e+00
8.467914754273857980e+00 7.844663658140044404e+00 2.827783495467804276e+00 1.000000000000000000e+00
8.482218664331753644e+00 7.735831824645062582e+00 2.823463897132400202e+00 1.000000000000000000e+00
8.496522574389647531e+00 7.626825510909365669e+00 2.819080616096592884e+00 1.000000000000000000e+00
8.510826484447543194e+00 7.517647175549957872e+00 2.814633751224466796e+00 1.000000000000000000e+00
8.525130394505438858e+00 7.408299281063798425e+00 2.810123402814227678e+00 1.000000000000000000e+00
8.539434304563332745e+00 7.298784293772214937e+00 2.805549672595941235e+00 1.000000000000000000e+00
8.553738214621228408e+00 7.189104683765253689e+00 2.800912663729237195e+00 1.000000000000000000e+00
8.568042124679122296e+00 7.079262924846037919e+00 2.796212480800984057e+00 1.000000000000000000e+00
8.582346034737017959e+00 6.969261494474883634e+00 2.791449229822928757e+00 1.000000000000000000e+00
8.596649944794913623e+00 6.859102873713501580e+00 2.786623018229307025e+00 1.000000000000000000e+00
8.610953854852807510e+00 6.748789547169003811e+00 2.781733954874419101e+00 1.000000000000000000e+00
8.625257764910703173e+00 6.638324002937823209e+00 2.776782150030174812e+00 1.000000000000000000e+00
8.639561674968598837e+00 6.527708732549675652e+00 2.771767715383607111e+00 1.000000000000000000e+00
8.653865585026492724e+00 6.416946230911315219e+00 2.766690764034352323e+00 1.000000000000000000e+00
8.668169495084388387e+00 6.306038996250239670e+00 2.761551410492097958e+00 1.000000000000000000e+00
8.682473405142284051e+00 6.194989530058407468e+00 2.756349770674003441e+00 1.000000000000000000e+00
8.696777315200177938e+00 6.083800337035778938e+00 2.751085961902083099e+00 1.000000000000000000e+00
8.711081225258073601e+00 5.972473925033797926e+00 2.745760102900557609e+00 1.000000000000000000e+00
8.725385135315969265e+00 5.861012804998886772e+00 2.740372313793183245e+00 1.000000000000000000e+00
8.739689045373863152e+00 5.749419490915779640e+00 2.734922716100535833e+00 1.000000000000000000e+00
8.753992955431758816e+00 5.637696499750799006e+00 2.729411432737271603e+00 1.000000000000000000e+00
8.768296865489652703e+00 5.525846351395143685e+00 2.723838588009358297e+00 1.000000000000000000e+00
8.782600775547548366e+00 5.413871568607982354e+00 2.718204307611264969e+00 1.000000000000000000e+00
8.796904685605444030e+00 5.301774676959605692e+00 2.712508718623132697e+00 1.000000000000000000e+00
8.811208595663337917e+00 5.189558204774497696e+00 2.706751949507909760e+00 1.000000000000000000e+00
8.825512505721233580e+00 5.077224683074154754e+00 2.700934130108444187e+00 1.000000000000000000e+00
8.839816415779129244e+00 4.964776645520172949e+00 2.695055391644565201e+00 1.000000000000000000e+00
8.854120325837023131e+00 4.852216628357060024e+00 2.689115866710122038e+00 1.000000000000000000e+00
8.868424235894918795e+00 4.739547170354899031e+00 2.683115689269986337e+00 1.000000000000000000e+00
8.882728145952814458e+00 4.626770812752295292e+00 2.677054994657040776e+00 1.000000000000000000e+00
8.897032056010708345e+00 4.513890099198914818e+00 2.670933919569119741e+00 1.000000000000000000e+00
8.911335966068604009e+00 4.400907575698127516e+00 2.664752602065926013e+00 1.000000000000000000e+00
8.925639876126499672e+00 4.287825790549642413e+00 2.658511181565921255e+00 1.000000000000000000e+00
8.939943786184393559e+00 4.174647294291994548e+00 2.652209798843178312e+00 1.000000000000000000e+00
8.954247696242289223e+00 4.061374639644990125e+00 2.645848596024205523e+00 1.000000000000000000e+00
8.968551606300184886e+00 3.948010381452191631e+00 2.639427716584744843e+00 1.000000000000000000e+00
8.982855516358078773e+00 3.834557076623260397e+00 2.632947305346530875e+00 1.000000000000000000e+00
8.997159426415974437e+00 3.721017284076258314e+00 2.626407508474027264e+00 1.000000000000000000e+00
9.011463336473868324e+00 3.607393564680003273e+00 2.619808473471131105e+00 1.000000000000000000e+00
9.025767246531763988e+00 3.493688481196224327e+00 2.613150349177842280e+00 1.000000000000000000e+00
9.040071156589659651e+00 3.379904598221834977e+00 2.606433285766910135e+00 1.000000000000000000e+00
9.054375066647553538e+00 3.266044482131056359e+00 2.599657434740444195e+00 1.000000000000000000e+00
9.068678976705449202e+00 3.152110701017503569e+00 2.592822948926497784e+00 1.000000000000000000e+00
9.082982886763344865e+00 3.038105824636320396e+00 2.585929982475620559e+00 1.000000000000000000e+00
9.097286796821238752e+00 2.924032424346192371e+00 2.578978690857383071e+00 1.000000000000000000e+00
9.111590706879134416e+00 2.809893073051318968e+00 2.571969230856867572e+00 1.000000000000000000e+00
9.125894616937030079e+00 2.695690345143443079e+00 2.564901760571133948e+00 1.000000000000000000e+00
9.140198526994923967e+00 2.581426816443754824e+00 2.557776439405654134e+00 1.000000000000000000e+00
9.154502437052819630e+00 2.467105064144763382e+00 2.550593428070714097e+00 1.000000000000000000e+00
9.168806347110715294e+00 2.352727666752231439e+00 2.543352888577792736e+00 1.000000000000000000e+00
9.183110257168609181e+00 2.238297204026987952e+00 2.536054984235904808e+00 1.000000000000000000e+00
9.197414167226504844e+00 2.123816256926706725e+00 2.528699879647917204e+00 1.000000000000000000e+00
9.211718077284398731e+00 2.009287407547771576e+00 2.521287740706840808e+00 1.000000000000000000e+00
9.226021987342294395e+00 1.894713239066948551e+00 2.513818734592082382e+00 1.000000000000000000e+00
9.240325897400190058e+00 1.780096335683202025e+00 2.506293029765679137e+00 1.000000000000000000e+00
9.254629807458083945e+00 1.665439282559372236e+00 2.498710795968497766e+00 1.000000000000000000e+00
9.268933717515979609e+00 1.550744665763837959e+00 2.491072204216401964e+00 1.000000000000000000e+00
9.283237627573875272e+00 1.436015072212241339e+00 2.483377426796401277e+00 1.000000000000000000e+00
9.297541537631769160e+00 1.321253089609160769e+00 2.475626637262764884e+00 1.000000000000000000e+00
9.311845447689664823e+00 1.206461306389607469e+00 2.467820010433098510e+00 1.000000000000000000e+00
9.326149357747560487e+00 1.091642311660804276e+00 2.459957722384411571e+00 1.000000000000000000e+00
9.340453267805454374e+00 9.767986951437570564e-01 2.452039950449143912e+00 1.000000000000000000e+00
9.354757177863350037e+00 8.619330471147039763e-01 2.444066873211157453e+00 1.000000000000000000e+00
9.369061087921245701e+00 7.470479583469071816e-01 2.436038670501721182e+00 1.000000000000000000e+00
9.383364997979139588e+00 6.321460200520678807e-01 2.427955523395446846e+00 1.000000000000000000e+00
9.397668908037035251e+00 5.172298238219042998e-01 2.419817614206205558e+00 1.000000000000000000e+00
9.411972818094929139e+00 4.023019615697620566e-01 2.411625126483018189e+00 1.000000000000000000e+00
9.426276728152824802e+00 2.873650254720690467e-01 2.403378245005912905e+00 1.000000000000000000e+00
9.440580638210720466e+00 1.724216079099443466e-01 2.395077155781761391e+00 1.000000000000000000e+00
9.454884548268614353e+00 5.747430141069517773e-02 2.386722046040078649e+00 1.000000000000000000e+00
9.469188458326510016e+00 -5.747430141068925885e-02 2.378313104228802377e+00 1.000000000000000000e+00
9.483492368384405680e+00 -1.724216079099491761e-01 2.369850520010043926e+00 1.000000000000000000e+00
9.497796278442299567e+00 -2.873650254720631070e-01 2.361334484255808608e+00 1.000000000000000000e+00
9.512100188500195230e+00 -4.023019615697560614e-01 2.352765189043690697e+00 1.000000000000000000e+00
9.526404098558090894e+00 -5.172298238219090738e-01 2.344142827652541339e+00 1.000000000000000000e+00
9.540708008615984781e+00 -6.321460200520621076e-01 2.335467594558111148e+00 1.000000000000000000e+00
9.555011918673880444e+00 -7.470479583469119556e-01 2.326739685428659499e+00 1.000000000000000000e+00
9.569315828731776108e+00 -8.619330471147087502e-01 2.317959297120546047e+00 1.000000000000000000e+00
9.583619738789669995e+00 -9.767986951437405141e-01 2.309126627673788068e+00 1.000000000000000000e+00
9.597923648847565659e+00 -1.091642311660809161e+00 2.300241876307592470e+00 1.000000000000000000e+00
9.612227558905459546e+00 -1.206461306389590815e+00 2.291305243415867388e+00 1.000000000000000000e+00
9.626531468963355209e+00 -1.321253089609144338e+00 2.282316930562695134e+00 1.000000000000000000e+00
9.640835379021250873e+00 -1.436015072212246224e+00 2.273277140477792724e+00 1.000000000000000000e+00
9.655139289079144760e+00 -1.550744665763821528e+00 2.264186077051936863e+00 1.000000000000000000e+00
9.669443199137040423e+00 -1.665439282559356027e+00 2.255043945332361854e+00 1.000000000000000000e+00
9.683747109194936087e+00 -1.780096335683196029e+00 2.245850951518140626e+00 1.000000000000000000e+00
9.698051019252829974e+00 -1.894713239066931898e+00 2.236607302955530674e+00 1.000000000000000000e+00
9.712354929310725637e+00 -2.009287407547754256e+00 2.227313208133296474e+00 1.000000000000000000e+00
9.726658839368621301e+00 -2.123816256926700952e+00 2.217968876678009238e+00 1.000000000000000000e+00
9.740962749426515188e+00 -2.238297204026971521e+00 2.208574519349319587e+00 1.000000000000000000e+00
9.755266659484410852e+00 -2.352727666752225666e+00 2.199130348035199134e+00 1.000000000000000000e+00
9.769570569542306515e+00 -2.467105064144768267e+00 2.189636575747166081e+00 1.000000000000000000e+00
9.783874479600200402e+00 -2.581426816443738392e+00 2.180093416615484170e+00 1.000000000000000000e+00
9.798178389658096066e+00 -2.695690345143437305e+00 2.170501085884318115e+00 1.000000000000000000e+00
9.812482299715989953e+00 -2.809893073051302537e+00 2.160859799906897916e+00 1.000000000000000000e+00
9.826786209773885616e+00 -2.924032424346175940e+00 2.151169776140624545e+00 1.000000000000000000e+00
9.841090119831781280e+00 -3.038105824636324837e+00 2.141431233142172985e+00 1.000000000000000000e+00
9.855394029889675167e+00 -3.152110701017486694e+00 2.131644390562562386e+00 1.000000000000000000e+00
9.869697939947570831e+00 -3.266044482131051474e+00 2.121809469142194260e+00 1.000000000000000000e+00
9.884001850005466494e+00 -3.379904598221839418e+00 2.111926690705884457e+00 1.000000000000000000e+00
9.898305760063360381e+00 -3.493688481196218110e+00 2.101996278157854281e+00 1.000000000000000000e+00
9.912609670121256045e+00 -3.607393564679997056e+00 2.092018455476700733e+00 1.000000000000000000e+00
9.926913580179151708e+00 -3.721017284076262754e+00 2.081993447710349887e+00 1.000000000000000000e+00
9.941217490237045595e+00 -3.834557076623254623e+00 2.071921480970978724e+00 1.000000000000000000e+00
9.955521400294941259e+00 -3.948010381452196516e+00 2.061802782429912106e+00 1.000000000000000000e+00
9.969825310352836922e+00 -4.061374639644995455e+00 2.051637580312505538e+00 1.000000000000000000e+00
9.984129220410730809e+00 -4.174647294291988331e+00 2.041426103892993282e+00 1.000000000000000000e+00
9.998433130468626473e+00 -4.287825790549646854e+00 2.031168583489315616e+00 1.000000000000000000e+00
1.001273704052652036e+01 -4.400907575698121299e+00 2.020865250457928752e+00 1.000000000000000000e+00
1.002704095058441602e+01 -4.513890099198908601e+00 2.010516337188582359e+00 1.000000000000000000e+00
1.004134486064231169e+01 -4.626770812752299733e+00 2.000122077099081519e+00 1.000000000000000000e+00
1.005564877070020557e+01 -4.739547170354893701e+00 1.989682704630019616e+00 1.000000000000000000e+00
1.006995268075810124e+01 -4.852216628357044037e+00 1.979198455239490118e+00 1.000000000000000000e+00
1.008425659081599690e+01 -4.964776645520177389e+00 1.968669565397778820e+00 1.000000000000000000e+00
1.009856050087389079e+01 -5.077224683074138767e+00 1.958096272582029007e+00 1.000000000000000000e+00
1.011286441093178645e+01 -5.189558204774481709e+00 1.947478815270881514e+00 1.000000000000000000e+00
1.012716832098968212e+01 -5.301774676959611909e+00 1.936817432939102357e+00 1.000000000000000000e+00
1.014147223104757600e+01 -5.413871568607965479e+00 1.926112366052178171e+00 1.000000000000000000e+00
1.015577614110547167e+01 -5.525846351395127698e+00 1.915363856060889214e+00 1.000000000000000000e+00
1.017008005116336733e+01 -5.637696499750791901e+00 1.904572145395870386e+00 1.000000000000000000e+00
1.018438396122126122e+01 -5.749419490915763653e+00 1.893737477462139385e+00 1.000000000000000000e+00
1.019868787127915688e+01 -5.861012804998879666e+00 1.882860096633603764e+00 1.000000000000000000e+00
1.021299178133705077e+01 -5.972473925033781939e+00 1.871940248247556893e+00 1.000000000000000000e+00
1.022729569139494643e+01 -6.083800337035762951e+00 1.860978178599136168e+00 1.000000000000000000e+00
1.024159960145284209e+01 -6.194989530058402138e+00 1.849974134935774117e+00 1.000000000000000000e+00
1.025590351151073598e+01 -6.306038996250223683e+00 1.838928365451619529e+00 1.000000000000000000e+00
1.027020742156863164e+01 -6.416946230911299232e+00 1.827841119281936377e+00 1.000000000000000000e+00
1.028451133162652731e+01 -6.527708732549669435e+00 1.816712646497490535e+00 1.000000000000000000e+00
1.029881524168442120e+01 -6.638324002937808110e+00 1.805543198098906288e+00 1.000000000000000000e+00
1.031311915174231686e+01 -6.748789547168986935e+00 1.794333026011001975e+00 1.000000000000000000e+00
1.032742306180021252e+01 -6.859102873713506021e+00 1.783082383077114086e+00 1.000000000000000000e+00
1.034172697185810641e+01 -6.969261494474867646e+00 1.771791523053394934e+00 1.000000000000000000e+00
1.035603088191600207e+01 -7.079262924846031702e+00 1.760460700603074802e+00 1.000000000000000000e+00
1.037033479197389774e+01 -7.189104683765259018e+00 1.749090171290740958e+00 1.000000000000000000e+00
1.038463870203179162e+01 -7.298784293772208720e+00 1.737680191576556288e+00 1.000000000000000000e+00
1.039894261208968729e+01 -7.408299281063802866e+00 1.726231018810477913e+00 1.000000000000000000e+00
1.041324652214758295e+01 -7.517647175549963201e+00 1.714742911226458943e+00 1.000000000000000000e+00
1.042755043220547684e+01 -7.626825510909359451e+00 1.703216127936619140e+00 1.000000000000000000e+00
1.044185434226337250e+01 -7.735831824645067911e+00 1.691650928925398700e+00 1.000000000000000000e+00
1.045615825232126639e+01 -7.844663658140038187e+00 1.680047575043701613e+00 1.000000000000000000e+00
1.047046216237916205e+01 -7.953318556712630105e+00 1.668406328003003924e+00 1.000000000000000000e+00
1.048476607243705772e+01 -8.061794069671908147e+00 1.656727450369457122e+00 1.000000000000000000e+00
1.049906998249495160e+01 -8.170087750372944768e+00 1.645011205557963763e+00 1.000000000000000000e+00
1.051337389255284727e+01 -8.278197156272037560e+00 1.633257857826234227e+00 1.000000000000000000e+00
1.052767780261074293e+01 -8.386119848981730129e+00 1.621467672268829929e+00 1.000000000000000000e+00
1.054198171266863682e+01 -8.493853394325856954e+00 1.609640914811183654e+00 1.000000000000000000e+00
1.055628562272653248e+01 -8.601395362394459454e+00 1.597777852203596360e+00 1.000000000000000000e+00
1.057058953278442814e+01 -8.708743327598543971e+00 1.585878752015229320e+00 1.000000000000000000e+00
1.058489344284232203e+01 -8.815894868724811317e+00 1.573943882628063173e+00 1.000000000000000000e+00
1.059919735290021769e+01 -8.922847568990297518e+00 1.561973513230844768e+00 1.000000000000000000e+00
1.061350126295811336e+01 -9.029599016096836905e+00 1.549967913813018683e+00 1.000000000000000000e+00
1.062780517301600725e+01 -9.136146802285479041e+00 1.537927355158636544e+00 1.000000000000000000e+00
1.064210908307390291e+01 -9.242488524390848781e+00 1.525852108840246135e+00 1.000000000000000000e+00
1.065641299313179680e+01 -9.348621783895259441e+00 1.513742447212773179e+00 1.000000000000000000e+00
1.067071690318969246e+01 -9.454544186982902332e+00 1.501598643407369371e+00 1.000000000000000000e+00
1.068502081324758812e+01 -9.560253344593771629e+00 1.489420971325261078e+00 1.000000000000000000e+00
1.069932472330548201e+01 -9.665746872477564366e+00 1.477209705631566727e+00 1.000000000000000000e+00
1.071362863336337767e+01 -9.771022391247496941e+00 1.464965121749098653e+00 1.000000000000000000e+00
1.072793254342127334e+01 -9.876077526433913789e+00 1.452687495852159172e+00 1.000000000000000000e+00
1.074223645347916722e+01 -9.980909908537872965e+00 1.440377104860306012e+00 1.000000000000000000e+00
1.075654036353706289e+01 -1.008551717308460915e+01 1.428034226432104647e+00 1.000000000000000000e+00
1.077084427359495855e+01 -1.018989696067681550e+01 1.415659138958871965e+00 1.000000000000000000e+00
1.078514818365285244e+01 -1.029404691704788632e+01 1.403252121558393517e+00 1.000000000000000000e+00
1.079945209371074810e+01 -1.039796469311504090e+01 1.390813454068625443e+00 1.000000000000000000e+00
1.081375600376864377e+01 -1.050164794503226950e+01 1.378343417041387742e+00 1.000000000000000000e+00
1.082805991382653765e+01 -1.060509433424316406e+01 1.365842291736039105e+00 1.000000000000000000e+00
1.084236382388443332e+01 -1.070830152753381626e+01 1.353310360113116895e+00 1.000000000000000000e+00
1.085666773394232720e+01 -1.081126719708521122e+01 1.340747904828003323e+00 1.000000000000000000e+00
1.087097164400022287e+01 -1.091398902052598174e+01 1.328155209224521904e+00 1.000000000000000000e+00
1.088527555405811853e+01 -1.101646468098456388e+01 1.315532557328572771e+00 1.000000000000000000e+00
1.089957946411601242e+01 -1.111869186714157642e+01 1.302880233841711144e+00 1.000000000000000000e+00
1.091388337417390808e+01 -1.122066827328200311e+01 1.290198524134722025e+00 1.000000000000000000e+00
1.092818728423180374e+01 -1.132239159934701789e+01 1.277487714241202221e+00 1.000000000000000000e+00
1.094249119428969763e+01 -1.142385955098602324e+01 1.264748090851092632e+00 1.000000000000000000e+00
1.095679510434759329e+01 -1.152506983960835107e+01 1.251979941304214750e+00 1.000000000000000000e+00
1.097109901440548896e+01 -1.162602018243485702e+01 1.239183553583796504e+00 1.000000000000000000e+00
1.098540292446338285e+01 -1.172670830254941876e+01 1.226359216309971689e+00 1.000000000000000000e+00
1.099970683452127851e+01 -1.182713192895032606e+01 1.213507218733268056e+00 1.000000000000000000e+00
1.101401074457917417e+01 -1.192728879660144869e+01 1.200627850728089863e+00 1.000000000000000000e+00
1.102831465463706806e+01 -1.202717664648335116e+01 1.187721402786175551e+00 1.000000000000000000e+00
1.104261856469496372e+01 -1.212679322564426698e+01 1.174788166010043877e+00 1.000000000000000000e+00
1.105692247475285761e+01 -1.222613628725086343e+01 1.161828432106434938e+00 1.000000000000000000e+00
1.107122638481075327e+01 -1.232520359063896542e+01 1.148842493379721885e+00 1.000000000000000000e+00
1.108553029486864894e+01 -1.242399290136406620e+01 1.135830642725326411e+00 1.000000000000000000e+00
1.109983420492654282e+01 -1.252250199125170838e+01 1.122793173623109153e+00 1.000000000000000000e+00
1.111413811498443849e+01 -1.262072863844780990e+01 1.109730380130745875e+00 1.000000000000000000e+00
1.112844202504233415e+01 -1.271867062746868982e+01 1.096642556877103214e+00 1.000000000000000000e+00
1.114274593510022804e+01 -1.281632574925109225e+01 1.083529999055589332e+00 1.000000000000000000e+00
1.115704984515812370e+01 -1.291369180120201676e+01 1.070393002417492134e+00 1.000000000000000000e+00
1.117135375521601937e+01 -1.301076658724834800e+01 1.057231863265316818e+00 1.000000000000000000e+00
1.118565766527391325e+01 -1.310754791788642848e+01 1.044046878446097448e+00 1.000000000000000000e+00
1.119996157533180892e+01 -1.320403361023145550e+01 1.030838345344699647e+00 1.000000000000000000e+00
1.121426548538970458e+01 -1.330022148806666671e+01 1.017606561877119731e+00 1.000000000000000000e+00
1.122856939544759847e+01 -1.339610938189244571e+01 1.004351826483761201e+00 1.000000000000000000e+00
1.124287330550549413e+01 -1.349169512897528556e+01 9.910744381227011290e-01 1.000000000000000000e+00
1.125717721556338802e+01 -1.358697657339652309e+01 9.777746962629542127e-01 1.000000000000000000e+00
1.127148112562128368e+01 -1.368195156610100227e+01 9.644529008777096291e-01 1.000000000000000000e+00
1.128578503567917934e+01 -1.377661796494550117e+01 9.511093524375732189e-01 1.000000000000000000e+00
1.130008894573707323e+01 -1.387097363474709333e+01 9.377443519037869102e-01 1.000000000000000000e+00
1.131439285579496890e+01 -1.396501644733129055e+01 9.243582007214367069e-01 1.000000000000000000e+00
1.132869676585286456e+01 -1.405874428158004541e+01 9.109512008126605664e-01 1.000000000000000000e+00
1.134300067591075845e+01 -1.415215502347953525e+01 8.975236545698400681e-01 1.000000000000000000e+00
1.135730458596865411e+01 -1.424524656616798879e+01 8.840758648487632154e-01 1.000000000000000000e+00
1.137160849602654977e+01 -1.433801680998303851e+01 8.706081349618183252e-01 1.000000000000000000e+00
1.138591240608444366e+01 -1.443046366250915469e+01 8.571207686711365126e-01 1.000000000000000000e+00
1.140021631614233932e+01 -1.452258503862490535e+01 8.436140701817373966e-01 1.000000000000000000e+00
1.141452022620023499e+01 -1.461437886054985036e+01 8.300883441346851299e-01 1.000000000000000000e+00
1.142882413625812887e+01 -1.470584305789148161e+01 8.165438956002025739e-01 1.000000000000000000e+00
1.144312804631602454e+01 -1.479697556769195010e+01 8.029810300707920234e-01 1.000000000000000000e+00
1.145743195637391842e+01 -1.488777433447451770e+01 7.894000534543526015e-01 1.000000000000000000e+00
1.147173586643181409e+01 -1.497823731028997862e+01 7.758012720672706752e-01 1.000000000000000000e+00
1.148603977648970975e+01 -1.506836245476282521e+01 7.621849926275193754e-01 1.000000000000000000e+00
1.150034368654760364e+01 -1.515814773513726443e+01 7.485515222477379105e-01 1.000000000000000000e+00
1.151464759660549930e+01 -1.524759112632309233e+01 7.349011684282993340e-01 1.000000000000000000e+00
1.152895150666339497e+01 -1.533669061094133035e+01 7.212342390503835299e-01 1.000000000000000000e+00
1.154325541672128885e+01 -1.542544417936975698e+01 7.075510423690293260e-01 1.000000000000000000e+00
1.155755932677918452e+01 -1.551384982978824034e+01 6.938518870061772814e-01 1.000000000000000000e+00
1.157186323683708018e+01 -1.560190556822385410e+01 6.801370819437172477e-01 1.000000000000000000e+00
1.158616714689497407e+01 -1.568960940859586728e+01 6.664069365165148362e-01 1.000000000000000000e+00
1.160047105695286973e+01 -1.577695937276057236e+01 6.526617604054310018e-01 1.000000000000000000e+00
1.161477496701076539e+01 -1.586395349055584703e+01 6.389018636303448462e-01 1.000000000000000000e+00
1.162907887706865928e+01 -1.595058979984562519e+01 6.251275565431572145e-01 1.000000000000000000e+00
1.164338278712655494e+01 -1.603686634656415322e+01 6.113391498207869645e-01 1.000000000000000000e+00
1.165768669718444883e+01 -1.612278118476003641e+01 5.975369544581728976e-01 1.000000000000000000e+00
1.167199060724234450e+01 -1.620833237664017545e+01 5.837212817612487115e-01 1.000000000000000000e+00
1.168629451730024016e+01 -1.629351799261342038e+01 5.698924433399307210e-01 1.000000000000000000e+00
1.170059842735813405e+01 -1.637833611133411438e+01 5.560507511010859272e-01 1.000000000000000000e+00
1.171490233741602971e+01 -1.646278481974547248e+01 5.421965172414925371e-01 1.000000000000000000e+00
1.172920624747392537e+01 -1.654686221312264749e+01 5.283300542408069234e-01 1.000000000000000000e+00
1.174351015753181926e+01 -1.663056639511573565e+01 5.144516748545110429e-01 1.000000000000000000e+00
1.175781406758971492e+01 -1.671389547779258677e+01 5.005616921068553049e-01 1.000000000000000000e+00
1.177211797764761059e+01 -1.679684758168129832e+01 4.866604192838051013e-01 1.000000000000000000e+00
1.178642188770550447e+01 -1.687942083581267383e+01 4.727481699259719061e-01 1.000000000000000000e+00
1.180072579776340014e+01 -1.696161337776241851e+01 4.588252578215367139e-01 1.000000000000000000e+00
1.181502970782129580e+01 -1.704342335369310391e+01 4.448919969991792511e-01 1.000000000000000000e+00
1.182933361787918969e+01 -1.712484891839599044e+01 4.309487017209980841e-01 1.000000000000000000e+00
1.184363752793708535e+01 -1.720588823533273626e+01 4.169956864754039150e-01 1.000000000000000000e+00
1.185794143799498102e+01 -1.728653947667666557e+01 4.030332659700526232e-01 1.000000000000000000e+00
1.187224534805287490e+01 -1.736680082335409381e+01 3.890617551247299577e-01 1.000000000000000000e+00
1.188654925811077057e+01 -1.744667046508538988e+01 3.750814690642447213e-01 1.000000000000000000e+00
1.190085316816866445e+01 -1.752614660042566896e+01 3.610927231113435498e-01 1.000000000000000000e+00
1.191515707822656012e+01 -1.760522743680560254e+01 3.470958327795685139e-01 1.000000000000000000e+00
1.192946098828445578e+01 -1.768391119057168126e+01 3.330911137661699550e-01 1.000000000000000000e+00
1.194376489834234967e+01 -1.776219608702653829e+01 3.190788819449671410e-01 1.000000000000000000e+00
1.195806880840024533e+01 -1.784008036046899548e+01 3.050594533592269064e-01 1.000000000000000000e+00
1.197237271845814099e+01 -1.791756225423380400e+01 2.910331442145416836e-01 1.000000000000000000e+00
1.198667662851603488e+01 -1.799464002073133884e+01 2.770002708716935436e-01 1.000000000000000000e+00
1.200098053857393054e+01 -1.807131192148698773e+01 2.629611498395148517e-01 1.000000000000000000e+00
1.201528444863182621e+01 -1.814757622718035890e+01 2.489160977677574160e-01 1.000000000000000000e+00
1.202958835868972010e+01 -1.822343121768429342e+01 2.348654314399467036e-01 1.000000000000000000e+00
1.204389226874761576e+01 -1.829887518210366437e+01 2.208094677662323924e-01 1.000000000000000000e+00
1.205819617880551142e+01 -1.837390641881395226e+01 2.067485237762491102e-01 1.000000000000000000e+00
1.207250008886340531e+01 -1.844852323549963558e+01 1.926829166119626846e-01 1.000000000000000000e+00
1.208680399892130097e+01 -1.852272394919238963e+01 1.786129635205054300e-01 1.000000000000000000e+00
1.210110790897919486e+01 -1.859650688630893711e+01 1.645389818470497922e-01 1.000000000000000000e+00
1.211541181903709052e+01 -1.866987038268897336e+01 1.504612890276136317e-01 1.000000000000000000e+00
1.212971572909498619e+01 -1.874281278363251957e+01 1.363802025819295105e-01 1.000000000000000000e+00
1.214401963915288007e+01 -1.881533244393736126e+01 1.222960401062726798e-01 1.000000000000000000e+00
1.215832354921077574e+01 -1.888742772793615288e+01 1.082091192662870682e-01 1.000000000000000000e+00
1.217262745926867140e+01 -1.895909700953319543e+01 9.411975778984681129e-02 1.000000000000000000e+00
1.218693136932656529e+01 -1.903033867224124265e+01 8.002827345986625318e-02 1.000000000000000000e+00
1.220123527938446095e+01 -1.910115110921793757e+01 6.593498410713505287e-02 1.000000000000000000e+00
1.221553918944235662e+01 -1.917153272330198988e+01 5.184020760316271348e-02 1.000000000000000000e+00
1.222984309950025050e+01 -1.924148192704924298e+01 3.774426185299847858e-02 1.000000000000000000e+00
1.224414700955814617e+01 -1.931099714276848545e+01 2.364746478806378088e-02 1.000000000000000000e+00
1.225845091961604183e+01 -1.938007680255702780e+01 9.550134358981261437e-03 1.000000000000000000e+00
1.227275482967393572e+01 -1.944871934833603433e+01 -4.547411471593858917e-03 1.000000000000000000e+00
1.228705873973183138e+01 -1.951692323188575173e+01 -1.864485473615593372e-02 1.000000000000000000e+00
1.230136264978972527e+01 -1.958468691488030800e+01 -3.274187746950476402e-02 1.000000000000000000e+00
1.231566655984762093e+01 -1.965200886892251830e+01 -4.683816171592777855e-02 1.000000000000000000e+00
1.232997046990551659e+01 -1.971888757557828598e+01 -6.093338953636885658e-02 1.000000000000000000e+00
1.234427437996341048e+01 -1.978532152641086839e+01 -7.502724301559672571e-02 1.000000000000000000e+00
1.235857829002130615e+01 -1.985130922301495460e+01 -8.911940426938604054e-02 1.000000000000000000e+00
1.237288220007920181e+01 -1.991684917705036639e+01 -1.032095554516713476e-01 1.000000000000000000e+00
1.238718611013709570e+01 -1.998193991027568828e+01 -1.172973787617266617e-01 1.000000000000000000e+00
1.240149002019499136e+01 -2.004657995458160968e+01 -1.313825564513306510e-01 1.000000000000000000e+00
1.241579393025288702e+01 -2.011076785202401140e+01 -1.454647708319335431e-01 1.000000000000000000e+00
1.243009784031078091e+01 -2.017450215485684595e+01 -1.595437042818197704e-01 1.000000000000000000e+00
1.244440175036867657e+01 -2.023778142556485804e+01 -1.736190392532824256e-01 1.000000000000000000e+00
1.245870566042657224e+01 -2.030060423689591431e+01 -1.876904582797697119e-01 1.000000000000000000e+00
1.247300957048446612e+01 -2.036296917189324418e+01 -2.017576439830559565e-01 1.000000000000000000e+00
1.248731348054236179e+01 -2.042487482392740361e+01 -2.158202790803971649e-01 1.000000000000000000e+00
1.250161739060025567e+01 -2.048631979672796533e+01 -2.298780463916848538e-01 1.000000000000000000e+00
1.251592130065815134e+01 -2.054730270441507400e+01 -2.439306288466104589e-01 1.000000000000000000e+00
1.253022521071604700e+01 -2.060782217153064266e+01 -2.579777094918009883e-01 1.000000000000000000e+00
1.254452912077394089e+01 -2.066787683306940693e+01 -2.720189714979782680e-01 1.000000000000000000e+00
1.255883303083183655e+01 -2.072746533450969153e+01 -2.860540981671025884e-01 1.000000000000000000e+00
1.257313694088973222e+01 -2.078658633184398852e+01 -3.000827729395154075e-01 1.000000000000000000e+00
1.258744085094762610e+01 -2.084523849160924414e+01 -3.141046794010772247e-01 1.000000000000000000e+00
1.260174476100552177e+01 -2.090342049091698229e+01 -3.281195012903140862e-01 1.000000000000000000e+00
1.261604867106341743e+01 -2.096113101748307983e+01 -3.421269225055381114e-01 1.000000000000000000e+00
1.263035258112131132e+01 -2.101836876965737844e+01 -3.561266271119743476e-01 1.000000000000000000e+00
1.264465649117920698e+01 -2.107513245645309752e+01 -3.701182993489102735e-01 1.000000000000000000e+00
1.265896040123710264e+01 -2.113142079757588476e+01 -3.841016236367914005e-01 1.000000000000000000e+00
1.267326431129499653e+01 -2.118723252345272812e+01 -3.980762845843525133e-01 1.000000000000000000e+00
1.268756822135289219e+01 -2.124256637526058356e+01 -4.120419669957281483e-01 1.000000000000000000e+00
1.270187213141078608e+01 -2.129742110495475771e+01 -4.259983558775595203e-01 1.000000000000000000e+00
1.271617604146868175e+01 -2.135179547529709865e+01 -4.399451364461095526e-01 1.000000000000000000e+00
1.273047995152657741e+01 -2.140568825988383139e+01 -4.538819941343470443e-01 1.000000000000000000e+00
1.274478386158447130e+01 -2.145909824317327974e+01 -4.678086145990520417e-01 1.000000000000000000e+00
1.275908777164236696e+01 -2.151202422051325058e+01 -4.817246837279032246e-01 1.000000000000000000e+00
1.277339168170026262e+01 -2.156446499816822637e+01 -4.956298876465629610e-01 1.000000000000000000e+00
1.278769559175815651e+01 -2.161641939334624851e+01 -5.095239127257533696e-01 1.000000000000000000e+00
1.280199950181605217e+01 -2.166788623422567284e+01 -5.234064455883414846e-01 1.000000000000000000e+00
1.281630341187394784e+01 -2.171886435998150944e+01 -5.372771731163908937e-01 1.000000000000000000e+00
1.283060732193184172e+01 -2.176935262081166655e+01 -5.511357824582351350e-01 1.000000000000000000e+00
1.284491123198973739e+01 -2.181934987796286407e+01 -5.649819610355311106e-01 1.000000000000000000e+00
1.285921514204763305e+01 -2.186885500375629832e+01 -5.788153965503093357e-01 1.000000000000000000e+00
1.287351905210552694e+01 -2.191786688161310792e+01 -5.926357769920150842e-01 1.000000000000000000e+00
1.288782296216342260e+01 -2.196638440607957676e+01 -6.064427906445560845e-01 1.000000000000000000e+00
1.290212687222131649e+01 -2.201440648285198876e+01 -6.202361260933179077e-01 1.000000000000000000e+00
1.291643078227921215e+01 -2.206193202880139026e+01 -6.340154722321980074e-01 1.000000000000000000e+00
1.293073469233710782e+01 -2.210895997199796881e+01 -6.477805182706197762e-01 1.000000000000000000e+00
1.294503860239500170e+01 -2.215548925173524708e+01 -6.615309537405404949e-01 1.000000000000000000e+00
1.295934251245289737e+01 -2.220151881855403886e+01 -6.752664685034637237e-01 1.000000000000000000e+00
1.297364642251079303e+01 -2.224704763426606036e+01 -6.889867527574190520e-01 1.000000000000000000e+00
1.298795033256868692e+01 -2.229207467197738524e+01 -7.026914970439598340e-01 1.000000000000000000e+00
1.300225424262658258e+01 -2.233659891611159054e+01 -7.163803922551404968e-01 1.000000000000000000e+00
1.301655815268447824e+01 -2.238061936243267880e+01 -7.300531296404885184e-01 1.000000000000000000e+00
1.303086206274237213e+01 -2.242413501806769460e+01 -7.437094008139653045e-01 1.000000000000000000e+00
1.304516597280026780e+01 -2.246714490152918842e+01 -7.573488977609328376e-01 1.000000000000000000e+00
1.305946988285816346e+01 -2.250964804273727182e+01 -7.709713128450869091e-01 1.000000000000000000e+00
1.307377379291605735e+01 -2.255164348304151645e+01 -7.845763388153941253e-01 1.000000000000000000e+00
1.308807770297395301e+01 -2.259313027524263973e+01 -7.981636688130444579e-01 1.000000000000000000e+00
1.310238161303184690e+01 -2.263410748361377856e+01 -8.117329963783449509e-01 1.000000000000000000e+00
1.311668552308974256e+01 -2.267457418392168123e+01 -8.252840154576537302e-01 1.000000000000000000e+00
1.313098943314763822e+01 -2.271452946344748725e+01 -8.388164204102687149e-01 1.000000000000000000e+00
1.314529334320553211e+01 -2.275397242100730466e+01 -8.523299060153181061e-01 1.000000000000000000e+00
1.315959725326342777e+01 -2.279290216697263460e+01 -8.658241674786679720e-01 1.000000000000000000e+00
1.317390116332132344e+01 -2.283131782329031267e+01 -8.792989004397707697e-01 1.000000000000000000e+00
1.318820507337921732e+01 -2.286921852350240414e+01 -8.927538009785436213e-01 1.000000000000000000e+00
1.320250898343711299e+01 -2.290660341276568701e+01 -9.061885656222199437e-01 1.000000000000000000e+00
1.321681289349500865e+01 -2.294347164787098237e+01 -9.196028913521945292e-01 1.000000000000000000e+00
1.323111680355290254e+01 -2.297982239726213294e+01 -9.329964756108558577e-01 1.000000000000000000e+00
1.324542071361079820e+01 -2.301565484105478987e+01 -9.463690163084192974e-01 1.000000000000000000e+00
1.325972462366869387e+01 -2.305096817105487617e+01 -9.597202118297269990e-01 1.000000000000000000e+00
1.327402853372658775e+01 -2.308576159077683698e+01 -9.730497610410595577e-01 1.000000000000000000e+00
1.328833244378448342e+01 -2.312003431546159504e+01 -9.863573632969264704e-01 1.000000000000000000e+00
1.330263635384237908e+01 -2.315378557209423960e+01 -9.996427184468460458e-01 1.000000000000000000e+00
1.331694026390027297e+01 -2.318701459942150223e+01 -1.012905526842114101e+00 1.000000000000000000e+00
1.333124417395816863e+01 -2.321972064796887736e+01 -1.026145489342571659e+00 1.000000000000000000e+00
1.334554808401606252e+01 -2.325190298005756162e+01 -1.039362307323336898e+00 1.000000000000000000e+00
1.335985199407395818e+01 -2.328356086982105211e+01 -1.052555682681550753e+00 1.000000000000000000e+00
1.337415590413185384e+01 -2.331469360322158479e+01 -1.065725317843098541e+00 1.000000000000000000e+00
1.338845981418974773e+01 -2.334530047806615727e+01 -1.078870915769318373e+00 1.000000000000000000e+00
1.340276372424764340e+01 -2.337538080402244489e+01 -1.091992179963711340e+00 1.000000000000000000e+00
1.341706763430553906e+01 -2.340493390263430840e+01 -1.105088814478613957e+00 1.000000000000000000e+00
1.343137154436343295e+01 -2.343395910733714516e+01 -1.118160523921882810e+00 1.000000000000000000e+00
1.344567545442132861e+01 -2.346245576347286743e+01 -1.131207013463555011e+00 1.000000000000000000e+00
1.345997936447922427e+01 -2.349042322830474205e+01 -1.144227988842497545e+00 1.000000000000000000e+00
1.347428327453711816e+01 -2.351786087103182155e+01 -1.157223156373042627e+00 1.000000000000000000e+00
1.348858718459501382e+01 -2.354476807280320472e+01 -1.170192222951620620e+00 1.000000000000000000e+00
1.350289109465290949e+01 -2.357114422673198462e+01 -1.183134896063356534e+00 1.000000000000000000e+00
1.351719500471080337e+01 -2.359698873790894424e+01 -1.196050883788677854e+00 1.000000000000000000e+00
1.353149891476869904e+01 -2.362230102341595739e+01 -1.208939894809896165e+00 1.000000000000000000e+00
1.354580282482659292e+01 -2.364708051233915498e+01 -1.221801638417774560e+00 1.000000000000000000e+00
1.356010673488448859e+01 -2.367132664578179657e+01 -1.234635824518094838e+00 1.000000000000000000e+00
1.357441064494238425e+01 -2.369503887687688959e+01 -1.247442163638186718e+00 1.000000000000000000e+00
1.358871455500027814e+01 -2.371821667079947815e+01 -1.260220366933464842e+00 1.000000000000000000e+00
1.360301846505817380e+01 -2.374085950477876139e+01 -1.272970146193942886e+00 1.000000000000000000e+00
1.361732237511606947e+01 -2.376296686810984937e+01 -1.285691213850732595e+00 1.000000000000000000e+00
1.363162628517396335e+01 -2.378453826216528810e+01 -1.298383282982529030e+00 1.000000000000000000e+00
1.364593019523185902e+01 -2.380557320040632874e+01 -1.311046067322092279e+00 1.000000000000000000e+00
1.366023410528975468e+01 -2.382607120839386639e+01 -1.323679281262681418e+00 1.000000000000000000e+00
1.367453801534764857e+01 -2.384603182379915509e+01 -1.336282639864518007e+00 1.000000000000000000e+00
1.368884192540554423e+01 -2.386545459641425637e+01 -1.348855858861209178e+00 1.000000000000000000e+00
1.370314583546343989e+01 -2.388433908816216089e+01 -1.361398654666148289e+00 1.000000000000000000e+00
1.371744974552133378e+01 -2.390268487310668633e+01 -1.373910744378921134e+00 1.000000000000000000e+00
1.373175365557922945e+01 -2.392049153746209100e+01 -1.386391845791682842e+00 1.000000000000000000e+00
1.374605756563712333e+01 -2.393775867960236781e+01 -1.398841677395521677e+00 1.000000000000000000e+00
1.376036147569501900e+01 -2.395448591007037464e+01 -1.411259958386817948e+00 1.000000000000000000e+00
1.377466538575291466e+01 -2.397067285158654570e+01 -1.423646408673563180e+00 1.000000000000000000e+00
1.378896929581080855e+01 -2.398631913905744639e+01 -1.436000748881685940e+00 1.000000000000000000e+00
1.380327320586870421e+01 -2.400142441958398720e+01 -1.448322700361352799e+00 1.000000000000000000e+00
1.381757711592659987e+01 -2.401598835246937824e+01 -1.460611985193251527e+00 1.000000000000000000e+00
1.383188102598449376e+01 -2.403001060922684928e+01 -1.472868326194857413e+00 1.000000000000000000e+00
1.384618493604238942e+01 -2.404349087358701453e+01 -1.485091446926694925e+00 1.000000000000000000e+00
1.386048884610028509e+01 -2.405642884150503136e+01 -1.497281071698558730e+00 1.000000000000000000e+00
1.387479275615817897e+01 -2.406882422116744991e+01 -1.509436925575740496e+00 1.000000000000000000e+00
1.388909666621607464e+01 -2.408067673299880340e+01 -1.521558734385228373e+00 1.000000000000000000e+00
1.390340057627397030e+01 -2.409198610966790355e+01 -1.533646224721890938e+00 1.000000000000000000e+00
1.391770448633186419e+01 -2.410275209609386948e+01 -1.545699123954640708e+00 1.000000000000000000e+00
1.393200839638975985e+01 -2.411297444945189028e+01 -1.557717160232592990e+00 1.000000000000000000e+00
1.394631230644765374e+01 -2.412265293917869968e+01 -1.569700062491184100e+00 1.000000000000000000e+00
1.396061621650554940e+01 -2.413178734697777017e+01 -1.581647560458293134e+00 1.000000000000000000e+00
1.397492012656344507e+01 -2.414037746682424412e+01 -1.593559384660337308e+00 1.000000000000000000e+00
1.398922403662133895e+01 -2.414842310496956301e+01 -1.605435266428345997e+00 1.000000000000000000e+00
1.400352794667923462e+01 -2.415592407994587631e+01 -1.617274937904030097e+00 1.000000000000000000e+00
1.401783185673713028e+01 -2.416288022257009160e+01 -1.629078132045810978e+00 1.000000000000000000e+00
1.403213576679502417e+01 -2.416929137594770438e+01 -1.640844582634851223e+00 1.000000000000000000e+00
1.404643967685291983e+01 -2.417515739547636144e+01 -1.652574024281056708e+00 1.000000000000000000e+00
1.406074358691081549e+01 -2.418047814884907609e+01 -1.664266192429064262e+00 1.000000000000000000e+00
1.407504749696870938e+01 -2.418525351605725859e+01 -1.675920823364204226e+00 1.000000000000000000e+00
1.408935140702660505e+01 -2.418948338939339493e+01 -1.687537654218459471e+00 1.000000000000000000e+00
1.410365531708450071e+01 -2.419316767345347330e+01 -1.699116422976381102e+00 1.000000000000000000e+00
1.411795922714239460e+01 -2.419630628513916903e+01 -1.710656868480998405e+00 1.000000000000000000e+00
1.413226313720029026e+01 -2.419889915365967070e+01 -1.722158730439725671e+00 1.000000000000000000e+00
1.414656704725818415e+01 -2.420094622053332145e+01 -1.733621749430213743e+00 1.000000000000000000e+00
1.416087095731607981e+01 -2.420244743958890865e+01 -1.745045666906216875e+00 1.000000000000000000e+00
1.417517486737397547e+01 -2.420340277696671194e+01 -1.756430225203406525e+00 1.000000000000000000e+00
1.418947877743186936e+01 -2.420381221111928127e+01 -1.767775167545198256e+00 1.000000000000000000e+00
1.420378268748976502e+01 -2.420367573281190587e+01 -1.779080238048542428e+00 1.000000000000000000e+00
1.421808659754766069e+01 -2.420299334512282741e+01 -1.790345181729685375e+00 1.000000000000000000e+00
1.423239050760555457e+01 -2.420176506344316536e+01 -1.801569744509927462e+00 1.000000000000000000e+00
1.424669441766345024e+01 -2.419999091547659020e+01 -1.812753673221353612e+00 1.000000000000000000e+00
1.426099832772134590e+01 -2.419767094123868389e+01 -1.823896715612542740e+00 1.000000000000000000e+00
1.427530223777923979e+01 -2.419480519305602328e+01 -1.834998620354254317e+00 1.000000000000000000e+00
1.428960614783713545e+01 -2.419139373556502548e+01 -1.846059137045106935e+00 1.000000000000000000e+00
1.430391005789503112e+01 -2.418743664571046992e+01 -1.857078016217211136e+00 1.000000000000000000e+00
1.431821396795292500e+01 -2.418293401274378596e+01 -1.868055009341807571e+00 1.000000000000000000e+00
1.433251787801082067e+01 -2.417788593822102072e+01 -1.878989868834868293e+00 1.000000000000000000e+00
1.434682178806871455e+01 -2.417229253600054406e+01 -1.889882348062679185e+00 1.000000000000000000e+00
1.436112569812661022e+01 -2.416615393224050834e+01 -1.900732201347411721e+00 1.000000000000000000e+00
1.437542960818450588e+01 -2.415947026539595655e+01 -1.911539183972651434e+00 1.000000000000000000e+00
1.438973351824239977e+01 -2.415224168621575984e+01 -1.922303052188924610e+00 1.000000000000000000e+00
1.440403742830029543e+01 -2.414446835773916789e+01 -1.933023563219196772e+00 1.000000000000000000e+00
1.441834133835819109e+01 -2.413615045529214598e+01 -1.943700475264344973e+00 1.000000000000000000e+00
1.443264524841608498e+01 -2.412728816648342800e+01 -1.954333547508612101e+00 1.000000000000000000e+00
1.444694915847398065e+01 -2.411788169120028869e+01 -1.964922540125045192e+00 1.000000000000000000e+00
1.446125306853187631e+01 -2.410793124160402101e+01 -1.975467214280893335e+00 1.000000000000000000e+00
1.447555697858977020e+01 -2.409743704212514359e+01 -1.985967332143002251e+00 1.000000000000000000e+00
1.448986088864766586e+01 -2.408639932945837714e+01 -1.996422656883175772e+00 1.000000000000000000e+00
1.450416479870556152e+01 -2.407481835255726210e+01 -2.006832952683519800e+00 1.000000000000000000e+00
1.451846870876345541e+01 -2.406269437262855959e+01 -2.017197984741755601e+00 1.000000000000000000e+00
1.453277261882135107e+01 -2.405002766312638585e+01 -2.027517519276527125e+00 1.000000000000000000e+00
1.454707652887924496e+01 -2.403681850974599143e+01 -2.037791323532660126e+00 1.000000000000000000e+00
1.456138043893714062e+01 -2.402306721041736992e+01 -2.048019165786419737e+00 1.000000000000000000e+00
1.457568434899503629e+01 -2.400877407529850771e+01 -2.058200815350736512e+00 1.000000000000000000e+00
1.458998825905293018e+01 -2.399393942676839586e+01 -2.068336042580404932e+00 1.000000000000000000e+00
1.460429216911082584e+01 -2.397856359941975057e+01 -2.078424618877273478e+00 1.000000000000000000e+00
1.461859607916872150e+01 -2.396264694005148854e+01 -2.088466316695390290e+00 1.000000000000000000e+00
1.463289998922661539e+01 -2.394618980766089322e+01 -2.098460909546132402e+00 1.000000000000000000e+00
1.464720389928451105e+01 -2.392919257343550044e+01 -2.108408172003331416e+00 1.000000000000000000e+00
1.466150780934240672e+01 -2.391165562074475304e+01 -2.118307879708340558e+00 1.000000000000000000e+00
1.467581171940030060e+01 -2.389357934513134651e+01 -2.128159809375103517e+00 1.000000000000000000e+00
1.469011562945819627e+01 -2.387496415430228325e+01 -2.137963738795187751e+00 1.000000000000000000e+00
1.470441953951609193e+01 -2.385581046811972783e+01 -2.147719446842797808e+00 1.000000000000000000e+00
1.471872344957398582e+01 -2.383611871859148934e+01 -2.157426713479760672e+00 1.000000000000000000e+00
1.473302735963188148e+01 -2.381588934986129402e+01 -2.167085319760495565e+00 1.000000000000000000e+00
1.474733126968977714e+01 -2.379512281819877018e+01 -2.176695047836942010e+00 1.000000000000000000e+00
1.476163517974767103e+01 -2.377381959198915595e+01 -2.186255680963478998e+00 1.000000000000000000e+00
1.477593908980556670e+01 -2.375198015172274424e+01 -2.195767003501813530e+00 1.000000000000000000e+00
1.479024299986346058e+01 -2.372960498998402556e+01 -2.205228800925842059e+00 1.000000000000000000e+00
1.480454690992135625e+01 -2.370669461144058587e+01 -2.214640859826496389e+00 1.000000000000000000e+00
1.481885081997925191e+01 -2.368324953283173429e+01 -2.224002967916545170e+00 1.000000000000000000e+00
1.483315473003714580e+01 -2.365927028295682888e+01 -2.233314914035390508e+00 1.000000000000000000e+00
1.484745864009504146e+01 -2.363475740266337866e+01 -2.242576488153829040e+00 1.000000000000000000e+00
1.486176255015293712e+01 -2.360971144483480799e+01 -2.251787481378786815e+00 1.000000000000000000e+00
1.487606646021083101e+01 -2.358413297437802569e+01 -2.260947685958032416e+00 1.000000000000000000e+00
1.489037037026872667e+01 -2.355802256821063523e+01 -2.270056895284867426e+00 1.000000000000000000e+00
1.490467428032662234e+01 -2.353138081524797798e+01 -2.279114903902776046e+00 1.000000000000000000e+00
1.491897819038451622e+01 -2.350420831638981412e+01 -2.288121507510067598e+00 1.000000000000000000e+00
1.493328210044241189e+01 -2.347650568450676190e+01 -2.297076502964480849e+00 1.000000000000000000e+00
1.494758601050030755e+01 -2.344827354442651668e+01 -2.305979688287767893e+00 1.000000000000000000e+00
1.496188992055820144e+01 -2.341951253291972534e+01 -2.314830862670246070e+00 1.000000000000000000e+00
1.497619383061609710e+01 -2.339022329868560490e+01 -2.323629826475335225e+00 1.000000000000000000e+00
1.499049774067399099e+01 -2.336040650233737992e+01 -2.332376381244049668e+00 1.000000000000000000e+00
1.500480165073188665e+01 -2.333006281638730428e+01 -2.341070329699481256e+00 1.000000000000000000e+00
1.501910556078978232e+01 -2.329919292523155150e+01 -2.349711475751248724e+00 1.000000000000000000e+00
1.503340947084767620e+01 -2.326779752513474264e+01 -2.358299624499915925e+00 1.000000000000000000e+00
1.504771338090557187e+01 -2.323587732421426466e+01 -2.366834582241396756e+00 1.000000000000000000e+00
1.506201729096346753e+01 -2.320343304242426896e+01 -2.375316156471312556e+00 1.000000000000000000e+00
1.507632120102136142e+01 -2.317046541153946748e+01 -2.383744155889343297e+00 1.000000000000000000e+00
1.509062511107925708e+01 -2.313697517513862323e+01 -2.392118390403536132e+00 1.000000000000000000e+00
1.510492902113715274e+01 -2.310296308858775305e+01 -2.400438671134597968e+00 1.000000000000000000e+00
1.511923293119504663e+01 -2.306842991902311724e+01 -2.408704810420150277e+00 1.000000000000000000e+00
1.513353684125294230e+01 -2.303337644533388229e+01 -2.416916621818971933e+00 1.000000000000000000e+00
1.514784075131083796e+01 -2.299780345814460958e+01 -2.425073920115186521e+00 1.000000000000000000e+00
1.516214466136873185e+01 -2.296171175979737455e+01 -2.433176521322456320e+00 1.000000000000000000e+00
1.517644857142662751e+01 -2.292510216433368342e+01 -2.441224242688127877e+00 1.000000000000000000e+00
1.519075248148452140e+01 -2.288797549747612692e+01 -2.449216902697348264e+00 1.000000000000000000e+00
1.520505639154241706e+01 -2.285033259660970018e+01 -2.457154321077169357e+00 1.000000000000000000e+00
1.521936030160031272e+01 -2.281217431076304436e+01 -2.465036318800598369e+00 1.000000000000000000e+00
1.523366421165820661e+01 -2.277350150058914124e+01 -2.472862718090650613e+00 1.000000000000000000e+00
1.524796812171610227e+01 -2.273431503834599710e+01 -2.480633342424355625e+00 1.000000000000000000e+00
1.526227203177399794e+01 -2.269461580787693222e+01 -2.488348016536732654e+00 1.000000000000000000e+00
1.527657594183189183e+01 -2.265440470459068223e+01 -2.496006566424749717e+00 1.000000000000000000e+00
1.529087985188978749e+01 -2.261368263544116530e+01 -2.503608819351245351e+00 1.000000000000000000e+00
1.530518376194768315e+01 -2.257245051890702925e+01 -2.511154603848825939e+00 1.000000000000000000e+00
1.531948767200557704e+01 -2.253070928497096403e+01 -2.518643749723731062e+00 1.000000000000000000e+00
1.533379158206347270e+01 -2.248845987509869460e+01 -2.526076088059678870e+00 1.000000000000000000e+00
1.534809549212136837e+01 -2.244570324221776048e+01 -2.533451451221665263e+00 1.000000000000000000e+00
1.536239940217926225e+01 -2.240244035069602191e+01 -2.540769672859753747e+00 1.000000000000000000e+00
1.537670331223715792e+01 -2.235867217631991721e+01 -2.548030587912823108e+00 1.000000000000000000e+00
1.539100722229505180e+01 -2.231439970627243952e+01 -2.555234032612289763e+00 1.000000000000000000e+00
1.540531113235294747e+01 -2.226962393911086835e+01 -2.562379844485807912e+00 1.000000000000000000e+00
1.541961504241084313e+01 -2.222434588474425610e+01 -2.569467862360925725e+00 1.000000000000000000e+00
1.543391895246873702e+01 -2.217856656441066932e+01 -2.576497926368724212e+00 1.000000000000000000e+00
1.544822286252663268e+01 -2.213228701065410675e+01 -2.583469877947424553e+00 1.000000000000000000e+00
1.546252677258452835e+01 -2.208550826730126460e+01 -2.590383559845961692e+00 1.000000000000000000e+00
1.547683068264242223e+01 -2.203823138943795357e+01 -2.597238816127531713e+00 1.000000000000000000e+00
1.549113459270031790e+01 -2.199045744338530639e+01 -2.604035492173113031e+00 1.000000000000000000e+00
1.550543850275821356e+01 -2.194218750667574724e+01 -2.610773434684947159e+00 1.000000000000000000e+00
1.551974241281610745e+01 -2.189342266802868053e+01 -2.617452491689999494e+00 1.000000000000000000e+00
1.553404632287400311e+01 -2.184416402732592744e+01 -2.624072512543388580e+00 1.000000000000000000e+00
1.554835023293189877e+01 -2.179441269558691374e+01 -2.630633347931781163e+00 1.000000000000000000e+00
1.556265414298979266e+01 -2.174416979494364810e+01 -2.637134849876760168e+00 1.000000000000000000e+00
1.557695805304768832e+01 -2.169343645861533076e+01 -2.643576871738167799e+00 1.000000000000000000e+00
1.559126196310558221e+01 -2.164221383088289841e+01 -2.649959268217402464e+00 1.000000000000000000e+00
1.560556587316347787e+01 -2.159050306706313194e+01 -2.656281895360706358e+00 1.000000000000000000e+00
1.561986978322137354e+01 -2.153830533348265774e+01 -2.662544610562404657e+00 1.000000000000000000e+00
1.563417369327926743e+01 -2.148562180745160077e+01 -2.668747272568126938e+00 1.000000000000000000e+00
1.564847760333716309e+01 -2.143245367723701733e+01 -2.674889741477993521e+00 1.000000000000000000e+00
1.566278151339505875e+01 -2.137880214203617157e+01 -2.680971878749763615e+00 1.000000000000000000e+00
1.567708542345295264e+01 -2.132466841194940699e+01 -2.686993547201967480e+00 1.000000000000000000e+00
1.569138933351084830e+01 -2.127005370795287575e+01 -2.692954611017001287e+00 1.000000000000000000e+00
1.570569324356874397e+01 -2.121495926187101944e+01 -2.698854935744183781e+00 1.000000000000000000e+00
1.571999715362663785e+01 -2.115938631634877254e+01 -2.704694388302793850e+00 1.000000000000000000e+00
1.573430106368453352e+01 -2.110333612482354226e+01 -2.710472836985070799e+00 1.000000000000000000e+00
1.574860497374242918e+01 -2.104680995149690048e+01 -2.716190151459184410e+00 1.000000000000000000e+00
1.576290888380032307e+01 -2.098980907130615137e+01 -2.721846202772174816e+00 1.000000000000000000e+00
1.577721279385821873e+01 -2.093233476989545849e+01 -2.727440863352863065e+00 1.000000000000000000e+00
1.579151670391611262e+01 -2.087438834358695772e+01 -2.732974007014726148e+00 1.000000000000000000e+00
1.580582061397400828e+01 -2.081597109935147571e+01 -2.738445508958741836e+00 1.000000000000000000e+00
1.582012452403190395e+01 -2.075708435477901759e+01 -2.743855245776207319e+00 1.000000000000000000e+00
1.583442843408979783e+01 -2.069772943804911591e+01 -2.749203095451518308e+00 1.000000000000000000e+00
1.584873234414769350e+01 -2.063790768790081032e+01 -2.754488937364926837e+00 1.000000000000000000e+00
1.586303625420558916e+01 -2.057762045360249559e+01 -2.759712652295256863e+00 1.000000000000000000e+00
1.587734016426348305e+01 -2.051686909492146782e+01 -2.764874122422593672e+00 1.000000000000000000e+00
1.589164407432137871e+01 -2.045565498209327515e+01 -2.769973231330943975e+00 1.000000000000000000e+00
1.590594798437927437e+01 -2.039397949579077718e+01 -2.775009864010858696e+00 1.000000000000000000e+00
1.592025189443716826e+01 -2.033184402709306582e+01 -2.779983906862028675e+00 1.000000000000000000e+00
1.593455580449506392e+01 -2.026924997745399182e+01 -2.784895247695849285e+00 1.000000000000000000e+00
1.594885971455295959e+01 -2.020619875867064863e+01 -2.789743775737945519e+00 1.000000000000000000e+00
1.596316362461085347e+01 -2.014269179285149747e+01 -2.794529381630673104e+00 1.000000000000000000e+00
1.597746753466874914e+01 -2.007873051238427919e+01 -2.799251957435585858e+00 1.000000000000000000e+00
1.599177144472664303e+01 -2.001431635990372726e+01 -2.803911396635868414e+00 1.000000000000000000e+00
1.600607535478453869e+01 -1.994945078825899287e+01 -2.808507594138742292e+00 1.000000000000000000e+00
1.602037926484243258e+01 -1.988413526048092095e+01 -2.813040446277831563e+00 1.000000000000000000e+00
1.603468317490033002e+01 -1.981837124974904540e+01 -2.817509850815502759e+00 1.000000000000000000e+00
1.604898708495822390e+01 -1.975216023935831799e+01 -2.821915706945173241e+00 1.000000000000000000e+00
1.606329099501611779e+01 -1.968550372268572701e+01 -2.826257915293579615e+00 1.000000000000000000e+00
1.607759490507401523e+01 -1.961840320315650388e+01 -2.830536377923027036e+00 1.000000000000000000e+00
1.609189881513190912e+01 -1.955086019421036525e+01 -2.834750998333587901e+00 1.000000000000000000e+00
1.610620272518980300e+01 -1.948287621926722579e+01 -2.838901681465288540e+00 1.000000000000000000e+00
1.612050663524770044e+01 -1.941445281169293224e+01 -2.842988333700247061e+00 1.000000000000000000e+00
1.613481054530559433e+01 -1.934559151476467775e+01 -2.847010862864784109e+00 1.000000000000000000e+00
1.614911445536348822e+01 -1.927629388163613200e+01 -2.850969178231507417e+00 1.000000000000000000e+00
1.616341836542138566e+01 -1.920656147530241853e+01 -2.854863190521355509e+00 1.000000000000000000e+00
1.617772227547927955e+01 -1.913639586856496777e+01 -2.858692811905606757e+00 1.000000000000000000e+00
1.619202618553717343e+01 -1.906579864399592950e+01 -2.862457956007867121e+00 1.000000000000000000e+00
1.620633009559507087e+01 -1.899477139390246450e+01 -2.866158537906017045e+00 1.000000000000000000e+00
1.622063400565296476e+01 -1.892331572029096876e+01 -2.869794474134120588e+00 1.000000000000000000e+00
1.623493791571085865e+01 -1.885143323483077182e+01 -2.873365682684318578e+00 1.000000000000000000e+00
1.624924182576875609e+01 -1.877912555881790269e+01 -2.876872083008668035e+00 1.000000000000000000e+00
1.626354573582664997e+01 -1.870639432313848616e+01 -2.880313596020966038e+00 1.000000000000000000e+00
1.627784964588454386e+01 -1.863324116823194743e+01 -2.883690144098528751e+00 1.000000000000000000e+00
1.629215355594244130e+01 -1.855966774405398922e+01 -2.887001651083947795e+00 1.000000000000000000e+00
1.630645746600033519e+01 -1.848567571003949794e+01 -2.890248042286799102e+00 1.000000000000000000e+00
1.632076137605822908e+01 -1.841126673506492040e+01 -2.893429244485338003e+00 1.000000000000000000e+00
1.633506528611612296e+01 -1.833644249741080401e+01 -2.896545185928142363e+00 1.000000000000000000e+00
1.634936919617402040e+01 -1.826120468472381120e+01 -2.899595796335737496e+00 1.000000000000000000e+00
1.636367310623191429e+01 -1.818555499397879061e+01 -2.902581006902173133e+00 1.000000000000000000e+00
1.637797701628980818e+01 -1.810949513144033318e+01 -2.905500750296584833e+00 1.000000000000000000e+00
1.639228092634770562e+01 -1.803302681262443485e+01 -2.908354960664706113e+00 1.000000000000000000e+00
1.640658483640559950e+01 -1.795615176225973997e+01 -2.911143573630354808e+00 1.000000000000000000e+00
1.642088874646349339e+01 -1.787887171424864263e+01 -2.913866526296886583e+00 1.000000000000000000e+00
1.643519265652139083e+01 -1.780118841162813936e+01 -2.916523757248614679e+00 1.000000000000000000e+00
1.644949656657928472e+01 -1.772310360653066041e+01 -2.919115206552189701e+00 1.000000000000000000e+00
1.646380047663717860e+01 -1.764461906014434334e+01 -2.921640815757958531e+00 1.000000000000000000e+00
1.647810438669507604e+01 -1.756573654267347351e+01 -2.924100527901277058e+00 1.000000000000000000e+00
1.649240829675296993e+01 -1.748645783329849124e+01 -2.926494287503797143e+00 1.000000000000000000e+00
1.650671220681086382e+01 -1.740678472013587452e+01 -2.928822040574719399e+00 1.000000000000000000e+00
1.652101611686876126e+01 -1.732671900019775535e+01 -2.931083734612008218e+00 1.000000000000000000e+00
1.653532002692665515e+01 -1.724626247935153955e+01 -2.933279318603576602e+00 1.000000000000000000e+00
1.654962393698454903e+01 -1.716541697227897600e+01 -2.935408743028439016e+00 1.000000000000000000e+00
1.656392784704244647e+01 -1.708418430243535724e+01 -2.937471959857825610e+00 1.000000000000000000e+00
1.657823175710034036e+01 -1.700256630200841457e+01 -2.939468922556265795e+00 1.000000000000000000e+00
1.659253566715823425e+01 -1.692056481187686146e+01 -2.941399586082638962e+00 1.000000000000000000e+00
1.660683957721613169e+01 -1.683818168156893691e+01 -2.943263906891191439e+00 1.000000000000000000e+00
1.662114348727402557e+01 -1.675541876922081030e+01 -2.945061842932515273e+00 1.000000000000000000e+00
1.663544739733191946e+01 -1.667227794153448528e+01 -2.946793353654498127e+00 1.000000000000000000e+00
1.664975130738981690e+01 -1.658876107373574627e+01 -2.948458400003241220e+00 1.000000000000000000e+00
1.666405521744771079e+01 -1.650487004953199843e+01 -2.950056944423933736e+00 1.000000000000000000e+00
1.667835912750560468e+01 -1.642060676106957118e+01 -2.951588950861705918e+00 1.000000000000000000e+00
1.669266303756350212e+01 -1.633597310889116372e+01 -2.953054384762439533e+00 1.000000000000000000e+00
1.670696694762139600e+01 -1.625097100189302068e+01 -2.954453213073545914e+00 1.000000000000000000e+00
1.672127085767928989e+01 -1.616560235728177730e+01 -2.955785404244713810e+00 1.000000000000000000e+00
1.673557476773718378e+01 -1.607986910053124419e+01 -2.957050928228620812e+00 1.000000000000000000e+00
1.674987867779508122e+01 -1.599377316533895943e+01 -2.958249756481610593e+00 1.000000000000000000e+00
1.676418258785297510e+01 -1.590731649358270339e+01 -2.959381861964335503e+00 1.000000000000000000e+00
1.677848649791086899e+01 -1.582050103527653739e+01 -2.960447219142367192e+00 1.000000000000000000e+00
1.679279040796876643e+01 -1.573332874852685315e+01 -2.961445803986775260e+00 1.000000000000000000e+00
1.680709431802666032e+01 -1.564580159948835103e+01 -2.962377593974664158e+00 1.000000000000000000e+00
1.682139822808455420e+01 -1.555792156231945533e+01 -2.963242568089684781e+00 1.000000000000000000e+00
1.683570213814245164e+01 -1.546969061913800481e+01 -2.964040706822508309e+00 1.000000000000000000e+00
1.685000604820034553e+01 -1.538111075997642274e+01 -2.964771992171264081e+00 1.000000000000000000e+00
1.686430995825823942e+01 -1.529218398273689417e+01 -2.965436407641948602e+00 1.000000000000000000e+00
1.687861386831613686e+01 -1.520291229314620729e+01 -2.966033938248795021e+00 1.000000000000000000e+00
1.689291777837403075e+01 -1.511329770471069267e+01 -2.966564570514611088e+00 1.000000000000000000e+00
1.690722168843192463e+01 -1.502334223867060103e+01 -2.967028292471086459e+00 1.000000000000000000e+00
1.692152559848982207e+01 -1.493304792395466407e+01 -2.967425093659058710e+00 1.000000000000000000e+00
1.693582950854771596e+01 -1.484241679713426620e+01 -2.967754965128751365e+00 1.000000000000000000e+00
1.695013341860560985e+01 -1.475145090237755774e+01 -2.968017899439974627e+00 1.000000000000000000e+00
1.696443732866350729e+01 -1.466015229140323584e+01 -2.968213890662294574e+00 1.000000000000000000e+00
1.697874123872140117e+01 -1.456852302343446937e+01 -2.968342934375165942e+00 1.000000000000000000e+00
1.699304514877929506e+01 -1.447656516515222158e+01 -2.968405027668031604e+00 1.000000000000000000e+00
1.700734905883719250e+01 -1.438428079064881260e+01 -2.968400169140388734e+00 1.000000000000000000e+00
1.702165296889508639e+01 -1.429167198138105732e+01 -2.968328358901821229e+00 1.000000000000000000e+00
1.703595687895298028e+01 -1.419874082612335719e+01 -2.968189598571995713e+00 1.000000000000000000e+00
1.705026078901087772e+01 -1.410548942092048641e+01 -2.967983891280624231e+00 1.000000000000000000e+00
1.706456469906877160e+01 -1.401191986904054154e+01 -2.967711241667397637e+00 1.000000000000000000e+00
1.707886860912666549e+01 -1.391803428092720907e+01 -2.967371655881875903e+00 1.000000000000000000e+00
1.709317251918456293e+01 -1.382383477415238637e+01 -2.966965141583353560e+00 1.000000000000000000e+00
1.710747642924245682e+01 -1.372932347336838355e+01 -2.966491707940684730e+00 1.000000000000000000e+00
1.712178033930035070e+01 -1.363450251025989957e+01 -2.965951365632076620e+00 1.000000000000000000e+00
1.713608424935824459e+01 -1.353937402349600561e+01 -2.965344126844848827e+00 1.000000000000000000e+00
1.715038815941614203e+01 -1.344394015868194003e+01 -2.964670005275158449e+00 1.000000000000000000e+00
1.716469206947403592e+01 -1.334820306831074177e+01 -2.963929016127692329e+00 1.000000000000000000e+00
1.717899597953192981e+01 -1.325216491171454791e+01 -2.963121176115321553e+00 1.000000000000000000e+00
1.719329988958982725e+01 -1.315582785501598906e+01 -2.962246503458726199e+00 1.000000000000000000e+00
1.720760379964772113e+01 -1.305919407107943009e+01 -2.961305017885985436e+00 1.000000000000000000e+00
1.722190770970561502e+01 -1.296226573946180238e+01 -2.960296740632129442e+00 1.000000000000000000e+00
1.723621161976351246e+01 -1.286504504636344848e+01 -2.959221694438663786e+00 1.000000000000000000e+00
1.725051552982140635e+01 -1.276753418457900580e+01 -2.958079903553054724e+00 1.000000000000000000e+00
1.726481943987930023e+01 -1.266973535344769530e+01 -2.956871393728181641e+00 1.000000000000000000e+00
1.727912334993719767e+01 -1.257165075880383043e+01 -2.955596192221757512e+00 1.000000000000000000e+00
1.729342725999509156e+01 -1.247328261292717144e+01 -2.954254327795714286e+00 1.000000000000000000e+00
1.730773117005298545e+01 -1.237463313449285351e+01 -2.952845830715554065e+00 1.000000000000000000e+00
1.732203508011088289e+01 -1.227570454852137161e+01 -2.951370732749663439e+00 1.000000000000000000e+00
1.733633899016877677e+01 -1.217649908632856004e+01 -2.949829067168603380e+00 1.000000000000000000e+00
1.735064290022667066e+01 -1.207701898547501962e+01 -2.948220868744350742e+00 1.000000000000000000e+00
1.736494681028456810e+01 -1.197726648971584673e+01 -2.946546173749521547e+00 1.000000000000000000e+00
1.737925072034246199e+01 -1.187724384894993435e+01 -2.944805019956548531e+00 1.000000000000000000e+00
1.739355463040035588e+01 -1.177695331916927124e+01 -2.942997446636830272e+00 1.000000000000000000e+00
1.740785854045825332e+01 -1.167639716240795167e+01 -2.941123494559843010e+00 1.000000000000000000e+00
1.742216245051614720e+01 -1.157557764669136446e+01 -2.939183205992228043e+00 1.000000000000000000e+00
1.743646636057404109e+01 -1.147449704598478704e+01 -2.937176624696830274e+00 1.000000000000000000e+00
1.745077027063193853e+01 -1.137315764014229380e+01 -2.935103795931715442e+00 1.000000000000000000e+00
1.746507418068983242e+01 -1.127156171485523828e+01 -2.932964766449149163e+00 1.000000000000000000e+00
1.747937809074772630e+01 -1.116971156160074052e+01 -2.930759584494542214e+00 1.000000000000000000e+00
1.749368200080562374e+01 -1.106760947758991520e+01 -2.928488299805359407e+00 1.000000000000000000e+00
1.750798591086351763e+01 -1.096525776571625421e+01 -2.926150963610004929e+00 1.000000000000000000e+00
1.752228982092141152e+01 -1.086265873450342845e+01 -2.923747628626657935e+00 1.000000000000000000e+00
1.753659373097930541e+01 -1.075981469805344837e+01 -2.921278349062090829e+00 1.000000000000000000e+00
1.755089764103720285e+01 -1.065672797599427390e+01 -2.918743180610440913e+00 1.000000000000000000e+00
1.756520155109509673e+01 -1.055340089342772458e+01 -2.916142180451960719e+00 1.000000000000000000e+00
1.757950546115299062e+01 -1.044983578087677856e+01 -2.913475407251721272e+00 1.000000000000000000e+00
1.759380937121088806e+01 -1.034603497423318430e+01 -2.910742921158293584e+00 1.000000000000000000e+00
1.760811328126878195e+01 -1.024200081470479340e+01 -2.907944783802391964e+00 1.000000000000000000e+00
1.762241719132667583e+01 -1.013773564876259314e+01 -2.905081058295480911e+00 1.000000000000000000e+00
1.763672110138457327e+01 -1.003324182808786347e+01 -2.902151809228352253e+00 1.000000000000000000e+00
1.765102501144246716e+01 -9.928521709519277039e+00 -2.899157102669673414e+00 1.000000000000000000e+00
1.766532892150036105e+01 -9.823577654999473552e+00 -2.896097006164489951e+00 1.000000000000000000e+00
1.767963283155825849e+01 -9.718412031521987515e+00 -2.892971588732705435e+00 1.000000000000000000e+00
1.769393674161615237e+01 -9.613027211077856293e+00 -2.889780920867528913e+00 1.000000000000000000e+00
1.770824065167404626e+01 -9.507425570601963472e+00 -2.886525074533875301e+00 1.000000000000000000e+00
1.772254456173194370e+01 -9.401609491919533212e+00 -2.883204123166749344e+00 1.000000000000000000e+00
1.773684847178983759e+01 -9.295581361692498490e+00 -2.879818141669589604e+00 1.000000000000000000e+00
1.775115238184773148e+01 -9.189343571365512275e+00 -2.876367206412576927e+00 1.000000000000000000e+00
1.776545629190562892e+01 -9.082898517112019121e+00 -2.872851395230907823e+00 1.000000000000000000e+00
1.777976020196352280e+01 -8.976248599780401349e+00 -2.869270787423050084e+00 1.000000000000000000e+00
1.779406411202141669e+01 -8.869396224839547926e+00 -2.865625463748940227e+00 1.000000000000000000e+00
1.780836802207931413e+01 -8.762343802324817688e+00 -2.861915506428173828e+00 1.000000000000000000e+00
1.782267193213720802e+01 -8.655093746783592223e+00 -2.858140999138144789e+00 1.000000000000000000e+00
1.783697584219510190e+01 -8.547648477220844754e+00 -2.854302027012159293e+00 1.000000000000000000e+00
1.785127975225299934e+01 -8.440010417044486957e+00 -2.850398676637514672e+00 1.000000000000000000e+00
1.786558366231089323e+01 -8.332181994010921855e+00 -2.846431036053551633e+00 1.000000000000000000e+00
1.787988757236878712e+01 -8.224165640170015834e+00 -2.842399194749659852e+00 1.000000000000000000e+00
1.789419148242668456e+01 -8.115963791810459682e+00 -2.838303243663266695e+00 1.000000000000000000e+00
1.790849539248457845e+01 -8.007578889404713962e+00 -2.834143275177782861e+00 1.000000000000000000e+00
1.792279930254247233e+01 -7.899013377554013893e+00 -2.829919383120521825e+00 1.000000000000000000e+00
1.793710321260036977e+01 -7.790269704933123762e+00 -2.825631662760576202e+00 1.000000000000000000e+00
1.795140712265826366e+01 -7.681350324235333815e+00 -2.821280210806680344e+00 1.000000000000000000e+00
1.796571103271615755e+01 -7.572257692116852290e+00 -2.816865125405017878e+00 1.000000000000000000e+00
1.798001494277405143e+01 -7.462994269141645098e+00 -2.812386506137015463e+00 1.000000000000000000e+00
1.799431885283194887e+01 -7.353562519725731939e+00 -2.807844454017091707e+00 1.000000000000000000e+00
1.800862276288984276e+01 -7.243964912081844787e+00 -2.803239071490386092e+00 1.000000000000000000e+00
1.802292667294773665e+01 -7.134203918163477098e+00 -2.798570462430438166e+00 1.000000000000000000e+00
1.803723058300563409e+01 -7.024282013609350450e+00 -2.793838732136853409e+00 1.000000000000000000e+00
1.805153449306352798e+01 -6.914201677687469072e+00 -2.789043987332924246e+00 1.000000000000000000e+00
1.806583840312142186e+01 -6.803965393239258752e+00 -2.784186336163223974e+00 1.000000000000000000e+00
1.808014231317931930e+01 -6.693575646623440178e+00 -2.779265888191164269e+00 1.000000000000000000e+00
1.809444622323721319e+01 -6.583034927660202484e+00 -2.774282754396533157e+00 1.000000000000000000e+00
1.810875013329510708e+01 -6.472345729574731088e+00 -2.769237047172978361e+00 1.000000000000000000e+00
1.812305404335300452e+01 -6.361510548941200938e+00 -2.764128880325483983e+00 1.000000000000000000e+00
1.813735795341089840e+01 -6.250531885626450901e+00 -2.758958369067800565e+00 1.000000000000000000e+00
1.815166186346879229e+01 -6.139412242733448544e+00 -2.753725630019841830e+00 1.000000000000000000e+00
1.816596577352668973e+01 -6.028154126544922775e+00 -2.748430781205055684e+00 1.000000000000000000e+00
1.818026968358458362e+01 -5.916760046466951195e+00 -2.743073942047771219e+00 1.000000000000000000e+00
1.819457359364247750e+01 -5.805232514972186841e+00 -2.737655233370494656e+00 1.000000000000000000e+00
1.820887750370037494e+01 -5.693574047543190630e+00 -2.732174777391183085e+00 1.000000000000000000e+00
1.822318141375826883e+01 -5.581787162615906794e+00 -2.726632697720501319e+00 1.000000000000000000e+00
1.823748532381616272e+01 -5.469874381522587647e+00 -2.721029119359018811e+00 1.000000000000000000e+00
1.825178923387406016e+01 -5.357838228435046979e+00 -2.715364168694395008e+00 1.000000000000000000e+00
1.826609314393195405e+01 -5.245681230307837950e+00 -2.709637973498536745e+00 1.000000000000000000e+00
1.828039705398984793e+01 -5.133405916821089043e+00 -2.703850662924706327e+00 1.000000000000000000e+00
1.829470096404774537e+01 -5.021014820323442152e+00 -2.698002367504608756e+00 1.000000000000000000e+00
1.830900487410563926e+01 -4.908510475775154980e+00 -2.692093219145457628e+00 1.000000000000000000e+00
1.832330878416353315e+01 -4.795895420690626132e+00 -2.686123351126987302e+00 1.000000000000000000e+00
1.833761269422143059e+01 -4.683172195081390932e+00 -2.680092898098455745e+00 1.000000000000000000e+00
1.835191660427932447e+01 -4.570343341398731773e+00 -2.674001996075603405e+00 1.000000000000000000e+00
1.836622051433721836e+01 -4.457411404476373740e+00 -2.667850782437588109e+00 1.000000000000000000e+00
1.838052442439511225e+01 -4.344378931473000804e+00 -2.661639395923881324e+00 1.000000000000000000e+00
1.839482833445300969e+01 -4.231248471814932799e+00 -2.655367976631146210e+00 1.000000000000000000e+00
1.840913224451090358e+01 -4.118022577138542140e+00 -2.649036666010072150e+00 1.000000000000000000e+00
1.842343615456879746e+01 -4.004703801232735394e+00 -2.642645606862187968e+00 1.000000000000000000e+00
1.843774006462669490e+01 -3.891294699981258542e+00 -2.636194943336634289e+00 1.000000000000000000e+00
1.845204397468458879e+01 -3.777797831305274023e+00 -2.629684820926926569e+00 1.000000000000000000e+00
1.846634788474248268e+01 -3.664215755105376449e+00 -2.623115386467654631e+00 1.000000000000000000e+00
1.848065179480038012e+01 -3.550551033204083051e+00 -2.616486788131185737e+00 1.000000000000000000e+00
1.849495570485827400e+01 -3.436806229287947989e+00 -2.609799175424316608e+00 1.000000000000000000e+00
1.850925961491616789e+01 -3.322983908849783230e+00 -2.603052699184903229e+00 1.000000000000000000e+00
1.852356352497406533e+01 -3.209086639130684482e+00 -2.596247511578451572e+00 1.000000000000000000e+00
1.853786743503195922e+01 -3.095116989062365320e+00 -2.589383766094701667e+00 1.000000000000000000e+00
1.855217134508985311e+01 -2.981077529208913557e+00 -2.582461617544145938e+00 1.000000000000000000e+00
1.856647525514775054e+01 -2.866970831709029444e+00 -2.575481222054550212e+00 1.000000000000000000e+00
1.858077916520564443e+01 -2.752799470218007638e+00 -2.568442737067434756e+00 1.000000000000000000e+00
1.859508307526353832e+01 -2.638566019849522881e+00 -2.561346321334510012e+00 1.000000000000000000e+00
1.860938698532143576e+01 -2.524273057117650598e+00 -2.554192134914103018e+00 1.000000000000000000e+00
1.862369089537932965e+01 -2.409923159878886167e+00 -2.546980339167556284e+00 1.000000000000000000e+00
1.863799480543722353e+01 -2.295518907273722320e+00 -2.539711096755572051e+00 1.000000000000000000e+00
1.865229871549512097e+01 -2.181062879668689725e+00 -2.532384571634552994e+00 1.000000000000000000e+00
1.866660262555301486e+01 -2.066557658598160430e+00 -2.525000929052908294e+00 1.000000000000000000e+00
1.868090653561090875e+01 -1.952005826705947689e+00 -2.517560335547312622e+00 1.000000000000000000e+00
1.869521044566880619e+01 -1.837409967687164025e+00 -2.510062958938959810e+00 1.000000000000000000e+00
1.870951435572670007e+01 -1.722772666230051541e+00 -2.502508968329780981e+00 1.000000000000000000e+00
1.872381826578459396e+01 -1.608096507957516019e+00 -2.494898534098623166e+00 1.000000000000000000e+00
1.873812217584249140e+01 -1.493384079368805573e+00 -2.487231827897402603e+00 1.000000000000000000e+00
1.875242608590038529e+01 -1.378637967781389584e+00 -2.479509022647250926e+00 1.000000000000000000e+00
1.876672999595827918e+01 -1.263860761272301181e+00 -2.471730292534592532e+00 1.000000000000000000e+00
1.878103390601617306e+01 -1.149055048620019948e+00 -2.463895813007234370e+00 1.000000000000000000e+00
1.879533781607407050e+01 -1.034223419245869913e+00 -2.456005760770391788e+00 1.000000000000000000e+00
1.880964172613196439e+01 -9.193684631558711740e-01 -2.448060313782725039e+00 1.000000000000000000e+00
1.882394563618985828e+01 -8.044927708820241996e-01 -2.440059651252301176e+00 1.000000000000000000e+00
1.883824954624775572e+01 -6.895989334241159341e-01 -2.432003953632569715e+00 1.000000000000000000e+00
1.885255345630564960e+01 -5.746895421911726309e-01 -2.423893402618284121e+00 1.000000000000000000e+00
1.886685736636354349e+01 -4.597671889430546277e-01 -2.415728181141407749e+00 1.000000000000000000e+00
1.888116127642144093e+01 -3.448344657318924700e-01 -2.407508473366980262e+00 1.000000000000000000e+00
1.889546518647933482e+01 -2.298939648438594052e-01 -2.399234464688980495e+00 1.000000000000000000e+00
1.890976909653722871e+01 -1.149482787404023931e-01 -2.390906341726122708e+00 1.000000000000000000e+00
1.892407300659512615e+01 -5.928228408749644404e-15 -2.382524292317664827e+00 1.000000000000000000e+00
