0.000000000000000000e+00 0.000000000000000000e+00 -1.695850127777839278e+00 1.000000000000000000e+00
1.430401405677177509e-02 5.515652232896932870e-03 -1.698457115775331205e+00 1.000000000000000000e+00
2.860802811354355019e-02 1.103120934441607741e-02 -1.701034812661972317e+00 1.000000000000000000e+00
4.291204217031532875e-02 1.654657621482007526e-02 -1.703583173983531207e+00 1.000000000000000000e+00
5.721605622708710037e-02 2.206165772765242630e-02 -1.706102155791689556e+00 1.000000000000000000e+00
7.152007028385887200e-02 2.757635877137780411e-02 -1.708591714644799975e+00 1.000000000000000000e+00
8.582408434063065750e-02 3.309058424102237495e-02 -1.711051807608634512e+00 1.000000000000000000e+00
1.001280983974024291e-01 3.860423903981389376e-02 -1.713482392257126508e+00 1.000000000000000000e+00
1.144321124541742007e-01 4.411722808082175346e-02 -1.715883426673100676e+00 1.000000000000000000e+00
1.287361265109459862e-01 4.962945628859682934e-02 -1.718254869448996525e+00 1.000000000000000000e+00
1.430401405677177440e-01 5.514082860081106346e-02 -1.720596679687583341e+00 1.000000000000000000e+00
1.573441546244895295e-01 6.065124996989701422e-02 -1.722908817002663850e+00 1.000000000000000000e+00
1.716481686812613150e-01 6.616062536468689248e-02 -1.725191241519772767e+00 1.000000000000000000e+00
1.859521827380330727e-01 7.166885977205142422e-02 -1.727443913876862247e+00 1.000000000000000000e+00
2.002561967948048582e-01 7.717585819853858831e-02 -1.729666795224982234e+00 1.000000000000000000e+00
2.145602108515766160e-01 8.268152567201167424e-02 -1.731859847228950366e+00 1.000000000000000000e+00
2.288642249083484015e-01 8.818576724328726357e-02 -1.734023032068011450e+00 1.000000000000000000e+00
2.431682389651201870e-01 9.368848798777253128e-02 -1.736156312436492266e+00 1.000000000000000000e+00
2.574722530218919725e-01 9.918959300710256111e-02 -1.738259651544443507e+00 1.000000000000000000e+00
2.717762670786637025e-01 1.046889874307766338e-01 -1.740333013118273708e+00 1.000000000000000000e+00
2.860802811354354880e-01 1.101865764177945572e-01 -1.742376361401375640e+00 1.000000000000000000e+00
3.003842951922072735e-01 1.156822651582921774e-01 -1.744389661154743587e+00 1.000000000000000000e+00
3.146883092489790590e-01 1.211759588751764594e-01 -1.746372877657578870e+00 1.000000000000000000e+00
3.289923233057508445e-01 1.266675628257599440e-01 -1.748325976707890916e+00 1.000000000000000000e+00
3.432963373625226300e-01 1.321569823033947044e-01 -1.750248924623086788e+00 1.000000000000000000e+00
3.576003514192943600e-01 1.376441226391056372e-01 -1.752141688240550499e+00 1.000000000000000000e+00
3.719043654760661455e-01 1.431288892032230586e-01 -1.754004234918216110e+00 1.000000000000000000e+00
3.862083795328379310e-01 1.486111874070147054e-01 -1.755836532535130612e+00 1.000000000000000000e+00
4.005123935896097165e-01 1.540909227043169016e-01 -1.757638549492007707e+00 1.000000000000000000e+00
4.148164076463815020e-01 1.595680005931652268e-01 -1.759410254711772925e+00 1.000000000000000000e+00
4.291204217031532320e-01 1.650423266174240178e-01 -1.761151617640099643e+00 1.000000000000000000e+00
4.434244357599250175e-01 1.705138063684157046e-01 -1.762862608245934881e+00 1.000000000000000000e+00
4.577284498166968030e-01 1.759823454865485082e-01 -1.764543197022019116e+00 1.000000000000000000e+00
4.720324638734685885e-01 1.814478496629441662e-01 -1.766193354985393871e+00 1.000000000000000000e+00
4.863364779302403740e-01 1.869102246410640489e-01 -1.767813053677901758e+00 1.000000000000000000e+00
5.006404919870121040e-01 1.923693762183348588e-01 -1.769402265166677202e+00 1.000000000000000000e+00
5.149445060437839450e-01 1.978252102477730812e-01 -1.770960962044629161e+00 1.000000000000000000e+00
5.292485201005556750e-01 2.032776326396087407e-01 -1.772489117430911643e+00 1.000000000000000000e+00
5.435525341573274050e-01 2.087265493629079649e-01 -1.773986704971389328e+00 1.000000000000000000e+00
5.578565482140992460e-01 2.141718664471948252e-01 -1.775453698839091210e+00 1.000000000000000000e+00
5.721605622708709760e-01 2.196134899840714583e-01 -1.776890073734656461e+00 1.000000000000000000e+00
5.864645763276428170e-01 2.250513261288380751e-01 -1.778295804886769860e+00 1.000000000000000000e+00
6.007685903844145470e-01 2.304852811021111114e-01 -1.779670868052589672e+00 1.000000000000000000e+00
6.150726044411862770e-01 2.359152611914406006e-01 -1.781015239518165538e+00 1.000000000000000000e+00
6.293766184979581180e-01 2.413411727529263251e-01 -1.782328896098847704e+00 1.000000000000000000e+00
6.436806325547298480e-01 2.467629222128326916e-01 -1.783611815139686252e+00 1.000000000000000000e+00
6.579846466115016890e-01 2.521804160692026620e-01 -1.784863974515822793e+00 1.000000000000000000e+00
6.722886606682734190e-01 2.575935608934697973e-01 -1.786085352632870604e+00 1.000000000000000000e+00
6.865926747250452600e-01 2.630022633320703296e-01 -1.787275928427288330e+00 1.000000000000000000e+00
7.008966887818169900e-01 2.684064301080522075e-01 -1.788435681366742802e+00 1.000000000000000000e+00
7.152007028385887200e-01 2.738059680226843651e-01 -1.789564591450462983e+00 1.000000000000000000e+00
7.295047168953605610e-01 2.792007839570636585e-01 -1.790662639209585016e+00 1.000000000000000000e+00
7.438087309521322910e-01 2.845907848737209145e-01 -1.791729805707487744e+00 1.000000000000000000e+00
7.581127450089041320e-01 2.899758778182253693e-01 -1.792766072540119993e+00 1.000000000000000000e+00
7.724167590656758620e-01 2.953559699207878309e-01 -1.793771421836316771e+00 1.000000000000000000e+00
7.867207731224475920e-01 3.007309683978620640e-01 -1.794745836258108795e+00 1.000000000000000000e+00
8.010247871792194330e-01 3.061007805537453441e-01 -1.795689299001020700e+00 1.000000000000000000e+00
8.153288012359911630e-01 3.114653137821764006e-01 -1.796601793794360802e+00 1.000000000000000000e+00
8.296328152927630040e-01 3.168244755679331393e-01 -1.797483304901502432e+00 1.000000000000000000e+00
8.439368293495347340e-01 3.221781734884276993e-01 -1.798333817120154166e+00 1.000000000000000000e+00
8.582408434063064639e-01 3.275263152153004564e-01 -1.799153315782622720e+00 1.000000000000000000e+00
8.725448574630783050e-01 3.328688085160124710e-01 -1.799941786756066531e+00 1.000000000000000000e+00
8.868488715198500350e-01 3.382055612554361046e-01 -1.800699216442738004e+00 1.000000000000000000e+00
9.011528855766218760e-01 3.435364813974434162e-01 -1.801425591780219104e+00 1.000000000000000000e+00
9.154568996333936060e-01 3.488614770064940029e-01 -1.802120900241646284e+00 1.000000000000000000e+00
9.297609136901653359e-01 3.541804562492201769e-01 -1.802785129835926536e+00 1.000000000000000000e+00
9.440649277469371770e-01 3.594933273960110309e-01 -1.803418269107944338e+00 1.000000000000000000e+00
9.583689418037089069e-01 3.647999988225940071e-01 -1.804020307138758605e+00 1.000000000000000000e+00
9.726729558604807480e-01 3.701003790116150771e-01 -1.804591233545792095e+00 1.000000000000000000e+00
9.869769699172524779e-01 3.753943765542173128e-01 -1.805131038483009931e+00 1.000000000000000000e+00
1.001280983974024208e+00 3.806819001516169032e-01 -1.805639712641087913e+00 1.000000000000000000e+00
1.015584998030796049e+00 3.859628586166781172e-01 -1.806117247247576163e+00 1.000000000000000000e+00
1.029889012087567890e+00 3.912371608754852681e-01 -1.806563634067047897e+00 1.000000000000000000e+00
1.044193026144339509e+00 3.965047159689139566e-01 -1.806978865401241974e+00 1.000000000000000000e+00
1.058497040201111350e+00 4.017654330541995944e-01 -1.807362934089196571e+00 1.000000000000000000e+00
1.072801054257883191e+00 4.070192214065038172e-01 -1.807715833507371972e+00 1.000000000000000000e+00
1.087105068314654810e+00 4.122659904204791226e-01 -1.808037557569764253e+00 1.000000000000000000e+00
1.101409082371426651e+00 4.175056496118317306e-01 -1.808328100728011423e+00 1.000000000000000000e+00
1.115713096428198492e+00 4.227381086188816139e-01 -1.808587457971488455e+00 1.000000000000000000e+00
1.130017110484970333e+00 4.279632772041213618e-01 -1.808815624827393442e+00 1.000000000000000000e+00
1.144321124541741952e+00 4.331810652557719354e-01 -1.809012597360825758e+00 1.000000000000000000e+00
1.158625138598513793e+00 4.383913827893369808e-01 -1.809178372174852445e+00 1.000000000000000000e+00
1.172929152655285634e+00 4.435941399491543646e-01 -1.809312946410568168e+00 1.000000000000000000e+00
1.187233166712057253e+00 4.487892470099464903e-01 -1.809416317747143843e+00 1.000000000000000000e+00
1.201537180768829094e+00 4.539766143783666719e-01 -1.809488484401866382e+00 1.000000000000000000e+00
1.215841194825600935e+00 4.591561525945451749e-01 -1.809529445130170444e+00 1.000000000000000000e+00
1.230145208882372554e+00 4.643277723336311502e-01 -1.809539199225658201e+00 1.000000000000000000e+00
1.244449222939144395e+00 4.694913844073341780e-01 -1.809517746520113990e+00 1.000000000000000000e+00
1.258753236995916236e+00 4.746468997654613164e-01 -1.809465087383504756e+00 1.000000000000000000e+00
1.273057251052688077e+00 4.797942294974535393e-01 -1.809381222723975391e+00 1.000000000000000000e+00
1.287361265109459696e+00 4.849332848339182878e-01 -1.809266153987831638e+00 1.000000000000000000e+00
1.301665279166231537e+00 4.900639771481618001e-01 -1.809119883159516551e+00 1.000000000000000000e+00
1.315969293223003378e+00 4.951862179577159462e-01 -1.808942412761575635e+00 1.000000000000000000e+00
1.330273307279774997e+00 5.002999189258648949e-01 -1.808733745854612884e+00 1.000000000000000000e+00
1.344577321336546838e+00 5.054049918631687843e-01 -1.808493886037238818e+00 1.000000000000000000e+00
1.358881335393318679e+00 5.105013487289841168e-01 -1.808222837446008091e+00 1.000000000000000000e+00
1.373185349450090520e+00 5.155889016329823216e-01 -1.807920604755347993e+00 1.000000000000000000e+00
1.387489363506862139e+00 5.206675628366655983e-01 -1.807587193177477847e+00 1.000000000000000000e+00
1.401793377563633980e+00 5.257372447548797068e-01 -1.807222608462319524e+00 1.000000000000000000e+00
1.416097391620405821e+00 5.307978599573249801e-01 -1.806826856897397748e+00 1.000000000000000000e+00
1.430401405677177440e+00 5.358493211700631198e-01 -1.806399945307732180e+00 1.000000000000000000e+00
1.444705419733949281e+00 5.408915412770236575e-01 -1.805941881055719067e+00 1.000000000000000000e+00
1.459009433790721122e+00 5.459244333215049760e-01 -1.805452672041005124e+00 1.000000000000000000e+00
1.473313447847492741e+00 5.509479105076752203e-01 -1.804932326700350753e+00 1.000000000000000000e+00
1.487617461904264582e+00 5.559618862020679897e-01 -1.804380854007483936e+00 1.000000000000000000e+00
1.501921475961036423e+00 5.609662739350772531e-01 -1.803798263472947028e+00 1.000000000000000000e+00
1.516225490017808264e+00 5.659609874024481568e-01 -1.803184565143931772e+00 1.000000000000000000e+00
1.530529504074579883e+00 5.709459404667651672e-01 -1.802539769604105446e+00 1.000000000000000000e+00
1.544833518131351724e+00 5.759210471589386593e-01 -1.801863887973429668e+00 1.000000000000000000e+00
1.559137532188123565e+00 5.808862216796859546e-01 -1.801156931907968106e+00 1.000000000000000000e+00
1.573441546244895184e+00 5.858413784010121361e-01 -1.800418913599684423e+00 1.000000000000000000e+00
1.587745560301667025e+00 5.907864318676866455e-01 -1.799649845776233992e+00 1.000000000000000000e+00
1.602049574358438866e+00 5.957212967987164376e-01 -1.798849741700742966e+00 1.000000000000000000e+00
1.616353588415210485e+00 6.006458880888170260e-01 -1.798018615171579571e+00 1.000000000000000000e+00
1.630657602471982326e+00 6.055601208098807531e-01 -1.797156480522116961e+00 1.000000000000000000e+00
1.644961616528754167e+00 6.104639102124402861e-01 -1.796263352620485199e+00 1.000000000000000000e+00
1.659265630585526008e+00 6.153571717271312247e-01 -1.795339246869315453e+00 1.000000000000000000e+00
1.673569644642297627e+00 6.202398209661500461e-01 -1.794384179205473995e+00 1.000000000000000000e+00
1.687873658699069468e+00 6.251117737247091632e-01 -1.793398166099787527e+00 1.000000000000000000e+00
1.702177672755841309e+00 6.299729459824902067e-01 -1.792381224556759189e+00 1.000000000000000000e+00
1.716481686812612928e+00 6.348232539050915335e-01 -1.791333372114275235e+00 1.000000000000000000e+00
1.730785700869384769e+00 6.396626138454754029e-01 -1.790254626843301944e+00 1.000000000000000000e+00
1.745089714926156610e+00 6.444909423454091568e-01 -1.789145007347575200e+00 1.000000000000000000e+00
1.759393728982928229e+00 6.493081561369059562e-01 -1.788004532763279197e+00 1.000000000000000000e+00
1.773697743039700070e+00 6.541141721436596335e-01 -1.786833222758715589e+00 1.000000000000000000e+00
1.788001757096471911e+00 6.589089074824778791e-01 -1.785631097533965317e+00 1.000000000000000000e+00
1.802305771153243752e+00 6.636922794647122092e-01 -1.784398177820539999e+00 1.000000000000000000e+00
1.816609785210015371e+00 6.684642055976820485e-01 -1.783134484881023996e+00 1.000000000000000000e+00
1.830913799266787212e+00 6.732246035860998123e-01 -1.781840040508708700e+00 1.000000000000000000e+00
1.845217813323559053e+00 6.779733913334886619e-01 -1.780514867027214843e+00 1.000000000000000000e+00
1.859521827380330672e+00 6.827104869435990375e-01 -1.779158987290109684e+00 1.000000000000000000e+00
1.873825841437102513e+00 6.874358087218201963e-01 -1.777772424680511332e+00 1.000000000000000000e+00
1.888129855493874354e+00 6.921492751765896401e-01 -1.776355203110686398e+00 1.000000000000000000e+00
1.902433869550646195e+00 6.968508050207988802e-01 -1.774907347021636994e+00 1.000000000000000000e+00
1.916737883607417814e+00 7.015403171731939835e-01 -1.773428881382679734e+00 1.000000000000000000e+00
1.931041897664189655e+00 7.062177307597754528e-01 -1.771919831691014524e+00 1.000000000000000000e+00
1.945345911720961496e+00 7.108829651151922224e-01 -1.770380223971285361e+00 1.000000000000000000e+00
1.959649925777733115e+00 7.155359397841322133e-01 -1.768810084775131353e+00 1.000000000000000000e+00
1.973953939834504956e+00 7.201765745227111104e-01 -1.767209441180729090e+00 1.000000000000000000e+00
1.988257953891276797e+00 7.248047892998553676e-01 -1.765578320792325018e+00 1.000000000000000000e+00
2.002561967948048416e+00 7.294205042986821041e-01 -1.763916751739759370e+00 1.000000000000000000e+00
2.016865982004820257e+00 7.340236399178765581e-01 -1.762224762677982559e+00 1.000000000000000000e+00
2.031169996061592098e+00 7.386141167730644330e-01 -1.760502382786558906e+00 1.000000000000000000e+00
2.045474010118363939e+00 7.431918556981805812e-01 -1.758749641769164596e+00 1.000000000000000000e+00
2.059778024175135780e+00 7.477567777468346888e-01 -1.756966569853075200e+00 1.000000000000000000e+00
2.074082038231907177e+00 7.523088041936728532e-01 -1.755153197788644981e+00 1.000000000000000000e+00
2.088386052288679018e+00 7.568478565357351640e-01 -1.753309556848774875e+00 1.000000000000000000e+00
2.102690066345450859e+00 7.613738564938085096e-01 -1.751435678828375142e+00 1.000000000000000000e+00
2.116994080402222700e+00 7.658867260137789401e-01 -1.749531596043816029e+00 1.000000000000000000e+00
2.131298094458994541e+00 7.703863872679753699e-01 -1.747597341332370435e+00 1.000000000000000000e+00
2.145602108515766382e+00 7.748727626565126148e-01 -1.745632948051647704e+00 1.000000000000000000e+00
2.159906122572538223e+00 7.793457748086307646e-01 -1.743638450079018742e+00 1.000000000000000000e+00
2.174210136629309620e+00 7.838053465840271183e-01 -1.741613881811031161e+00 1.000000000000000000e+00
2.188514150686081461e+00 7.882514010741891175e-01 -1.739559278162816414e+00 1.000000000000000000e+00
2.202818164742853302e+00 7.926838616037191754e-01 -1.737474674567487609e+00 1.000000000000000000e+00
2.217122178799625143e+00 7.971026517316567306e-01 -1.735360106975528671e+00 1.000000000000000000e+00
2.231426192856396984e+00 8.015076952527976362e-01 -1.733215611854173943e+00 1.000000000000000000e+00
2.245730206913168825e+00 8.058989161990077754e-01 -1.731041226186779580e+00 1.000000000000000000e+00
2.260034220969940666e+00 8.102762388405330141e-01 -1.728836987472185394e+00 1.000000000000000000e+00
2.274338235026712063e+00 8.146395876873059327e-01 -1.726602933724068922e+00 1.000000000000000000e+00
2.288642249083483904e+00 8.189888874902464533e-01 -1.724339103470288626e+00 1.000000000000000000e+00
2.302946263140255745e+00 8.233240632425611327e-01 -1.722045535752220635e+00 1.000000000000000000e+00
2.317250277197027586e+00 8.276450401810354629e-01 -1.719722270124085073e+00 1.000000000000000000e+00
2.331554291253799427e+00 8.319517437873237276e-01 -1.717369346652263484e+00 1.000000000000000000e+00
2.345858305310571268e+00 8.362440997892339745e-01 -1.714986805914608059e+00 1.000000000000000000e+00
2.360162319367343109e+00 8.405220341620095459e-01 -1.712574688999742412e+00 1.000000000000000000e+00
2.374466333424114506e+00 8.447854731296037256e-01 -1.710133037506352816e+00 1.000000000000000000e+00
2.388770347480886347e+00 8.490343431659554962e-01 -1.707661893542469222e+00 1.000000000000000000e+00
2.403074361537658188e+00 8.532685709962538612e-01 -1.705161299724741841e+00 1.000000000000000000e+00
2.417378375594430029e+00 8.574880835982036098e-01 -1.702631299177703950e+00 1.000000000000000000e+00
2.431682389651201870e+00 8.616928082032845326e-01 -1.700071935533029155e+00 1.000000000000000000e+00
2.445986403707973711e+00 8.658826722980056401e-01 -1.697483252928778663e+00 1.000000000000000000e+00
2.460290417764745108e+00 8.700576036251561618e-01 -1.694865296008640554e+00 1.000000000000000000e+00
2.474594431821516949e+00 8.742175301850519942e-01 -1.692218109921158398e+00 1.000000000000000000e+00
2.488898445878288790e+00 8.783623802367765965e-01 -1.689541740318955432e+00 1.000000000000000000e+00
2.503202459935060631e+00 8.824920822994185565e-01 -1.686836233357943637e+00 1.000000000000000000e+00
2.517506473991832472e+00 8.866065651533048264e-01 -1.684101635696531041e+00 1.000000000000000000e+00
2.531810488048604313e+00 8.907057578412281851e-01 -1.681337994494814803e+00 1.000000000000000000e+00
2.546114502105376154e+00 8.947895896696711482e-01 -1.678545357413769645e+00 1.000000000000000000e+00
2.560418516162147551e+00 8.988579902100257701e-01 -1.675723772614424734e+00 1.000000000000000000e+00
2.574722530218919392e+00 9.029108892998075619e-01 -1.672873288757032118e+00 1.000000000000000000e+00
2.589026544275691233e+00 9.069482170438650792e-01 -1.669993955000230512e+00 1.000000000000000000e+00
2.603330558332463074e+00 9.109699038155870676e-01 -1.667085821000195311e+00 1.000000000000000000e+00
2.617634572389234915e+00 9.149758802581008377e-01 -1.664148936909782606e+00 1.000000000000000000e+00
2.631938586446006756e+00 9.189660772854703064e-01 -1.661183353377664096e+00 1.000000000000000000e+00
2.646242600502778597e+00 9.229404260838863783e-01 -1.658189121547454681e+00 1.000000000000000000e+00
2.660546614559549994e+00 9.268988581128542181e-01 -1.655166293056828941e+00 1.000000000000000000e+00
2.674850628616321835e+00 9.308413051063755272e-01 -1.652114920036632295e+00 1.000000000000000000e+00
2.689154642673093676e+00 9.347676990741244918e-01 -1.649035055109979497e+00 1.000000000000000000e+00
2.703458656729865517e+00 9.386779723026218436e-01 -1.645926751391350695e+00 1.000000000000000000e+00
2.717762670786637358e+00 9.425720573564018157e-01 -1.642790062485671720e+00 1.000000000000000000e+00
2.732066684843409199e+00 9.464498870791753227e-01 -1.639625042487392159e+00 1.000000000000000000e+00
2.746370698900181040e+00 9.503113945949883679e-01 -1.636431745979551655e+00 1.000000000000000000e+00
2.760674712956952437e+00 9.541565133093746764e-01 -1.633210228032837774e+00 1.000000000000000000e+00
2.774978727013724278e+00 9.579851769105051096e-01 -1.629960544204637651e+00 1.000000000000000000e+00
2.789282741070496119e+00 9.617973193703299728e-01 -1.626682750538079203e+00 1.000000000000000000e+00
2.803586755127267960e+00 9.655928749457199922e-01 -1.623376903561064788e+00 1.000000000000000000e+00
2.817890769184039801e+00 9.693717781795967436e-01 -1.620043060285295322e+00 1.000000000000000000e+00
2.832194783240811642e+00 9.731339639020648580e-01 -1.616681278205289063e+00 1.000000000000000000e+00
2.846498797297583039e+00 9.768793672315330134e-01 -1.613291615297389070e+00 1.000000000000000000e+00
2.860802811354354880e+00 9.806079235758360380e-01 -1.609874130018761784e+00 1.000000000000000000e+00
2.875106825411126721e+00 9.843195686333459093e-01 -1.606428881306391832e+00 1.000000000000000000e+00
2.889410839467898562e+00 9.880142383940822004e-01 -1.602955928576063727e+00 1.000000000000000000e+00
2.903714853524670403e+00 9.916918691408154185e-01 -1.599455331721337581e+00 1.000000000000000000e+00
2.918018867581442244e+00 9.953523974501664595e-01 -1.595927151112516817e+00 1.000000000000000000e+00
2.932322881638214085e+00 9.989957601936996223e-01 -1.592371447595605005e+00 1.000000000000000000e+00
2.946626895694985482e+00 1.002621894539011516e+00 -1.588788282491259363e+00 1.000000000000000000e+00
2.960930909751757323e+00 1.006230737950816412e+00 -1.585177717593731384e+00 1.000000000000000000e+00
2.975234923808529164e+00 1.009822228192020832e+00 -1.581539815169801910e+00 1.000000000000000000e+00
2.989538937865301005e+00 1.013396303324800574e+00 -1.577874637957706438e+00 1.000000000000000000e+00
3.003842951922072846e+00 1.016952901711667412e+00 -1.574182249166054648e+00 1.000000000000000000e+00
3.018146965978844687e+00 1.020491962016531584e+00 -1.570462712472738165e+00 1.000000000000000000e+00
3.032450980035616528e+00 1.024013423205760720e+00 -1.566716092023835216e+00 1.000000000000000000e+00
3.046754994092387925e+00 1.027517224549231223e+00 -1.562942452432501517e+00 1.000000000000000000e+00
3.061059008149159766e+00 1.031003305621376320e+00 -1.559141858777857603e+00 1.000000000000000000e+00
3.075363022205931607e+00 1.034471606302229008e+00 -1.555314376603866844e+00 1.000000000000000000e+00
3.089667036262703448e+00 1.037922066778456331e+00 -1.551460071918203454e+00 1.000000000000000000e+00
3.103971050319475289e+00 1.041354627544393452e+00 -1.547579011191115406e+00 1.000000000000000000e+00
3.118275064376247130e+00 1.044769229403068600e+00 -1.543671261354278013e+00 1.000000000000000000e+00
3.132579078433018527e+00 1.048165813467224261e+00 -1.539736889799639075e+00 1.000000000000000000e+00
3.146883092489790368e+00 1.051544321160332807e+00 -1.535775964378257807e+00 1.000000000000000000e+00
3.161187106546562209e+00 1.054904694217606353e+00 -1.531788553399132446e+00 1.000000000000000000e+00
3.175491120603334050e+00 1.058246874687002181e+00 -1.527774725628025410e+00 1.000000000000000000e+00
3.189795134660105891e+00 1.061570804930221268e+00 -1.523734550286274025e+00 1.000000000000000000e+00
3.204099148716877732e+00 1.064876427623703270e+00 -1.519668097049599709e+00 1.000000000000000000e+00
3.218403162773649573e+00 1.068163685759614401e+00 -1.515575436046904034e+00 1.000000000000000000e+00
3.232707176830420970e+00 1.071432522646831087e+00 -1.511456637859060814e+00 1.000000000000000000e+00
3.247011190887192811e+00 1.074682881911917187e+00 -1.507311773517697961e+00 1.000000000000000000e+00
3.261315204943964652e+00 1.077914707500096325e+00 -1.503140914503973358e+00 1.000000000000000000e+00
3.275619219000736493e+00 1.081127943676219560e+00 -1.498944132747341396e+00 1.000000000000000000e+00
3.289923233057508334e+00 1.084322535025724177e+00 -1.494721500624312638e+00 1.000000000000000000e+00
3.304227247114280175e+00 1.087498426455592027e+00 -1.490473090957206592e+00 1.000000000000000000e+00
3.318531261171052016e+00 1.090655563195297884e+00 -1.486198977012893385e+00 1.000000000000000000e+00
3.332835275227823413e+00 1.093793890797754909e+00 -1.481899232501533215e+00 1.000000000000000000e+00
3.347139289284595254e+00 1.096913355140253010e+00 -1.477573931575303146e+00 1.000000000000000000e+00
3.361443303341367095e+00 1.100013902425393431e+00 -1.473223148827119688e+00 1.000000000000000000e+00
3.375747317398138936e+00 1.103095479182014449e+00 -1.468846959289350051e+00 1.000000000000000000e+00
3.390051331454910777e+00 1.106158032266115532e+00 -1.464445438432522062e+00 1.000000000000000000e+00
3.404355345511682618e+00 1.109201508861772156e+00 -1.460018662164018100e+00 1.000000000000000000e+00
3.418659359568454459e+00 1.112225856482048858e+00 -1.455566706826769474e+00 1.000000000000000000e+00
3.432963373625225856e+00 1.115231022969901398e+00 -1.451089649197938369e+00 1.000000000000000000e+00
3.447267387681997697e+00 1.118216956499079817e+00 -1.446587566487593790e+00 1.000000000000000000e+00
3.461571401738769538e+00 1.121183605575018616e+00 -1.442060536337380183e+00 1.000000000000000000e+00
3.475875415795541379e+00 1.124130919035727594e+00 -1.437508636819178953e+00 1.000000000000000000e+00
3.490179429852313220e+00 1.127058846052672481e+00 -1.432931946433761095e+00 1.000000000000000000e+00
3.504483443909085061e+00 1.129967336131652456e+00 -1.428330544109433831e+00 1.000000000000000000e+00
3.518787457965856458e+00 1.132856339113670563e+00 -1.423704509200680146e+00 1.000000000000000000e+00
3.533091472022628299e+00 1.135725805175799019e+00 -1.419053921486788550e+00 1.000000000000000000e+00
3.547395486079400140e+00 1.138575684832037638e+00 -1.414378861170479729e+00 1.000000000000000000e+00
3.561699500136171981e+00 1.141405928934168479e+00 -1.409679408876520323e+00 1.000000000000000000e+00
3.576003514192943822e+00 1.144216488672602505e+00 -1.404955645650335594e+00 1.000000000000000000e+00
3.590307528249715663e+00 1.147007315577221576e+00 -1.400207652956608984e+00 1.000000000000000000e+00
3.604611542306487504e+00 1.149778361518214664e+00 -1.395435512677879464e+00 1.000000000000000000e+00
3.618915556363258901e+00 1.152529578706907420e+00 -1.390639307113127998e+00 1.000000000000000000e+00
3.633219570420030742e+00 1.155260919696586841e+00 -1.385819118976358233e+00 1.000000000000000000e+00
3.647523584476802583e+00 1.157972337383318839e+00 -1.380975031395171859e+00 1.000000000000000000e+00
3.661827598533574424e+00 1.160663785006761373e+00 -1.376107127909331762e+00 1.000000000000000000e+00
3.676131612590346265e+00 1.163335216150970020e+00 -1.371215492469324726e+00 1.000000000000000000e+00
3.690435626647118106e+00 1.165986584745199117e+00 -1.366300209434911039e+00 1.000000000000000000e+00
3.704739640703889947e+00 1.168617845064696237e+00 -1.361361363573671657e+00 1.000000000000000000e+00
3.719043654760661344e+00 1.171228951731490664e+00 -1.356399040059544703e+00 1.000000000000000000e+00
3.733347668817433185e+00 1.173819859715174996e+00 -1.351413324471357091e+00 1.000000000000000000e+00
3.747651682874205026e+00 1.176390524333683851e+00 -1.346404302791349261e+00 1.000000000000000000e+00
3.761955696930976867e+00 1.178940901254061924e+00 -1.341372061403692584e+00 1.000000000000000000e+00
3.776259710987748708e+00 1.181470946493230922e+00 -1.336316687092997446e+00 1.000000000000000000e+00
3.790563725044520549e+00 1.183980616418746523e+00 -1.331238267042818890e+00 1.000000000000000000e+00
3.804867739101292390e+00 1.186469867749551099e+00 -1.326136888834152261e+00 1.000000000000000000e+00
3.819171753158063787e+00 1.188938657556720457e+00 -1.321012640443923303e+00 1.000000000000000000e+00
3.833475767214835628e+00 1.191386943264204579e+00 -1.315865610243468931e+00 1.000000000000000000e+00
3.847779781271607469e+00 1.193814682649560366e+00 -1.310695886997016224e+00 1.000000000000000000e+00
3.862083795328379310e+00 1.196221833844681282e+00 -1.305503559860149432e+00 1.000000000000000000e+00
3.876387809385151151e+00 1.198608355336518994e+00 -1.300288718378273423e+00 1.000000000000000000e+00
3.890691823441922992e+00 1.200974205967799469e+00 -1.295051452485068033e+00 1.000000000000000000e+00
3.904995837498694389e+00 1.203319344937731739e+00 -1.289791852500940639e+00 1.000000000000000000e+00
3.919299851555466230e+00 1.205643731802712670e+00 -1.284510009131462738e+00 1.000000000000000000e+00
3.933603865612238071e+00 1.207947326477024408e+00 -1.279206013465811420e+00 1.000000000000000000e+00
3.947907879669009912e+00 1.210230089233524486e+00 -1.273879956975195293e+00 1.000000000000000000e+00
3.962211893725781753e+00 1.212491980704332839e+00 -1.268531931511277300e+00 1.000000000000000000e+00
3.976515907782553594e+00 1.214732961881508810e+00 -1.263162029304591316e+00 1.000000000000000000e+00
3.990819921839325435e+00 1.216952994117725062e+00 -1.257770342962951871e+00 1.000000000000000000e+00
4.005123935896096832e+00 1.219152039126933929e+00 -1.252356965469855643e+00 1.000000000000000000e+00
4.019427949952868673e+00 1.221330058985027112e+00 -1.246921990182879636e+00 1.000000000000000000e+00
4.033731964009640514e+00 1.223487016130490934e+00 -1.241465510832069352e+00 1.000000000000000000e+00
4.048035978066412355e+00 1.225622873365052268e+00 -1.235987621518324087e+00 1.000000000000000000e+00
4.062339992123184196e+00 1.227737593854321796e+00 -1.230488416711772892e+00 1.000000000000000000e+00
4.076644006179956037e+00 1.229831141128428174e+00 -1.224967991250146326e+00 1.000000000000000000e+00
4.090948020236727878e+00 1.231903479082647745e+00 -1.219426440337139095e+00 1.000000000000000000e+00
4.105252034293499719e+00 1.233954571978026271e+00 -1.213863859540770918e+00 1.000000000000000000e+00
4.119556048350271560e+00 1.235984384441996209e+00 -1.208280344791736294e+00 1.000000000000000000e+00
4.133860062407043401e+00 1.237992881468985784e+00 -1.202675992381750714e+00 1.000000000000000000e+00
4.148164076463814354e+00 1.239980028421023617e+00 -1.197050898961889986e+00 1.000000000000000000e+00
4.162468090520586195e+00 1.241945791028336021e+00 -1.191405161540923574e+00 1.000000000000000000e+00
4.176772104577358036e+00 1.243890135389936979e+00 -1.185738877483641929e+00 1.000000000000000000e+00
4.191076118634129877e+00 1.245813027974213671e+00 -1.180052144509176282e+00 1.000000000000000000e+00
4.205380132690901718e+00 1.247714435619505124e+00 -1.174345060689314879e+00 1.000000000000000000e+00
4.219684146747673559e+00 1.249594325534672423e+00 -1.168617724446809891e+00 1.000000000000000000e+00
4.233988160804445400e+00 1.251452665299666478e+00 -1.162870234553682547e+00 1.000000000000000000e+00
4.248292174861217241e+00 1.253289422866085356e+00 -1.157102690129516720e+00 1.000000000000000000e+00
4.262596188917989082e+00 1.255104566557727841e+00 -1.151315190639751851e+00 1.000000000000000000e+00
4.276900202974760923e+00 1.256898065071139214e+00 -1.145507835893966098e+00 1.000000000000000000e+00
4.291204217031532764e+00 1.258669887476151938e+00 -1.139680726044157044e+00 1.000000000000000000e+00
4.305508231088304605e+00 1.260420003216417451e+00 -1.133833961583011973e+00 1.000000000000000000e+00
4.319812245145076446e+00 1.262148382109935518e+00 -1.127967643342176363e+00 1.000000000000000000e+00
4.334116259201848287e+00 1.263854994349572936e+00 -1.122081872490515053e+00 1.000000000000000000e+00
4.348420273258619240e+00 1.265539810503576890e+00 -1.116176750532367201e+00 1.000000000000000000e+00
4.362724287315391081e+00 1.267202801516085664e+00 -1.110252379305794568e+00 1.000000000000000000e+00
4.377028301372162922e+00 1.268843938707626462e+00 -1.104308860980827145e+00 1.000000000000000000e+00
4.391332315428934763e+00 1.270463193775611899e+00 -1.098346298057700121e+00 1.000000000000000000e+00
4.405636329485706604e+00 1.272060538794826501e+00 -1.092364793365087294e+00 1.000000000000000000e+00
4.419940343542478445e+00 1.273635946217910764e+00 -1.086364450058325604e+00 1.000000000000000000e+00
4.434244357599250286e+00 1.275189388875833885e+00 -1.080345371617638106e+00 1.000000000000000000e+00
4.448548371656022127e+00 1.276720839978363164e+00 -1.074307661846348516e+00 1.000000000000000000e+00
4.462852385712793968e+00 1.278230273114526083e+00 -1.068251424869091304e+00 1.000000000000000000e+00
4.477156399769565809e+00 1.279717662253065935e+00 -1.062176765130016021e+00 1.000000000000000000e+00
4.491460413826337650e+00 1.281182981742890581e+00 -1.056083787390985185e+00 1.000000000000000000e+00
4.505764427883109491e+00 1.282626206313514983e+00 -1.049972596729769059e+00 1.000000000000000000e+00
4.520068441939881332e+00 1.284047311075495745e+00 -1.043843298538233100e+00 1.000000000000000000e+00
4.534372455996652285e+00 1.285446271520862993e+00 -1.037695998520519858e+00 1.000000000000000000e+00
4.548676470053424126e+00 1.286823063523540478e+00 -1.031530802691224658e+00 1.000000000000000000e+00
4.562980484110195967e+00 1.288177663339762802e+00 -1.025347817373571946e+00 1.000000000000000000e+00
4.577284498166967808e+00 1.289510047608484866e+00 -1.019147149197576319e+00 1.000000000000000000e+00
4.591588512223739649e+00 1.290820193351784440e+00 -1.012928905098206878e+00 1.000000000000000000e+00
4.605892526280511490e+00 1.292108077975258951e+00 -1.006693192313541596e+00 1.000000000000000000e+00
4.620196540337283331e+00 1.293373679268414511e+00 -1.000440118382919463e+00 1.000000000000000000e+00
4.634500554394055172e+00 1.294616975405049386e+00 -9.941697911450836367e-01 1.000000000000000000e+00
4.648804568450827013e+00 1.295837944943629916e+00 -9.878823187363240388e-01 1.000000000000000000e+00
4.663108582507598854e+00 1.297036566827660886e+00 -9.815778095886099619e-01 1.000000000000000000e+00
4.677412596564370695e+00 1.298212820386049016e+00 -9.752563724277234503e-01 1.000000000000000000e+00
4.691716610621142536e+00 1.299366685333457561e+00 -9.689181162713805806e-01 1.000000000000000000e+00
4.706020624677914377e+00 1.300498141770658478e+00 -9.625631504273534089e-01 1.000000000000000000e+00
4.720324638734686218e+00 1.301607170184873929e+00 -9.561915844915854779e-01 1.000000000000000000e+00
4.734628652791457171e+00 1.302693751450114013e+00 -9.498035283462998857e-01 1.000000000000000000e+00
4.748932666848229012e+00 1.303757866827505385e+00 -9.433990921581052458e-01 1.000000000000000000e+00
4.763236680905000853e+00 1.304799497965615673e+00 -9.369783863760957621e-01 1.000000000000000000e+00
4.777540694961772694e+00 1.305818626900768775e+00 -9.305415217299466413e-01 1.000000000000000000e+00
4.791844709018544535e+00 1.306815236057355056e+00 -9.240886092280051756e-01 1.000000000000000000e+00
4.806148723075316376e+00 1.307789308248135773e+00 -9.176197601553737204e-01 1.000000000000000000e+00
4.820452737132088217e+00 1.308740826674536839e+00 -9.111350860719930056e-01 1.000000000000000000e+00
4.834756751188860058e+00 1.309669774926941255e+00 -9.046346988107181186e-01 1.000000000000000000e+00
4.849060765245631899e+00 1.310576136984969775e+00 -8.981187104753881600e-01 1.000000000000000000e+00
4.863364779302403740e+00 1.311459897217759130e+00 -8.915872334388944553e-01 1.000000000000000000e+00
4.877668793359175581e+00 1.312321040384230475e+00 -8.850403803412413284e-01 1.000000000000000000e+00
4.891972807415947422e+00 1.313159551633352073e+00 -8.784782640876056536e-01 1.000000000000000000e+00
4.906276821472719263e+00 1.313975416504396421e+00 -8.719009978463875266e-01 1.000000000000000000e+00
4.920580835529490216e+00 1.314768620927188492e+00 -8.653086950472597128e-01 1.000000000000000000e+00
4.934884849586262057e+00 1.315539151222349767e+00 -8.587014693792099918e-01 1.000000000000000000e+00
4.949188863643033898e+00 1.316286994101532271e+00 -8.520794347885839448e-01 1.000000000000000000e+00
4.963492877699805739e+00 1.317012136667649935e+00 -8.454427054771158634e-01 1.000000000000000000e+00
4.977796891756577580e+00 1.317714566415098654e+00 -8.387913958999617670e-01 1.000000000000000000e+00
4.992100905813349421e+00 1.318394271229973880e+00 -8.321256207637244273e-01 1.000000000000000000e+00
5.006404919870121262e+00 1.319051239390278907e+00 -8.254454950244762834e-01 1.000000000000000000e+00
5.020708933926893103e+00 1.319685459566126262e+00 -8.187511338857755838e-01 1.000000000000000000e+00
5.035012947983664944e+00 1.320296920819934883e+00 -8.120426527966803087e-01 1.000000000000000000e+00
5.049316962040436785e+00 1.320885612606616188e+00 -8.053201674497568741e-01 1.000000000000000000e+00
5.063620976097208626e+00 1.321451524773759045e+00 -7.985837937790860597e-01 1.000000000000000000e+00
5.077924990153980467e+00 1.321994647561802072e+00 -7.918336479582619436e-01 1.000000000000000000e+00
5.092229004210752308e+00 1.322514971604203060e+00 -7.850698463983892816e-01 1.000000000000000000e+00
5.106533018267524149e+00 1.323012487927601066e+00 -7.782925057460763352e-01 1.000000000000000000e+00
5.120837032324295102e+00 1.323487187951970290e+00 -7.715017428814227030e-01 1.000000000000000000e+00
5.135141046381066943e+00 1.323939063490768175e+00 -7.646976749160024900e-01 1.000000000000000000e+00
5.149445060437838784e+00 1.324368106751077523e+00 -7.578804191908469212e-01 1.000000000000000000e+00
5.163749074494610625e+00 1.324774310333739269e+00 -7.510500932744190727e-01 1.000000000000000000e+00
5.178053088551382466e+00 1.325157667233481495e+00 -7.442068149605879368e-01 1.000000000000000000e+00
5.192357102608154307e+00 1.325518170839039334e+00 -7.373507022665944932e-01 1.000000000000000000e+00
5.206661116664926148e+00 1.325855814933270205e+00 -7.304818734310181139e-01 1.000000000000000000e+00
5.220965130721697989e+00 1.326170593693258626e+00 -7.236004469117381932e-01 1.000000000000000000e+00
5.235269144778469830e+00 1.326462501690420348e+00 -7.167065413838890064e-01 1.000000000000000000e+00
5.249573158835241671e+00 1.326731533890592063e+00 -7.098002757378145677e-01 1.000000000000000000e+00
5.263877172892013512e+00 1.326977685654120220e+00 -7.028817690770178261e-01 1.000000000000000000e+00
5.278181186948785353e+00 1.327200952735941630e+00 -6.959511407161078633e-01 1.000000000000000000e+00
5.292485201005557194e+00 1.327401331285655184e+00 -6.890085101787402078e-01 1.000000000000000000e+00
5.306789215062328147e+00 1.327578817847589354e+00 -6.820539971955568159e-01 1.000000000000000000e+00
5.321093229119099988e+00 1.327733409360860817e+00 -6.750877217021200583e-01 1.000000000000000000e+00
5.335397243175871829e+00 1.327865103159427962e+00 -6.681098038368469272e-01 1.000000000000000000e+00
5.349701257232643670e+00 1.327973896972137080e+00 -6.611203639389342523e-01 1.000000000000000000e+00
5.364005271289415511e+00 1.328059788922760998e+00 -6.541195225462848040e-01 1.000000000000000000e+00
5.378309285346187352e+00 1.328122777530030829e+00 -6.471074003934281782e-01 1.000000000000000000e+00
5.392613299402959193e+00 1.328162861707663955e+00 -6.400841184094396841e-01 1.000000000000000000e+00
5.406917313459731034e+00 1.328180040764378900e+00 -6.330497977158527911e-01 1.000000000000000000e+00
5.421221327516502875e+00 1.328174314403911094e+00 -6.260045596245719102e-01 1.000000000000000000e+00
5.435525341573274716e+00 1.328145682725015098e+00 -6.189485256357794007e-01 1.000000000000000000e+00
5.449829355630046557e+00 1.328094146221465488e+00 -6.118818174358416906e-01 1.000000000000000000e+00
5.464133369686818398e+00 1.328019705782045978e+00 -6.048045568952086226e-01 1.000000000000000000e+00
5.478437383743590239e+00 1.327922362690535429e+00 -5.977168660663124689e-01 1.000000000000000000e+00
5.492741397800362080e+00 1.327802118625685202e+00 -5.906188671814647240e-01 1.000000000000000000e+00
5.507045411857133033e+00 1.327658975661190066e+00 -5.835106826507459044e-01 1.000000000000000000e+00
5.521349425913904874e+00 1.327492936265653567e+00 -5.763924350598942370e-01 1.000000000000000000e+00
5.535653439970676715e+00 1.327304003302543611e+00 -5.692642471681937932e-01 1.000000000000000000e+00
5.549957454027448556e+00 1.327092180030145174e+00 -5.621262419063567384e-01 1.000000000000000000e+00
5.564261468084220397e+00 1.326857470101501901e+00 -5.549785423744018065e-01 1.000000000000000000e+00
5.578565482140992238e+00 1.326599877564355712e+00 -5.478212718395327752e-01 1.000000000000000000e+00
5.592869496197764079e+00 1.326319406861073524e+00 -5.406545537340117225e-01 1.000000000000000000e+00
5.607173510254535920e+00 1.326016062828574649e+00 -5.334785116530321725e-01 1.000000000000000000e+00
5.621477524311307761e+00 1.325689850698243744e+00 -5.262932693525849137e-01 1.000000000000000000e+00
5.635781538368079602e+00 1.325340776095843331e+00 -5.190989507473258158e-01 1.000000000000000000e+00
5.650085552424851443e+00 1.324968845041415211e+00 -5.118956799084375398e-01 1.000000000000000000e+00
5.664389566481623284e+00 1.324574063949177205e+00 -5.046835810614914708e-01 1.000000000000000000e+00
5.678693580538395125e+00 1.324156439627411697e+00 -4.974627785843034888e-01 1.000000000000000000e+00
5.692997594595166078e+00 1.323715979278350385e+00 -4.902333970047904055e-01 1.000000000000000000e+00
5.707301608651937919e+00 1.323252690498047057e+00 -4.829955609988201837e-01 1.000000000000000000e+00
5.721605622708709760e+00 1.322766581276249687e+00 -4.757493953880658766e-01 1.000000000000000000e+00
5.735909636765481601e+00 1.322257659996260104e+00 -4.684950251378489638e-01 1.000000000000000000e+00
5.750213650822253442e+00 1.321725935434790555e+00 -4.612325753549862406e-01 1.000000000000000000e+00
5.764517664879025283e+00 1.321171416761812267e+00 -4.539621712856313773e-01 1.000000000000000000e+00
5.778821678935797124e+00 1.320594113540397574e+00 -4.466839383131166463e-01 1.000000000000000000e+00
5.793125692992568965e+00 1.319994035726554715e+00 -4.393980019557880978e-01 1.000000000000000000e+00
5.807429707049340806e+00 1.319371193669055309e+00 -4.321044878648424015e-01 1.000000000000000000e+00
5.821733721106112647e+00 1.318725598109258046e+00 -4.248035218221605236e-01 1.000000000000000000e+00
5.836037735162884488e+00 1.318057260180920620e+00 -4.174952297381367416e-01 1.000000000000000000e+00
5.850341749219656329e+00 1.317366191410009879e+00 -4.101797376495085468e-01 1.000000000000000000e+00
5.864645763276428170e+00 1.316652403714502650e+00 -4.028571717171822164e-01 1.000000000000000000e+00
5.878949777333199123e+00 1.315915909404179240e+00 -3.955276582240590533e-01 1.000000000000000000e+00
5.893253791389970964e+00 1.315156721180412713e+00 -3.881913235728538525e-01 1.000000000000000000e+00
5.907557805446742805e+00 1.314374852135947513e+00 -3.808482942839186425e-01 1.000000000000000000e+00
5.921861819503514646e+00 1.313570315754676310e+00 -3.734986969930583212e-01 1.000000000000000000e+00
5.936165833560286487e+00 1.312743125911405961e+00 -3.661426584493492342e-01 1.000000000000000000e+00
5.950469847617058328e+00 1.311893296871618819e+00 -3.587803055129502039e-01 1.000000000000000000e+00
5.964773861673830169e+00 1.311020843291225590e+00 -3.514117651529168884e-01 1.000000000000000000e+00
5.979077875730602010e+00 1.310125780216313762e+00 -3.440371644450110900e-01 1.000000000000000000e+00
5.993381889787373851e+00 1.309208123082888475e+00 -3.366566305695108952e-01 1.000000000000000000e+00
6.007685903844145692e+00 1.308267887716604294e+00 -3.292702908090146541e-01 1.000000000000000000e+00
6.021989917900917533e+00 1.307305090332494757e+00 -3.218782725462480676e-01 1.000000000000000000e+00
6.036293931957689374e+00 1.306319747534691045e+00 -3.144807032618661680e-01 1.000000000000000000e+00
6.050597946014461215e+00 1.305311876316136432e+00 -3.070777105322565759e-01 1.000000000000000000e+00
6.064901960071233056e+00 1.304281494058292079e+00 -2.996694220273367626e-01 1.000000000000000000e+00
6.079205974128004009e+00 1.303228618530839933e+00 -2.922559655083546426e-01 1.000000000000000000e+00
6.093509988184775850e+00 1.302153267891372312e+00 -2.848374688256825604e-01 1.000000000000000000e+00
6.107814002241547691e+00 1.301055460685083043e+00 -2.774140599166163845e-01 1.000000000000000000e+00
6.122118016298319532e+00 1.299935215844443936e+00 -2.699858668031655529e-01 1.000000000000000000e+00
6.136422030355091373e+00 1.298792552688880830e+00 -2.625530175898465601e-01 1.000000000000000000e+00
6.150726044411863214e+00 1.297627490924439186e+00 -2.551156404614735029e-01 1.000000000000000000e+00
6.165030058468635055e+00 1.296440050643444586e+00 -2.476738636809488470e-01 1.000000000000000000e+00
6.179334072525406896e+00 1.295230252324156117e+00 -2.402278155870488652e-01 1.000000000000000000e+00
6.193638086582178737e+00 1.293998116830413103e+00 -2.327776245922117959e-01 1.000000000000000000e+00
6.207942100638950578e+00 1.292743665411275611e+00 -2.253234191803243636e-01 1.000000000000000000e+00
6.222246114695722419e+00 1.291466919700658078e+00 -2.178653279045035807e-01 1.000000000000000000e+00
6.236550128752494260e+00 1.290167901716956278e+00 -2.104034793848813534e-01 1.000000000000000000e+00
6.250854142809266101e+00 1.288846633862665625e+00 -2.029380023063856175e-01 1.000000000000000000e+00
6.265158156866037054e+00 1.287503138923998813e+00 -1.954690254165228902e-01 1.000000000000000000e+00
6.279462170922808895e+00 1.286137440070488580e+00 -1.879966775231541598e-01 1.000000000000000000e+00
6.293766184979580736e+00 1.284749560854591577e+00 -1.805210874922773268e-01 1.000000000000000000e+00
6.308070199036352577e+00 1.283339525211279808e+00 -1.730423842458025385e-01 1.000000000000000000e+00
6.322374213093124418e+00 1.281907357457629182e+00 -1.655606967593306333e-01 1.000000000000000000e+00
6.336678227149896259e+00 1.280453082292398737e+00 -1.580761540599268100e-01 1.000000000000000000e+00
6.350982241206668100e+00 1.278976724795607645e+00 -1.505888852238966846e-01 1.000000000000000000e+00
6.365286255263439941e+00 1.277478310428098895e+00 -1.430990193745597661e-01 1.000000000000000000e+00
6.379590269320211782e+00 1.275957865031102756e+00 -1.356066856800240417e-01 1.000000000000000000e+00
6.393894283376983623e+00 1.274415414825790682e+00 -1.281120133509561776e-01 1.000000000000000000e+00
6.408198297433755464e+00 1.272850986412822349e+00 -1.206151316383545086e-01 1.000000000000000000e+00
6.422502311490527305e+00 1.271264606771887351e+00 -1.131161698313195157e-01 1.000000000000000000e+00
6.436806325547299146e+00 1.269656303261239794e+00 -1.056152572548254981e-01 1.000000000000000000e+00
6.451110339604070987e+00 1.268026103617228006e+00 -9.811252326748802488e-02 1.000000000000000000e+00
6.465414353660841940e+00 1.266374035953813149e+00 -9.060809725933501035e-02 1.000000000000000000e+00
6.479718367717613781e+00 1.264700128762086484e+00 -8.310210864957283394e-02 1.000000000000000000e+00
6.494022381774385622e+00 1.263004410909777775e+00 -7.559468688435851125e-02 1.000000000000000000e+00
6.508326395831157463e+00 1.261286911640758124e+00 -6.808596143456321914e-02 1.000000000000000000e+00
6.522630409887929304e+00 1.259547660574533046e+00 -6.057606179354150383e-02 1.000000000000000000e+00
6.536934423944701145e+00 1.257786687705734874e+00 -5.306511747489731090e-02 1.000000000000000000e+00
6.551238438001472986e+00 1.256004023403603398e+00 -4.555325801025199295e-02 1.000000000000000000e+00
6.565542452058244827e+00 1.254199698411462283e+00 -3.804061294700802898e-02 1.000000000000000000e+00
6.579846466115016668e+00 1.252373743846190379e+00 -3.052731184611613344e-02 1.000000000000000000e+00
6.594150480171788509e+00 1.250526191197683490e+00 -2.301348427984204956e-02 1.000000000000000000e+00
6.608454494228560350e+00 1.248657072328311468e+00 -1.549925982952959046e-02 1.000000000000000000e+00
6.622758508285332191e+00 1.246766419472369991e+00 -7.984768083367533090e-03 1.000000000000000000e+00
6.637062522342104032e+00 1.244854265235522339e+00 -4.701386341539449498e-04 1.000000000000000000e+00
6.651366536398874985e+00 1.242920642594240510e+00 7.044498922936700755e-03 1.000000000000000000e+00
6.665670550455646826e+00 1.240965584895233009e+00 1.455901499259252066e-02 1.000000000000000000e+00
6.679974564512418667e+00 1.238989125854871531e+00 2.207327998159515706e-02 1.000000000000000000e+00
6.694278578569190508e+00 1.236991299558609425e+00 2.958716430105712628e-02 1.000000000000000000e+00
6.708582592625962349e+00 1.234972140460394163e+00 3.710053836865466470e-02 1.000000000000000000e+00
6.722886606682734190e+00 1.232931683382072263e+00 4.461327261086484725e-02 1.000000000000000000e+00
6.737190620739506031e+00 1.230869963512788878e+00 5.212523746519863443e-02 1.000000000000000000e+00
6.751494634796277872e+00 1.228787016408381172e+00 5.963630338243600115e-02 1.000000000000000000e+00
6.765798648853049713e+00 1.226682877990766585e+00 6.714634082885855004e-02 1.000000000000000000e+00
6.780102662909821554e+00 1.224557584547319777e+00 7.465522028848578517e-02 1.000000000000000000e+00
6.794406676966593395e+00 1.222411172730250906e+00 8.216281226530715298e-02 1.000000000000000000e+00
6.808710691023365236e+00 1.220243679555970795e+00 8.966898728551603304e-02 1.000000000000000000e+00
6.823014705080137077e+00 1.218055142404453006e+00 9.717361589974106428e-02 1.000000000000000000e+00
6.837318719136908918e+00 1.215845599018590351e+00 1.046765686852809407e-01 1.000000000000000000e+00
6.851622733193679871e+00 1.213615087503542744e+00 1.121777162483344470e-01 1.000000000000000000e+00
6.865926747250451712e+00 1.211363646326080845e+00 1.196769292262342965e-01 1.000000000000000000e+00
6.880230761307223553e+00 1.209091314313921917e+00 1.271740782896741417e-01 1.000000000000000000e+00
6.894534775363995394e+00 1.206798130655061030e+00 1.346690341449433004e-01 1.000000000000000000e+00
6.908838789420767235e+00 1.204484134897094716e+00 1.421616675361529469e-01 1.000000000000000000e+00
6.923142803477539076e+00 1.202149366946539510e+00 1.496518492474679940e-01 1.000000000000000000e+00
6.937446817534310917e+00 1.199793867068142061e+00 1.571394501053339776e-01 1.000000000000000000e+00
6.951750831591082758e+00 1.197417675884187238e+00 1.646243409807050528e-01 1.000000000000000000e+00
6.966054845647854599e+00 1.195020834373796026e+00 1.721063927912709901e-01 1.000000000000000000e+00
6.980358859704626440e+00 1.192603383872218537e+00 1.795854765036832279e-01 1.000000000000000000e+00
6.994662873761398281e+00 1.190165366070122355e+00 1.870614631357810920e-01 1.000000000000000000e+00
7.008966887818170122e+00 1.187706823012872670e+00 1.945342237588127410e-01 1.000000000000000000e+00
7.023270901874941963e+00 1.185227797099807523e+00 2.020036294996636894e-01 1.000000000000000000e+00
7.037574915931712916e+00 1.182728331083506390e+00 2.094695515430751165e-01 1.000000000000000000e+00
7.051878929988484757e+00 1.180208468069052552e+00 2.169318611338702796e-01 1.000000000000000000e+00
7.066182944045256598e+00 1.177668251513290798e+00 2.243904295791670778e-01 1.000000000000000000e+00
7.080486958102028439e+00 1.175107725224077582e+00 2.318451282506051592e-01 1.000000000000000000e+00
7.094790972158800280e+00 1.172526933359524293e+00 2.392958285865605661e-01 1.000000000000000000e+00
7.109094986215572121e+00 1.169925920427237198e+00 2.467424020943633778e-01 1.000000000000000000e+00
7.123399000272343962e+00 1.167304731283549613e+00 2.541847203525138821e-01 1.000000000000000000e+00
7.137703014329115803e+00 1.164663411132747850e+00 2.616226550128971651e-01 1.000000000000000000e+00
7.152007028385887644e+00 1.162002005526291848e+00 2.690560778029965072e-01 1.000000000000000000e+00
7.166311042442659485e+00 1.159320560362029129e+00 2.764848605281066130e-01 1.000000000000000000e+00
7.180615056499431326e+00 1.156619121883405432e+00 2.839088750735408451e-01 1.000000000000000000e+00
7.194919070556203167e+00 1.153897736678663355e+00 2.913279934068457866e-01 1.000000000000000000e+00
7.209223084612975008e+00 1.151156451680042547e+00 2.987420875800058662e-01 1.000000000000000000e+00
7.223527098669746849e+00 1.148395314162968806e+00 3.061510297316507034e-01 1.000000000000000000e+00
7.237831112726517802e+00 1.145614371745238058e+00 3.135546920892602896e-01 1.000000000000000000e+00
7.252135126783289643e+00 1.142813672386196355e+00 3.209529469713683913e-01 1.000000000000000000e+00
7.266439140840061484e+00 1.139993264385912752e+00 3.283456667897646231e-01 1.000000000000000000e+00
7.280743154896833325e+00 1.137153196384345311e+00 3.357327240516946865e-01 1.000000000000000000e+00
7.295047168953605166e+00 1.134293517360503323e+00 3.431139913620592230e-01 1.000000000000000000e+00
7.309351183010377007e+00 1.131414276631601989e+00 3.504893414256106676e-01 1.000000000000000000e+00
7.323655197067148848e+00 1.128515523852211988e+00 3.578586470491494365e-01 1.000000000000000000e+00
7.337959211123920689e+00 1.125597309013404379e+00 3.652217811437141748e-01 1.000000000000000000e+00
7.352263225180692530e+00 1.122659682441886186e+00 3.725786167267784998e-01 1.000000000000000000e+00
7.366567239237464371e+00 1.119702694799133758e+00 3.799290269244375295e-01 1.000000000000000000e+00
7.380871253294236212e+00 1.116726397080520128e+00 3.872728849735967427e-01 1.000000000000000000e+00
7.395175267351008053e+00 1.113730840614432616e+00 3.946100642241580636e-01 1.000000000000000000e+00
7.409479281407779894e+00 1.110716077061391083e+00 4.019404381412042260e-01 1.000000000000000000e+00
7.423783295464550847e+00 1.107682158413154427e+00 4.092638803071806941e-01 1.000000000000000000e+00
7.438087309521322688e+00 1.104629136991825522e+00 4.165802644240759744e-01 1.000000000000000000e+00
7.452391323578094529e+00 1.101557065448947936e+00 4.238894643155997621e-01 1.000000000000000000e+00
7.466695337634866370e+00 1.098465996764597996e+00 4.311913539293588116e-01 1.000000000000000000e+00
7.480999351691638211e+00 1.095355984246472181e+00 4.384858073390307531e-01 1.000000000000000000e+00
7.495303365748410052e+00 1.092227081528965416e+00 4.457726987465369661e-01 1.000000000000000000e+00
7.509607379805181893e+00 1.089079342572249809e+00 4.530519024842083464e-01 1.000000000000000000e+00
7.523911393861953734e+00 1.085912821661340288e+00 4.603232930169576242e-01 1.000000000000000000e+00
7.538215407918725575e+00 1.082727573405160681e+00 4.675867449444410795e-01 1.000000000000000000e+00
7.552519421975497416e+00 1.079523652735600692e+00 4.748421330032219778e-01 1.000000000000000000e+00
7.566823436032269257e+00 1.076301114906569989e+00 4.820893320689306760e-01 1.000000000000000000e+00
7.581127450089041098e+00 1.073060015493044306e+00 4.893282171584225071e-01 1.000000000000000000e+00
7.595431464145812939e+00 1.069800410390106649e+00 4.965586634319344439e-01 1.000000000000000000e+00
7.609735478202584780e+00 1.066522355811984957e+00 5.037805461952341579e-01 1.000000000000000000e+00
7.624039492259355733e+00 1.063225908291080879e+00 5.109937409017748511e-01 1.000000000000000000e+00
7.638343506316127574e+00 1.059911124676994998e+00 5.181981231548431488e-01 1.000000000000000000e+00
7.652647520372899415e+00 1.056578062135548279e+00 5.253935687097004426e-01 1.000000000000000000e+00
7.666951534429671256e+00 1.053226778147793752e+00 5.325799534757292841e-01 1.000000000000000000e+00
7.681255548486443097e+00 1.049857330509027298e+00 5.397571535185698988e-01 1.000000000000000000e+00
7.695559562543214938e+00 1.046469777327789341e+00 5.469250450622616944e-01 1.000000000000000000e+00
7.709863576599986779e+00 1.043064177024863648e+00 5.540835044913753338e-01 1.000000000000000000e+00
7.724167590656758620e+00 1.039640588332269466e+00 5.612324083531450292e-01 1.000000000000000000e+00
7.738471604713530461e+00 1.036199070292248337e+00 5.683716333595972836e-01 1.000000000000000000e+00
7.752775618770302302e+00 1.032739682256246905e+00 5.755010563896777454e-01 1.000000000000000000e+00
7.767079632827074143e+00 1.029262483883892410e+00 5.826205544913749534e-01 1.000000000000000000e+00
7.781383646883845984e+00 1.025767535141964171e+00 5.897300048838373110e-01 1.000000000000000000e+00
7.795687660940617825e+00 1.022254896303359306e+00 5.968292849594959426e-01 1.000000000000000000e+00
7.809991674997388778e+00 1.018724627946053785e+00 6.039182722861743402e-01 1.000000000000000000e+00
7.824295689054160619e+00 1.015176790952055486e+00 6.109968446092053362e-01 1.000000000000000000e+00
7.838599703110932460e+00 1.011611446506358813e+00 6.180648798535309796e-01 1.000000000000000000e+00
7.852903717167704301e+00 1.008028656095884656e+00 6.251222561258162891e-01 1.000000000000000000e+00
7.867207731224476142e+00 1.004428481508422788e+00 6.321688517165467980e-01 1.000000000000000000e+00
7.881511745281247983e+00 1.000810984831565387e+00 6.392045451021288738e-01 1.000000000000000000e+00
7.895815759338019824e+00 9.971762284516367814e-01 6.462292149469848201e-01 1.000000000000000000e+00
7.910119773394791665e+00 9.935242750526168676e-01 6.532427401056463134e-01 1.000000000000000000e+00
7.924423787451563506e+00 9.898551876150608608e-01 6.602449996248429542e-01 1.000000000000000000e+00
7.938727801508335347e+00 9.861690294150121661e-01 6.672358727455888205e-01 1.000000000000000000e+00
7.953031815565107188e+00 9.824658640229128048e-01 6.742152389052626926e-01 1.000000000000000000e+00
7.967335829621879029e+00 9.787457553025049606e-01 6.811829777396912755e-01 1.000000000000000000e+00
7.981639843678650870e+00 9.750087674097309698e-01 6.881389690852222074e-01 1.000000000000000000e+00
7.995943857735422711e+00 9.712549647916269846e-01 6.950830929807969571e-01 1.000000000000000000e+00
8.010247871792193664e+00 9.674844121852104184e-01 7.020152296700193917e-01 1.000000000000000000e+00
8.024551885848966393e+00 9.636971746163647268e-01 7.089352596032217901e-01 1.000000000000000000e+00
8.038855899905737346e+00 9.598933173987180822e-01 7.158430634395256398e-01 1.000000000000000000e+00
8.053159913962510075e+00 9.560729061325144995e-01 7.227385220489014328e-01 1.000000000000000000e+00
8.067463928019281028e+00 9.522360067034875142e-01 7.296215165142189152e-01 1.000000000000000000e+00
8.081767942076053757e+00 9.483826852817170971e-01 7.364919281333056622e-01 1.000000000000000000e+00
8.096071956132824710e+00 9.445130083204955618e-01 7.433496384209848928e-01 1.000000000000000000e+00
8.110375970189595662e+00 9.406270425551771508e-01 7.501945291111252745e-01 1.000000000000000000e+00
8.124679984246368392e+00 9.367248550020260689e-01 7.570264821586807358e-01 1.000000000000000000e+00
8.138983998303139344e+00 9.328065129570670688e-01 7.638453797417192881e-01 1.000000000000000000e+00
8.153288012359912074e+00 9.288720839949162755e-01 7.706511042634655029e-01 1.000000000000000000e+00
8.167592026416683026e+00 9.249216359676241117e-01 7.774435383543177869e-01 1.000000000000000000e+00
8.181896040473455756e+00 9.209552370034984614e-01 7.842225648738803123e-01 1.000000000000000000e+00
8.196200054530226708e+00 9.169729555059339399e-01 7.909880669129796260e-01 1.000000000000000000e+00
8.210504068586999438e+00 9.129748601522298390e-01 7.977399277956828128e-01 1.000000000000000000e+00
8.224808082643770391e+00 9.089610198924091833e-01 8.044780310813052226e-01 1.000000000000000000e+00
8.239112096700543120e+00 9.049315039480232414e-01 8.112022605664270802e-01 1.000000000000000000e+00
8.253416110757314073e+00 9.008863818109656973e-01 8.179125002868863348e-01 1.000000000000000000e+00
8.267720124814086802e+00 8.968257232422666148e-01 8.246086345197900513e-01 1.000000000000000000e+00
8.282024138870857755e+00 8.927495982708960609e-01 8.312905477855000447e-01 1.000000000000000000e+00
8.296328152927628707e+00 8.886580771925519651e-01 8.379581248496305035e-01 1.000000000000000000e+00
8.310632166984401437e+00 8.845512305684479770e-01 8.446112507250362889e-01 1.000000000000000000e+00
8.324936181041172389e+00 8.804291292241001043e-01 8.512498106737886872e-01 1.000000000000000000e+00
8.339240195097945119e+00 8.762918442481015813e-01 8.578736902091618211e-01 1.000000000000000000e+00
8.353544209154716071e+00 8.721394469908982927e-01 8.644827750976036285e-01 1.000000000000000000e+00
8.367848223211488801e+00 8.679720090635580920e-01 8.710769513607066195e-01 1.000000000000000000e+00
8.382152237268259753e+00 8.637896023365375653e-01 8.776561052771707505e-01 1.000000000000000000e+00
8.396456251325032483e+00 8.595922989384379154e-01 8.842201233847720721e-01 1.000000000000000000e+00
8.410760265381803436e+00 8.553801712547679514e-01 8.907688924823083942e-01 1.000000000000000000e+00
8.425064279438576165e+00 8.511532919266883157e-01 8.973022996315637156e-01 1.000000000000000000e+00
8.439368293495347118e+00 8.469117338497645919e-01 9.038202321592450073e-01 1.000000000000000000e+00
8.453672307552119847e+00 8.426555701727074243e-01 9.103225776589327634e-01 1.000000000000000000e+00
8.467976321608890800e+00 8.383848742961109712e-01 9.168092239930160092e-01 1.000000000000000000e+00
8.482280335665661752e+00 8.340997198711884719e-01 9.232800592946269758e-01 1.000000000000000000e+00
8.496584349722434482e+00 8.298001807984995981e-01 9.297349719695728876e-01 1.000000000000000000e+00
8.510888363779205434e+00 8.254863312266796926e-01 9.361738506982542063e-01 1.000000000000000000e+00
8.525192377835978164e+00 8.211582455511575729e-01 9.425965844375908675e-01 1.000000000000000000e+00
8.539496391892749116e+00 8.168159984128742224e-01 9.490030624229339740e-01 1.000000000000000000e+00
8.553800405949521846e+00 8.124596646969947100e-01 9.553931741699777103e-01 1.000000000000000000e+00
8.568104420006292798e+00 8.080893195316189992e-01 9.617668094766604892e-01 1.000000000000000000e+00
8.582408434063065528e+00 8.037050382864813214e-01 9.681238584250745349e-01 1.000000000000000000e+00
8.596712448119836480e+00 7.993068965716573215e-01 9.744642113833499319e-01 1.000000000000000000e+00
8.611016462176609210e+00 7.948949702362536618e-01 9.807877590075541052e-01 1.000000000000000000e+00
8.625320476233380163e+00 7.904693353671037315e-01 9.870943922435743145e-01 1.000000000000000000e+00
8.639624490290152892e+00 7.860300682874541423e-01 9.933840023289983723e-01 1.000000000000000000e+00
8.653928504346923845e+00 7.815772455556498910e-01 9.996564807949889220e-01 1.000000000000000000e+00
8.668232518403696574e+00 7.771109439638100858e-01 1.005911719468159271e+00 1.000000000000000000e+00
8.682536532460467527e+00 7.726312405365103331e-01 1.012149610472430794e+00 1.000000000000000000e+00
8.696840546517238479e+00 7.681382125294468066e-01 1.018370046230901993e+00 1.000000000000000000e+00
8.711144560574011209e+00 7.636319374281094197e-01 1.024572919467697796e+00 1.000000000000000000e+00
8.725448574630782161e+00 7.591124929464450055e-01 1.030758123209819743e+00 1.000000000000000000e+00
8.739752588687554891e+00 7.545799570255121713e-01 1.036925550788996508e+00 1.000000000000000000e+00
8.754056602744325843e+00 7.500344078321450336e-01 1.043075095843514433e+00 1.000000000000000000e+00
8.768360616801098573e+00 7.454759237575970809e-01 1.049206652320062494e+00 1.000000000000000000e+00
8.782664630857869525e+00 7.409045834161961386e-01 1.055320114475550186e+00 1.000000000000000000e+00
8.796968644914642255e+00 7.363204656439836793e-01 1.061415376878939609e+00 1.000000000000000000e+00
8.811272658971413207e+00 7.317236494973580196e-01 1.067492334413060462e+00 1.000000000000000000e+00
8.825576673028185937e+00 7.271142142517091900e-01 1.073550882276422591e+00 1.000000000000000000e+00
8.839880687084956890e+00 7.224922394000545811e-01 1.079590915985022104e+00 1.000000000000000000e+00
8.854184701141729619e+00 7.178578046516632671e-01 1.085612331374149253e+00 1.000000000000000000e+00
8.868488715198500572e+00 7.132109899306863232e-01 1.091615024600175898e+00 1.000000000000000000e+00
8.882792729255271524e+00 7.085518753747763743e-01 1.097598892142353399e+00 1.000000000000000000e+00
8.897096743312044254e+00 7.038805413337025918e-01 1.103563830804596968e+00 1.000000000000000000e+00
8.911400757368815206e+00 6.991970683679727960e-01 1.109509737717259359e+00 1.000000000000000000e+00
8.925704771425587936e+00 6.945015372474343529e-01 1.115436510338914999e+00 1.000000000000000000e+00
8.940008785482358888e+00 6.897940289498896149e-01 1.121344046458118582e+00 1.000000000000000000e+00
8.954312799539131618e+00 6.850746246596943756e-01 1.127232244195174093e+00 1.000000000000000000e+00
8.968616813595902570e+00 6.803434057663599877e-01 1.133101002003889413e+00 1.000000000000000000e+00
8.982920827652675300e+00 6.756004538631480427e-01 1.138950218673328685e+00 1.000000000000000000e+00
8.997224841709446252e+00 6.708458507456666053e-01 1.144779793329553819e+00 1.000000000000000000e+00
9.011528855766218982e+00 6.660796784104537904e-01 1.150589625437373087e+00 1.000000000000000000e+00
9.025832869822989935e+00 6.613020190535712217e-01 1.156379614802062417e+00 1.000000000000000000e+00
9.040136883879762664e+00 6.565129550691779503e-01 1.162149661571106440e+00 1.000000000000000000e+00
9.054440897936533617e+00 6.517125690481185840e-01 1.167899666235909351e+00 1.000000000000000000e+00
9.068744911993304569e+00 6.469009437764917658e-01 1.173629529633517521e+00 1.000000000000000000e+00
9.083048926050077299e+00 6.420781622342239814e-01 1.179339152948329916e+00 1.000000000000000000e+00
9.097352940106848251e+00 6.372443075936427004e-01 1.185028437713796512e+00 1.000000000000000000e+00
9.111656954163620981e+00 6.323994632180370834e-01 1.190697285814122264e+00 1.000000000000000000e+00
9.125960968220391933e+00 6.275437126602221305e-01 1.196345599485957534e+00 1.000000000000000000e+00
9.140264982277164663e+00 6.226771396610976117e-01 1.201973281320082965e+00 1.000000000000000000e+00
9.154568996333935615e+00 6.177998281482059983e-01 1.207580234263087915e+00 1.000000000000000000e+00
9.168873010390708345e+00 6.129118622342797362e-01 1.213166361619051337e+00 1.000000000000000000e+00
9.183177024447479297e+00 6.080133262157978447e-01 1.218731567051198894e+00 1.000000000000000000e+00
9.197481038504252027e+00 6.031043045715247519e-01 1.224275754583574516e+00 1.000000000000000000e+00
9.211785052561022979e+00 5.981848819610597889e-01 1.229798828602687299e+00 1.000000000000000000e+00
9.226089066617795709e+00 5.932551432233732491e-01 1.235300693859165522e+00 1.000000000000000000e+00
9.240393080674566662e+00 5.883151733753444468e-01 1.240781255469397770e+00 1.000000000000000000e+00
9.254697094731337614e+00 5.833650576102962226e-01 1.246240418917168968e+00 1.000000000000000000e+00
9.269001108788110344e+00 5.784048812965227881e-01 1.251678090055292625e+00 1.000000000000000000e+00
9.283305122844881296e+00 5.734347299758230099e-01 1.257094175107228873e+00 1.000000000000000000e+00
9.297609136901654026e+00 5.684546893620198160e-01 1.262488580668707838e+00 1.000000000000000000e+00
9.311913150958424978e+00 5.634648453394844880e-01 1.267861213709337909e+00 1.000000000000000000e+00
9.326217165015197708e+00 5.584652839616547348e-01 1.273211981574210228e+00 1.000000000000000000e+00
9.340521179071968660e+00 5.534560914495531003e-01 1.278540791985494307e+00 1.000000000000000000e+00
9.354825193128741390e+00 5.484373541902940463e-01 1.283847553044035861e+00 1.000000000000000000e+00
9.369129207185512342e+00 5.434091587356020270e-01 1.289132173230933764e+00 1.000000000000000000e+00
9.383433221242285072e+00 5.383715918003127987e-01 1.294394561409123900e+00 1.000000000000000000e+00
9.397737235299056024e+00 5.333247402608800591e-01 1.299634626824948347e+00 1.000000000000000000e+00
9.412041249355828754e+00 5.282686911538770902e-01 1.304852279109722790e+00 1.000000000000000000e+00
9.426345263412599706e+00 5.232035316744978459e-01 1.310047428281290394e+00 1.000000000000000000e+00
9.440649277469372436e+00 5.181293491750473823e-01 1.315219984745580328e+00 1.000000000000000000e+00
9.454953291526143389e+00 5.130462311634435002e-01 1.320369859298145432e+00 1.000000000000000000e+00
9.469257305582914341e+00 5.079542653016996256e-01 1.325496963125707861e+00 1.000000000000000000e+00
9.483561319639687071e+00 5.028535394044182372e-01 1.330601207807685649e+00 1.000000000000000000e+00
9.497865333696458023e+00 4.977441414372765771e-01 1.335682505317717705e+00 1.000000000000000000e+00
9.512169347753230753e+00 4.926261595155042028e-01 1.340740768025187268e+00 1.000000000000000000e+00
9.526473361810001705e+00 4.874996819023711958e-01 1.345775908696724255e+00 1.000000000000000000e+00
9.540777375866774435e+00 4.823647970076581082e-01 1.350787840497719605e+00 1.000000000000000000e+00
9.555081389923545387e+00 4.772215933861384540e-01 1.355776476993814095e+00 1.000000000000000000e+00
9.569385403980318117e+00 4.720701597360459911e-01 1.360741732152394912e+00 1.000000000000000000e+00
9.583689418037089069e+00 4.669105848975479978e-01 1.365683520344076030e+00 1.000000000000000000e+00
9.597993432093861799e+00 4.617429578512116661e-01 1.370601756344177247e+00 1.000000000000000000e+00
9.612297446150632751e+00 4.565673677164726052e-01 1.375496355334190790e+00 1.000000000000000000e+00
9.626601460207405481e+00 4.513839037500916862e-01 1.380367232903249031e+00 1.000000000000000000e+00
9.640905474264176434e+00 4.461926553446233790e-01 1.385214305049574213e+00 1.000000000000000000e+00
9.655209488320947386e+00 4.409937120268689892e-01 1.390037488181931735e+00 1.000000000000000000e+00
9.669513502377720116e+00 4.357871634563322272e-01 1.394836699121071222e+00 1.000000000000000000e+00
9.683817516434491068e+00 4.305730994236787734e-01 1.399611855101157154e+00 1.000000000000000000e+00
9.698121530491263798e+00 4.253516098491794684e-01 1.404362873771201725e+00 1.000000000000000000e+00
9.712425544548034750e+00 4.201227847811678795e-01 1.409089673196480819e+00 1.000000000000000000e+00
9.726729558604807480e+00 4.148867143944809932e-01 1.413792171859948654e+00 1.000000000000000000e+00
9.741033572661578432e+00 4.096434889889071229e-01 1.418470288663644441e+00 1.000000000000000000e+00
9.755337586718351162e+00 4.043931989876277111e-01 1.423123942930089036e+00 1.000000000000000000e+00
9.769641600775122114e+00 3.991359349356601860e-01 1.427753054403677169e+00 1.000000000000000000e+00
9.783945614831894844e+00 3.938717874982905487e-01 1.432357543252063659e+00 1.000000000000000000e+00
9.798249628888665796e+00 3.886008474595183948e-01 1.436937330067534768e+00 1.000000000000000000e+00
9.812553642945438526e+00 3.833232057204819521e-01 1.441492335868384655e+00 1.000000000000000000e+00
9.826857657002209478e+00 3.780389532978991052e-01 1.446022482100270734e+00 1.000000000000000000e+00
9.841161671058980431e+00 3.727481813224919338e-01 1.450527690637573031e+00 1.000000000000000000e+00
9.855465685115753161e+00 3.674509810374152474e-01 1.455007883784740885e+00 1.000000000000000000e+00
9.869769699172524113e+00 3.621474437966881732e-01 1.459462984277630104e+00 1.000000000000000000e+00
9.884073713229296843e+00 3.568376610636126434e-01 1.463892915284837892e+00 1.000000000000000000e+00
9.898377727286067795e+00 3.515217244091993209e-01 1.468297600409028236e+00 1.000000000000000000e+00
9.912681741342840525e+00 3.461997255105871973e-01 1.472676963688247742e+00 1.000000000000000000e+00
9.926985755399611477e+00 3.408717561494650217e-01 1.477030929597235032e+00 1.000000000000000000e+00
9.941289769456384207e+00 3.355379082104826827e-01 1.481359423048728141e+00 1.000000000000000000e+00
9.955593783513155159e+00 3.301982736796747475e-01 1.485662369394751492e+00 1.000000000000000000e+00
9.969897797569927889e+00 3.248529446428653489e-01 1.489939694427911965e+00 1.000000000000000000e+00
9.984201811626698841e+00 3.195020132840882821e-01 1.494191324382670993e+00 1.000000000000000000e+00
9.998505825683471571e+00 3.141455718839911149e-01 1.498417185936621543e+00 1.000000000000000000e+00
1.001280983974024252e+01 3.087837128182467916e-01 1.502617206211750878e+00 1.000000000000000000e+00
1.002711385379701348e+01 3.034165285559601299e-01 1.506791312775697556e+00 1.000000000000000000e+00
1.004141786785378621e+01 2.980441116580706540e-01 1.510939433643001983e+00 1.000000000000000000e+00
1.005572188191055716e+01 2.926665547757618113e-01 1.515061497276344094e+00 1.000000000000000000e+00
1.007002589596732989e+01 2.872839506488574224e-01 1.519157432587781464e+00 1.000000000000000000e+00
1.008432991002410084e+01 2.818963921042252907e-01 1.523227168939972120e+00 1.000000000000000000e+00
1.009863392408087357e+01 2.765039720541751511e-01 1.527270636147395111e+00 1.000000000000000000e+00
1.011293793813764452e+01 2.711067834948592270e-01 1.531287764477557767e+00 1.000000000000000000e+00
1.012724195219441725e+01 2.657049195046618517e-01 1.535278484652203401e+00 1.000000000000000000e+00
1.014154596625118820e+01 2.602984732426028569e-01 1.539242727848499470e+00 1.000000000000000000e+00
1.015584998030796093e+01 2.548875379467240854e-01 1.543180425700229952e+00 1.000000000000000000e+00
1.017015399436473189e+01 2.494722069324846747e-01 1.547091510298971961e+00 1.000000000000000000e+00
1.018445800842150462e+01 2.440525735911505678e-01 1.550975914195267480e+00 1.000000000000000000e+00
1.019876202247827557e+01 2.386287313881865491e-01 1.554833570399784870e+00 1.000000000000000000e+00
1.021306603653504830e+01 2.332007738616383441e-01 1.558664412384477949e+00 1.000000000000000000e+00
1.022737005059181925e+01 2.277687946205279867e-01 1.562468374083728850e+00 1.000000000000000000e+00
1.024167406464859020e+01 2.223328873432307007e-01 1.566245389895490892e+00 1.000000000000000000e+00
1.025597807870536293e+01 2.168931457758654369e-01 1.569995394682418333e+00 1.000000000000000000e+00
1.027028209276213389e+01 2.114496637306777505e-01 1.573718323772988592e+00 1.000000000000000000e+00
1.028458610681890661e+01 2.060025350844166547e-01 1.577414112962621795e+00 1.000000000000000000e+00
1.029889012087567757e+01 2.005518537767236598e-01 1.581082698514781004e+00 1.000000000000000000e+00
1.031319413493245030e+01 1.950977138085041862e-01 1.584724017162079779e+00 1.000000000000000000e+00
1.032749814898922125e+01 1.896402092403146056e-01 1.588338006107365752e+00 1.000000000000000000e+00
1.034180216304599398e+01 1.841794341907339594e-01 1.591924603024808649e+00 1.000000000000000000e+00
1.035610617710276493e+01 1.787154828347436997e-01 1.595483746060972763e+00 1.000000000000000000e+00
1.037041019115953766e+01 1.732484494021022392e-01 1.599015373835884546e+00 1.000000000000000000e+00
1.038471420521630861e+01 1.677784281757231377e-01 1.602519425444089540e+00 1.000000000000000000e+00
1.039901821927308134e+01 1.623055134900423802e-01 1.605995840455706869e+00 1.000000000000000000e+00
1.041332223332985230e+01 1.568297997293998658e-01 1.609444558917465518e+00 1.000000000000000000e+00
1.042762624738662325e+01 1.513513813264057983e-01 1.612865521353743059e+00 1.000000000000000000e+00
1.044193026144339598e+01 1.458703527603120997e-01 1.616258668767590168e+00 1.000000000000000000e+00
1.045623427550016693e+01 1.403868085553890144e-01 1.619623942641745140e+00 1.000000000000000000e+00
1.047053828955693966e+01 1.349008432792859480e-01 1.622961284939647975e+00 1.000000000000000000e+00
1.048484230361371061e+01 1.294125515414095706e-01 1.626270638106437350e+00 1.000000000000000000e+00
1.049914631767048334e+01 1.239220279912857936e-01 1.629551945069944718e+00 1.000000000000000000e+00
1.051345033172725429e+01 1.184293673169302397e-01 1.632805149241678633e+00 1.000000000000000000e+00
1.052775434578402702e+01 1.129346642432141751e-01 1.636030194517801073e+00 1.000000000000000000e+00
1.054205835984079798e+01 1.074380135302338973e-01 1.639227025280092453e+00 1.000000000000000000e+00
1.055636237389757071e+01 1.019395099716700198e-01 1.642395586396915519e+00 1.000000000000000000e+00
1.057066638795434166e+01 9.643924839316146691e-02 1.645535823224160366e+00 1.000000000000000000e+00
1.058497040201111439e+01 9.093732365066081735e-02 1.648647681606192350e+00 1.000000000000000000e+00
1.059927441606788534e+01 8.543383062880723078e-02 1.651731107876781346e+00 1.000000000000000000e+00
1.061357843012465629e+01 7.992886423928415029e-02 1.654786048860030334e+00 1.000000000000000000e+00
1.062788244418142902e+01 7.442251941918259783e-02 1.657812451871292891e+00 1.000000000000000000e+00
1.064218645823819998e+01 6.891489112936911854e-02 1.660810264718077356e+00 1.000000000000000000e+00
1.065649047229497270e+01 6.340607435284223437e-02 1.663779435700952325e+00 1.000000000000000000e+00
1.067079448635174366e+01 5.789616409309741862e-02 1.666719913614434834e+00 1.000000000000000000e+00
1.068509850040851639e+01 5.238525537248740760e-02 1.669631647747875425e+00 1.000000000000000000e+00
1.069940251446528734e+01 4.687344323058650203e-02 1.672514587886330117e+00 1.000000000000000000e+00
1.071370652852206007e+01 4.136082272254500147e-02 1.675368684311429934e+00 1.000000000000000000e+00
1.072801054257883102e+01 3.584748891745878630e-02 1.678193887802234441e+00 1.000000000000000000e+00
1.074231455663560375e+01 3.033353689672034503e-02 1.680990149636084841e+00 1.000000000000000000e+00
1.075661857069237470e+01 2.481906175238786372e-02 1.683757421589439751e+00 1.000000000000000000e+00
1.077092258474914743e+01 1.930415858553878594e-02 1.686495655938710536e+00 1.000000000000000000e+00
1.078522659880591839e+01 1.378892250463273350e-02 1.689204805461082204e+00 1.000000000000000000e+00
1.079953061286268934e+01 8.273448623870654009e-03 1.691884823435328755e+00 1.000000000000000000e+00
1.081383462691946207e+01 2.757832061554527092e-03 1.694535663642618095e+00 1.000000000000000000e+00
1.082813864097623302e+01 -2.757832061553021786e-03 1.697157280367310506e+00 1.000000000000000000e+00
1.084244265503300575e+01 -8.273448623869148269e-03 1.699749628397745571e+00 1.000000000000000000e+00
1.085674666908977670e+01 -1.378892250463122950e-02 1.702312663027022666e+00 1.000000000000000000e+00
1.087105068314654943e+01 -1.930415858553787001e-02 1.704846340053772114e+00 1.000000000000000000e+00
1.088535469720332038e+01 -2.481906175238635451e-02 1.707350615782915915e+00 1.000000000000000000e+00
1.089965871126009311e+01 -3.033353689671943951e-02 1.709825447026424250e+00 1.000000000000000000e+00
1.091396272531686407e+01 -3.584748891745728749e-02 1.712270791104057110e+00 1.000000000000000000e+00
1.092826673937363680e+01 -4.136082272254407860e-02 1.714686605844103040e+00 1.000000000000000000e+00
1.094257075343040775e+01 -4.687344323058499629e-02 1.717072849584104111e+00 1.000000000000000000e+00
1.095687476748718048e+01 -5.238525537248708841e-02 1.719429481171576457e+00 1.000000000000000000e+00
1.097117878154395143e+01 -5.789616409309589901e-02 1.721756459964717489e+00 1.000000000000000000e+00
1.098548279560072416e+01 -6.340607435284131843e-02 1.724053745833110662e+00 1.000000000000000000e+00
1.099978680965749511e+01 -6.891489112936761974e-02 1.726321299158412481e+00 1.000000000000000000e+00
1.101409082371426607e+01 -7.442251941918108515e-02 1.728559080835041284e+00 1.000000000000000000e+00
1.102839483777103879e+01 -7.992886423928265149e-02 1.730767052270846929e+00 1.000000000000000000e+00
1.104269885182780975e+01 -8.543383062880571810e-02 1.732945175387778036e+00 1.000000000000000000e+00
1.105700286588458248e+01 -9.093732365065990142e-02 1.735093412622541020e+00 1.000000000000000000e+00
1.107130687994135343e+01 -9.643924839315995423e-02 1.737211726927243127e+00 1.000000000000000000e+00
1.108561089399812616e+01 -1.019395099716690900e-01 1.739300081770035478e+00 1.000000000000000000e+00
1.109991490805489711e+01 -1.074380135302323985e-01 1.741358441135741675e+00 1.000000000000000000e+00
1.111421892211166984e+01 -1.129346642432138559e-01 1.743386769526478641e+00 1.000000000000000000e+00
1.112852293616844079e+01 -1.184293673169287270e-01 1.745385031962268130e+00 1.000000000000000000e+00
1.114282695022521352e+01 -1.239220279912849054e-01 1.747353193981642683e+00 1.000000000000000000e+00
1.115713096428198448e+01 -1.294125515414080718e-01 1.749291221642235605e+00 1.000000000000000000e+00
1.117143497833875720e+01 -1.349008432792850321e-01 1.751199081521371381e+00 1.000000000000000000e+00
1.118573899239552816e+01 -1.403868085553874878e-01 1.753076740716637660e+00 1.000000000000000000e+00
1.120004300645229911e+01 -1.458703527603106287e-01 1.754924166846455247e+00 1.000000000000000000e+00
1.121434702050907184e+01 -1.513513813264042995e-01 1.756741328050636319e+00 1.000000000000000000e+00
1.122865103456584279e+01 -1.568297997293983670e-01 1.758528192990932437e+00 1.000000000000000000e+00
1.124295504862261552e+01 -1.623055134900414642e-01 1.760284730851576995e+00 1.000000000000000000e+00
1.125725906267938647e+01 -1.677784281757216112e-01 1.762010911339814578e+00 1.000000000000000000e+00
1.127156307673615920e+01 -1.732484494021013233e-01 1.763706704686424764e+00 1.000000000000000000e+00
1.128586709079293016e+01 -1.787154828347421731e-01 1.765372081646235713e+00 1.000000000000000000e+00
1.130017110484970289e+01 -1.841794341907330435e-01 1.767007013498627543e+00 1.000000000000000000e+00
1.131447511890647384e+01 -1.896402092403131345e-01 1.768611472048027489e+00 1.000000000000000000e+00
1.132877913296324657e+01 -1.950977138085032980e-01 1.770185429624398399e+00 1.000000000000000000e+00
1.134308314702001752e+01 -2.005518537767221887e-01 1.771728859083712360e+00 1.000000000000000000e+00
1.135738716107679025e+01 -2.060025350844157110e-01 1.773241733808422094e+00 1.000000000000000000e+00
1.137169117513356120e+01 -2.114496637306762794e-01 1.774724027707918150e+00 1.000000000000000000e+00
1.138599518919033216e+01 -2.168931457758639103e-01 1.776175715218978990e+00 1.000000000000000000e+00
1.140029920324710488e+01 -2.223328873432292296e-01 1.777596771306213075e+00 1.000000000000000000e+00
1.141460321730387584e+01 -2.277687946205264602e-01 1.778987171462488748e+00 1.000000000000000000e+00
1.142890723136064857e+01 -2.332007738616374282e-01 1.780346891709358781e+00 1.000000000000000000e+00
1.144321124541741952e+01 -2.386287313881850780e-01 1.781675908597472047e+00 1.000000000000000000e+00
1.145751525947419225e+01 -2.440525735911502347e-01 1.782974199206979415e+00 1.000000000000000000e+00
1.147181927353096320e+01 -2.494722069324832314e-01 1.784241741147928551e+00 1.000000000000000000e+00
1.148612328758773593e+01 -2.548875379467231417e-01 1.785478512560650044e+00 1.000000000000000000e+00
1.150042730164450688e+01 -2.602984732426013581e-01 1.786684492116133116e+00 1.000000000000000000e+00
1.151473131570127961e+01 -2.657049195046609635e-01 1.787859659016396652e+00 1.000000000000000000e+00
1.152903532975805057e+01 -2.711067834948577282e-01 1.789003992994844250e+00 1.000000000000000000e+00
1.154333934381482329e+01 -2.765039720541742629e-01 1.790117474316615720e+00 1.000000000000000000e+00
1.155764335787159425e+01 -2.818963921042238474e-01 1.791200083778927699e+00 1.000000000000000000e+00
1.157194737192836520e+01 -2.872839506488559791e-01 1.792251802711403386e+00 1.000000000000000000e+00
1.158625138598513793e+01 -2.926665547757603125e-01 1.793272612976395841e+00 1.000000000000000000e+00
1.160055540004190888e+01 -2.980441116580692107e-01 1.794262496969300180e+00 1.000000000000000000e+00
1.161485941409868161e+01 -3.034165285559586867e-01 1.795221437618856886e+00 1.000000000000000000e+00
1.162916342815545256e+01 -3.087837128182452928e-01 1.796149418387446683e+00 1.000000000000000000e+00
1.164346744221222529e+01 -3.141455718839902267e-01 1.797046423271376314e+00 1.000000000000000000e+00
1.165777145626899625e+01 -3.195020132840867277e-01 1.797912436801152758e+00 1.000000000000000000e+00
1.167207547032576898e+01 -3.248529446428645162e-01 1.798747444041752352e+00 1.000000000000000000e+00
1.168637948438253993e+01 -3.301982736796733597e-01 1.799551430592875922e+00 1.000000000000000000e+00
1.170068349843931266e+01 -3.355379082104817390e-01 1.800324382589199246e+00 1.000000000000000000e+00
1.171498751249608361e+01 -3.408717561494635229e-01 1.801066286700610863e+00 1.000000000000000000e+00
1.172929152655285634e+01 -3.461997255105868643e-01 1.801777130132442339e+00 1.000000000000000000e+00
1.174359554060962729e+01 -3.515217244091979332e-01 1.802456900625688752e+00 1.000000000000000000e+00
1.175789955466639825e+01 -3.568376610636112556e-01 1.803105586457220744e+00 1.000000000000000000e+00
1.177220356872317097e+01 -3.621474437966867299e-01 1.803723176439986142e+00 1.000000000000000000e+00
1.178650758277994193e+01 -3.674509810374138041e-01 1.804309659923202469e+00 1.000000000000000000e+00
1.180081159683671466e+01 -3.727481813224904905e-01 1.804865026792541904e+00 1.000000000000000000e+00
1.181511561089348561e+01 -3.780389532978976619e-01 1.805389267470304038e+00 1.000000000000000000e+00
1.182941962495025834e+01 -3.833232057204811194e-01 1.805882372915583067e+00 1.000000000000000000e+00
1.184372363900702929e+01 -3.886008474595168960e-01 1.806344334624421677e+00 1.000000000000000000e+00
1.185802765306380202e+01 -3.938717874982896605e-01 1.806775144629959140e+00 1.000000000000000000e+00
1.187233166712057297e+01 -3.991359349356587427e-01 1.807174795502567655e+00 1.000000000000000000e+00
1.188663568117734570e+01 -4.043931989876274335e-01 1.807543280349981796e+00 1.000000000000000000e+00
1.190093969523411666e+01 -4.096434889889057351e-01 1.807880592817415755e+00 1.000000000000000000e+00
1.191524370929088938e+01 -4.148867143944800495e-01 1.808186727087674139e+00 1.000000000000000000e+00
1.192954772334766034e+01 -4.201227847811663807e-01 1.808461677881252339e+00 1.000000000000000000e+00
1.194385173740443307e+01 -4.253516098491786357e-01 1.808705440456426450e+00 1.000000000000000000e+00
1.195815575146120402e+01 -4.305730994236773856e-01 1.808918010609336324e+00 1.000000000000000000e+00
1.197245976551797497e+01 -4.357871634563307839e-01 1.809099384674056843e+00 1.000000000000000000e+00
1.198676377957474770e+01 -4.409937120268676014e-01 1.809249559522662532e+00 1.000000000000000000e+00
1.200106779363151865e+01 -4.461926553446220467e-01 1.809368532565280629e+00 1.000000000000000000e+00
1.201537180768829138e+01 -4.513839037500908535e-01 1.809456301750135276e+00 1.000000000000000000e+00
1.202967582174506234e+01 -4.565673677164711619e-01 1.809512865563583928e+00 1.000000000000000000e+00
1.204397983580183507e+01 -4.617429578512108335e-01 1.809538223030143556e+00 1.000000000000000000e+00
1.205828384985860602e+01 -4.669105848975466655e-01 1.809532373712505970e+00 1.000000000000000000e+00
1.207258786391537875e+01 -4.720701597360451585e-01 1.809495317711546924e+00 1.000000000000000000e+00
1.208689187797214970e+01 -4.772215933861370663e-01 1.809427055666323891e+00 1.000000000000000000e+00
1.210119589202892243e+01 -4.823647970076573310e-01 1.809327588754064742e+00 1.000000000000000000e+00
1.211549990608569338e+01 -4.874996819023698080e-01 1.809196918690147760e+00 1.000000000000000000e+00
1.212980392014246611e+01 -4.926261595155034256e-01 1.809035047728071888e+00 1.000000000000000000e+00
1.214410793419923706e+01 -4.977441414372751893e-01 1.808841978659417649e+00 1.000000000000000000e+00
1.215841194825600802e+01 -5.028535394044167939e-01 1.808617714813799848e+00 1.000000000000000000e+00
1.217271596231278075e+01 -5.079542653016981824e-01 1.808362260058809401e+00 1.000000000000000000e+00
1.218701997636955170e+01 -5.130462311634420569e-01 1.808075618799946493e+00 1.000000000000000000e+00
1.220132399042632443e+01 -5.181293491750463831e-01 1.807757795980545312e+00 1.000000000000000000e+00
1.221562800448309538e+01 -5.232035316744964026e-01 1.807408797081688112e+00 1.000000000000000000e+00
1.222993201853986811e+01 -5.282686911538767571e-01 1.807028628122111513e+00 1.000000000000000000e+00
1.224423603259663906e+01 -5.333247402608787269e-01 1.806617295658101474e+00 1.000000000000000000e+00
1.225854004665341179e+01 -5.383715918003117995e-01 1.806174806783381381e+00 1.000000000000000000e+00
1.227284406071018275e+01 -5.434091587356005837e-01 1.805701169128989259e+00 1.000000000000000000e+00
1.228714807476695547e+01 -5.484373541902932692e-01 1.805196390863146094e+00 1.000000000000000000e+00
1.230145208882372643e+01 -5.534560914495517681e-01 1.804660480691114621e+00 1.000000000000000000e+00
1.231575610288049916e+01 -5.584652839616539577e-01 1.804093447855050547e+00 1.000000000000000000e+00
1.233006011693727011e+01 -5.634648453394830447e-01 1.803495302133841793e+00 1.000000000000000000e+00
1.234436413099404106e+01 -5.684546893620184838e-01 1.802866053842939520e+00 1.000000000000000000e+00
1.235866814505081379e+01 -5.734347299758216776e-01 1.802205713834182488e+00 1.000000000000000000e+00
1.237297215910758474e+01 -5.784048812965213449e-01 1.801514293495607211e+00 1.000000000000000000e+00
1.238727617316435747e+01 -5.833650576102947793e-01 1.800791804751253222e+00 1.000000000000000000e+00
1.240158018722112843e+01 -5.883151733753430035e-01 1.800038260060957240e+00 1.000000000000000000e+00
1.241588420127790116e+01 -5.932551432233724720e-01 1.799253672420137784e+00 1.000000000000000000e+00
1.243018821533467211e+01 -5.981848819610584567e-01 1.798438055359570908e+00 1.000000000000000000e+00
1.244449222939144484e+01 -6.031043045715238637e-01 1.797591422945157946e+00 1.000000000000000000e+00
1.245879624344821579e+01 -6.080133262157966234e-01 1.796713789777682146e+00 1.000000000000000000e+00
1.247310025750498852e+01 -6.129118622342788480e-01 1.795805170992556432e+00 1.000000000000000000e+00
1.248740427156175947e+01 -6.177998281482047771e-01 1.794865582259563608e+00 1.000000000000000000e+00
1.250170828561853220e+01 -6.226771396610972786e-01 1.793895039782584799e+00 1.000000000000000000e+00
1.251601229967530315e+01 -6.275437126602206872e-01 1.792893560299321232e+00 1.000000000000000000e+00
1.253031631373207411e+01 -6.323994632180357511e-01 1.791861161081004461e+00 1.000000000000000000e+00
1.254462032778884684e+01 -6.372443075936414791e-01 1.790797859932099501e+00 1.000000000000000000e+00
1.255892434184561779e+01 -6.420781622342226491e-01 1.789703675189997067e+00 1.000000000000000000e+00
1.257322835590239052e+01 -6.469009437764904336e-01 1.788578625724697169e+00 1.000000000000000000e+00
1.258753236995916147e+01 -6.517125690481171407e-01 1.787422730938485582e+00 1.000000000000000000e+00
1.260183638401593420e+01 -6.565129550691773952e-01 1.786236010765595683e+00 1.000000000000000000e+00
1.261614039807270515e+01 -6.613020190535698895e-01 1.785018485671868493e+00 1.000000000000000000e+00
1.263044441212947788e+01 -6.660796784104531243e-01 1.783770176654396966e+00 1.000000000000000000e+00
1.264474842618624884e+01 -6.708458507456653841e-01 1.782491105241165386e+00 1.000000000000000000e+00
1.265905244024302156e+01 -6.756004538631477097e-01 1.781181293490676998e+00 1.000000000000000000e+00
1.267335645429979252e+01 -6.803434057663586554e-01 1.779840763991575647e+00 1.000000000000000000e+00
1.268766046835656525e+01 -6.850746246596937095e-01 1.778469539862252535e+00 1.000000000000000000e+00
1.270196448241333620e+01 -6.897940289498882827e-01 1.777067644750452091e+00 1.000000000000000000e+00
1.271626849647010893e+01 -6.945015372474333537e-01 1.775635102832860079e+00 1.000000000000000000e+00
1.273057251052687988e+01 -6.991970683679715748e-01 1.774171938814689264e+00 1.000000000000000000e+00
1.274487652458365083e+01 -7.038805413337014816e-01 1.772678177929252419e+00 1.000000000000000000e+00
1.275918053864042356e+01 -7.085518753747749310e-01 1.771153845937526672e+00 1.000000000000000000e+00
1.277348455269719452e+01 -7.132109899306851020e-01 1.769598969127711197e+00 1.000000000000000000e+00
1.278778856675396725e+01 -7.178578046516623790e-01 1.768013574314770464e+00 1.000000000000000000e+00
1.280209258081073820e+01 -7.224922394000534709e-01 1.766397688839975277e+00 1.000000000000000000e+00
1.281639659486751093e+01 -7.271142142517084128e-01 1.764751340570429816e+00 1.000000000000000000e+00
1.283070060892428188e+01 -7.317236494973566874e-01 1.763074557898589800e+00 1.000000000000000000e+00
1.284500462298105461e+01 -7.363204656439829021e-01 1.761367369741774880e+00 1.000000000000000000e+00
1.285930863703782556e+01 -7.409045834161948063e-01 1.759629805541669256e+00 1.000000000000000000e+00
1.287361265109459829e+01 -7.454759237575961928e-01 1.757861895263813201e+00 1.000000000000000000e+00
1.288791666515136924e+01 -7.500344078321439234e-01 1.756063669397087468e+00 1.000000000000000000e+00
1.290222067920814197e+01 -7.545799570255115052e-01 1.754235158953186380e+00 1.000000000000000000e+00
1.291652469326491293e+01 -7.591124929464435622e-01 1.752376395466083592e+00 1.000000000000000000e+00
1.293082870732168388e+01 -7.636319374281080874e-01 1.750487410991488302e+00 1.000000000000000000e+00
1.294513272137845661e+01 -7.681382125294456964e-01 1.748568238106292583e+00 1.000000000000000000e+00
1.295943673543522756e+01 -7.726312405365090008e-01 1.746618909908008499e+00 1.000000000000000000e+00
1.297374074949200029e+01 -7.771109439638094196e-01 1.744639460014198784e+00 1.000000000000000000e+00
1.298804476354877124e+01 -7.815772455556486698e-01 1.742629922561896638e+00 1.000000000000000000e+00
1.300234877760554397e+01 -7.860300682874539202e-01 1.740590332207015534e+00 1.000000000000000000e+00
1.301665279166231493e+01 -7.904693353671026212e-01 1.738520724123755024e+00 1.000000000000000000e+00
1.303095680571908765e+01 -7.948949702362528846e-01 1.736421134003989009e+00 1.000000000000000000e+00
1.304526081977585861e+01 -7.993068965716561003e-01 1.734291598056655559e+00 1.000000000000000000e+00
1.305956483383263134e+01 -8.037050382864806553e-01 1.732132153007128528e+00 1.000000000000000000e+00
1.307386884788940229e+01 -8.080893195316176669e-01 1.729942836096586722e+00 1.000000000000000000e+00
1.308817286194617502e+01 -8.124596646969938218e-01 1.727723685081369975e+00 1.000000000000000000e+00
1.310247687600294597e+01 -8.168159984128731121e-01 1.725474738232328775e+00 1.000000000000000000e+00
1.311678089005971692e+01 -8.211582455511563516e-01 1.723196034334163906e+00 1.000000000000000000e+00
1.313108490411648965e+01 -8.254863312266784714e-01 1.720887612684758539e+00 1.000000000000000000e+00
1.314538891817326061e+01 -8.298001807984983769e-01 1.718549513094498993e+00 1.000000000000000000e+00
1.315969293223003334e+01 -8.340997198711873617e-01 1.716181775885589067e+00 1.000000000000000000e+00
1.317399694628680429e+01 -8.383848742961097500e-01 1.713784441891355259e+00 1.000000000000000000e+00
1.318830096034357702e+01 -8.426555701727066472e-01 1.711357552455540665e+00 1.000000000000000000e+00
1.320260497440034797e+01 -8.469117338497634817e-01 1.708901149431594657e+00 1.000000000000000000e+00
1.321690898845712070e+01 -8.511532919266876496e-01 1.706415275181947688e+00 1.000000000000000000e+00
1.323121300251389165e+01 -8.553801712547670633e-01 1.703899972577284760e+00 1.000000000000000000e+00
1.324551701657066438e+01 -8.595922989384372492e-01 1.701355284995802242e+00 1.000000000000000000e+00
1.325982103062743533e+01 -8.637896023365363440e-01 1.698781256322462463e+00 1.000000000000000000e+00
1.327412504468420806e+01 -8.679720090635578700e-01 1.696177930948235213e+00 1.000000000000000000e+00
1.328842905874097902e+01 -8.721394469908969604e-01 1.693545353769334127e+00 1.000000000000000000e+00
1.330273307279774997e+01 -8.762918442481003600e-01 1.690883570186439533e+00 1.000000000000000000e+00
1.331703708685452270e+01 -8.804291292240989941e-01 1.688192626103918181e+00 1.000000000000000000e+00
1.333134110091129365e+01 -8.845512305684467558e-01 1.685472567929030552e+00 1.000000000000000000e+00
1.334564511496806638e+01 -8.886580771925508548e-01 1.682723442571129935e+00 1.000000000000000000e+00
1.335994912902483733e+01 -8.927495982708949507e-01 1.679945297440855301e+00 1.000000000000000000e+00
1.337425314308161006e+01 -8.968257232422659486e-01 1.677138180449309957e+00 1.000000000000000000e+00
1.338855715713838102e+01 -9.008863818109646981e-01 1.674302140007240647e+00 1.000000000000000000e+00
1.340286117119515374e+01 -9.049315039480226863e-01 1.671437225024198003e+00 1.000000000000000000e+00
1.341716518525192470e+01 -9.089610198924081841e-01 1.668543484907694774e+00 1.000000000000000000e+00
1.343146919930869743e+01 -9.129748601522298390e-01 1.665620969562354725e+00 1.000000000000000000e+00
1.344577321336546838e+01 -9.169729555059329407e-01 1.662669729389051110e+00 1.000000000000000000e+00
1.346007722742224111e+01 -9.209552370034976843e-01 1.659689815284035364e+00 1.000000000000000000e+00
1.347438124147901206e+01 -9.249216359676228905e-01 1.656681278638064692e+00 1.000000000000000000e+00
1.348868525553578479e+01 -9.288720839949157204e-01 1.653644171335509450e+00 1.000000000000000000e+00
1.350298926959255574e+01 -9.328065129570660696e-01 1.650578545753463855e+00 1.000000000000000000e+00
1.351729328364932670e+01 -9.367248550020250697e-01 1.647484454760838934e+00 1.000000000000000000e+00
1.353159729770609943e+01 -9.406270425551761516e-01 1.644361951717451920e+00 1.000000000000000000e+00
1.354590131176287038e+01 -9.445130083204945626e-01 1.641211090473108314e+00 1.000000000000000000e+00
1.356020532581964311e+01 -9.483826852817165420e-01 1.638031925366667751e+00 1.000000000000000000e+00
1.357450933987641406e+01 -9.522360067034865150e-01 1.634824511225113408e+00 1.000000000000000000e+00
1.358881335393318679e+01 -9.560729061325139444e-01 1.631588903362601872e+00 1.000000000000000000e+00
1.360311736798995774e+01 -9.598933173987170830e-01 1.628325157579510352e+00 1.000000000000000000e+00
1.361742138204673047e+01 -9.636971746163641717e-01 1.625033330161475220e+00 1.000000000000000000e+00
1.363172539610350142e+01 -9.674844121852095302e-01 1.621713477878421905e+00 1.000000000000000000e+00
1.364602941016027415e+01 -9.712549647916263185e-01 1.618365657983581674e+00 1.000000000000000000e+00
1.366033342421704511e+01 -9.750087674097303037e-01 1.614989928212510417e+00 1.000000000000000000e+00
1.367463743827381784e+01 -9.787457553025044055e-01 1.611586346782088564e+00 1.000000000000000000e+00
1.368894145233058879e+01 -9.824658640229120277e-01 1.608154972389518322e+00 1.000000000000000000e+00
1.370324546638735974e+01 -9.861690294150111669e-01 1.604695864211311607e+00 1.000000000000000000e+00
1.371754948044413247e+01 -9.898551876150598616e-01 1.601209081902268627e+00 1.000000000000000000e+00
1.373185349450090342e+01 -9.935242750526158684e-01 1.597694685594451380e+00 1.000000000000000000e+00
1.374615750855767615e+01 -9.971762284516357822e-01 1.594152735896144035e+00 1.000000000000000000e+00
1.376046152261444711e+01 -1.000810984831564499e+00 1.590583293890808658e+00 1.000000000000000000e+00
1.377476553667121983e+01 -1.004428481508422122e+00 1.586986421136032055e+00 1.000000000000000000e+00
1.378906955072799079e+01 -1.008028656095883990e+00 1.583362179662464397e+00 1.000000000000000000e+00
1.380337356478476352e+01 -1.011611446506358147e+00 1.579710631972748747e+00 1.000000000000000000e+00
1.381767757884153447e+01 -1.015176790952055041e+00 1.576031841040443249e+00 1.000000000000000000e+00
1.383198159289830720e+01 -1.018724627946052896e+00 1.572325870308935114e+00 1.000000000000000000e+00
1.384628560695507815e+01 -1.022254896303358640e+00 1.568592783690347492e+00 1.000000000000000000e+00
1.386058962101185088e+01 -1.025767535141963505e+00 1.564832645564435465e+00 1.000000000000000000e+00
1.387489363506862183e+01 -1.029262483883891743e+00 1.561045520777477824e+00 1.000000000000000000e+00
1.388919764912539279e+01 -1.032739682256246017e+00 1.557231474641156410e+00 1.000000000000000000e+00
1.390350166318216552e+01 -1.036199070292247448e+00 1.553390572931432345e+00 1.000000000000000000e+00
1.391780567723893647e+01 -1.039640588332268356e+00 1.549522881887409387e+00 1.000000000000000000e+00
1.393210969129570920e+01 -1.043064177024862538e+00 1.545628468210193063e+00 1.000000000000000000e+00
1.394641370535248015e+01 -1.046469777327788453e+00 1.541707399061739814e+00 1.000000000000000000e+00
1.396071771940925288e+01 -1.049857330509026410e+00 1.537759742063698587e+00 1.000000000000000000e+00
1.397502173346602383e+01 -1.053226778147792864e+00 1.533785565296245323e+00 1.000000000000000000e+00
1.398932574752279656e+01 -1.056578062135547835e+00 1.529784937296906566e+00 1.000000000000000000e+00
1.400362976157956751e+01 -1.059911124676993888e+00 1.525757927059384178e+00 1.000000000000000000e+00
1.401793377563634024e+01 -1.063225908291080213e+00 1.521704604032353192e+00 1.000000000000000000e+00
1.403223778969311120e+01 -1.066522355811984069e+00 1.517625038118279646e+00 1.000000000000000000e+00
1.404654180374988393e+01 -1.069800410390106427e+00 1.513519299672199558e+00 1.000000000000000000e+00
1.406084581780665488e+01 -1.073060015493043640e+00 1.509387459500518336e+00 1.000000000000000000e+00
1.407514983186342583e+01 -1.076301114906568879e+00 1.505229588859783529e+00 1.000000000000000000e+00
1.408945384592019856e+01 -1.079523652735600026e+00 1.501045759455452488e+00 1.000000000000000000e+00
1.410375785997696951e+01 -1.082727573405160015e+00 1.496836043440666009e+00 1.000000000000000000e+00
1.411806187403374224e+01 -1.085912821661339622e+00 1.492600513414994667e+00 1.000000000000000000e+00
1.413236588809051320e+01 -1.089079342572249365e+00 1.488339242423190933e+00 1.000000000000000000e+00
1.414666990214728592e+01 -1.092227081528964749e+00 1.484052303953928176e+00 1.000000000000000000e+00
1.416097391620405688e+01 -1.095355984246471293e+00 1.479739771938534787e+00 1.000000000000000000e+00
1.417527793026082961e+01 -1.098465996764597552e+00 1.475401720749717649e+00 1.000000000000000000e+00
1.418958194431760056e+01 -1.101557065448947048e+00 1.471038225200279825e+00 1.000000000000000000e+00
1.420388595837437329e+01 -1.104629136991824856e+00 1.466649360541831371e+00 1.000000000000000000e+00
1.421818997243114424e+01 -1.107682158413153539e+00 1.462235202463489703e+00 1.000000000000000000e+00
1.423249398648791697e+01 -1.110716077061390195e+00 1.457795827090576868e+00 1.000000000000000000e+00
1.424679800054468792e+01 -1.113730840614431727e+00 1.453331310983303926e+00 1.000000000000000000e+00
1.426110201460146065e+01 -1.116726397080519906e+00 1.448841731135451782e+00 1.000000000000000000e+00
1.427540602865823161e+01 -1.119702694799133313e+00 1.444327164973046695e+00 1.000000000000000000e+00
1.428971004271500256e+01 -1.122659682441885520e+00 1.439787690353017124e+00 1.000000000000000000e+00
1.430401405677177529e+01 -1.125597309013403713e+00 1.435223385561858356e+00 1.000000000000000000e+00
1.431831807082854624e+01 -1.128515523852211322e+00 1.430634329314279363e+00 1.000000000000000000e+00
1.433262208488531897e+01 -1.131414276631601545e+00 1.426020600751845002e+00 1.000000000000000000e+00
1.434692609894208992e+01 -1.134293517360502213e+00 1.421382279441615770e+00 1.000000000000000000e+00
1.436123011299886265e+01 -1.137153196384344866e+00 1.416719445374764019e+00 1.000000000000000000e+00
1.437553412705563360e+01 -1.139993264385912308e+00 1.412032178965210383e+00 1.000000000000000000e+00
1.438983814111240633e+01 -1.142813672386195911e+00 1.407320561048223562e+00 1.000000000000000000e+00
1.440414215516917729e+01 -1.145614371745237392e+00 1.402584672879033434e+00 1.000000000000000000e+00
1.441844616922595002e+01 -1.148395314162968361e+00 1.397824596131427288e+00 1.000000000000000000e+00
1.443275018328272097e+01 -1.151156451680042103e+00 1.393040412896341840e+00 1.000000000000000000e+00
1.444705419733949370e+01 -1.153897736678662911e+00 1.388232205680447695e+00 1.000000000000000000e+00
1.446135821139626465e+01 -1.156619121883404988e+00 1.383400057404725603e+00 1.000000000000000000e+00
1.447566222545303560e+01 -1.159320560362028907e+00 1.378544051403038040e+00 1.000000000000000000e+00
1.448996623950980833e+01 -1.162002005526291182e+00 1.373664271420689920e+00 1.000000000000000000e+00
1.450427025356657929e+01 -1.164663411132747184e+00 1.368760801612986633e+00 1.000000000000000000e+00
1.451857426762335201e+01 -1.167304731283548946e+00 1.363833726543780989e+00 1.000000000000000000e+00
1.453287828168012297e+01 -1.169925920427236532e+00 1.358883131184015269e+00 1.000000000000000000e+00
1.454718229573689570e+01 -1.172526933359523404e+00 1.353909100910256624e+00 1.000000000000000000e+00
1.456148630979366665e+01 -1.175107725224076916e+00 1.348911721503223804e+00 1.000000000000000000e+00
1.457579032385043938e+01 -1.177668251513290354e+00 1.343891079146307677e+00 1.000000000000000000e+00
1.459009433790721033e+01 -1.180208468069051664e+00 1.338847260424086194e+00 1.000000000000000000e+00
1.460439835196398306e+01 -1.182728331083505946e+00 1.333780352320828699e+00 1.000000000000000000e+00
1.461870236602075401e+01 -1.185227797099806857e+00 1.328690442219001788e+00 1.000000000000000000e+00
1.463300638007752674e+01 -1.187706823012872448e+00 1.323577617897750747e+00 1.000000000000000000e+00
1.464731039413429770e+01 -1.190165366070121911e+00 1.318441967531400305e+00 1.000000000000000000e+00
1.466161440819106865e+01 -1.192603383872217648e+00 1.313283579687923863e+00 1.000000000000000000e+00
1.467591842224784138e+01 -1.195020834373795582e+00 1.308102543327415379e+00 1.000000000000000000e+00
1.469022243630461233e+01 -1.197417675884186350e+00 1.302898947800565921e+00 1.000000000000000000e+00
1.470452645036138506e+01 -1.199793867068141617e+00 1.297672882847107578e+00 1.000000000000000000e+00
1.471883046441815601e+01 -1.202149366946538844e+00 1.292424438594280911e+00 1.000000000000000000e+00
1.473313447847492874e+01 -1.204484134897094494e+00 1.287153705555269534e+00 1.000000000000000000e+00
1.474743849253169969e+01 -1.206798130655060586e+00 1.281860774627644251e+00 1.000000000000000000e+00
1.476174250658847242e+01 -1.209091314313921250e+00 1.276545737091793864e+00 1.000000000000000000e+00
1.477604652064524338e+01 -1.211363646326080401e+00 1.271208684609352213e+00 1.000000000000000000e+00
1.479035053470201611e+01 -1.213615087503542300e+00 1.265849709221616326e+00 1.000000000000000000e+00
1.480465454875878706e+01 -1.215845599018589906e+00 1.260468903347959246e+00 1.000000000000000000e+00
1.481895856281555979e+01 -1.218055142404452340e+00 1.255066359784236640e+00 1.000000000000000000e+00
1.483326257687233074e+01 -1.220243679555970351e+00 1.249642171701186300e+00 1.000000000000000000e+00
1.484756659092910169e+01 -1.222411172730250462e+00 1.244196432642821426e+00 1.000000000000000000e+00
1.486187060498587442e+01 -1.224557584547319333e+00 1.238729236524816146e+00 1.000000000000000000e+00
1.487617461904264538e+01 -1.226682877990765919e+00 1.233240677632888582e+00 1.000000000000000000e+00
1.489047863309941810e+01 -1.228787016408380728e+00 1.227730850621172154e+00 1.000000000000000000e+00
1.490478264715618906e+01 -1.230869963512788212e+00 1.222199850510584662e+00 1.000000000000000000e+00
1.491908666121296179e+01 -1.232931683382072041e+00 1.216647772687187601e+00 1.000000000000000000e+00
1.493339067526973274e+01 -1.234972140460393719e+00 1.211074712900547912e+00 1.000000000000000000e+00
1.494769468932650547e+01 -1.236991299558609425e+00 1.205480767262073316e+00 1.000000000000000000e+00
1.496199870338327642e+01 -1.238989125854870643e+00 1.199866032243371849e+00 1.000000000000000000e+00
1.497630271744004915e+01 -1.240965584895232565e+00 1.194230604674570317e+00 1.000000000000000000e+00
1.499060673149682010e+01 -1.242920642594240066e+00 1.188574581742661840e+00 1.000000000000000000e+00
1.500491074555359283e+01 -1.244854265235522117e+00 1.182898060989816091e+00 1.000000000000000000e+00
1.501921475961036379e+01 -1.246766419472369547e+00 1.177201140311704197e+00 1.000000000000000000e+00
1.503351877366713474e+01 -1.248657072328310802e+00 1.171483917955809195e+00 1.000000000000000000e+00
1.504782278772390747e+01 -1.250526191197683046e+00 1.165746492519726729e+00 1.000000000000000000e+00
1.506212680178067842e+01 -1.252373743846190157e+00 1.159988962949475733e+00 1.000000000000000000e+00
1.507643081583745115e+01 -1.254199698411462061e+00 1.154211428537781581e+00 1.000000000000000000e+00
1.509073482989422210e+01 -1.256004023403602954e+00 1.148413988922367457e+00 1.000000000000000000e+00
1.510503884395099483e+01 -1.257786687705734430e+00 1.142596744084237059e+00 1.000000000000000000e+00
1.511934285800776578e+01 -1.259547660574532602e+00 1.136759794345948427e+00 1.000000000000000000e+00
1.513364687206453851e+01 -1.261286911640757680e+00 1.130903240369885543e+00 1.000000000000000000e+00
1.514795088612130947e+01 -1.263004410909777331e+00 1.125027183156521060e+00 1.000000000000000000e+00
1.516225490017808220e+01 -1.264700128762085818e+00 1.119131724042675247e+00 1.000000000000000000e+00
1.517655891423485315e+01 -1.266374035953812482e+00 1.113216964699767830e+00 1.000000000000000000e+00
1.519086292829162588e+01 -1.268026103617228006e+00 1.107283007132063624e+00 1.000000000000000000e+00
1.520516694234839683e+01 -1.269656303261239572e+00 1.101329953674919482e+00 1.000000000000000000e+00
1.521947095640516956e+01 -1.271264606771887129e+00 1.095357906993006170e+00 1.000000000000000000e+00
1.523377497046194051e+01 -1.272850986412821905e+00 1.089366970078555985e+00 1.000000000000000000e+00
1.524807898451871147e+01 -1.274415414825790238e+00 1.083357246249567973e+00 1.000000000000000000e+00
1.526238299857548419e+01 -1.275957865031102534e+00 1.077328839148038675e+00 1.000000000000000000e+00
1.527668701263225515e+01 -1.277478310428098229e+00 1.071281852738175777e+00 1.000000000000000000e+00
1.529099102668902788e+01 -1.278976724795607423e+00 1.065216391304590005e+00 1.000000000000000000e+00
1.530529504074579883e+01 -1.280453082292398070e+00 1.059132559450518762e+00 1.000000000000000000e+00
1.531959905480257156e+01 -1.281907357457628516e+00 1.053030462095999598e+00 1.000000000000000000e+00
1.533390306885934251e+01 -1.283339525211279586e+00 1.046910204476080519e+00 1.000000000000000000e+00
1.534820708291611524e+01 -1.284749560854591355e+00 1.040771892138991683e+00 1.000000000000000000e+00
1.536251109697288619e+01 -1.286137440070488358e+00 1.034615630944330844e+00 1.000000000000000000e+00
1.537681511102965892e+01 -1.287503138923998591e+00 1.028441527061236593e+00 1.000000000000000000e+00
1.539111912508642988e+01 -1.288846633862665403e+00 1.022249686966557602e+00 1.000000000000000000e+00
1.540542313914320260e+01 -1.290167901716955612e+00 1.016040217443016536e+00 1.000000000000000000e+00
1.541972715319997356e+01 -1.291466919700658078e+00 1.009813225577367080e+00 1.000000000000000000e+00
1.543403116725674451e+01 -1.292743665411275611e+00 1.003568818758550085e+00 1.000000000000000000e+00
1.544833518131351724e+01 -1.293998116830412881e+00 9.973071046758378300e-01 1.000000000000000000e+00
1.546263919537028819e+01 -1.295230252324155673e+00 9.910281913169802781e-01 1.000000000000000000e+00
1.547694320942706092e+01 -1.296440050643444364e+00 9.847321869663401284e-01 1.000000000000000000e+00
1.549124722348383187e+01 -1.297627490924438964e+00 9.784192002030274171e-01 1.000000000000000000e+00
1.550555123754060460e+01 -1.298792552688880608e+00 9.720893398990255729e-01 1.000000000000000000e+00
1.551985525159737556e+01 -1.299935215844443714e+00 9.657427152173142515e-01 1.000000000000000000e+00
1.553415926565414829e+01 -1.301055460685083043e+00 9.593794356099857312e-01 1.000000000000000000e+00
1.554846327971091924e+01 -1.302153267891372312e+00 9.529996108163637514e-01 1.000000000000000000e+00
1.556276729376769197e+01 -1.303228618530839933e+00 9.466033508610960379e-01 1.000000000000000000e+00
1.557707130782446292e+01 -1.304281494058291857e+00 9.401907660522775823e-01 1.000000000000000000e+00
1.559137532188123565e+01 -1.305311876316136210e+00 9.337619669795260702e-01 1.000000000000000000e+00
1.560567933593800660e+01 -1.306319747534691045e+00 9.273170645120952793e-01 1.000000000000000000e+00
1.561998334999477756e+01 -1.307305090332494757e+00 9.208561697969499527e-01 1.000000000000000000e+00
1.563428736405155028e+01 -1.308267887716604294e+00 9.143793942568476663e-01 1.000000000000000000e+00
1.564859137810832124e+01 -1.309208123082888253e+00 9.078868495884314660e-01 1.000000000000000000e+00
1.566289539216509397e+01 -1.310125780216313762e+00 9.013786477602880876e-01 1.000000000000000000e+00
1.567719940622186492e+01 -1.311020843291225368e+00 8.948549010110248281e-01 1.000000000000000000e+00
1.569150342027863765e+01 -1.311893296871618819e+00 8.883157218473320960e-01 1.000000000000000000e+00
1.570580743433540860e+01 -1.312743125911405961e+00 8.817612230420437403e-01 1.000000000000000000e+00
1.572011144839218133e+01 -1.313570315754676088e+00 8.751915176321914958e-01 1.000000000000000000e+00
1.573441546244895228e+01 -1.314374852135947069e+00 8.686067189170560976e-01 1.000000000000000000e+00
1.574871947650572501e+01 -1.315156721180412047e+00 8.620069404562129556e-01 1.000000000000000000e+00
1.576302349056249597e+01 -1.315915909404179018e+00 8.553922960675741649e-01 1.000000000000000000e+00
1.577732750461926869e+01 -1.316652403714502428e+00 8.487628998254251877e-01 1.000000000000000000e+00
1.579163151867603965e+01 -1.317366191410009879e+00 8.421188660584579821e-01 1.000000000000000000e+00
1.580593553273281060e+01 -1.318057260180920176e+00 8.354603093477988018e-01 1.000000000000000000e+00
1.582023954678958333e+01 -1.318725598109257824e+00 8.287873445250326654e-01 1.000000000000000000e+00
1.583454356084635428e+01 -1.319371193669055309e+00 8.221000866702231624e-01 1.000000000000000000e+00
1.584884757490312701e+01 -1.319994035726554715e+00 8.153986511099269308e-01 1.000000000000000000e+00
1.586315158895989796e+01 -1.320594113540397574e+00 8.086831534152054690e-01 1.000000000000000000e+00
1.587745560301667069e+01 -1.321171416761812267e+00 8.019537093996305099e-01 1.000000000000000000e+00
1.589175961707344165e+01 -1.321725935434790333e+00 7.952104351172939456e-01 1.000000000000000000e+00
1.590606363113021438e+01 -1.322257659996260104e+00 7.884534468607901081e-01 1.000000000000000000e+00
1.592036764518698533e+01 -1.322766581276249687e+00 7.816828611592311349e-01 1.000000000000000000e+00
1.593467165924375806e+01 -1.323252690498047057e+00 7.748987947762207007e-01 1.000000000000000000e+00
1.594897567330052901e+01 -1.323715979278350385e+00 7.681013647078482887e-01 1.000000000000000000e+00
1.596327968735730174e+01 -1.324156439627411697e+00 7.612906881806694726e-01 1.000000000000000000e+00
1.597758370141407269e+01 -1.324574063949176761e+00 7.544668826496848668e-01 1.000000000000000000e+00
1.599188771547084542e+01 -1.324968845041415211e+00 7.476300657963134144e-01 1.000000000000000000e+00
1.600619172952761460e+01 -1.325340776095843331e+00 7.407803555263661188e-01 1.000000000000000000e+00
1.602049574358438733e+01 -1.325689850698243744e+00 7.339178699680033446e-01 1.000000000000000000e+00
1.603479975764116006e+01 -1.326016062828574649e+00 7.270427274697142117e-01 1.000000000000000000e+00
1.604910377169793279e+01 -1.326319406861073524e+00 7.201550465982591298e-01 1.000000000000000000e+00
1.606340778575470196e+01 -1.326599877564355490e+00 7.132549461366336496e-01 1.000000000000000000e+00
1.607771179981147469e+01 -1.326857470101501901e+00 7.063425450820182139e-01 1.000000000000000000e+00
1.609201581386824742e+01 -1.327092180030144952e+00 6.994179626437253550e-01 1.000000000000000000e+00
1.610631982792502015e+01 -1.327304003302543611e+00 6.924813182411431178e-01 1.000000000000000000e+00
1.612062384198178933e+01 -1.327492936265653567e+00 6.855327315016825906e-01 1.000000000000000000e+00
1.613492785603856206e+01 -1.327658975661190066e+00 6.785723222587002335e-01 1.000000000000000000e+00
1.614923187009533478e+01 -1.327802118625685202e+00 6.716002105494445207e-01 1.000000000000000000e+00
1.616353588415210751e+01 -1.327922362690535429e+00 6.646165166129842650e-01 1.000000000000000000e+00
1.617783989820887669e+01 -1.328019705782045978e+00 6.576213608881288364e-01 1.000000000000000000e+00
1.619214391226564942e+01 -1.328094146221465488e+00 6.506148640113503800e-01 1.000000000000000000e+00
1.620644792632242215e+01 -1.328145682725015098e+00 6.435971468147160257e-01 1.000000000000000000e+00
1.622075194037919132e+01 -1.328174314403911094e+00 6.365683303237908985e-01 1.000000000000000000e+00
1.623505595443596405e+01 -1.328180040764378900e+00 6.295285357555525652e-01 1.000000000000000000e+00
1.624935996849273678e+01 -1.328162861707663955e+00 6.224778845163061458e-01 1.000000000000000000e+00
1.626366398254950951e+01 -1.328122777530030829e+00 6.154164981995910999e-01 1.000000000000000000e+00
1.627796799660627869e+01 -1.328059788922760998e+00 6.083444985840776864e-01 1.000000000000000000e+00
1.629227201066305142e+01 -1.327973896972137302e+00 6.012620076314659778e-01 1.000000000000000000e+00
1.630657602471982415e+01 -1.327865103159427962e+00 5.941691474843953102e-01 1.000000000000000000e+00
1.632088003877659688e+01 -1.327733409360860817e+00 5.870660404643235353e-01 1.000000000000000000e+00
1.633518405283336605e+01 -1.327578817847589354e+00 5.799528090694245908e-01 1.000000000000000000e+00
1.634948806689013878e+01 -1.327401331285655184e+00 5.728295759724744141e-01 1.000000000000000000e+00
1.636379208094691151e+01 -1.327200952735941630e+00 5.656964640187354121e-01 1.000000000000000000e+00
1.637809609500368424e+01 -1.326977685654120220e+00 5.585535962238367125e-01 1.000000000000000000e+00
1.639240010906045342e+01 -1.326731533890592063e+00 5.514010957716597439e-01 1.000000000000000000e+00
1.640670412311722615e+01 -1.326462501690420348e+00 5.442390860121990581e-01 1.000000000000000000e+00
1.642100813717399888e+01 -1.326170593693258626e+00 5.370676904594483547e-01 1.000000000000000000e+00
1.643531215123076805e+01 -1.325855814933270205e+00 5.298870327892710730e-01 1.000000000000000000e+00
1.644961616528754078e+01 -1.325518170839039334e+00 5.226972368372528877e-01 1.000000000000000000e+00
1.646392017934431351e+01 -1.325157667233481495e+00 5.154984265965805168e-01 1.000000000000000000e+00
1.647822419340108624e+01 -1.324774310333739491e+00 5.082907262159015449e-01 1.000000000000000000e+00
1.649252820745785542e+01 -1.324368106751077523e+00 5.010742599971775846e-01 1.000000000000000000e+00
1.650683222151462815e+01 -1.323939063490768397e+00 4.938491523935397698e-01 1.000000000000000000e+00
1.652113623557140087e+01 -1.323487187951970290e+00 4.866155280071499112e-01 1.000000000000000000e+00
1.653544024962817360e+01 -1.323012487927601288e+00 4.793735115870502161e-01 1.000000000000000000e+00
1.654974426368494278e+01 -1.322514971604203504e+00 4.721232280270069581e-01 1.000000000000000000e+00
1.656404827774171551e+01 -1.321994647561802294e+00 4.648648023633543680e-01 1.000000000000000000e+00
1.657835229179848824e+01 -1.321451524773759489e+00 4.575983597728522367e-01 1.000000000000000000e+00
1.659265630585525741e+01 -1.320885612606616855e+00 4.503240255705135975e-01 1.000000000000000000e+00
1.660696031991203014e+01 -1.320296920819934883e+00 4.430419252074432324e-01 1.000000000000000000e+00
1.662126433396880287e+01 -1.319685459566126262e+00 4.357521842686881142e-01 1.000000000000000000e+00
1.663556834802557560e+01 -1.319051239390278907e+00 4.284549284710564288e-01 1.000000000000000000e+00
1.664987236208234478e+01 -1.318394271229973880e+00 4.211502836609569700e-01 1.000000000000000000e+00
1.666417637613911751e+01 -1.317714566415098654e+00 4.138383758122272660e-01 1.000000000000000000e+00
1.667848039019589024e+01 -1.317012136667650157e+00 4.065193310239612612e-01 1.000000000000000000e+00
1.669278440425266297e+01 -1.316286994101532271e+00 3.991932755183328907e-01 1.000000000000000000e+00
1.670708841830943214e+01 -1.315539151222350212e+00 3.918603356384272596e-01 1.000000000000000000e+00
1.672139243236620487e+01 -1.314768620927188714e+00 3.845206378460460650e-01 1.000000000000000000e+00
1.673569644642297760e+01 -1.313975416504396421e+00 3.771743087195406630e-01 1.000000000000000000e+00
1.675000046047975033e+01 -1.313159551633352295e+00 3.698214749516277045e-01 1.000000000000000000e+00
1.676430447453651951e+01 -1.312321040384230697e+00 3.624622633471979993e-01 1.000000000000000000e+00
1.677860848859329224e+01 -1.311459897217759574e+00 3.550968008211293769e-01 1.000000000000000000e+00
1.679291250265006497e+01 -1.310576136984969775e+00 3.477252143961045983e-01 1.000000000000000000e+00
1.680721651670683414e+01 -1.309669774926941255e+00 3.403476312004221627e-01 1.000000000000000000e+00
1.682152053076360687e+01 -1.308740826674537061e+00 3.329641784657896841e-01 1.000000000000000000e+00
1.683582454482037960e+01 -1.307789308248135773e+00 3.255749835251439128e-01 1.000000000000000000e+00
1.685012855887715233e+01 -1.306815236057355278e+00 3.181801738104531596e-01 1.000000000000000000e+00
1.686443257293392151e+01 -1.305818626900768997e+00 3.107798768505135589e-01 1.000000000000000000e+00
1.687873658699069424e+01 -1.304799497965615673e+00 3.033742202687477740e-01 1.000000000000000000e+00
1.689304060104746696e+01 -1.303757866827505607e+00 2.959633317810186903e-01 1.000000000000000000e+00
1.690734461510423969e+01 -1.302693751450114013e+00 2.885473391934106346e-01 1.000000000000000000e+00
1.692164862916100887e+01 -1.301607170184874152e+00 2.811263704000334651e-01 1.000000000000000000e+00
1.693595264321778160e+01 -1.300498141770658700e+00 2.737005533808152813e-01 1.000000000000000000e+00
1.695025665727455433e+01 -1.299366685333457783e+00 2.662700161992953563e-01 1.000000000000000000e+00
1.696456067133132350e+01 -1.298212820386049238e+00 2.588348870004170132e-01 1.000000000000000000e+00
1.697886468538809623e+01 -1.297036566827661330e+00 2.513952940083100107e-01 1.000000000000000000e+00
1.699316869944486896e+01 -1.295837944943629916e+00 2.439513655240948542e-01 1.000000000000000000e+00
1.700747271350164169e+01 -1.294616975405049386e+00 2.365032299236527469e-01 1.000000000000000000e+00
1.702177672755841087e+01 -1.293373679268414955e+00 2.290510156554276533e-01 1.000000000000000000e+00
1.703608074161518360e+01 -1.292108077975259395e+00 2.215948512381934743e-01 1.000000000000000000e+00
1.705038475567195633e+01 -1.290820193351785106e+00 2.141348652588537238e-01 1.000000000000000000e+00
1.706468876972872906e+01 -1.289510047608485088e+00 2.066711863702141994e-01 1.000000000000000000e+00
1.707899278378549823e+01 -1.288177663339763024e+00 1.992039432887740547e-01 1.000000000000000000e+00
1.709329679784227096e+01 -1.286823063523540922e+00 1.917332647924898104e-01 1.000000000000000000e+00
1.710760081189904369e+01 -1.285446271520862993e+00 1.842592797185691189e-01 1.000000000000000000e+00
1.712190482595581642e+01 -1.284047311075495967e+00 1.767821169612469601e-01 1.000000000000000000e+00
1.713620884001258560e+01 -1.282626206313515427e+00 1.693019054695566461e-01 1.000000000000000000e+00
1.715051285406935833e+01 -1.281182981742890803e+00 1.618187742451043243e-01 1.000000000000000000e+00
1.716481686812613106e+01 -1.279717662253065935e+00 1.543328523398585506e-01 1.000000000000000000e+00
1.717912088218290023e+01 -1.278230273114526749e+00 1.468442688539104424e-01 1.000000000000000000e+00
1.719342489623967296e+01 -1.276720839978363164e+00 1.393531529332471264e-01 1.000000000000000000e+00
1.720772891029644569e+01 -1.275189388875834329e+00 1.318596337675390084e-01 1.000000000000000000e+00
1.722203292435321842e+01 -1.273635946217911208e+00 1.243638405878957909e-01 1.000000000000000000e+00
1.723633693840998760e+01 -1.272060538794827389e+00 1.168659026646473587e-01 1.000000000000000000e+00
1.725064095246676033e+01 -1.270463193775612121e+00 1.093659493051048065e-01 1.000000000000000000e+00
1.726494496652353305e+01 -1.268843938707626906e+00 1.018641098513465709e-01 1.000000000000000000e+00
1.727924898058030578e+01 -1.267202801516085664e+00 9.436051367797002043e-02 1.000000000000000000e+00
1.729355299463707496e+01 -1.265539810503577112e+00 8.685529018987649119e-02 1.000000000000000000e+00
1.730785700869384769e+01 -1.263854994349573158e+00 7.934856882002190581e-02 1.000000000000000000e+00
1.732216102275062042e+01 -1.262148382109935962e+00 7.184047902720062939e-02 1.000000000000000000e+00
1.733646503680739315e+01 -1.260420003216417673e+00 6.433115029380323535e-02 1.000000000000000000e+00
1.735076905086416232e+01 -1.258669887476152383e+00 5.682071212359318668e-02 1.000000000000000000e+00
1.736507306492093505e+01 -1.256898065071139881e+00 4.930929403945730899e-02 1.000000000000000000e+00
1.737937707897770778e+01 -1.255104566557728063e+00 4.179702558118657263e-02 1.000000000000000000e+00
1.739368109303447696e+01 -1.253289422866086023e+00 3.428403630324207418e-02 1.000000000000000000e+00
1.740798510709124969e+01 -1.251452665299667144e+00 2.677045577250633870e-02 1.000000000000000000e+00
1.742228912114802242e+01 -1.249594325534672645e+00 1.925641356606326918e-02 1.000000000000000000e+00
1.743659313520479515e+01 -1.247714435619505347e+00 1.174203926896193011e-02 1.000000000000000000e+00
1.745089714926156432e+01 -1.245813027974214560e+00 4.227462471975298661e-03 1.000000000000000000e+00
1.746520116331833705e+01 -1.243890135389937202e+00 -3.287187230636204587e-03 1.000000000000000000e+00
1.747950517737510978e+01 -1.241945791028336465e+00 -1.080178024334521071e-02 1.000000000000000000e+00
1.749380919143188251e+01 -1.239980028421024061e+00 -1.831618697160843426e-02 1.000000000000000000e+00
1.750811320548865169e+01 -1.237992881468986450e+00 -2.583027782409198780e-02 1.000000000000000000e+00
1.752241721954542442e+01 -1.235984384441996653e+00 -3.334392321491590899e-02 1.000000000000000000e+00
1.753672123360219715e+01 -1.233954571978026715e+00 -4.085699356587291914e-02 1.000000000000000000e+00
1.755102524765896632e+01 -1.231903479082648634e+00 -4.836935930867750089e-02 1.000000000000000000e+00
1.756532926171573905e+01 -1.229831141128428840e+00 -5.588089088720046838e-02 1.000000000000000000e+00
1.757963327577251178e+01 -1.227737593854322240e+00 -6.339145875968872634e-02 1.000000000000000000e+00
1.759393728982928451e+01 -1.225622873365052934e+00 -7.090093340101544239e-02 1.000000000000000000e+00
1.760824130388605369e+01 -1.223487016130491600e+00 -7.840918530490567639e-02 1.000000000000000000e+00
1.762254531794282641e+01 -1.221330058985027778e+00 -8.591608498617152312e-02 1.000000000000000000e+00
1.763684933199959914e+01 -1.219152039126934595e+00 -9.342150298294513155e-02 1.000000000000000000e+00
1.765115334605637187e+01 -1.216952994117725062e+00 -1.009253098589128900e-01 1.000000000000000000e+00
1.766545736011314105e+01 -1.214732961881509476e+00 -1.084273762055398133e-01 1.000000000000000000e+00
1.767976137416991378e+01 -1.212491980704333727e+00 -1.159275726443171201e-01 1.000000000000000000e+00
1.769406538822668651e+01 -1.210230089233524930e+00 -1.234257698289791816e-01 1.000000000000000000e+00
1.770836940228345924e+01 -1.207947326477024852e+00 -1.309218384477356945e-01 1.000000000000000000e+00
1.772267341634022841e+01 -1.205643731802713559e+00 -1.384156492255082527e-01 1.000000000000000000e+00
1.773697743039700114e+01 -1.203319344937732183e+00 -1.459070729261612853e-01 1.000000000000000000e+00
1.775128144445377387e+01 -1.200974205967799691e+00 -1.533959803547165490e-01 1.000000000000000000e+00
1.776558545851054305e+01 -1.198608355336520104e+00 -1.608822423595953899e-01 1.000000000000000000e+00
1.777988947256731578e+01 -1.196221833844681948e+00 -1.683657298348447406e-01 1.000000000000000000e+00
1.779419348662408851e+01 -1.193814682649560366e+00 -1.758463137223569561e-01 1.000000000000000000e+00
1.780849750068086124e+01 -1.191386943264205023e+00 -1.833238650140956993e-01 1.000000000000000000e+00
1.782280151473763041e+01 -1.188938657556721790e+00 -1.907982547543271568e-01 1.000000000000000000e+00
1.783710552879440314e+01 -1.186469867749551765e+00 -1.982693540418454803e-01 1.000000000000000000e+00
1.785140954285117587e+01 -1.183980616418747189e+00 -2.057370340321814095e-01 1.000000000000000000e+00
1.786571355690794860e+01 -1.181470946493231589e+00 -2.132011659398404535e-01 1.000000000000000000e+00
1.788001757096471778e+01 -1.178940901254062368e+00 -2.206616210405155931e-01 1.000000000000000000e+00
1.789432158502149051e+01 -1.176390524333684295e+00 -2.281182706733090870e-01 1.000000000000000000e+00
1.790862559907826324e+01 -1.173819859715175662e+00 -2.355709862429511692e-01 1.000000000000000000e+00
1.792292961313503596e+01 -1.171228951731490664e+00 -2.430196392220193846e-01 1.000000000000000000e+00
1.793723362719180514e+01 -1.168617845064697125e+00 -2.504641011531472672e-01 1.000000000000000000e+00
1.795153764124857787e+01 -1.165986584745200005e+00 -2.579042436512554715e-01 1.000000000000000000e+00
1.796584165530535060e+01 -1.163335216150970242e+00 -2.653399384057516519e-01 1.000000000000000000e+00
1.798014566936211978e+01 -1.160663785006762039e+00 -2.727710571827431374e-01 1.000000000000000000e+00
1.799444968341889250e+01 -1.157972337383319728e+00 -2.801974718272628451e-01 1.000000000000000000e+00
1.800875369747566523e+01 -1.155260919696587285e+00 -2.876190542654651350e-01 1.000000000000000000e+00
1.802305771153243796e+01 -1.152529578706907865e+00 -2.950356765068359866e-01 1.000000000000000000e+00
1.803736172558920714e+01 -1.149778361518215553e+00 -3.024472106464066723e-01 1.000000000000000000e+00
1.805166573964597987e+01 -1.147007315577222464e+00 -3.098535288669596044e-01 1.000000000000000000e+00
1.806596975370275260e+01 -1.144216488672602949e+00 -3.172545034412264098e-01 1.000000000000000000e+00
1.808027376775952533e+01 -1.141405928934168923e+00 -3.246500067340903906e-01 1.000000000000000000e+00
1.809457778181629450e+01 -1.138575684832038748e+00 -3.320399112047943690e-01 1.000000000000000000e+00
1.810888179587306723e+01 -1.135725805175799463e+00 -3.394240894091414273e-01 1.000000000000000000e+00
1.812318580992983996e+01 -1.132856339113671229e+00 -3.468024140016788270e-01 1.000000000000000000e+00
1.813748982398660914e+01 -1.129967336131653788e+00 -3.541747577379083523e-01 1.000000000000000000e+00
1.815179383804338187e+01 -1.127058846052673147e+00 -3.615409934764806099e-01 1.000000000000000000e+00
1.816609785210015460e+01 -1.124130919035728260e+00 -3.689009941813734539e-01 1.000000000000000000e+00
1.818040186615692733e+01 -1.121183605575019282e+00 -3.762546329240988308e-01 1.000000000000000000e+00
1.819470588021369650e+01 -1.118216956499080483e+00 -3.836017828858837020e-01 1.000000000000000000e+00
1.820900989427046923e+01 -1.115231022969902286e+00 -3.909423173598586265e-01 1.000000000000000000e+00
1.822331390832724196e+01 -1.112225856482049524e+00 -3.982761097532429573e-01 1.000000000000000000e+00
1.823761792238401469e+01 -1.109201508861772378e+00 -4.056030335895298156e-01 1.000000000000000000e+00
1.825192193644078387e+01 -1.106158032266116198e+00 -4.129229625106589641e-01 1.000000000000000000e+00
1.826622595049755660e+01 -1.103095479182015337e+00 -4.202357702792122174e-01 1.000000000000000000e+00
1.828052996455432933e+01 -1.100013902425393653e+00 -4.275413307805758234e-01 1.000000000000000000e+00
1.829483397861110205e+01 -1.096913355140253454e+00 -4.348395180251173331e-01 1.000000000000000000e+00
1.830913799266787123e+01 -1.093793890797755797e+00 -4.421302061503644687e-01 1.000000000000000000e+00
1.832344200672464396e+01 -1.090655563195298772e+00 -4.494132694231758318e-01 1.000000000000000000e+00
1.833774602078141669e+01 -1.087498426455592249e+00 -4.566885822419029517e-01 1.000000000000000000e+00
1.835205003483818587e+01 -1.084322535025725065e+00 -4.639560191385547760e-01 1.000000000000000000e+00
1.836635404889495859e+01 -1.081127943676220671e+00 -4.712154547809754290e-01 1.000000000000000000e+00
1.838065806295173132e+01 -1.077914707500096991e+00 -4.784667639749918266e-01 1.000000000000000000e+00
1.839496207700850405e+01 -1.074682881911917853e+00 -4.857098216665744483e-01 1.000000000000000000e+00
1.840926609106527323e+01 -1.071432522646832197e+00 -4.929445029439995518e-01 1.000000000000000000e+00
1.842357010512204596e+01 -1.068163685759614845e+00 -5.001706830400054482e-01 1.000000000000000000e+00
1.843787411917881869e+01 -1.064876427623703714e+00 -5.073882373339301255e-01 1.000000000000000000e+00
1.845217813323559142e+01 -1.061570804930221712e+00 -5.145970413538761834e-01 1.000000000000000000e+00
1.846648214729236059e+01 -1.058246874687002848e+00 -5.217969707788489009e-01 1.000000000000000000e+00
1.848078616134913332e+01 -1.054904694217607242e+00 -5.289879014409026858e-01 1.000000000000000000e+00
1.849509017540590605e+01 -1.051544321160333917e+00 -5.361697093272820291e-01 1.000000000000000000e+00
1.850939418946267523e+01 -1.048165813467226037e+00 -5.433422705825586840e-01 1.000000000000000000e+00
1.852369820351944796e+01 -1.044769229403069266e+00 -5.505054615107750626e-01 1.000000000000000000e+00
1.853800221757622069e+01 -1.041354627544394340e+00 -5.576591585775627635e-01 1.000000000000000000e+00
1.855230623163299342e+01 -1.037922066778456553e+00 -5.648032384122892990e-01 1.000000000000000000e+00
1.856661024568976259e+01 -1.034471606302229896e+00 -5.719375778101706276e-01 1.000000000000000000e+00
1.858091425974653532e+01 -1.031003305621377431e+00 -5.790620537344125518e-01 1.000000000000000000e+00
1.859521827380330805e+01 -1.027517224549232111e+00 -5.861765433183178109e-01 1.000000000000000000e+00
1.860952228786008078e+01 -1.024013423205761164e+00 -5.932809238674133789e-01 1.000000000000000000e+00
1.862382630191684996e+01 -1.020491962016532916e+00 -6.003750728615580012e-01 1.000000000000000000e+00
1.863813031597362269e+01 -1.016952901711668744e+00 -6.074588679570699368e-01 1.000000000000000000e+00
1.865243433003039542e+01 -1.013396303324801240e+00 -6.145321869888232813e-01 1.000000000000000000e+00
1.866673834408716814e+01 -1.009822228192021498e+00 -6.215949079723560589e-01 1.000000000000000000e+00
1.868104235814393732e+01 -1.006230737950817522e+00 -6.286469091059809777e-01 1.000000000000000000e+00
1.869534637220071005e+01 -1.002621894539012404e+00 -6.356880687728859725e-01 1.000000000000000000e+00
1.870965038625748278e+01 -9.989957601936998444e-01 -6.427182655432194247e-01 1.000000000000000000e+00
1.872395440031425196e+01 -9.953523974501677918e-01 -6.497373781761967004e-01 1.000000000000000000e+00
1.873825841437102468e+01 -9.916918691408159736e-01 -6.567452856221921431e-01 1.000000000000000000e+00
1.875256242842779741e+01 -9.880142383940829776e-01 -6.637418670248120822e-01 1.000000000000000000e+00
1.876686644248457014e+01 -9.843195686333469085e-01 -6.707270017229949310e-01 1.000000000000000000e+00
1.878117045654133932e+01 -9.806079235758375923e-01 -6.777005692530825298e-01 1.000000000000000000e+00
1.879547447059811205e+01 -9.768793672315340126e-01 -6.846624493509068099e-01 1.000000000000000000e+00
1.880977848465488478e+01 -9.731339639020655241e-01 -6.916125219538489244e-01 1.000000000000000000e+00
1.882408249871165751e+01 -9.693717781795967436e-01 -6.985506672029263564e-01 1.000000000000000000e+00
1.883838651276842668e+01 -9.655928749457208804e-01 -7.054767654448447223e-01 1.000000000000000000e+00
1.885269052682519941e+01 -9.617973193703309720e-01 -7.123906972340777743e-01 1.000000000000000000e+00
1.886699454088197214e+01 -9.579851769105061088e-01 -7.192923433349127649e-01 1.000000000000000000e+00
1.888129855493874487e+01 -9.541565133093750095e-01 -7.261815847235153498e-01 1.000000000000000000e+00
1.889560256899551405e+01 -9.503113945949893671e-01 -7.330583025899733984e-01 1.000000000000000000e+00
1.890990658305228678e+01 -9.464498870791764329e-01 -7.399223783403604537e-01 1.000000000000000000e+00
1.892421059710905951e+01 -9.425720573564021487e-01 -7.467736935987684399e-01 1.000000000000000000e+00
1.893851461116582868e+01 -9.386779723026229538e-01 -7.536121302093486962e-01 1.000000000000000000e+00
1.895281862522260141e+01 -9.347676990741258241e-01 -7.604375702383625590e-01 1.000000000000000000e+00
1.896712263927937414e+01 -9.308413051063758603e-01 -7.672498959762025228e-01 1.000000000000000000e+00
1.898142665333614687e+01 -9.268988581128547732e-01 -7.740489899394235040e-01 1.000000000000000000e+00
1.899573066739291605e+01 -9.229404260838878216e-01 -7.808347348727747717e-01 1.000000000000000000e+00
1.901003468144968878e+01 -9.189660772854708615e-01 -7.876070137512236613e-01 1.000000000000000000e+00
1.902433869550646151e+01 -9.149758802581013928e-01 -7.943657097819601942e-01 1.000000000000000000e+00
1.903864270956323423e+01 -9.109699038155876227e-01 -8.011107064064266758e-01 1.000000000000000000e+00
1.905294672362000341e+01 -9.069482170438669666e-01 -8.078418873023180957e-01 1.000000000000000000e+00
1.906725073767677614e+01 -9.029108892998082281e-01 -8.145591363855978484e-01 1.000000000000000000e+00
1.908155475173354887e+01 -8.988579902100267693e-01 -8.212623378124843665e-01 1.000000000000000000e+00
1.909585876579031805e+01 -8.947895896696729245e-01 -8.279513759814624008e-01 1.000000000000000000e+00
1.911016277984709077e+01 -8.907057578412289622e-01 -8.346261355352767586e-01 1.000000000000000000e+00
1.912446679390386350e+01 -8.866065651533058256e-01 -8.412865013629083899e-01 1.000000000000000000e+00
1.913877080796063623e+01 -8.824920822994195557e-01 -8.479323586015742320e-01 1.000000000000000000e+00
1.915307482201740541e+01 -8.783623802367775957e-01 -8.545635926387006309e-01 1.000000000000000000e+00
1.916737883607417814e+01 -8.742175301850532154e-01 -8.611800891139017589e-01 1.000000000000000000e+00
1.918168285013095087e+01 -8.700576036251573830e-01 -8.677817339209514813e-01 1.000000000000000000e+00
1.919598686418772360e+01 -8.658826722980059731e-01 -8.743684132097526707e-01 1.000000000000000000e+00
1.921029087824449277e+01 -8.616928082032857539e-01 -8.809400133882938633e-01 1.000000000000000000e+00
1.922459489230126550e+01 -8.574880835982049421e-01 -8.874964211246220147e-01 1.000000000000000000e+00
1.923889890635803823e+01 -8.532685709962541942e-01 -8.940375233487842799e-01 1.000000000000000000e+00
1.925320292041481096e+01 -8.490343431659560514e-01 -9.005632072547796740e-01 1.000000000000000000e+00
1.926750693447158014e+01 -8.447854731296053910e-01 -9.070733603025100678e-01 1.000000000000000000e+00
1.928181094852835287e+01 -8.405220341620099900e-01 -9.135678702197219669e-01 1.000000000000000000e+00
1.929611496258512560e+01 -8.362440997892346406e-01 -9.200466250039309735e-01 1.000000000000000000e+00
1.931041897664189477e+01 -8.319517437873252819e-01 -9.265095129243652305e-01 1.000000000000000000e+00
1.932472299069866750e+01 -8.276450401810371282e-01 -9.329564225238909936e-01 1.000000000000000000e+00
1.933902700475544023e+01 -8.233240632425619099e-01 -9.393872426209292081e-01 1.000000000000000000e+00
1.935333101881221296e+01 -8.189888874902471194e-01 -9.458018623113734202e-01 1.000000000000000000e+00
1.936763503286898214e+01 -8.146395876873075981e-01 -9.522001709705075756e-01 1.000000000000000000e+00
1.938193904692575487e+01 -8.102762388405339022e-01 -9.585820582549149371e-01 1.000000000000000000e+00
1.939624306098252760e+01 -8.058989161990086636e-01 -9.649474141043689057e-01 1.000000000000000000e+00
1.941054707503930032e+01 -8.015076952527987464e-01 -9.712961287437449354e-01 1.000000000000000000e+00
1.942485108909606950e+01 -7.971026517316577298e-01 -9.776280926849069131e-01 1.000000000000000000e+00
1.943915510315284223e+01 -7.926838616037200635e-01 -9.839431967285959812e-01 1.000000000000000000e+00
1.945345911720961496e+01 -7.882514010741905608e-01 -9.902413319663145863e-01 1.000000000000000000e+00
1.946776313126638414e+01 -7.838053465840283396e-01 -9.965223897822048649e-01 1.000000000000000000e+00
1.948206714532315686e+01 -7.793457748086317638e-01 -1.002786261854920369e+00 1.000000000000000000e+00
1.949637115937992959e+01 -7.748727626565138360e-01 -1.009032840159496125e+00 1.000000000000000000e+00
1.951067517343670232e+01 -7.703863872679755920e-01 -1.015262016969211256e+00 1.000000000000000000e+00
1.952497918749347150e+01 -7.658867260137802724e-01 -1.021473684857440833e+00 1.000000000000000000e+00
1.953928320155024423e+01 -7.613738564938099529e-01 -1.027667736699522383e+00 1.000000000000000000e+00
1.955358721560701696e+01 -7.568478565357354970e-01 -1.033844065674590196e+00 1.000000000000000000e+00
1.956789122966378969e+01 -7.523088041936734083e-01 -1.040002565267419410e+00 1.000000000000000000e+00
1.958219524372055886e+01 -7.477567777468364651e-01 -1.046143129270269201e+00 1.000000000000000000e+00
1.959649925777733159e+01 -7.431918556981821355e-01 -1.052265651784712208e+00 1.000000000000000000e+00
1.961080327183410432e+01 -7.386141167730650992e-01 -1.058370027223457743e+00 1.000000000000000000e+00
1.962510728589087705e+01 -7.340236399178772242e-01 -1.064456150312171445e+00 1.000000000000000000e+00
1.963941129994764623e+01 -7.294205042986837695e-01 -1.070523916091296934e+00 1.000000000000000000e+00
1.965371531400441896e+01 -7.248047892998560338e-01 -1.076573219917866142e+00 1.000000000000000000e+00
1.966801932806119169e+01 -7.201765745227121096e-01 -1.082603957467292544e+00 1.000000000000000000e+00
1.968232334211796086e+01 -7.155359397841341007e-01 -1.088616024735183263e+00 1.000000000000000000e+00
1.969662735617473359e+01 -7.108829651151931106e-01 -1.094609318039130752e+00 1.000000000000000000e+00
1.971093137023150632e+01 -7.062177307597764520e-01 -1.100583734020491145e+00 1.000000000000000000e+00
1.972523538428827905e+01 -7.015403171731949827e-01 -1.106539169646177712e+00 1.000000000000000000e+00
1.973953939834504823e+01 -6.968508050207998794e-01 -1.112475522210432777e+00 1.000000000000000000e+00
1.975384341240182096e+01 -6.921492751765909723e-01 -1.118392689336599410e+00 1.000000000000000000e+00
1.976814742645859369e+01 -6.874358087218214175e-01 -1.124290568978888016e+00 1.000000000000000000e+00
1.978245144051536641e+01 -6.827104869435993706e-01 -1.130169059424136258e+00 1.000000000000000000e+00
1.979675545457213559e+01 -6.779733913334901052e-01 -1.136028059293557435e+00 1.000000000000000000e+00
1.981105946862890832e+01 -6.732246035861010336e-01 -1.141867467544501080e+00 1.000000000000000000e+00
1.982536348268568105e+01 -6.684642055976824926e-01 -1.147687183472184680e+00 1.000000000000000000e+00
1.983966749674245378e+01 -6.636922794647125423e-01 -1.153487106711431620e+00 1.000000000000000000e+00
1.985397151079922295e+01 -6.589089074824796555e-01 -1.159267137238407130e+00 1.000000000000000000e+00
1.986827552485599568e+01 -6.541141721436611878e-01 -1.165027175372342239e+00 1.000000000000000000e+00
1.988257953891276841e+01 -6.493081561369066224e-01 -1.170767121777249065e+00 1.000000000000000000e+00
1.989688355296953759e+01 -6.444909423454108222e-01 -1.176486877463632341e+00 1.000000000000000000e+00
1.991118756702631032e+01 -6.396626138454770683e-01 -1.182186343790207816e+00 1.000000000000000000e+00
1.992549158108308305e+01 -6.348232539050923107e-01 -1.187865422465591347e+00 1.000000000000000000e+00
1.993979559513985578e+01 -6.299729459824909839e-01 -1.193524015549997097e+00 1.000000000000000000e+00
1.995409960919662495e+01 -6.251117737247110506e-01 -1.199162025456929292e+00 1.000000000000000000e+00
1.996840362325339768e+01 -6.202398209661508233e-01 -1.204779354954868209e+00 1.000000000000000000e+00
1.998270763731017041e+01 -6.153571717271321129e-01 -1.210375907168935061e+00 1.000000000000000000e+00
1.999701165136694314e+01 -6.104639102124412853e-01 -1.215951585582574879e+00 1.000000000000000000e+00
2.001131566542371232e+01 -6.055601208098818633e-01 -1.221506294039215845e+00 1.000000000000000000e+00
2.002561967948048505e+01 -6.006458880888181362e-01 -1.227039936743926862e+00 1.000000000000000000e+00
2.003992369353725778e+01 -5.957212967987175478e-01 -1.232552418265072225e+00 1.000000000000000000e+00
2.005422770759402695e+01 -5.907864318676889770e-01 -1.238043643535953864e+00 1.000000000000000000e+00
2.006853172165079968e+01 -5.858413784010133574e-01 -1.243513517856458028e+00 1.000000000000000000e+00
2.008283573570757241e+01 -5.808862216796871758e-01 -1.248961946894676212e+00 1.000000000000000000e+00
2.009713974976434514e+01 -5.759210471589389924e-01 -1.254388836688545172e+00 1.000000000000000000e+00
2.011144376382111432e+01 -5.709459404667667215e-01 -1.259794093647455870e+00 1.000000000000000000e+00
2.012574777787788705e+01 -5.659609874024496001e-01 -1.265177624553879276e+00 1.000000000000000000e+00
2.014005179193465978e+01 -5.609662739350786964e-01 -1.270539336564963762e+00 1.000000000000000000e+00
2.015435580599143250e+01 -5.559618862020685448e-01 -1.275879137214141812e+00 1.000000000000000000e+00
2.016865982004820168e+01 -5.509479105076767746e-01 -1.281196934412719202e+00 1.000000000000000000e+00
2.018296383410497441e+01 -5.459244333215066414e-01 -1.286492636451473270e+00 1.000000000000000000e+00
2.019726784816174714e+01 -5.408915412770242126e-01 -1.291766152002225221e+00 1.000000000000000000e+00
2.021157186221851987e+01 -5.358493211700637859e-01 -1.297017390119415747e+00 1.000000000000000000e+00
2.022587587627528904e+01 -5.307978599573266454e-01 -1.302246260241677778e+00 1.000000000000000000e+00
2.024017989033206177e+01 -5.257372447548805949e-01 -1.307452672193400334e+00 1.000000000000000000e+00
2.025448390438883450e+01 -5.206675628366663755e-01 -1.312636536186272629e+00 1.000000000000000000e+00
2.026878791844560368e+01 -5.155889016329843200e-01 -1.317797762820842822e+00 1.000000000000000000e+00
2.028309193250237641e+01 -5.105013487289851160e-01 -1.322936263088059894e+00 1.000000000000000000e+00
2.029739594655914914e+01 -5.054049918631697835e-01 -1.328051948370799540e+00 1.000000000000000000e+00
2.031169996061592187e+01 -5.002999189258658941e-01 -1.333144730445400938e+00 1.000000000000000000e+00
2.032600397467269104e+01 -4.951862179577182221e-01 -1.338214521483185315e+00 1.000000000000000000e+00
2.034030798872946377e+01 -4.900639771481630214e-01 -1.343261234051973396e+00 1.000000000000000000e+00
2.035461200278623650e+01 -4.849332848339195645e-01 -1.348284781117585096e+00 1.000000000000000000e+00
2.036891601684300923e+01 -4.797942294974535948e-01 -1.353285076045351643e+00 1.000000000000000000e+00
2.038322003089977841e+01 -4.746468997654627042e-01 -1.358262032601597502e+00 1.000000000000000000e+00
2.039752404495655114e+01 -4.694913844073356213e-01 -1.363215564955142289e+00 1.000000000000000000e+00
2.041182805901332387e+01 -4.643277723336325935e-01 -1.368145587678766706e+00 1.000000000000000000e+00
2.042613207307009660e+01 -4.591561525945454525e-01 -1.373052015750695354e+00 1.000000000000000000e+00
2.044043608712686577e+01 -4.539766143783682262e-01 -1.377934764556054681e+00 1.000000000000000000e+00
2.045474010118363850e+01 -4.487892470099481002e-01 -1.382793749888343138e+00 1.000000000000000000e+00
2.046904411524041123e+01 -4.435941399491549197e-01 -1.387628887950874912e+00 1.000000000000000000e+00
2.048334812929718041e+01 -4.383913827893386461e-01 -1.392440095358223662e+00 1.000000000000000000e+00
2.049765214335395314e+01 -4.331810652557736008e-01 -1.397227289137671358e+00 1.000000000000000000e+00
2.051195615741072587e+01 -4.279632772041219724e-01 -1.401990386730627813e+00 1.000000000000000000e+00
2.052626017146749859e+01 -4.227381086188823911e-01 -1.406729305994058210e+00 1.000000000000000000e+00
2.054056418552426777e+01 -4.175056496118336180e-01 -1.411443965201901296e+00 1.000000000000000000e+00
2.055486819958104050e+01 -4.122659904204799552e-01 -1.416134283046481590e+00 1.000000000000000000e+00
2.056917221363781323e+01 -4.070192214065046499e-01 -1.420800178639902045e+00 1.000000000000000000e+00
2.058347622769458596e+01 -4.017654330542005381e-01 -1.425441571515447814e+00 1.000000000000000000e+00
2.059778024175135513e+01 -3.965047159689160661e-01 -1.430058381628969810e+00 1.000000000000000000e+00
2.061208425580812786e+01 -3.912371608754861563e-01 -1.434650529360270266e+00 1.000000000000000000e+00
2.062638826986490059e+01 -3.859628586166791719e-01 -1.439217935514465863e+00 1.000000000000000000e+00
2.064069228392166977e+01 -3.806819001516192347e-01 -1.443760521323361745e+00 1.000000000000000000e+00
2.065499629797844250e+01 -3.753943765542185340e-01 -1.448278208446811766e+00 1.000000000000000000e+00
2.066930031203521523e+01 -3.701003790116163539e-01 -1.452770918974059189e+00 1.000000000000000000e+00
2.068360432609198796e+01 -3.647999988225953394e-01 -1.457238575425090499e+00 1.000000000000000000e+00
2.069790834014875713e+01 -3.594933273960124187e-01 -1.461681100751966111e+00 1.000000000000000000e+00
2.071221235420552986e+01 -3.541804562492216757e-01 -1.466098418340151532e+00 1.000000000000000000e+00
2.072651636826230259e+01 -3.488614770064954462e-01 -1.470490452009837634e+00 1.000000000000000000e+00
2.074082038231907532e+01 -3.435364813974438047e-01 -1.474857126017255160e+00 1.000000000000000000e+00
2.075512439637584450e+01 -3.382055612554377144e-01 -1.479198365055977238e+00 1.000000000000000000e+00
2.076942841043261723e+01 -3.328688085160142474e-01 -1.483514094258225890e+00 1.000000000000000000e+00
2.078373242448938996e+01 -3.275263152153010671e-01 -1.487804239196156786e+00 1.000000000000000000e+00
2.079803643854616269e+01 -3.221781734884282544e-01 -1.492068725883142655e+00 1.000000000000000000e+00
2.081234045260293186e+01 -3.168244755679349156e-01 -1.496307480775052268e+00 1.000000000000000000e+00
2.082664446665970459e+01 -3.114653137821771223e-01 -1.500520430771520974e+00 1.000000000000000000e+00
2.084094848071647732e+01 -3.061007805537461213e-01 -1.504707503217202369e+00 1.000000000000000000e+00
2.085525249477324650e+01 -3.007309683978641179e-01 -1.508868625903029725e+00 1.000000000000000000e+00
2.086955650883001923e+01 -2.953559699207898848e-01 -1.513003727067460558e+00 1.000000000000000000e+00
2.088386052288679195e+01 -2.899758778182263130e-01 -1.517112735397709855e+00 1.000000000000000000e+00
2.089816453694356468e+01 -2.845907848737219137e-01 -1.521195580030981320e+00 1.000000000000000000e+00
2.091246855100033386e+01 -2.792007839570658789e-01 -1.525252190555691278e+00 1.000000000000000000e+00
2.092677256505710659e+01 -2.738059680226854753e-01 -1.529282497012684816e+00 1.000000000000000000e+00
2.094107657911387932e+01 -2.684064301080533732e-01 -1.533286429896434822e+00 1.000000000000000000e+00
2.095538059317065205e+01 -2.630022633320715508e-01 -1.537263920156248798e+00 1.000000000000000000e+00
2.096968460722742122e+01 -2.575935608934710741e-01 -1.541214899197454580e+00 1.000000000000000000e+00
2.098398862128419395e+01 -2.521804160692038832e-01 -1.545139298882585832e+00 1.000000000000000000e+00
2.099829263534096668e+01 -2.467629222128341349e-01 -1.549037051532555775e+00 1.000000000000000000e+00
2.101259664939773586e+01 -2.413411727529277406e-01 -1.552908089927825364e+00 1.000000000000000000e+00
2.102690066345450859e+01 -2.359152611914421271e-01 -1.556752347309561468e+00 1.000000000000000000e+00
2.104120467751128132e+01 -2.304852811021126657e-01 -1.560569757380789069e+00 1.000000000000000000e+00
2.105550869156805405e+01 -2.250513261288385192e-01 -1.564360254307535003e+00 1.000000000000000000e+00
2.106981270562482322e+01 -2.196134899840731236e-01 -1.568123772719959286e+00 1.000000000000000000e+00
2.108411671968159595e+01 -2.141718664471965461e-01 -1.571860247713490644e+00 1.000000000000000000e+00
2.109842073373836868e+01 -2.087265493629086033e-01 -1.575569614849938960e+00 1.000000000000000000e+00
2.111272474779514141e+01 -2.032776326396093791e-01 -1.579251810158605718e+00 1.000000000000000000e+00
2.112702876185191059e+01 -1.978252102477749408e-01 -1.582906770137393337e+00 1.000000000000000000e+00
2.114133277590868332e+01 -1.923693762183367739e-01 -1.586534431753897190e+00 1.000000000000000000e+00
2.115563678996545605e+01 -1.869102246410648815e-01 -1.590134732446491395e+00 1.000000000000000000e+00
2.116994080402222878e+01 -1.814478496629450543e-01 -1.593707610125407959e+00 1.000000000000000000e+00
2.118424481807899795e+01 -1.759823454865506454e-01 -1.597253003173808805e+00 1.000000000000000000e+00
2.119854883213577068e+01 -1.705138063684167316e-01 -1.600770850448851146e+00 1.000000000000000000e+00
2.121285284619254341e+01 -1.650423266174251002e-01 -1.604261091282733531e+00 1.000000000000000000e+00
2.122715686024931259e+01 -1.595680005931674472e-01 -1.607723665483750564e+00 1.000000000000000000e+00
2.124146087430608532e+01 -1.540909227043180674e-01 -1.611158513337329623e+00 1.000000000000000000e+00
2.125576488836285804e+01 -1.486111874070158989e-01 -1.614565575607053605e+00 1.000000000000000000e+00
2.127006890241963077e+01 -1.431288892032243076e-01 -1.617944793535691872e+00 1.000000000000000000e+00
2.128437291647639995e+01 -1.376441226391069417e-01 -1.621296108846208117e+00 1.000000000000000000e+00
2.129867693053317268e+01 -1.321569823033960644e-01 -1.624619463742766667e+00 1.000000000000000000e+00
2.131298094458994541e+01 -1.266675628257613595e-01 -1.627914800911729021e+00 1.000000000000000000e+00
2.132728495864671814e+01 -1.211759588751767647e-01 -1.631182063522643944e+00 1.000000000000000000e+00
2.134158897270348731e+01 -1.156822651582937317e-01 -1.634421195229222468e+00 1.000000000000000000e+00
2.135589298676026004e+01 -1.101865764177961671e-01 -1.637632140170317774e+00 1.000000000000000000e+00
2.137019700081703277e+01 -1.046889874307770918e-01 -1.640814842970882204e+00 1.000000000000000000e+00
2.138450101487380550e+01 -9.918959300710307458e-02 -1.643969248742921829e+00 1.000000000000000000e+00
2.139880502893057468e+01 -9.368848798777429376e-02 -1.647095303086447915e+00 1.000000000000000000e+00
2.141310904298734741e+01 -8.818576724328903993e-02 -1.650192952090412835e+00 1.000000000000000000e+00
2.142741305704412014e+01 -8.268152567201236813e-02 -1.653262142333638218e+00 1.000000000000000000e+00
2.144171707110088931e+01 -7.717585819854050344e-02 -1.656302820885735549e+00 1.000000000000000000e+00
2.145602108515766204e+01 -7.166885977205340874e-02 -1.659314935308024985e+00 1.000000000000000000e+00
2.147032509921443477e+01 -6.616062536468772515e-02 -1.662298433654433305e+00 1.000000000000000000e+00
2.148462911327120750e+01 -6.065124996989792322e-02 -1.665253264472390970e+00 1.000000000000000000e+00
2.149893312732797668e+01 -5.514082860081320758e-02 -1.668179376803721858e+00 1.000000000000000000e+00
2.151323714138474941e+01 -4.962945628859782160e-02 -1.671076720185522335e+00 1.000000000000000000e+00
2.152754115544152214e+01 -4.411722808082281511e-02 -1.673945244651026343e+00 1.000000000000000000e+00
2.154184516949829487e+01 -3.860423903981501093e-02 -1.676784900730473371e+00 1.000000000000000000e+00
2.155614918355506404e+01 -3.309058424102354762e-02 -1.679595639451957778e+00 1.000000000000000000e+00
2.157045319761183677e+01 -2.757635877137903924e-02 -1.682377412342275447e+00 1.000000000000000000e+00
2.158475721166860950e+01 -2.206165772765371000e-02 -1.685130171427757784e+00 1.000000000000000000e+00
2.159906122572537868e+01 -1.654657621482141447e-02 -1.687853869235100390e+00 1.000000000000000000e+00
2.161336523978215141e+01 -1.103120934441747039e-02 -1.690548458792181963e+00 1.000000000000000000e+00
2.162766925383892413e+01 -5.515652232898383099e-03 -1.693213893628872979e+00 1.000000000000000000e+00
2.164197326789569686e+01 -3.253104624420667161e-16 -1.695850127777839056e+00 1.000000000000000000e+00
