0.000000000000000000e+00 0.000000000000000000e+00 -9.279045371435677980e-01 1.000000000000000000e+00
1.429813099501272763e-02 9.748238225682048785e-02 -9.376808181766418393e-01 1.000000000000000000e+00
2.859626199002545527e-02 1.949631438981291875e-01 -9.474415105459605968e-01 1.000000000000000000e+00
4.289439298503817943e-02 2.924406643353564816e-01 -9.571864519829266227e-01 1.000000000000000000e+00
5.719252398005091054e-02 3.899133230338169831e-01 -9.669154804807966741e-01 1.000000000000000000e+00
7.149065497506364164e-02 4.873794995396500407e-01 -9.766284342973757804e-01 1.000000000000000000e+00
8.578878597007635887e-02 5.848375735067594672e-01 -9.863251519577054260e-01 1.000000000000000000e+00
1.000869169650890900e-01 6.822859247237520464e-01 -9.960054722567484031e-01 1.000000000000000000e+00
1.143850479601018211e-01 7.797229331408714881e-01 -1.005669234262068779e+00 1.000000000000000000e+00
1.286831789551145522e-01 8.771469788969322723e-01 -1.015316277316507643e+00 1.000000000000000000e+00
1.429813099501272833e-01 9.745564423462499404e-01 -1.024946441040852640e+00 1.000000000000000000e+00
1.572794409451400144e-01 1.071949704085566113e+00 -1.034559565336506726e+00 1.000000000000000000e+00
1.715775719401527177e-01 1.169325144980970732e+00 -1.044155490388147145e+00 1.000000000000000000e+00
1.858757029351654488e-01 1.266681146194820196e+00 -1.053734056666383534e+00 1.000000000000000000e+00
2.001738339301781799e-01 1.364016089212649829e+00 -1.063295104930410684e+00 1.000000000000000000e+00
2.144719649251909110e-01 1.461328355870081586e+00 -1.072838476230654203e+00 1.000000000000000000e+00
2.287700959202036421e-01 1.558616328379724525e+00 -1.082364011911414847e+00 1.000000000000000000e+00
2.430682269152163733e-01 1.655878389358070413e+00 -1.091871553613504187e+00 1.000000000000000000e+00
2.573663579102291044e-01 1.753112921852383543e+00 -1.101360943276879611e+00 1.000000000000000000e+00
2.716644889052418077e-01 1.850318309367579905e+00 -1.110832023143269565e+00 1.000000000000000000e+00
2.859626199002545666e-01 1.947492935893103683e+00 -1.120284635758797886e+00 1.000000000000000000e+00
3.002607508952672699e-01 2.044635185929788879e+00 -1.129718623976601277e+00 1.000000000000000000e+00
3.145588818902800288e-01 2.141743444516721162e+00 -1.139133830959440763e+00 1.000000000000000000e+00
3.288570128852927321e-01 2.238816097258082838e+00 -1.148530100182310498e+00 1.000000000000000000e+00
3.431551438803054355e-01 2.335851530349992267e+00 -1.157907275435038574e+00 1.000000000000000000e+00
3.574532748753181943e-01 2.432848130607335513e+00 -1.167265200824885385e+00 1.000000000000000000e+00
3.717514058703308977e-01 2.529804285490580895e+00 -1.176603720779133999e+00 1.000000000000000000e+00
3.860495368653436565e-01 2.626718383132589985e+00 -1.185922680047678091e+00 1.000000000000000000e+00
4.003476678603563599e-01 2.723588812365411727e+00 -1.195221923705598099e+00 1.000000000000000000e+00
4.146457988553691187e-01 2.820413962747073455e+00 -1.204501297155747608e+00 1.000000000000000000e+00
4.289439298503818221e-01 2.917192224588344818e+00 -1.213760646131309295e+00 1.000000000000000000e+00
4.432420608453945809e-01 3.013921988979505695e+00 -1.222999816698371101e+00 1.000000000000000000e+00
4.575401918404072843e-01 3.110601647817093252e+00 -1.232218655258479290e+00 1.000000000000000000e+00
4.718383228354199876e-01 3.207229593830631220e+00 -1.241417008551194634e+00 1.000000000000000000e+00
4.861364538304327465e-01 3.303804220609356523e+00 -1.250594723656638374e+00 1.000000000000000000e+00
5.004345848254454499e-01 3.400323922628921025e+00 -1.259751647998036406e+00 1.000000000000000000e+00
5.147327158204582087e-01 3.496787095278085289e+00 -1.268887629344254142e+00 1.000000000000000000e+00
5.290308468154709676e-01 3.593192134885392353e+00 -1.278002515812328044e+00 1.000000000000000000e+00
5.433289778104836154e-01 3.689537438745828180e+00 -1.287096155869991376e+00 1.000000000000000000e+00
5.576271088054963743e-01 3.785821405147472785e+00 -1.296168398338191752e+00 1.000000000000000000e+00
5.719252398005091331e-01 3.882042433398121162e+00 -1.305219092393606006e+00 1.000000000000000000e+00
5.862233707955217810e-01 3.978198923851892665e+00 -1.314248087571146639e+00 1.000000000000000000e+00
6.005215017905345398e-01 4.074289277935832843e+00 -1.323255233766463146e+00 1.000000000000000000e+00
6.148196327855472987e-01 4.170311898176481513e+00 -1.332240381238438243e+00 1.000000000000000000e+00
6.291177637805600575e-01 4.266265188226435967e+00 -1.341203380611677209e+00 1.000000000000000000e+00
6.434158947755727054e-01 4.362147552890884405e+00 -1.350144082878989682e+00 1.000000000000000000e+00
6.577140257705854642e-01 4.457957398154132278e+00 -1.359062339403869668e+00 1.000000000000000000e+00
6.720121567655982231e-01 4.553693131206094868e+00 -1.367958001922963573e+00 1.000000000000000000e+00
6.863102877606108709e-01 4.649353160468781887e+00 -1.376830922548536673e+00 1.000000000000000000e+00
7.006084187556236298e-01 4.744935895622756306e+00 -1.385680953770932033e+00 1.000000000000000000e+00
7.149065497506363887e-01 4.840439747633572765e+00 -1.394507948461021885e+00 1.000000000000000000e+00
7.292046807456491475e-01 4.935863128778193776e+00 -1.403311759872653441e+00 1.000000000000000000e+00
7.435028117406617953e-01 5.031204452671385496e+00 -1.412092241645089841e+00 1.000000000000000000e+00
7.578009427356745542e-01 5.126462134292096628e+00 -1.420849247805442195e+00 1.000000000000000000e+00
7.720990737306873131e-01 5.221634590009794685e+00 -1.429582632771096318e+00 1.000000000000000000e+00
7.863972047257000719e-01 5.316720237610811139e+00 -1.438292251352133455e+00 1.000000000000000000e+00
8.006953357207127198e-01 5.411717496324627952e+00 -1.446977958753744575e+00 1.000000000000000000e+00
8.149934667157254786e-01 5.506624786850173869e+00 -1.455639610578635779e+00 1.000000000000000000e+00
8.292915977107382375e-01 5.601440531382069210e+00 -1.464277062829431042e+00 1.000000000000000000e+00
8.435897287057508853e-01 5.696163153636856435e+00 -1.472890171911064083e+00 1.000000000000000000e+00
8.578878597007636442e-01 5.790791078879211184e+00 -1.481478794633166673e+00 1.000000000000000000e+00
8.721859906957764030e-01 5.885322733948116003e+00 -1.490042788212450287e+00 1.000000000000000000e+00
8.864841216907891619e-01 5.979756547283020751e+00 -1.498582010275076648e+00 1.000000000000000000e+00
9.007822526858018097e-01 6.074090948949959490e+00 -1.507096318859028061e+00 1.000000000000000000e+00
9.150803836808145686e-01 6.168324370667660261e+00 -1.515585572416465077e+00 1.000000000000000000e+00
9.293785146758273275e-01 6.262455245833609574e+00 -1.524049629816080831e+00 1.000000000000000000e+00
9.436766456708399753e-01 6.356482009550100010e+00 -1.532488350345447392e+00 1.000000000000000000e+00
9.579747766658527341e-01 6.450403098650249412e+00 -1.540901593713354334e+00 1.000000000000000000e+00
9.722729076608654930e-01 6.544216951723978326e+00 -1.549289220052141536e+00 1.000000000000000000e+00
9.865710386558782519e-01 6.637922009143981228e+00 -1.557651089920023990e+00 1.000000000000000000e+00
1.000869169650890900e+00 6.731516713091639126e+00 -1.565987064303411502e+00 1.000000000000000000e+00
1.015167300645903659e+00 6.824999507582938385e+00 -1.574297004619217288e+00 1.000000000000000000e+00
1.029465431640916417e+00 6.918368838494315831e+00 -1.582580772717163464e+00 1.000000000000000000e+00
1.043763562635929176e+00 7.011623153588513624e+00 -1.590838230882078097e+00 1.000000000000000000e+00
1.058061693630941935e+00 7.104760902540371070e+00 -1.599069241836184485e+00 1.000000000000000000e+00
1.072359824625954472e+00 7.197780536962608444e+00 -1.607273668741378891e+00 1.000000000000000000e+00
1.086657955620967231e+00 7.290680510431571726e+00 -1.615451375201515605e+00 1.000000000000000000e+00
1.100956086615979990e+00 7.383459278512918722e+00 -1.623602225264664689e+00 1.000000000000000000e+00
1.115254217610992749e+00 7.476115298787328278e+00 -1.631726083425376839e+00 1.000000000000000000e+00
1.129552348606005507e+00 7.568647030876106463e+00 -1.639822814626932246e+00 1.000000000000000000e+00
1.143850479601018266e+00 7.661052936466830054e+00 -1.647892284263594798e+00 1.000000000000000000e+00
1.158148610596031025e+00 7.753331479338894106e+00 -1.655934358182836741e+00 1.000000000000000000e+00
1.172446741591043562e+00 7.845481125389063948e+00 -1.663948902687580889e+00 1.000000000000000000e+00
1.186744872586056321e+00 7.937500342656975683e+00 -1.671935784538415737e+00 1.000000000000000000e+00
1.201043003581069080e+00 8.029387601350604697e+00 -1.679894870955816799e+00 1.000000000000000000e+00
1.215341134576081839e+00 8.121141373871701319e+00 -1.687826029622345070e+00 1.000000000000000000e+00
1.229639265571094597e+00 8.212760134841174064e+00 -1.695729128684855702e+00 1.000000000000000000e+00
1.243937396566107356e+00 8.304242361124472893e+00 -1.703604036756684925e+00 1.000000000000000000e+00
1.258235527561120115e+00 8.395586531856885415e+00 -1.711450622919836961e+00 1.000000000000000000e+00
1.272533658556132652e+00 8.486791128468832213e+00 -1.719268756727158509e+00 1.000000000000000000e+00
1.286831789551145411e+00 8.577854634711115978e+00 -1.727058308204507675e+00 1.000000000000000000e+00
1.301129920546158170e+00 8.668775536680120908e+00 -1.734819147852916910e+00 1.000000000000000000e+00
1.315428051541170928e+00 8.759552322842994343e+00 -1.742551146650742400e+00 1.000000000000000000e+00
1.329726182536183687e+00 8.850183484062750239e+00 -1.750254176055812128e+00 1.000000000000000000e+00
1.344024313531196446e+00 8.940667513623383300e+00 -1.757928108007560830e+00 1.000000000000000000e+00
1.358322444526209205e+00 9.031002907254908507e+00 -1.765572814929160739e+00 1.000000000000000000e+00
1.372620575521221742e+00 9.121188163158365114e+00 -1.773188169729639885e+00 1.000000000000000000e+00
1.386918706516234501e+00 9.211221782030790450e+00 -1.780774045805998407e+00 1.000000000000000000e+00
1.401216837511247260e+00 9.301102267090142206e+00 -1.788330317045309759e+00 1.000000000000000000e+00
1.415514968506260018e+00 9.390828124100181640e+00 -1.795856857826820363e+00 1.000000000000000000e+00
1.429813099501272777e+00 9.480397861395308823e+00 -1.803353543024035499e+00 1.000000000000000000e+00
1.444111230496285536e+00 9.569809989905374792e+00 -1.810820248006801192e+00 1.000000000000000000e+00
1.458409361491298295e+00 9.659063023180431529e+00 -1.818256848643375889e+00 1.000000000000000000e+00
1.472707492486311054e+00 9.748155477415433978e+00 -1.825663221302493033e+00 1.000000000000000000e+00
1.487005623481323591e+00 9.837085871474920751e+00 -1.833039242855417861e+00 1.000000000000000000e+00
1.501303754476336350e+00 9.925852726917632651e+00 -1.840384790677993099e+00 1.000000000000000000e+00
1.515601885471349108e+00 1.001445456802109213e+01 -1.847699742652678445e+00 1.000000000000000000e+00
1.529900016466361867e+00 1.010288992180612588e+01 -1.854983977170580722e+00 1.000000000000000000e+00
1.544198147461374626e+00 1.019115731806138037e+01 -1.862237373133474705e+00 1.000000000000000000e+00
1.558496278456387385e+00 1.027925528936772714e+01 -1.869459809955817509e+00 1.000000000000000000e+00
1.572794409451400144e+00 1.036718237112269314e+01 -1.876651167566752321e+00 1.000000000000000000e+00
1.587092540446412681e+00 1.045493710156477896e+01 -1.883811326412105247e+00 1.000000000000000000e+00
1.601390671441425440e+00 1.054251802179778430e+01 -1.890940167456372167e+00 1.000000000000000000e+00
1.615688802436438198e+00 1.062992367581505171e+01 -1.898037572184698707e+00 1.000000000000000000e+00
1.629986933431450957e+00 1.071715261052366053e+01 -1.905103422604848884e+00 1.000000000000000000e+00
1.644285064426463716e+00 1.080420337576861201e+01 -1.912137601249168872e+00 1.000000000000000000e+00
1.658583195421476475e+00 1.089107452435691314e+01 -1.919139991176537441e+00 1.000000000000000000e+00
1.672881326416489234e+00 1.097776461208164100e+01 -1.926110475974312175e+00 1.000000000000000000e+00
1.687179457411501771e+00 1.106427219774596260e+01 -1.933048939760263485e+00 1.000000000000000000e+00
1.701477588406514529e+00 1.115059584318708197e+01 -1.939955267184501952e+00 1.000000000000000000e+00
1.715775719401527288e+00 1.123673411330016059e+01 -1.946829343431395021e+00 1.000000000000000000e+00
1.730073850396540047e+00 1.132268557606215964e+01 -1.953671054221476577e+00 1.000000000000000000e+00
1.744371981391552806e+00 1.140844880255566629e+01 -1.960480285813346768e+00 1.000000000000000000e+00
1.758670112386565565e+00 1.149402236699263646e+01 -1.967256925005562929e+00 1.000000000000000000e+00
1.772968243381578324e+00 1.157940484673810033e+01 -1.974000859138520303e+00 1.000000000000000000e+00
1.787266374376590861e+00 1.166459482233380562e+01 -1.980711976096327209e+00 1.000000000000000000e+00
1.801564505371603619e+00 1.174959087752184494e+01 -1.987390164308666662e+00 1.000000000000000000e+00
1.815862636366616378e+00 1.183439159926816231e+01 -1.994035312752652889e+00 1.000000000000000000e+00
1.830160767361629137e+00 1.191899557778606855e+01 -2.000647310954676072e+00 1.000000000000000000e+00
1.844458898356641896e+00 1.200340140655966792e+01 -2.007226048992240663e+00 1.000000000000000000e+00
1.858757029351654655e+00 1.208760768236724914e+01 -2.013771417495787475e+00 1.000000000000000000e+00
1.873055160346667414e+00 1.217161300530460544e+01 -2.020283307650521554e+00 1.000000000000000000e+00
1.887353291341679951e+00 1.225541597880832079e+01 -2.026761611198209856e+00 1.000000000000000000e+00
1.901651422336692709e+00 1.233901520967896204e+01 -2.033206220438992240e+00 1.000000000000000000e+00
1.915949553331705468e+00 1.242240930810427457e+01 -2.039617028233160045e+00 1.000000000000000000e+00
1.930247684326718227e+00 1.250559688768225541e+01 -2.045993928002950657e+00 1.000000000000000000e+00
1.944545815321730986e+00 1.258857656544421921e+01 -2.052336813734304766e+00 1.000000000000000000e+00
1.958843946316743745e+00 1.267134696187779674e+01 -2.058645579978643614e+00 1.000000000000000000e+00
1.973142077311756504e+00 1.275390670094984280e+01 -2.064920121854608936e+00 1.000000000000000000e+00
1.987440208306769041e+00 1.283625441012933344e+01 -2.071160335049815338e+00 1.000000000000000000e+00
2.001738339301781799e+00 1.291838872041018149e+01 -2.077366115822580017e+00 1.000000000000000000e+00
2.016036470296794558e+00 1.300030826633400061e+01 -2.083537361003652055e+00 1.000000000000000000e+00
2.030334601291807317e+00 1.308201168601277509e+01 -2.089673967997919934e+00 1.000000000000000000e+00
2.044632732286820076e+00 1.316349762115154576e+01 -2.095775834786123948e+00 1.000000000000000000e+00
2.058930863281832835e+00 1.324476471707095371e+01 -2.101842859926550844e+00 1.000000000000000000e+00
2.073228994276845594e+00 1.332581162272978403e+01 -2.107874942556717812e+00 1.000000000000000000e+00
2.087527125271858353e+00 1.340663699074742432e+01 -2.113871982395051141e+00 1.000000000000000000e+00
2.101825256266871111e+00 1.348723947742624496e+01 -2.119833879742553773e+00 1.000000000000000000e+00
2.116123387261883870e+00 1.356761774277396881e+01 -2.125760535484460867e+00 1.000000000000000000e+00
2.130421518256896629e+00 1.364777045052591120e+01 -2.131651851091890482e+00 1.000000000000000000e+00
2.144719649251908944e+00 1.372769626816723765e+01 -2.137507728623478265e+00 1.000000000000000000e+00
2.159017780246921703e+00 1.380739386695508308e+01 -2.143328070727008150e+00 1.000000000000000000e+00
2.173315911241934462e+00 1.388686192194064795e+01 -2.149112780641029286e+00 1.000000000000000000e+00
2.187614042236947220e+00 1.396609911199123921e+01 -2.154861762196466302e+00 1.000000000000000000e+00
2.201912173231959979e+00 1.404510411981221729e+01 -2.160574919818216699e+00 1.000000000000000000e+00
2.216210304226972738e+00 1.412387563196890561e+01 -2.166252158526739802e+00 1.000000000000000000e+00
2.230508435221985497e+00 1.420241233890842913e+01 -2.171893383939635935e+00 1.000000000000000000e+00
2.244806566216998256e+00 1.428071293498146765e+01 -2.177498502273217174e+00 1.000000000000000000e+00
2.259104697212011015e+00 1.435877611846398239e+01 -2.183067420344062981e+00 1.000000000000000000e+00
2.273402828207023774e+00 1.443660059157884312e+01 -2.188600045570573638e+00 1.000000000000000000e+00
2.287700959202036533e+00 1.451418506051741275e+01 -2.194096285974505456e+00 1.000000000000000000e+00
2.301999090197049291e+00 1.459152823546105537e+01 -2.199556050182501554e+00 1.000000000000000000e+00
2.316297221192062050e+00 1.466862883060255918e+01 -2.204979247427611533e+00 1.000000000000000000e+00
2.330595352187074809e+00 1.474548556416754863e+01 -2.210365787550800487e+00 1.000000000000000000e+00
2.344893483182087124e+00 1.482209715843575815e+01 -2.215715581002446033e+00 1.000000000000000000e+00
2.359191614177099883e+00 1.489846233976230749e+01 -2.221028538843828670e+00 1.000000000000000000e+00
2.373489745172112642e+00 1.497457983859884401e+01 -2.226304572748609267e+00 1.000000000000000000e+00
2.387787876167125400e+00 1.505044838951466168e+01 -2.231543595004299885e+00 1.000000000000000000e+00
2.402086007162138159e+00 1.512606673121775103e+01 -2.236745518513718611e+00 1.000000000000000000e+00
2.416384138157150918e+00 1.520143360657574583e+01 -2.241910256796439072e+00 1.000000000000000000e+00
2.430682269152163677e+00 1.527654776263683800e+01 -2.247037723990229274e+00 1.000000000000000000e+00
2.444980400147176436e+00 1.535140795065059649e+01 -2.252127834852477584e+00 1.000000000000000000e+00
2.459278531142189195e+00 1.542601292608874175e+01 -2.257180504761609807e+00 1.000000000000000000e+00
2.473576662137201954e+00 1.550036144866581544e+01 -2.262195649718496071e+00 1.000000000000000000e+00
2.487874793132214712e+00 1.557445228235982881e+01 -2.267173186347849256e+00 1.000000000000000000e+00
2.502172924127227471e+00 1.564828419543278137e+01 -2.272113031899607893e+00 1.000000000000000000e+00
2.516471055122240230e+00 1.572185596045115119e+01 -2.277015104250314170e+00 1.000000000000000000e+00
2.530769186117252989e+00 1.579516635430629634e+01 -2.281879321904476843e+00 1.000000000000000000e+00
2.545067317112265304e+00 1.586821415823480486e+01 -2.286705603995931479e+00 1.000000000000000000e+00
2.559365448107278063e+00 1.594099815783873453e+01 -2.291493870289177170e+00 1.000000000000000000e+00
2.573663579102290822e+00 1.601351714310581897e+01 -2.296244041180716344e+00 1.000000000000000000e+00
2.587961710097303580e+00 1.608576990842956533e+01 -2.300956037700375489e+00 1.000000000000000000e+00
2.602259841092316339e+00 1.615775525262931467e+01 -2.305629781512618770e+00 1.000000000000000000e+00
2.616557972087329098e+00 1.622947197897020999e+01 -2.310265194917849652e+00 1.000000000000000000e+00
2.630856103082341857e+00 1.630091889518307013e+01 -2.314862200853704977e+00 1.000000000000000000e+00
2.645154234077354616e+00 1.637209481348423878e+01 -2.319420722896331277e+00 1.000000000000000000e+00
2.659452365072367375e+00 1.644299855059531978e+01 -2.323940685261661976e+00 1.000000000000000000e+00
2.673750496067380134e+00 1.651362892776284141e+01 -2.328422012806669716e+00 1.000000000000000000e+00
2.688048627062392892e+00 1.658398477077786382e+01 -2.332864631030623581e+00 1.000000000000000000e+00
2.702346758057405651e+00 1.665406490999549405e+01 -2.337268466076319218e+00 1.000000000000000000e+00
2.716644889052418410e+00 1.672386818035433365e+01 -2.341633444731315183e+00 1.000000000000000000e+00
2.730943020047431169e+00 1.679339342139584090e+01 -2.345959494429143533e+00 1.000000000000000000e+00
2.745241151042443484e+00 1.686263947728363632e+01 -2.350246543250518183e+00 1.000000000000000000e+00
2.759539282037456243e+00 1.693160519682271214e+01 -2.354494519924533513e+00 1.000000000000000000e+00
2.773837413032469001e+00 1.700028943347855659e+01 -2.358703353829843419e+00 1.000000000000000000e+00
2.788135544027481760e+00 1.706869104539623549e+01 -2.362872974995841702e+00 1.000000000000000000e+00
2.802433675022494519e+00 1.713680889541936381e+01 -2.367003314103820699e+00 1.000000000000000000e+00
2.816731806017507278e+00 1.720464185110902022e+01 -2.371094302488125027e+00 1.000000000000000000e+00
2.831029937012520037e+00 1.727218878476255526e+01 -2.375145872137293779e+00 1.000000000000000000e+00
2.845328068007532796e+00 1.733944857343234958e+01 -2.379157955695190285e+00 1.000000000000000000e+00
2.859626199002545555e+00 1.740642009894450837e+01 -2.383130486462123443e+00 1.000000000000000000e+00
2.873924329997558313e+00 1.747310224791738875e+01 -2.387063398395954827e+00 1.000000000000000000e+00
2.888222460992571072e+00 1.753949391178017692e+01 -2.390956626113196926e+00 1.000000000000000000e+00
2.902520591987583831e+00 1.760559398679127341e+01 -2.394810104890101154e+00 1.000000000000000000e+00
2.916818722982596590e+00 1.767140137405665357e+01 -2.398623770663733001e+00 1.000000000000000000e+00
2.931116853977609349e+00 1.773691497954814622e+01 -2.402397560033036505e+00 1.000000000000000000e+00
2.945414984972622108e+00 1.780213371412161294e+01 -2.406131410259890746e+00 1.000000000000000000e+00
2.959713115967634423e+00 1.786705649353505621e+01 -2.409825259270148567e+00 1.000000000000000000e+00
2.974011246962647181e+00 1.793168223846664233e+01 -2.413479045654673971e+00 1.000000000000000000e+00
2.988309377957659940e+00 1.799600987453264977e+01 -2.417092708670358192e+00 1.000000000000000000e+00
3.002607508952672699e+00 1.806003833230533218e+01 -2.420666188241132222e+00 1.000000000000000000e+00
3.016905639947685458e+00 1.812376654733068548e+01 -2.424199424958964233e+00 1.000000000000000000e+00
3.031203770942698217e+00 1.818719346014614757e+01 -2.427692360084849010e+00 1.000000000000000000e+00
3.045501901937710976e+00 1.825031801629823391e+01 -2.431144935549782282e+00 1.000000000000000000e+00
3.059800032932723735e+00 1.831313916636002759e+01 -2.434557093955727058e+00 1.000000000000000000e+00
3.074098163927736493e+00 1.837565586594866218e+01 -2.437928778576568423e+00 1.000000000000000000e+00
3.088396294922749252e+00 1.843786707574266259e+01 -2.441259933359055445e+00 1.000000000000000000e+00
3.102694425917762011e+00 1.849977176149923608e+01 -2.444550502923734214e+00 1.000000000000000000e+00
3.116992556912774770e+00 1.856136889407146029e+01 -2.447800432565868434e+00 1.000000000000000000e+00
3.131290687907787529e+00 1.862265744942537538e+01 -2.451009668256347140e+00 1.000000000000000000e+00
3.145588818902800288e+00 1.868363640865705477e+01 -2.454178156642584874e+00 1.000000000000000000e+00
3.159886949897812602e+00 1.874430475800948770e+01 -2.457305845049407189e+00 1.000000000000000000e+00
3.174185080892825361e+00 1.880466148888948652e+01 -2.460392681479928623e+00 1.000000000000000000e+00
3.188483211887838120e+00 1.886470559788440582e+01 -2.463438614616415112e+00 1.000000000000000000e+00
3.202781342882850879e+00 1.892443608677885081e+01 -2.466443593821136204e+00 1.000000000000000000e+00
3.217079473877863638e+00 1.898385196257127561e+01 -2.469407569137210157e+00 1.000000000000000000e+00
3.231377604872876397e+00 1.904295223749047494e+01 -2.472330491289431276e+00 1.000000000000000000e+00
3.245675735867889156e+00 1.910173592901201545e+01 -2.475212311685091926e+00 1.000000000000000000e+00
3.259973866862901914e+00 1.916020205987457459e+01 -2.478052982414787664e+00 1.000000000000000000e+00
3.274271997857914673e+00 1.921834965809616591e+01 -2.480852456253215266e+00 1.000000000000000000e+00
3.288570128852927432e+00 1.927617775699033231e+01 -2.483610686659958322e+00 1.000000000000000000e+00
3.302868259847940191e+00 1.933368539518218299e+01 -2.486327627780259064e+00 1.000000000000000000e+00
3.317166390842952950e+00 1.939087161662439485e+01 -2.489003234445781754e+00 1.000000000000000000e+00
3.331464521837965709e+00 1.944773547061311092e+01 -2.491637462175364526e+00 1.000000000000000000e+00
3.345762652832978468e+00 1.950427601180372505e+01 -2.494230267175757909e+00 1.000000000000000000e+00
3.360060783827990782e+00 1.956049230022660623e+01 -2.496781606342351800e+00 1.000000000000000000e+00
3.374358914823003541e+00 1.961638340130274827e+01 -2.499291437259894888e+00 1.000000000000000000e+00
3.388657045818016300e+00 1.967194838585927741e+01 -2.501759718203196758e+00 1.000000000000000000e+00
3.402955176813029059e+00 1.972718633014490308e+01 -2.504186408137822895e+00 1.000000000000000000e+00
3.417253307808041818e+00 1.978209631584527983e+01 -2.506571466720778130e+00 1.000000000000000000e+00
3.431551438803054577e+00 1.983667743009829820e+01 -2.508914854301175446e+00 1.000000000000000000e+00
3.445849569798067336e+00 1.989092876550921218e+01 -2.511216531920894557e+00 1.000000000000000000e+00
3.460147700793080094e+00 1.994484942016576667e+01 -2.513476461315233390e+00 1.000000000000000000e+00
3.474445831788092853e+00 1.999843849765316861e+01 -2.515694604913539134e+00 1.000000000000000000e+00
3.488743962783105612e+00 2.005169510706900127e+01 -2.517870925839837515e+00 1.000000000000000000e+00
3.503042093778118371e+00 2.010461836303802130e+01 -2.520005387913441641e+00 1.000000000000000000e+00
3.517340224773131130e+00 2.015720738572689541e+01 -2.522097955649556855e+00 1.000000000000000000e+00
3.531638355768143889e+00 2.020946130085881975e+01 -2.524148594259868705e+00 1.000000000000000000e+00
3.545936486763156648e+00 2.026137923972805055e+01 -2.526157269653123372e+00 1.000000000000000000e+00
3.560234617758168962e+00 2.031296033921433875e+01 -2.528123948435691215e+00 1.000000000000000000e+00
3.574532748753181721e+00 2.036420374179731496e+01 -2.530048597912124109e+00 1.000000000000000000e+00
3.588830879748194480e+00 2.041510859557068613e+01 -2.531931186085699448e+00 1.000000000000000000e+00
3.603129010743207239e+00 2.046567405425647124e+01 -2.533771681658950836e+00 1.000000000000000000e+00
3.617427141738219998e+00 2.051589927721899898e+01 -2.535570054034188114e+00 1.000000000000000000e+00
3.631725272733232757e+00 2.056578342947892679e+01 -2.537326273314007619e+00 1.000000000000000000e+00
3.646023403728245516e+00 2.061532568172711422e+01 -2.539040310301787784e+00 1.000000000000000000e+00
3.660321534723258274e+00 2.066452521033840029e+01 -2.540712136502175422e+00 1.000000000000000000e+00
3.674619665718271033e+00 2.071338119738530281e+01 -2.542341724121558677e+00 1.000000000000000000e+00
3.688917796713283792e+00 2.076189283065162883e+01 -2.543929046068529765e+00 1.000000000000000000e+00
3.703215927708296551e+00 2.081005930364594647e+01 -2.545474075954335280e+00 1.000000000000000000e+00
3.717514058703309310e+00 2.085787981561500715e+01 -2.546976788093314070e+00 1.000000000000000000e+00
3.731812189698322069e+00 2.090535357155709306e+01 -2.548437157503325778e+00 1.000000000000000000e+00
3.746110320693334828e+00 2.095247978223516583e+01 -2.549855159906164737e+00 1.000000000000000000e+00
3.760408451688347586e+00 2.099925766419003992e+01 -2.551230771727963642e+00 1.000000000000000000e+00
3.774706582683359901e+00 2.104568643975338915e+01 -2.552563970099587021e+00 1.000000000000000000e+00
3.789004713678372660e+00 2.109176533706067147e+01 -2.553854732857010035e+00 1.000000000000000000e+00
3.803302844673385419e+00 2.113749359006398265e+01 -2.555103038541686189e+00 1.000000000000000000e+00
3.817600975668398178e+00 2.118287043854475016e+01 -2.556308866400906599e+00 1.000000000000000000e+00
3.831899106663410937e+00 2.122789512812642343e+01 -2.557472196388143271e+00 1.000000000000000000e+00
3.846197237658423695e+00 2.127256691028696522e+01 -2.558593009163381726e+00 1.000000000000000000e+00
3.860495368653436454e+00 2.131688504237133586e+01 -2.559671286093444742e+00 1.000000000000000000e+00
3.874793499648449213e+00 2.136084878760381400e+01 -2.560707009252299216e+00 1.000000000000000000e+00
3.889091630643461972e+00 2.140445741510025002e+01 -2.561700161421358146e+00 1.000000000000000000e+00
3.903389761638474731e+00 2.144771019988023752e+01 -2.562650726089761744e+00 1.000000000000000000e+00
3.917687892633487490e+00 2.149060642287913225e+01 -2.563558687454656759e+00 1.000000000000000000e+00
3.931986023628500249e+00 2.153314537096002468e+01 -2.564424030421456280e+00 1.000000000000000000e+00
3.946284154623513007e+00 2.157532633692561319e+01 -2.565246740604091968e+00 1.000000000000000000e+00
3.960582285618525766e+00 2.161714861952991029e+01 -2.566026804325252542e+00 1.000000000000000000e+00
3.974880416613538081e+00 2.165861152348995589e+01 -2.566764208616611143e+00 1.000000000000000000e+00
3.989178547608550840e+00 2.169971435949734939e+01 -2.567458941219041613e+00 1.000000000000000000e+00
4.003476678603563599e+00 2.174045644422970724e+01 -2.568110990582822328e+00 1.000000000000000000e+00
4.017774809598576802e+00 2.178083710036202802e+01 -2.568720345867826271e+00 1.000000000000000000e+00
4.032072940593589117e+00 2.182085565657795811e+01 -2.569286996943704438e+00 1.000000000000000000e+00
4.046371071588602319e+00 2.186051144758094011e+01 -2.569810934390051482e+00 1.000000000000000000e+00
4.060669202583614634e+00 2.189980381410528665e+01 -2.570292149496563816e+00 1.000000000000000000e+00
4.074967333578626949e+00 2.193873210292713338e+01 -2.570730634263183934e+00 1.000000000000000000e+00
4.089265464573640152e+00 2.197729566687528902e+01 -2.571126381400232752e+00 1.000000000000000000e+00
4.103563595568652467e+00 2.201549386484201776e+01 -2.571479384328533513e+00 1.000000000000000000e+00
4.117861726563665670e+00 2.205332606179367616e+01 -2.571789637179517474e+00 1.000000000000000000e+00
4.132159857558677984e+00 2.209079162878128244e+01 -2.572057134795322941e+00 1.000000000000000000e+00
4.146457988553691187e+00 2.212788994295096145e+01 -2.572281872728882313e+00 1.000000000000000000e+00
4.160756119548703502e+00 2.216462038755432573e+01 -2.572463847243994461e+00 1.000000000000000000e+00
4.175054250543716705e+00 2.220098235195867531e+01 -2.572603055315387355e+00 1.000000000000000000e+00
4.189352381538729020e+00 2.223697523165722600e+01 -2.572699494628768679e+00 1.000000000000000000e+00
4.203650512533742223e+00 2.227259842827907832e+01 -2.572753163580863145e+00 1.000000000000000000e+00
4.217948643528754538e+00 2.230785134959922189e+01 -2.572764061279440906e+00 1.000000000000000000e+00
4.232246774523767741e+00 2.234273340954837295e+01 -2.572732187543330440e+00 1.000000000000000000e+00
4.246544905518780055e+00 2.237724402822268743e+01 -2.572657542902423877e+00 1.000000000000000000e+00
4.260843036513793258e+00 2.241138263189342084e+01 -2.572540128597665010e+00 1.000000000000000000e+00
4.275141167508805573e+00 2.244514865301648854e+01 -2.572379946581032861e+00 1.000000000000000000e+00
4.289439298503817888e+00 2.247854153024186274e+01 -2.572176999515504381e+00 1.000000000000000000e+00
4.303737429498831091e+00 2.251156070842292323e+01 -2.571931290775014478e+00 1.000000000000000000e+00
4.318035560493843406e+00 2.254420563862568727e+01 -2.571642824444398290e+00 1.000000000000000000e+00
4.332333691488856608e+00 2.257647577813793660e+01 -2.571311605319321902e+00 1.000000000000000000e+00
4.346631822483868923e+00 2.260837059047823061e+01 -2.570937638906204192e+00 1.000000000000000000e+00
4.360929953478882126e+00 2.263988954540483789e+01 -2.570520931422125344e+00 1.000000000000000000e+00
4.375228084473894441e+00 2.267103211892452919e+01 -2.570061489794722931e+00 1.000000000000000000e+00
4.389526215468907644e+00 2.270179779330132064e+01 -2.569559321662077345e+00 1.000000000000000000e+00
4.403824346463919959e+00 2.273218605706505357e+01 -2.569014435372583449e+00 1.000000000000000000e+00
4.418122477458933162e+00 2.276219640501992103e+01 -2.568426839984812915e+00 1.000000000000000000e+00
4.432420608453945476e+00 2.279182833825282728e+01 -2.567796545267364561e+00 1.000000000000000000e+00
4.446718739448958679e+00 2.282108136414175092e+01 -2.567123561698699152e+00 1.000000000000000000e+00
4.461016870443970994e+00 2.284995499636384153e+01 -2.566407900466967984e+00 1.000000000000000000e+00
4.475315001438983309e+00 2.287844875490360153e+01 -2.565649573469825029e+00 1.000000000000000000e+00
4.489613132433996512e+00 2.290656216606079099e+01 -2.564848593314231096e+00 1.000000000000000000e+00
4.503911263429008827e+00 2.293429476245833243e+01 -2.564004973316241998e+00 1.000000000000000000e+00
4.518209394424022030e+00 2.296164608305009835e+01 -2.563118727500787841e+00 1.000000000000000000e+00
4.532507525419034344e+00 2.298861567312853893e+01 -2.562189870601441211e+00 1.000000000000000000e+00
4.546805656414047547e+00 2.301520308433227058e+01 -2.561218418060171143e+00 1.000000000000000000e+00
4.561103787409059862e+00 2.304140787465352247e+01 -2.560204386027085999e+00 1.000000000000000000e+00
4.575401918404073065e+00 2.306722960844546577e+01 -2.559147791360165236e+00 1.000000000000000000e+00
4.589700049399085380e+00 2.309266785642949316e+01 -2.558048651624980074e+00 1.000000000000000000e+00
4.603998180394098583e+00 2.311772219570231712e+01 -2.556906985094401286e+00 1.000000000000000000e+00
4.618296311389110897e+00 2.314239220974303279e+01 -2.555722810748293217e+00 1.000000000000000000e+00
4.632594442384124100e+00 2.316667748842000307e+01 -2.554496148273201594e+00 1.000000000000000000e+00
4.646892573379136415e+00 2.319057762799773315e+01 -2.553227018062024012e+00 1.000000000000000000e+00
4.661190704374149618e+00 2.321409223114352827e+01 -2.551915441213671087e+00 1.000000000000000000e+00
4.675488835369161933e+00 2.323722090693413378e+01 -2.550561439532716523e+00 1.000000000000000000e+00
4.689786966364174248e+00 2.325996327086220816e+01 -2.549165035529034284e+00 1.000000000000000000e+00
4.704085097359187451e+00 2.328231894484274989e+01 -2.547726252417424231e+00 1.000000000000000000e+00
4.718383228354199765e+00 2.330428755721934309e+01 -2.546245114117226205e+00 1.000000000000000000e+00
4.732681359349212968e+00 2.332586874277036770e+01 -2.544721645251922126e+00 1.000000000000000000e+00
4.746979490344225283e+00 2.334706214271505686e+01 -2.543155871148727432e+00 1.000000000000000000e+00
4.761277621339238486e+00 2.336786740471945478e+01 -2.541547817838169632e+00 1.000000000000000000e+00
4.775575752334250801e+00 2.338828418290228583e+01 -2.539897512053654438e+00 1.000000000000000000e+00
4.789873883329264004e+00 2.340831213784072773e+01 -2.538204981231023449e+00 1.000000000000000000e+00
4.804172014324276319e+00 2.342795093657598215e+01 -2.536470253508096295e+00 1.000000000000000000e+00
4.818470145319289522e+00 2.344720025261889518e+01 -2.534693357724203455e+00 1.000000000000000000e+00
4.832768276314301836e+00 2.346605976595532184e+01 -2.532874323419707530e+00 1.000000000000000000e+00
4.847066407309315039e+00 2.348452916305149785e+01 -2.531013180835510745e+00 1.000000000000000000e+00
4.861364538304327354e+00 2.350260813685919814e+01 -2.529109960912552690e+00 1.000000000000000000e+00
4.875662669299340557e+00 2.352029638682087409e+01 -2.527164695291296947e+00 1.000000000000000000e+00
4.889960800294352872e+00 2.353759361887465928e+01 -2.525177416311204404e+00 1.000000000000000000e+00
4.904258931289365187e+00 2.355449954545922608e+01 -2.523148157010194126e+00 1.000000000000000000e+00
4.918557062284378389e+00 2.357101388551858889e+01 -2.521076951124096244e+00 1.000000000000000000e+00
4.932855193279390704e+00 2.358713636450678663e+01 -2.518963833086091952e+00 1.000000000000000000e+00
4.947153324274403907e+00 2.360286671439240180e+01 -2.516808838026136197e+00 1.000000000000000000e+00
4.961451455269416222e+00 2.361820467366307241e+01 -2.514612001770379912e+00 1.000000000000000000e+00
4.975749586264429425e+00 2.363314998732979433e+01 -2.512373360840569614e+00 1.000000000000000000e+00
4.990047717259441740e+00 2.364770240693119874e+01 -2.510092952453442550e+00 1.000000000000000000e+00
5.004345848254454943e+00 2.366186169053764488e+01 -2.507770814520108082e+00 1.000000000000000000e+00
5.018643979249467257e+00 2.367562760275527012e+01 -2.505406985645416640e+00 1.000000000000000000e+00
5.032942110244480460e+00 2.368899991472988731e+01 -2.503001505127316229e+00 1.000000000000000000e+00
5.047240241239492775e+00 2.370197840415081458e+01 -2.500554412956204509e+00 1.000000000000000000e+00
5.061538372234505978e+00 2.371456285525453467e+01 -2.498065749814256886e+00 1.000000000000000000e+00
5.075836503229518293e+00 2.372675305882829022e+01 -2.495535557074756383e+00 1.000000000000000000e+00
5.090134634224530608e+00 2.373854881221360102e+01 -2.492963876801401746e+00 1.000000000000000000e+00
5.104432765219543811e+00 2.374994991930957156e+01 -2.490350751747609781e+00 1.000000000000000000e+00
5.118730896214556125e+00 2.376095619057621988e+01 -2.487696225355805257e+00 1.000000000000000000e+00
5.133029027209569328e+00 2.377156744303755431e+01 -2.485000341756696596e+00 1.000000000000000000e+00
5.147327158204581643e+00 2.378178350028467491e+01 -2.482263145768544899e+00 1.000000000000000000e+00
5.161625289199594846e+00 2.379160419247867608e+01 -2.479484682896415659e+00 1.000000000000000000e+00
5.175923420194607161e+00 2.380102935635348516e+01 -2.476664999331425143e+00 1.000000000000000000e+00
5.190221551189620364e+00 2.381005883521856248e+01 -2.473804141949971669e+00 1.000000000000000000e+00
5.204519682184632678e+00 2.381869247896152331e+01 -2.470902158312954899e+00 1.000000000000000000e+00
5.218817813179645881e+00 2.382693014405061049e+01 -2.467959096664985807e+00 1.000000000000000000e+00
5.233115944174658196e+00 2.383477169353710323e+01 -2.464975005933587759e+00 1.000000000000000000e+00
5.247414075169671399e+00 2.384221699705757658e+01 -2.461949935728377614e+00 1.000000000000000000e+00
5.261712206164683714e+00 2.384926593083608637e+01 -2.458883936340244603e+00 1.000000000000000000e+00
5.276010337159696917e+00 2.385591837768621204e+01 -2.455777058740513663e+00 1.000000000000000000e+00
5.290308468154709232e+00 2.386217422701301061e+01 -2.452629354580098120e+00 1.000000000000000000e+00
5.304606599149721546e+00 2.386803337481484988e+01 -2.449440876188639926e+00 1.000000000000000000e+00
5.318904730144734749e+00 2.387349572368514927e+01 -2.446211676573639693e+00 1.000000000000000000e+00
5.333202861139747064e+00 2.387856118281399276e+01 -2.442941809419578725e+00 1.000000000000000000e+00
5.347500992134760267e+00 2.388322966798962455e+01 -2.439631329087022404e+00 1.000000000000000000e+00
5.361799123129772582e+00 2.388750110159988083e+01 -2.436280290611717358e+00 1.000000000000000000e+00
5.376097254124785785e+00 2.389137541263344389e+01 -2.432888749703679299e+00 1.000000000000000000e+00
5.390395385119798100e+00 2.389485253668106068e+01 -2.429456762746262655e+00 1.000000000000000000e+00
5.404693516114811302e+00 2.389793241593657669e+01 -2.425984386795226655e+00 1.000000000000000000e+00
5.418991647109823617e+00 2.390061499919790933e+01 -2.422471679577785419e+00 1.000000000000000000e+00
5.433289778104836820e+00 2.390290024186792905e+01 -2.418918699491647839e+00 1.000000000000000000e+00
5.447587909099849135e+00 2.390478810595514503e+01 -2.415325505604048129e+00 1.000000000000000000e+00
5.461886040094862338e+00 2.390627856007438368e+01 -2.411692157650760837e+00 1.000000000000000000e+00
5.476184171089874653e+00 2.390737157944729674e+01 -2.408018716035112750e+00 1.000000000000000000e+00
5.490482302084886967e+00 2.390806714590275917e+01 -2.404305241826973472e+00 1.000000000000000000e+00
5.504780433079900170e+00 2.390836524787717821e+01 -2.400551796761744239e+00 1.000000000000000000e+00
5.519078564074912485e+00 2.390826588041471013e+01 -2.396758443239328074e+00 1.000000000000000000e+00
5.533376695069925688e+00 2.390776904516729573e+01 -2.392925244323095946e+00 1.000000000000000000e+00
5.547674826064938003e+00 2.390687475039468879e+01 -2.389052263738835613e+00 1.000000000000000000e+00
5.561972957059951206e+00 2.390558301096426064e+01 -2.385139565873693357e+00 1.000000000000000000e+00
5.576271088054963521e+00 2.390389384835080122e+01 -2.381187215775104171e+00 1.000000000000000000e+00
5.590569219049976724e+00 2.390180729063613185e+01 -2.377195279149707297e+00 1.000000000000000000e+00
5.604867350044989038e+00 2.389932337250864691e+01 -2.373163822362259534e+00 1.000000000000000000e+00
5.619165481040002241e+00 2.389644213526275252e+01 -2.369092912434525466e+00 1.000000000000000000e+00
5.633463612035014556e+00 2.389316362679815242e+01 -2.364982617044168567e+00 1.000000000000000000e+00
5.647761743030027759e+00 2.388948790161907354e+01 -2.360833004523622325e+00 1.000000000000000000e+00
5.662059874025040074e+00 2.388541502083335288e+01 -2.356644143858956930e+00 1.000000000000000000e+00
5.676358005020053277e+00 2.388094505215141083e+01 -2.352416104688730414e+00 1.000000000000000000e+00
5.690656136015065591e+00 2.387607806988514625e+01 -2.348148957302832240e+00 1.000000000000000000e+00
5.704954267010077906e+00 2.387081415494668590e+01 -2.343842772641314909e+00 1.000000000000000000e+00
5.719252398005091109e+00 2.386515339484704867e+01 -2.339497622293211787e+00 1.000000000000000000e+00
5.733550529000103424e+00 2.385909588369468182e+01 -2.335113578495351838e+00 1.000000000000000000e+00
5.747848659995116627e+00 2.385264172219388712e+01 -2.330690714131154806e+00 1.000000000000000000e+00
5.762146790990128942e+00 2.384579101764319020e+01 -2.326229102729419740e+00 1.000000000000000000e+00
5.776444921985142145e+00 2.383854388393350732e+01 -2.321728818463105970e+00 1.000000000000000000e+00
5.790743052980154459e+00 2.383090044154626241e+01 -2.317189936148095430e+00 1.000000000000000000e+00
5.805041183975167662e+00 2.382286081755141183e+01 -2.312612531241951874e+00 1.000000000000000000e+00
5.819339314970179977e+00 2.381442514560530910e+01 -2.307996679842666765e+00 1.000000000000000000e+00
5.833637445965193180e+00 2.380559356594847387e+01 -2.303342458687390515e+00 1.000000000000000000e+00
5.847935576960205495e+00 2.379636622540328617e+01 -2.298649945151162388e+00 1.000000000000000000e+00
5.862233707955218698e+00 2.378674327737152794e+01 -2.293919217245618203e+00 1.000000000000000000e+00
5.876531838950231013e+00 2.377672488183183930e+01 -2.289150353617698475e+00 1.000000000000000000e+00
5.890829969945244216e+00 2.376631120533706110e+01 -2.284343433548337021e+00 1.000000000000000000e+00
5.905128100940256530e+00 2.375550242101144249e+01 -2.279498536951146015e+00 1.000000000000000000e+00
5.919426231935268845e+00 2.374429870854781655e+01 -2.274615744371085047e+00 1.000000000000000000e+00
5.933724362930282048e+00 2.373270025420453777e+01 -2.269695136983123085e+00 1.000000000000000000e+00
5.948022493925294363e+00 2.372070725080246945e+01 -2.264736796590890666e+00 1.000000000000000000e+00
5.962320624920307566e+00 2.370831989772170090e+01 -2.259740805625316096e+00 1.000000000000000000e+00
5.976618755915319881e+00 2.369553840089828256e+01 -2.254707247143258542e+00 1.000000000000000000e+00
5.990916886910333083e+00 2.368236297282077985e+01 -2.249636204826124697e+00 1.000000000000000000e+00
6.005215017905345398e+00 2.366879383252676661e+01 -2.244527762978481000e+00 1.000000000000000000e+00
6.019513148900358601e+00 2.365483120559913743e+01 -2.239382006526647206e+00 1.000000000000000000e+00
6.033811279895370916e+00 2.364047532416240216e+01 -2.234199021017289510e+00 1.000000000000000000e+00
6.048109410890384119e+00 2.362572642687880276e+01 -2.228978892615995022e+00 1.000000000000000000e+00
6.062407541885396434e+00 2.361058475894435915e+01 -2.223721708105840023e+00 1.000000000000000000e+00
6.076705672880409637e+00 2.359505057208478007e+01 -2.218427554885948894e+00 1.000000000000000000e+00
6.091003803875421951e+00 2.357912412455128504e+01 -2.213096520970037950e+00 1.000000000000000000e+00
6.105301934870434266e+00 2.356280568111631979e+01 -2.207728694984955720e+00 1.000000000000000000e+00
6.119600065865447469e+00 2.354609551306911541e+01 -2.202324166169206343e+00 1.000000000000000000e+00
6.133898196860459784e+00 2.352899389821125098e+01 -2.196883024371469428e+00 1.000000000000000000e+00
6.148196327855472987e+00 2.351150112085195687e+01 -2.191405360049103024e+00 1.000000000000000000e+00
6.162494458850485302e+00 2.349361747180343940e+01 -2.185891264266641709e+00 1.000000000000000000e+00
6.176792589845498505e+00 2.347534324837602426e+01 -2.180340828694281807e+00 1.000000000000000000e+00
6.191090720840510819e+00 2.345667875437322891e+01 -2.174754145606359046e+00 1.000000000000000000e+00
6.205388851835524022e+00 2.343762430008668574e+01 -2.169131307879811565e+00 1.000000000000000000e+00
6.219686982830536337e+00 2.341818020229102260e+01 -2.163472408992639817e+00 1.000000000000000000e+00
6.233985113825549540e+00 2.339834678423855152e+01 -2.157777543022346922e+00 1.000000000000000000e+00
6.248283244820561855e+00 2.337812437565393253e+01 -2.152046804644381695e+00 1.000000000000000000e+00
6.262581375815575058e+00 2.335751331272867404e+01 -2.146280289130558572e+00 1.000000000000000000e+00
6.276879506810587372e+00 2.333651393811554087e+01 -2.140478092347477546e+00 1.000000000000000000e+00
6.291177637805600575e+00 2.331512660092288058e+01 -2.134640310754927217e+00 1.000000000000000000e+00
6.305475768800612890e+00 2.329335165670877927e+01 -2.128767041404286076e+00 1.000000000000000000e+00
6.319773899795625205e+00 2.327118946747519246e+01 -2.122858381936903349e+00 1.000000000000000000e+00
6.334072030790638408e+00 2.324864040166189838e+01 -2.116914430582478523e+00 1.000000000000000000e+00
6.348370161785650723e+00 2.322570483414038733e+01 -2.110935286157430202e+00 1.000000000000000000e+00
6.362668292780663926e+00 2.320238314620762310e+01 -2.104921048063249422e+00 1.000000000000000000e+00
6.376966423775676240e+00 2.317867572557971201e+01 -2.098871816284849423e+00 1.000000000000000000e+00
6.391264554770689443e+00 2.315458296638543700e+01 -2.092787691388903415e+00 1.000000000000000000e+00
6.405562685765701758e+00 2.313010526915974552e+01 -2.086668774522172143e+00 1.000000000000000000e+00
6.419860816760714961e+00 2.310524304083703129e+01 -2.080515167409821675e+00 1.000000000000000000e+00
6.434158947755727276e+00 2.307999669474443039e+01 -2.074326972353734533e+00 1.000000000000000000e+00
6.448457078750740479e+00 2.305436665059491474e+01 -2.068104292230806163e+00 1.000000000000000000e+00
6.462755209745752794e+00 2.302835333448030752e+01 -2.061847230491236971e+00 1.000000000000000000e+00
6.477053340740765996e+00 2.300195717886423097e+01 -2.055555891156810588e+00 1.000000000000000000e+00
6.491351471735778311e+00 2.297517862257489440e+01 -2.049230378819165477e+00 1.000000000000000000e+00
6.505649602730791514e+00 2.294801811079780762e+01 -2.042870798638056762e+00 1.000000000000000000e+00
6.519947733725803829e+00 2.292047609506837347e+01 -2.036477256339608299e+00 1.000000000000000000e+00
6.534245864720816144e+00 2.289255303326437740e+01 -2.030049858214550529e+00 1.000000000000000000e+00
6.548543995715829347e+00 2.286424938959838826e+01 -2.023588711116460104e+00 1.000000000000000000e+00
6.562842126710841661e+00 2.283556563461004174e+01 -2.017093922459979094e+00 1.000000000000000000e+00
6.577140257705854864e+00 2.280650224515819957e+01 -2.010565600219030191e+00 1.000000000000000000e+00
6.591438388700867179e+00 2.277705970441304117e+01 -2.004003852925023033e+00 1.000000000000000000e+00
6.605736519695880382e+00 2.274723850184801321e+01 -1.997408789665047646e+00 1.000000000000000000e+00
6.620034650690892697e+00 2.271703913323171165e+01 -1.990780520080062788e+00 1.000000000000000000e+00
6.634332781685905900e+00 2.268646210061962876e+01 -1.984119154363071180e+00 1.000000000000000000e+00
6.648630912680918215e+00 2.265550791234579719e+01 -1.977424803257291419e+00 1.000000000000000000e+00
6.662929043675931418e+00 2.262417708301437358e+01 -1.970697578054310783e+00 1.000000000000000000e+00
6.677227174670943732e+00 2.259247013349103739e+01 -1.963937590592242710e+00 1.000000000000000000e+00
6.691525305665956935e+00 2.256038759089435786e+01 -1.957144953253858732e+00 1.000000000000000000e+00
6.705823436660969250e+00 2.252792998858703655e+01 -1.950319778964729744e+00 1.000000000000000000e+00
6.720121567655981565e+00 2.249509786616702200e+01 -1.943462181191340399e+00 1.000000000000000000e+00
6.734419698650994768e+00 2.246189176945854982e+01 -1.936572273939206390e+00 1.000000000000000000e+00
6.748717829646007083e+00 2.242831225050307253e+01 -1.929650171750981080e+00 1.000000000000000000e+00
6.763015960641020285e+00 2.239435986755006880e+01 -1.922695989704545472e+00 1.000000000000000000e+00
6.777314091636032600e+00 2.236003518504777432e+01 -1.915709843411102620e+00 1.000000000000000000e+00
6.791612222631045803e+00 2.232533877363378139e+01 -1.908691849013248065e+00 1.000000000000000000e+00
6.805910353626058118e+00 2.229027121012558510e+01 -1.901642123183045152e+00 1.000000000000000000e+00
6.820208484621071321e+00 2.225483307751095907e+01 -1.894560783120081693e+00 1.000000000000000000e+00
6.834506615616083636e+00 2.221902496493828494e+01 -1.887447946549522859e+00 1.000000000000000000e+00
6.848804746611096839e+00 2.218284746770674332e+01 -1.880303731720153193e+00 1.000000000000000000e+00
6.863102877606109153e+00 2.214630118725643726e+01 -1.873128257402413066e+00 1.000000000000000000e+00
6.877401008601122356e+00 2.210938673115835940e+01 -1.865921642886420928e+00 1.000000000000000000e+00
6.891699139596134671e+00 2.207210471310432709e+01 -1.858684007979992225e+00 1.000000000000000000e+00
6.905997270591147874e+00 2.203445575289677194e+01 -1.851415473006647217e+00 1.000000000000000000e+00
6.920295401586160189e+00 2.199644047643842271e+01 -1.844116158803611683e+00 1.000000000000000000e+00
6.934593532581172504e+00 2.195805951572189585e+01 -1.836786186719804537e+00 1.000000000000000000e+00
6.948891663576185707e+00 2.191931350881921148e+01 -1.829425678613824102e+00 1.000000000000000000e+00
6.963189794571198021e+00 2.188020309987117074e+01 -1.822034756851921733e+00 1.000000000000000000e+00
6.977487925566211224e+00 2.184072893907665502e+01 -1.814613544305964998e+00 1.000000000000000000e+00
6.991786056561223539e+00 2.180089168268179733e+01 -1.807162164351398648e+00 1.000000000000000000e+00
7.006084187556236742e+00 2.176069199296910739e+01 -1.799680740865189366e+00 1.000000000000000000e+00
7.020382318551249057e+00 2.172013053824641915e+01 -1.792169398223771193e+00 1.000000000000000000e+00
7.034680449546262260e+00 2.167920799283581701e+01 -1.784628261300972740e+00 1.000000000000000000e+00
7.048978580541274575e+00 2.163792503706240566e+01 -1.777057455465945290e+00 1.000000000000000000e+00
7.063276711536287777e+00 2.159628235724299827e+01 -1.769457106581076022e+00 1.000000000000000000e+00
7.077574842531300092e+00 2.155428064567473356e+01 -1.761827340999897240e+00 1.000000000000000000e+00
7.091872973526313295e+00 2.151192060062350464e+01 -1.754168285564983387e+00 1.000000000000000000e+00
7.106171104521325610e+00 2.146920292631245175e+01 -1.746480067605848063e+00 1.000000000000000000e+00
7.120469235516337925e+00 2.142612833291013530e+01 -1.738762814936817724e+00 1.000000000000000000e+00
7.134767366511351128e+00 2.138269753651882610e+01 -1.731016655854916042e+00 1.000000000000000000e+00
7.149065497506363442e+00 2.133891125916255049e+01 -1.723241719137725170e+00 1.000000000000000000e+00
7.163363628501376645e+00 2.129477022877509640e+01 -1.715438134041247897e+00 1.000000000000000000e+00
7.177661759496388960e+00 2.125027517918792697e+01 -1.707606030297758037e+00 1.000000000000000000e+00
7.191959890491402163e+00 2.120542685011796280e+01 -1.699745538113641263e+00 1.000000000000000000e+00
7.206258021486414478e+00 2.116022598715528602e+01 -1.691856788167237502e+00 1.000000000000000000e+00
7.220556152481427681e+00 2.111467334175075905e+01 -1.683939911606656015e+00 1.000000000000000000e+00
7.234854283476439996e+00 2.106876967120351196e+01 -1.675995040047610907e+00 1.000000000000000000e+00
7.249152414471453199e+00 2.102251573864836587e+01 -1.668022305571216890e+00 1.000000000000000000e+00
7.263450545466465513e+00 2.097591231304315329e+01 -1.660021840721809250e+00 1.000000000000000000e+00
7.277748676461478716e+00 2.092896016915590351e+01 -1.651993778504724286e+00 1.000000000000000000e+00
7.292046807456491031e+00 2.088166008755199954e+01 -1.643938252384103516e+00 1.000000000000000000e+00
7.306344938451504234e+00 2.083401285458119645e+01 -1.635855396280663232e+00 1.000000000000000000e+00
7.320643069446516549e+00 2.078601926236450836e+01 -1.627745344569474284e+00 1.000000000000000000e+00
7.334941200441528864e+00 2.073768010878108825e+01 -1.619608232077726306e+00 1.000000000000000000e+00
7.349239331436542066e+00 2.068899619745492657e+01 -1.611444194082483961e+00 1.000000000000000000e+00
7.363537462431554381e+00 2.063996833774153927e+01 -1.603253366308445838e+00 1.000000000000000000e+00
7.377835593426567584e+00 2.059059734471443548e+01 -1.595035884925674941e+00 1.000000000000000000e+00
7.392133724421579899e+00 2.054088403915167049e+01 -1.586791886547351149e+00 1.000000000000000000e+00
7.406431855416593102e+00 2.049082924752208612e+01 -1.578521508227483050e+00 1.000000000000000000e+00
7.420729986411605417e+00 2.044043380197166471e+01 -1.570224887458645080e+00 1.000000000000000000e+00
7.435028117406618620e+00 2.038969854030965223e+01 -1.561902162169680031e+00 1.000000000000000000e+00
7.449326248401630934e+00 2.033862430599463167e+01 -1.553553470723411989e+00 1.000000000000000000e+00
7.463624379396644137e+00 2.028721194812050044e+01 -1.545178951914345289e+00 1.000000000000000000e+00
7.477922510391656452e+00 2.023546232140236611e+01 -1.536778744966354804e+00 1.000000000000000000e+00
7.492220641386669655e+00 2.018337628616232848e+01 -1.528352989530375128e+00 1.000000000000000000e+00
7.506518772381681970e+00 2.013095470831517986e+01 -1.519901825682074659e+00 1.000000000000000000e+00
7.520816903376695173e+00 2.007819845935400949e+01 -1.511425393919531013e+00 1.000000000000000000e+00
7.535115034371707488e+00 2.002510841633570138e+01 -1.502923835160891786e+00 1.000000000000000000e+00
7.549413165366719802e+00 1.997168546186638594e+01 -1.494397290742034645e+00 1.000000000000000000e+00
7.563711296361733005e+00 1.991793048408673172e+01 -1.485845902414215658e+00 1.000000000000000000e+00
7.578009427356745320e+00 1.986384437665720881e+01 -1.477269812341713617e+00 1.000000000000000000e+00
7.592307558351758523e+00 1.980942803874320290e+01 -1.468669163099466379e+00 1.000000000000000000e+00
7.606605689346770838e+00 1.975468237500009394e+01 -1.460044097670700758e+00 1.000000000000000000e+00
7.620903820341784041e+00 1.969960829555820681e+01 -1.451394759444555538e+00 1.000000000000000000e+00
7.635201951336796355e+00 1.964420671600767321e+01 -1.442721292213697826e+00 1.000000000000000000e+00
7.649500082331809558e+00 1.958847855738321897e+01 -1.434023840171930742e+00 1.000000000000000000e+00
7.663798213326821873e+00 1.953242474614884472e+01 -1.425302547911799556e+00 1.000000000000000000e+00
7.678096344321835076e+00 1.947604621418244264e+01 -1.416557560422184947e+00 1.000000000000000000e+00
7.692394475316847391e+00 1.941934389876027467e+01 -1.407789023085894264e+00 1.000000000000000000e+00
7.706692606311860594e+00 1.936231874254141161e+01 -1.398997081677243237e+00 1.000000000000000000e+00
7.720990737306872909e+00 1.930497169355205500e+01 -1.390181882359634580e+00 1.000000000000000000e+00
7.735288868301885223e+00 1.924730370516978795e+01 -1.381343571683125715e+00 1.000000000000000000e+00
7.749586999296898426e+00 1.918931573610769803e+01 -1.372482296581993833e+00 1.000000000000000000e+00
7.763885130291910741e+00 1.913100875039846827e+01 -1.363598204372292955e+00 1.000000000000000000e+00
7.778183261286923944e+00 1.907238371737833305e+01 -1.354691442749404562e+00 1.000000000000000000e+00
7.792481392281936259e+00 1.901344161167097369e+01 -1.345762159785582668e+00 1.000000000000000000e+00
7.806779523276949462e+00 1.895418341317130029e+01 -1.336810503927491567e+00 1.000000000000000000e+00
7.821077654271961777e+00 1.889461010702918387e+01 -1.327836623993738252e+00 1.000000000000000000e+00
7.835375785266974979e+00 1.883472268363304991e+01 -1.318840669172398394e+00 1.000000000000000000e+00
7.849673916261987294e+00 1.877452213859345420e+01 -1.309822789018535882e+00 1.000000000000000000e+00
7.863972047257000497e+00 1.871400947272647741e+01 -1.300783133451717477e+00 1.000000000000000000e+00
7.878270178252012812e+00 1.865318569203714105e+01 -1.291721852753518585e+00 1.000000000000000000e+00
7.892568309247026015e+00 1.859205180770262800e+01 -1.282639097565025921e+00 1.000000000000000000e+00
7.906866440242038330e+00 1.853060883605555276e+01 -1.273535018884336401e+00 1.000000000000000000e+00
7.921164571237051533e+00 1.846885779856694398e+01 -1.264409768064037376e+00 1.000000000000000000e+00
7.935462702232063847e+00 1.840679972182940816e+01 -1.255263496808704193e+00 1.000000000000000000e+00
7.949760833227076162e+00 1.834443563753991668e+01 -1.246096357172363556e+00 1.000000000000000000e+00
7.964058964222089365e+00 1.828176658248277420e+01 -1.236908501555977313e+00 1.000000000000000000e+00
7.978357095217101680e+00 1.821879359851232039e+01 -1.227700082704903162e+00 1.000000000000000000e+00
7.992655226212114883e+00 1.815551773253560341e+01 -1.218471253706354895e+00 1.000000000000000000e+00
8.006953357207127198e+00 1.809194003649503557e+01 -1.209222167986863550e+00 1.000000000000000000e+00
8.021251488202139512e+00 1.802806156735081800e+01 -1.199952979309715895e+00 1.000000000000000000e+00
8.035549619197153604e+00 1.796388338706344001e+01 -1.190663841772407139e+00 1.000000000000000000e+00
8.049847750192165918e+00 1.789940656257601148e+01 -1.181354909804078535e+00 1.000000000000000000e+00
8.064145881187178233e+00 1.783463216579648503e+01 -1.172026338162946102e+00 1.000000000000000000e+00
8.078444012182190548e+00 1.776956127357986404e+01 -1.162678281933726909e+00 1.000000000000000000e+00
8.092742143177204639e+00 1.770419496771032186e+01 -1.153310896525066243e+00 1.000000000000000000e+00
8.107040274172216954e+00 1.763853433488319311e+01 -1.143924337666952784e+00 1.000000000000000000e+00
8.121338405167229268e+00 1.757258046668689033e+01 -1.134518761408125131e+00 1.000000000000000000e+00
8.135636536162241583e+00 1.750633445958480294e+01 -1.125094324113482536e+00 1.000000000000000000e+00
8.149934667157253898e+00 1.743979741489701141e+01 -1.115651182461480317e+00 1.000000000000000000e+00
8.164232798152267989e+00 1.737297043878202274e+01 -1.106189493441530169e+00 1.000000000000000000e+00
8.178530929147280304e+00 1.730585464221838876e+01 -1.096709414351390244e+00 1.000000000000000000e+00
8.192829060142292619e+00 1.723845114098619291e+01 -1.087211102794545026e+00 1.000000000000000000e+00
8.207127191137304933e+00 1.717076105564852639e+01 -1.077694716677590758e+00 1.000000000000000000e+00
8.221425322132319025e+00 1.710278551153284354e+01 -1.068160414207603104e+00 1.000000000000000000e+00
8.235723453127331339e+00 1.703452563871228520e+01 -1.058608353889518350e+00 1.000000000000000000e+00
8.250021584122343654e+00 1.696598257198687421e+01 -1.049038694523487525e+00 1.000000000000000000e+00
8.264319715117355969e+00 1.689715745086463983e+01 -1.039451595202242506e+00 1.000000000000000000e+00
8.278617846112370060e+00 1.682805141954264982e+01 -1.029847215308445030e+00 1.000000000000000000e+00
8.292915977107382375e+00 1.675866562688808870e+01 -1.020225714512047910e+00 1.000000000000000000e+00
8.307214108102394690e+00 1.668900122641903039e+01 -1.010587252767629396e+00 1.000000000000000000e+00
8.321512239097407004e+00 1.661905937628534602e+01 -1.000931990311739073e+00 1.000000000000000000e+00
8.335810370092421095e+00 1.654884123924942330e+01 -9.912600876602337685e-01 1.000000000000000000e+00
8.350108501087433410e+00 1.647834798266682554e+01 -9.815717056056088019e-01 1.000000000000000000e+00
8.364406632082445725e+00 1.640758077846691876e+01 -9.718670052143240090e-01 1.000000000000000000e+00
8.378704763077458040e+00 1.633654080313334234e+01 -9.621461478241272181e-01 1.000000000000000000e+00
8.393002894072470355e+00 1.626522923768449402e+01 -9.524092950413726166e-01 1.000000000000000000e+00
8.407301025067484446e+00 1.619364726765384432e+01 -9.426566087383283499e-01 1.000000000000000000e+00
8.421599156062496760e+00 1.612179608307030421e+01 -9.328882510504968861e-01 1.000000000000000000e+00
8.435897287057509075e+00 1.604967687843836899e+01 -9.231043843739082932e-01 1.000000000000000000e+00
8.450195418052521390e+00 1.597729085271828886e+01 -9.133051713624262824e-01 1.000000000000000000e+00
8.464493549047535481e+00 1.590463920930613106e+01 -9.034907749250414843e-01 1.000000000000000000e+00
8.478791680042547796e+00 1.583172315601380653e+01 -8.936613582231686115e-01 1.000000000000000000e+00
8.493089811037560111e+00 1.575854390504891889e+01 -8.838170846679239689e-01 1.000000000000000000e+00
8.507387942032572425e+00 1.568510267299468275e+01 -8.739581179174180647e-01 1.000000000000000000e+00
8.521686073027586517e+00 1.561140068078965548e+01 -8.640846218740301232e-01 1.000000000000000000e+00
8.535984204022598831e+00 1.553743915370748496e+01 -8.541967606816881498e-01 1.000000000000000000e+00
8.550282335017611146e+00 1.546321932133645660e+01 -8.442946987231301215e-01 1.000000000000000000e+00
8.564580466012623461e+00 1.538874241755914696e+01 -8.343786006171821645e-01 1.000000000000000000e+00
8.578878597007635776e+00 1.531400968053185352e+01 -8.244486312160158592e-01 1.000000000000000000e+00
8.593176728002649867e+00 1.523902235266401561e+01 -8.145049556024078763e-01 1.000000000000000000e+00
8.607474858997662182e+00 1.516378168059760512e+01 -8.045477390870008350e-01 1.000000000000000000e+00
8.621772989992674496e+00 1.508828891518631465e+01 -7.945771472055441764e-01 1.000000000000000000e+00
8.636071120987686811e+00 1.501254531147484350e+01 -7.845933457161534674e-01 1.000000000000000000e+00
8.650369251982700902e+00 1.493655212867799875e+01 -7.745965005965480543e-01 1.000000000000000000e+00
8.664667382977713217e+00 1.486031063015977161e+01 -7.645867780412961556e-01 1.000000000000000000e+00
8.678965513972725532e+00 1.478382208341232662e+01 -7.545643444590482973e-01 1.000000000000000000e+00
8.693263644967737847e+00 1.470708776003490570e+01 -7.445293664697694158e-01 1.000000000000000000e+00
8.707561775962751938e+00 1.463010893571273741e+01 -7.344820109019735144e-01 1.000000000000000000e+00
8.721859906957764252e+00 1.455288689019581660e+01 -7.244224447899506591e-01 1.000000000000000000e+00
8.736158037952776567e+00 1.447542290727760239e+01 -7.143508353709850933e-01 1.000000000000000000e+00
8.750456168947788882e+00 1.439771827477367871e+01 -7.042673500825754607e-01 1.000000000000000000e+00
8.764754299942801197e+00 1.431977428450037415e+01 -6.941721565596564725e-01 1.000000000000000000e+00
8.779052430937815288e+00 1.424159223225326265e+01 -6.840654226318062525e-01 1.000000000000000000e+00
8.793350561932827603e+00 1.416317341778564121e+01 -6.739473163204625639e-01 1.000000000000000000e+00
8.807648692927839917e+00 1.408451914478689737e+01 -6.638180058361229374e-01 1.000000000000000000e+00
8.821946823922852232e+00 1.400563072086083061e+01 -6.536776595755487973e-01 1.000000000000000000e+00
8.836244954917866323e+00 1.392650945750394165e+01 -6.435264461189705854e-01 1.000000000000000000e+00
8.850543085912878638e+00 1.384715667008364193e+01 -6.333645342272845591e-01 1.000000000000000000e+00
8.864841216907890953e+00 1.376757367781633690e+01 -6.231920928392430392e-01 1.000000000000000000e+00
8.879139347902903268e+00 1.368776180374550400e+01 -6.130092910686463226e-01 1.000000000000000000e+00
8.893437478897917359e+00 1.360772237471973511e+01 -6.028162982015343729e-01 1.000000000000000000e+00
8.907735609892929673e+00 1.352745672137066180e+01 -5.926132836933739600e-01 1.000000000000000000e+00
8.922033740887941988e+00 1.344696617809080763e+01 -5.824004171662353624e-01 1.000000000000000000e+00
8.936331871882954303e+00 1.336625208301144418e+01 -5.721778684059772857e-01 1.000000000000000000e+00
8.950630002877966618e+00 1.328531577798029417e+01 -5.619458073594200131e-01 1.000000000000000000e+00
8.964928133872980709e+00 1.320415860853927725e+01 -5.517044041315247727e-01 1.000000000000000000e+00
8.979226264867993024e+00 1.312278192390212794e+01 -5.414538289825657769e-01 1.000000000000000000e+00
8.993524395863005338e+00 1.304118707693193180e+01 -5.311942523252946025e-01 1.000000000000000000e+00
9.007822526858017653e+00 1.295937542411867938e+01 -5.209258447221124522e-01 1.000000000000000000e+00
9.022120657853031744e+00 1.287734832555665676e+01 -5.106487768822276507e-01 1.000000000000000000e+00
9.036418788848044059e+00 1.279510714492192136e+01 -5.003632196588294612e-01 1.000000000000000000e+00
9.050716919843056374e+00 1.271265324944955033e+01 -4.900693440462356998e-01 1.000000000000000000e+00
9.065015050838068689e+00 1.262998800991095294e+01 -4.797673211770574486e-01 1.000000000000000000e+00
9.079313181833082780e+00 1.254711280059104084e+01 -4.694573223193470035e-01 1.000000000000000000e+00
9.093611312828095095e+00 1.246402899926546226e+01 -4.591395188737616984e-01 1.000000000000000000e+00
9.107909443823107409e+00 1.238073798717761065e+01 -4.488140823707033600e-01 1.000000000000000000e+00
9.122207574818119724e+00 1.229724114901569898e+01 -4.384811844674724179e-01 1.000000000000000000e+00
9.136505705813133815e+00 1.221353987288974174e+01 -4.281409969454114672e-01 1.000000000000000000e+00
9.150803836808146130e+00 1.212963555030849427e+01 -4.177936917070554368e-01 1.000000000000000000e+00
9.165101967803158445e+00 1.204552957615625175e+01 -4.074394407732624956e-01 1.000000000000000000e+00
9.179400098798170760e+00 1.196122334866974768e+01 -3.970784162803652761e-01 1.000000000000000000e+00
9.193698229793183074e+00 1.187671826941484632e+01 -3.867107904773038340e-01 1.000000000000000000e+00
9.207996360788197165e+00 1.179201574326327773e+01 -3.763367357227629939e-01 1.000000000000000000e+00
9.222294491783209480e+00 1.170711717836925203e+01 -3.659564244823068080e-01 1.000000000000000000e+00
9.236592622778221795e+00 1.162202398614608079e+01 -3.555700293255118494e-01 1.000000000000000000e+00
9.250890753773234110e+00 1.153673758124267934e+01 -3.451777229230977850e-01 1.000000000000000000e+00
9.265188884768248201e+00 1.145125938152007805e+01 -3.347796780440558395e-01 1.000000000000000000e+00
9.279487015763260516e+00 1.136559080802785537e+01 -3.243760675527823101e-01 1.000000000000000000e+00
9.293785146758272830e+00 1.127973328498045547e+01 -3.139670644061932636e-01 1.000000000000000000e+00
9.308083277753285145e+00 1.119368823973358218e+01 -3.035528416508606608e-01 1.000000000000000000e+00
9.322381408748299236e+00 1.110745710276042075e+01 -2.931335724201285520e-01 1.000000000000000000e+00
9.336679539743311551e+00 1.102104130762792522e+01 -2.827094299312417625e-01 1.000000000000000000e+00
9.350977670738323866e+00 1.093444229097286069e+01 -2.722805874824546502e-01 1.000000000000000000e+00
9.365275801733336181e+00 1.084766149247804989e+01 -2.618472184501616784e-01 1.000000000000000000e+00
9.379573932728348495e+00 1.076070035484836929e+01 -2.514094962860092264e-01 1.000000000000000000e+00
9.393872063723362587e+00 1.067356032378676289e+01 -2.409675945140119790e-01 1.000000000000000000e+00
9.408170194718374901e+00 1.058624284797027393e+01 -2.305216867276740078e-01 1.000000000000000000e+00
9.422468325713387216e+00 1.049874937902584726e+01 -2.200719465870913105e-01 1.000000000000000000e+00
9.436766456708399531e+00 1.041108137150630597e+01 -2.096185478160761673e-01 1.000000000000000000e+00
9.451064587703413622e+00 1.032324028286609519e+01 -1.991616641992622339e-01 1.000000000000000000e+00
9.465362718698425937e+00 1.023522757343712009e+01 -1.887014695792210706e-01 1.000000000000000000e+00
9.479660849693438252e+00 1.014704470640440803e+01 -1.782381378535665140e-01 1.000000000000000000e+00
9.493958980688450566e+00 1.005869314778178669e+01 -1.677718429720634064e-01 1.000000000000000000e+00
9.508257111683464657e+00 9.970174366387549725e+00 -1.573027589337405996e-01 1.000000000000000000e+00
9.522555242678476972e+00 9.881489833820037205e+00 -1.468310597839979914e-01 1.000000000000000000e+00
9.536853373673489287e+00 9.792641024433137886e+00 -1.363569196117087601e-01 1.000000000000000000e+00
9.551151504668501602e+00 9.703629415311768369e+00 -1.258805125463249852e-01 1.000000000000000000e+00
9.565449635663513916e+00 9.614456486247382472e+00 -1.154020127549886671e-01 1.000000000000000000e+00
9.579747766658528008e+00 9.525123719713295856e+00 -1.049215944396304084e-01 1.000000000000000000e+00
9.594045897653540322e+00 9.435632600840111905e+00 -9.443943183407912945e-02 1.000000000000000000e+00
9.608344028648552637e+00 9.345984617390975302e+00 -8.395569920115981966e-02 1.000000000000000000e+00
9.622642159643564952e+00 9.256181259736836253e+00 -7.347057082979639719e-02 1.000000000000000000e+00
9.636940290638579043e+00 9.166224020831711172e+00 -6.298422103211875900e-02 1.000000000000000000e+00
9.651238421633591358e+00 9.076114396187872302e+00 -5.249682414056499463e-02 1.000000000000000000e+00
9.665536552628603673e+00 8.985853883850927204e+00 -4.200855450497734817e-02 1.000000000000000000e+00
9.679834683623615987e+00 8.895443984374962199e+00 -3.151958648970948351e-02 1.000000000000000000e+00
9.694132814618630078e+00 8.804886200797547247e+00 -2.103009447072083302e-02 1.000000000000000000e+00
9.708430945613642393e+00 8.714182038614834980e+00 -1.054025283268909298e-02 1.000000000000000000e+00
9.722729076608654708e+00 8.623333005756443015e+00 -5.023596609970522922e-05 1.000000000000000000e+00
9.737027207603667023e+00 8.532340612560437521e+00 1.043978173564648337e-02 1.000000000000000000e+00
9.751325338598681114e+00 8.441206371748169346e+00 2.092962587913931374e-02 1.000000000000000000e+00
9.765623469593693429e+00 8.349931798399227389e+00 3.141912207384711664e-02 1.000000000000000000e+00
9.779921600588705743e+00 8.258518409926139725e+00 4.190809593502735353e-02 1.000000000000000000e+00
9.794219731583718058e+00 8.166967726049202625e+00 5.239637308661997117e-02 1.000000000000000000e+00
9.808517862578730373e+00 8.075281268771231424e+00 6.288377916414636393e-02 1.000000000000000000e+00
9.822815993573744464e+00 7.983460562352182599e+00 7.337013981761383863e-02 1.000000000000000000e+00
9.837114124568756779e+00 7.891507133283924169e+00 8.385528071440270792e-02 1.000000000000000000e+00
9.851412255563769094e+00 7.799422510264762742e+00 9.433902754217597664e-02 1.000000000000000000e+00
9.865710386558781408e+00 7.707208224174084243e+00 1.048212060117703209e-01 1.000000000000000000e+00
9.880008517553795500e+00 7.614865808046842766e+00 1.153016418601004456e-01 1.000000000000000000e+00
9.894306648548807814e+00 7.522396797048177319e+00 1.257801608530448034e-01 1.000000000000000000e+00
9.908604779543820129e+00 7.429802728447789661e+00 1.362565887883535609e-01 1.000000000000000000e+00
9.922902910538832444e+00 7.337085141594436699e+00 1.467307514985389250e-01 1.000000000000000000e+00
9.937201041533846535e+00 7.244245577890318089e+00 1.572024748537729499e-01 1.000000000000000000e+00
9.951499172528858850e+00 7.151285580765500249e+00 1.676715847647766711e-01 1.000000000000000000e+00
9.965797303523871165e+00 7.058206695652163631e+00 1.781379071857257523e-01 1.000000000000000000e+00
9.980095434518883479e+00 6.965010469959006301e+00 1.886012681171323480e-01 1.000000000000000000e+00
9.994393565513895794e+00 6.871698453045461896e+00 1.990614936087438114e-01 1.000000000000000000e+00
1.000869169650890989e+01 6.778272196195969101e+00 2.095184097624330499e-01 1.000000000000000000e+00
1.002298982750392220e+01 6.684733252594160291e+00 2.199718427350899341e-01 1.000000000000000000e+00
1.003728795849893451e+01 6.591083177297058171e+00 2.304216187415110417e-01 1.000000000000000000e+00
1.005158608949394683e+01 6.497323527209215577e+00 2.408675640572889576e-01 1.000000000000000000e+00
1.006588422048896092e+01 6.403455861056822407e+00 2.513095050217014625e-01 1.000000000000000000e+00
1.008018235148397324e+01 6.309481739361844532e+00 2.617472680405930063e-01 1.000000000000000000e+00
1.009448048247898555e+01 6.215402724415977964e+00 2.721806795892719455e-01 1.000000000000000000e+00
1.010877861347399786e+01 6.121220380254779769e+00 2.826095662153838561e-01 1.000000000000000000e+00
1.012307674446901196e+01 6.026936272631601810e+00 2.930337545418022493e-01 1.000000000000000000e+00
1.013737487546402427e+01 5.932551968991616853e+00 3.034530712695049925e-01 1.000000000000000000e+00
1.015167300645903659e+01 5.838069038445703463e+00 3.138673431804611114e-01 1.000000000000000000e+00
1.016597113745404890e+01 5.743489051744361973e+00 3.242763971405102641e-01 1.000000000000000000e+00
1.018026926844906122e+01 5.648813581251658000e+00 3.346800601022359989e-01 1.000000000000000000e+00
1.019456739944407531e+01 5.554044200919018515e+00 3.450781591078475596e-01 1.000000000000000000e+00
1.020886553043908762e+01 5.459182486259140710e+00 3.554705212920488688e-01 1.000000000000000000e+00
1.022316366143409994e+01 5.364230014319692152e+00 3.658569738849234976e-01 1.000000000000000000e+00
1.023746179242911225e+01 5.269188363657185015e+00 3.762373442147957658e-01 1.000000000000000000e+00
1.025175992342412634e+01 5.174059114310690433e+00 3.866114597111081630e-01 1.000000000000000000e+00
1.026605805441913866e+01 5.078843847775607045e+00 3.969791479072842244e-01 1.000000000000000000e+00
1.028035618541415097e+01 4.983544146977324729e+00 4.073402364436021217e-01 1.000000000000000000e+00
1.029465431640916329e+01 4.888161596244906981e+00 4.176945530700592046e-01 1.000000000000000000e+00
1.030895244740417738e+01 4.792697781284792846e+00 4.280419256492317692e-01 1.000000000000000000e+00
1.032325057839918969e+01 4.697154289154436668e+00 4.383821821591367685e-01 1.000000000000000000e+00
1.033754870939420201e+01 4.601532708235878566e+00 4.487151506960955771e-01 1.000000000000000000e+00
1.035184684038921432e+01 4.505834628209345993e+00 4.590406594775923166e-01 1.000000000000000000e+00
1.036614497138422841e+01 4.410061640026855301e+00 4.693585368451252404e-01 1.000000000000000000e+00
1.038044310237924073e+01 4.314215335885775104e+00 4.796686112670601188e-01 1.000000000000000000e+00
1.039474123337425304e+01 4.218297309202296397e+00 4.899707113414876747e-01 1.000000000000000000e+00
1.040903936436926536e+01 4.122309154584994140e+00 5.002646657990679202e-01 1.000000000000000000e+00
1.042333749536427767e+01 4.026252467808273394e+00 5.105503035058822636e-01 1.000000000000000000e+00
1.043763562635929176e+01 3.930128845785884728e+00 5.208274534662735711e-01 1.000000000000000000e+00
1.045193375735430408e+01 3.833939886544374342e+00 5.310959448256886706e-01 1.000000000000000000e+00
1.046623188834931639e+01 3.737687189196474691e+00 5.413556068735244642e-01 1.000000000000000000e+00
1.048053001934432871e+01 3.641372353914562598e+00 5.516062690459602180e-01 1.000000000000000000e+00
1.049482815033934280e+01 3.544996981903997479e+00 5.618477609287999552e-01 1.000000000000000000e+00
1.050912628133435511e+01 3.448562675376609210e+00 5.720799122602943099e-01 1.000000000000000000e+00
1.052342441232936743e+01 3.352071037523951524e+00 5.823025529339821427e-01 1.000000000000000000e+00
1.053772254332437974e+01 3.255523672490717946e+00 5.925155130015122840e-01 1.000000000000000000e+00
1.055202067431939383e+01 3.158922185348005396e+00 6.027186226754747134e-01 1.000000000000000000e+00
1.056631880531440615e+01 3.062268182066739453e+00 6.129117123322128657e-01 1.000000000000000000e+00
1.058061693630941846e+01 2.965563269490867793e+00 6.230946125146545889e-01 1.000000000000000000e+00
1.059491506730443078e+01 2.868809055310700629e+00 6.332671539351232282e-01 1.000000000000000000e+00
1.060921319829944309e+01 2.772007148036183644e+00 6.434291674781525971e-01 1.000000000000000000e+00
1.062351132929445718e+01 2.675159156970104313e+00 6.535804842033036133e-01 1.000000000000000000e+00
1.063780946028946950e+01 2.578266692181441222e+00 6.637209353479620599e-01 1.000000000000000000e+00
1.065210759128448181e+01 2.481331364478493118e+00 6.738503523301550002e-01 1.000000000000000000e+00
1.066640572227949413e+01 2.384354785382154063e+00 6.839685667513484280e-01 1.000000000000000000e+00
1.068070385327450822e+01 2.287338567099108655e+00 6.940754103992473611e-01 1.000000000000000000e+00
1.069500198426952053e+01 2.190284322495032132e+00 7.041707152505921607e-01 1.000000000000000000e+00
1.070930011526453285e+01 2.093193665067775378e+00 7.142543134739528510e-01 1.000000000000000000e+00
1.072359824625954516e+01 1.996068208920542153e+00 7.243260374325182216e-01 1.000000000000000000e+00
1.073789637725455925e+01 1.898909568735043241e+00 7.343857196868844861e-01 1.000000000000000000e+00
1.075219450824957157e+01 1.801719359744706983e+00 7.444331929978332818e-01 1.000000000000000000e+00
1.076649263924458388e+01 1.704499197707719960e+00 7.544682903291224374e-01 1.000000000000000000e+00
1.078079077023959620e+01 1.607250698880271944e+00 7.644908448502528708e-01 1.000000000000000000e+00
1.079508890123460851e+01 1.509975479989632108e+00 7.745006899392469224e-01 1.000000000000000000e+00
1.080938703222962260e+01 1.412675158207283843e+00 7.844976591854172510e-01 1.000000000000000000e+00
1.082368516322463492e+01 1.315351351122037160e+00 7.944815863921337318e-01 1.000000000000000000e+00
1.083798329421964723e+01 1.218005676713139307e+00 8.044523055795861355e-01 1.000000000000000000e+00
1.085228142521465955e+01 1.120639753323374954e+00 8.144096509875436984e-01 1.000000000000000000e+00
1.086657955620967364e+01 1.023255199632151280e+00 8.243534570781119175e-01 1.000000000000000000e+00
1.088087768720468596e+01 9.258536346286414531e-01 8.342835585384790198e-01 1.000000000000000000e+00
1.089517581819969827e+01 8.284366775847623598e-01 8.441997902836749779e-01 1.000000000000000000e+00
1.090947394919471058e+01 7.310059480283618294e-01 8.541019874593053229e-01 1.000000000000000000e+00
1.092377208018972468e+01 6.335630657162305557e-01 8.639899854442986138e-01 1.000000000000000000e+00
1.093807021118473699e+01 5.361096506072265955e-01 8.738636198536369193e-01 1.000000000000000000e+00
1.095236834217974931e+01 4.386473228352917308e-01 8.837227265410950716e-01 1.000000000000000000e+00
1.096666647317476162e+01 3.411777026825164039e-01 8.935671416019690394e-01 1.000000000000000000e+00
1.098096460416977393e+01 2.437024105522572204e-01 9.033967013757954190e-01 1.000000000000000000e+00
1.099526273516478803e+01 1.462230669421439033e-01 9.132112424490773650e-01 1.000000000000000000e+00
1.100956086615980034e+01 4.874129241720358968e-02 9.230106016579956441e-01 1.000000000000000000e+00
1.102385899715481266e+01 -4.874129241718713063e-02 9.327946160911310125e-01 1.000000000000000000e+00
1.103815712814982497e+01 -1.462230669421380747e-01 9.425631230921627246e-01 1.000000000000000000e+00
1.105245525914483906e+01 -2.437024105522513362e-01 9.523159602625781428e-01 1.000000000000000000e+00
1.106675339013985138e+01 -3.411777026825105752e-01 9.620529654643679152e-01 1.000000000000000000e+00
1.108105152113486369e+01 -4.386473228352751885e-01 9.717739768227265929e-01 1.000000000000000000e+00
1.109534965212987601e+01 -5.361096506072208223e-01 9.814788327287434777e-01 1.000000000000000000e+00
1.110964778312489010e+01 -6.335630657162353296e-01 9.911673718420855872e-01 1.000000000000000000e+00
1.112394591411990241e+01 -7.310059480283560562e-01 1.000839433093679620e+00 1.000000000000000000e+00
1.113824404511491473e+01 -8.284366775847564757e-01 1.010494855688395033e+00 1.000000000000000000e+00
1.115254217610992704e+01 -9.258536346286250218e-01 1.020133479107711461e+00 1.000000000000000000e+00
1.116684030710494113e+01 -1.023255199632156387e+00 1.029755143112394355e+00 1.000000000000000000e+00
1.118113843809995345e+01 -1.120639753323369403e+00 1.039359687745148308e+00 1.000000000000000000e+00
1.119543656909496576e+01 -1.218005676713133534e+00 1.048946953333286247e+00 1.000000000000000000e+00
1.120973470008997808e+01 -1.315351351122020507e+00 1.058516780491377540e+00 1.000000000000000000e+00
1.122403283108499039e+01 -1.412675158207267412e+00 1.068069010123904539e+00 1.000000000000000000e+00
1.123833096208000448e+01 -1.509975479989626557e+00 1.077603483427899800e+00 1.000000000000000000e+00
1.125262909307501680e+01 -1.607250698880265949e+00 1.087120041895588418e+00 1.000000000000000000e+00
1.126692722407002911e+01 -1.704499197707713964e+00 1.096618527317027025e+00 1.000000000000000000e+00
1.128122535506504143e+01 -1.801719359744690330e+00 1.106098781782729246e+00 1.000000000000000000e+00
1.129552348606005552e+01 -1.898909568735047682e+00 1.115560647686296925e+00 1.000000000000000000e+00
1.130982161705506783e+01 -1.996068208920536158e+00 1.125003967727030263e+00 1.000000000000000000e+00
1.132411974805008015e+01 -2.093193665067769604e+00 1.134428584912553051e+00 1.000000000000000000e+00
1.133841787904509246e+01 -2.190284322495015701e+00 1.143834342561416362e+00 1.000000000000000000e+00
1.135271601004010655e+01 -2.287338567099102882e+00 1.153221084305708910e+00 1.000000000000000000e+00
1.136701414103511887e+01 -2.384354785382148290e+00 1.162588654093648088e+00 1.000000000000000000e+00
1.138131227203013118e+01 -2.481331364478487345e+00 1.171936896192182775e+00 1.000000000000000000e+00
1.139561040302514350e+01 -2.578266692181435449e+00 1.181265655189578156e+00 1.000000000000000000e+00
1.140990853402015581e+01 -2.675159156970088770e+00 1.190574775997998547e+00 1.000000000000000000e+00
1.142420666501516990e+01 -2.772007148036168100e+00 1.199864103856092434e+00 1.000000000000000000e+00
1.143850479601018222e+01 -2.868809055310694411e+00 1.209133484331553099e+00 1.000000000000000000e+00
1.145280292700519453e+01 -2.965563269490861575e+00 1.218382763323697660e+00 1.000000000000000000e+00
1.146710105800020685e+01 -3.062268182066733235e+00 1.227611787066023030e+00 1.000000000000000000e+00
1.148139918899522094e+01 -3.158922185347999179e+00 1.236820402128764540e+00 1.000000000000000000e+00
1.149569731999023325e+01 -3.255523672490701514e+00 1.246008455421444339e+00 1.000000000000000000e+00
1.150999545098524557e+01 -3.352071037523945751e+00 1.255175794195418915e+00 1.000000000000000000e+00
1.152429358198025788e+01 -3.448562675376602993e+00 1.264322266046417065e+00 1.000000000000000000e+00
1.153859171297527197e+01 -3.544996981904001920e+00 1.273447718917074756e+00 1.000000000000000000e+00
1.155288984397028429e+01 -3.641372353914546167e+00 1.282552001099458883e+00 1.000000000000000000e+00
1.156718797496529660e+01 -3.737687189196468918e+00 1.291634961237598134e+00 1.000000000000000000e+00
1.158148610596030892e+01 -3.833939886544369013e+00 1.300696448329990096e+00 1.000000000000000000e+00
1.159578423695532123e+01 -3.930128845785878955e+00 1.309736311732115910e+00 1.000000000000000000e+00
1.161008236795033532e+01 -4.026252467808268953e+00 1.318754401158945155e+00 1.000000000000000000e+00
1.162438049894534764e+01 -4.122309154584978153e+00 1.327750566687430300e+00 1.000000000000000000e+00
1.163867862994035995e+01 -4.218297309202290180e+00 1.336724658759007367e+00 1.000000000000000000e+00
1.165297676093537227e+01 -4.314215335885769775e+00 1.345676528182071952e+00 1.000000000000000000e+00
1.166727489193038636e+01 -4.410061640026860630e+00 1.354606026134468344e+00 1.000000000000000000e+00
1.168157302292539867e+01 -4.505834628209329118e+00 1.363513004165954889e+00 1.000000000000000000e+00
1.169587115392041099e+01 -4.601532708235863467e+00 1.372397314200682894e+00 1.000000000000000000e+00
1.171016928491542330e+01 -4.697154289154430451e+00 1.381258808539648664e+00 1.000000000000000000e+00
1.172446741591043740e+01 -4.792697781284797287e+00 1.390097339863154424e+00 1.000000000000000000e+00
1.173876554690544971e+01 -4.888161596244901652e+00 1.398912761233253033e+00 1.000000000000000000e+00
1.175306367790046203e+01 -4.983544146977308742e+00 1.407704926096194686e+00 1.000000000000000000e+00
1.176736180889547434e+01 -5.078843847775601716e+00 1.416473688284864529e+00 1.000000000000000000e+00
1.178165993989048843e+01 -5.174059114310694873e+00 1.425218902021208711e+00 1.000000000000000000e+00
1.179595807088550075e+01 -5.269188363657178797e+00 1.433940421918656449e+00 1.000000000000000000e+00
1.181025620188051306e+01 -5.364230014319676165e+00 1.442638102984542314e+00 1.000000000000000000e+00
1.182455433287552538e+01 -5.459182486259125611e+00 1.451311800622516524e+00 1.000000000000000000e+00
1.183885246387053769e+01 -5.554044200919013186e+00 1.459961370634943467e+00 1.000000000000000000e+00
1.185315059486555178e+01 -5.648813581251650895e+00 1.468586669225303787e+00 1.000000000000000000e+00
1.186744872586056410e+01 -5.743489051744356644e+00 1.477187553000581133e+00 1.000000000000000000e+00
1.188174685685557641e+01 -5.838069038445687475e+00 1.485763878973649366e+00 1.000000000000000000e+00
1.189604498785058873e+01 -5.932551968991611524e+00 1.494315504565650876e+00 1.000000000000000000e+00
1.191034311884560282e+01 -6.026936272631607139e+00 1.502842287608361804e+00 1.000000000000000000e+00
1.192464124984061513e+01 -6.121220380254773552e+00 1.511344086346557924e+00 1.000000000000000000e+00
1.193893938083562745e+01 -6.215402724415971747e+00 1.519820759440372537e+00 1.000000000000000000e+00
1.195323751183063976e+01 -6.309481739361828545e+00 1.528272165967644813e+00 1.000000000000000000e+00
1.196753564282565385e+01 -6.403455861056826848e+00 1.536698165426266582e+00 1.000000000000000000e+00
1.198183377382066617e+01 -6.497323527209210248e+00 1.545098617736508251e+00 1.000000000000000000e+00
1.199613190481567848e+01 -6.591083177297053730e+00 1.553473383243358263e+00 1.000000000000000000e+00
1.201043003581069080e+01 -6.684733252594144304e+00 1.561822322718839029e+00 1.000000000000000000e+00
1.202472816680570311e+01 -6.778272196195953114e+00 1.570145297364324621e+00 1.000000000000000000e+00
1.203902629780071720e+01 -6.871698453045457455e+00 1.578442168812845825e+00 1.000000000000000000e+00
1.205332442879572952e+01 -6.965010469959000972e+00 1.586712799131389184e+00 1.000000000000000000e+00
1.206762255979074183e+01 -7.058206695652158302e+00 1.594957050823195166e+00 1.000000000000000000e+00
1.208192069078575415e+01 -7.151285580765484262e+00 1.603174786830038556e+00 1.000000000000000000e+00
1.209621882178076824e+01 -7.244245577890320753e+00 1.611365870534513300e+00 1.000000000000000000e+00
1.211051695277578055e+01 -7.337085141594432258e+00 1.619530165762295359e+00 1.000000000000000000e+00
1.212481508377079287e+01 -7.429802728447785221e+00 1.627667536784413560e+00 1.000000000000000000e+00
1.213911321476580518e+01 -7.522396797048171990e+00 1.635777848319503569e+00 1.000000000000000000e+00
1.215341134576081927e+01 -7.614865808046838325e+00 1.643860965536056318e+00 1.000000000000000000e+00
1.216770947675583159e+01 -7.707208224174068256e+00 1.651916754054660430e+00 1.000000000000000000e+00
1.218200760775084390e+01 -7.799422510264757413e+00 1.659945079950236213e+00 1.000000000000000000e+00
1.219630573874585622e+01 -7.891507133283919728e+00 1.667945809754261655e+00 1.000000000000000000e+00
1.221060386974086853e+01 -7.983460562352167500e+00 1.675918810456990649e+00 1.000000000000000000e+00
1.222490200073588262e+01 -8.075281268771218990e+00 1.683863949509668556e+00 1.000000000000000000e+00
1.223920013173089494e+01 -8.166967726049197296e+00 1.691781094826727116e+00 1.000000000000000000e+00
1.225349826272590725e+01 -8.258518409926132620e+00 1.699670114787989572e+00 1.000000000000000000e+00
1.226779639372091957e+01 -8.349931798399222060e+00 1.707530878240853145e+00 1.000000000000000000e+00
1.228209452471593366e+01 -8.441206371748164017e+00 1.715363254502471291e+00 1.000000000000000000e+00
1.229639265571094597e+01 -8.532340612560421533e+00 1.723167113361926406e+00 1.000000000000000000e+00
1.231069078670595829e+01 -8.623333005756435909e+00 1.730942325082394317e+00 1.000000000000000000e+00
1.232498891770097060e+01 -8.714182038614829651e+00 1.738688760403300337e+00 1.000000000000000000e+00
1.233928704869598469e+01 -8.804886200797550799e+00 1.746406290542469764e+00 1.000000000000000000e+00
1.235358517969099701e+01 -8.895443984374946211e+00 1.754094787198265282e+00 1.000000000000000000e+00
1.236788331068600932e+01 -8.985853883850921875e+00 1.761754122551726587e+00 1.000000000000000000e+00
1.238218144168102164e+01 -9.076114396187866973e+00 1.769384169268688689e+00 1.000000000000000000e+00
1.239647957267603573e+01 -9.166224020831716501e+00 1.776984800501903106e+00 1.000000000000000000e+00
1.241077770367104804e+01 -9.256181259736829148e+00 1.784555889893142178e+00 1.000000000000000000e+00
1.242507583466606036e+01 -9.345984617390959315e+00 1.792097311575304275e+00 1.000000000000000000e+00
1.243937396566107267e+01 -9.435632600840106576e+00 1.799608940174506122e+00 1.000000000000000000e+00
1.245367209665608499e+01 -9.525123719713290527e+00 1.807090650812163801e+00 1.000000000000000000e+00
1.246797022765109908e+01 -9.614456486247377143e+00 1.814542319107071089e+00 1.000000000000000000e+00
1.248226835864611139e+01 -9.703629415311755935e+00 1.821963821177464027e+00 1.000000000000000000e+00
1.249656648964112371e+01 -9.792641024433123675e+00 1.829355033643088824e+00 1.000000000000000000e+00
1.251086462063613602e+01 -9.881489833820031876e+00 1.836715833627242445e+00 1.000000000000000000e+00
1.252516275163115012e+01 -9.970174366387553277e+00 1.844046098758823193e+00 1.000000000000000000e+00
1.253946088262616243e+01 -1.005869314778178136e+01 1.851345707174359090e+00 1.000000000000000000e+00
1.255375901362117474e+01 -1.014704470640439382e+01 1.858614537520039134e+00 1.000000000000000000e+00
1.256805714461618706e+01 -1.023522757343711476e+01 1.865852468953729471e+00 1.000000000000000000e+00
1.258235527561120115e+01 -1.032324028286609874e+01 1.873059381146980229e+00 1.000000000000000000e+00
1.259665340660621347e+01 -1.041108137150629886e+01 1.880235154287025257e+00 1.000000000000000000e+00
1.261095153760122578e+01 -1.049874937902584371e+01 1.887379669078778965e+00 1.000000000000000000e+00
1.262524966859623810e+01 -1.058624284797025794e+01 1.894492806746814084e+00 1.000000000000000000e+00
1.263954779959125041e+01 -1.067356032378675756e+01 1.901574449037341408e+00 1.000000000000000000e+00
1.265384593058626450e+01 -1.076070035484836218e+01 1.908624478220171339e+00 1.000000000000000000e+00
1.266814406158127682e+01 -1.084766149247804456e+01 1.915642777090671434e+00 1.000000000000000000e+00
1.268244219257628913e+01 -1.093444229097284470e+01 1.922629228971716842e+00 1.000000000000000000e+00
1.269674032357130145e+01 -1.102104130762790923e+01 1.929583717715632529e+00 1.000000000000000000e+00
1.271103845456631554e+01 -1.110745710276042608e+01 1.936506127706117963e+00 1.000000000000000000e+00
1.272533658556132785e+01 -1.119368823973357507e+01 1.943396343860171793e+00 1.000000000000000000e+00
1.273963471655634017e+01 -1.127973328498044836e+01 1.950254251630008095e+00 1.000000000000000000e+00
1.275393284755135248e+01 -1.136559080802784294e+01 1.957079737004955078e+00 1.000000000000000000e+00
1.276823097854636657e+01 -1.145125938152008338e+01 1.963872686513358445e+00 1.000000000000000000e+00
1.278252910954137889e+01 -1.153673758124267579e+01 1.970632987224457455e+00 1.000000000000000000e+00
1.279682724053639120e+01 -1.162202398614607368e+01 1.977360526750271408e+00 1.000000000000000000e+00
1.281112537153140352e+01 -1.170711717836923604e+01 1.984055193247462157e+00 1.000000000000000000e+00
1.282542350252641583e+01 -1.179201574326326174e+01 1.990716875419199061e+00 1.000000000000000000e+00
1.283972163352142992e+01 -1.187671826941484454e+01 1.997345462517004178e+00 1.000000000000000000e+00
1.285401976451644224e+01 -1.196122334866974413e+01 2.003940844342593675e+00 1.000000000000000000e+00
1.286831789551145455e+01 -1.204552957615624820e+01 2.010502911249714142e+00 1.000000000000000000e+00
1.288261602650646687e+01 -1.212963555030847829e+01 2.017031554145960470e+00 1.000000000000000000e+00
1.289691415750148096e+01 -1.221353987288974352e+01 2.023526664494595284e+00 1.000000000000000000e+00
1.291121228849649327e+01 -1.229724114901569898e+01 2.029988134316345505e+00 1.000000000000000000e+00
1.292551041949150559e+01 -1.238073798717760532e+01 2.036415856191204021e+00 1.000000000000000000e+00
1.293980855048651790e+01 -1.246402899926545871e+01 2.042809723260213595e+00 1.000000000000000000e+00
1.295410668148153199e+01 -1.254711280059103728e+01 2.049169629227241884e+00 1.000000000000000000e+00
1.296840481247654431e+01 -1.262998800991093873e+01 2.055495468360750699e+00 1.000000000000000000e+00
1.298270294347155662e+01 -1.271265324944954500e+01 2.061787135495551926e+00 1.000000000000000000e+00
1.299700107446656894e+01 -1.279510714492191426e+01 2.068044526034557684e+00 1.000000000000000000e+00
1.301129920546158303e+01 -1.287734832555666209e+01 2.074267535950518049e+00 1.000000000000000000e+00
1.302559733645659534e+01 -1.295937542411866517e+01 2.080456061787748556e+00 1.000000000000000000e+00
1.303989546745160766e+01 -1.304118707693192647e+01 2.086610000663856379e+00 1.000000000000000000e+00
1.305419359844661997e+01 -1.312278192390212261e+01 2.092729250271442520e+00 1.000000000000000000e+00
1.306849172944163229e+01 -1.320415860853927015e+01 2.098813708879809781e+00 1.000000000000000000e+00
1.308278986043664638e+01 -1.328531577798028174e+01 2.104863275336649409e+00 1.000000000000000000e+00
1.309708799143165869e+01 -1.336625208301142820e+01 2.110877849069724199e+00 1.000000000000000000e+00
1.311138612242667101e+01 -1.344696617809080408e+01 2.116857330088540934e+00 1.000000000000000000e+00
1.312568425342168332e+01 -1.352745672137065647e+01 2.122801618986012162e+00 1.000000000000000000e+00
1.313998238441669741e+01 -1.360772237471973867e+01 2.128710616940109990e+00 1.000000000000000000e+00
1.315428051541170973e+01 -1.368776180374549334e+01 2.134584225715504768e+00 1.000000000000000000e+00
1.316857864640672204e+01 -1.376757367781632269e+01 2.140422347665205560e+00 1.000000000000000000e+00
1.318287677740173436e+01 -1.384715667008363660e+01 2.146224885732176180e+00 1.000000000000000000e+00
1.319717490839674845e+01 -1.392650945750394698e+01 2.151991743450954786e+00 1.000000000000000000e+00
1.321147303939176076e+01 -1.400563072086082528e+01 2.157722824949250828e+00 1.000000000000000000e+00
1.322577117038677308e+01 -1.408451914478688316e+01 2.163418034949545099e+00 1.000000000000000000e+00
1.324006930138178539e+01 -1.416317341778563410e+01 2.169077278770671580e+00 1.000000000000000000e+00
1.325436743237679771e+01 -1.424159223225325732e+01 2.174700462329390849e+00 1.000000000000000000e+00
1.326866556337181180e+01 -1.431977428450037237e+01 2.180287492141955497e+00 1.000000000000000000e+00
1.328296369436682411e+01 -1.439771827477366806e+01 2.185838275325659108e+00 1.000000000000000000e+00
1.329726182536183643e+01 -1.447542290727759173e+01 2.191352719600391019e+00 1.000000000000000000e+00
1.331155995635684874e+01 -1.455288689019581483e+01 2.196830733290159543e+00 1.000000000000000000e+00
1.332585808735186284e+01 -1.463010893571274096e+01 2.202272225324622745e+00 1.000000000000000000e+00
1.334015621834687515e+01 -1.470708776003490215e+01 2.207677105240598348e+00 1.000000000000000000e+00
1.335445434934188746e+01 -1.478382208341231596e+01 2.213045283183571410e+00 1.000000000000000000e+00
1.336875248033689978e+01 -1.486031063015976628e+01 2.218376669909186027e+00 1.000000000000000000e+00
1.338305061133191387e+01 -1.493655212867800586e+01 2.223671176784729031e+00 1.000000000000000000e+00
1.339734874232692619e+01 -1.501254531147484350e+01 2.228928715790603476e+00 1.000000000000000000e+00
1.341164687332193850e+01 -1.508828891518630932e+01 2.234149199521792362e+00 1.000000000000000000e+00
1.342594500431695081e+01 -1.516378168059759268e+01 2.239332541189310799e+00 1.000000000000000000e+00
1.344024313531196313e+01 -1.523902235266401206e+01 2.244478654621652414e+00 1.000000000000000000e+00
1.345454126630697722e+01 -1.531400968053185352e+01 2.249587454266217090e+00 1.000000000000000000e+00
1.346883939730198954e+01 -1.538874241755914518e+01 2.254658855190733835e+00 1.000000000000000000e+00
1.348313752829700185e+01 -1.546321932133644772e+01 2.259692773084676087e+00 1.000000000000000000e+00
1.349743565929201417e+01 -1.553743915370747075e+01 2.264689124260662823e+00 1.000000000000000000e+00
1.351173379028702826e+01 -1.561140068078966081e+01 2.269647825655846329e+00 1.000000000000000000e+00
1.352603192128204057e+01 -1.568510267299468097e+01 2.274568794833294216e+00 1.000000000000000000e+00
1.354033005227705289e+01 -1.575854390504891711e+01 2.279451949983364312e+00 1.000000000000000000e+00
1.355462818327206520e+01 -1.583172315601379410e+01 2.284297209925058247e+00 1.000000000000000000e+00
1.356892631426707929e+01 -1.590463920930613462e+01 2.289104494107377263e+00 1.000000000000000000e+00
1.358322444526209161e+01 -1.597729085271828176e+01 2.293873722610654919e+00 1.000000000000000000e+00
1.359752257625710392e+01 -1.604967687843836188e+01 2.298604816147891583e+00 1.000000000000000000e+00
1.361182070725211624e+01 -1.612179608307030065e+01 2.303297696066068934e+00 1.000000000000000000e+00
1.362611883824712855e+01 -1.619364726765383367e+01 2.307952284347458249e+00 1.000000000000000000e+00
1.364041696924214264e+01 -1.626522923768447981e+01 2.312568503610919812e+00 1.000000000000000000e+00
1.365471510023715496e+01 -1.633654080313333523e+01 2.317146277113185437e+00 1.000000000000000000e+00
1.366901323123216727e+01 -1.640758077846691165e+01 2.321685528750136562e+00 1.000000000000000000e+00
1.368331136222717959e+01 -1.647834798266681489e+01 2.326186183058069457e+00 1.000000000000000000e+00
1.369760949322219368e+01 -1.654884123924941619e+01 2.330648165214950662e+00 1.000000000000000000e+00
1.371190762421720599e+01 -1.661905937628533891e+01 2.335071401041656891e+00 1.000000000000000000e+00
1.372620575521221831e+01 -1.668900122641902328e+01 2.339455817003213145e+00 1.000000000000000000e+00
1.374050388620723062e+01 -1.675866562688808159e+01 2.343801340210012629e+00 1.000000000000000000e+00
1.375480201720224471e+01 -1.682805141954264982e+01 2.348107898419029116e+00 1.000000000000000000e+00
1.376910014819725703e+01 -1.689715745086462562e+01 2.352375420035017761e+00 1.000000000000000000e+00
1.378339827919226934e+01 -1.696598257198687065e+01 2.356603834111704820e+00 1.000000000000000000e+00
1.379769641018728166e+01 -1.703452563871228520e+01 2.360793070352968037e+00 1.000000000000000000e+00
1.381199454118229575e+01 -1.710278551153284354e+01 2.364943059114006818e+00 1.000000000000000000e+00
1.382629267217730806e+01 -1.717076105564851574e+01 2.369053731402494201e+00 1.000000000000000000e+00
1.384059080317232038e+01 -1.723845114098618581e+01 2.373125018879731929e+00 1.000000000000000000e+00
1.385488893416733269e+01 -1.730585464221838876e+01 2.377156853861779773e+00 1.000000000000000000e+00
1.386918706516234501e+01 -1.737297043878201919e+01 2.381149169320585290e+00 1.000000000000000000e+00
1.388348519615735910e+01 -1.743979741489700430e+01 2.385101898885094940e+00 1.000000000000000000e+00
1.389778332715237141e+01 -1.750633445958479228e+01 2.389014976842358529e+00 1.000000000000000000e+00
1.391208145814738373e+01 -1.757258046668688678e+01 2.392888338138624782e+00 1.000000000000000000e+00
1.392637958914239604e+01 -1.763853433488318601e+01 2.396721918380416927e+00 1.000000000000000000e+00
1.394067772013741013e+01 -1.770419496771032541e+01 2.400515653835608276e+00 1.000000000000000000e+00
1.395497585113242245e+01 -1.776956127357985693e+01 2.404269481434477829e+00 1.000000000000000000e+00
1.396927398212743476e+01 -1.783463216579647437e+01 2.407983338770763204e+00 1.000000000000000000e+00
1.398357211312244708e+01 -1.789940656257600438e+01 2.411657164102694040e+00 1.000000000000000000e+00
1.399787024411746117e+01 -1.796388338706344712e+01 2.415290896354021388e+00 1.000000000000000000e+00
1.401216837511247348e+01 -1.802806156735081800e+01 2.418884475115029797e+00 1.000000000000000000e+00
1.402646650610748580e+01 -1.809194003649502491e+01 2.422437840643545393e+00 1.000000000000000000e+00
1.404076463710249811e+01 -1.815551773253559986e+01 2.425950933865927084e+00 1.000000000000000000e+00
1.405506276809751043e+01 -1.821879359851229907e+01 2.429423696378048003e+00 1.000000000000000000e+00
1.406936089909252452e+01 -1.828176658248276354e+01 2.432856070446268948e+00 1.000000000000000000e+00
1.408365903008753683e+01 -1.834443563753991313e+01 2.436247999008394949e+00 1.000000000000000000e+00
1.409795716108254915e+01 -1.840679972182939395e+01 2.439599425674624733e+00 1.000000000000000000e+00
1.411225529207756146e+01 -1.846885779856694754e+01 2.442910294728491305e+00 1.000000000000000000e+00
1.412655342307257555e+01 -1.853060883605554565e+01 2.446180551127784319e+00 1.000000000000000000e+00
1.414085155406758787e+01 -1.859205180770263155e+01 2.449410140505468014e+00 1.000000000000000000e+00
1.415514968506260018e+01 -1.865318569203712684e+01 2.452599009170580935e+00 1.000000000000000000e+00
1.416944781605761250e+01 -1.871400947272647386e+01 2.455747104109135659e+00 1.000000000000000000e+00
1.418374594705262659e+01 -1.877452213859345775e+01 2.458854372984992320e+00 1.000000000000000000e+00
1.419804407804763891e+01 -1.883472268363304991e+01 2.461920764140732132e+00 1.000000000000000000e+00
1.421234220904265122e+01 -1.889461010702917321e+01 2.464946226598518031e+00 1.000000000000000000e+00
1.422664034003766353e+01 -1.895418341317129673e+01 2.467930710060940669e+00 1.000000000000000000e+00
1.424093847103267585e+01 -1.901344161167096303e+01 2.470874164911851523e+00 1.000000000000000000e+00
1.425523660202768994e+01 -1.907238371737832949e+01 2.473776542217193786e+00 1.000000000000000000e+00
1.426953473302270226e+01 -1.913100875039846116e+01 2.476637793725809278e+00 1.000000000000000000e+00
1.428383286401771457e+01 -1.918931573610769448e+01 2.479457871870247132e+00 1.000000000000000000e+00
1.429813099501272688e+01 -1.924730370516977729e+01 2.482236729767548944e+00 1.000000000000000000e+00
1.431242912600774098e+01 -1.930497169355205500e+01 2.484974321220031701e+00 1.000000000000000000e+00
1.432672725700275329e+01 -1.936231874254139740e+01 2.487670600716053837e+00 1.000000000000000000e+00
1.434102538799776561e+01 -1.941934389876026756e+01 2.490325523430775512e+00 1.000000000000000000e+00
1.435532351899277792e+01 -1.947604621418243553e+01 2.492939045226895800e+00 1.000000000000000000e+00
1.436962164998779201e+01 -1.953242474614884117e+01 2.495511122655398317e+00 1.000000000000000000e+00
1.438391978098280433e+01 -1.958847855738322252e+01 2.498041712956260874e+00 1.000000000000000000e+00
1.439821791197781664e+01 -1.964420671600766610e+01 2.500530774059175787e+00 1.000000000000000000e+00
1.441251604297282896e+01 -1.969960829555819615e+01 2.502978264584244883e+00 1.000000000000000000e+00
1.442681417396784305e+01 -1.975468237500009039e+01 2.505384143842669165e+00 1.000000000000000000e+00
1.444111230496285536e+01 -1.980942803874320646e+01 2.507748371837423385e+00 1.000000000000000000e+00
1.445541043595786768e+01 -1.986384437665720171e+01 2.510070909263923067e+00 1.000000000000000000e+00
1.446970856695287999e+01 -1.991793048408672462e+01 2.512351717510676430e+00 1.000000000000000000e+00
1.448400669794789231e+01 -1.997168546186638238e+01 2.514590758659927427e+00 1.000000000000000000e+00
1.449830482894290640e+01 -2.002510841633570493e+01 2.516787995488285468e+00 1.000000000000000000e+00
1.451260295993791871e+01 -2.007819845935400238e+01 2.518943391467342252e+00 1.000000000000000000e+00
1.452690109093293103e+01 -2.013095470831517275e+01 2.521056910764285064e+00 1.000000000000000000e+00
1.454119922192794334e+01 -2.018337628616232848e+01 2.523128518242485629e+00 1.000000000000000000e+00
1.455549735292295743e+01 -2.023546232140236611e+01 2.525158179462087205e+00 1.000000000000000000e+00
1.456979548391796975e+01 -2.028721194812049688e+01 2.527145860680578338e+00 1.000000000000000000e+00
1.458409361491298206e+01 -2.033862430599463522e+01 2.529091528853352422e+00 1.000000000000000000e+00
1.459839174590799438e+01 -2.038969854030965223e+01 2.530995151634255702e+00 1.000000000000000000e+00
1.461268987690300847e+01 -2.044043380197167181e+01 2.532856697376128619e+00 1.000000000000000000e+00
1.462698800789802078e+01 -2.049082924752208257e+01 2.534676135131327612e+00 1.000000000000000000e+00
1.464128613889303310e+01 -2.054088403915166694e+01 2.536453434652244709e+00 1.000000000000000000e+00
1.465558426988804541e+01 -2.059059734471443548e+01 2.538188566391803569e+00 1.000000000000000000e+00
1.466988240088305773e+01 -2.063996833774152506e+01 2.539881501503958638e+00 1.000000000000000000e+00
1.468418053187807182e+01 -2.068899619745492302e+01 2.541532211844168554e+00 1.000000000000000000e+00
1.469847866287308413e+01 -2.073768010878108825e+01 2.543140669969866874e+00 1.000000000000000000e+00
1.471277679386809645e+01 -2.078601926236450126e+01 2.544706849140915939e+00 1.000000000000000000e+00
1.472707492486310876e+01 -2.083401285458118934e+01 2.546230723320055400e+00 1.000000000000000000e+00
1.474137305585812285e+01 -2.088166008755199954e+01 2.547712267173332101e+00 1.000000000000000000e+00
1.475567118685313517e+01 -2.092896016915590351e+01 2.549151456070521071e+00 1.000000000000000000e+00
1.476996931784814748e+01 -2.097591231304314263e+01 2.550548266085536753e+00 1.000000000000000000e+00
1.478426744884315980e+01 -2.102251573864835521e+01 2.551902673996829130e+00 1.000000000000000000e+00
1.479856557983817389e+01 -2.106876967120350486e+01 2.553214657287771416e+00 1.000000000000000000e+00
1.481286371083318620e+01 -2.111467334175075905e+01 2.554484194147032650e+00 1.000000000000000000e+00
1.482716184182819852e+01 -2.116022598715528247e+01 2.555711263468941397e+00 1.000000000000000000e+00
1.484145997282321083e+01 -2.120542685011796280e+01 2.556895844853836586e+00 1.000000000000000000e+00
1.485575810381822315e+01 -2.125027517918792341e+01 2.558037918608405903e+00 1.000000000000000000e+00
1.487005623481323724e+01 -2.129477022877509640e+01 2.559137465746014417e+00 1.000000000000000000e+00
1.488435436580824955e+01 -2.133891125916253984e+01 2.560194467987018552e+00 1.000000000000000000e+00
1.489865249680326187e+01 -2.138269753651882255e+01 2.561208907759072506e+00 1.000000000000000000e+00
1.491295062779827418e+01 -2.142612833291012819e+01 2.562180768197416914e+00 1.000000000000000000e+00
1.492724875879328827e+01 -2.146920292631244820e+01 2.563110033145162614e+00 1.000000000000000000e+00
1.494154688978830059e+01 -2.151192060062350464e+01 2.563996687153556664e+00 1.000000000000000000e+00
1.495584502078331290e+01 -2.155428064567472646e+01 2.564840715482240796e+00 1.000000000000000000e+00
1.497014315177832522e+01 -2.159628235724299472e+01 2.565642104099496557e+00 1.000000000000000000e+00
1.498444128277333931e+01 -2.163792503706240211e+01 2.566400839682476676e+00 1.000000000000000000e+00
1.499873941376835162e+01 -2.167920799283581346e+01 2.567116909617428888e+00 1.000000000000000000e+00
1.501303754476336394e+01 -2.172013053824641915e+01 2.567790301999904212e+00 1.000000000000000000e+00
1.502733567575837625e+01 -2.176069199296910028e+01 2.568421005634955456e+00 1.000000000000000000e+00
1.504163380675339035e+01 -2.180089168268179378e+01 2.569009010037322405e+00 1.000000000000000000e+00
1.505593193774840266e+01 -2.184072893907664437e+01 2.569554305431608121e+00 1.000000000000000000e+00
1.507023006874341498e+01 -2.188020309987117074e+01 2.570056882752438376e+00 1.000000000000000000e+00
1.508452819973842729e+01 -2.191931350881920437e+01 2.570516733644616192e+00 1.000000000000000000e+00
1.509882633073343960e+01 -2.195805951572189230e+01 2.570933850463257286e+00 1.000000000000000000e+00
1.511312446172845370e+01 -2.199644047643842271e+01 2.571308226273918862e+00 1.000000000000000000e+00
1.512742259272346601e+01 -2.203445575289677194e+01 2.571639854852714624e+00 1.000000000000000000e+00
1.514172072371847833e+01 -2.207210471310432354e+01 2.571928730686419140e+00 1.000000000000000000e+00
1.515601885471349064e+01 -2.210938673115835229e+01 2.572174848972557548e+00 1.000000000000000000e+00
1.517031698570850473e+01 -2.214630118725643726e+01 2.572378205619486824e+00 1.000000000000000000e+00
1.518461511670351705e+01 -2.218284746770674332e+01 2.572538797246463282e+00 1.000000000000000000e+00
1.519891324769852936e+01 -2.221902496493828139e+01 2.572656621183698977e+00 1.000000000000000000e+00
1.521321137869354168e+01 -2.225483307751095907e+01 2.572731675472406554e+00 1.000000000000000000e+00
1.522750950968855577e+01 -2.229027121012558865e+01 2.572763958864830336e+00 1.000000000000000000e+00
1.524180764068356808e+01 -2.232533877363378139e+01 2.572753470824268973e+00 1.000000000000000000e+00
1.525610577167858040e+01 -2.236003518504776366e+01 2.572700211525082992e+00 1.000000000000000000e+00
1.527040390267359271e+01 -2.239435986755006880e+01 2.572604181852691685e+00 1.000000000000000000e+00
1.528470203366860503e+01 -2.242831225050306898e+01 2.572465383403560679e+00 1.000000000000000000e+00
1.529900016466361912e+01 -2.246189176945854982e+01 2.572283818485172180e+00 1.000000000000000000e+00
1.531329829565863143e+01 -2.249509786616702200e+01 2.572059490115988556e+00 1.000000000000000000e+00
1.532759642665364375e+01 -2.252792998858703655e+01 2.571792402025402602e+00 1.000000000000000000e+00
1.534189455764865606e+01 -2.256038759089435430e+01 2.571482558653673589e+00 1.000000000000000000e+00
1.535619268864367015e+01 -2.259247013349103383e+01 2.571129965151855767e+00 1.000000000000000000e+00
1.537049081963868247e+01 -2.262417708301437358e+01 2.570734627381709991e+00 1.000000000000000000e+00
1.538478895063369478e+01 -2.265550791234579719e+01 2.570296551915609573e+00 1.000000000000000000e+00
1.539908708162870710e+01 -2.268646210061962165e+01 2.569815746036427484e+00 1.000000000000000000e+00
1.541338521262372119e+01 -2.271703913323170809e+01 2.569292217737418671e+00 1.000000000000000000e+00
1.542768334361873350e+01 -2.274723850184801321e+01 2.568725975722084609e+00 1.000000000000000000e+00
1.544198147461374582e+01 -2.277705970441303762e+01 2.568117029404030305e+00 1.000000000000000000e+00
1.545627960560875813e+01 -2.280650224515819247e+01 2.567465388906805757e+00 1.000000000000000000e+00
1.547057773660377045e+01 -2.283556563461003464e+01 2.566771065063739865e+00 1.000000000000000000e+00
1.548487586759878454e+01 -2.286424938959838826e+01 2.566034069417759689e+00 1.000000000000000000e+00
1.549917399859379685e+01 -2.289255303326437385e+01 2.565254414221198154e+00 1.000000000000000000e+00
1.551347212958880917e+01 -2.292047609506837347e+01 2.564432112435589328e+00 1.000000000000000000e+00
1.552777026058382148e+01 -2.294801811079780762e+01 2.563567177731455704e+00 1.000000000000000000e+00
1.554206839157883557e+01 -2.297517862257489440e+01 2.562659624488078158e+00 1.000000000000000000e+00
1.555636652257384789e+01 -2.300195717886422742e+01 2.561709467793258810e+00 1.000000000000000000e+00
1.557066465356886020e+01 -2.302835333448030752e+01 2.560716723443069220e+00 1.000000000000000000e+00
1.558496278456387252e+01 -2.305436665059491119e+01 2.559681407941587494e+00 1.000000000000000000e+00
1.559926091555888661e+01 -2.307999669474443039e+01 2.558603538500625163e+00 1.000000000000000000e+00
1.561355904655389892e+01 -2.310524304083702773e+01 2.557483133039440304e+00 1.000000000000000000e+00
1.562785717754891124e+01 -2.313010526915974197e+01 2.556320210184438224e+00 1.000000000000000000e+00
1.564215530854392355e+01 -2.315458296638543700e+01 2.555114789268865483e+00 1.000000000000000000e+00
1.565645343953893764e+01 -2.317867572557971201e+01 2.553866890332484818e+00 1.000000000000000000e+00
1.567075157053394996e+01 -2.320238314620762310e+01 2.552576534121243412e+00 1.000000000000000000e+00
1.568504970152896227e+01 -2.322570483414038733e+01 2.551243742086927835e+00 1.000000000000000000e+00
1.569934783252397459e+01 -2.324864040166189483e+01 2.549868536386808771e+00 1.000000000000000000e+00
1.571364596351898690e+01 -2.327118946747519246e+01 2.548450939883269761e+00 1.000000000000000000e+00
1.572794409451400099e+01 -2.329335165670877927e+01 2.546990976143429730e+00 1.000000000000000000e+00
1.574224222550901331e+01 -2.331512660092288058e+01 2.545488669438749962e+00 1.000000000000000000e+00
1.575654035650402562e+01 -2.333651393811554087e+01 2.543944044744632205e+00 1.000000000000000000e+00
1.577083848749903794e+01 -2.335751331272867404e+01 2.542357127739999445e+00 1.000000000000000000e+00
1.578513661849405203e+01 -2.337812437565393253e+01 2.540727944806874472e+00 1.000000000000000000e+00
1.579943474948906434e+01 -2.339834678423855152e+01 2.539056523029937118e+00 1.000000000000000000e+00
1.581373288048407666e+01 -2.341818020229101904e+01 2.537342890196074841e+00 1.000000000000000000e+00
1.582803101147908897e+01 -2.343762430008668574e+01 2.535587074793922646e+00 1.000000000000000000e+00
1.584232914247410307e+01 -2.345667875437322891e+01 2.533789106013387471e+00 1.000000000000000000e+00
1.585662727346911538e+01 -2.347534324837602426e+01 2.531949013745164123e+00 1.000000000000000000e+00
1.587092540446412769e+01 -2.349361747180343940e+01 2.530066828580237015e+00 1.000000000000000000e+00
1.588522353545914001e+01 -2.351150112085195687e+01 2.528142581809372569e+00 1.000000000000000000e+00
1.589952166645415232e+01 -2.352899389821124387e+01 2.526176305422599633e+00 1.000000000000000000e+00
1.591381979744916642e+01 -2.354609551306911541e+01 2.524168032108675241e+00 1.000000000000000000e+00
1.592811792844417873e+01 -2.356280568111631624e+01 2.522117795254545047e+00 1.000000000000000000e+00
1.594241605943919105e+01 -2.357912412455128504e+01 2.520025628944784213e+00 1.000000000000000000e+00
1.595671419043420336e+01 -2.359505057208478007e+01 2.517891567961033861e+00 1.000000000000000000e+00
1.597101232142921745e+01 -2.361058475894435915e+01 2.515715647781420206e+00 1.000000000000000000e+00
1.598531045242422977e+01 -2.362572642687880276e+01 2.513497904579966580e+00 1.000000000000000000e+00
1.599960858341924208e+01 -2.364047532416240216e+01 2.511238375225993469e+00 1.000000000000000000e+00
1.601390671441425440e+01 -2.365483120559913033e+01 2.508937097283500783e+00 1.000000000000000000e+00
1.602820484540926671e+01 -2.366879383252676661e+01 2.506594109010547022e+00 1.000000000000000000e+00
1.604250297640427902e+01 -2.368236297282077985e+01 2.504209449358614226e+00 1.000000000000000000e+00
1.605680110739929489e+01 -2.369553840089828256e+01 2.501783157971956051e+00 1.000000000000000000e+00
1.607109923839430721e+01 -2.370831989772170090e+01 2.499315275186944074e+00 1.000000000000000000e+00
1.608539736938931952e+01 -2.372070725080246945e+01 2.496805842031393219e+00 1.000000000000000000e+00
1.609969550038433184e+01 -2.373270025420453777e+01 2.494254900223879190e+00 1.000000000000000000e+00
1.611399363137934415e+01 -2.374429870854780944e+01 2.491662492173049248e+00 1.000000000000000000e+00
1.612829176237435647e+01 -2.375550242101144249e+01 2.489028660976913443e+00 1.000000000000000000e+00
1.614258989336936878e+01 -2.376631120533705399e+01 2.486353450422128741e+00 1.000000000000000000e+00
1.615688802436438110e+01 -2.377672488183183930e+01 2.483636904983273386e+00 1.000000000000000000e+00
1.617118615535939341e+01 -2.378674327737152794e+01 2.480879069822103045e+00 1.000000000000000000e+00
1.618548428635440928e+01 -2.379636622540328617e+01 2.478079990786805187e+00 1.000000000000000000e+00
1.619978241734942159e+01 -2.380559356594847387e+01 2.475239714411234360e+00 1.000000000000000000e+00
1.621408054834443391e+01 -2.381442514560530910e+01 2.472358287914135033e+00 1.000000000000000000e+00
1.622837867933944622e+01 -2.382286081755141183e+01 2.469435759198365332e+00 1.000000000000000000e+00
1.624267681033445854e+01 -2.383090044154626241e+01 2.466472176850091458e+00 1.000000000000000000e+00
1.625697494132947085e+01 -2.383854388393350732e+01 2.463467590137986551e+00 1.000000000000000000e+00
1.627127307232448317e+01 -2.384579101764319020e+01 2.460422049012406909e+00 1.000000000000000000e+00
1.628557120331949548e+01 -2.385264172219388712e+01 2.457335604104565085e+00 1.000000000000000000e+00
1.629986933431450780e+01 -2.385909588369467471e+01 2.454208306725687017e+00 1.000000000000000000e+00
1.631416746530952366e+01 -2.386515339484705223e+01 2.451040208866156700e+00 1.000000000000000000e+00
1.632846559630453598e+01 -2.387081415494668590e+01 2.447831363194658216e+00 1.000000000000000000e+00
1.634276372729954829e+01 -2.387607806988514625e+01 2.444581823057291992e+00 1.000000000000000000e+00
1.635706185829456061e+01 -2.388094505215141083e+01 2.441291642476691948e+00 1.000000000000000000e+00
1.637135998928957292e+01 -2.388541502083335288e+01 2.437960876151130218e+00 1.000000000000000000e+00
1.638565812028458524e+01 -2.388948790161907354e+01 2.434589579453600994e+00 1.000000000000000000e+00
1.639995625127959755e+01 -2.389316362679815242e+01 2.431177808430907028e+00 1.000000000000000000e+00
1.641425438227460987e+01 -2.389644213526274896e+01 2.427725619802723056e+00 1.000000000000000000e+00
1.642855251326962573e+01 -2.389932337250864691e+01 2.424233070960652991e+00 1.000000000000000000e+00
1.644285064426463805e+01 -2.390180729063613185e+01 2.420700219967282241e+00 1.000000000000000000e+00
1.645714877525965036e+01 -2.390389384835080122e+01 2.417127125555201594e+00 1.000000000000000000e+00
1.647144690625466268e+01 -2.390558301096426064e+01 2.413513847126041334e+00 1.000000000000000000e+00
1.648574503724967499e+01 -2.390687475039468879e+01 2.409860444749475583e+00 1.000000000000000000e+00
1.650004316824468731e+01 -2.390776904516729573e+01 2.406166979162227992e+00 1.000000000000000000e+00
1.651434129923969962e+01 -2.390826588041471013e+01 2.402433511767063656e+00 1.000000000000000000e+00
1.652863943023471194e+01 -2.390836524787717821e+01 2.398660104631761936e+00 1.000000000000000000e+00
1.654293756122972425e+01 -2.390806714590275917e+01 2.394846820488090611e+00 1.000000000000000000e+00
1.655723569222474012e+01 -2.390737157944729674e+01 2.390993722730760940e+00 1.000000000000000000e+00
1.657153382321975243e+01 -2.390627856007438368e+01 2.387100875416372503e+00 1.000000000000000000e+00
1.658583195421476475e+01 -2.390478810595514503e+01 2.383168343262351829e+00 1.000000000000000000e+00
1.660013008520977706e+01 -2.390290024186792905e+01 2.379196191645871483e+00 1.000000000000000000e+00
1.661442821620478938e+01 -2.390061499919790933e+01 2.375184486602765155e+00 1.000000000000000000e+00
1.662872634719980169e+01 -2.389793241593657669e+01 2.371133294826434312e+00 1.000000000000000000e+00
1.664302447819481401e+01 -2.389485253668106068e+01 2.367042683666730873e+00 1.000000000000000000e+00
1.665732260918982632e+01 -2.389137541263344744e+01 2.362912721128846094e+00 1.000000000000000000e+00
1.667162074018484219e+01 -2.388750110159988083e+01 2.358743475872173700e+00 1.000000000000000000e+00
1.668591887117985451e+01 -2.388322966798962455e+01 2.354535017209172132e+00 1.000000000000000000e+00
1.670021700217486682e+01 -2.387856118281399276e+01 2.350287415104211242e+00 1.000000000000000000e+00
1.671451513316987914e+01 -2.387349572368514927e+01 2.346000740172407451e+00 1.000000000000000000e+00
1.672881326416489145e+01 -2.386803337481484988e+01 2.341675063678453128e+00 1.000000000000000000e+00
1.674311139515990376e+01 -2.386217422701301061e+01 2.337310457535428654e+00 1.000000000000000000e+00
1.675740952615491608e+01 -2.385591837768621204e+01 2.332906994303607373e+00 1.000000000000000000e+00
1.677170765714992839e+01 -2.384926593083608637e+01 2.328464747189253448e+00 1.000000000000000000e+00
1.678600578814494071e+01 -2.384221699705758013e+01 2.323983790043397946e+00 1.000000000000000000e+00
1.680030391913995658e+01 -2.383477169353709968e+01 2.319464197360614488e+00 1.000000000000000000e+00
1.681460205013496889e+01 -2.382693014405061049e+01 2.314906044277786457e+00 1.000000000000000000e+00
1.682890018112998121e+01 -2.381869247896152331e+01 2.310309406572844892e+00 1.000000000000000000e+00
1.684319831212499352e+01 -2.381005883521856248e+01 2.305674360663523270e+00 1.000000000000000000e+00
1.685749644312000584e+01 -2.380102935635348516e+01 2.301000983606073191e+00 1.000000000000000000e+00
1.687179457411501815e+01 -2.379160419247867964e+01 2.296289353093995622e+00 1.000000000000000000e+00
1.688609270511003047e+01 -2.378178350028467847e+01 2.291539547456741488e+00 1.000000000000000000e+00
1.690039083610504278e+01 -2.377156744303755431e+01 2.286751645658410048e+00 1.000000000000000000e+00
1.691468896710005509e+01 -2.376095619057621988e+01 2.281925727296442385e+00 1.000000000000000000e+00
1.692898709809507096e+01 -2.374994991930957156e+01 2.277061872600287806e+00 1.000000000000000000e+00
1.694328522909008328e+01 -2.373854881221360102e+01 2.272160162430082675e+00 1.000000000000000000e+00
1.695758336008509559e+01 -2.372675305882829022e+01 2.267220678275294610e+00 1.000000000000000000e+00
1.697188149108010791e+01 -2.371456285525453112e+01 2.262243502253371119e+00 1.000000000000000000e+00
1.698617962207512022e+01 -2.370197840415082169e+01 2.257228717108381577e+00 1.000000000000000000e+00
1.700047775307013254e+01 -2.368899991472989441e+01 2.252176406209630777e+00 1.000000000000000000e+00
1.701477588406514485e+01 -2.367562760275527012e+01 2.247086653550277813e+00 1.000000000000000000e+00
1.702907401506015717e+01 -2.366186169053764488e+01 2.241959543745944750e+00 1.000000000000000000e+00
1.704337214605517303e+01 -2.364770240693119518e+01 2.236795162033298201e+00 1.000000000000000000e+00
1.705767027705018535e+01 -2.363314998732979433e+01 2.231593594268647340e+00 1.000000000000000000e+00
1.707196840804519766e+01 -2.361820467366307241e+01 2.226354926926501943e+00 1.000000000000000000e+00
1.708626653904020998e+01 -2.360286671439240180e+01 2.221079247098141529e+00 1.000000000000000000e+00
1.710056467003522229e+01 -2.358713636450678663e+01 2.215766642490171634e+00 1.000000000000000000e+00
1.711486280103023461e+01 -2.357101388551858889e+01 2.210417201423054756e+00 1.000000000000000000e+00
1.712916093202524692e+01 -2.355449954545922964e+01 2.205031012829655968e+00 1.000000000000000000e+00
1.714345906302025924e+01 -2.353759361887466284e+01 2.199608166253751218e+00 1.000000000000000000e+00
1.715775719401527155e+01 -2.352029638682087764e+01 2.194148751848544965e+00 1.000000000000000000e+00
1.717205532501028742e+01 -2.350260813685919814e+01 2.188652860375174480e+00 1.000000000000000000e+00
1.718635345600529973e+01 -2.348452916305149429e+01 2.183120583201194176e+00 1.000000000000000000e+00
1.720065158700031205e+01 -2.346605976595532184e+01 2.177552012299062589e+00 1.000000000000000000e+00
1.721494971799532436e+01 -2.344720025261889518e+01 2.171947240244608501e+00 1.000000000000000000e+00
1.722924784899033668e+01 -2.342795093657598215e+01 2.166306360215492610e+00 1.000000000000000000e+00
1.724354597998534899e+01 -2.340831213784072773e+01 2.160629465989664322e+00 1.000000000000000000e+00
1.725784411098036131e+01 -2.338828418290229649e+01 2.154916651943795003e+00 1.000000000000000000e+00
1.727214224197537362e+01 -2.336786740471945834e+01 2.149168013051712123e+00 1.000000000000000000e+00
1.728644037297038594e+01 -2.334706214271505686e+01 2.143383644882824068e+00 1.000000000000000000e+00
1.730073850396540180e+01 -2.332586874277036770e+01 2.137563643600520535e+00 1.000000000000000000e+00
1.731503663496041412e+01 -2.330428755721934309e+01 2.131708105960592459e+00 1.000000000000000000e+00
1.732933476595542643e+01 -2.328231894484274989e+01 2.125817129309600872e+00 1.000000000000000000e+00
1.734363289695043875e+01 -2.325996327086220816e+01 2.119890811583276857e+00 1.000000000000000000e+00
1.735793102794545106e+01 -2.323722090693413733e+01 2.113929251304883294e+00 1.000000000000000000e+00
1.737222915894046338e+01 -2.321409223114352827e+01 2.107932547583578842e+00 1.000000000000000000e+00
1.738652728993547569e+01 -2.319057762799773670e+01 2.101900800112775691e+00 1.000000000000000000e+00
1.740082542093048801e+01 -2.316667748842000663e+01 2.095834109168474679e+00 1.000000000000000000e+00
1.741512355192550388e+01 -2.314239220974302569e+01 2.089732575607599063e+00 1.000000000000000000e+00
1.742942168292051619e+01 -2.311772219570231712e+01 2.083596300866328743e+00 1.000000000000000000e+00
1.744371981391552850e+01 -2.309266785642949316e+01 2.077425386958395848e+00 1.000000000000000000e+00
1.745801794491054082e+01 -2.306722960844546932e+01 2.071219936473405188e+00 1.000000000000000000e+00
1.747231607590555313e+01 -2.304140787465352602e+01 2.064980052575117409e+00 1.000000000000000000e+00
1.748661420690056545e+01 -2.301520308433227058e+01 2.058705838999739246e+00 1.000000000000000000e+00
1.750091233789557776e+01 -2.298861567312854248e+01 2.052397400054201348e+00 1.000000000000000000e+00
1.751521046889059008e+01 -2.296164608305009835e+01 2.046054840614415671e+00 1.000000000000000000e+00
1.752950859988560239e+01 -2.293429476245833598e+01 2.039678266123542638e+00 1.000000000000000000e+00
1.754380673088061826e+01 -2.290656216606079099e+01 2.033267782590227668e+00 1.000000000000000000e+00
1.755810486187563058e+01 -2.287844875490360153e+01 2.026823496586847906e+00 1.000000000000000000e+00
1.757240299287064289e+01 -2.284995499636384508e+01 2.020345515247735424e+00 1.000000000000000000e+00
1.758670112386565521e+01 -2.282108136414175092e+01 2.013833946267394648e+00 1.000000000000000000e+00
1.760099925486066752e+01 -2.279182833825283083e+01 2.007288897898718893e+00 1.000000000000000000e+00
1.761529738585567983e+01 -2.276219640501992103e+01 2.000710478951182481e+00 1.000000000000000000e+00
1.762959551685069215e+01 -2.273218605706505357e+01 1.994098798789036397e+00 1.000000000000000000e+00
1.764389364784570446e+01 -2.270179779330132064e+01 1.987453967329491977e+00 1.000000000000000000e+00
1.765819177884072033e+01 -2.267103211892452208e+01 1.980776095040885476e+00 1.000000000000000000e+00
1.767248990983573265e+01 -2.263988954540483434e+01 1.974065292940856198e+00 1.000000000000000000e+00
1.768678804083074496e+01 -2.260837059047823772e+01 1.967321672594483539e+00 1.000000000000000000e+00
1.770108617182575728e+01 -2.257647577813793660e+01 1.960545346112441356e+00 1.000000000000000000e+00
1.771538430282076959e+01 -2.254420563862569438e+01 1.953736426149138339e+00 1.000000000000000000e+00
1.772968243381578191e+01 -2.251156070842293389e+01 1.946895025900835297e+00 1.000000000000000000e+00
1.774398056481079422e+01 -2.247854153024186630e+01 1.940021259103767992e+00 1.000000000000000000e+00
1.775827869580580654e+01 -2.244514865301649564e+01 1.933115240032260651e+00 1.000000000000000000e+00
1.777257682680081885e+01 -2.241138263189342794e+01 1.926177083496816822e+00 1.000000000000000000e+00
1.778687495779583472e+01 -2.237724402822268743e+01 1.919206904842219341e+00 1.000000000000000000e+00
1.780117308879084703e+01 -2.234273340954836939e+01 1.912204819945608314e+00 1.000000000000000000e+00
1.781547121978585935e+01 -2.230785134959922900e+01 1.905170945214556877e+00 1.000000000000000000e+00
1.782976935078087166e+01 -2.227259842827907832e+01 1.898105397585131637e+00 1.000000000000000000e+00
1.784406748177588398e+01 -2.223697523165722600e+01 1.891008294519951782e+00 1.000000000000000000e+00
1.785836561277089629e+01 -2.220098235195868241e+01 1.883879754006240415e+00 1.000000000000000000e+00
1.787266374376590861e+01 -2.216462038755432928e+01 1.876719894553855239e+00 1.000000000000000000e+00
1.788696187476092092e+01 -2.212788994295096856e+01 1.869528835193320804e+00 1.000000000000000000e+00
1.790126000575593324e+01 -2.209079162878128955e+01 1.862306695473856077e+00 1.000000000000000000e+00
1.791555813675094910e+01 -2.205332606179367261e+01 1.855053595461373384e+00 1.000000000000000000e+00
1.792985626774596142e+01 -2.201549386484201776e+01 1.847769655736502648e+00 1.000000000000000000e+00
1.794415439874097373e+01 -2.197729566687529257e+01 1.840454997392564573e+00 1.000000000000000000e+00
1.795845252973598605e+01 -2.193873210292713338e+01 1.833109742033569356e+00 1.000000000000000000e+00
1.797275066073099836e+01 -2.189980381410529375e+01 1.825734011772198739e+00 1.000000000000000000e+00
1.798704879172601068e+01 -2.186051144758094011e+01 1.818327929227763207e+00 1.000000000000000000e+00
1.800134692272102299e+01 -2.182085565657796522e+01 1.810891617524178487e+00 1.000000000000000000e+00
1.801564505371603531e+01 -2.178083710036203868e+01 1.803425200287905650e+00 1.000000000000000000e+00
1.802994318471105117e+01 -2.174045644422970369e+01 1.795928801645899853e+00 1.000000000000000000e+00
1.804424131570606349e+01 -2.169971435949734939e+01 1.788402546223557099e+00 1.000000000000000000e+00
1.805853944670107580e+01 -2.165861152348995233e+01 1.780846559142623242e+00 1.000000000000000000e+00
1.807283757769608812e+01 -2.161714861952991029e+01 1.773260966019131635e+00 1.000000000000000000e+00
1.808713570869110043e+01 -2.157532633692561674e+01 1.765645892961302366e+00 1.000000000000000000e+00
1.810143383968611275e+01 -2.153314537096002823e+01 1.758001466567450599e+00 1.000000000000000000e+00
1.811573197068112506e+01 -2.149060642287913581e+01 1.750327813923887366e+00 1.000000000000000000e+00
1.813003010167613738e+01 -2.144771019988025174e+01 1.742625062602795483e+00 1.000000000000000000e+00
1.814432823267114969e+01 -2.140445741510025712e+01 1.734893340660115690e+00 1.000000000000000000e+00
1.815862636366616556e+01 -2.136084878760381400e+01 1.727132776633419020e+00 1.000000000000000000e+00
1.817292449466117787e+01 -2.131688504237132875e+01 1.719343499539766729e+00 1.000000000000000000e+00
1.818722262565619019e+01 -2.127256691028696522e+01 1.711525638873566901e+00 1.000000000000000000e+00
1.820152075665120250e+01 -2.122789512812642698e+01 1.703679324604418843e+00 1.000000000000000000e+00
1.821581888764621482e+01 -2.118287043854475371e+01 1.695804687174953473e+00 1.000000000000000000e+00
1.823011701864122713e+01 -2.113749359006398620e+01 1.687901857498671498e+00 1.000000000000000000e+00
1.824441514963623945e+01 -2.109176533706067502e+01 1.679970966957754275e+00 1.000000000000000000e+00
1.825871328063125176e+01 -2.104568643975339626e+01 1.672012147400893545e+00 1.000000000000000000e+00
1.827301141162626763e+01 -2.099925766419003281e+01 1.664025531141083869e+00 1.000000000000000000e+00
1.828730954262127995e+01 -2.095247978223516228e+01 1.656011250953444147e+00 1.000000000000000000e+00
1.830160767361629226e+01 -2.090535357155710017e+01 1.647969440072986957e+00 1.000000000000000000e+00
1.831590580461130457e+01 -2.085787981561500715e+01 1.639900232192416318e+00 1.000000000000000000e+00
1.833020393560631689e+01 -2.081005930364594647e+01 1.631803761459908797e+00 1.000000000000000000e+00
1.834450206660132920e+01 -2.076189283065163593e+01 1.623680162476872413e+00 1.000000000000000000e+00
1.835880019759634152e+01 -2.071338119738530992e+01 1.615529570295713535e+00 1.000000000000000000e+00
1.837309832859135383e+01 -2.066452521033840739e+01 1.607352120417598451e+00 1.000000000000000000e+00
1.838739645958636615e+01 -2.061532568172711422e+01 1.599147948790187179e+00 1.000000000000000000e+00
1.840169459058138202e+01 -2.056578342947892679e+01 1.590917191805386599e+00 1.000000000000000000e+00
1.841599272157639433e+01 -2.051589927721900253e+01 1.582659986297076271e+00 1.000000000000000000e+00
1.843029085257140665e+01 -2.046567405425647124e+01 1.574376469538830703e+00 1.000000000000000000e+00
1.844458898356641896e+01 -2.041510859557069679e+01 1.566066779241646945e+00 1.000000000000000000e+00
1.845888711456143128e+01 -2.036420374179731496e+01 1.557731053551642653e+00 1.000000000000000000e+00
1.847318524555644359e+01 -2.031296033921434940e+01 1.549369431047773249e+00 1.000000000000000000e+00
1.848748337655145590e+01 -2.026137923972806121e+01 1.540982050739515774e+00 1.000000000000000000e+00
1.850178150754646822e+01 -2.020946130085882331e+01 1.532569052064562731e+00 1.000000000000000000e+00
1.851607963854148053e+01 -2.015720738572690962e+01 1.524130574886509715e+00 1.000000000000000000e+00
1.853037776953649640e+01 -2.010461836303801419e+01 1.515666759492515947e+00 1.000000000000000000e+00
1.854467590053150872e+01 -2.005169510706900127e+01 1.507177746590993905e+00 1.000000000000000000e+00
1.855897403152652103e+01 -1.999843849765317572e+01 1.498663677309245656e+00 1.000000000000000000e+00
1.857327216252153335e+01 -1.994484942016576667e+01 1.490124693191130278e+00 1.000000000000000000e+00
1.858757029351654566e+01 -1.989092876550921929e+01 1.481560936194713962e+00 1.000000000000000000e+00
1.860186842451155798e+01 -1.983667743009831241e+01 1.472972548689899464e+00 1.000000000000000000e+00
1.861616655550657029e+01 -1.978209631584528694e+01 1.464359673456063549e+00 1.000000000000000000e+00
1.863046468650158261e+01 -1.972718633014491019e+01 1.455722453679690442e+00 1.000000000000000000e+00
1.864476281749659847e+01 -1.967194838585927030e+01 1.447061032951975523e+00 1.000000000000000000e+00
1.865906094849161079e+01 -1.961638340130275182e+01 1.438375555266460992e+00 1.000000000000000000e+00
1.867335907948662310e+01 -1.956049230022661334e+01 1.429666165016617363e+00 1.000000000000000000e+00
1.868765721048163542e+01 -1.950427601180372505e+01 1.420933006993456482e+00 1.000000000000000000e+00
1.870195534147664773e+01 -1.944773547061311803e+01 1.412176226383127675e+00 1.000000000000000000e+00
1.871625347247166005e+01 -1.939087161662439485e+01 1.403395968764491686e+00 1.000000000000000000e+00
1.873055160346667236e+01 -1.933368539518219009e+01 1.394592380106714824e+00 1.000000000000000000e+00
1.874484973446168468e+01 -1.927617775699034652e+01 1.385765606766828695e+00 1.000000000000000000e+00
1.875914786545669699e+01 -1.921834965809617302e+01 1.376915795487304361e+00 1.000000000000000000e+00
1.877344599645171286e+01 -1.916020205987457459e+01 1.368043093393614740e+00 1.000000000000000000e+00
1.878774412744672517e+01 -1.910173592901200834e+01 1.359147647991784336e+00 1.000000000000000000e+00
1.880204225844173749e+01 -1.904295223749047850e+01 1.350229607165940093e+00 1.000000000000000000e+00
1.881634038943674980e+01 -1.898385196257128626e+01 1.341289119175847144e+00 1.000000000000000000e+00
1.883063852043176212e+01 -1.892443608677885436e+01 1.332326332654448109e+00 1.000000000000000000e+00
1.884493665142677443e+01 -1.886470559788441648e+01 1.323341396605398179e+00 1.000000000000000000e+00
1.885923478242178675e+01 -1.880466148888949007e+01 1.314334460400573112e+00 1.000000000000000000e+00
1.887353291341679906e+01 -1.874430475800949836e+01 1.305305673777603870e+00 1.000000000000000000e+00
1.888783104441181493e+01 -1.868363640865705833e+01 1.296255186837369289e+00 1.000000000000000000e+00
1.890212917540682724e+01 -1.862265744942536827e+01 1.287183150041515400e+00 1.000000000000000000e+00
1.891642730640183956e+01 -1.856136889407146029e+01 1.278089714209948324e+00 1.000000000000000000e+00
1.893072543739685187e+01 -1.849977176149923253e+01 1.268975030518321612e+00 1.000000000000000000e+00
1.894502356839186419e+01 -1.843786707574266615e+01 1.259839250495534468e+00 1.000000000000000000e+00
1.895932169938687650e+01 -1.837565586594867284e+01 1.250682526021202001e+00 1.000000000000000000e+00
1.897361983038188882e+01 -1.831313916636002759e+01 1.241505009323133235e+00 1.000000000000000000e+00
1.898791796137690113e+01 -1.825031801629824457e+01 1.232306852974808686e+00 1.000000000000000000e+00
1.900221609237191345e+01 -1.818719346014616889e+01 1.223088209892830180e+00 1.000000000000000000e+00
1.901651422336692931e+01 -1.812376654733068548e+01 1.213849233334383992e+00 1.000000000000000000e+00
1.903081235436194163e+01 -1.806003833230533928e+01 1.204590076894705764e+00 1.000000000000000000e+00
1.904511048535695394e+01 -1.799600987453264977e+01 1.195310894504502341e+00 1.000000000000000000e+00
1.905940861635196626e+01 -1.793168223846664588e+01 1.186011840427415365e+00 1.000000000000000000e+00
1.907370674734697857e+01 -1.786705649353506331e+01 1.176693069257441548e+00 1.000000000000000000e+00
1.908800487834199089e+01 -1.780213371412162005e+01 1.167354735916368291e+00 1.000000000000000000e+00
1.910230300933700320e+01 -1.773691497954815333e+01 1.157996995651205063e+00 1.000000000000000000e+00
1.911660114033201552e+01 -1.767140137405665712e+01 1.148620004031586372e+00 1.000000000000000000e+00
1.913089927132702783e+01 -1.760559398679128407e+01 1.139223916947203596e+00 1.000000000000000000e+00
1.914519740232204370e+01 -1.753949391178018047e+01 1.129808890605196181e+00 1.000000000000000000e+00
1.915949553331705602e+01 -1.747310224791738875e+01 1.120375081527569261e+00 1.000000000000000000e+00
1.917379366431206833e+01 -1.740642009894451192e+01 1.110922646548585302e+00 1.000000000000000000e+00
1.918809179530708064e+01 -1.733944857343234958e+01 1.101451742812150636e+00 1.000000000000000000e+00
1.920238992630209296e+01 -1.727218878476255881e+01 1.091962527769217761e+00 1.000000000000000000e+00
1.921668805729710527e+01 -1.720464185110903443e+01 1.082455159175152337e+00 1.000000000000000000e+00
1.923098618829211759e+01 -1.713680889541937091e+01 1.072929795087117943e+00 1.000000000000000000e+00
1.924528431928712990e+01 -1.706869104539624971e+01 1.063386593861453511e+00 1.000000000000000000e+00
1.925958245028214577e+01 -1.700028943347854948e+01 1.053825714151025439e+00 1.000000000000000000e+00
1.927388058127715809e+01 -1.693160519682271214e+01 1.044247314902613688e+00 1.000000000000000000e+00
1.928817871227217040e+01 -1.686263947728364698e+01 1.034651555354243024e+00 1.000000000000000000e+00
1.930247684326718272e+01 -1.679339342139584090e+01 1.025038595032550237e+00 1.000000000000000000e+00
1.931677497426219503e+01 -1.672386818035434075e+01 1.015408593750135369e+00 1.000000000000000000e+00
1.933107310525720735e+01 -1.665406490999549405e+01 1.005761711602892072e+00 1.000000000000000000e+00
1.934537123625221966e+01 -1.658398477077787092e+01 9.960981089673606181e-01 1.000000000000000000e+00
1.935966936724723197e+01 -1.651362892776285918e+01 9.864179464980491474e-01 1.000000000000000000e+00
1.937396749824224429e+01 -1.644299855059532689e+01 9.767213851247672496e-01 1.000000000000000000e+00
1.938826562923726016e+01 -1.637209481348423878e+01 9.670085860499563202e-01 1.000000000000000000e+00
1.940256376023227247e+01 -1.630091889518306303e+01 9.572797107460019328e-01 1.000000000000000000e+00
1.941686189122728479e+01 -1.622947197897020999e+01 9.475349209525546490e-01 1.000000000000000000e+00
1.943116002222229710e+01 -1.615775525262932533e+01 9.377743786738345078e-01 1.000000000000000000e+00
1.944545815321730942e+01 -1.608576990842956533e+01 9.279982461759417323e-01 1.000000000000000000e+00
1.945975628421232173e+01 -1.601351714310582608e+01 9.182066859841656603e-01 1.000000000000000000e+00
1.947405441520733405e+01 -1.594099815783875052e+01 9.083998608802700270e-01 1.000000000000000000e+00
1.948835254620234636e+01 -1.586821415823481374e+01 8.985779338997933463e-01 1.000000000000000000e+00
1.950265067719736223e+01 -1.579516635430629634e+01 8.887410683293424096e-01 1.000000000000000000e+00
1.951694880819237454e+01 -1.572185596045114231e+01 8.788894277038716840e-01 1.000000000000000000e+00
1.953124693918738686e+01 -1.564828419543278493e+01 8.690231758039685950e-01 1.000000000000000000e+00
1.954554507018239917e+01 -1.557445228235983947e+01 8.591424766531239321e-01 1.000000000000000000e+00
1.955984320117741149e+01 -1.550036144866582077e+01 8.492474945150103594e-01 1.000000000000000000e+00
1.957414133217242380e+01 -1.542601292608875241e+01 8.393383938907570396e-01 1.000000000000000000e+00
1.958843946316743612e+01 -1.535140795065060004e+01 8.294153395162001674e-01 1.000000000000000000e+00
1.960273759416244843e+01 -1.527654776263684688e+01 8.194784963591617011e-01 1.000000000000000000e+00
1.961703572515746075e+01 -1.520143360657576537e+01 8.095280296166911249e-01 1.000000000000000000e+00
1.963133385615247661e+01 -1.512606673121774747e+01 7.995641047123243084e-01 1.000000000000000000e+00
1.964563198714748893e+01 -1.505044838951466879e+01 7.895868872933475835e-01 1.000000000000000000e+00
1.965993011814250124e+01 -1.497457983859883690e+01 7.795965432280161922e-01 1.000000000000000000e+00
1.967422824913751356e+01 -1.489846233976231460e+01 7.695932386028233596e-01 1.000000000000000000e+00
1.968852638013252587e+01 -1.482209715843577236e+01 7.595771397197207397e-01 1.000000000000000000e+00
1.970282451112753819e+01 -1.474548556416755218e+01 7.495484130933606215e-01 1.000000000000000000e+00
1.971712264212255050e+01 -1.466862883060257161e+01 7.395072254483345819e-01 1.000000000000000000e+00
1.973142077311756282e+01 -1.459152823546107491e+01 7.294537437163886029e-01 1.000000000000000000e+00
1.974571890411257513e+01 -1.451418506051742519e+01 7.193881350336533975e-01 1.000000000000000000e+00
1.976001703510759100e+01 -1.443660059157884845e+01 7.093105667378717394e-01 1.000000000000000000e+00
1.977431516610260331e+01 -1.435877611846397706e+01 6.992212063656089160e-01 1.000000000000000000e+00
1.978861329709761563e+01 -1.428071293498147298e+01 6.891202216494721755e-01 1.000000000000000000e+00
1.980291142809262794e+01 -1.420241233890842381e+01 6.790077805153132973e-01 1.000000000000000000e+00
1.981720955908764026e+01 -1.412387563196891449e+01 6.688840510794527017e-01 1.000000000000000000e+00
1.983150769008265257e+01 -1.404510411981223328e+01 6.587492016458685873e-01 1.000000000000000000e+00
1.984580582107766489e+01 -1.396609911199124454e+01 6.486034007034059412e-01 1.000000000000000000e+00
1.986010395207267720e+01 -1.388686192194066571e+01 6.384468169229817747e-01 1.000000000000000000e+00
1.987440208306769307e+01 -1.380739386695507243e+01 6.282796191547636022e-01 1.000000000000000000e+00
1.988870021406270538e+01 -1.372769626816723765e+01 6.181019764253889992e-01 1.000000000000000000e+00
1.990299834505771770e+01 -1.364777045052591831e+01 6.079140579351262064e-01 1.000000000000000000e+00
1.991729647605273001e+01 -1.356761774277396171e+01 5.977160330550775891e-01 1.000000000000000000e+00
1.993159460704774233e+01 -1.348723947742625029e+01 5.875080713243674424e-01 1.000000000000000000e+00
1.994589273804275464e+01 -1.340663699074744031e+01 5.772903424473109224e-01 1.000000000000000000e+00
1.996019086903776696e+01 -1.332581162272979292e+01 5.670630162905988536e-01 1.000000000000000000e+00
1.997448900003277927e+01 -1.324476471707096970e+01 5.568262628804808712e-01 1.000000000000000000e+00
1.998878713102779159e+01 -1.316349762115155109e+01 5.465802523999226947e-01 1.000000000000000000e+00
2.000308526202280746e+01 -1.308201168601277509e+01 5.363251551857931565e-01 1.000000000000000000e+00
2.001738339301781977e+01 -1.300030826633400771e+01 5.260611417260248057e-01 1.000000000000000000e+00
2.003168152401283209e+01 -1.291838872041018682e+01 5.157883826567738472e-01 1.000000000000000000e+00
2.004597965500784440e+01 -1.283625441012934232e+01 5.055070487595983986e-01 1.000000000000000000e+00
2.006027778600285671e+01 -1.275390670094984102e+01 4.952173109586014976e-01 1.000000000000000000e+00
2.007457591699786903e+01 -1.267134696187780563e+01 4.849193403176077499e-01 1.000000000000000000e+00
2.008887404799288134e+01 -1.258857656544423698e+01 4.746133080373033941e-01 1.000000000000000000e+00
2.010317217898789366e+01 -1.250559688768226430e+01 4.642993854523971287e-01 1.000000000000000000e+00
2.011747030998290953e+01 -1.242240930810427457e+01 4.539777440287758314e-01 1.000000000000000000e+00
2.013176844097792184e+01 -1.233901520967895493e+01 4.436485553606479559e-01 1.000000000000000000e+00
2.014606657197293416e+01 -1.225541597880832079e+01 4.333119911676945324e-01 1.000000000000000000e+00
2.016036470296794647e+01 -1.217161300530461610e+01 4.229682232922080676e-01 1.000000000000000000e+00
2.017466283396295879e+01 -1.208760768236724914e+01 4.126174236962402708e-01 1.000000000000000000e+00
2.018896096495797110e+01 -1.200340140655967680e+01 4.022597644587497245e-01 1.000000000000000000e+00
2.020325909595298342e+01 -1.191899557778608809e+01 3.918954177727278498e-01 1.000000000000000000e+00
2.021755722694799573e+01 -1.183439159926817297e+01 3.815245559423428579e-01 1.000000000000000000e+00
2.023185535794300804e+01 -1.174959087752186804e+01 3.711473513800819246e-01 1.000000000000000000e+00
2.024615348893802391e+01 -1.166459482233380029e+01 3.607639766038672202e-01 1.000000000000000000e+00
2.026045161993303623e+01 -1.157940484673810033e+01 3.503746042342145706e-01 1.000000000000000000e+00
2.027474975092804854e+01 -1.149402236699262936e+01 3.399794069913320560e-01 1.000000000000000000e+00
2.028904788192306086e+01 -1.140844880255566984e+01 3.295785576922760085e-01 1.000000000000000000e+00
2.030334601291807317e+01 -1.132268557606217030e+01 3.191722292480597689e-01 1.000000000000000000e+00
2.031764414391308549e+01 -1.123673411330016236e+01 3.087605946607856477e-01 1.000000000000000000e+00
2.033194227490809780e+01 -1.115059584318709618e+01 2.983438270207758314e-01 1.000000000000000000e+00
2.034624040590311012e+01 -1.106427219774598569e+01 2.879220995036813058e-01 1.000000000000000000e+00
2.036053853689812243e+01 -1.097776461208165522e+01 2.774955853676094319e-01 1.000000000000000000e+00
2.037483666789313830e+01 -1.089107452435691847e+01 2.670644579502481908e-01 1.000000000000000000e+00
2.038913479888815061e+01 -1.080420337576860668e+01 2.566288906659778268e-01 1.000000000000000000e+00
2.040343292988316293e+01 -1.071715261052366763e+01 2.461890570029923175e-01 1.000000000000000000e+00
2.041773106087817524e+01 -1.062992367581506414e+01 2.357451305204081859e-01 1.000000000000000000e+00
2.043202919187318756e+01 -1.054251802179778963e+01 2.252972848453840549e-01 1.000000000000000000e+00
2.044632732286819987e+01 -1.045493710156479494e+01 2.148456936702407005e-01 1.000000000000000000e+00
2.046062545386321219e+01 -1.036718237112269669e+01 2.043905307495575974e-01 1.000000000000000000e+00
2.047492358485822450e+01 -1.027925528936774313e+01 1.939319698973026029e-01 1.000000000000000000e+00
2.048922171585324037e+01 -1.019115731806138392e+01 1.834701849839239507e-01 1.000000000000000000e+00
2.050351984684825268e+01 -1.010288992180612233e+01 1.730053499334758826e-01 1.000000000000000000e+00
2.051781797784326500e+01 -1.001445456802109568e+01 1.625376387207201623e-01 1.000000000000000000e+00
2.053211610883827731e+01 -9.925852726917630875e+00 1.520672253682271435e-01 1.000000000000000000e+00
2.054641423983328963e+01 -9.837085871474926080e+00 1.415942839434984613e-01 1.000000000000000000e+00
2.056071237082830194e+01 -9.748155477415448189e+00 1.311189885560574697e-01 1.000000000000000000e+00
2.057501050182331426e+01 -9.659063023180436858e+00 1.206415133545613860e-01 1.000000000000000000e+00
2.058930863281832657e+01 -9.569809989905390779e+00 1.101620325239130171e-01 1.000000000000000000e+00
2.060360676381333889e+01 -9.480397861395333692e+00 9.968072028235133719e-02 1.000000000000000000e+00
2.061790489480835475e+01 -9.390828124100178087e+00 8.919775087855970341e-02 1.000000000000000000e+00
2.063220302580336707e+01 -9.301102267090151088e+00 7.871329858878499397e-02 1.000000000000000000e+00
2.064650115679837938e+01 -9.211221782030790450e+00 6.822753771391060207e-02 1.000000000000000000e+00
2.066079928779339170e+01 -9.121188163158372220e+00 5.774064257658623883e-02 1.000000000000000000e+00
2.067509741878840401e+01 -9.031002907254926271e+00 4.725278751831148843e-02 1.000000000000000000e+00
2.068939554978341633e+01 -8.940667513623390406e+00 3.676414689654437101e-02 1.000000000000000000e+00
2.070369368077842864e+01 -8.850183484062766226e+00 2.627489508180948924e-02 1.000000000000000000e+00
2.071799181177344096e+01 -8.759552322843001448e+00 1.578520645478321757e-02 1.000000000000000000e+00
2.073228994276845683e+01 -8.668775536680120908e+00 5.295255403410669033e-03 1.000000000000000000e+00
2.074658807376346914e+01 -8.577854634711103543e+00 -5.194783680002615540e-03 1.000000000000000000e+00
2.076088620475848145e+01 -8.486791128468828660e+00 -1.568473640168529734e-02 1.000000000000000000e+00
2.077518433575349377e+01 -8.395586531856894297e+00 -2.617442836930634897e-02 1.000000000000000000e+00
2.078948246674850608e+01 -8.304242361124471117e+00 -3.666368519486969124e-02 1.000000000000000000e+00
2.080378059774351840e+01 -8.212760134841184723e+00 -4.715233249760650974e-02 1.000000000000000000e+00
2.081807872873853071e+01 -8.121141373871719082e+00 -5.764019590688797962e-02 1.000000000000000000e+00
2.083237685973354303e+01 -8.029387601350615355e+00 -6.812710106511725427e-02 1.000000000000000000e+00
2.084667499072855534e+01 -7.937500342656996111e+00 -7.861287363062129108e-02 1.000000000000000000e+00
2.086097312172357121e+01 -7.845481125389054178e+00 -8.909733928056748353e-02 1.000000000000000000e+00
2.087527125271858353e+01 -7.753331479338894106e+00 -9.958032371383428172e-02 1.000000000000000000e+00
2.088956938371359584e+01 -7.661052936466840713e+00 -1.100616526539387047e-01 1.000000000000000000e+00
2.090386751470860816e+01 -7.568647030876107351e+00 -1.205411518519174802e-01 1.000000000000000000e+00
2.091816564570362047e+01 -7.476115298787338048e+00 -1.310186470892194255e-01 1.000000000000000000e+00
2.093246377669863278e+01 -7.383459278512922275e+00 -1.414939641806177983e-01 1.000000000000000000e+00
2.094676190769364510e+01 -7.290680510431585049e+00 -1.519669289770876341e-01 1.000000000000000000e+00
2.096106003868865741e+01 -7.197780536962633313e+00 -1.624373673687171948e-01 1.000000000000000000e+00
2.097535816968366973e+01 -7.104760902540382617e+00 -1.729051052875952288e-01 1.000000000000000000e+00
2.098965630067868560e+01 -7.011623153588514512e+00 -1.833699687107007148e-01 1.000000000000000000e+00
2.100395443167369791e+01 -6.918368838494307838e+00 -1.938317836628023760e-01 1.000000000000000000e+00
2.101825256266871023e+01 -6.824999507582941050e+00 -2.042903762193466477e-01 1.000000000000000000e+00
2.103255069366372254e+01 -6.731516713091653337e+00 -2.147455725093559420e-01 1.000000000000000000e+00
2.104684882465873486e+01 -6.637922009143982116e+00 -2.251971987183144508e-01 1.000000000000000000e+00
2.106114695565374717e+01 -6.544216951723990761e+00 -2.356450810910511728e-01 1.000000000000000000e+00
2.107544508664875949e+01 -6.450403098650271616e+00 -2.460890459346420367e-01 1.000000000000000000e+00
2.108974321764377180e+01 -6.356482009550114221e+00 -2.565289196212908185e-01 1.000000000000000000e+00
2.110404134863878767e+01 -6.262455245833613127e+00 -2.669645285912108368e-01 1.000000000000000000e+00
2.111833947963379998e+01 -6.168324370667654044e+00 -2.773956993555175554e-01 1.000000000000000000e+00
2.113263761062881230e+01 -6.074090948949963931e+00 -2.878222584991077526e-01 1.000000000000000000e+00
2.114693574162382461e+01 -5.979756547283034074e+00 -2.982440326835498201e-01 1.000000000000000000e+00
2.116123387261883693e+01 -5.885322733948121332e+00 -3.086608486499605175e-01 1.000000000000000000e+00
2.117553200361384924e+01 -5.790791078879224507e+00 -3.190725332218786181e-01 1.000000000000000000e+00
2.118983013460886156e+01 -5.696163153636860876e+00 -3.294789133081601484e-01 1.000000000000000000e+00
2.120412826560387387e+01 -5.601440531382084309e+00 -3.398798159058372126e-01 1.000000000000000000e+00
2.121842639659888619e+01 -5.506624786850200515e+00 -3.502750681030105673e-01 1.000000000000000000e+00
2.123272452759390205e+01 -5.411717496324623511e+00 -3.606644970817194373e-01 1.000000000000000000e+00
2.124702265858891437e+01 -5.316720237610815580e+00 -3.710479301207986191e-01 1.000000000000000000e+00
2.126132078958392668e+01 -5.221634590009789356e+00 -3.814251945987795489e-01 1.000000000000000000e+00
2.127561892057893900e+01 -5.126462134292101958e+00 -3.917961179967327512e-01 1.000000000000000000e+00
2.128991705157395131e+01 -5.031204452671403260e+00 -4.021605279011541967e-01 1.000000000000000000e+00
2.130421518256896363e+01 -4.935863128778199993e+00 -4.125182520068247372e-01 1.000000000000000000e+00
2.131851331356397594e+01 -4.840439747633588752e+00 -4.228691181196678195e-01 1.000000000000000000e+00
2.133281144455898826e+01 -4.744935895622762523e+00 -4.332129541596278499e-01 1.000000000000000000e+00
2.134710957555400412e+01 -4.649353160468778334e+00 -4.435495881635156401e-01 1.000000000000000000e+00
2.136140770654901644e+01 -4.553693131206101974e+00 -4.538788482878735597e-01 1.000000000000000000e+00
2.137570583754402875e+01 -4.457957398154129613e+00 -4.642005628118391902e-01 1.000000000000000000e+00
2.139000396853904107e+01 -4.362147552890892399e+00 -4.745145601399845536e-01 1.000000000000000000e+00
2.140430209953405338e+01 -4.266265188226433303e+00 -4.848206688051867608e-01 1.000000000000000000e+00
2.141860023052906570e+01 -4.170311898176489507e+00 -4.951187174714605232e-01 1.000000000000000000e+00
2.143289836152407801e+01 -4.074289277935850606e+00 -5.054085349368224733e-01 1.000000000000000000e+00
2.144719649251909033e+01 -3.978198923851901547e+00 -5.156899501361305038e-01 1.000000000000000000e+00
2.146149462351410264e+01 -3.882042433398140258e+00 -5.259627921439208320e-01 1.000000000000000000e+00
2.147579275450911851e+01 -3.785821405147460794e+00 -5.362268901772675456e-01 1.000000000000000000e+00
2.149009088550413082e+01 -3.689537438745826403e+00 -5.464820735985954636e-01 1.000000000000000000e+00
2.150438901649914314e+01 -3.593192134885400790e+00 -5.567281719185450672e-01 1.000000000000000000e+00
2.151868714749415545e+01 -3.496787095278083513e+00 -5.669650147987919109e-01 1.000000000000000000e+00
2.153298527848916777e+01 -3.400323922628930795e+00 -5.771924320548739162e-01 1.000000000000000000e+00
2.154728340948418008e+01 -3.303804220609376507e+00 -5.874102536590337653e-01 1.000000000000000000e+00
2.156158154047919240e+01 -3.207229593830640990e+00 -5.976183097430388669e-01 1.000000000000000000e+00
2.157587967147420471e+01 -3.110601647817113236e+00 -6.078164306009989915e-01 1.000000000000000000e+00
2.159017780246921703e+01 -3.013921988979515909e+00 -6.180044466922030022e-01 1.000000000000000000e+00
2.160447593346423290e+01 -2.917192224588344818e+00 -6.281821886439215019e-01 1.000000000000000000e+00
2.161877406445924521e+01 -2.820413962747084113e+00 -6.383494872542300191e-01 1.000000000000000000e+00
2.163307219545425752e+01 -2.723588812365413059e+00 -6.485061734948279755e-01 1.000000000000000000e+00
2.164737032644926984e+01 -2.626718383132600643e+00 -6.586520785138333389e-01 1.000000000000000000e+00
2.166166845744428215e+01 -2.529804285490581783e+00 -6.687870336386075865e-01 1.000000000000000000e+00
2.167596658843929447e+01 -2.432848130607347059e+00 -6.789108703785421417e-01 1.000000000000000000e+00
2.169026471943430678e+01 -2.335851530350014471e+00 -6.890234204278747887e-01 1.000000000000000000e+00
2.170456285042931910e+01 -2.238816097258094384e+00 -6.991245156684811057e-01 1.000000000000000000e+00
2.171886098142433497e+01 -2.141743444516722050e+00 -7.092139881726654549e-01 1.000000000000000000e+00
2.173315911241934728e+01 -2.044635185929779553e+00 -7.192916702059584111e-01 1.000000000000000000e+00
2.174745724341435960e+01 -1.947492935893105681e+00 -7.293573942299015345e-01 1.000000000000000000e+00
2.176175537440937191e+01 -1.850318309367592562e+00 -7.394109929048393592e-01 1.000000000000000000e+00
2.177605350540438423e+01 -1.753112921852385764e+00 -7.494522990926965056e-01 1.000000000000000000e+00
2.179035163639939654e+01 -1.655878389358083513e+00 -7.594811458597499065e-01 1.000000000000000000e+00
2.180464976739440885e+01 -1.558616328379726967e+00 -7.694973664794197976e-01 1.000000000000000000e+00
2.181894789838942117e+01 -1.461328355870095130e+00 -7.795007944350229590e-01 1.000000000000000000e+00
2.183324602938443348e+01 -1.364016089212674254e+00 -7.894912634225574877e-01 1.000000000000000000e+00
2.184754416037944935e+01 -1.266681146194812868e+00 -7.994686073534623683e-01 1.000000000000000000e+00
2.186184229137446167e+01 -1.169325144980974063e+00 -8.094326603573637202e-01 1.000000000000000000e+00
2.187614042236947398e+01 -1.071949704085559008e+00 -8.193832567848606807e-01 1.000000000000000000e+00
2.189043855336448630e+01 -9.745564423462538262e-01 -8.293202312102530005e-01 1.000000000000000000e+00
2.190473668435949861e+01 -8.771469788969469272e-01 -8.392434184343086079e-01 1.000000000000000000e+00
2.191903481535451093e+01 -7.797229331408757069e-01 -8.491526534870037501e-01 1.000000000000000000e+00
2.193333294634952324e+01 -6.822859247237671454e-01 -8.590477716302584721e-01 1.000000000000000000e+00
2.194763107734453556e+01 -5.848375735067855574e-01 -8.689286083606891919e-01 1.000000000000000000e+00
2.196192920833954787e+01 -4.873794995396654728e-01 -8.787949994123362973e-01 1.000000000000000000e+00
2.197622733933456374e+01 -3.899133230338220901e-01 -8.886467807593907420e-01 1.000000000000000000e+00
2.199052547032957605e+01 -2.924406643353511526e-01 -8.984837886189281919e-01 1.000000000000000000e+00
2.200482360132458837e+01 -1.949631438981346276e-01 -9.083058594536265185e-01 1.000000000000000000e+00
2.201912173231960068e+01 -9.748238225683676650e-02 -9.181128299744915067e-01 1.000000000000000000e+00
2.203341986331461300e+01 -5.855863636985212445e-15 -9.279045371435672429e-01 1.000000000000000000e+00
