0.000000000000000000e+00 0.000000000000000000e+00 0.000000000000000000e+00 1.000000000000000000e+00
2.858592041482978241e-02 1.429294074148668436e-01 2.858588148297337424e-04 1.000000000000000000e+00
5.717184082965956482e-02 2.858576468759500000e-01 5.717152937519000668e-04 1.000000000000000000e+00
8.575776124448934723e-02 4.287835504390098973e-01 8.575671008780197477e-04 1.000000000000000000e+00
1.143436816593191296e-01 5.717059501788946951e-01 1.143411900357789402e-03 1.000000000000000000e+00
1.429296020741488982e-01 7.146236781990840115e-01 1.429247356398167948e-03 1.000000000000000000e+00
1.715155224889786945e-01 8.575355666412332045e-01 1.715071133282466314e-03 1.000000000000000000e+00
2.001014429038084907e-01 1.000440447694715518e+00 2.000880895389431022e-03 1.000000000000000000e+00
2.286873633186382593e-01 1.143337153606165613e+00 2.286674307212330920e-03 1.000000000000000000e+00
2.572732837334680278e-01 1.286224516689020936e+00 2.572449033378042173e-03 1.000000000000000000e+00
2.858592041482977963e-01 1.429101369333065641e+00 2.858202738666131525e-03 1.000000000000000000e+00
3.144451245631276204e-01 1.571966544013969624e+00 3.143933088027939336e-03 1.000000000000000000e+00
3.430310449779573889e-01 1.714818873302829338e+00 3.429637746605658510e-03 1.000000000000000000e+00
3.716169653927871575e-01 1.857657189875708825e+00 3.715314379751417321e-03 1.000000000000000000e+00
4.002028858076169815e-01 2.000480326523176533e+00 4.000960653046353559e-03 1.000000000000000000e+00
4.287888062224467500e-01 2.143287116159845240e+00 4.286574232319689988e-03 1.000000000000000000e+00
4.573747266372765186e-01 2.286076391833907540e+00 4.572152783667815003e-03 1.000000000000000000e+00
4.859606470521062871e-01 2.428846986736671987e+00 4.857693973473345070e-03 1.000000000000000000e+00
5.145465674669360556e-01 2.571597734212099251e+00 5.143195468424199314e-03 1.000000000000000000e+00
5.431324878817658242e-01 2.714327467766332713e+00 5.428654935532665864e-03 1.000000000000000000e+00
5.717184082965955927e-01 2.857035021077231285e+00 5.714070042154462993e-03 1.000000000000000000e+00
6.003043287114254722e-01 2.999719228003903115e+00 5.999438456007806335e-03 1.000000000000000000e+00
6.288902491262552408e-01 3.142378922596229973e+00 6.284757845192459613e-03 1.000000000000000000e+00
6.574761695410850093e-01 3.285012939104397400e+00 6.570025878208794919e-03 1.000000000000000000e+00
6.860620899559147778e-01 3.427620111988421758e+00 6.855240223976844308e-03 1.000000000000000000e+00
7.146480103707445464e-01 3.570199275927673277e+00 7.140398551855347067e-03 1.000000000000000000e+00
7.432339307855743149e-01 3.712749265830397327e+00 7.425498531660796112e-03 1.000000000000000000e+00
7.718198512004040834e-01 3.855268916843237026e+00 7.710537833686474836e-03 1.000000000000000000e+00
8.004057716152339630e-01 3.997757064360751400e+00 7.995514128721502647e-03 1.000000000000000000e+00
8.289916920300637315e-01 4.140212544034929110e+00 8.280425088069857942e-03 1.000000000000000000e+00
8.575776124448935001e-01 4.282634191784708833e+00 8.565268383569416694e-03 1.000000000000000000e+00
8.861635328597232686e-01 4.425020843805485882e+00 8.850041687610971097e-03 1.000000000000000000e+00
9.147494532745530371e-01 4.567371336578625041e+00 9.134742673157251677e-03 1.000000000000000000e+00
9.433353736893828057e-01 4.709684506880971178e+00 9.419369013761941592e-03 1.000000000000000000e+00
9.719212941042125742e-01 4.851959191794345649e+00 9.703918383588692673e-03 1.000000000000000000e+00
1.000507214519042343e+00 4.994194228715058692e+00 9.988388457430118911e-03 1.000000000000000000e+00
1.029093134933872111e+00 5.136388455363406713e+00 1.027277691072681423e-02 1.000000000000000000e+00
1.057679055348701880e+00 5.278540709793164254e+00 1.055708141958633037e-02 1.000000000000000000e+00
1.086264975763531648e+00 5.420649830401090163e+00 1.084129966080218076e-02 1.000000000000000000e+00
1.114850896178361417e+00 5.562714655936405350e+00 1.112542931187281148e-02 1.000000000000000000e+00
1.143436816593191185e+00 5.704734025510297180e+00 1.140946805102059647e-02 1.000000000000000000e+00
1.172022737008021176e+00 5.846706778605396337e+00 1.169341355721079112e-02 1.000000000000000000e+00
1.200608657422850944e+00 5.988631755085256358e+00 1.197726351017051362e-02 1.000000000000000000e+00
1.229194577837680713e+00 6.130507795203847365e+00 1.226101559040769506e-02 1.000000000000000000e+00
1.257780498252510482e+00 6.272333739615020498e+00 1.254466747923004347e-02 1.000000000000000000e+00
1.286366418667340250e+00 6.414108429381990106e+00 1.282821685876397999e-02 1.000000000000000000e+00
1.314952339082170019e+00 6.555830705986792850e+00 1.311166141197358560e-02 1.000000000000000000e+00
1.343538259496999787e+00 6.697499411339769004e+00 1.339499882267953905e-02 1.000000000000000000e+00
1.372124179911829556e+00 6.839113387789016230e+00 1.367822677557803228e-02 1.000000000000000000e+00
1.400710100326659324e+00 6.980671478129849561e+00 1.396134295625969801e-02 1.000000000000000000e+00
1.429296020741489093e+00 7.122172525614261396e+00 1.424434505122852516e-02 1.000000000000000000e+00
1.457881941156318861e+00 7.263615373960375265e+00 1.452723074792075346e-02 1.000000000000000000e+00
1.486467861571148630e+00 7.404998867361887172e+00 1.480999773472377670e-02 1.000000000000000000e+00
1.515053781985978398e+00 7.546321850497516692e+00 1.509264370099503566e-02 1.000000000000000000e+00
1.543639702400808167e+00 7.687583168540445655e+00 1.537516633708089012e-02 1.000000000000000000e+00
1.572225622815637935e+00 7.828781667167750591e+00 1.565756333433549960e-02 1.000000000000000000e+00
1.600811543230467926e+00 7.969916192569849400e+00 1.593983238513969544e-02 1.000000000000000000e+00
1.629397463645297695e+00 8.110985591459906274e+00 1.622197118291981294e-02 1.000000000000000000e+00
1.657983384060127463e+00 8.251988711083281913e+00 1.650397742216656513e-02 1.000000000000000000e+00
1.686569304474957232e+00 8.392924399226934895e+00 1.678584879845387151e-02 1.000000000000000000e+00
1.715155224889787000e+00 8.533791504228844360e+00 1.706758300845768669e-02 1.000000000000000000e+00
1.743741145304616769e+00 8.674588874987419373e+00 1.734917774997483605e-02 1.000000000000000000e+00
1.772327065719446537e+00 8.815315360970904734e+00 1.763063072194180972e-02 1.000000000000000000e+00
1.800912986134276306e+00 8.955969812226781457e+00 1.791193962445356697e-02 1.000000000000000000e+00
1.829498906549106074e+00 9.096551079391174355e+00 1.819310215878234757e-02 1.000000000000000000e+00
1.858084826963935843e+00 9.237058013698222325e+00 1.847411602739644498e-02 1.000000000000000000e+00
1.886670747378765611e+00 9.377489466989487710e+00 1.875497893397897603e-02 1.000000000000000000e+00
1.915256667793595380e+00 9.517844291723324801e+00 1.903568858344664716e-02 1.000000000000000000e+00
1.943842588208425148e+00 9.658121340984262559e+00 1.931624268196852415e-02 1.000000000000000000e+00
1.972428508623254917e+00 9.798319468492374895e+00 1.959663893698475323e-02 1.000000000000000000e+00
2.001014429038084685e+00 9.938437528612652727e+00 1.987687505722530654e-02 1.000000000000000000e+00
2.029600349452914454e+00 1.007847437636435295e+01 2.015694875272870668e-02 1.000000000000000000e+00
2.058186269867744222e+00 1.021842886743037226e+01 2.043685773486074442e-02 1.000000000000000000e+00
2.086772190282573991e+00 1.035829985816657839e+01 2.071659971633315819e-02 1.000000000000000000e+00
2.115358110697403760e+00 1.049808620561117500e+01 2.099617241122234829e-02 1.000000000000000000e+00
2.143944031112233528e+00 1.063778676749402408e+01 2.127557353498804593e-02 1.000000000000000000e+00
2.172529951527063297e+00 1.077740040224599127e+01 2.155480080449198588e-02 1.000000000000000000e+00
2.201115871941893065e+00 1.091692596900827894e+01 2.183385193801655813e-02 1.000000000000000000e+00
2.229701792356722834e+00 1.105636232764172533e+01 2.211272465528345277e-02 1.000000000000000000e+00
2.258287712771552602e+00 1.119570833873614824e+01 2.239141667747229780e-02 1.000000000000000000e+00
2.286873633186382371e+00 1.133496286361963890e+01 2.266992572723927971e-02 1.000000000000000000e+00
2.315459553601212583e+00 1.147412476436787721e+01 2.294824952873575352e-02 1.000000000000000000e+00
2.344045474016042352e+00 1.161319290381341851e+01 2.322638580762683563e-02 1.000000000000000000e+00
2.372631394430872120e+00 1.175216614555499639e+01 2.350433229110999306e-02 1.000000000000000000e+00
2.401217314845701889e+00 1.189104335396680412e+01 2.378208670793360846e-02 1.000000000000000000e+00
2.429803235260531658e+00 1.202982339420777969e+01 2.405964678841555904e-02 1.000000000000000000e+00
2.458389155675361426e+00 1.216850513223086772e+01 2.433701026446173643e-02 1.000000000000000000e+00
2.486975076090191195e+00 1.230708743479229739e+01 2.461417486958459785e-02 1.000000000000000000e+00
2.515560996505020963e+00 1.244556916946084257e+01 2.489113833892168601e-02 1.000000000000000000e+00
2.544146916919850732e+00 1.258394920462706246e+01 2.516789840925412469e-02 1.000000000000000000e+00
2.572732837334680500e+00 1.272222640951257056e+01 2.544445281902513872e-02 1.000000000000000000e+00
2.601318757749510269e+00 1.286039965417924869e+01 2.572079930835849404e-02 1.000000000000000000e+00
2.629904678164340037e+00 1.299846780953850178e+01 2.599693561907700720e-02 1.000000000000000000e+00
2.658490598579169806e+00 1.313642974736048430e+01 2.627285949472096815e-02 1.000000000000000000e+00
2.687076518993999574e+00 1.327428434028329463e+01 2.654856868056658728e-02 1.000000000000000000e+00
2.715662439408829343e+00 1.341203046182221748e+01 2.682406092364443551e-02 1.000000000000000000e+00
2.744248359823659111e+00 1.354966698637890943e+01 2.709933397275781850e-02 1.000000000000000000e+00
2.772834280238488880e+00 1.368719278925060756e+01 2.737438557850121676e-02 1.000000000000000000e+00
2.801420200653318648e+00 1.382460674663931499e+01 2.764921349327863209e-02 1.000000000000000000e+00
2.830006121068148417e+00 1.396190773566098642e+01 2.792381547132197217e-02 1.000000000000000000e+00
2.858592041482978185e+00 1.409909463435469590e+01 2.819818926870939005e-02 1.000000000000000000e+00
2.887177961897807954e+00 1.423616632169181884e+01 2.847233264338363753e-02 1.000000000000000000e+00
2.915763882312637723e+00 1.437312167758518200e+01 2.874624335517036652e-02 1.000000000000000000e+00
2.944349802727467491e+00 1.450995958289822241e+01 2.901991916579644420e-02 1.000000000000000000e+00
2.972935723142297260e+00 1.464667891945411782e+01 2.929335783890824052e-02 1.000000000000000000e+00
3.001521643557127028e+00 1.478327857004495982e+01 2.956655714008992256e-02 1.000000000000000000e+00
3.030107563971956797e+00 1.491975741844083103e+01 2.983951483688166567e-02 1.000000000000000000e+00
3.058693484386786565e+00 1.505611434939897819e+01 3.011222869879795483e-02 1.000000000000000000e+00
3.087279404801616334e+00 1.519234824867288225e+01 3.038469649734576450e-02 1.000000000000000000e+00
3.115865325216446102e+00 1.532845800302139416e+01 3.065691600604279060e-02 1.000000000000000000e+00
3.144451245631275871e+00 1.546444250021781919e+01 3.092888500043563735e-02 1.000000000000000000e+00
3.173037166046105639e+00 1.560030062905900650e+01 3.120060125811801102e-02 1.000000000000000000e+00
3.201623086460935852e+00 1.573603127937442459e+01 3.147206255874884784e-02 1.000000000000000000e+00
3.230209006875765620e+00 1.587163334203524556e+01 3.174326668407049384e-02 1.000000000000000000e+00
3.258794927290595389e+00 1.600710570896339391e+01 3.201421141792679115e-02 1.000000000000000000e+00
3.287380847705425158e+00 1.614244727314061834e+01 3.228489454628123700e-02 1.000000000000000000e+00
3.315966768120254926e+00 1.627765692861751745e+01 3.255531385723502841e-02 1.000000000000000000e+00
3.344552688535084695e+00 1.641273357052259030e+01 3.282546714104517954e-02 1.000000000000000000e+00
3.373138608949914463e+00 1.654767609507126735e+01 3.309535219014253515e-02 1.000000000000000000e+00
3.401724529364744232e+00 1.668248339957492021e+01 3.336496679914983943e-02 1.000000000000000000e+00
3.430310449779574000e+00 1.681715438244987126e+01 3.363430876489974936e-02 1.000000000000000000e+00
3.458896370194403769e+00 1.695168794322641403e+01 3.390337588645283423e-02 1.000000000000000000e+00
3.487482290609233537e+00 1.708608298255778735e+01 3.417216596511557514e-02 1.000000000000000000e+00
3.516068211024063306e+00 1.722033840222915657e+01 3.444067680445831586e-02 1.000000000000000000e+00
3.544654131438893074e+00 1.735445310516660555e+01 3.470890621033321383e-02 1.000000000000000000e+00
3.573240051853722843e+00 1.748842599544608234e+01 3.497685199089217017e-02 1.000000000000000000e+00
3.601825972268552611e+00 1.762225597830237334e+01 3.524451195660474601e-02 1.000000000000000000e+00
3.630411892683382380e+00 1.775594196013802417e+01 3.551188392027605084e-02 1.000000000000000000e+00
3.658997813098212148e+00 1.788948284853230675e+01 3.577896569706461721e-02 1.000000000000000000e+00
3.687583733513041917e+00 1.802287755225012233e+01 3.604575510450024750e-02 1.000000000000000000e+00
3.716169653927871686e+00 1.815612498125092245e+01 3.631224996250184689e-02 1.000000000000000000e+00
3.744755574342701454e+00 1.828922404669763324e+01 3.657844809339527020e-02 1.000000000000000000e+00
3.773341494757531223e+00 1.842217366096553022e+01 3.684434732193105771e-02 1.000000000000000000e+00
3.801927415172360991e+00 1.855497273765112354e+01 3.710994547530225424e-02 1.000000000000000000e+00
3.830513335587190760e+00 1.868762019158108600e+01 3.737524038316217267e-02 1.000000000000000000e+00
3.859099256002020528e+00 1.882011493882103892e+01 3.764022987764208128e-02 1.000000000000000000e+00
3.887685176416850297e+00 1.895245589668448005e+01 3.790491179336896721e-02 1.000000000000000000e+00
3.916271096831680065e+00 1.908464198374159437e+01 3.816928396748319602e-02 1.000000000000000000e+00
3.944857017246509834e+00 1.921667211982810386e+01 3.843334423965620583e-02 1.000000000000000000e+00
3.973442937661339602e+00 1.934854522605407823e+01 3.869709045210815990e-02 1.000000000000000000e+00
4.002028858076169371e+00 1.948026022481278474e+01 3.896052044962557137e-02 1.000000000000000000e+00
4.030614778490999583e+00 1.961181603978945631e+01 3.922363207957890729e-02 1.000000000000000000e+00
4.059200698905828908e+00 1.974321159597009867e+01 3.948642319194020645e-02 1.000000000000000000e+00
4.087786619320659121e+00 1.987444581965030821e+01 3.974889163930062086e-02 1.000000000000000000e+00
4.116372539735488445e+00 2.000551763844398323e+01 4.001103527688796430e-02 1.000000000000000000e+00
4.144958460150318658e+00 2.013642598129213468e+01 4.027285196258426764e-02 1.000000000000000000e+00
4.173544380565147982e+00 2.026716977847162582e+01 4.053433955694325103e-02 1.000000000000000000e+00
4.202130300979978195e+00 2.039774796160390835e+01 4.079549592320781681e-02 1.000000000000000000e+00
4.230716221394807519e+00 2.052815946366376210e+01 4.105631892732752863e-02 1.000000000000000000e+00
4.259302141809637732e+00 2.065840321898799914e+01 4.131680643797600028e-02 1.000000000000000000e+00
4.287888062224467056e+00 2.078847816328418574e+01 4.157695632656837476e-02 1.000000000000000000e+00
4.316473982639297269e+00 2.091838323363933938e+01 4.183676646727868542e-02 1.000000000000000000e+00
4.345059903054126593e+00 2.104811736852860093e+01 4.209623473705720320e-02 1.000000000000000000e+00
4.373645823468956806e+00 2.117767950782392816e+01 4.235535901564785322e-02 1.000000000000000000e+00
4.402231743883786130e+00 2.130706859280273591e+01 4.261413718560547181e-02 1.000000000000000000e+00
4.430817664298616343e+00 2.143628356615656472e+01 4.287256713231313299e-02 1.000000000000000000e+00
4.459403584713445667e+00 2.156532337199972815e+01 4.313064674399945397e-02 1.000000000000000000e+00
4.487989505128275880e+00 2.169418695587790324e+01 4.338837391175581759e-02 1.000000000000000000e+00
4.516575425543105204e+00 2.182287326477679912e+01 4.364574652955360151e-02 1.000000000000000000e+00
4.545161345957935417e+00 2.195138124713071193e+01 4.390276249426142835e-02 1.000000000000000000e+00
4.573747266372764742e+00 2.207970985283116150e+01 4.415941970566233249e-02 1.000000000000000000e+00
4.602333186787594954e+00 2.220785803323543917e+01 4.441571606647087833e-02 1.000000000000000000e+00
4.630919107202425167e+00 2.233582474117518402e+01 4.467164948235037569e-02 1.000000000000000000e+00
4.659505027617254491e+00 2.246360893096495559e+01 4.492721786192992173e-02 1.000000000000000000e+00
4.688090948032084704e+00 2.259120955841078171e+01 4.518241911682156081e-02 1.000000000000000000e+00
4.716676868446914028e+00 2.271862558081863881e+01 4.543725116163727790e-02 1.000000000000000000e+00
4.745262788861744241e+00 2.284585595700304594e+01 4.569171191400609594e-02 1.000000000000000000e+00
4.773848709276573565e+00 2.297289964729552381e+01 4.594579929459104845e-02 1.000000000000000000e+00
4.802434629691403778e+00 2.309975561355311413e+01 4.619951122710622138e-02 1.000000000000000000e+00
4.831020550106233102e+00 2.322642281916683160e+01 4.645284563833367020e-02 1.000000000000000000e+00
4.859606470521063315e+00 2.335290022907019036e+01 4.670580045814038544e-02 1.000000000000000000e+00
4.888192390935892639e+00 2.347918680974760264e+01 4.695837361949520283e-02 1.000000000000000000e+00
4.916778311350722852e+00 2.360528152924285550e+01 4.721056305848570639e-02 1.000000000000000000e+00
4.945364231765552177e+00 2.373118335716753435e+01 4.746236671433506915e-02 1.000000000000000000e+00
4.973950152180382389e+00 2.385689126470946064e+01 4.771378252941892856e-02 1.000000000000000000e+00
5.002536072595211714e+00 2.398240422464107979e+01 4.796480844928215775e-02 1.000000000000000000e+00
5.031121993010041926e+00 2.410772121132784207e+01 4.821544242265569241e-02 1.000000000000000000e+00
5.059707913424871251e+00 2.423284120073662251e+01 4.846568240147325346e-02 1.000000000000000000e+00
5.088293833839701463e+00 2.435776317044406980e+01 4.871552634088813921e-02 1.000000000000000000e+00
5.116879754254530788e+00 2.448248609964493028e+01 4.896497219928985789e-02 1.000000000000000000e+00
5.145465674669361000e+00 2.460700896916045721e+01 4.921401793832091975e-02 1.000000000000000000e+00
5.174051595084190325e+00 2.473133076144666376e+01 4.946266152289333085e-02 1.000000000000000000e+00
5.202637515499020537e+00 2.485545046060270735e+01 4.971090092120541981e-02 1.000000000000000000e+00
5.231223435913849862e+00 2.497936705237912847e+01 4.995873410475826226e-02 1.000000000000000000e+00
5.259809356328680074e+00 2.510307952418619593e+01 5.020615904837238963e-02 1.000000000000000000e+00
5.288395276743509399e+00 2.522658686510211723e+01 5.045317373020424129e-02 1.000000000000000000e+00
5.316981197158339612e+00 2.534988806588139454e+01 5.069977613176279013e-02 1.000000000000000000e+00
5.345567117573168936e+00 2.547298211896293196e+01 5.094596423792586981e-02 1.000000000000000000e+00
5.374153037987999149e+00 2.559586801847844129e+01 5.119173603695688357e-02 1.000000000000000000e+00
5.402738958402828473e+00 2.571854476026048175e+01 5.143708952052096495e-02 1.000000000000000000e+00
5.431324878817658686e+00 2.584101134185082316e+01 5.168202268370164498e-02 1.000000000000000000e+00
5.459910799232488010e+00 2.596326676250852472e+01 5.192653352501705455e-02 1.000000000000000000e+00
5.488496719647318223e+00 2.608531002321818804e+01 5.217062004643638340e-02 1.000000000000000000e+00
5.517082640062148435e+00 2.620714012669806081e+01 5.241428025339611718e-02 1.000000000000000000e+00
5.545668560476977760e+00 2.632875607740822588e+01 5.265751215481645486e-02 1.000000000000000000e+00
5.574254480891807972e+00 2.645015688155872979e+01 5.290031376311746247e-02 1.000000000000000000e+00
5.602840401306637297e+00 2.657134154711770080e+01 5.314268309423540032e-02 1.000000000000000000e+00
5.631426321721467509e+00 2.669230908381943479e+01 5.338461816763886980e-02 1.000000000000000000e+00
5.660012242136296834e+00 2.681305850317252037e+01 5.362611700634503653e-02 1.000000000000000000e+00
5.688598162551127047e+00 2.693358881846789288e+01 5.386717763693578409e-02 1.000000000000000000e+00
5.717184082965956371e+00 2.705389904478691676e+01 5.410779808957383308e-02 1.000000000000000000e+00
5.745770003380786584e+00 2.717398819900941831e+01 5.434797639801883934e-02 1.000000000000000000e+00
5.774355923795615908e+00 2.729385529982172187e+01 5.458771059964345057e-02 1.000000000000000000e+00
5.802941844210446121e+00 2.741349936772467544e+01 5.482699873544935598e-02 1.000000000000000000e+00
5.831527764625275445e+00 2.753291942504162648e+01 5.506583885008325963e-02 1.000000000000000000e+00
5.860113685040105658e+00 2.765211449592648307e+01 5.530422899185297170e-02 1.000000000000000000e+00
5.888699605454934982e+00 2.777108360637159024e+01 5.554216721274318064e-02 1.000000000000000000e+00
5.917285525869765195e+00 2.788982578421576264e+01 5.577965156843152361e-02 1.000000000000000000e+00
5.945871446284594519e+00 2.800834005915220004e+01 5.601668011830440025e-02 1.000000000000000000e+00
5.974457366699424732e+00 2.812662546273642761e+01 5.625325092547285577e-02 1.000000000000000000e+00
6.003043287114254056e+00 2.824468102839418648e+01 5.648936205678837391e-02 1.000000000000000000e+00
6.031629207529084269e+00 2.836250579142936346e+01 5.672501158285873230e-02 1.000000000000000000e+00
6.060215127943913593e+00 2.848009878903185665e+01 5.696019757806371209e-02 1.000000000000000000e+00
6.088801048358743806e+00 2.859745906028543416e+01 5.719491812057087010e-02 1.000000000000000000e+00
6.117386968773573130e+00 2.871458564617561748e+01 5.742917129235123458e-02 1.000000000000000000e+00
6.145972889188403343e+00 2.883147758959746909e+01 5.766295517919494545e-02 1.000000000000000000e+00
6.174558809603232667e+00 2.894813393536346879e+01 5.789626787072693626e-02 1.000000000000000000e+00
6.203144730018062880e+00 2.906455373021128352e+01 5.812910746042257437e-02 1.000000000000000000e+00
6.231730650432892205e+00 2.918073602281156198e+01 5.836147204562313479e-02 1.000000000000000000e+00
6.260316570847722417e+00 2.929667986377572575e+01 5.859335972755145422e-02 1.000000000000000000e+00
6.288902491262551742e+00 2.941238430566369999e+01 5.882476861132739793e-02 1.000000000000000000e+00
6.317488411677381954e+00 2.952784840299166547e+01 5.905569680598332649e-02 1.000000000000000000e+00
6.346074332092211279e+00 2.964307121223979991e+01 5.928614242447960425e-02 1.000000000000000000e+00
6.374660252507041491e+00 2.975805179185999449e+01 5.951610358371998283e-02 1.000000000000000000e+00
6.403246172921871704e+00 2.987278920228349932e+01 5.974557840456699159e-02 1.000000000000000000e+00
6.431832093336701028e+00 2.998728250592861855e+01 5.997456501185724487e-02 1.000000000000000000e+00
6.460418013751531241e+00 3.010153076720845888e+01 6.020306153441691566e-02 1.000000000000000000e+00
6.489003934166360565e+00 3.021553305253840449e+01 6.043106610507681387e-02 1.000000000000000000e+00
6.517589854581190778e+00 3.032928843034392585e+01 6.065857686068785309e-02 1.000000000000000000e+00
6.546175774996020102e+00 3.044279597106805468e+01 6.088559194213610803e-02 1.000000000000000000e+00
6.574761695410850315e+00 3.055605474717906134e+01 6.111210949435812861e-02 1.000000000000000000e+00
6.603347615825679640e+00 3.066906383317799012e+01 6.133812766635598351e-02 1.000000000000000000e+00
6.631933536240509852e+00 3.078182230560626920e+01 6.156364461121253268e-02 1.000000000000000000e+00
6.660519456655339177e+00 3.089432924305316419e+01 6.178865848610633205e-02 1.000000000000000000e+00
6.689105377070169389e+00 3.100658372616345204e+01 6.201316745232691302e-02 1.000000000000000000e+00
6.717691297484998714e+00 3.111858483764478223e+01 6.223716967528956229e-02 1.000000000000000000e+00
6.746277217899828926e+00 3.123033166227527957e+01 6.246066332455057352e-02 1.000000000000000000e+00
6.774863138314658251e+00 3.134182328691097297e+01 6.268364657382194394e-02 1.000000000000000000e+00
6.803449058729488463e+00 3.145305880049326674e+01 6.290611760098653582e-02 1.000000000000000000e+00
6.832034979144317788e+00 3.156403729405638359e+01 6.312807458811275918e-02 1.000000000000000000e+00
6.860620899559148000e+00 3.167475786073480748e+01 6.334951572146961529e-02 1.000000000000000000e+00
6.889206819973977325e+00 3.178521959577067690e+01 6.357043919154135858e-02 1.000000000000000000e+00
6.917792740388807537e+00 3.189542159652121001e+01 6.379084319304241524e-02 1.000000000000000000e+00
6.946378660803636862e+00 3.200536296246598766e+01 6.401072592493198266e-02 1.000000000000000000e+00
6.974964581218467075e+00 3.211504279521445682e+01 6.423008559042890642e-02 1.000000000000000000e+00
7.003550501633296399e+00 3.222446019851313537e+01 6.444892039702627973e-02 1.000000000000000000e+00
7.032136422048126612e+00 3.233361427825303736e+01 6.466722855650608448e-02 1.000000000000000000e+00
7.060722342462955936e+00 3.244250414247690628e+01 6.488500828495381845e-02 1.000000000000000000e+00
7.089308262877786149e+00 3.255112890138655501e+01 6.510225780277310859e-02 1.000000000000000000e+00
7.117894183292615473e+00 3.265948766735009912e+01 6.531897533470019945e-02 1.000000000000000000e+00
7.146480103707445686e+00 3.276757955490924701e+01 6.553515910981848325e-02 1.000000000000000000e+00
7.175066024122275010e+00 3.287540368078647646e+01 6.575080736157294659e-02 1.000000000000000000e+00
7.203651944537105223e+00 3.298295916389233895e+01 6.596591832778468667e-02 1.000000000000000000e+00
7.232237864951934547e+00 3.309024512533258644e+01 6.618049025066517765e-02 1.000000000000000000e+00
7.260823785366764760e+00 3.319726068841539046e+01 6.639452137683077293e-02 1.000000000000000000e+00
7.289409705781594084e+00 3.330400497865846177e+01 6.660800995731692986e-02 1.000000000000000000e+00
7.317995626196424297e+00 3.341047712379629075e+01 6.682095424759258717e-02 1.000000000000000000e+00
7.346581546611254510e+00 3.351667625378714632e+01 6.703335250757429253e-02 1.000000000000000000e+00
7.375167467026083834e+00 3.362260150082029497e+01 6.724520300164059383e-02 1.000000000000000000e+00
7.403753387440914047e+00 3.372825199932302809e+01 6.745650399864605573e-02 1.000000000000000000e+00
7.432339307855743371e+00 3.383362688596777446e+01 6.766725377193555380e-02 1.000000000000000000e+00
7.460925228270573584e+00 3.393872529967912755e+01 6.787745059935826331e-02 1.000000000000000000e+00
7.489511148685402908e+00 3.404354638164089408e+01 6.808709276328177296e-02 1.000000000000000000e+00
7.518097069100233121e+00 3.414808927530308580e+01 6.829617855060617082e-02 1.000000000000000000e+00
7.546682989515062445e+00 3.425235312638898932e+01 6.850470625277797765e-02 1.000000000000000000e+00
7.575268909929892658e+00 3.435633708290205846e+01 6.871267416580410792e-02 1.000000000000000000e+00
7.603854830344721982e+00 3.446004029513293432e+01 6.892008059026587252e-02 1.000000000000000000e+00
7.632440750759552195e+00 3.456346191566638026e+01 6.912692383133275942e-02 1.000000000000000000e+00
7.661026671174381519e+00 3.466660109938816703e+01 6.933320219877633916e-02 1.000000000000000000e+00
7.689612591589211732e+00 3.476945700349205026e+01 6.953891400698410108e-02 1.000000000000000000e+00
7.718198512004041056e+00 3.487202878748658463e+01 6.974405757497316449e-02 1.000000000000000000e+00
7.746784432418871269e+00 3.497431561320203741e+01 6.994863122640408715e-02 1.000000000000000000e+00
7.775370352833700593e+00 3.507631664479724520e+01 7.015263328959447930e-02 1.000000000000000000e+00
7.803956273248530806e+00 3.517803104876637121e+01 7.035606209753274276e-02 1.000000000000000000e+00
7.832542193663360131e+00 3.527945799394582593e+01 7.055891598789165720e-02 1.000000000000000000e+00
7.861128114078190343e+00 3.538059665152096755e+01 7.076119330304193877e-02 1.000000000000000000e+00
7.889714034493019668e+00 3.548144619503290897e+01 7.096289239006582650e-02 1.000000000000000000e+00
7.918299954907849880e+00 3.558200580038529637e+01 7.116401160077059918e-02 1.000000000000000000e+00
7.946885875322679205e+00 3.568227464585098829e+01 7.136454929170198136e-02 1.000000000000000000e+00
7.975471795737509417e+00 3.578225191207882006e+01 7.156450382415763256e-02 1.000000000000000000e+00
8.004057716152338742e+00 3.588193678210026150e+01 7.176387356420052543e-02 1.000000000000000000e+00
8.032643636567168954e+00 3.598132844133612451e+01 7.196265688267225458e-02 1.000000000000000000e+00
8.061229556981999167e+00 3.608042607760321374e+01 7.216085215520642859e-02 1.000000000000000000e+00
8.089815477396827603e+00 3.617922888112092750e+01 7.235845776224185399e-02 1.000000000000000000e+00
8.118401397811657816e+00 3.627773604451793688e+01 7.255547208903588563e-02 1.000000000000000000e+00
8.146987318226488028e+00 3.637594676283872275e+01 7.275189352567744405e-02 1.000000000000000000e+00
8.175573238641318241e+00 3.647386023355017670e+01 7.294772046710035207e-02 1.000000000000000000e+00
8.204159159056146677e+00 3.657147565654818067e+01 7.314295131309637987e-02 1.000000000000000000e+00
8.232745079470976890e+00 3.666879223416412970e+01 7.333758446832826239e-02 1.000000000000000000e+00
8.261330999885807103e+00 3.676580917117141922e+01 7.353161834234284155e-02 1.000000000000000000e+00
8.289916920300637315e+00 3.686252567479199627e+01 7.372505134958400042e-02 1.000000000000000000e+00
8.318502840715467528e+00 3.695894095470280405e+01 7.391788190940561110e-02 1.000000000000000000e+00
8.347088761130295964e+00 3.705505422304222662e+01 7.411010844608445503e-02 1.000000000000000000e+00
8.375674681545126177e+00 3.715086469441659744e+01 7.430172938883319866e-02 1.000000000000000000e+00
8.404260601959956389e+00 3.724637158590652319e+01 7.449274317181305005e-02 1.000000000000000000e+00
8.432846522374786602e+00 3.734157411707334973e+01 7.468314823414670678e-02 1.000000000000000000e+00
8.461432442789615038e+00 3.743647150996550721e+01 7.487294301993101253e-02 1.000000000000000000e+00
8.490018363204445251e+00 3.753106298912486949e+01 7.506212597824973853e-02 1.000000000000000000e+00
8.518604283619275463e+00 3.762534778159312765e+01 7.525069556318625397e-02 1.000000000000000000e+00
8.547190204034105676e+00 3.771932511691804280e+01 7.543865023383609925e-02 1.000000000000000000e+00
8.575776124448934112e+00 3.781299422715978409e+01 7.562598845431957317e-02 1.000000000000000000e+00
8.604362044863764325e+00 3.790635434689721706e+01 7.581270869379443111e-02 1.000000000000000000e+00
8.632947965278594538e+00 3.799940471323409241e+01 7.599880942646819459e-02 1.000000000000000000e+00
8.661533885693424750e+00 3.809214456580537700e+01 7.618428913161076621e-02 1.000000000000000000e+00
8.690119806108253186e+00 3.818457314678336445e+01 7.636914629356673923e-02 1.000000000000000000e+00
8.718705726523083399e+00 3.827668970088396350e+01 7.655337940176792921e-02 1.000000000000000000e+00
8.747291646937913612e+00 3.836849347537278732e+01 7.673698695074557263e-02 1.000000000000000000e+00
8.775877567352743824e+00 3.845998372007135657e+01 7.691996744014271969e-02 1.000000000000000000e+00
8.804463487767572261e+00 3.855115968736320298e+01 7.710231937472640518e-02 1.000000000000000000e+00
8.833049408182402473e+00 3.864202063220000838e+01 7.728404126440002742e-02 1.000000000000000000e+00
8.861635328597232686e+00 3.873256581210766569e+01 7.746513162421533871e-02 1.000000000000000000e+00
8.890221249012062898e+00 3.882279448719236825e+01 7.764558897438472718e-02 1.000000000000000000e+00
8.918807169426891335e+00 3.891270592014658547e+01 7.782541184029317938e-02 1.000000000000000000e+00
8.947393089841721547e+00 3.900229937625522325e+01 7.800459875251045117e-02 1.000000000000000000e+00
8.975979010256551760e+00 3.909157412340149307e+01 7.818314824680300257e-02 1.000000000000000000e+00
9.004564930671381973e+00 3.918052943207298711e+01 7.836105886414597432e-02 1.000000000000000000e+00
9.033150851086210409e+00 3.926916457536756866e+01 7.853832915073513665e-02 1.000000000000000000e+00
9.061736771501040622e+00 3.935747882899936201e+01 7.871495765799872701e-02 1.000000000000000000e+00
9.090322691915870834e+00 3.944547147130467124e+01 7.889094294260934337e-02 1.000000000000000000e+00
9.118908612330701047e+00 3.953314178324782091e+01 7.906628356649564315e-02 1.000000000000000000e+00
9.147494532745529483e+00 3.962048904842711750e+01 7.924097809685423655e-02 1.000000000000000000e+00
9.176080453160359696e+00 3.970751255308063321e+01 7.941502510616127442e-02 1.000000000000000000e+00
9.204666373575189908e+00 3.979421158609205378e+01 7.958842317218411955e-02 1.000000000000000000e+00
9.233252293990020121e+00 3.988058543899653330e+01 7.976117087799307337e-02 1.000000000000000000e+00
9.261838214404850333e+00 3.996663340598640701e+01 7.993326681197282513e-02 1.000000000000000000e+00
9.290424134819678770e+00 4.005235478391703197e+01 8.010470956783406760e-02 1.000000000000000000e+00
9.319010055234508982e+00 4.013774887231249267e+01 8.027549774462498788e-02 1.000000000000000000e+00
9.347595975649339195e+00 4.022281497337132805e+01 8.044562994674266110e-02 1.000000000000000000e+00
9.376181896064169408e+00 4.030755239197224427e+01 8.061510478394449952e-02 1.000000000000000000e+00
9.404767816478997844e+00 4.039196043567979189e+01 8.078392087135959077e-02 1.000000000000000000e+00
9.433353736893828057e+00 4.047603841475002895e+01 8.095207682950006367e-02 1.000000000000000000e+00
9.461939657308658269e+00 4.055978564213613424e+01 8.111957128427227381e-02 1.000000000000000000e+00
9.490525577723488482e+00 4.064320143349403480e+01 8.128640286698808615e-02 1.000000000000000000e+00
9.519111498138316918e+00 4.072628510718804051e+01 8.145257021437608824e-02 1.000000000000000000e+00
9.547697418553147131e+00 4.080903598429632950e+01 8.161807196859266478e-02 1.000000000000000000e+00
9.576283338967977343e+00 4.089145338861656853e+01 8.178290677723314139e-02 1.000000000000000000e+00
9.604869259382807556e+00 4.097353664667139128e+01 8.194707329334278978e-02 1.000000000000000000e+00
9.633455179797635992e+00 4.105528508771394058e+01 8.211057017542788827e-02 1.000000000000000000e+00
9.662041100212466205e+00 4.113669804373333250e+01 8.227339608746667143e-02 1.000000000000000000e+00
9.690627020627296417e+00 4.121777484946009196e+01 8.243554969892019635e-02 1.000000000000000000e+00
9.719212941042126630e+00 4.129851484237163817e+01 8.259702968474327833e-02 1.000000000000000000e+00
9.747798861456955066e+00 4.137891736269762788e+01 8.275783472539527397e-02 1.000000000000000000e+00
9.776384781871785279e+00 4.145898175342544789e+01 8.291796350685089190e-02 1.000000000000000000e+00
9.804970702286615492e+00 4.153870736030548017e+01 8.307741472061097587e-02 1.000000000000000000e+00
9.833556622701445704e+00 4.161809353185650906e+01 8.323618706371302411e-02 1.000000000000000000e+00
9.862142543116274140e+00 4.169713961937102908e+01 8.339427923874205562e-02 1.000000000000000000e+00
9.890728463531104353e+00 4.177584497692053844e+01 8.355168995384108788e-02 1.000000000000000000e+00
9.919314383945934566e+00 4.185420896136085389e+01 8.370841792272171178e-02 1.000000000000000000e+00
9.947900304360764778e+00 4.193223093233729770e+01 8.386446186467458319e-02 1.000000000000000000e+00
9.976486224775593215e+00 4.200991025228996989e+01 8.401982050457995621e-02 1.000000000000000000e+00
1.000507214519042343e+01 4.208724628645902754e+01 8.417449257291803599e-02 1.000000000000000000e+00
1.003365806560525364e+01 4.216423840288969416e+01 8.432847680577938709e-02 1.000000000000000000e+00
1.006224398602008385e+01 4.224088597243762422e+01 8.448177194487524466e-02 1.000000000000000000e+00
1.009082990643491407e+01 4.231718836877389123e+01 8.463437673754779789e-02 1.000000000000000000e+00
1.011941582684974250e+01 4.239314496839021018e+01 8.478628993678041792e-02 1.000000000000000000e+00
1.014800174726457271e+01 4.246875515060396111e+01 8.493751030120791357e-02 1.000000000000000000e+00
1.017658766767940293e+01 4.254401829756329079e+01 8.508803659512659268e-02 1.000000000000000000e+00
1.020517358809423314e+01 4.261893379425217887e+01 8.523786758850436518e-02 1.000000000000000000e+00
1.023375950850906158e+01 4.269350102849541173e+01 8.538700205699083223e-02 1.000000000000000000e+00
1.026234542892389179e+01 4.276771939096365571e+01 8.553543878192731986e-02 1.000000000000000000e+00
1.029093134933872200e+01 4.284158827517838120e+01 8.568317655035675995e-02 1.000000000000000000e+00
1.031951726975355221e+01 4.291510707751680798e+01 8.583021415503361284e-02 1.000000000000000000e+00
1.034810319016838065e+01 4.298827519721689328e+01 8.597655039443380387e-02 1.000000000000000000e+00
1.037668911058321086e+01 4.306109203638222738e+01 8.612218407276446552e-02 1.000000000000000000e+00
1.040527503099804107e+01 4.313355699998689374e+01 8.626711399997377683e-02 1.000000000000000000e+00
1.043386095141287129e+01 4.320566949588029360e+01 8.641133899176059452e-02 1.000000000000000000e+00
1.046244687182769972e+01 4.327742893479209130e+01 8.655485786958419525e-02 1.000000000000000000e+00
1.049103279224252994e+01 4.334883473033696788e+01 8.669766946067394842e-02 1.000000000000000000e+00
1.051961871265736015e+01 4.341988629901941010e+01 8.683977259803882243e-02 1.000000000000000000e+00
1.054820463307219036e+01 4.349058306023842846e+01 8.698116612047687712e-02 1.000000000000000000e+00
1.057679055348701880e+01 4.356092443629245281e+01 8.712184887258490884e-02 1.000000000000000000e+00
1.060537647390184901e+01 4.363090985238389408e+01 8.726181970476779015e-02 1.000000000000000000e+00
1.063396239431667922e+01 4.370053873662392618e+01 8.740107747324785126e-02 1.000000000000000000e+00
1.066254831473150944e+01 4.376981052003713302e+01 8.753962104007426137e-02 1.000000000000000000e+00
1.069113423514633787e+01 4.383872463656614826e+01 8.767744927313229908e-02 1.000000000000000000e+00
1.071972015556116808e+01 4.390728052307633789e+01 8.781456104615267821e-02 1.000000000000000000e+00
1.074830607597599830e+01 4.397547761936033339e+01 8.795095523872066556e-02 1.000000000000000000e+00
1.077689199639082851e+01 4.404331536814262194e+01 8.808663073628525408e-02 1.000000000000000000e+00
1.080547791680565695e+01 4.411079321508412932e+01 8.822158643016826673e-02 1.000000000000000000e+00
1.083406383722048716e+01 4.417791060878675324e+01 8.835582121757351581e-02 1.000000000000000000e+00
1.086264975763531737e+01 4.424466700079781845e+01 8.848933400159564311e-02 1.000000000000000000e+00
1.089123567805014758e+01 4.431106184561461703e+01 8.862212369122923761e-02 1.000000000000000000e+00
1.091982159846497602e+01 4.437709460068879253e+01 8.875418920137759238e-02 1.000000000000000000e+00
1.094840751887980623e+01 4.444276472643089448e+01 8.888552945286179452e-02 1.000000000000000000e+00
1.097699343929463645e+01 4.450807168621466303e+01 8.901614337242931552e-02 1.000000000000000000e+00
1.100557935970946666e+01 4.457301494638145556e+01 8.914602989276292078e-02 1.000000000000000000e+00
1.103416528012429687e+01 4.463759397624465208e+01 8.927518795248931549e-02 1.000000000000000000e+00
1.106275120053912531e+01 4.470180824809392561e+01 8.940361649618787376e-02 1.000000000000000000e+00
1.109133712095395552e+01 4.476565723719963330e+01 8.953131447439927060e-02 1.000000000000000000e+00
1.111992304136878573e+01 4.482914042181699443e+01 8.965828084363398898e-02 1.000000000000000000e+00
1.114850896178361594e+01 4.489225728319043895e+01 8.978451456638086858e-02 1.000000000000000000e+00
1.117709488219844438e+01 4.495500730555782809e+01 8.991001461111566839e-02 1.000000000000000000e+00
1.120568080261327459e+01 4.501738997615468918e+01 9.003477995230937947e-02 1.000000000000000000e+00
1.123426672302810481e+01 4.507940478521832972e+01 9.015880957043664878e-02 1.000000000000000000e+00
1.126285264344293502e+01 4.514105122599207220e+01 9.028210245198414752e-02 1.000000000000000000e+00
1.129143856385776346e+01 4.520232879472938947e+01 9.040465758945878672e-02 1.000000000000000000e+00
1.132002448427259367e+01 4.526323699069801165e+01 9.052647398139603008e-02 1.000000000000000000e+00
1.134861040468742388e+01 4.532377531618399047e+01 9.064755063236798471e-02 1.000000000000000000e+00
1.137719632510225409e+01 4.538394327649579907e+01 9.076788655299160291e-02 1.000000000000000000e+00
1.140578224551708253e+01 4.544374037996836790e+01 9.088748075993674513e-02 1.000000000000000000e+00
1.143436816593191274e+01 4.550316613796713483e+01 9.100633227593427077e-02 1.000000000000000000e+00
1.146295408634674295e+01 4.556222006489191756e+01 9.112444012978383745e-02 1.000000000000000000e+00
1.149154000676157317e+01 4.562090167818105613e+01 9.124180335636211669e-02 1.000000000000000000e+00
1.152012592717640160e+01 4.567921049831520719e+01 9.135842099663041282e-02 1.000000000000000000e+00
1.154871184759123182e+01 4.573714604882136570e+01 9.147429209764272595e-02 1.000000000000000000e+00
1.157729776800606203e+01 4.579470785627667340e+01 9.158941571255335701e-02 1.000000000000000000e+00
1.160588368842089224e+01 4.585189545031237657e+01 9.170379090062474869e-02 1.000000000000000000e+00
1.163446960883572068e+01 4.590870836361757767e+01 9.181741672723514602e-02 1.000000000000000000e+00
1.166305552925055089e+01 4.596514613194312915e+01 9.193029226388627073e-02 1.000000000000000000e+00
1.169164144966538110e+01 4.602120829410538505e+01 9.204241658821077365e-02 1.000000000000000000e+00
1.172022737008021132e+01 4.607689439198997405e+01 9.215378878397996465e-02 1.000000000000000000e+00
1.174881329049503975e+01 4.613220397055557243e+01 9.226440794111115395e-02 1.000000000000000000e+00
1.177739921090986996e+01 4.618713657783757753e+01 9.237427315567517394e-02 1.000000000000000000e+00
1.180598513132470018e+01 4.624169176495183109e+01 9.248338352990367883e-02 1.000000000000000000e+00
1.183457105173953039e+01 4.629586908609829976e+01 9.259173817219659708e-02 1.000000000000000000e+00
1.186315697215435883e+01 4.634966809856464920e+01 9.269933619712929229e-02 1.000000000000000000e+00
1.189174289256918904e+01 4.640308836272996018e+01 9.280617672545993235e-02 1.000000000000000000e+00
1.192032881298401925e+01 4.645612944206824579e+01 9.291225888413651157e-02 1.000000000000000000e+00
1.194891473339884946e+01 4.650879090315206099e+01 9.301758180630412265e-02 1.000000000000000000e+00
1.197750065381367968e+01 4.656107231565601268e+01 9.312214463131202047e-02 1.000000000000000000e+00
1.200608657422850811e+01 4.661297325236028399e+01 9.322594650472057487e-02 1.000000000000000000e+00
1.203467249464333833e+01 4.666449328915415862e+01 9.332898657830833444e-02 1.000000000000000000e+00
1.206325841505816854e+01 4.671563200503945268e+01 9.343126401007890991e-02 1.000000000000000000e+00
1.209184433547299875e+01 4.676638898213393247e+01 9.353277796426787138e-02 1.000000000000000000e+00
1.212043025588782719e+01 4.681676380567479612e+01 9.363352761134960400e-02 1.000000000000000000e+00
1.214901617630265740e+01 4.686675606402202021e+01 9.373351212804405252e-02 1.000000000000000000e+00
1.217760209671748761e+01 4.691636534866171360e+01 9.383273069732342431e-02 1.000000000000000000e+00
1.220618801713231782e+01 4.696559125420946401e+01 9.393118250841893391e-02 1.000000000000000000e+00
1.223477393754714626e+01 4.701443337841369186e+01 9.402886675682739503e-02 1.000000000000000000e+00
1.226335985796197647e+01 4.706289132215888316e+01 9.412578264431777086e-02 1.000000000000000000e+00
1.229194577837680669e+01 4.711096468946886517e+01 9.422192937893773823e-02 1.000000000000000000e+00
1.232053169879163690e+01 4.715865308751006069e+01 9.431730617502011305e-02 1.000000000000000000e+00
1.234911761920646533e+01 4.720595612659467122e+01 9.441191225318934510e-02 1.000000000000000000e+00
1.237770353962129555e+01 4.725287342018388870e+01 9.450574684036777695e-02 1.000000000000000000e+00
1.240628946003612576e+01 4.729940458489103605e+01 9.459880916978206933e-02 1.000000000000000000e+00
1.243487538045095597e+01 4.734554924048469360e+01 9.469109848096940452e-02 1.000000000000000000e+00
1.246346130086578441e+01 4.739130700989185385e+01 9.478261401978371747e-02 1.000000000000000000e+00
1.249204722128061462e+01 4.743667751920092712e+01 9.487335503840185758e-02 1.000000000000000000e+00
1.252063314169544483e+01 4.748166039766484658e+01 9.496332079532969483e-02 1.000000000000000000e+00
1.254921906211027505e+01 4.752625527770409519e+01 9.505251055540819838e-02 1.000000000000000000e+00
1.257780498252510348e+01 4.757046179490969706e+01 9.514092358981940389e-02 1.000000000000000000e+00
1.260639090293993370e+01 4.761427958804620175e+01 9.522855917609240883e-02 1.000000000000000000e+00
1.263497682335476391e+01 4.765770829905463302e+01 9.531541659810927047e-02 1.000000000000000000e+00
1.266356274376959412e+01 4.770074757305542335e+01 9.540149514611084847e-02 1.000000000000000000e+00
1.269214866418442256e+01 4.774339705835127745e+01 9.548679411670256412e-02 1.000000000000000000e+00
1.272073458459925277e+01 4.778565640643011392e+01 9.557131281286024294e-02 1.000000000000000000e+00
1.274932050501408298e+01 4.782752527196786474e+01 9.565505054393573514e-02 1.000000000000000000e+00
1.277790642542891320e+01 4.786900331283128196e+01 9.573800662566256392e-02 1.000000000000000000e+00
1.280649234584374341e+01 4.791009019008077985e+01 9.582018038016155981e-02 1.000000000000000000e+00
1.283507826625857184e+01 4.795078556797318470e+01 9.590157113594637017e-02 1.000000000000000000e+00
1.286366418667340206e+01 4.799108911396446331e+01 9.598217822792892706e-02 1.000000000000000000e+00
1.289225010708823227e+01 4.803100049871245858e+01 9.606200099742492893e-02 1.000000000000000000e+00
1.292083602750306248e+01 4.807051939607959667e+01 9.614103879215919746e-02 1.000000000000000000e+00
1.294942194791789092e+01 4.810964548313548761e+01 9.621929096627097888e-02 1.000000000000000000e+00
1.297800786833272113e+01 4.814837844015964663e+01 9.629675688031930081e-02 1.000000000000000000e+00
1.300659378874755134e+01 4.818671795064405927e+01 9.637343590128812088e-02 1.000000000000000000e+00
1.303517970916238156e+01 4.822466370129576063e+01 9.644932740259153092e-02 1.000000000000000000e+00
1.306376562957720999e+01 4.826221538203941464e+01 9.652443076407883626e-02 1.000000000000000000e+00
1.309235154999204020e+01 4.829937268601987199e+01 9.659874537203974598e-02 1.000000000000000000e+00
1.312093747040687042e+01 4.833613530960461446e+01 9.667227061920924402e-02 1.000000000000000000e+00
1.314952339082170063e+01 4.837250295238629150e+01 9.674500590477258521e-02 1.000000000000000000e+00
1.317810931123652907e+01 4.840847531718514318e+01 9.681695063437029125e-02 1.000000000000000000e+00
1.320669523165135928e+01 4.844405211005145873e+01 9.688810422010292467e-02 1.000000000000000000e+00
1.323528115206618949e+01 4.847923304026793545e+01 9.695846608053589055e-02 1.000000000000000000e+00
1.326386707248101970e+01 4.851401782035213017e+01 9.702803564070425213e-02 1.000000000000000000e+00
1.329245299289584814e+01 4.854840616605866188e+01 9.709681233211732432e-02 1.000000000000000000e+00
1.332103891331067835e+01 4.858239779638171996e+01 9.716479559276344768e-02 1.000000000000000000e+00
1.334962483372550857e+01 4.861599243355725974e+01 9.723198486711451261e-02 1.000000000000000000e+00
1.337821075414033878e+01 4.864918980306521945e+01 9.729837960613044179e-02 1.000000000000000000e+00
1.340679667455516721e+01 4.868198963363188625e+01 9.736397926726378382e-02 1.000000000000000000e+00
1.343538259496999743e+01 4.871439165723204923e+01 9.742878331446411244e-02 1.000000000000000000e+00
1.346396851538482764e+01 4.874639560909118785e+01 9.749279121818238414e-02 1.000000000000000000e+00
1.349255443579965785e+01 4.877800122768761071e+01 9.755600245537524029e-02 1.000000000000000000e+00
1.352114035621448629e+01 4.880920825475467240e+01 9.761841650950935090e-02 1.000000000000000000e+00
1.354972627662931650e+01 4.884001643528279857e+01 9.768003287056559181e-02 1.000000000000000000e+00
1.357831219704414671e+01 4.887042551752163178e+01 9.774085103504326355e-02 1.000000000000000000e+00
1.360689811745897693e+01 4.890043525298204230e+01 9.780087050596408815e-02 1.000000000000000000e+00
1.363548403787380536e+01 4.893004539643818873e+01 9.786009079287638635e-02 1.000000000000000000e+00
1.366406995828863558e+01 4.895925570592952170e+01 9.791851141185904661e-02 1.000000000000000000e+00
1.369265587870346579e+01 4.898806594276273785e+01 9.797613188552548036e-02 1.000000000000000000e+00
1.372124179911829600e+01 4.901647587151375518e+01 9.803295174302752157e-02 1.000000000000000000e+00
1.374982771953312621e+01 4.904448526002962438e+01 9.808897052005925710e-02 1.000000000000000000e+00
1.377841363994795465e+01 4.907209387943042600e+01 9.814418775886085688e-02 1.000000000000000000e+00
1.380699956036278486e+01 4.909930150411112493e+01 9.819860300822225163e-02 1.000000000000000000e+00
1.383558548077761507e+01 4.912610791174347469e+01 9.825221582348696303e-02 1.000000000000000000e+00
1.386417140119244529e+01 4.915251288327775825e+01 9.830502576655551772e-02 1.000000000000000000e+00
1.389275732160727372e+01 4.917851620294460702e+01 9.835703240588920815e-02 1.000000000000000000e+00
1.392134324202210394e+01 4.920411765825677719e+01 9.840823531651354816e-02 1.000000000000000000e+00
1.394992916243693415e+01 4.922931704001089770e+01 9.845863408002179795e-02 1.000000000000000000e+00
1.397851508285176436e+01 4.925411414228911866e+01 9.850822828457823921e-02 1.000000000000000000e+00
1.400710100326659280e+01 4.927850876246088063e+01 9.855701752492174172e-02 1.000000000000000000e+00
1.403568692368142301e+01 4.930250070118446359e+01 9.860500140236892752e-02 1.000000000000000000e+00
1.406427284409625322e+01 4.932608976240874199e+01 9.865217952481748764e-02 1.000000000000000000e+00
1.409285876451108344e+01 4.934927575337466976e+01 9.869855150674934630e-02 1.000000000000000000e+00
1.412144468492591187e+01 4.937205848461694302e+01 9.874411696923389437e-02 1.000000000000000000e+00
1.415003060534074208e+01 4.939443776996548507e+01 9.878887553993098702e-02 1.000000000000000000e+00
1.417861652575557230e+01 4.941641342654702385e+01 9.883282685309405236e-02 1.000000000000000000e+00
1.420720244617040251e+01 4.943798527478650584e+01 9.887597054957303344e-02 1.000000000000000000e+00
1.423578836658523095e+01 4.945915313840868066e+01 9.891830627681735821e-02 1.000000000000000000e+00
1.426437428700006116e+01 4.947991684443942262e+01 9.895983368887883991e-02 1.000000000000000000e+00
1.429296020741489137e+01 4.950027622320722287e+01 9.900055244641446650e-02 1.000000000000000000e+00
1.432154612782972158e+01 4.952023110834454656e+01 9.904046221668910688e-02 1.000000000000000000e+00
1.435013204824455002e+01 4.953978133678919704e+01 9.907956267357839741e-02 1.000000000000000000e+00
1.437871796865938023e+01 4.955892674878563753e+01 9.911785349757128161e-02 1.000000000000000000e+00
1.440730388907421045e+01 4.957766718788631266e+01 9.915533437577261910e-02 1.000000000000000000e+00
1.443588980948904066e+01 4.959600250095291329e+01 9.919200500190583636e-02 1.000000000000000000e+00
1.446447572990386909e+01 4.961393253815766258e+01 9.922786507631532749e-02 1.000000000000000000e+00
1.449306165031869931e+01 4.963145715298448835e+01 9.926291430596896614e-02 1.000000000000000000e+00
1.452164757073352952e+01 4.964857620223022394e+01 9.929715240446045088e-02 1.000000000000000000e+00
1.455023349114835973e+01 4.966528954600584456e+01 9.933057909201170599e-02 1.000000000000000000e+00
1.457881941156318817e+01 4.968159704773756147e+01 9.936319409547511583e-02 1.000000000000000000e+00
1.460740533197801838e+01 4.969749857416788785e+01 9.939499714833577304e-02 1.000000000000000000e+00
1.463599125239284859e+01 4.971299399535683960e+01 9.942598799071367122e-02 1.000000000000000000e+00
1.466457717280767881e+01 4.972808318468290878e+01 9.945616636936581434e-02 1.000000000000000000e+00
1.469316309322250902e+01 4.974276601884413651e+01 9.948553203768828457e-02 1.000000000000000000e+00
1.472174901363733746e+01 4.975704237785913620e+01 9.951408475571826839e-02 1.000000000000000000e+00
1.475033493405216767e+01 4.977091214506799588e+01 9.954182429013601341e-02 1.000000000000000000e+00
1.477892085446699788e+01 4.978437520713334408e+01 9.956875041426670181e-02 1.000000000000000000e+00
1.480750677488182809e+01 4.979743145404118110e+01 9.959486290808236553e-02 1.000000000000000000e+00
1.483609269529665653e+01 4.981008077910182408e+01 9.962016155820364871e-02 1.000000000000000000e+00
1.486467861571148674e+01 4.982232307895076673e+01 9.964464615790154245e-02 1.000000000000000000e+00
1.489326453612631695e+01 4.983415825354953910e+01 9.966831650709907786e-02 1.000000000000000000e+00
1.492185045654114717e+01 4.984558620618649627e+01 9.969117241237300531e-02 1.000000000000000000e+00
1.495043637695597560e+01 4.985660684347764970e+01 9.971321368695529319e-02 1.000000000000000000e+00
1.497902229737080582e+01 4.986722007536736356e+01 9.973444015073473778e-02 1.000000000000000000e+00
1.500760821778563603e+01 4.987742581512917894e+01 9.975485163025836488e-02 1.000000000000000000e+00
1.503619413820046624e+01 4.988722397936643915e+01 9.977444795873288697e-02 1.000000000000000000e+00
1.506478005861529468e+01 4.989661448801303578e+01 9.979322897602609099e-02 1.000000000000000000e+00
1.509336597903012489e+01 4.990559726433404109e+01 9.981119452866808739e-02 1.000000000000000000e+00
1.512195189944495510e+01 4.991417223492626931e+01 9.982834446985254517e-02 1.000000000000000000e+00
1.515053781985978532e+01 4.992233932971901567e+01 9.984467865943803810e-02 1.000000000000000000e+00
1.517912374027461375e+01 4.993009848197450395e+01 9.986019696394901612e-02 1.000000000000000000e+00
1.520770966068944396e+01 4.993744962828850475e+01 9.987489925657701273e-02 1.000000000000000000e+00
1.523629558110427418e+01 4.994439270859078306e+01 9.988878541718154702e-02 1.000000000000000000e+00
1.526488150151910439e+01 4.995092766614566671e+01 9.990185533229133108e-02 1.000000000000000000e+00
1.529346742193393283e+01 4.995705444755247271e+01 9.991410889510494997e-02 1.000000000000000000e+00
1.532205334234876304e+01 4.996277300274596911e+01 9.992554600549193033e-02 1.000000000000000000e+00
1.535063926276359325e+01 4.996808328499669472e+01 9.993616656999337877e-02 1.000000000000000000e+00
1.537922518317842346e+01 4.997298525091147781e+01 9.994597050182296716e-02 1.000000000000000000e+00
1.540781110359325190e+01 4.997747886043368482e+01 9.995495772086736286e-02 1.000000000000000000e+00
1.543639702400808211e+01 4.998156407684359692e+01 9.996312815368718629e-02 1.000000000000000000e+00
1.546498294442291233e+01 4.998524086675867295e+01 9.997048173351735789e-02 1.000000000000000000e+00
1.549356886483774254e+01 4.998850920013390464e+01 9.997701840026780584e-02 1.000000000000000000e+00
1.552215478525257097e+01 4.999136905026193745e+01 9.998273810052388244e-02 1.000000000000000000e+00
1.555074070566740119e+01 4.999382039377337605e+01 9.998764078754676654e-02 1.000000000000000000e+00
1.557932662608223140e+01 4.999586321063699756e+01 9.999172642127399091e-02 1.000000000000000000e+00
1.560791254649706161e+01 4.999749748415980832e+01 9.999499496831962264e-02 1.000000000000000000e+00
1.563649846691189182e+01 4.999872320098727130e+01 9.999744640197455459e-02 1.000000000000000000e+00
1.566508438732672026e+01 4.999954035110340556e+01 9.999908070220681067e-02 1.000000000000000000e+00
1.569367030774155047e+01 4.999994892783081468e+01 9.999989785566164302e-02 1.000000000000000000e+00
1.572225622815638069e+01 4.999994892783081468e+01 9.999989785566164302e-02 1.000000000000000000e+00
1.575084214857121090e+01 4.999954035110340556e+01 9.999908070220681067e-02 1.000000000000000000e+00
1.577942806898603934e+01 4.999872320098727130e+01 9.999744640197455459e-02 1.000000000000000000e+00
1.580801398940086955e+01 4.999749748415980832e+01 9.999499496831962264e-02 1.000000000000000000e+00
1.583659990981569976e+01 4.999586321063699756e+01 9.999172642127399091e-02 1.000000000000000000e+00
1.586518583023052997e+01 4.999382039377337605e+01 9.998764078754676654e-02 1.000000000000000000e+00
1.589377175064535841e+01 4.999136905026193745e+01 9.998273810052386856e-02 1.000000000000000000e+00
1.592235767106018862e+01 4.998850920013390464e+01 9.997701840026780584e-02 1.000000000000000000e+00
1.595094359147501883e+01 4.998524086675867295e+01 9.997048173351735789e-02 1.000000000000000000e+00
1.597952951188984905e+01 4.998156407684359692e+01 9.996312815368718629e-02 1.000000000000000000e+00
1.600811543230467748e+01 4.997747886043368482e+01 9.995495772086737674e-02 1.000000000000000000e+00
1.603670135271950770e+01 4.997298525091147781e+01 9.994597050182296716e-02 1.000000000000000000e+00
1.606528727313433791e+01 4.996808328499669472e+01 9.993616656999337877e-02 1.000000000000000000e+00
1.609387319354916812e+01 4.996277300274596911e+01 9.992554600549193033e-02 1.000000000000000000e+00
1.612245911396399833e+01 4.995705444755247271e+01 9.991410889510496385e-02 1.000000000000000000e+00
1.615104503437882855e+01 4.995092766614566671e+01 9.990185533229134496e-02 1.000000000000000000e+00
1.617963095479365521e+01 4.994439270859078306e+01 9.988878541718156090e-02 1.000000000000000000e+00
1.620821687520848542e+01 4.993744962828849765e+01 9.987489925657699885e-02 1.000000000000000000e+00
1.623680279562331563e+01 4.993009848197451106e+01 9.986019696394903000e-02 1.000000000000000000e+00
1.626538871603814584e+01 4.992233932971901567e+01 9.984467865943803810e-02 1.000000000000000000e+00
1.629397463645297606e+01 4.991417223492626931e+01 9.982834446985254517e-02 1.000000000000000000e+00
1.632256055686780627e+01 4.990559726433404109e+01 9.981119452866808739e-02 1.000000000000000000e+00
1.635114647728263648e+01 4.989661448801303578e+01 9.979322897602609099e-02 1.000000000000000000e+00
1.637973239769746669e+01 4.988722397936643915e+01 9.977444795873288697e-02 1.000000000000000000e+00
1.640831831811229335e+01 4.987742581512917894e+01 9.975485163025836488e-02 1.000000000000000000e+00
1.643690423852712357e+01 4.986722007536736356e+01 9.973444015073473778e-02 1.000000000000000000e+00
1.646549015894195378e+01 4.985660684347764970e+01 9.971321368695529319e-02 1.000000000000000000e+00
1.649407607935678399e+01 4.984558620618649627e+01 9.969117241237300531e-02 1.000000000000000000e+00
1.652266199977161421e+01 4.983415825354953910e+01 9.966831650709907786e-02 1.000000000000000000e+00
1.655124792018644442e+01 4.982232307895076673e+01 9.964464615790154245e-02 1.000000000000000000e+00
1.657983384060127463e+01 4.981008077910181697e+01 9.962016155820363483e-02 1.000000000000000000e+00
1.660841976101610484e+01 4.979743145404118110e+01 9.959486290808236553e-02 1.000000000000000000e+00
1.663700568143093506e+01 4.978437520713335118e+01 9.956875041426671569e-02 1.000000000000000000e+00
1.666559160184576172e+01 4.977091214506799588e+01 9.954182429013601341e-02 1.000000000000000000e+00
1.669417752226059193e+01 4.975704237785913620e+01 9.951408475571826839e-02 1.000000000000000000e+00
1.672276344267542214e+01 4.974276601884413651e+01 9.948553203768828457e-02 1.000000000000000000e+00
1.675134936309025235e+01 4.972808318468290878e+01 9.945616636936581434e-02 1.000000000000000000e+00
1.677993528350508257e+01 4.971299399535683960e+01 9.942598799071367122e-02 1.000000000000000000e+00
1.680852120391991278e+01 4.969749857416788785e+01 9.939499714833577304e-02 1.000000000000000000e+00
1.683710712433474299e+01 4.968159704773756147e+01 9.936319409547511583e-02 1.000000000000000000e+00
1.686569304474957320e+01 4.966528954600585877e+01 9.933057909201170599e-02 1.000000000000000000e+00
1.689427896516439986e+01 4.964857620223023105e+01 9.929715240446046476e-02 1.000000000000000000e+00
1.692286488557923008e+01 4.963145715298448835e+01 9.926291430596896614e-02 1.000000000000000000e+00
1.695145080599406029e+01 4.961393253815766968e+01 9.922786507631534136e-02 1.000000000000000000e+00
1.698003672640889050e+01 4.959600250095291329e+01 9.919200500190583636e-02 1.000000000000000000e+00
1.700862264682372071e+01 4.957766718788631266e+01 9.915533437577261910e-02 1.000000000000000000e+00
1.703720856723855093e+01 4.955892674878563753e+01 9.911785349757128161e-02 1.000000000000000000e+00
1.706579448765338114e+01 4.953978133678919704e+01 9.907956267357839741e-02 1.000000000000000000e+00
1.709438040806821135e+01 4.952023110834454656e+01 9.904046221668910688e-02 1.000000000000000000e+00
1.712296632848303801e+01 4.950027622320722287e+01 9.900055244641446650e-02 1.000000000000000000e+00
1.715155224889786822e+01 4.947991684443942262e+01 9.895983368887885379e-02 1.000000000000000000e+00
1.718013816931269844e+01 4.945915313840868066e+01 9.891830627681735821e-02 1.000000000000000000e+00
1.720872408972752865e+01 4.943798527478650584e+01 9.887597054957303344e-02 1.000000000000000000e+00
1.723731001014235886e+01 4.941641342654702385e+01 9.883282685309405236e-02 1.000000000000000000e+00
1.726589593055718908e+01 4.939443776996549218e+01 9.878887553993098702e-02 1.000000000000000000e+00
1.729448185097201929e+01 4.937205848461694302e+01 9.874411696923389437e-02 1.000000000000000000e+00
1.732306777138684950e+01 4.934927575337466976e+01 9.869855150674934630e-02 1.000000000000000000e+00
1.735165369180167616e+01 4.932608976240874199e+01 9.865217952481748764e-02 1.000000000000000000e+00
1.738023961221650637e+01 4.930250070118446359e+01 9.860500140236892752e-02 1.000000000000000000e+00
1.740882553263133659e+01 4.927850876246088063e+01 9.855701752492174172e-02 1.000000000000000000e+00
1.743741145304616680e+01 4.925411414228911866e+01 9.850822828457823921e-02 1.000000000000000000e+00
1.746599737346099701e+01 4.922931704001089770e+01 9.845863408002179795e-02 1.000000000000000000e+00
1.749458329387582722e+01 4.920411765825678430e+01 9.840823531651356204e-02 1.000000000000000000e+00
1.752316921429065744e+01 4.917851620294460702e+01 9.835703240588920815e-02 1.000000000000000000e+00
1.755175513470548765e+01 4.915251288327775114e+01 9.830502576655550384e-02 1.000000000000000000e+00
1.758034105512031786e+01 4.912610791174347469e+01 9.825221582348696303e-02 1.000000000000000000e+00
1.760892697553514452e+01 4.909930150411113203e+01 9.819860300822226551e-02 1.000000000000000000e+00
1.763751289594997473e+01 4.907209387943042600e+01 9.814418775886085688e-02 1.000000000000000000e+00
1.766609881636480495e+01 4.904448526002962438e+01 9.808897052005925710e-02 1.000000000000000000e+00
1.769468473677963516e+01 4.901647587151375518e+01 9.803295174302752157e-02 1.000000000000000000e+00
1.772327065719446537e+01 4.898806594276273785e+01 9.797613188552548036e-02 1.000000000000000000e+00
1.775185657760929558e+01 4.895925570592952170e+01 9.791851141185904661e-02 1.000000000000000000e+00
1.778044249802412580e+01 4.893004539643818873e+01 9.786009079287638635e-02 1.000000000000000000e+00
1.780902841843895601e+01 4.890043525298204230e+01 9.780087050596408815e-02 1.000000000000000000e+00
1.783761433885378267e+01 4.887042551752163178e+01 9.774085103504326355e-02 1.000000000000000000e+00
1.786620025926861288e+01 4.884001643528280567e+01 9.768003287056560568e-02 1.000000000000000000e+00
1.789478617968344309e+01 4.880920825475467240e+01 9.761841650950935090e-02 1.000000000000000000e+00
1.792337210009827331e+01 4.877800122768761071e+01 9.755600245537524029e-02 1.000000000000000000e+00
1.795195802051310352e+01 4.874639560909119496e+01 9.749279121818238414e-02 1.000000000000000000e+00
1.798054394092793373e+01 4.871439165723204923e+01 9.742878331446411244e-02 1.000000000000000000e+00
1.800912986134276395e+01 4.868198963363188625e+01 9.736397926726378382e-02 1.000000000000000000e+00
1.803771578175759416e+01 4.864918980306521235e+01 9.729837960613042791e-02 1.000000000000000000e+00
1.806630170217242082e+01 4.861599243355725974e+01 9.723198486711451261e-02 1.000000000000000000e+00
1.809488762258725103e+01 4.858239779638171996e+01 9.716479559276346156e-02 1.000000000000000000e+00
1.812347354300208124e+01 4.854840616605866188e+01 9.709681233211732432e-02 1.000000000000000000e+00
1.815205946341691146e+01 4.851401782035213017e+01 9.702803564070425213e-02 1.000000000000000000e+00
1.818064538383174167e+01 4.847923304026794966e+01 9.695846608053590443e-02 1.000000000000000000e+00
1.820923130424657188e+01 4.844405211005145873e+01 9.688810422010292467e-02 1.000000000000000000e+00
1.823781722466140209e+01 4.840847531718514318e+01 9.681695063437029125e-02 1.000000000000000000e+00
1.826640314507623231e+01 4.837250295238629150e+01 9.674500590477258521e-02 1.000000000000000000e+00
1.829498906549105897e+01 4.833613530960461446e+01 9.667227061920924402e-02 1.000000000000000000e+00
1.832357498590588918e+01 4.829937268601987910e+01 9.659874537203975986e-02 1.000000000000000000e+00
1.835216090632071939e+01 4.826221538203941464e+01 9.652443076407885014e-02 1.000000000000000000e+00
1.838074682673554960e+01 4.822466370129576063e+01 9.644932740259153092e-02 1.000000000000000000e+00
1.840933274715037982e+01 4.818671795064406638e+01 9.637343590128813475e-02 1.000000000000000000e+00
1.843791866756521003e+01 4.814837844015964663e+01 9.629675688031930081e-02 1.000000000000000000e+00
1.846650458798004024e+01 4.810964548313548761e+01 9.621929096627097888e-02 1.000000000000000000e+00
1.849509050839487045e+01 4.807051939607958957e+01 9.614103879215918358e-02 1.000000000000000000e+00
1.852367642880970067e+01 4.803100049871245858e+01 9.606200099742492893e-02 1.000000000000000000e+00
1.855226234922452733e+01 4.799108911396446331e+01 9.598217822792892706e-02 1.000000000000000000e+00
1.858084826963935754e+01 4.795078556797318470e+01 9.590157113594637017e-02 1.000000000000000000e+00
1.860943419005418775e+01 4.791009019008077985e+01 9.582018038016155981e-02 1.000000000000000000e+00
1.863802011046901796e+01 4.786900331283128907e+01 9.573800662566257780e-02 1.000000000000000000e+00
1.866660603088384818e+01 4.782752527196786474e+01 9.565505054393573514e-02 1.000000000000000000e+00
1.869519195129867839e+01 4.778565640643011392e+01 9.557131281286024294e-02 1.000000000000000000e+00
1.872377787171350860e+01 4.774339705835127745e+01 9.548679411670256412e-02 1.000000000000000000e+00
1.875236379212833882e+01 4.770074757305542335e+01 9.540149514611084847e-02 1.000000000000000000e+00
1.878094971254316548e+01 4.765770829905463302e+01 9.531541659810927047e-02 1.000000000000000000e+00
1.880953563295799569e+01 4.761427958804620175e+01 9.522855917609240883e-02 1.000000000000000000e+00
1.883812155337282590e+01 4.757046179490970417e+01 9.514092358981940389e-02 1.000000000000000000e+00
1.886670747378765611e+01 4.752625527770409519e+01 9.505251055540819838e-02 1.000000000000000000e+00
1.889529339420248633e+01 4.748166039766484658e+01 9.496332079532969483e-02 1.000000000000000000e+00
1.892387931461731654e+01 4.743667751920092712e+01 9.487335503840185758e-02 1.000000000000000000e+00
1.895246523503214675e+01 4.739130700989185385e+01 9.478261401978371747e-02 1.000000000000000000e+00
1.898105115544697696e+01 4.734554924048469360e+01 9.469109848096940452e-02 1.000000000000000000e+00
1.900963707586180362e+01 4.729940458489103605e+01 9.459880916978208321e-02 1.000000000000000000e+00
1.903822299627663384e+01 4.725287342018389580e+01 9.450574684036777695e-02 1.000000000000000000e+00
1.906680891669146405e+01 4.720595612659467122e+01 9.441191225318934510e-02 1.000000000000000000e+00
1.909539483710629426e+01 4.715865308751006069e+01 9.431730617502012692e-02 1.000000000000000000e+00
1.912398075752112447e+01 4.711096468946886517e+01 9.422192937893773823e-02 1.000000000000000000e+00
1.915256667793595469e+01 4.706289132215888316e+01 9.412578264431777086e-02 1.000000000000000000e+00
1.918115259835078490e+01 4.701443337841369186e+01 9.402886675682739503e-02 1.000000000000000000e+00
1.920973851876561511e+01 4.696559125420946401e+01 9.393118250841893391e-02 1.000000000000000000e+00
1.923832443918044532e+01 4.691636534866171360e+01 9.383273069732342431e-02 1.000000000000000000e+00
1.926691035959527198e+01 4.686675606402202021e+01 9.373351212804405252e-02 1.000000000000000000e+00
1.929549628001010220e+01 4.681676380567480322e+01 9.363352761134961788e-02 1.000000000000000000e+00
1.932408220042493241e+01 4.676638898213393958e+01 9.353277796426788526e-02 1.000000000000000000e+00
1.935266812083976262e+01 4.671563200503945268e+01 9.343126401007890991e-02 1.000000000000000000e+00
1.938125404125459283e+01 4.666449328915415862e+01 9.332898657830833444e-02 1.000000000000000000e+00
1.940983996166942305e+01 4.661297325236028399e+01 9.322594650472057487e-02 1.000000000000000000e+00
1.943842588208425326e+01 4.656107231565601268e+01 9.312214463131202047e-02 1.000000000000000000e+00
1.946701180249908347e+01 4.650879090315206099e+01 9.301758180630412265e-02 1.000000000000000000e+00
1.949559772291391013e+01 4.645612944206824579e+01 9.291225888413651157e-02 1.000000000000000000e+00
1.952418364332874035e+01 4.640308836272996018e+01 9.280617672545993235e-02 1.000000000000000000e+00
1.955276956374357056e+01 4.634966809856464920e+01 9.269933619712930617e-02 1.000000000000000000e+00
1.958135548415840077e+01 4.629586908609829976e+01 9.259173817219659708e-02 1.000000000000000000e+00
1.960994140457323098e+01 4.624169176495183109e+01 9.248338352990367883e-02 1.000000000000000000e+00
1.963852732498806120e+01 4.618713657783757753e+01 9.237427315567517394e-02 1.000000000000000000e+00
1.966711324540289141e+01 4.613220397055557243e+01 9.226440794111115395e-02 1.000000000000000000e+00
1.969569916581772162e+01 4.607689439198997405e+01 9.215378878397996465e-02 1.000000000000000000e+00
1.972428508623254828e+01 4.602120829410539216e+01 9.204241658821078753e-02 1.000000000000000000e+00
1.975287100664737849e+01 4.596514613194314336e+01 9.193029226388627073e-02 1.000000000000000000e+00
1.978145692706220871e+01 4.590870836361758478e+01 9.181741672723517378e-02 1.000000000000000000e+00
1.981004284747703892e+01 4.585189545031237657e+01 9.170379090062474869e-02 1.000000000000000000e+00
1.983862876789186913e+01 4.579470785627667340e+01 9.158941571255335701e-02 1.000000000000000000e+00
1.986721468830669934e+01 4.573714604882136570e+01 9.147429209764272595e-02 1.000000000000000000e+00
1.989580060872152956e+01 4.567921049831520719e+01 9.135842099663041282e-02 1.000000000000000000e+00
1.992438652913635977e+01 4.562090167818105613e+01 9.124180335636211669e-02 1.000000000000000000e+00
1.995297244955118643e+01 4.556222006489192466e+01 9.112444012978385133e-02 1.000000000000000000e+00
1.998155836996601664e+01 4.550316613796713483e+01 9.100633227593427077e-02 1.000000000000000000e+00
2.001014429038084685e+01 4.544374037996838922e+01 9.088748075993677289e-02 1.000000000000000000e+00
2.003873021079567707e+01 4.538394327649579907e+01 9.076788655299160291e-02 1.000000000000000000e+00
2.006731613121050728e+01 4.532377531618399757e+01 9.064755063236799859e-02 1.000000000000000000e+00
2.009590205162533749e+01 4.526323699069801165e+01 9.052647398139603008e-02 1.000000000000000000e+00
2.012448797204016770e+01 4.520232879472938947e+01 9.040465758945878672e-02 1.000000000000000000e+00
2.015307389245499792e+01 4.514105122599207220e+01 9.028210245198414752e-02 1.000000000000000000e+00
2.018165981286982813e+01 4.507940478521832262e+01 9.015880957043664878e-02 1.000000000000000000e+00
2.021024573328465479e+01 4.501738997615468918e+01 9.003477995230937947e-02 1.000000000000000000e+00
2.023883165369948500e+01 4.495500730555784941e+01 8.991001461111569615e-02 1.000000000000000000e+00
2.026741757411431522e+01 4.489225728319043895e+01 8.978451456638086858e-02 1.000000000000000000e+00
2.029600349452914543e+01 4.482914042181699443e+01 8.965828084363398898e-02 1.000000000000000000e+00
2.032458941494397564e+01 4.476565723719963330e+01 8.953131447439927060e-02 1.000000000000000000e+00
2.035317533535880585e+01 4.470180824809392561e+01 8.940361649618787376e-02 1.000000000000000000e+00
2.038176125577363607e+01 4.463759397624465208e+01 8.927518795248931549e-02 1.000000000000000000e+00
2.041034717618846628e+01 4.457301494638145556e+01 8.914602989276290690e-02 1.000000000000000000e+00
2.043893309660329294e+01 4.450807168621466303e+01 8.901614337242931552e-02 1.000000000000000000e+00
2.046751901701812315e+01 4.444276472643090869e+01 8.888552945286182227e-02 1.000000000000000000e+00
2.049610493743295336e+01 4.437709460068879963e+01 8.875418920137760626e-02 1.000000000000000000e+00
2.052469085784778358e+01 4.431106184561462413e+01 8.862212369122923761e-02 1.000000000000000000e+00
2.055327677826261379e+01 4.424466700079781845e+01 8.848933400159564311e-02 1.000000000000000000e+00
2.058186269867744400e+01 4.417791060878675324e+01 8.835582121757351581e-02 1.000000000000000000e+00
2.061044861909227421e+01 4.411079321508413642e+01 8.822158643016828061e-02 1.000000000000000000e+00
2.063903453950710443e+01 4.404331536814261483e+01 8.808663073628524021e-02 1.000000000000000000e+00
2.066762045992193109e+01 4.397547761936033339e+01 8.795095523872066556e-02 1.000000000000000000e+00
2.069620638033676130e+01 4.390728052307634499e+01 8.781456104615270597e-02 1.000000000000000000e+00
2.072479230075159151e+01 4.383872463656615537e+01 8.767744927313231296e-02 1.000000000000000000e+00
2.075337822116642172e+01 4.376981052003713302e+01 8.753962104007426137e-02 1.000000000000000000e+00
2.078196414158125194e+01 4.370053873662392618e+01 8.740107747324785126e-02 1.000000000000000000e+00
2.081055006199608215e+01 4.363090985238389408e+01 8.726181970476779015e-02 1.000000000000000000e+00
2.083913598241091236e+01 4.356092443629245281e+01 8.712184887258492272e-02 1.000000000000000000e+00
2.086772190282574257e+01 4.349058306023842846e+01 8.698116612047686325e-02 1.000000000000000000e+00
2.089630782324056923e+01 4.341988629901941010e+01 8.683977259803882243e-02 1.000000000000000000e+00
2.092489374365539945e+01 4.334883473033698920e+01 8.669766946067397617e-02 1.000000000000000000e+00
2.095347966407022966e+01 4.327742893479209840e+01 8.655485786958420913e-02 1.000000000000000000e+00
2.098206558448505987e+01 4.320566949588030781e+01 8.641133899176060840e-02 1.000000000000000000e+00
2.101065150489989009e+01 4.313355699998689374e+01 8.626711399997377683e-02 1.000000000000000000e+00
2.103923742531472030e+01 4.306109203638222738e+01 8.612218407276446552e-02 1.000000000000000000e+00
2.106782334572955051e+01 4.298827519721690038e+01 8.597655039443380387e-02 1.000000000000000000e+00
2.109640926614438072e+01 4.291510707751680087e+01 8.583021415503361284e-02 1.000000000000000000e+00
2.112499518655921094e+01 4.284158827517838120e+01 8.568317655035675995e-02 1.000000000000000000e+00
2.115358110697403760e+01 4.276771939096367703e+01 8.553543878192734762e-02 1.000000000000000000e+00
2.118216702738886781e+01 4.269350102849542594e+01 8.538700205699084611e-02 1.000000000000000000e+00
2.121075294780369802e+01 4.261893379425218598e+01 8.523786758850437906e-02 1.000000000000000000e+00
2.123933886821852823e+01 4.254401829756329079e+01 8.508803659512659268e-02 1.000000000000000000e+00
2.126792478863335845e+01 4.246875515060396111e+01 8.493751030120791357e-02 1.000000000000000000e+00
2.129651070904818866e+01 4.239314496839021729e+01 8.478628993678043180e-02 1.000000000000000000e+00
2.132509662946301887e+01 4.231718836877389123e+01 8.463437673754778401e-02 1.000000000000000000e+00
2.135368254987784908e+01 4.224088597243762422e+01 8.448177194487524466e-02 1.000000000000000000e+00
2.138226847029267574e+01 4.216423840288970126e+01 8.432847680577941485e-02 1.000000000000000000e+00
2.141085439070750596e+01 4.208724628645902754e+01 8.417449257291804987e-02 1.000000000000000000e+00
2.143944031112233617e+01 4.200991025228998410e+01 8.401982050457997009e-02 1.000000000000000000e+00
2.146802623153716638e+01 4.193223093233729770e+01 8.386446186467458319e-02 1.000000000000000000e+00
2.149661215195199659e+01 4.185420896136083968e+01 8.370841792272169790e-02 1.000000000000000000e+00
2.152519807236682681e+01 4.177584497692054555e+01 8.355168995384110175e-02 1.000000000000000000e+00
2.155378399278165702e+01 4.169713961937102198e+01 8.339427923874204174e-02 1.000000000000000000e+00
2.158236991319648723e+01 4.161809353185650906e+01 8.323618706371302411e-02 1.000000000000000000e+00
2.161095583361131389e+01 4.153870736030548727e+01 8.307741472061097587e-02 1.000000000000000000e+00
2.163954175402614410e+01 4.145898175342544789e+01 8.291796350685090577e-02 1.000000000000000000e+00
2.166812767444097432e+01 4.137891736269764920e+01 8.275783472539528784e-02 1.000000000000000000e+00
2.169671359485580453e+01 4.129851484237163817e+01 8.259702968474327833e-02 1.000000000000000000e+00
2.172529951527063474e+01 4.121777484946009196e+01 8.243554969892019635e-02 1.000000000000000000e+00
2.175388543568546496e+01 4.113669804373333960e+01 8.227339608746668531e-02 1.000000000000000000e+00
2.178247135610029517e+01 4.105528508771394058e+01 8.211057017542788827e-02 1.000000000000000000e+00
2.181105727651512538e+01 4.097353664667139128e+01 8.194707329334278978e-02 1.000000000000000000e+00
2.183964319692995204e+01 4.089145338861657564e+01 8.178290677723315527e-02 1.000000000000000000e+00
2.186822911734478225e+01 4.080903598429633661e+01 8.161807196859266478e-02 1.000000000000000000e+00
2.189681503775961247e+01 4.072628510718804762e+01 8.145257021437610212e-02 1.000000000000000000e+00
2.192540095817444268e+01 4.064320143349403480e+01 8.128640286698808615e-02 1.000000000000000000e+00
2.195398687858927289e+01 4.055978564213612714e+01 8.111957128427225994e-02 1.000000000000000000e+00
2.198257279900410310e+01 4.047603841475002895e+01 8.095207682950006367e-02 1.000000000000000000e+00
2.201115871941893332e+01 4.039196043567979189e+01 8.078392087135959077e-02 1.000000000000000000e+00
2.203974463983376353e+01 4.030755239197224427e+01 8.061510478394449952e-02 1.000000000000000000e+00
2.206833056024859374e+01 4.022281497337132805e+01 8.044562994674264722e-02 1.000000000000000000e+00
2.209691648066342040e+01 4.013774887231249267e+01 8.027549774462500176e-02 1.000000000000000000e+00
2.212550240107825061e+01 4.005235478391703907e+01 8.010470956783409535e-02 1.000000000000000000e+00
2.215408832149308083e+01 3.996663340598640701e+01 7.993326681197282513e-02 1.000000000000000000e+00
2.218267424190791104e+01 3.988058543899651909e+01 7.976117087799305949e-02 1.000000000000000000e+00
2.221126016232274125e+01 3.979421158609206088e+01 7.958842317218411955e-02 1.000000000000000000e+00
2.223984608273757146e+01 3.970751255308062611e+01 7.941502510616126054e-02 1.000000000000000000e+00
2.226843200315240168e+01 3.962048904842712460e+01 7.924097809685425042e-02 1.000000000000000000e+00
2.229701792356723189e+01 3.953314178324782091e+01 7.906628356649564315e-02 1.000000000000000000e+00
2.232560384398205855e+01 3.944547147130467124e+01 7.889094294260934337e-02 1.000000000000000000e+00
2.235418976439688876e+01 3.935747882899937622e+01 7.871495765799874089e-02 1.000000000000000000e+00
2.238277568481171897e+01 3.926916457536756866e+01 7.853832915073513665e-02 1.000000000000000000e+00
2.241136160522654919e+01 3.918052943207298000e+01 7.836105886414596045e-02 1.000000000000000000e+00
2.243994752564137940e+01 3.909157412340150728e+01 7.818314824680300257e-02 1.000000000000000000e+00
2.246853344605620961e+01 3.900229937625521615e+01 7.800459875251043729e-02 1.000000000000000000e+00
2.249711936647103983e+01 3.891270592014659258e+01 7.782541184029317938e-02 1.000000000000000000e+00
2.252570528688587004e+01 3.882279448719235404e+01 7.764558897438471330e-02 1.000000000000000000e+00
2.255429120730069670e+01 3.873256581210767280e+01 7.746513162421535259e-02 1.000000000000000000e+00
2.258287712771552691e+01 3.864202063220001548e+01 7.728404126440004129e-02 1.000000000000000000e+00
2.261146304813035712e+01 3.855115968736320298e+01 7.710231937472640518e-02 1.000000000000000000e+00
2.264004896854518734e+01 3.845998372007134236e+01 7.691996744014269194e-02 1.000000000000000000e+00
2.266863488896001755e+01 3.836849347537278732e+01 7.673698695074558651e-02 1.000000000000000000e+00
2.269722080937484776e+01 3.827668970088396350e+01 7.655337940176792921e-02 1.000000000000000000e+00
2.272580672978967797e+01 3.818457314678337866e+01 7.636914629356675310e-02 1.000000000000000000e+00
2.275439265020450819e+01 3.809214456580537700e+01 7.618428913161075233e-02 1.000000000000000000e+00
2.278297857061933485e+01 3.799940471323409952e+01 7.599880942646820847e-02 1.000000000000000000e+00
2.281156449103416506e+01 3.790635434689723127e+01 7.581270869379445887e-02 1.000000000000000000e+00
2.284015041144899527e+01 3.781299422715979119e+01 7.562598845431958705e-02 1.000000000000000000e+00
2.286873633186382548e+01 3.771932511691803569e+01 7.543865023383607149e-02 1.000000000000000000e+00
2.289732225227865570e+01 3.762534778159312765e+01 7.525069556318625397e-02 1.000000000000000000e+00
2.292590817269348591e+01 3.753106298912486238e+01 7.506212597824973853e-02 1.000000000000000000e+00
2.295449409310831612e+01 3.743647150996550721e+01 7.487294301993101253e-02 1.000000000000000000e+00
2.298308001352314633e+01 3.734157411707333551e+01 7.468314823414667902e-02 1.000000000000000000e+00
2.301166593393797655e+01 3.724637158590650898e+01 7.449274317181302230e-02 1.000000000000000000e+00
2.304025185435280321e+01 3.715086469441661166e+01 7.430172938883321254e-02 1.000000000000000000e+00
2.306883777476763342e+01 3.705505422304223373e+01 7.411010844608446890e-02 1.000000000000000000e+00
2.309742369518246363e+01 3.695894095470279694e+01 7.391788190940559722e-02 1.000000000000000000e+00
2.312600961559729384e+01 3.686252567479200337e+01 7.372505134958400042e-02 1.000000000000000000e+00
2.315459553601212406e+01 3.676580917117141922e+01 7.353161834234284155e-02 1.000000000000000000e+00
2.318318145642695427e+01 3.666879223416413680e+01 7.333758446832827627e-02 1.000000000000000000e+00
2.321176737684178448e+01 3.657147565654818067e+01 7.314295131309637987e-02 1.000000000000000000e+00
2.324035329725661470e+01 3.647386023355016960e+01 7.294772046710033819e-02 1.000000000000000000e+00
2.326893921767144136e+01 3.637594676283873696e+01 7.275189352567747181e-02 1.000000000000000000e+00
2.329752513808627157e+01 3.627773604451794398e+01 7.255547208903588563e-02 1.000000000000000000e+00
2.332611105850110178e+01 3.617922888112092750e+01 7.235845776224185399e-02 1.000000000000000000e+00
2.335469697891593199e+01 3.608042607760322085e+01 7.216085215520644247e-02 1.000000000000000000e+00
2.338328289933076221e+01 3.598132844133612451e+01 7.196265688267225458e-02 1.000000000000000000e+00
2.341186881974559242e+01 3.588193678210026150e+01 7.176387356420052543e-02 1.000000000000000000e+00
2.344045474016042263e+01 3.578225191207881295e+01 7.156450382415761868e-02 1.000000000000000000e+00
2.346904066057525284e+01 3.568227464585097408e+01 7.136454929170195360e-02 1.000000000000000000e+00
2.349762658099007950e+01 3.558200580038531058e+01 7.116401160077061305e-02 1.000000000000000000e+00
2.352621250140490972e+01 3.548144619503291608e+01 7.096289239006584038e-02 1.000000000000000000e+00
2.355479842181973993e+01 3.538059665152096045e+01 7.076119330304192490e-02 1.000000000000000000e+00
2.358338434223457014e+01 3.527945799394583304e+01 7.055891598789167107e-02 1.000000000000000000e+00
2.361197026264940035e+01 3.517803104876637121e+01 7.035606209753274276e-02 1.000000000000000000e+00
2.364055618306423057e+01 3.507631664479724520e+01 7.015263328959449318e-02 1.000000000000000000e+00
2.366914210347906078e+01 3.497431561320203741e+01 6.994863122640408715e-02 1.000000000000000000e+00
2.369772802389389099e+01 3.487202878748657042e+01 6.974405757497313674e-02 1.000000000000000000e+00
2.372631394430871765e+01 3.476945700349206447e+01 6.953891400698412883e-02 1.000000000000000000e+00
2.375489986472354786e+01 3.466660109938817413e+01 6.933320219877635304e-02 1.000000000000000000e+00
2.378348578513837808e+01 3.456346191566636605e+01 6.912692383133274554e-02 1.000000000000000000e+00
2.381207170555320829e+01 3.446004029513293432e+01 6.892008059026587252e-02 1.000000000000000000e+00
2.384065762596803850e+01 3.435633708290205846e+01 6.871267416580410792e-02 1.000000000000000000e+00
2.386924354638286871e+01 3.425235312638898932e+01 6.850470625277797765e-02 1.000000000000000000e+00
2.389782946679769893e+01 3.414808927530308580e+01 6.829617855060617082e-02 1.000000000000000000e+00
2.392641538721252914e+01 3.404354638164087277e+01 6.808709276328174520e-02 1.000000000000000000e+00
2.395500130762735935e+01 3.393872529967912755e+01 6.787745059935824943e-02 1.000000000000000000e+00
2.398358722804218601e+01 3.383362688596777446e+01 6.766725377193555380e-02 1.000000000000000000e+00
2.401217314845701623e+01 3.372825199932302098e+01 6.745650399864604185e-02 1.000000000000000000e+00
2.404075906887184644e+01 3.362260150082029497e+01 6.724520300164059383e-02 1.000000000000000000e+00
2.406934498928667665e+01 3.351667625378714632e+01 6.703335250757429253e-02 1.000000000000000000e+00
2.409793090970150686e+01 3.341047712379626944e+01 6.682095424759254554e-02 1.000000000000000000e+00
2.412651683011633708e+01 3.330400497865846177e+01 6.660800995731692986e-02 1.000000000000000000e+00
2.415510275053116729e+01 3.319726068841537625e+01 6.639452137683075905e-02 1.000000000000000000e+00
2.418368867094599750e+01 3.309024512533258644e+01 6.618049025066517765e-02 1.000000000000000000e+00
2.421227459136082416e+01 3.298295916389234606e+01 6.596591832778468667e-02 1.000000000000000000e+00
2.424086051177565437e+01 3.287540368078647646e+01 6.575080736157294659e-02 1.000000000000000000e+00
2.426944643219048459e+01 3.276757955490924701e+01 6.553515910981848325e-02 1.000000000000000000e+00
2.429803235260531480e+01 3.265948766735009912e+01 6.531897533470019945e-02 1.000000000000000000e+00
2.432661827302014501e+01 3.255112890138654791e+01 6.510225780277309471e-02 1.000000000000000000e+00
2.435520419343497522e+01 3.244250414247690628e+01 6.488500828495381845e-02 1.000000000000000000e+00
2.438379011384980544e+01 3.233361427825302314e+01 6.466722855650605672e-02 1.000000000000000000e+00
2.441237603426463565e+01 3.222446019851313537e+01 6.444892039702627973e-02 1.000000000000000000e+00
2.444096195467946231e+01 3.211504279521446392e+01 6.423008559042892029e-02 1.000000000000000000e+00
2.446954787509429252e+01 3.200536296246598766e+01 6.401072592493198266e-02 1.000000000000000000e+00
2.449813379550912273e+01 3.189542159652121001e+01 6.379084319304242912e-02 1.000000000000000000e+00
2.452671971592395295e+01 3.178521959577067690e+01 6.357043919154135858e-02 1.000000000000000000e+00
2.455530563633878316e+01 3.167475786073480393e+01 6.334951572146960141e-02 1.000000000000000000e+00
2.458389155675361337e+01 3.156403729405638359e+01 6.312807458811275918e-02 1.000000000000000000e+00
2.461247747716844358e+01 3.145305880049324898e+01 6.290611760098650806e-02 1.000000000000000000e+00
2.464106339758327380e+01 3.134182328691097297e+01 6.268364657382194394e-02 1.000000000000000000e+00
2.466964931799810046e+01 3.123033166227529023e+01 6.246066332455058046e-02 1.000000000000000000e+00
2.469823523841293067e+01 3.111858483764478223e+01 6.223716967528956229e-02 1.000000000000000000e+00
2.472682115882776088e+01 3.100658372616345204e+01 6.201316745232691302e-02 1.000000000000000000e+00
2.475540707924259110e+01 3.089432924305316419e+01 6.178865848610633205e-02 1.000000000000000000e+00
2.478399299965742131e+01 3.078182230560624433e+01 6.156364461121249798e-02 1.000000000000000000e+00
2.481257892007225152e+01 3.066906383317799012e+01 6.133812766635598351e-02 1.000000000000000000e+00
2.484116484048708173e+01 3.055605474717904713e+01 6.111210949435810780e-02 1.000000000000000000e+00
2.486975076090191195e+01 3.044279597106805468e+01 6.088559194213610803e-02 1.000000000000000000e+00
2.489833668131674216e+01 3.032928843034391519e+01 6.065857686068783228e-02 1.000000000000000000e+00
2.492692260173156882e+01 3.021553305253840449e+01 6.043106610507681387e-02 1.000000000000000000e+00
2.495550852214639903e+01 3.010153076720845888e+01 6.020306153441691566e-02 1.000000000000000000e+00
2.498409444256122924e+01 2.998728250592861855e+01 5.997456501185724487e-02 1.000000000000000000e+00
2.501268036297605946e+01 2.987278920228348156e+01 5.974557840456695690e-02 1.000000000000000000e+00
2.504126628339088967e+01 2.975805179185999449e+01 5.951610358371998283e-02 1.000000000000000000e+00
2.506985220380571988e+01 2.964307121223979280e+01 5.928614242447959731e-02 1.000000000000000000e+00
2.509843812422055009e+01 2.952784840299166547e+01 5.905569680598332649e-02 1.000000000000000000e+00
2.512702404463538031e+01 2.941238430566368578e+01 5.882476861132737711e-02 1.000000000000000000e+00
2.515560996505020697e+01 2.929667986377572575e+01 5.859335972755145422e-02 1.000000000000000000e+00
2.518419588546503718e+01 2.918073602281157619e+01 5.836147204562315560e-02 1.000000000000000000e+00
2.521278180587986739e+01 2.906455373021128352e+01 5.812910746042257437e-02 1.000000000000000000e+00
2.524136772629469760e+01 2.894813393536346524e+01 5.789626787072692932e-02 1.000000000000000000e+00
2.526995364670952782e+01 2.883147758959746909e+01 5.766295517919494545e-02 1.000000000000000000e+00
2.529853956712435803e+01 2.871458564617560683e+01 5.742917129235121376e-02 1.000000000000000000e+00
2.532712548753918824e+01 2.859745906028543416e+01 5.719491812057087010e-02 1.000000000000000000e+00
2.535571140795401845e+01 2.848009878903184955e+01 5.696019757806369821e-02 1.000000000000000000e+00
2.538429732836884511e+01 2.836250579142936346e+01 5.672501158285873230e-02 1.000000000000000000e+00
2.541288324878367533e+01 2.824468102839420069e+01 5.648936205678839473e-02 1.000000000000000000e+00
2.544146916919850554e+01 2.812662546273642761e+01 5.625325092547285577e-02 1.000000000000000000e+00
2.547005508961333575e+01 2.800834005915219649e+01 5.601668011830438637e-02 1.000000000000000000e+00
2.549864101002816597e+01 2.788982578421576264e+01 5.577965156843152361e-02 1.000000000000000000e+00
2.552722693044299618e+01 2.777108360637157958e+01 5.554216721274315982e-02 1.000000000000000000e+00
2.555581285085782639e+01 2.765211449592648307e+01 5.530422899185297170e-02 1.000000000000000000e+00
2.558439877127265660e+01 2.753291942504162293e+01 5.506583885008325269e-02 1.000000000000000000e+00
2.561298469168748682e+01 2.741349936772465057e+01 5.482699873544930741e-02 1.000000000000000000e+00
2.564157061210231348e+01 2.729385529982173608e+01 5.458771059964347139e-02 1.000000000000000000e+00
2.567015653251714369e+01 2.717398819900941831e+01 5.434797639801883934e-02 1.000000000000000000e+00
2.569874245293197390e+01 2.705389904478691321e+01 5.410779808957382614e-02 1.000000000000000000e+00
2.572732837334680411e+01 2.693358881846789288e+01 5.386717763693578409e-02 1.000000000000000000e+00
2.575591429376163433e+01 2.681305850317250616e+01 5.362611700634500878e-02 1.000000000000000000e+00
2.578450021417646454e+01 2.669230908381943479e+01 5.338461816763886980e-02 1.000000000000000000e+00
2.581308613459129475e+01 2.657134154711769014e+01 5.314268309423537950e-02 1.000000000000000000e+00
2.584167205500612496e+01 2.645015688155871203e+01 5.290031376311742778e-02 1.000000000000000000e+00
2.587025797542095162e+01 2.632875607740823298e+01 5.265751215481646874e-02 1.000000000000000000e+00
2.589884389583578184e+01 2.620714012669806081e+01 5.241428025339611718e-02 1.000000000000000000e+00
2.592742981625061205e+01 2.608531002321817738e+01 5.217062004643635564e-02 1.000000000000000000e+00
2.595601573666544226e+01 2.596326676250853183e+01 5.192653352501706149e-02 1.000000000000000000e+00
2.598460165708027247e+01 2.584101134185080895e+01 5.168202268370162417e-02 1.000000000000000000e+00
2.601318757749510269e+01 2.571854476026048886e+01 5.143708952052097882e-02 1.000000000000000000e+00
2.604177349790993290e+01 2.559586801847842708e+01 5.119173603695686275e-02 1.000000000000000000e+00
2.607035941832476311e+01 2.547298211896292486e+01 5.094596423792584899e-02 1.000000000000000000e+00
2.609894533873958977e+01 2.534988806588139809e+01 5.069977613176279707e-02 1.000000000000000000e+00
2.612753125915441998e+01 2.522658686510212789e+01 5.045317373020424823e-02 1.000000000000000000e+00
2.615611717956925020e+01 2.510307952418618171e+01 5.020615904837236881e-02 1.000000000000000000e+00
2.618470309998408041e+01 2.497936705237913202e+01 4.995873410475826226e-02 1.000000000000000000e+00
2.621328902039891062e+01 2.485545046060270025e+01 4.971090092120539899e-02 1.000000000000000000e+00
2.624187494081374084e+01 2.473133076144666731e+01 4.946266152289333778e-02 1.000000000000000000e+00
2.627046086122857105e+01 2.460700896916045011e+01 4.921401793832089894e-02 1.000000000000000000e+00
2.629904678164340126e+01 2.448248609964491607e+01 4.896497219928983013e-02 1.000000000000000000e+00
2.632763270205822792e+01 2.435776317044408046e+01 4.871552634088816003e-02 1.000000000000000000e+00
2.635621862247305813e+01 2.423284120073663317e+01 4.846568240147326040e-02 1.000000000000000000e+00
2.638480454288788835e+01 2.410772121132783852e+01 4.821544242265567853e-02 1.000000000000000000e+00
2.641339046330271856e+01 2.398240422464107979e+01 4.796480844928216469e-02 1.000000000000000000e+00
2.644197638371754877e+01 2.385689126470945709e+01 4.771378252941891468e-02 1.000000000000000000e+00
2.647056230413237898e+01 2.373118335716753791e+01 4.746236671433507609e-02 1.000000000000000000e+00
2.649914822454720920e+01 2.360528152924284129e+01 4.721056305848569251e-02 1.000000000000000000e+00
2.652773414496203941e+01 2.347918680974757777e+01 4.695837361949516814e-02 1.000000000000000000e+00
2.655632006537686962e+01 2.335290022907018681e+01 4.670580045814037157e-02 1.000000000000000000e+00
2.658490598579169628e+01 2.322642281916683515e+01 4.645284563833367714e-02 1.000000000000000000e+00
2.661349190620652649e+01 2.309975561355310347e+01 4.619951122710621444e-02 1.000000000000000000e+00
2.664207782662135671e+01 2.297289964729552736e+01 4.594579929459105538e-02 1.000000000000000000e+00
2.667066374703618692e+01 2.284585595700303884e+01 4.569171191400608206e-02 1.000000000000000000e+00
2.669924966745101713e+01 2.271862558081863881e+01 4.543725116163728484e-02 1.000000000000000000e+00
2.672783558786584734e+01 2.259120955841077105e+01 4.518241911682155387e-02 1.000000000000000000e+00
2.675642150828067756e+01 2.246360893096494848e+01 4.492721786192989397e-02 1.000000000000000000e+00
2.678500742869550777e+01 2.233582474117517691e+01 4.467164948235036182e-02 1.000000000000000000e+00
2.681359334911033443e+01 2.220785803323543917e+01 4.441571606647088527e-02 1.000000000000000000e+00
2.684217926952516464e+01 2.207970985283116150e+01 4.415941970566231861e-02 1.000000000000000000e+00
2.687076518993999485e+01 2.195138124713071903e+01 4.390276249426144223e-02 1.000000000000000000e+00
2.689935111035482507e+01 2.182287326477679201e+01 4.364574652955358763e-02 1.000000000000000000e+00
2.692793703076965528e+01 2.169418695587790680e+01 4.338837391175581759e-02 1.000000000000000000e+00
2.695652295118448549e+01 2.156532337199972105e+01 4.313064674399944703e-02 1.000000000000000000e+00
2.698510887159931571e+01 2.143628356615655406e+01 4.287256713231310523e-02 1.000000000000000000e+00
2.701369479201414592e+01 2.130706859280273235e+01 4.261413718560546487e-02 1.000000000000000000e+00
2.704228071242897258e+01 2.117767950782393171e+01 4.235535901564786709e-02 1.000000000000000000e+00
2.707086663284380279e+01 2.104811736852859383e+01 4.209623473705719626e-02 1.000000000000000000e+00
2.709945255325863300e+01 2.091838323363934649e+01 4.183676646727869236e-02 1.000000000000000000e+00
2.712803847367346322e+01 2.078847816328418219e+01 4.157695632656836782e-02 1.000000000000000000e+00
2.715662439408829343e+01 2.065840321898800269e+01 4.131680643797600722e-02 1.000000000000000000e+00
2.718521031450312364e+01 2.052815946366375854e+01 4.105631892732751476e-02 1.000000000000000000e+00
2.721379623491795385e+01 2.039774796160389414e+01 4.079549592320778906e-02 1.000000000000000000e+00
2.724238215533278407e+01 2.026716977847161871e+01 4.053433955694324409e-02 1.000000000000000000e+00
2.727096807574761073e+01 2.013642598129214178e+01 4.027285196258428152e-02 1.000000000000000000e+00
2.729955399616244094e+01 2.000551763844397613e+01 4.001103527688795736e-02 1.000000000000000000e+00
2.732813991657727115e+01 1.987444581965031176e+01 3.974889163930062780e-02 1.000000000000000000e+00
2.735672583699210136e+01 1.974321159597009867e+01 3.948642319194019951e-02 1.000000000000000000e+00
2.738531175740693158e+01 1.961181603978945986e+01 3.922363207957891423e-02 1.000000000000000000e+00
2.741389767782176179e+01 1.948026022481278119e+01 3.896052044962555749e-02 1.000000000000000000e+00
2.744248359823659200e+01 1.934854522605406402e+01 3.869709045210812520e-02 1.000000000000000000e+00
2.747106951865142221e+01 1.921667211982809675e+01 3.843334423965619195e-02 1.000000000000000000e+00
2.749965543906625243e+01 1.908464198374158016e+01 3.816928396748316132e-02 1.000000000000000000e+00
2.752824135948107909e+01 1.895245589668448005e+01 3.790491179336896027e-02 1.000000000000000000e+00
2.755682727989590930e+01 1.882011493882104247e+01 3.764022987764209516e-02 1.000000000000000000e+00
2.758541320031073951e+01 1.868762019158108245e+01 3.737524038316216574e-02 1.000000000000000000e+00
2.761399912072556972e+01 1.855497273765113064e+01 3.710994547530226811e-02 1.000000000000000000e+00
2.764258504114039994e+01 1.842217366096552311e+01 3.684434732193104384e-02 1.000000000000000000e+00
2.767117096155523015e+01 1.828922404669761548e+01 3.657844809339523551e-02 1.000000000000000000e+00
2.769975688197006036e+01 1.815612498125091889e+01 3.631224996250183995e-02 1.000000000000000000e+00
2.772834280238489058e+01 1.802287755225010457e+01 3.604575510450021281e-02 1.000000000000000000e+00
2.775692872279971724e+01 1.788948284853230319e+01 3.577896569706460334e-02 1.000000000000000000e+00
2.778551464321454745e+01 1.775594196013803128e+01 3.551188392027606472e-02 1.000000000000000000e+00
2.781410056362937766e+01 1.762225597830236623e+01 3.524451195660473907e-02 1.000000000000000000e+00
2.784268648404420787e+01 1.748842599544608944e+01 3.497685199089217711e-02 1.000000000000000000e+00
2.787127240445903809e+01 1.735445310516660200e+01 3.470890621033319995e-02 1.000000000000000000e+00
2.789985832487386830e+01 1.722033840222914591e+01 3.444067680445828811e-02 1.000000000000000000e+00
2.792844424528869851e+01 1.708608298255778024e+01 3.417216596511556820e-02 1.000000000000000000e+00
2.795703016570352872e+01 1.695168794322640338e+01 3.390337588645280648e-02 1.000000000000000000e+00
2.798561608611835538e+01 1.681715438244986771e+01 3.363430876489973548e-02 1.000000000000000000e+00
2.801420200653318560e+01 1.668248339957492377e+01 3.336496679914984637e-02 1.000000000000000000e+00
2.804278792694801581e+01 1.654767609507126380e+01 3.309535219014252821e-02 1.000000000000000000e+00
2.807137384736284602e+01 1.641273357052259740e+01 3.282546714104519342e-02 1.000000000000000000e+00
2.809995976777767623e+01 1.627765692861751390e+01 3.255531385723502841e-02 1.000000000000000000e+00
2.812854568819250645e+01 1.614244727314060412e+01 3.228489454628120925e-02 1.000000000000000000e+00
2.815713160860733666e+01 1.600710570896338680e+01 3.201421141792678421e-02 1.000000000000000000e+00
2.818571752902216687e+01 1.587163334203522957e+01 3.174326668407045915e-02 1.000000000000000000e+00
2.821430344943699353e+01 1.573603127937441926e+01 3.147206255874884090e-02 1.000000000000000000e+00
2.824288936985182374e+01 1.560030062905901005e+01 3.120060125811802143e-02 1.000000000000000000e+00
2.827147529026665396e+01 1.546444250021781563e+01 3.092888500043563041e-02 1.000000000000000000e+00
2.830006121068148417e+01 1.532845800302140304e+01 3.065691600604280795e-02 1.000000000000000000e+00
2.832864713109631438e+01 1.519234824867287870e+01 3.038469649734576103e-02 1.000000000000000000e+00
2.835723305151114459e+01 1.505611434939896398e+01 3.011222869879792707e-02 1.000000000000000000e+00
2.838581897192597481e+01 1.491975741844082926e+01 2.983951483688165873e-02 1.000000000000000000e+00
2.841440489234080502e+01 1.478327857004494739e+01 2.956655714008989480e-02 1.000000000000000000e+00
2.844299081275563523e+01 1.464667891945411782e+01 2.929335783890823705e-02 1.000000000000000000e+00
2.847157673317046189e+01 1.450995958289822951e+01 2.901991916579645461e-02 1.000000000000000000e+00
2.850016265358529211e+01 1.437312167758517845e+01 2.874624335517035958e-02 1.000000000000000000e+00
2.852874857400012232e+01 1.423616632169182417e+01 2.847233264338365488e-02 1.000000000000000000e+00
2.855733449441495253e+01 1.409909463435469235e+01 2.819818926870938658e-02 1.000000000000000000e+00
2.858592041482978274e+01 1.396190773566097221e+01 2.792381547132194441e-02 1.000000000000000000e+00
2.861450633524461296e+01 1.382460674663931322e+01 2.764921349327862515e-02 1.000000000000000000e+00
2.864309225565944317e+01 1.368719278925059513e+01 2.737438557850118900e-02 1.000000000000000000e+00
2.867167817607427338e+01 1.354966698637890588e+01 2.709933397275781156e-02 1.000000000000000000e+00
2.870026409648910004e+01 1.341203046182222458e+01 2.682406092364444938e-02 1.000000000000000000e+00
2.872885001690393025e+01 1.327428434028328930e+01 2.654856868056658381e-02 1.000000000000000000e+00
2.875743593731876047e+01 1.313642974736049318e+01 2.627285949472098550e-02 1.000000000000000000e+00
2.878602185773359068e+01 1.299846780953850001e+01 2.599693561907700026e-02 1.000000000000000000e+00
2.881460777814842089e+01 1.286039965417923270e+01 2.572079930835846628e-02 1.000000000000000000e+00
2.884319369856325110e+01 1.272222640951256523e+01 2.544445281902513178e-02 1.000000000000000000e+00
2.887177961897808132e+01 1.258394920462705002e+01 2.516789840925410388e-02 1.000000000000000000e+00
2.890036553939291153e+01 1.244556916946083902e+01 2.489113833892167907e-02 1.000000000000000000e+00
2.892895145980773819e+01 1.230708743479230804e+01 2.461417486958461520e-02 1.000000000000000000e+00
2.895753738022256840e+01 1.216850513223086416e+01 2.433701026446173296e-02 1.000000000000000000e+00
2.898612330063739861e+01 1.202982339420778857e+01 2.405964678841557985e-02 1.000000000000000000e+00
2.901470922105222883e+01 1.189104335396680234e+01 2.378208670793360846e-02 1.000000000000000000e+00
2.904329514146705904e+01 1.175216614555498396e+01 2.350433229110996877e-02 1.000000000000000000e+00
2.907188106188188925e+01 1.161319290381341851e+01 2.322638580762683563e-02 1.000000000000000000e+00
2.910046698229671946e+01 1.147412476436786655e+01 2.294824952873572924e-02 1.000000000000000000e+00
2.912905290271154968e+01 1.133496286361963890e+01 2.266992572723927971e-02 1.000000000000000000e+00
2.915763882312637634e+01 1.119570833873615889e+01 2.239141667747231862e-02 1.000000000000000000e+00
2.918622474354120655e+01 1.105636232764172533e+01 2.211272465528345277e-02 1.000000000000000000e+00
2.921481066395603676e+01 1.091692596900829137e+01 2.183385193801658242e-02 1.000000000000000000e+00
2.924339658437086698e+01 1.077740040224599127e+01 2.155480080449198588e-02 1.000000000000000000e+00
2.927198250478569719e+01 1.063778676749401342e+01 2.127557353498802858e-02 1.000000000000000000e+00
2.930056842520052740e+01 1.049808620561117500e+01 2.099617241122234829e-02 1.000000000000000000e+00
2.932915434561535761e+01 1.035829985816656951e+01 2.071659971633313738e-02 1.000000000000000000e+00
2.935774026603018783e+01 1.021842886743037226e+01 2.043685773486074442e-02 1.000000000000000000e+00
2.938632618644501804e+01 1.007847437636434407e+01 2.015694875272868933e-02 1.000000000000000000e+00
2.941491210685984470e+01 9.938437528612652727e+00 1.987687505722530654e-02 1.000000000000000000e+00
2.944349802727467491e+01 9.798319468492385553e+00 1.959663893698477405e-02 1.000000000000000000e+00
2.947208394768950512e+01 9.658121340984262559e+00 1.931624268196852415e-02 1.000000000000000000e+00
2.950066986810433534e+01 9.517844291723312367e+00 1.903568858344662634e-02 1.000000000000000000e+00
2.952925578851916555e+01 9.377489466989487710e+00 1.875497893397897603e-02 1.000000000000000000e+00
2.955784170893399576e+01 9.237058013698211667e+00 1.847411602739642417e-02 1.000000000000000000e+00
2.958642762934882597e+01 9.096551079391174355e+00 1.819310215878234757e-02 1.000000000000000000e+00
2.961501354976365619e+01 8.955969812226772575e+00 1.791193962445354268e-02 1.000000000000000000e+00
2.964359947017848285e+01 8.815315360970904734e+00 1.763063072194180972e-02 1.000000000000000000e+00
2.967218539059331306e+01 8.674588874987430032e+00 1.734917774997486034e-02 1.000000000000000000e+00
2.970077131100814327e+01 8.533791504228844360e+00 1.706758300845768669e-02 1.000000000000000000e+00
2.972935723142297348e+01 8.392924399226924237e+00 1.678584879845384722e-02 1.000000000000000000e+00
2.975794315183780370e+01 8.251988711083281913e+00 1.650397742216656513e-02 1.000000000000000000e+00
2.978652907225263391e+01 8.110985591459895616e+00 1.622197118291978865e-02 1.000000000000000000e+00
2.981511499266746412e+01 7.969916192569849400e+00 1.593983238513969544e-02 1.000000000000000000e+00
2.984370091308229433e+01 7.828781667167739933e+00 1.565756333433548225e-02 1.000000000000000000e+00
2.987228683349712099e+01 7.687583168540446543e+00 1.537516633708089359e-02 1.000000000000000000e+00
2.990087275391195121e+01 7.546321850497529127e+00 1.509264370099505995e-02 1.000000000000000000e+00
2.992945867432678142e+01 7.404998867361889836e+00 1.480999773472378017e-02 1.000000000000000000e+00
2.995804459474161163e+01 7.263615373960366384e+00 1.452723074792073438e-02 1.000000000000000000e+00
2.998663051515644185e+01 7.122172525614263172e+00 1.424434505122852690e-02 1.000000000000000000e+00
3.001521643557127206e+01 6.980671478129838903e+00 1.396134295625967893e-02 1.000000000000000000e+00
3.004380235598610227e+01 6.839113387789017118e+00 1.367822677557803401e-02 1.000000000000000000e+00
3.007238827640093248e+01 6.697499411339759234e+00 1.339499882267951997e-02 1.000000000000000000e+00
3.010097419681575914e+01 6.555830705986794626e+00 1.311166141197358907e-02 1.000000000000000000e+00
3.012956011723058936e+01 6.414108429382002541e+00 1.282821685876400601e-02 1.000000000000000000e+00
3.015814603764541957e+01 6.272333739615023163e+00 1.254466747923004694e-02 1.000000000000000000e+00
3.018673195806024978e+01 6.130507795203840260e+00 1.226101559040767945e-02 1.000000000000000000e+00
3.021531787847507999e+01 5.988631755085259023e+00 1.197726351017051882e-02 1.000000000000000000e+00
3.024390379888991021e+01 5.846706778605387456e+00 1.169341355721077551e-02 1.000000000000000000e+00
3.027248971930474042e+01 5.704734025510300732e+00 1.140946805102060341e-02 1.000000000000000000e+00
3.030107563971957063e+01 5.562714655936398245e+00 1.112542931187279760e-02 1.000000000000000000e+00
3.032966156013440084e+01 5.420649830401070624e+00 1.084129966080214259e-02 1.000000000000000000e+00
3.035824748054922750e+01 5.278540709793180241e+00 1.055708141958635986e-02 1.000000000000000000e+00
3.038683340096405772e+01 5.136388455363410266e+00 1.027277691072682117e-02 1.000000000000000000e+00
3.041541932137888793e+01 4.994194228715051587e+00 9.988388457430103298e-03 1.000000000000000000e+00
3.044400524179371814e+01 4.851959191794349202e+00 9.703918383588699612e-03 1.000000000000000000e+00
3.047259116220854835e+01 4.709684506880963184e+00 9.419369013761925979e-03 1.000000000000000000e+00
3.050117708262337857e+01 4.567371336578628593e+00 9.134742673157258616e-03 1.000000000000000000e+00
3.052976300303820878e+01 4.425020843805477888e+00 8.850041687610955485e-03 1.000000000000000000e+00
3.055834892345303899e+01 4.282634191784690181e+00 8.565268383569380264e-03 1.000000000000000000e+00
3.058693484386786565e+01 4.140212544034943321e+00 8.280425088069887432e-03 1.000000000000000000e+00
3.061552076428269586e+01 3.997757064360754509e+00 7.995514128721509586e-03 1.000000000000000000e+00
3.064410668469752608e+01 3.855268916843230809e+00 7.710537833686460958e-03 1.000000000000000000e+00
3.067269260511235629e+01 3.712749265830402656e+00 7.425498531660804785e-03 1.000000000000000000e+00
3.070127852552718650e+01 3.570199275927666616e+00 7.140398551855333190e-03 1.000000000000000000e+00
3.072986444594201672e+01 3.427620111988425755e+00 6.855240223976852981e-03 1.000000000000000000e+00
3.075845036635684693e+01 3.285012939104390739e+00 6.570025878208781041e-03 1.000000000000000000e+00
3.078703628677167714e+01 3.142378922596211765e+00 6.284757845192424051e-03 1.000000000000000000e+00
3.081562220718650380e+01 2.999719228003918658e+00 5.999438456007837560e-03 1.000000000000000000e+00
3.084420812760133401e+01 2.857035021077236614e+00 5.714070042154472534e-03 1.000000000000000000e+00
3.087279404801616423e+01 2.714327467766326940e+00 5.428654935532652853e-03 1.000000000000000000e+00
3.090137996843099444e+01 2.571597734212104580e+00 5.143195468424208855e-03 1.000000000000000000e+00
3.092996588884582465e+01 2.428846986736666214e+00 4.857693973473332927e-03 1.000000000000000000e+00
3.095855180926065486e+01 2.286076391833912425e+00 4.572152783667824544e-03 1.000000000000000000e+00
3.098713772967548508e+01 2.143287116159839023e+00 4.286574232319677845e-03 1.000000000000000000e+00
3.101572365009031529e+01 2.000480326523159214e+00 4.000960653046318864e-03 1.000000000000000000e+00
3.104430957050514195e+01 1.857657189875725035e+00 3.715314379751449847e-03 1.000000000000000000e+00
3.107289549091997216e+01 1.714818873302834445e+00 3.429637746605668919e-03 1.000000000000000000e+00
3.110148141133480237e+01 1.571966544013963629e+00 3.143933088027927626e-03 1.000000000000000000e+00
3.113006733174963259e+01 1.429101369333070970e+00 2.858202738666142367e-03 1.000000000000000000e+00
3.115865325216446280e+01 1.286224516689015163e+00 2.572449033378030464e-03 1.000000000000000000e+00
3.118723917257929301e+01 1.143337153606170942e+00 2.286674307212341762e-03 1.000000000000000000e+00
3.121582509299412322e+01 1.000440447694709745e+00 2.000880895389419746e-03 1.000000000000000000e+00
3.124441101340895344e+01 8.575355666412165512e-01 1.715071133282433137e-03 1.000000000000000000e+00
3.127299693382378365e+01 7.146236781990786824e-01 1.429247356398157323e-03 1.000000000000000000e+00
3.130158285423861031e+01 5.717059501789004683e-01 1.143411900357800895e-03 1.000000000000000000e+00
3.133016877465344052e+01 4.287835504390046792e-01 8.575671008780093394e-04 1.000000000000000000e+00
3.135875469506827073e+01 2.858576468759559952e-01 5.717152937519119930e-04 1.000000000000000000e+00
3.138734061548310095e+01 1.429294074148617921e-01 2.858588148297235509e-04 1.000000000000000000e+00
3.141592653589793116e+01 6.123233995736765296e-15 1.224646799147353269e-17 1.000000000000000000e+00
3.144451245631276137e+01 -1.429294074148717564e-01 -2.858588148297435002e-04 1.000000000000000000e+00
3.147309837672759159e+01 -2.858576468759659317e-01 -5.717152937519319423e-04 1.000000000000000000e+00
3.150168429714242180e+01 -4.287835504390145602e-01 -8.575671008780290719e-04 1.000000000000000000e+00
3.153027021755724846e+01 -5.717059501788880338e-01 -1.143411900357776392e-03 1.000000000000000000e+00
3.155885613797207867e+01 -7.146236781990886744e-01 -1.429247356398177272e-03 1.000000000000000000e+00
3.158744205838690888e+01 -8.575355666412265432e-01 -1.715071133282453086e-03 1.000000000000000000e+00
3.161602797880173910e+01 -1.000440447694719959e+00 -2.000880895389439695e-03 1.000000000000000000e+00
3.164461389921656931e+01 -1.143337153606158729e+00 -2.286674307212317476e-03 1.000000000000000000e+00
3.167319981963139952e+01 -1.286224516689025155e+00 -2.572449033378050847e-03 1.000000000000000000e+00
3.170178574004622973e+01 -1.429101369333081184e+00 -2.858202738666162316e-03 1.000000000000000000e+00
3.173037166046105995e+01 -1.571966544013973621e+00 -3.143933088027947142e-03 1.000000000000000000e+00
3.175895758087588661e+01 -1.714818873302822011e+00 -3.429637746605644199e-03 1.000000000000000000e+00
3.178754350129071682e+01 -1.857657189875712378e+00 -3.715314379751425127e-03 1.000000000000000000e+00
3.181612942170554703e+01 -2.000480326523168983e+00 -4.000960653046337946e-03 1.000000000000000000e+00
3.184471534212037724e+01 -2.143287116159848349e+00 -4.286574232319696927e-03 1.000000000000000000e+00
3.187330126253520746e+01 -2.286076391833899546e+00 -4.572152783667799390e-03 1.000000000000000000e+00
3.190188718295003767e+01 -2.428846986736675984e+00 -4.857693973473352009e-03 1.000000000000000000e+00
3.193047310336486788e+01 -2.571597734212114350e+00 -5.143195468424228804e-03 1.000000000000000000e+00
3.195905902377969809e+01 -2.714327467766336266e+00 -5.428654935532672803e-03 1.000000000000000000e+00
3.198764494419452475e+01 -2.857035021077224179e+00 -5.714070042154448248e-03 1.000000000000000000e+00
3.201623086460935497e+01 -2.999719228003906224e+00 -5.999438456007812406e-03 1.000000000000000000e+00
3.204481678502418873e+01 -3.142378922596243740e+00 -6.284757845192487369e-03 1.000000000000000000e+00
3.207340270543901539e+01 -3.285012939104399621e+00 -6.570025878208800990e-03 1.000000000000000000e+00
3.210198862585384916e+01 -3.427620111988435969e+00 -6.855240223976872063e-03 1.000000000000000000e+00
3.213057454626867582e+01 -3.570199275927675941e+00 -7.140398551855352272e-03 1.000000000000000000e+00
3.215916046668350248e+01 -3.712749265830389334e+00 -7.425498531660779632e-03 1.000000000000000000e+00
3.218774638709833624e+01 -3.855268916843240579e+00 -7.710537833686480907e-03 1.000000000000000000e+00
3.221633230751316290e+01 -3.997757064360742074e+00 -7.995514128721485300e-03 1.000000000000000000e+00
3.224491822792799667e+01 -4.140212544034930886e+00 -8.280425088069863146e-03 1.000000000000000000e+00
3.227350414834282333e+01 -4.282634191784699951e+00 -8.565268383569399346e-03 1.000000000000000000e+00
3.230209006875765709e+01 -4.425020843805509863e+00 -8.850041687611019670e-03 1.000000000000000000e+00
3.233067598917248375e+01 -4.567371336578616159e+00 -9.134742673157232595e-03 1.000000000000000000e+00
3.235926190958731041e+01 -4.709684506880950750e+00 -9.419369013761901693e-03 1.000000000000000000e+00
3.238784783000214418e+01 -4.851959191794358972e+00 -9.703918383588718694e-03 1.000000000000000000e+00
3.241643375041697084e+01 -4.994194228715040040e+00 -9.988388457430080747e-03 1.000000000000000000e+00
3.244501967083180460e+01 -5.136388455363420036e+00 -1.027277691072684025e-02 1.000000000000000000e+00
3.247360559124663126e+01 -5.278540709793167807e+00 -1.055708141958633384e-02 1.000000000000000000e+00
3.250219151166146503e+01 -5.420649830401103486e+00 -1.084129966080220678e-02 1.000000000000000000e+00
3.253077743207629169e+01 -5.562714655936408015e+00 -1.112542931187281668e-02 1.000000000000000000e+00
3.255936335249112545e+01 -5.704734025510311390e+00 -1.140946805102062249e-02 1.000000000000000000e+00
3.258794927290595211e+01 -5.846706778605396337e+00 -1.169341355721079459e-02 1.000000000000000000e+00
3.261653519332077877e+01 -5.988631755085247477e+00 -1.197726351017049454e-02 1.000000000000000000e+00
3.264512111373561254e+01 -6.130507795203849142e+00 -1.226101559040769853e-02 1.000000000000000000e+00
3.267370703415043920e+01 -6.272333739615011616e+00 -1.254466747923002438e-02 1.000000000000000000e+00
3.270229295456527296e+01 -6.414108429381991883e+00 -1.282821685876398346e-02 1.000000000000000000e+00
3.273087887498009962e+01 -6.555830705986783080e+00 -1.311166141197356652e-02 1.000000000000000000e+00
3.275946479539493339e+01 -6.697499411339792985e+00 -1.339499882267958589e-02 1.000000000000000000e+00
3.278805071580976005e+01 -6.839113387789005571e+00 -1.367822677557801320e-02 1.000000000000000000e+00
3.281663663622458671e+01 -6.980671478129827356e+00 -1.396134295625965638e-02 1.000000000000000000e+00
3.284522255663942047e+01 -7.122172525614273830e+00 -1.424434505122854945e-02 1.000000000000000000e+00
3.287380847705424713e+01 -7.263615373960354837e+00 -1.452723074792071183e-02 1.000000000000000000e+00
3.290239439746908090e+01 -7.404998867361899606e+00 -1.480999773472380099e-02 1.000000000000000000e+00
3.293098031788390756e+01 -7.546321850497517580e+00 -1.509264370099503740e-02 1.000000000000000000e+00
3.295956623829874133e+01 -7.687583168540458090e+00 -1.537516633708091440e-02 1.000000000000000000e+00
3.298815215871356799e+01 -7.828781667167751479e+00 -1.565756333433550307e-02 1.000000000000000000e+00
3.301673807912840175e+01 -7.969916192569859170e+00 -1.593983238513971973e-02 1.000000000000000000e+00
3.304532399954322841e+01 -8.110985591459906274e+00 -1.622197118291981294e-02 1.000000000000000000e+00
3.307390991995805507e+01 -8.251988711083269479e+00 -1.650397742216654084e-02 1.000000000000000000e+00
3.310249584037288884e+01 -8.392924399226934895e+00 -1.678584879845387151e-02 1.000000000000000000e+00
3.313108176078771550e+01 -8.533791504228831926e+00 -1.706758300845766588e-02 1.000000000000000000e+00
3.315966768120254926e+01 -8.674588874987419373e+00 -1.734917774997483605e-02 1.000000000000000000e+00
3.318825360161737592e+01 -8.815315360970894076e+00 -1.763063072194178890e-02 1.000000000000000000e+00
3.321683952203220969e+01 -8.955969812226804549e+00 -1.791193962445361207e-02 1.000000000000000000e+00
3.324542544244703635e+01 -9.096551079391163697e+00 -1.819310215878232675e-02 1.000000000000000000e+00
3.327401136286187011e+01 -9.237058013698245418e+00 -1.847411602739649009e-02 1.000000000000000000e+00
3.330259728327669677e+01 -9.377489466989498368e+00 -1.875497893397899685e-02 1.000000000000000000e+00
3.333118320369152343e+01 -9.517844291723301708e+00 -1.903568858344660553e-02 1.000000000000000000e+00
3.335976912410635720e+01 -9.658121340984273218e+00 -1.931624268196854843e-02 1.000000000000000000e+00
3.338835504452118386e+01 -9.798319468492374895e+00 -1.959663893698475323e-02 1.000000000000000000e+00
3.341694096493601762e+01 -9.938437528612663385e+00 -1.987687505722532735e-02 1.000000000000000000e+00
3.344552688535084428e+01 -1.007847437636435295e+01 -2.015694875272870668e-02 1.000000000000000000e+00
3.347411280576567805e+01 -1.021842886743038292e+01 -2.043685773486076870e-02 1.000000000000000000e+00
3.350269872618050471e+01 -1.035829985816657839e+01 -2.071659971633315819e-02 1.000000000000000000e+00
3.353128464659533137e+01 -1.049808620561116435e+01 -2.099617241122232747e-02 1.000000000000000000e+00
3.355987056701016513e+01 -1.063778676749402408e+01 -2.127557353498804593e-02 1.000000000000000000e+00
3.358845648742499179e+01 -1.077740040224598239e+01 -2.155480080449196853e-02 1.000000000000000000e+00
3.361704240783982556e+01 -1.091692596900827894e+01 -2.183385193801655813e-02 1.000000000000000000e+00
3.364562832825465222e+01 -1.105636232764171645e+01 -2.211272465528343195e-02 1.000000000000000000e+00
3.367421424866948598e+01 -1.119570833873616955e+01 -2.239141667747233944e-02 1.000000000000000000e+00
3.370280016908431264e+01 -1.133496286361962824e+01 -2.266992572723925889e-02 1.000000000000000000e+00
3.373138608949914641e+01 -1.147412476436789674e+01 -2.294824952873579516e-02 1.000000000000000000e+00
3.375997200991397307e+01 -1.161319290381342739e+01 -2.322638580762685645e-02 1.000000000000000000e+00
3.378855793032879973e+01 -1.175216614555497330e+01 -2.350433229110994449e-02 1.000000000000000000e+00
3.381714385074363349e+01 -1.189104335396681300e+01 -2.378208670793362928e-02 1.000000000000000000e+00
3.384572977115846015e+01 -1.202982339420777969e+01 -2.405964678841555904e-02 1.000000000000000000e+00
3.387431569157329392e+01 -1.216850513223087660e+01 -2.433701026446175378e-02 1.000000000000000000e+00
3.390290161198812058e+01 -1.230708743479229561e+01 -2.461417486958459439e-02 1.000000000000000000e+00
3.393148753240295434e+01 -1.244556916946084968e+01 -2.489113833892170335e-02 1.000000000000000000e+00
3.396007345281778100e+01 -1.258394920462706068e+01 -2.516789840925412122e-02 1.000000000000000000e+00
3.398865937323261477e+01 -1.272222640951257766e+01 -2.544445281902515607e-02 1.000000000000000000e+00
3.401724529364744143e+01 -1.286039965417924513e+01 -2.572079930835849057e-02 1.000000000000000000e+00
3.404583121406226809e+01 -1.299846780953849112e+01 -2.599693561907698292e-02 1.000000000000000000e+00
3.407441713447710185e+01 -1.313642974736048252e+01 -2.627285949472096468e-02 1.000000000000000000e+00
3.410300305489192851e+01 -1.327428434028327864e+01 -2.654856868056655952e-02 1.000000000000000000e+00
3.413158897530676228e+01 -1.341203046182223524e+01 -2.682406092364447367e-02 1.000000000000000000e+00
3.416017489572158894e+01 -1.354966698637889344e+01 -2.709933397275779074e-02 1.000000000000000000e+00
3.418876081613642270e+01 -1.368719278925062710e+01 -2.737438557850125492e-02 1.000000000000000000e+00
3.421734673655124936e+01 -1.382460674663932387e+01 -2.764921349327864597e-02 1.000000000000000000e+00
3.424593265696607602e+01 -1.396190773566096155e+01 -2.792381547132192360e-02 1.000000000000000000e+00
3.427451857738090979e+01 -1.409909463435470478e+01 -2.819818926870940740e-02 1.000000000000000000e+00
3.430310449779573645e+01 -1.423616632169181351e+01 -2.847233264338363060e-02 1.000000000000000000e+00
3.433169041821057021e+01 -1.437312167758519088e+01 -2.874624335517038387e-02 1.000000000000000000e+00
3.436027633862539687e+01 -1.450995958289821708e+01 -2.901991916579643727e-02 1.000000000000000000e+00
3.438886225904023064e+01 -1.464667891945412848e+01 -2.929335783890825787e-02 1.000000000000000000e+00
3.441744817945505730e+01 -1.478327857004495804e+01 -2.956655714008991909e-02 1.000000000000000000e+00
3.444603409986989107e+01 -1.491975741844084169e+01 -2.983951483688168302e-02 1.000000000000000000e+00
3.447462002028471773e+01 -1.505611434939897464e+01 -3.011222869879795136e-02 1.000000000000000000e+00
3.450320594069954439e+01 -1.519234824867286981e+01 -3.038469649734573674e-02 1.000000000000000000e+00
3.453179186111437815e+01 -1.532845800302139239e+01 -3.065691600604278366e-02 1.000000000000000000e+00
3.456037778152920481e+01 -1.546444250021780675e+01 -3.092888500043561306e-02 1.000000000000000000e+00
3.458896370194403858e+01 -1.560030062905902426e+01 -3.120060125811804572e-02 1.000000000000000000e+00
3.461754962235886524e+01 -1.573603127937441037e+01 -3.147206255874882008e-02 1.000000000000000000e+00
3.464613554277369900e+01 -1.587163334203525977e+01 -3.174326668407052160e-02 1.000000000000000000e+00
3.467472146318852566e+01 -1.600710570896340101e+01 -3.201421141792680503e-02 1.000000000000000000e+00
3.470330738360335232e+01 -1.614244727314059347e+01 -3.228489454628118843e-02 1.000000000000000000e+00
3.473189330401818609e+01 -1.627765692861751745e+01 -3.255531385723504229e-02 1.000000000000000000e+00
3.476047922443301275e+01 -1.641273357052258319e+01 -3.282546714104516566e-02 1.000000000000000000e+00
3.478906514484784651e+01 -1.654767609507127091e+01 -3.309535219014254209e-02 1.000000000000000000e+00
3.481765106526267317e+01 -1.668248339957491311e+01 -3.336496679914982555e-02 1.000000000000000000e+00
3.484623698567750694e+01 -1.681715438244987837e+01 -3.363430876489975629e-02 1.000000000000000000e+00
3.487482290609233360e+01 -1.695168794322641048e+01 -3.390337588645282729e-02 1.000000000000000000e+00
3.490340882650716736e+01 -1.708608298255779445e+01 -3.417216596511558901e-02 1.000000000000000000e+00
3.493199474692199402e+01 -1.722033840222915302e+01 -3.444067680445830198e-02 1.000000000000000000e+00
3.496058066733682068e+01 -1.735445310516659134e+01 -3.470890621033317913e-02 1.000000000000000000e+00
3.498916658775165445e+01 -1.748842599544607879e+01 -3.497685199089216324e-02 1.000000000000000000e+00
3.501775250816648111e+01 -1.762225597830235913e+01 -3.524451195660471131e-02 1.000000000000000000e+00
3.504633842858131487e+01 -1.775594196013804194e+01 -3.551188392027608554e-02 1.000000000000000000e+00
3.507492434899614153e+01 -1.788948284853229254e+01 -3.577896569706458946e-02 1.000000000000000000e+00
3.510351026941097530e+01 -1.802287755225014010e+01 -3.604575510450027526e-02 1.000000000000000000e+00
3.513209618982580196e+01 -1.815612498125092955e+01 -3.631224996250186077e-02 1.000000000000000000e+00
3.516068211024063572e+01 -1.828922404669765100e+01 -3.657844809339529796e-02 1.000000000000000000e+00
3.518926803065546238e+01 -1.842217366096553022e+01 -3.684434732193106465e-02 1.000000000000000000e+00
3.521785395107028904e+01 -1.855497273765112354e+01 -3.710994547530224730e-02 1.000000000000000000e+00
3.524643987148512281e+01 -1.868762019158108956e+01 -3.737524038316218655e-02 1.000000000000000000e+00
3.527502579189994947e+01 -1.882011493882103892e+01 -3.764022987764207434e-02 1.000000000000000000e+00
3.530361171231478323e+01 -1.895245589668448716e+01 -3.790491179336897415e-02 1.000000000000000000e+00
3.533219763272960989e+01 -1.908464198374159437e+01 -3.816928396748318214e-02 1.000000000000000000e+00
3.536078355314444366e+01 -1.921667211982810741e+01 -3.843334423965621971e-02 1.000000000000000000e+00
3.538936947355927032e+01 -1.934854522605407467e+01 -3.869709045210814602e-02 1.000000000000000000e+00
3.541795539397409698e+01 -1.948026022481276698e+01 -3.896052044962553668e-02 1.000000000000000000e+00
3.544654131438893074e+01 -1.961181603978944921e+01 -3.922363207957890036e-02 1.000000000000000000e+00
3.547512723480375740e+01 -1.974321159597008801e+01 -3.948642319194017869e-02 1.000000000000000000e+00
3.550371315521859117e+01 -1.987444581965032242e+01 -3.974889163930064861e-02 1.000000000000000000e+00
3.553229907563341783e+01 -2.000551763844396547e+01 -4.001103527688792960e-02 1.000000000000000000e+00
3.556088499604825159e+01 -2.013642598129214534e+01 -4.027285196258429539e-02 1.000000000000000000e+00
3.558947091646307825e+01 -2.026716977847162937e+01 -4.053433955694326490e-02 1.000000000000000000e+00
3.561805683687791202e+01 -2.039774796160392611e+01 -4.079549592320785151e-02 1.000000000000000000e+00
3.564664275729273868e+01 -2.052815946366376210e+01 -4.105631892732752863e-02 1.000000000000000000e+00
3.567522867770756534e+01 -2.065840321898798848e+01 -4.131680643797598640e-02 1.000000000000000000e+00
3.570381459812239910e+01 -2.078847816328419285e+01 -4.157695632656838169e-02 1.000000000000000000e+00
3.573240051853722576e+01 -2.091838323363933583e+01 -4.183676646727867154e-02 1.000000000000000000e+00
3.576098643895205953e+01 -2.104811736852860804e+01 -4.209623473705721708e-02 1.000000000000000000e+00
3.578957235936688619e+01 -2.117767950782392461e+01 -4.235535901564784628e-02 1.000000000000000000e+00
3.581815827978171995e+01 -2.130706859280273946e+01 -4.261413718560547875e-02 1.000000000000000000e+00
3.584674420019654661e+01 -2.143628356615656116e+01 -4.287256713231312605e-02 1.000000000000000000e+00
3.587533012061138038e+01 -2.156532337199974947e+01 -4.313064674399950255e-02 1.000000000000000000e+00
3.590391604102620704e+01 -2.169418695587790324e+01 -4.338837391175580371e-02 1.000000000000000000e+00
3.593250196144103370e+01 -2.182287326477678491e+01 -4.364574652955357376e-02 1.000000000000000000e+00
3.596108788185586747e+01 -2.195138124713072969e+01 -4.390276249426146304e-02 1.000000000000000000e+00
3.598967380227069413e+01 -2.207970985283114729e+01 -4.415941970566229779e-02 1.000000000000000000e+00
3.601825972268552789e+01 -2.220785803323545338e+01 -4.441571606647090609e-02 1.000000000000000000e+00
3.604684564310035455e+01 -2.233582474117518757e+01 -4.467164948235038263e-02 1.000000000000000000e+00
3.607543156351518832e+01 -2.246360893096498046e+01 -4.492721786192995642e-02 1.000000000000000000e+00
3.610401748393001498e+01 -2.259120955841078171e+01 -4.518241911682156775e-02 1.000000000000000000e+00
3.613260340434484164e+01 -2.271862558081863170e+01 -4.543725116163727096e-02 1.000000000000000000e+00
3.616118932475967540e+01 -2.284585595700304594e+01 -4.569171191400610288e-02 1.000000000000000000e+00
3.618977524517450206e+01 -2.297289964729551670e+01 -4.594579929459104151e-02 1.000000000000000000e+00
3.621836116558933583e+01 -2.309975561355311413e+01 -4.619951122710622832e-02 1.000000000000000000e+00
3.624694708600416249e+01 -2.322642281916682805e+01 -4.645284563833365632e-02 1.000000000000000000e+00
3.627553300641899625e+01 -2.335290022907019747e+01 -4.670580045814039238e-02 1.000000000000000000e+00
3.630411892683382291e+01 -2.347918680974759198e+01 -4.695837361949518896e-02 1.000000000000000000e+00
3.633270484724865668e+01 -2.360528152924287326e+01 -4.721056305848575496e-02 1.000000000000000000e+00
3.636129076766348334e+01 -2.373118335716752370e+01 -4.746236671433505527e-02 1.000000000000000000e+00
3.638987668807831000e+01 -2.385689126470944643e+01 -4.771378252941889386e-02 1.000000000000000000e+00
3.641846260849314376e+01 -2.398240422464109400e+01 -4.796480844928218551e-02 1.000000000000000000e+00
3.644704852890797042e+01 -2.410772121132782431e+01 -4.821544242265565772e-02 1.000000000000000000e+00
3.647563444932280419e+01 -2.423284120073663672e+01 -4.846568240147328122e-02 1.000000000000000000e+00
3.650422036973763085e+01 -2.435776317044406980e+01 -4.871552634088813921e-02 1.000000000000000000e+00
3.653280629015246461e+01 -2.448248609964494449e+01 -4.896497219928989258e-02 1.000000000000000000e+00
3.656139221056729127e+01 -2.460700896916045721e+01 -4.921401793832091975e-02 1.000000000000000000e+00
3.658997813098211793e+01 -2.473133076144665665e+01 -4.946266152289331697e-02 1.000000000000000000e+00
3.661856405139695170e+01 -2.485545046060270735e+01 -4.971090092120541981e-02 1.000000000000000000e+00
3.664714997181177836e+01 -2.497936705237912491e+01 -4.995873410475824838e-02 1.000000000000000000e+00
3.667573589222661212e+01 -2.510307952418619593e+01 -5.020615904837238963e-02 1.000000000000000000e+00
3.670432181264143878e+01 -2.522658686510211723e+01 -5.045317373020424129e-02 1.000000000000000000e+00
3.673290773305627255e+01 -2.534988806588139454e+01 -5.069977613176279013e-02 1.000000000000000000e+00
3.676149365347109921e+01 -2.547298211896293196e+01 -5.094596423792586981e-02 1.000000000000000000e+00
3.679007957388593297e+01 -2.559586801847845905e+01 -5.119173603695691827e-02 1.000000000000000000e+00
3.681866549430075963e+01 -2.571854476026047465e+01 -5.143708952052095107e-02 1.000000000000000000e+00
3.684725141471558629e+01 -2.584101134185080539e+01 -5.168202268370161723e-02 1.000000000000000000e+00
3.687583733513042006e+01 -2.596326676250853538e+01 -5.192653352501707537e-02 1.000000000000000000e+00
3.690442325554524672e+01 -2.608531002321817027e+01 -5.217062004643633483e-02 1.000000000000000000e+00
3.693300917596008048e+01 -2.620714012669807147e+01 -5.241428025339614494e-02 1.000000000000000000e+00
3.696159509637490714e+01 -2.632875607740822588e+01 -5.265751215481645486e-02 1.000000000000000000e+00
3.699018101678974091e+01 -2.645015688155873690e+01 -5.290031376311748329e-02 1.000000000000000000e+00
3.701876693720456757e+01 -2.657134154711770080e+01 -5.314268309423540032e-02 1.000000000000000000e+00
3.704735285761940133e+01 -2.669230908381943479e+01 -5.338461816763887674e-02 1.000000000000000000e+00
3.707593877803422799e+01 -2.681305850317252037e+01 -5.362611700634503653e-02 1.000000000000000000e+00
3.710452469844905465e+01 -2.693358881846787867e+01 -5.386717763693576327e-02 1.000000000000000000e+00
3.713311061886388842e+01 -2.705389904478691676e+01 -5.410779808957383308e-02 1.000000000000000000e+00
3.716169653927871508e+01 -2.717398819900941476e+01 -5.434797639801883240e-02 1.000000000000000000e+00
3.719028245969354884e+01 -2.729385529982172187e+01 -5.458771059964345057e-02 1.000000000000000000e+00
3.721886838010837550e+01 -2.741349936772466478e+01 -5.482699873544932823e-02 1.000000000000000000e+00
3.724745430052320927e+01 -2.753291942504165135e+01 -5.506583885008330820e-02 1.000000000000000000e+00
3.727604022093803593e+01 -2.765211449592647242e+01 -5.530422899185294394e-02 1.000000000000000000e+00
3.730462614135286259e+01 -2.777108360637156892e+01 -5.554216721274313207e-02 1.000000000000000000e+00
3.733321206176769635e+01 -2.788982578421576974e+01 -5.577965156843153749e-02 1.000000000000000000e+00
3.736179798218252301e+01 -2.800834005915218228e+01 -5.601668011830436555e-02 1.000000000000000000e+00
3.739038390259735678e+01 -2.812662546273643116e+01 -5.625325092547286965e-02 1.000000000000000000e+00
3.741896982301218344e+01 -2.824468102839418648e+01 -5.648936205678837391e-02 1.000000000000000000e+00
3.744755574342701721e+01 -2.836250579142937411e+01 -5.672501158285875311e-02 1.000000000000000000e+00
3.747614166384184387e+01 -2.848009878903185665e+01 -5.696019757806371209e-02 1.000000000000000000e+00
3.750472758425667763e+01 -2.859745906028544837e+01 -5.719491812057089786e-02 1.000000000000000000e+00
3.753331350467150429e+01 -2.871458564617561748e+01 -5.742917129235123458e-02 1.000000000000000000e+00
3.756189942508633095e+01 -2.883147758959746199e+01 -5.766295517919492464e-02 1.000000000000000000e+00
3.759048534550116472e+01 -2.894813393536346879e+01 -5.789626787072693626e-02 1.000000000000000000e+00
3.761907126591599138e+01 -2.906455373021127286e+01 -5.812910746042254662e-02 1.000000000000000000e+00
3.764765718633082514e+01 -2.918073602281156198e+01 -5.836147204562313479e-02 1.000000000000000000e+00
3.767624310674565180e+01 -2.929667986377571864e+01 -5.859335972755143340e-02 1.000000000000000000e+00
3.770482902716048557e+01 -2.941238430566371065e+01 -5.882476861132743262e-02 1.000000000000000000e+00
3.773341494757531223e+01 -2.952784840299165126e+01 -5.905569680598330568e-02 1.000000000000000000e+00
3.776200086799014599e+01 -2.964307121223982477e+01 -5.928614242447965282e-02 1.000000000000000000e+00
3.779058678840497265e+01 -2.975805179186000160e+01 -5.951610358372000364e-02 1.000000000000000000e+00
3.781917270881979931e+01 -2.987278920228347090e+01 -5.974557840456694996e-02 1.000000000000000000e+00
3.784775862923463308e+01 -2.998728250592863276e+01 -5.997456501185726568e-02 1.000000000000000000e+00
3.787634454964945974e+01 -3.010153076720844822e+01 -6.020306153441690178e-02 1.000000000000000000e+00
3.790493047006429350e+01 -3.021553305253841160e+01 -6.043106610507682774e-02 1.000000000000000000e+00
3.793351639047912016e+01 -3.032928843034391875e+01 -6.065857686068784616e-02 1.000000000000000000e+00
3.796210231089395393e+01 -3.044279597106805824e+01 -6.088559194213612191e-02 1.000000000000000000e+00
3.799068823130878059e+01 -3.055605474717905778e+01 -6.111210949435811474e-02 1.000000000000000000e+00
3.801927415172360725e+01 -3.066906383317797946e+01 -6.133812766635596964e-02 1.000000000000000000e+00
3.804786007213844101e+01 -3.078182230560625854e+01 -6.156364461121252574e-02 1.000000000000000000e+00
3.807644599255326767e+01 -3.089432924305316064e+01 -6.178865848610631817e-02 1.000000000000000000e+00
3.810503191296810144e+01 -3.100658372616344849e+01 -6.201316745232690608e-02 1.000000000000000000e+00
3.813361783338292810e+01 -3.111858483764477867e+01 -6.223716967528955535e-02 1.000000000000000000e+00
3.816220375379776186e+01 -3.123033166227529378e+01 -6.246066332455059433e-02 1.000000000000000000e+00
3.819078967421258852e+01 -3.134182328691095876e+01 -6.268364657382191618e-02 1.000000000000000000e+00
3.821937559462742229e+01 -3.145305880049327740e+01 -6.290611760098656358e-02 1.000000000000000000e+00
3.824796151504224895e+01 -3.156403729405638714e+01 -6.312807458811277306e-02 1.000000000000000000e+00
3.827654743545707561e+01 -3.167475786073478972e+01 -6.334951572146957366e-02 1.000000000000000000e+00
3.830513335587190937e+01 -3.178521959577069111e+01 -6.357043919154138634e-02 1.000000000000000000e+00
3.833371927628673603e+01 -3.189542159652120290e+01 -6.379084319304240136e-02 1.000000000000000000e+00
3.836230519670156980e+01 -3.200536296246599477e+01 -6.401072592493199653e-02 1.000000000000000000e+00
3.839089111711639646e+01 -3.211504279521444971e+01 -6.423008559042890642e-02 1.000000000000000000e+00
3.841947703753123022e+01 -3.222446019851314958e+01 -6.444892039702629360e-02 1.000000000000000000e+00
3.844806295794605688e+01 -3.233361427825303736e+01 -6.466722855650607060e-02 1.000000000000000000e+00
3.847664887836089065e+01 -3.244250414247692049e+01 -6.488500828495384620e-02 1.000000000000000000e+00
3.850523479877571731e+01 -3.255112890138655501e+01 -6.510225780277310859e-02 1.000000000000000000e+00
3.853382071919054397e+01 -3.265948766735009201e+01 -6.531897533470018558e-02 1.000000000000000000e+00
3.856240663960537773e+01 -3.276757955490923280e+01 -6.553515910981848325e-02 1.000000000000000000e+00
3.859099256002020439e+01 -3.287540368078646225e+01 -6.575080736157293271e-02 1.000000000000000000e+00
3.861957848043503816e+01 -3.298295916389235316e+01 -6.596591832778471443e-02 1.000000000000000000e+00
3.864816440084986482e+01 -3.309024512533257933e+01 -6.618049025066516378e-02 1.000000000000000000e+00
3.867675032126469858e+01 -3.319726068841539757e+01 -6.639452137683080069e-02 1.000000000000000000e+00
3.870533624167952524e+01 -3.330400497865847598e+01 -6.660800995731695762e-02 1.000000000000000000e+00
3.873392216209435190e+01 -3.341047712379626944e+01 -6.682095424759253166e-02 1.000000000000000000e+00
3.876250808250918567e+01 -3.351667625378714632e+01 -6.703335250757429253e-02 1.000000000000000000e+00
3.879109400292401233e+01 -3.362260150082028787e+01 -6.724520300164057995e-02 1.000000000000000000e+00
3.881967992333884609e+01 -3.372825199932303519e+01 -6.745650399864606961e-02 1.000000000000000000e+00
3.884826584375367275e+01 -3.383362688596777446e+01 -6.766725377193553992e-02 1.000000000000000000e+00
3.887685176416850652e+01 -3.393872529967912755e+01 -6.787745059935826331e-02 1.000000000000000000e+00
3.890543768458333318e+01 -3.404354638164088698e+01 -6.808709276328177296e-02 1.000000000000000000e+00
3.893402360499816695e+01 -3.414808927530309290e+01 -6.829617855060618470e-02 1.000000000000000000e+00
3.896260952541299361e+01 -3.425235312638898932e+01 -6.850470625277797765e-02 1.000000000000000000e+00
3.899119544582782027e+01 -3.435633708290204424e+01 -6.871267416580409404e-02 1.000000000000000000e+00
3.901978136624265403e+01 -3.446004029513292721e+01 -6.892008059026587252e-02 1.000000000000000000e+00
3.904836728665748069e+01 -3.456346191566635895e+01 -6.912692383133271778e-02 1.000000000000000000e+00
3.907695320707231446e+01 -3.466660109938818124e+01 -6.933320219877635304e-02 1.000000000000000000e+00
3.910553912748714112e+01 -3.476945700349203605e+01 -6.953891400698407332e-02 1.000000000000000000e+00
3.913412504790197488e+01 -3.487202878748659174e+01 -6.974405757497319225e-02 1.000000000000000000e+00
3.916271096831680154e+01 -3.497431561320204452e+01 -6.994863122640408715e-02 1.000000000000000000e+00
3.919129688873162820e+01 -3.507631664479722389e+01 -7.015263328959445155e-02 1.000000000000000000e+00
3.921988280914646197e+01 -3.517803104876637832e+01 -7.035606209753275664e-02 1.000000000000000000e+00
3.924846872956128863e+01 -3.527945799394581883e+01 -7.055891598789164332e-02 1.000000000000000000e+00
3.927705464997612239e+01 -3.538059665152097466e+01 -7.076119330304195265e-02 1.000000000000000000e+00
3.930564057039094905e+01 -3.548144619503290897e+01 -7.096289239006582650e-02 1.000000000000000000e+00
3.933422649080578282e+01 -3.558200580038530347e+01 -7.116401160077061305e-02 1.000000000000000000e+00
3.936281241122060948e+01 -3.568227464585098829e+01 -7.136454929170198136e-02 1.000000000000000000e+00
3.939139833163544324e+01 -3.578225191207882006e+01 -7.156450382415763256e-02 1.000000000000000000e+00
3.941998425205026990e+01 -3.588193678210025439e+01 -7.176387356420051156e-02 1.000000000000000000e+00
3.944857017246509656e+01 -3.598132844133611030e+01 -7.196265688267222682e-02 1.000000000000000000e+00
3.947715609287993033e+01 -3.608042607760321374e+01 -7.216085215520642859e-02 1.000000000000000000e+00
3.950574201329475699e+01 -3.617922888112092039e+01 -7.235845776224185399e-02 1.000000000000000000e+00
3.953432793370959075e+01 -3.627773604451795819e+01 -7.255547208903591339e-02 1.000000000000000000e+00
3.956291385412441741e+01 -3.637594676283870854e+01 -7.275189352567741630e-02 1.000000000000000000e+00
3.959149977453925118e+01 -3.647386023355019802e+01 -7.294772046710039370e-02 1.000000000000000000e+00
3.962008569495407784e+01 -3.657147565654818777e+01 -7.314295131309637987e-02 1.000000000000000000e+00
3.964867161536891160e+01 -3.666879223416414391e+01 -7.333758446832829014e-02 1.000000000000000000e+00
3.967725753578373826e+01 -3.676580917117142633e+01 -7.353161834234285543e-02 1.000000000000000000e+00
3.970584345619856492e+01 -3.686252567479198916e+01 -7.372505134958398654e-02 1.000000000000000000e+00
3.973442937661339869e+01 -3.695894095470280405e+01 -7.391788190940561110e-02 1.000000000000000000e+00
3.976301529702822535e+01 -3.705505422304222662e+01 -7.411010844608444115e-02 1.000000000000000000e+00
3.979160121744305911e+01 -3.715086469441659744e+01 -7.430172938883319866e-02 1.000000000000000000e+00
3.982018713785788577e+01 -3.724637158590651609e+01 -7.449274317181303617e-02 1.000000000000000000e+00
3.984877305827271954e+01 -3.734157411707334973e+01 -7.468314823414670678e-02 1.000000000000000000e+00
3.987735897868754620e+01 -3.743647150996549300e+01 -7.487294301993099865e-02 1.000000000000000000e+00
3.990594489910237286e+01 -3.753106298912486238e+01 -7.506212597824972466e-02 1.000000000000000000e+00
3.993453081951720662e+01 -3.762534778159312054e+01 -7.525069556318625397e-02 1.000000000000000000e+00
3.996311673993203328e+01 -3.771932511691802858e+01 -7.543865023383605761e-02 1.000000000000000000e+00
3.999170266034686705e+01 -3.781299422715979830e+01 -7.562598845431960093e-02 1.000000000000000000e+00
4.002028858076169371e+01 -3.790635434689720284e+01 -7.581270869379441724e-02 1.000000000000000000e+00
4.004887450117652747e+01 -3.799940471323409241e+01 -7.599880942646819459e-02 1.000000000000000000e+00
4.007746042159135413e+01 -3.809214456580537700e+01 -7.618428913161076621e-02 1.000000000000000000e+00
4.010604634200618790e+01 -3.818457314678337866e+01 -7.636914629356678086e-02 1.000000000000000000e+00
4.013463226242101456e+01 -3.827668970088395639e+01 -7.655337940176791534e-02 1.000000000000000000e+00
4.016321818283584122e+01 -3.836849347537278732e+01 -7.673698695074557263e-02 1.000000000000000000e+00
4.019180410325067498e+01 -3.845998372007135657e+01 -7.691996744014271969e-02 1.000000000000000000e+00
4.022039002366550164e+01 -3.855115968736318877e+01 -7.710231937472637742e-02 1.000000000000000000e+00
4.024897594408033541e+01 -3.864202063220002259e+01 -7.728404126440005517e-02 1.000000000000000000e+00
4.027756186449516207e+01 -3.873256581210766569e+01 -7.746513162421533871e-02 1.000000000000000000e+00
4.030614778490999583e+01 -3.882279448719236825e+01 -7.764558897438472718e-02 1.000000000000000000e+00
4.033473370532482249e+01 -3.891270592014659258e+01 -7.782541184029319326e-02 1.000000000000000000e+00
4.036331962573965626e+01 -3.900229937625523746e+01 -7.800459875251047892e-02 1.000000000000000000e+00
4.039190554615448292e+01 -3.909157412340149307e+01 -7.818314824680298869e-02 1.000000000000000000e+00
4.042049146656930958e+01 -3.918052943207298711e+01 -7.836105886414597432e-02 1.000000000000000000e+00
4.044907738698414335e+01 -3.926916457536758287e+01 -7.853832915073516441e-02 1.000000000000000000e+00
4.047766330739897001e+01 -3.935747882899935490e+01 -7.871495765799871314e-02 1.000000000000000000e+00
4.050624922781380377e+01 -3.944547147130466414e+01 -7.889094294260932949e-02 1.000000000000000000e+00
4.053483514822863043e+01 -3.953314178324782091e+01 -7.906628356649564315e-02 1.000000000000000000e+00
4.056342106864346420e+01 -3.962048904842712460e+01 -7.924097809685426430e-02 1.000000000000000000e+00
4.059200698905829086e+01 -3.970751255308062611e+01 -7.941502510616124666e-02 1.000000000000000000e+00
4.062059290947311752e+01 -3.979421158609205378e+01 -7.958842317218411955e-02 1.000000000000000000e+00
4.064917882988795128e+01 -3.988058543899653330e+01 -7.976117087799307337e-02 1.000000000000000000e+00
4.067776475030277794e+01 -3.996663340598639280e+01 -7.993326681197278349e-02 1.000000000000000000e+00
4.070635067071761171e+01 -4.005235478391704618e+01 -8.010470956783410923e-02 1.000000000000000000e+00
4.073493659113243837e+01 -4.013774887231249267e+01 -8.027549774462498788e-02 1.000000000000000000e+00
4.076352251154727213e+01 -4.022281497337132805e+01 -8.044562994674266110e-02 1.000000000000000000e+00
4.079210843196209879e+01 -4.030755239197225137e+01 -8.061510478394451340e-02 1.000000000000000000e+00
4.082069435237693256e+01 -4.039196043567980610e+01 -8.078392087135961852e-02 1.000000000000000000e+00
4.084928027279175922e+01 -4.047603841475002184e+01 -8.095207682950004979e-02 1.000000000000000000e+00
4.087786619320658588e+01 -4.055978564213613424e+01 -8.111957128427227381e-02 1.000000000000000000e+00
4.090645211362141964e+01 -4.064320143349404901e+01 -8.128640286698810002e-02 1.000000000000000000e+00
4.093503803403624630e+01 -4.072628510718802630e+01 -8.145257021437606049e-02 1.000000000000000000e+00
4.096362395445108007e+01 -4.080903598429632950e+01 -8.161807196859266478e-02 1.000000000000000000e+00
4.099220987486590673e+01 -4.089145338861656853e+01 -8.178290677723314139e-02 1.000000000000000000e+00
4.102079579528074049e+01 -4.097353664667139839e+01 -8.194707329334280366e-02 1.000000000000000000e+00
4.104938171569556715e+01 -4.105528508771393348e+01 -8.211057017542787440e-02 1.000000000000000000e+00
4.107796763611039381e+01 -4.113669804373333250e+01 -8.227339608746667143e-02 1.000000000000000000e+00
4.110655355652522758e+01 -4.121777484946009196e+01 -8.243554969892019635e-02 1.000000000000000000e+00
4.113513947694005424e+01 -4.129851484237161685e+01 -8.259702968474325058e-02 1.000000000000000000e+00
4.116372539735488800e+01 -4.137891736269764920e+01 -8.275783472539530172e-02 1.000000000000000000e+00
4.119231131776971466e+01 -4.145898175342544789e+01 -8.291796350685089190e-02 1.000000000000000000e+00
4.122089723818454843e+01 -4.153870736030548017e+01 -8.307741472061097587e-02 1.000000000000000000e+00
4.124948315859937509e+01 -4.161809353185651617e+01 -8.323618706371303799e-02 1.000000000000000000e+00
4.127806907901420885e+01 -4.169713961937105040e+01 -8.339427923874209725e-02 1.000000000000000000e+00
4.130665499942903551e+01 -4.177584497692053844e+01 -8.355168995384108788e-02 1.000000000000000000e+00
4.133524091984386217e+01 -4.185420896136085389e+01 -8.370841792272171178e-02 1.000000000000000000e+00
4.136382684025869594e+01 -4.193223093233729770e+01 -8.386446186467459707e-02 1.000000000000000000e+00
4.139241276067352260e+01 -4.200991025228996989e+01 -8.401982050457994233e-02 1.000000000000000000e+00
4.142099868108835636e+01 -4.208724628645901333e+01 -8.417449257291803599e-02 1.000000000000000000e+00
4.144958460150318302e+01 -4.216423840288969416e+01 -8.432847680577938709e-02 1.000000000000000000e+00
4.147817052191801679e+01 -4.224088597243762422e+01 -8.448177194487524466e-02 1.000000000000000000e+00
4.150675644233284345e+01 -4.231718836877387702e+01 -8.463437673754775625e-02 1.000000000000000000e+00
4.153534236274767721e+01 -4.239314496839022439e+01 -8.478628993678044568e-02 1.000000000000000000e+00
4.156392828316250387e+01 -4.246875515060396111e+01 -8.493751030120791357e-02 1.000000000000000000e+00
4.159251420357733053e+01 -4.254401829756326237e+01 -8.508803659512653716e-02 1.000000000000000000e+00
4.162110012399216430e+01 -4.261893379425218598e+01 -8.523786758850437906e-02 1.000000000000000000e+00
4.164968604440699096e+01 -4.269350102849540463e+01 -8.538700205699081835e-02 1.000000000000000000e+00
4.167827196482182472e+01 -4.276771939096365571e+01 -8.553543878192731986e-02 1.000000000000000000e+00
4.170685788523665138e+01 -4.284158827517838120e+01 -8.568317655035675995e-02 1.000000000000000000e+00
4.173544380565148515e+01 -4.291510707751680798e+01 -8.583021415503362672e-02 1.000000000000000000e+00
4.176402972606631181e+01 -4.298827519721689328e+01 -8.597655039443378999e-02 1.000000000000000000e+00
4.179261564648113847e+01 -4.306109203638222738e+01 -8.612218407276446552e-02 1.000000000000000000e+00
4.182120156689597223e+01 -4.313355699998689374e+01 -8.626711399997377683e-02 1.000000000000000000e+00
4.184978748731079889e+01 -4.320566949588027938e+01 -8.641133899176056676e-02 1.000000000000000000e+00
4.187837340772563266e+01 -4.327742893479209130e+01 -8.655485786958418137e-02 1.000000000000000000e+00
4.190695932814045932e+01 -4.334883473033696788e+01 -8.669766946067394842e-02 1.000000000000000000e+00
4.193554524855529309e+01 -4.341988629901941010e+01 -8.683977259803882243e-02 1.000000000000000000e+00
4.196413116897011975e+01 -4.349058306023842135e+01 -8.698116612047684937e-02 1.000000000000000000e+00
4.199271708938495351e+01 -4.356092443629247413e+01 -8.712184887258495047e-02 1.000000000000000000e+00
4.202130300979978017e+01 -4.363090985238389408e+01 -8.726181970476779015e-02 1.000000000000000000e+00
4.204988893021460683e+01 -4.370053873662390487e+01 -8.740107747324782350e-02 1.000000000000000000e+00
4.207847485062944060e+01 -4.376981052003713302e+01 -8.753962104007426137e-02 1.000000000000000000e+00
4.210706077104426726e+01 -4.383872463656614116e+01 -8.767744927313228520e-02 1.000000000000000000e+00
4.213564669145910102e+01 -4.390728052307633789e+01 -8.781456104615267821e-02 1.000000000000000000e+00
4.216423261187392768e+01 -4.397547761936033339e+01 -8.795095523872066556e-02 1.000000000000000000e+00
4.219281853228876145e+01 -4.404331536814262904e+01 -8.808663073628525408e-02 1.000000000000000000e+00
4.222140445270358811e+01 -4.411079321508412932e+01 -8.822158643016825286e-02 1.000000000000000000e+00
4.224999037311842187e+01 -4.417791060878675324e+01 -8.835582121757351581e-02 1.000000000000000000e+00
4.227857629353324853e+01 -4.424466700079781845e+01 -8.848933400159564311e-02 1.000000000000000000e+00
4.230716221394807519e+01 -4.431106184561459571e+01 -8.862212369122919597e-02 1.000000000000000000e+00
4.233574813436290896e+01 -4.437709460068878542e+01 -8.875418920137757850e-02 1.000000000000000000e+00
4.236433405477773562e+01 -4.444276472643089448e+01 -8.888552945286179452e-02 1.000000000000000000e+00
4.239291997519256938e+01 -4.450807168621466303e+01 -8.901614337242931552e-02 1.000000000000000000e+00
4.242150589560739604e+01 -4.457301494638143424e+01 -8.914602989276287914e-02 1.000000000000000000e+00
4.245009181602222981e+01 -4.463759397624465919e+01 -8.927518795248932937e-02 1.000000000000000000e+00
4.247867773643705647e+01 -4.470180824809392561e+01 -8.940361649618787376e-02 1.000000000000000000e+00
4.250726365685188313e+01 -4.476565723719961909e+01 -8.953131447439922896e-02 1.000000000000000000e+00
4.253584957726671689e+01 -4.482914042181699443e+01 -8.965828084363398898e-02 1.000000000000000000e+00
4.256443549768154355e+01 -4.489225728319043185e+01 -8.978451456638086858e-02 1.000000000000000000e+00
4.259302141809637732e+01 -4.495500730555782809e+01 -8.991001461111566839e-02 1.000000000000000000e+00
4.262160733851120398e+01 -4.501738997615468918e+01 -9.003477995230937947e-02 1.000000000000000000e+00
4.265019325892603774e+01 -4.507940478521832972e+01 -9.015880957043666266e-02 1.000000000000000000e+00
4.267877917934086440e+01 -4.514105122599206510e+01 -9.028210245198413364e-02 1.000000000000000000e+00
4.270736509975569817e+01 -4.520232879472938947e+01 -9.040465758945878672e-02 1.000000000000000000e+00
4.273595102017052483e+01 -4.526323699069801165e+01 -9.052647398139603008e-02 1.000000000000000000e+00
4.276453694058535149e+01 -4.532377531618396915e+01 -9.064755063236795696e-02 1.000000000000000000e+00
4.279312286100018525e+01 -4.538394327649579196e+01 -9.076788655299158903e-02 1.000000000000000000e+00
4.282170878141501191e+01 -4.544374037996836790e+01 -9.088748075993674513e-02 1.000000000000000000e+00
4.285029470182984568e+01 -4.550316613796713483e+01 -9.100633227593427077e-02 1.000000000000000000e+00
4.287888062224467234e+01 -4.556222006489191045e+01 -9.112444012978382357e-02 1.000000000000000000e+00
4.290746654265950610e+01 -4.562090167818106323e+01 -9.124180335636211669e-02 1.000000000000000000e+00
4.293605246307433276e+01 -4.567921049831520719e+01 -9.135842099663041282e-02 1.000000000000000000e+00
4.296463838348915942e+01 -4.573714604882133727e+01 -9.147429209764268432e-02 1.000000000000000000e+00
4.299322430390399319e+01 -4.579470785627667340e+01 -9.158941571255335701e-02 1.000000000000000000e+00
4.302181022431881985e+01 -4.585189545031236236e+01 -9.170379090062474869e-02 1.000000000000000000e+00
4.305039614473365361e+01 -4.590870836361757767e+01 -9.181741672723514602e-02 1.000000000000000000e+00
4.307898206514848027e+01 -4.596514613194312915e+01 -9.193029226388627073e-02 1.000000000000000000e+00
4.310756798556331404e+01 -4.602120829410539216e+01 -9.204241658821078753e-02 1.000000000000000000e+00
4.313615390597814070e+01 -4.607689439198997405e+01 -9.215378878397995077e-02 1.000000000000000000e+00
4.316473982639297446e+01 -4.613220397055557243e+01 -9.226440794111115395e-02 1.000000000000000000e+00
4.319332574680780112e+01 -4.618713657783757753e+01 -9.237427315567517394e-02 1.000000000000000000e+00
4.322191166722262778e+01 -4.624169176495183109e+01 -9.248338352990365108e-02 1.000000000000000000e+00
4.325049758763746155e+01 -4.629586908609828555e+01 -9.259173817219656932e-02 1.000000000000000000e+00
4.327908350805228821e+01 -4.634966809856464920e+01 -9.269933619712929229e-02 1.000000000000000000e+00
4.330766942846712197e+01 -4.640308836272996018e+01 -9.280617672545993235e-02 1.000000000000000000e+00
4.333625534888194863e+01 -4.645612944206823869e+01 -9.291225888413648382e-02 1.000000000000000000e+00
4.336484126929678240e+01 -4.650879090315208231e+01 -9.301758180630415040e-02 1.000000000000000000e+00
4.339342718971160906e+01 -4.656107231565600557e+01 -9.312214463131202047e-02 1.000000000000000000e+00
4.342201311012644283e+01 -4.661297325236028399e+01 -9.322594650472057487e-02 1.000000000000000000e+00
4.345059903054126949e+01 -4.666449328915417283e+01 -9.332898657830834832e-02 1.000000000000000000e+00
4.347918495095609615e+01 -4.671563200503944557e+01 -9.343126401007889603e-02 1.000000000000000000e+00
4.350777087137092991e+01 -4.676638898213393247e+01 -9.353277796426787138e-02 1.000000000000000000e+00
4.353635679178575657e+01 -4.681676380567479612e+01 -9.363352761134960400e-02 1.000000000000000000e+00
4.356494271220059034e+01 -4.686675606402202021e+01 -9.373351212804405252e-02 1.000000000000000000e+00
4.359352863261541700e+01 -4.691636534866169228e+01 -9.383273069732339655e-02 1.000000000000000000e+00
4.362211455303025076e+01 -4.696559125420946401e+01 -9.393118250841893391e-02 1.000000000000000000e+00
4.365070047344507742e+01 -4.701443337841369186e+01 -9.402886675682739503e-02 1.000000000000000000e+00
4.367928639385990408e+01 -4.706289132215887605e+01 -9.412578264431775699e-02 1.000000000000000000e+00
4.370787231427473785e+01 -4.711096468946886517e+01 -9.422192937893772435e-02 1.000000000000000000e+00
4.373645823468956451e+01 -4.715865308751006069e+01 -9.431730617502011305e-02 1.000000000000000000e+00
4.376504415510439827e+01 -4.720595612659467122e+01 -9.441191225318934510e-02 1.000000000000000000e+00
4.379363007551922493e+01 -4.725287342018387449e+01 -9.450574684036774920e-02 1.000000000000000000e+00
4.382221599593405870e+01 -4.729940458489104316e+01 -9.459880916978208321e-02 1.000000000000000000e+00
4.385080191634888536e+01 -4.734554924048469360e+01 -9.469109848096940452e-02 1.000000000000000000e+00
4.387938783676371912e+01 -4.739130700989185385e+01 -9.478261401978371747e-02 1.000000000000000000e+00
4.390797375717854578e+01 -4.743667751920092712e+01 -9.487335503840185758e-02 1.000000000000000000e+00
4.393655967759337244e+01 -4.748166039766483948e+01 -9.496332079532968096e-02 1.000000000000000000e+00
4.396514559800820621e+01 -4.752625527770409519e+01 -9.505251055540818450e-02 1.000000000000000000e+00
4.399373151842303287e+01 -4.757046179490969706e+01 -9.514092358981940389e-02 1.000000000000000000e+00
4.402231743883786663e+01 -4.761427958804620175e+01 -9.522855917609240883e-02 1.000000000000000000e+00
4.405090335925269329e+01 -4.765770829905463302e+01 -9.531541659810927047e-02 1.000000000000000000e+00
4.407948927966752706e+01 -4.770074757305541624e+01 -9.540149514611083459e-02 1.000000000000000000e+00
4.410807520008235372e+01 -4.774339705835127745e+01 -9.548679411670256412e-02 1.000000000000000000e+00
4.413666112049718748e+01 -4.778565640643012102e+01 -9.557131281286024294e-02 1.000000000000000000e+00
4.416524704091201414e+01 -4.782752527196785763e+01 -9.565505054393572126e-02 1.000000000000000000e+00
4.419383296132684080e+01 -4.786900331283127485e+01 -9.573800662566256392e-02 1.000000000000000000e+00
4.422241888174167457e+01 -4.791009019008077985e+01 -9.582018038016155981e-02 1.000000000000000000e+00
4.425100480215650123e+01 -4.795078556797317759e+01 -9.590157113594635629e-02 1.000000000000000000e+00
4.427959072257133499e+01 -4.799108911396446331e+01 -9.598217822792892706e-02 1.000000000000000000e+00
4.430817664298616165e+01 -4.803100049871245858e+01 -9.606200099742491505e-02 1.000000000000000000e+00
4.433676256340099542e+01 -4.807051939607958957e+01 -9.614103879215918358e-02 1.000000000000000000e+00
4.436534848381582208e+01 -4.810964548313549471e+01 -9.621929096627099276e-02 1.000000000000000000e+00
4.439393440423064874e+01 -4.814837844015964663e+01 -9.629675688031930081e-02 1.000000000000000000e+00
4.442252032464548250e+01 -4.818671795064405927e+01 -9.637343590128810700e-02 1.000000000000000000e+00
4.445110624506030916e+01 -4.822466370129576063e+01 -9.644932740259151704e-02 1.000000000000000000e+00
4.447969216547514293e+01 -4.826221538203941464e+01 -9.652443076407885014e-02 1.000000000000000000e+00
4.450827808588996959e+01 -4.829937268601986489e+01 -9.659874537203973210e-02 1.000000000000000000e+00
4.453686400630480335e+01 -4.833613530960460736e+01 -9.667227061920923015e-02 1.000000000000000000e+00
4.456544992671963001e+01 -4.837250295238629150e+01 -9.674500590477258521e-02 1.000000000000000000e+00
4.459403584713446378e+01 -4.840847531718515739e+01 -9.681695063437030513e-02 1.000000000000000000e+00
4.462262176754929044e+01 -4.844405211005145162e+01 -9.688810422010291079e-02 1.000000000000000000e+00
4.465120768796411710e+01 -4.847923304026793545e+01 -9.695846608053589055e-02 1.000000000000000000e+00
4.467979360837895086e+01 -4.851401782035213017e+01 -9.702803564070425213e-02 1.000000000000000000e+00
4.470837952879377752e+01 -4.854840616605864767e+01 -9.709681233211731044e-02 1.000000000000000000e+00
4.473696544920861129e+01 -4.858239779638173417e+01 -9.716479559276347544e-02 1.000000000000000000e+00
4.476555136962343795e+01 -4.861599243355724553e+01 -9.723198486711449873e-02 1.000000000000000000e+00
4.479413729003827171e+01 -4.864918980306521235e+01 -9.729837960613042791e-02 1.000000000000000000e+00
4.482272321045309837e+01 -4.868198963363190046e+01 -9.736397926726379770e-02 1.000000000000000000e+00
4.485130913086793214e+01 -4.871439165723206344e+01 -9.742878331446414020e-02 1.000000000000000000e+00
4.487989505128275880e+01 -4.874639560909118785e+01 -9.749279121818238414e-02 1.000000000000000000e+00
4.490848097169758546e+01 -4.877800122768761071e+01 -9.755600245537524029e-02 1.000000000000000000e+00
4.493706689211241923e+01 -4.880920825475467240e+01 -9.761841650950935090e-02 1.000000000000000000e+00
4.496565281252724589e+01 -4.884001643528279857e+01 -9.768003287056559181e-02 1.000000000000000000e+00
4.499423873294207965e+01 -4.887042551752163178e+01 -9.774085103504326355e-02 1.000000000000000000e+00
4.502282465335690631e+01 -4.890043525298204230e+01 -9.780087050596408815e-02 1.000000000000000000e+00
4.505141057377174008e+01 -4.893004539643818873e+01 -9.786009079287638635e-02 1.000000000000000000e+00
4.507999649418656674e+01 -4.895925570592952170e+01 -9.791851141185903273e-02 1.000000000000000000e+00
4.510858241460139340e+01 -4.898806594276273785e+01 -9.797613188552548036e-02 1.000000000000000000e+00
4.513716833501622716e+01 -4.901647587151374807e+01 -9.803295174302750770e-02 1.000000000000000000e+00
4.516575425543105382e+01 -4.904448526002962438e+01 -9.808897052005924322e-02 1.000000000000000000e+00
4.519434017584588759e+01 -4.907209387943042600e+01 -9.814418775886085688e-02 1.000000000000000000e+00
4.522292609626071425e+01 -4.909930150411112493e+01 -9.819860300822225163e-02 1.000000000000000000e+00
4.525151201667554801e+01 -4.912610791174347469e+01 -9.825221582348696303e-02 1.000000000000000000e+00
4.528009793709037467e+01 -4.915251288327775825e+01 -9.830502576655551772e-02 1.000000000000000000e+00
4.530868385750520844e+01 -4.917851620294460702e+01 -9.835703240588920815e-02 1.000000000000000000e+00
4.533726977792003510e+01 -4.920411765825677719e+01 -9.840823531651354816e-02 1.000000000000000000e+00
4.536585569833486176e+01 -4.922931704001089059e+01 -9.845863408002178407e-02 1.000000000000000000e+00
4.539444161874969552e+01 -4.925411414228911866e+01 -9.850822828457823921e-02 1.000000000000000000e+00
4.542302753916452218e+01 -4.927850876246086642e+01 -9.855701752492174172e-02 1.000000000000000000e+00
4.545161345957935595e+01 -4.930250070118446359e+01 -9.860500140236892752e-02 1.000000000000000000e+00
4.548019937999418261e+01 -4.932608976240873488e+01 -9.865217952481747377e-02 1.000000000000000000e+00
4.550878530040901637e+01 -4.934927575337466976e+01 -9.869855150674934630e-02 1.000000000000000000e+00
4.553737122082384303e+01 -4.937205848461694302e+01 -9.874411696923389437e-02 1.000000000000000000e+00
4.556595714123866969e+01 -4.939443776996548507e+01 -9.878887553993098702e-02 1.000000000000000000e+00
4.559454306165350346e+01 -4.941641342654702385e+01 -9.883282685309403848e-02 1.000000000000000000e+00
4.562312898206833012e+01 -4.943798527478650584e+01 -9.887597054957301956e-02 1.000000000000000000e+00
4.565171490248316388e+01 -4.945915313840868777e+01 -9.891830627681737209e-02 1.000000000000000000e+00
4.568030082289799054e+01 -4.947991684443942262e+01 -9.895983368887883991e-02 1.000000000000000000e+00
4.570888674331282431e+01 -4.950027622320722287e+01 -9.900055244641446650e-02 1.000000000000000000e+00
4.573747266372765097e+01 -4.952023110834454656e+01 -9.904046221668910688e-02 1.000000000000000000e+00
4.576605858414248473e+01 -4.953978133678919704e+01 -9.907956267357841129e-02 1.000000000000000000e+00
4.579464450455731139e+01 -4.955892674878563753e+01 -9.911785349757128161e-02 1.000000000000000000e+00
4.582323042497213805e+01 -4.957766718788631266e+01 -9.915533437577261910e-02 1.000000000000000000e+00
4.585181634538697182e+01 -4.959600250095291329e+01 -9.919200500190583636e-02 1.000000000000000000e+00
4.588040226580179848e+01 -4.961393253815766258e+01 -9.922786507631532749e-02 1.000000000000000000e+00
4.590898818621663224e+01 -4.963145715298448124e+01 -9.926291430596895227e-02 1.000000000000000000e+00
4.593757410663145890e+01 -4.964857620223022394e+01 -9.929715240446045088e-02 1.000000000000000000e+00
4.596616002704629267e+01 -4.966528954600584456e+01 -9.933057909201170599e-02 1.000000000000000000e+00
4.599474594746111933e+01 -4.968159704773754726e+01 -9.936319409547510195e-02 1.000000000000000000e+00
4.602333186787595309e+01 -4.969749857416789496e+01 -9.939499714833577304e-02 1.000000000000000000e+00
4.605191778829077975e+01 -4.971299399535682539e+01 -9.942598799071367122e-02 1.000000000000000000e+00
4.608050370870560641e+01 -4.972808318468289457e+01 -9.945616636936580046e-02 1.000000000000000000e+00
4.610908962912044018e+01 -4.974276601884413651e+01 -9.948553203768828457e-02 1.000000000000000000e+00
4.613767554953526684e+01 -4.975704237785912909e+01 -9.951408475571826839e-02 1.000000000000000000e+00
4.616626146995010060e+01 -4.977091214506799588e+01 -9.954182429013601341e-02 1.000000000000000000e+00
4.619484739036492726e+01 -4.978437520713334408e+01 -9.956875041426670181e-02 1.000000000000000000e+00
4.622343331077976103e+01 -4.979743145404118110e+01 -9.959486290808236553e-02 1.000000000000000000e+00
4.625201923119458769e+01 -4.981008077910181697e+01 -9.962016155820363483e-02 1.000000000000000000e+00
4.628060515160941435e+01 -4.982232307895076673e+01 -9.964464615790154245e-02 1.000000000000000000e+00
4.630919107202424811e+01 -4.983415825354953910e+01 -9.966831650709907786e-02 1.000000000000000000e+00
4.633777699243907477e+01 -4.984558620618649627e+01 -9.969117241237300531e-02 1.000000000000000000e+00
4.636636291285390854e+01 -4.985660684347764260e+01 -9.971321368695529319e-02 1.000000000000000000e+00
4.639494883326873520e+01 -4.986722007536736356e+01 -9.973444015073473778e-02 1.000000000000000000e+00
4.642353475368356897e+01 -4.987742581512917894e+01 -9.975485163025836488e-02 1.000000000000000000e+00
4.645212067409839563e+01 -4.988722397936643915e+01 -9.977444795873288697e-02 1.000000000000000000e+00
4.648070659451322939e+01 -4.989661448801304289e+01 -9.979322897602610487e-02 1.000000000000000000e+00
4.650929251492805605e+01 -4.990559726433404109e+01 -9.981119452866807351e-02 1.000000000000000000e+00
4.653787843534288271e+01 -4.991417223492626931e+01 -9.982834446985255905e-02 1.000000000000000000e+00
4.656646435575771648e+01 -4.992233932971902988e+01 -9.984467865943805198e-02 1.000000000000000000e+00
4.659505027617254314e+01 -4.993009848197451106e+01 -9.986019696394903000e-02 1.000000000000000000e+00
4.662363619658737690e+01 -4.993744962828849765e+01 -9.987489925657699885e-02 1.000000000000000000e+00
4.665222211700220356e+01 -4.994439270859078306e+01 -9.988878541718154702e-02 1.000000000000000000e+00
4.668080803741703733e+01 -4.995092766614566671e+01 -9.990185533229134496e-02 1.000000000000000000e+00
4.670939395783186399e+01 -4.995705444755247271e+01 -9.991410889510496385e-02 1.000000000000000000e+00
4.673797987824669775e+01 -4.996277300274595490e+01 -9.992554600549191646e-02 1.000000000000000000e+00
4.676656579866152441e+01 -4.996808328499669472e+01 -9.993616656999337877e-02 1.000000000000000000e+00
4.679515171907635107e+01 -4.997298525091147070e+01 -9.994597050182295328e-02 1.000000000000000000e+00
4.682373763949118484e+01 -4.997747886043368482e+01 -9.995495772086736286e-02 1.000000000000000000e+00
4.685232355990601150e+01 -4.998156407684359692e+01 -9.996312815368718629e-02 1.000000000000000000e+00
4.688090948032084526e+01 -4.998524086675867295e+01 -9.997048173351735789e-02 1.000000000000000000e+00
4.690949540073567192e+01 -4.998850920013390464e+01 -9.997701840026780584e-02 1.000000000000000000e+00
4.693808132115050569e+01 -4.999136905026193745e+01 -9.998273810052386856e-02 1.000000000000000000e+00
4.696666724156533235e+01 -4.999382039377339026e+01 -9.998764078754678042e-02 1.000000000000000000e+00
4.699525316198015901e+01 -4.999586321063700467e+01 -9.999172642127401867e-02 1.000000000000000000e+00
4.702383908239499277e+01 -4.999749748415980832e+01 -9.999499496831962264e-02 1.000000000000000000e+00
4.705242500280981943e+01 -4.999872320098728551e+01 -9.999744640197455459e-02 1.000000000000000000e+00
4.708101092322465320e+01 -4.999954035110339845e+01 -9.999908070220681067e-02 1.000000000000000000e+00
4.710959684363947986e+01 -4.999994892783081468e+01 -9.999989785566164302e-02 1.000000000000000000e+00
4.713818276405431362e+01 -4.999994892783081468e+01 -9.999989785566164302e-02 1.000000000000000000e+00
4.716676868446914028e+01 -4.999954035110340556e+01 -9.999908070220681067e-02 1.000000000000000000e+00
4.719535460488397405e+01 -4.999872320098727130e+01 -9.999744640197455459e-02 1.000000000000000000e+00
4.722394052529880071e+01 -4.999749748415980832e+01 -9.999499496831962264e-02 1.000000000000000000e+00
4.725252644571362737e+01 -4.999586321063700467e+01 -9.999172642127400479e-02 1.000000000000000000e+00
4.728111236612846113e+01 -4.999382039377337605e+01 -9.998764078754676654e-02 1.000000000000000000e+00
4.730969828654328779e+01 -4.999136905026193745e+01 -9.998273810052386856e-02 1.000000000000000000e+00
4.733828420695812156e+01 -4.998850920013390464e+01 -9.997701840026779196e-02 1.000000000000000000e+00
4.736687012737294822e+01 -4.998524086675867295e+01 -9.997048173351735789e-02 1.000000000000000000e+00
4.739545604778778198e+01 -4.998156407684359692e+01 -9.996312815368718629e-02 1.000000000000000000e+00
4.742404196820260864e+01 -4.997747886043368482e+01 -9.995495772086737674e-02 1.000000000000000000e+00
4.745262788861743530e+01 -4.997298525091147070e+01 -9.994597050182295328e-02 1.000000000000000000e+00
4.748121380903226907e+01 -4.996808328499669472e+01 -9.993616656999339265e-02 1.000000000000000000e+00
4.750979972944709573e+01 -4.996277300274596911e+01 -9.992554600549193033e-02 1.000000000000000000e+00
4.753838564986192949e+01 -4.995705444755247271e+01 -9.991410889510496385e-02 1.000000000000000000e+00
4.756697157027675615e+01 -4.995092766614566671e+01 -9.990185533229134496e-02 1.000000000000000000e+00
4.759555749069158992e+01 -4.994439270859078306e+01 -9.988878541718154702e-02 1.000000000000000000e+00
4.762414341110641658e+01 -4.993744962828849765e+01 -9.987489925657699885e-02 1.000000000000000000e+00
4.765272933152125034e+01 -4.993009848197451106e+01 -9.986019696394903000e-02 1.000000000000000000e+00
4.768131525193607700e+01 -4.992233932971902988e+01 -9.984467865943805198e-02 1.000000000000000000e+00
4.770990117235090366e+01 -4.991417223492626931e+01 -9.982834446985255905e-02 1.000000000000000000e+00
4.773848709276573743e+01 -4.990559726433404109e+01 -9.981119452866807351e-02 1.000000000000000000e+00
4.776707301318056409e+01 -4.989661448801303578e+01 -9.979322897602609099e-02 1.000000000000000000e+00
4.779565893359539785e+01 -4.988722397936643915e+01 -9.977444795873288697e-02 1.000000000000000000e+00
4.782424485401022451e+01 -4.987742581512917894e+01 -9.975485163025836488e-02 1.000000000000000000e+00
4.785283077442505828e+01 -4.986722007536736356e+01 -9.973444015073473778e-02 1.000000000000000000e+00
4.788141669483988494e+01 -4.985660684347764970e+01 -9.971321368695529319e-02 1.000000000000000000e+00
4.791000261525471871e+01 -4.984558620618649627e+01 -9.969117241237300531e-02 1.000000000000000000e+00
4.793858853566954537e+01 -4.983415825354953910e+01 -9.966831650709907786e-02 1.000000000000000000e+00
4.796717445608437203e+01 -4.982232307895076673e+01 -9.964464615790154245e-02 1.000000000000000000e+00
4.799576037649920579e+01 -4.981008077910181697e+01 -9.962016155820363483e-02 1.000000000000000000e+00
4.802434629691403245e+01 -4.979743145404118110e+01 -9.959486290808236553e-02 1.000000000000000000e+00
4.805293221732886622e+01 -4.978437520713334408e+01 -9.956875041426670181e-02 1.000000000000000000e+00
4.808151813774369288e+01 -4.977091214506799588e+01 -9.954182429013601341e-02 1.000000000000000000e+00
4.811010405815852664e+01 -4.975704237785912909e+01 -9.951408475571826839e-02 1.000000000000000000e+00
4.813868997857335330e+01 -4.974276601884413651e+01 -9.948553203768828457e-02 1.000000000000000000e+00
4.816727589898817996e+01 -4.972808318468290878e+01 -9.945616636936581434e-02 1.000000000000000000e+00
4.819586181940301373e+01 -4.971299399535682539e+01 -9.942598799071367122e-02 1.000000000000000000e+00
4.822444773981784039e+01 -4.969749857416788785e+01 -9.939499714833577304e-02 1.000000000000000000e+00
4.825303366023267415e+01 -4.968159704773756147e+01 -9.936319409547511583e-02 1.000000000000000000e+00
4.828161958064750081e+01 -4.966528954600584456e+01 -9.933057909201170599e-02 1.000000000000000000e+00
4.831020550106233458e+01 -4.964857620223023105e+01 -9.929715240446046476e-02 1.000000000000000000e+00
4.833879142147716124e+01 -4.963145715298448835e+01 -9.926291430596896614e-02 1.000000000000000000e+00
4.836737734189199500e+01 -4.961393253815766258e+01 -9.922786507631532749e-02 1.000000000000000000e+00
4.839596326230682166e+01 -4.959600250095291329e+01 -9.919200500190583636e-02 1.000000000000000000e+00
4.842454918272164832e+01 -4.957766718788631266e+01 -9.915533437577261910e-02 1.000000000000000000e+00
4.845313510313648209e+01 -4.955892674878563753e+01 -9.911785349757128161e-02 1.000000000000000000e+00
4.848172102355130875e+01 -4.953978133678919704e+01 -9.907956267357839741e-02 1.000000000000000000e+00
4.851030694396614251e+01 -4.952023110834454656e+01 -9.904046221668910688e-02 1.000000000000000000e+00
4.853889286438096917e+01 -4.950027622320722287e+01 -9.900055244641446650e-02 1.000000000000000000e+00
4.856747878479580294e+01 -4.947991684443942262e+01 -9.895983368887883991e-02 1.000000000000000000e+00
4.859606470521062960e+01 -4.945915313840868066e+01 -9.891830627681735821e-02 1.000000000000000000e+00
4.862465062562546336e+01 -4.943798527478650584e+01 -9.887597054957303344e-02 1.000000000000000000e+00
4.865323654604029002e+01 -4.941641342654701674e+01 -9.883282685309402460e-02 1.000000000000000000e+00
4.868182246645511668e+01 -4.939443776996549218e+01 -9.878887553993098702e-02 1.000000000000000000e+00
4.871040838686995045e+01 -4.937205848461694302e+01 -9.874411696923389437e-02 1.000000000000000000e+00
4.873899430728477711e+01 -4.934927575337466976e+01 -9.869855150674934630e-02 1.000000000000000000e+00
4.876758022769961087e+01 -4.932608976240872778e+01 -9.865217952481747377e-02 1.000000000000000000e+00
4.879616614811443753e+01 -4.930250070118446359e+01 -9.860500140236892752e-02 1.000000000000000000e+00
4.882475206852927130e+01 -4.927850876246088063e+01 -9.855701752492174172e-02 1.000000000000000000e+00
4.885333798894409796e+01 -4.925411414228911866e+01 -9.850822828457823921e-02 1.000000000000000000e+00
4.888192390935892462e+01 -4.922931704001089770e+01 -9.845863408002181183e-02 1.000000000000000000e+00
4.891050982977375838e+01 -4.920411765825678430e+01 -9.840823531651356204e-02 1.000000000000000000e+00
4.893909575018858504e+01 -4.917851620294460702e+01 -9.835703240588920815e-02 1.000000000000000000e+00
4.896768167060341881e+01 -4.915251288327775114e+01 -9.830502576655550384e-02 1.000000000000000000e+00
4.899626759101824547e+01 -4.912610791174347469e+01 -9.825221582348696303e-02 1.000000000000000000e+00
4.902485351143307923e+01 -4.909930150411112493e+01 -9.819860300822225163e-02 1.000000000000000000e+00
4.905343943184790589e+01 -4.907209387943042600e+01 -9.814418775886085688e-02 1.000000000000000000e+00
4.908202535226273966e+01 -4.904448526002962438e+01 -9.808897052005925710e-02 1.000000000000000000e+00
4.911061127267756632e+01 -4.901647587151374807e+01 -9.803295174302750770e-02 1.000000000000000000e+00
4.913919719309239298e+01 -4.898806594276273785e+01 -9.797613188552548036e-02 1.000000000000000000e+00
4.916778311350722674e+01 -4.895925570592952170e+01 -9.791851141185904661e-02 1.000000000000000000e+00
4.919636903392205340e+01 -4.893004539643818873e+01 -9.786009079287638635e-02 1.000000000000000000e+00
4.922495495433688717e+01 -4.890043525298203519e+01 -9.780087050596407428e-02 1.000000000000000000e+00
4.925354087475171383e+01 -4.887042551752163178e+01 -9.774085103504326355e-02 1.000000000000000000e+00
4.928212679516654759e+01 -4.884001643528279857e+01 -9.768003287056559181e-02 1.000000000000000000e+00
4.931071271558137425e+01 -4.880920825475467240e+01 -9.761841650950935090e-02 1.000000000000000000e+00
4.933929863599620091e+01 -4.877800122768761071e+01 -9.755600245537524029e-02 1.000000000000000000e+00
4.936788455641103468e+01 -4.874639560909119496e+01 -9.749279121818238414e-02 1.000000000000000000e+00
4.939647047682586134e+01 -4.871439165723204923e+01 -9.742878331446411244e-02 1.000000000000000000e+00
4.942505639724069511e+01 -4.868198963363188625e+01 -9.736397926726378382e-02 1.000000000000000000e+00
4.945364231765552177e+01 -4.864918980306521945e+01 -9.729837960613044179e-02 1.000000000000000000e+00
4.948222823807035553e+01 -4.861599243355723843e+01 -9.723198486711448485e-02 1.000000000000000000e+00
4.951081415848518219e+01 -4.858239779638171996e+01 -9.716479559276344768e-02 1.000000000000000000e+00
4.953940007890001596e+01 -4.854840616605866188e+01 -9.709681233211731044e-02 1.000000000000000000e+00
4.956798599931484262e+01 -4.851401782035211596e+01 -9.702803564070423825e-02 1.000000000000000000e+00
4.959657191972966928e+01 -4.847923304026794966e+01 -9.695846608053590443e-02 1.000000000000000000e+00
4.962515784014450304e+01 -4.844405211005145873e+01 -9.688810422010292467e-02 1.000000000000000000e+00
4.965374376055932970e+01 -4.840847531718514318e+01 -9.681695063437029125e-02 1.000000000000000000e+00
4.968232968097416347e+01 -4.837250295238628439e+01 -9.674500590477257134e-02 1.000000000000000000e+00
4.971091560138899013e+01 -4.833613530960461446e+01 -9.667227061920924402e-02 1.000000000000000000e+00
4.973950152180382389e+01 -4.829937268601987199e+01 -9.659874537203974598e-02 1.000000000000000000e+00
4.976808744221865055e+01 -4.826221538203941464e+01 -9.652443076407882239e-02 1.000000000000000000e+00
4.979667336263348432e+01 -4.822466370129574642e+01 -9.644932740259150317e-02 1.000000000000000000e+00
4.982525928304831098e+01 -4.818671795064406638e+01 -9.637343590128813475e-02 1.000000000000000000e+00
4.985384520346313764e+01 -4.814837844015964663e+01 -9.629675688031930081e-02 1.000000000000000000e+00
4.988243112387797140e+01 -4.810964548313548761e+01 -9.621929096627096500e-02 1.000000000000000000e+00
4.991101704429279806e+01 -4.807051939607961089e+01 -9.614103879215921133e-02 1.000000000000000000e+00
4.993960296470763183e+01 -4.803100049871245147e+01 -9.606200099742490117e-02 1.000000000000000000e+00
4.996818888512245849e+01 -4.799108911396446331e+01 -9.598217822792892706e-02 1.000000000000000000e+00
4.999677480553729225e+01 -4.795078556797317759e+01 -9.590157113594635629e-02 1.000000000000000000e+00
5.002536072595211891e+01 -4.791009019008077274e+01 -9.582018038016154593e-02 1.000000000000000000e+00
5.005394664636694557e+01 -4.786900331283128907e+01 -9.573800662566257780e-02 1.000000000000000000e+00
5.008253256678177934e+01 -4.782752527196786474e+01 -9.565505054393573514e-02 1.000000000000000000e+00
5.011111848719660600e+01 -4.778565640643011392e+01 -9.557131281286024294e-02 1.000000000000000000e+00
5.013970440761143976e+01 -4.774339705835127035e+01 -9.548679411670255024e-02 1.000000000000000000e+00
5.016829032802626642e+01 -4.770074757305542335e+01 -9.540149514611084847e-02 1.000000000000000000e+00
5.019687624844110019e+01 -4.765770829905463302e+01 -9.531541659810927047e-02 1.000000000000000000e+00
5.022546216885592685e+01 -4.761427958804619465e+01 -9.522855917609239496e-02 1.000000000000000000e+00
5.025404808927076061e+01 -4.757046179490968996e+01 -9.514092358981939002e-02 1.000000000000000000e+00
5.028263400968558727e+01 -4.752625527770409519e+01 -9.505251055540819838e-02 1.000000000000000000e+00
5.031121993010041393e+01 -4.748166039766484658e+01 -9.496332079532969483e-02 1.000000000000000000e+00
5.033980585051524770e+01 -4.743667751920091291e+01 -9.487335503840184370e-02 1.000000000000000000e+00
5.036839177093007436e+01 -4.739130700989186096e+01 -9.478261401978371747e-02 1.000000000000000000e+00
5.039697769134490812e+01 -4.734554924048469360e+01 -9.469109848096939064e-02 1.000000000000000000e+00
5.042556361175973478e+01 -4.729940458489103605e+01 -9.459880916978206933e-02 1.000000000000000000e+00
5.045414953217456855e+01 -4.725287342018387449e+01 -9.450574684036776307e-02 1.000000000000000000e+00
5.048273545258939521e+01 -4.720595612659465701e+01 -9.441191225318933122e-02 1.000000000000000000e+00
5.051132137300422897e+01 -4.715865308751003937e+01 -9.431730617502009917e-02 1.000000000000000000e+00
5.053990729341905563e+01 -4.711096468946886517e+01 -9.422192937893773823e-02 1.000000000000000000e+00
5.056849321383388229e+01 -4.706289132215888316e+01 -9.412578264431775699e-02 1.000000000000000000e+00
5.059707913424871606e+01 -4.701443337841368475e+01 -9.402886675682738116e-02 1.000000000000000000e+00
5.062566505466354272e+01 -4.696559125420947822e+01 -9.393118250841894779e-02 1.000000000000000000e+00
5.065425097507837648e+01 -4.691636534866171360e+01 -9.383273069732342431e-02 1.000000000000000000e+00
5.068283689549320314e+01 -4.686675606402202021e+01 -9.373351212804403865e-02 1.000000000000000000e+00
5.071142281590803691e+01 -4.681676380567479612e+01 -9.363352761134959013e-02 1.000000000000000000e+00
5.074000873632286357e+01 -4.676638898213393958e+01 -9.353277796426788526e-02 1.000000000000000000e+00
5.076859465673769023e+01 -4.671563200503945268e+01 -9.343126401007890991e-02 1.000000000000000000e+00
5.079718057715252399e+01 -4.666449328915415862e+01 -9.332898657830832057e-02 1.000000000000000000e+00
5.082576649756735065e+01 -4.661297325236029820e+01 -9.322594650472060263e-02 1.000000000000000000e+00
5.085435241798218442e+01 -4.656107231565600557e+01 -9.312214463131200659e-02 1.000000000000000000e+00
5.088293833839701108e+01 -4.650879090315206099e+01 -9.301758180630412265e-02 1.000000000000000000e+00
5.091152425881184485e+01 -4.645612944206824579e+01 -9.291225888413649769e-02 1.000000000000000000e+00
5.094011017922667151e+01 -4.640308836272996018e+01 -9.280617672545991848e-02 1.000000000000000000e+00
5.096869609964150527e+01 -4.634966809856464209e+01 -9.269933619712927841e-02 1.000000000000000000e+00
5.099728202005633193e+01 -4.629586908609829976e+01 -9.259173817219659708e-02 1.000000000000000000e+00
5.102586794047115859e+01 -4.624169176495183109e+01 -9.248338352990367883e-02 1.000000000000000000e+00
5.105445386088599236e+01 -4.618713657783757043e+01 -9.237427315567514619e-02 1.000000000000000000e+00
5.108303978130081902e+01 -4.613220397055558664e+01 -9.226440794111116783e-02 1.000000000000000000e+00
5.111162570171565278e+01 -4.607689439198997405e+01 -9.215378878397996465e-02 1.000000000000000000e+00
5.114021162213047944e+01 -4.602120829410538505e+01 -9.204241658821077365e-02 1.000000000000000000e+00
5.116879754254531321e+01 -4.596514613194312204e+01 -9.193029226388625685e-02 1.000000000000000000e+00
5.119738346296013987e+01 -4.590870836361758478e+01 -9.181741672723517378e-02 1.000000000000000000e+00
5.122596938337497363e+01 -4.585189545031235525e+01 -9.170379090062472094e-02 1.000000000000000000e+00
5.125455530378980029e+01 -4.579470785627667340e+01 -9.158941571255335701e-02 1.000000000000000000e+00
5.128314122420462695e+01 -4.573714604882137280e+01 -9.147429209764273983e-02 1.000000000000000000e+00
5.131172714461946072e+01 -4.567921049831519298e+01 -9.135842099663038507e-02 1.000000000000000000e+00
5.134031306503428738e+01 -4.562090167818105613e+01 -9.124180335636211669e-02 1.000000000000000000e+00
5.136889898544912114e+01 -4.556222006489191045e+01 -9.112444012978382357e-02 1.000000000000000000e+00
5.139748490586394780e+01 -4.550316613796711351e+01 -9.100633227593424301e-02 1.000000000000000000e+00
5.142607082627878157e+01 -4.544374037996836080e+01 -9.088748075993674513e-02 1.000000000000000000e+00
5.145465674669360823e+01 -4.538394327649579907e+01 -9.076788655299160291e-02 1.000000000000000000e+00
5.148324266710843489e+01 -4.532377531618399047e+01 -9.064755063236797084e-02 1.000000000000000000e+00
5.151182858752326865e+01 -4.526323699069799744e+01 -9.052647398139601620e-02 1.000000000000000000e+00
5.154041450793809531e+01 -4.520232879472939658e+01 -9.040465758945881447e-02 1.000000000000000000e+00
5.156900042835292908e+01 -4.514105122599207220e+01 -9.028210245198414752e-02 1.000000000000000000e+00
5.159758634876775574e+01 -4.507940478521832262e+01 -9.015880957043664878e-02 1.000000000000000000e+00
5.162617226918258950e+01 -4.501738997615467497e+01 -9.003477995230935171e-02 1.000000000000000000e+00
5.165475818959741616e+01 -4.495500730555784941e+01 -8.991001461111569615e-02 1.000000000000000000e+00
5.168334411001224993e+01 -4.489225728319041764e+01 -8.978451456638084083e-02 1.000000000000000000e+00
5.171193003042707659e+01 -4.482914042181698733e+01 -8.965828084363397510e-02 1.000000000000000000e+00
5.174051595084190325e+01 -4.476565723719964751e+01 -8.953131447439928448e-02 1.000000000000000000e+00
5.176910187125673701e+01 -4.470180824809392561e+01 -8.940361649618784601e-02 1.000000000000000000e+00
5.179768779167156367e+01 -4.463759397624465208e+01 -8.927518795248931549e-02 1.000000000000000000e+00
5.182627371208639744e+01 -4.457301494638145556e+01 -8.914602989276290690e-02 1.000000000000000000e+00
5.185485963250122410e+01 -4.450807168621465593e+01 -8.901614337242930164e-02 1.000000000000000000e+00
5.188344555291605786e+01 -4.444276472643088738e+01 -8.888552945286176676e-02 1.000000000000000000e+00
5.191203147333088452e+01 -4.437709460068879963e+01 -8.875418920137760626e-02 1.000000000000000000e+00
5.194061739374571118e+01 -4.431106184561460992e+01 -8.862212369122922373e-02 1.000000000000000000e+00
5.196920331416054495e+01 -4.424466700079781134e+01 -8.848933400159562923e-02 1.000000000000000000e+00
5.199778923457537161e+01 -4.417791060878676035e+01 -8.835582121757352969e-02 1.000000000000000000e+00
5.202637515499020537e+01 -4.411079321508413642e+01 -8.822158643016828061e-02 1.000000000000000000e+00
5.205496107540503203e+01 -4.404331536814261483e+01 -8.808663073628524021e-02 1.000000000000000000e+00
5.208354699581986580e+01 -4.397547761936031918e+01 -8.795095523872065169e-02 1.000000000000000000e+00
5.211213291623469246e+01 -4.390728052307634499e+01 -8.781456104615270597e-02 1.000000000000000000e+00
5.214071883664952622e+01 -4.383872463656612695e+01 -8.767744927313225745e-02 1.000000000000000000e+00
5.216930475706435288e+01 -4.376981052003711881e+01 -8.753962104007424749e-02 1.000000000000000000e+00
5.219789067747917954e+01 -4.370053873662393329e+01 -8.740107747324787901e-02 1.000000000000000000e+00
5.222647659789401331e+01 -4.363090985238387987e+01 -8.726181970476776240e-02 1.000000000000000000e+00
5.225506251830883997e+01 -4.356092443629245281e+01 -8.712184887258492272e-02 1.000000000000000000e+00
5.228364843872367373e+01 -4.349058306023842846e+01 -8.698116612047686325e-02 1.000000000000000000e+00
5.231223435913850039e+01 -4.341988629901939589e+01 -8.683977259803879467e-02 1.000000000000000000e+00
5.234082027955333416e+01 -4.334883473033696788e+01 -8.669766946067393454e-02 1.000000000000000000e+00
5.236940619996816082e+01 -4.327742893479209840e+01 -8.655485786958420913e-02 1.000000000000000000e+00
5.239799212038299459e+01 -4.320566949588028649e+01 -8.641133899176058064e-02 1.000000000000000000e+00
5.242657804079782125e+01 -4.313355699998688664e+01 -8.626711399997376295e-02 1.000000000000000000e+00
5.245516396121264791e+01 -4.306109203638224869e+01 -8.612218407276449328e-02 1.000000000000000000e+00
5.248374988162748167e+01 -4.298827519721690038e+01 -8.597655039443380387e-02 1.000000000000000000e+00
5.251233580204230833e+01 -4.291510707751680087e+01 -8.583021415503361284e-02 1.000000000000000000e+00
5.254092172245714210e+01 -4.284158827517836698e+01 -8.568317655035673219e-02 1.000000000000000000e+00
5.256950764287196876e+01 -4.276771939096367703e+01 -8.553543878192734762e-02 1.000000000000000000e+00
5.259809356328680252e+01 -4.269350102849539752e+01 -8.538700205699079060e-02 1.000000000000000000e+00
5.262667948370162918e+01 -4.261893379425217177e+01 -8.523786758850435130e-02 1.000000000000000000e+00
5.265526540411645584e+01 -4.254401829756330500e+01 -8.508803659512660655e-02 1.000000000000000000e+00
5.268385132453128961e+01 -4.246875515060393980e+01 -8.493751030120788581e-02 1.000000000000000000e+00
5.271243724494611627e+01 -4.239314496839021729e+01 -8.478628993678043180e-02 1.000000000000000000e+00
5.274102316536095003e+01 -4.231718836877389123e+01 -8.463437673754778401e-02 1.000000000000000000e+00
5.276960908577577669e+01 -4.224088597243761001e+01 -8.448177194487521691e-02 1.000000000000000000e+00
5.279819500619061046e+01 -4.216423840288967284e+01 -8.432847680577935934e-02 1.000000000000000000e+00
5.282678092660543712e+01 -4.208724628645902754e+01 -8.417449257291804987e-02 1.000000000000000000e+00
5.285536684702027088e+01 -4.200991025228996989e+01 -8.401982050457995621e-02 1.000000000000000000e+00
5.288395276743509754e+01 -4.193223093233727639e+01 -8.386446186467455544e-02 1.000000000000000000e+00
5.291253868784992420e+01 -4.185420896136086100e+01 -8.370841792272172566e-02 1.000000000000000000e+00
5.294112460826475797e+01 -4.177584497692054555e+01 -8.355168995384110175e-02 1.000000000000000000e+00
5.296971052867958463e+01 -4.169713961937102908e+01 -8.339427923874205562e-02 1.000000000000000000e+00
5.299829644909441839e+01 -4.161809353185650195e+01 -8.323618706371299636e-02 1.000000000000000000e+00
5.302688236950924505e+01 -4.153870736030548727e+01 -8.307741472061097587e-02 1.000000000000000000e+00
5.305546828992407882e+01 -4.145898175342542658e+01 -8.291796350685086414e-02 1.000000000000000000e+00
5.308405421033890548e+01 -4.137891736269762788e+01 -8.275783472539527397e-02 1.000000000000000000e+00
5.311264013075373924e+01 -4.129851484237163817e+01 -8.259702968474326445e-02 1.000000000000000000e+00
5.314122605116856590e+01 -4.121777484946008485e+01 -8.243554969892016859e-02 1.000000000000000000e+00
5.316981197158339256e+01 -4.113669804373334671e+01 -8.227339608746669919e-02 1.000000000000000000e+00
5.319839789199822633e+01 -4.105528508771394058e+01 -8.211057017542788827e-02 1.000000000000000000e+00
5.322698381241305299e+01 -4.097353664667138418e+01 -8.194707329334277590e-02 1.000000000000000000e+00
5.325556973282788675e+01 -4.089145338861655432e+01 -8.178290677723309976e-02 1.000000000000000000e+00
5.328415565324271341e+01 -4.080903598429633661e+01 -8.161807196859266478e-02 1.000000000000000000e+00
5.331274157365754718e+01 -4.072628510718804051e+01 -8.145257021437608824e-02 1.000000000000000000e+00
5.334132749407237384e+01 -4.064320143349403480e+01 -8.128640286698807227e-02 1.000000000000000000e+00
5.336991341448720050e+01 -4.055978564213613424e+01 -8.111957128427227381e-02 1.000000000000000000e+00
5.339849933490203426e+01 -4.047603841475002895e+01 -8.095207682950006367e-02 1.000000000000000000e+00
5.342708525531686092e+01 -4.039196043567979189e+01 -8.078392087135959077e-02 1.000000000000000000e+00
5.345567117573169469e+01 -4.030755239197223716e+01 -8.061510478394447177e-02 1.000000000000000000e+00
5.348425709614652135e+01 -4.022281497337134226e+01 -8.044562994674268885e-02 1.000000000000000000e+00
5.351284301656135511e+01 -4.013774887231246424e+01 -8.027549774462494625e-02 1.000000000000000000e+00
5.354142893697618177e+01 -4.005235478391703197e+01 -8.010470956783406760e-02 1.000000000000000000e+00
5.357001485739101554e+01 -3.996663340598639991e+01 -7.993326681197281125e-02 1.000000000000000000e+00
5.359860077780584220e+01 -3.988058543899651909e+01 -7.976117087799304561e-02 1.000000000000000000e+00
5.362718669822066886e+01 -3.979421158609206799e+01 -7.958842317218413343e-02 1.000000000000000000e+00
5.365577261863550262e+01 -3.970751255308063321e+01 -7.941502510616127442e-02 1.000000000000000000e+00
5.368435853905032928e+01 -3.962048904842711039e+01 -7.924097809685422267e-02 1.000000000000000000e+00
5.371294445946516305e+01 -3.953314178324780670e+01 -7.906628356649562928e-02 1.000000000000000000e+00
5.374153037987998971e+01 -3.944547147130467124e+01 -7.889094294260934337e-02 1.000000000000000000e+00
5.377011630029482347e+01 -3.935747882899936201e+01 -7.871495765799872701e-02 1.000000000000000000e+00
5.379870222070965013e+01 -3.926916457536756155e+01 -7.853832915073512277e-02 1.000000000000000000e+00
5.382728814112447679e+01 -3.918052943207299421e+01 -7.836105886414600208e-02 1.000000000000000000e+00
5.385587406153931056e+01 -3.909157412340150728e+01 -7.818314824680300257e-02 1.000000000000000000e+00
5.388445998195413722e+01 -3.900229937625522325e+01 -7.800459875251045117e-02 1.000000000000000000e+00
5.391304590236897099e+01 -3.891270592014657836e+01 -7.782541184029316550e-02 1.000000000000000000e+00
5.394163182278379765e+01 -3.882279448719236825e+01 -7.764558897438474105e-02 1.000000000000000000e+00
5.397021774319863141e+01 -3.873256581210765148e+01 -7.746513162421531096e-02 1.000000000000000000e+00
5.399880366361345807e+01 -3.864202063220000838e+01 -7.728404126440002742e-02 1.000000000000000000e+00
5.402738958402829184e+01 -3.855115968736320298e+01 -7.710231937472639130e-02 1.000000000000000000e+00
5.405597550444311850e+01 -3.845998372007133526e+01 -7.691996744014267806e-02 1.000000000000000000e+00
5.408456142485794516e+01 -3.836849347537278732e+01 -7.673698695074558651e-02 1.000000000000000000e+00
5.411314734527277892e+01 -3.827668970088396350e+01 -7.655337940176792921e-02 1.000000000000000000e+00
5.414173326568760558e+01 -3.818457314678336445e+01 -7.636914629356672535e-02 1.000000000000000000e+00
5.417031918610243935e+01 -3.809214456580536279e+01 -7.618428913161073845e-02 1.000000000000000000e+00
5.419890510651726601e+01 -3.799940471323409952e+01 -7.599880942646820847e-02 1.000000000000000000e+00
5.422749102693209977e+01 -3.790635434689721706e+01 -7.581270869379443111e-02 1.000000000000000000e+00
5.425607694734692643e+01 -3.781299422715977698e+01 -7.562598845431955930e-02 1.000000000000000000e+00
5.428466286776176020e+01 -3.771932511691802148e+01 -7.543865023383605761e-02 1.000000000000000000e+00
5.431324878817658686e+01 -3.762534778159313475e+01 -7.525069556318626784e-02 1.000000000000000000e+00
5.434183470859141352e+01 -3.753106298912486949e+01 -7.506212597824973853e-02 1.000000000000000000e+00
5.437042062900624728e+01 -3.743647150996549300e+01 -7.487294301993098478e-02 1.000000000000000000e+00
5.439900654942107394e+01 -3.734157411707336394e+01 -7.468314823414672066e-02 1.000000000000000000e+00
5.442759246983590771e+01 -3.724637158590649477e+01 -7.449274317181299454e-02 1.000000000000000000e+00
5.445617839025073437e+01 -3.715086469441659744e+01 -7.430172938883319866e-02 1.000000000000000000e+00
5.448476431066556813e+01 -3.705505422304222662e+01 -7.411010844608444115e-02 1.000000000000000000e+00
5.451335023108039479e+01 -3.695894095470277563e+01 -7.391788190940555558e-02 1.000000000000000000e+00
5.454193615149522145e+01 -3.686252567479200337e+01 -7.372505134958400042e-02 1.000000000000000000e+00
5.457052207191005522e+01 -3.676580917117141922e+01 -7.353161834234284155e-02 1.000000000000000000e+00
5.459910799232488188e+01 -3.666879223416412259e+01 -7.333758446832824851e-02 1.000000000000000000e+00
5.462769391273971564e+01 -3.657147565654818067e+01 -7.314295131309635212e-02 1.000000000000000000e+00
5.465627983315454230e+01 -3.647386023355019091e+01 -7.294772046710037983e-02 1.000000000000000000e+00
5.468486575356937607e+01 -3.637594676283872275e+01 -7.275189352567744405e-02 1.000000000000000000e+00
5.471345167398420273e+01 -3.627773604451792977e+01 -7.255547208903587175e-02 1.000000000000000000e+00
5.474203759439903649e+01 -3.617922888112091329e+01 -7.235845776224184012e-02 1.000000000000000000e+00
5.477062351481386315e+01 -3.608042607760322795e+01 -7.216085215520644247e-02 1.000000000000000000e+00
5.479920943522868981e+01 -3.598132844133612451e+01 -7.196265688267225458e-02 1.000000000000000000e+00
5.482779535564352358e+01 -3.588193678210025439e+01 -7.176387356420049768e-02 1.000000000000000000e+00
5.485638127605835024e+01 -3.578225191207882716e+01 -7.156450382415766032e-02 1.000000000000000000e+00
5.488496719647318400e+01 -3.568227464585095987e+01 -7.136454929170192585e-02 1.000000000000000000e+00
5.491355311688801066e+01 -3.558200580038529637e+01 -7.116401160077059918e-02 1.000000000000000000e+00
5.494213903730284443e+01 -3.548144619503290187e+01 -7.096289239006581262e-02 1.000000000000000000e+00
5.497072495771767109e+01 -3.538059665152094624e+01 -7.076119330304191102e-02 1.000000000000000000e+00
5.499931087813250485e+01 -3.527945799394580462e+01 -7.055891598789161556e-02 1.000000000000000000e+00
5.502789679854733151e+01 -3.517803104876637121e+01 -7.035606209753274276e-02 1.000000000000000000e+00
5.505648271896215817e+01 -3.507631664479723810e+01 -7.015263328959446543e-02 1.000000000000000000e+00
5.508506863937699194e+01 -3.497431561320202320e+01 -6.994863122640405939e-02 1.000000000000000000e+00
5.511365455979181860e+01 -3.487202878748659174e+01 -6.974405757497319225e-02 1.000000000000000000e+00
5.514224048020665236e+01 -3.476945700349205026e+01 -6.953891400698410108e-02 1.000000000000000000e+00
5.517082640062147902e+01 -3.466660109938815282e+01 -6.933320219877631141e-02 1.000000000000000000e+00
5.519941232103631279e+01 -3.456346191566635895e+01 -6.912692383133271778e-02 1.000000000000000000e+00
5.522799824145113945e+01 -3.446004029513294142e+01 -6.892008059026588640e-02 1.000000000000000000e+00
5.525658416186596611e+01 -3.435633708290205846e+01 -6.871267416580410792e-02 1.000000000000000000e+00
5.528517008228079987e+01 -3.425235312638898222e+01 -6.850470625277796377e-02 1.000000000000000000e+00
5.531375600269562653e+01 -3.414808927530310001e+01 -6.829617855060619858e-02 1.000000000000000000e+00
5.534234192311046030e+01 -3.404354638164085856e+01 -6.808709276328171744e-02 1.000000000000000000e+00
5.537092784352528696e+01 -3.393872529967912755e+01 -6.787745059935826331e-02 1.000000000000000000e+00
5.539951376394012073e+01 -3.383362688596776735e+01 -6.766725377193553992e-02 1.000000000000000000e+00
5.542809968435494739e+01 -3.372825199932301388e+01 -6.745650399864602798e-02 1.000000000000000000e+00
5.545668560476978115e+01 -3.362260150082026655e+01 -6.724520300164053832e-02 1.000000000000000000e+00
5.548527152518460781e+01 -3.351667625378714632e+01 -6.703335250757429253e-02 1.000000000000000000e+00
5.551385744559943447e+01 -3.341047712379627654e+01 -6.682095424759255942e-02 1.000000000000000000e+00
5.554244336601426824e+01 -3.330400497865845466e+01 -6.660800995731690211e-02 1.000000000000000000e+00
5.557102928642909490e+01 -3.319726068841539757e+01 -6.639452137683078681e-02 1.000000000000000000e+00
5.559961520684392866e+01 -3.309024512533259355e+01 -6.618049025066517765e-02 1.000000000000000000e+00
5.562820112725875532e+01 -3.298295916389233895e+01 -6.596591832778467279e-02 1.000000000000000000e+00
5.565678704767358909e+01 -3.287540368078646225e+01 -6.575080736157291883e-02 1.000000000000000000e+00
5.568537296808841575e+01 -3.276757955490924701e+01 -6.553515910981849713e-02 1.000000000000000000e+00
5.571395888850324241e+01 -3.265948766735009912e+01 -6.531897533470019945e-02 1.000000000000000000e+00
5.574254480891807617e+01 -3.255112890138654791e+01 -6.510225780277310859e-02 1.000000000000000000e+00
5.577113072933290283e+01 -3.244250414247692760e+01 -6.488500828495386008e-02 1.000000000000000000e+00
5.579971664974773660e+01 -3.233361427825301604e+01 -6.466722855650602897e-02 1.000000000000000000e+00
5.582830257016256326e+01 -3.222446019851313537e+01 -6.444892039702627973e-02 1.000000000000000000e+00
5.585688849057739702e+01 -3.211504279521444971e+01 -6.423008559042890642e-02 1.000000000000000000e+00
5.588547441099222368e+01 -3.200536296246597345e+01 -6.401072592493194102e-02 1.000000000000000000e+00
5.591406033140705745e+01 -3.189542159652117803e+01 -6.379084319304235973e-02 1.000000000000000000e+00
5.594264625182188411e+01 -3.178521959577068401e+01 -6.357043919154137246e-02 1.000000000000000000e+00
5.597123217223671077e+01 -3.167475786073480748e+01 -6.334951572146961529e-02 1.000000000000000000e+00
5.599981809265154453e+01 -3.156403729405636938e+01 -6.312807458811274530e-02 1.000000000000000000e+00
5.602840401306637119e+01 -3.145305880049326674e+01 -6.290611760098654970e-02 1.000000000000000000e+00
5.605698993348120496e+01 -3.134182328691097297e+01 -6.268364657382195781e-02 1.000000000000000000e+00
5.608557585389603162e+01 -3.123033166227527602e+01 -6.246066332455055270e-02 1.000000000000000000e+00
5.611416177431086538e+01 -3.111858483764476802e+01 -6.223716967528954147e-02 1.000000000000000000e+00
5.614274769472569204e+01 -3.100658372616346270e+01 -6.201316745232692690e-02 1.000000000000000000e+00
5.617133361514052581e+01 -3.089432924305313222e+01 -6.178865848610627654e-02 1.000000000000000000e+00
5.619991953555535247e+01 -3.078182230560625499e+01 -6.156364461121251186e-02 1.000000000000000000e+00
5.622850545597017913e+01 -3.066906383317801144e+01 -6.133812766635602515e-02 1.000000000000000000e+00
5.625709137638501289e+01 -3.055605474717904002e+01 -6.111210949435807310e-02 1.000000000000000000e+00
5.628567729679983955e+01 -3.044279597106805468e+01 -6.088559194213610803e-02 1.000000000000000000e+00
5.631426321721467332e+01 -3.032928843034391519e+01 -6.065857686068783228e-02 1.000000000000000000e+00
5.634284913762949998e+01 -3.021553305253839383e+01 -6.043106610507678611e-02 1.000000000000000000e+00
5.637143505804433374e+01 -3.010153076720843046e+01 -6.020306153441686015e-02 1.000000000000000000e+00
5.640002097845916040e+01 -2.998728250592862921e+01 -5.997456501185725181e-02 1.000000000000000000e+00
5.642860689887398706e+01 -2.987278920228348511e+01 -5.974557840456697078e-02 1.000000000000000000e+00
5.645719281928882083e+01 -2.975805179185998028e+01 -5.951610358371996201e-02 1.000000000000000000e+00
5.648577873970364749e+01 -2.964307121223982122e+01 -5.928614242447963895e-02 1.000000000000000000e+00
5.651436466011848125e+01 -2.952784840299166902e+01 -5.905569680598334037e-02 1.000000000000000000e+00
5.654295058053330791e+01 -2.941238430566369288e+01 -5.882476861132738405e-02 1.000000000000000000e+00
5.657153650094814168e+01 -2.929667986377571864e+01 -5.859335972755143340e-02 1.000000000000000000e+00
5.660012242136296834e+01 -2.918073602281157974e+01 -5.836147204562316948e-02 1.000000000000000000e+00
5.662870834177780210e+01 -2.906455373021125155e+01 -5.812910746042250498e-02 1.000000000000000000e+00
5.665729426219262876e+01 -2.894813393536346524e+01 -5.789626787072692932e-02 1.000000000000000000e+00
5.668588018260745542e+01 -2.883147758959749396e+01 -5.766295517919498709e-02 1.000000000000000000e+00
5.671446610302228919e+01 -2.871458564617558551e+01 -5.742917129235117907e-02 1.000000000000000000e+00
5.674305202343711585e+01 -2.859745906028544482e+01 -5.719491812057088398e-02 1.000000000000000000e+00
5.677163794385194961e+01 -2.848009878903185665e+01 -5.696019757806371209e-02 1.000000000000000000e+00
5.680022386426677627e+01 -2.836250579142935280e+01 -5.672501158285869760e-02 1.000000000000000000e+00
5.682880978468161004e+01 -2.824468102839416517e+01 -5.648936205678833228e-02 1.000000000000000000e+00
5.685739570509643670e+01 -2.812662546273642761e+01 -5.625325092547285577e-02 1.000000000000000000e+00
5.688598162551127047e+01 -2.800834005915219649e+01 -5.601668011830438637e-02 1.000000000000000000e+00
5.691456754592609713e+01 -2.788982578421574843e+01 -5.577965156843148892e-02 1.000000000000000000e+00
5.694315346634092379e+01 -2.777108360637160089e+01 -5.554216721274320145e-02 1.000000000000000000e+00
5.697173938675575755e+01 -2.765211449592648663e+01 -5.530422899185297864e-02 1.000000000000000000e+00
5.700032530717058421e+01 -2.753291942504162648e+01 -5.506583885008325963e-02 1.000000000000000000e+00
5.702891122758541798e+01 -2.741349936772466123e+01 -5.482699873544932129e-02 1.000000000000000000e+00
5.705749714800024464e+01 -2.729385529982173608e+01 -5.458771059964348527e-02 1.000000000000000000e+00
5.708608306841507840e+01 -2.717398819900938989e+01 -5.434797639801878383e-02 1.000000000000000000e+00
5.711466898882990506e+01 -2.705389904478691676e+01 -5.410779808957383308e-02 1.000000000000000000e+00
5.714325490924473172e+01 -2.693358881846791775e+01 -5.386717763693582572e-02 1.000000000000000000e+00
5.717184082965956549e+01 -2.681305850317249551e+01 -5.362611700634498796e-02 1.000000000000000000e+00
5.720042675007439215e+01 -2.669230908381943479e+01 -5.338461816763886980e-02 1.000000000000000000e+00
5.722901267048922591e+01 -2.657134154711769369e+01 -5.314268309423539338e-02 1.000000000000000000e+00
5.725759859090405257e+01 -2.645015688155871558e+01 -5.290031376311743472e-02 1.000000000000000000e+00
5.728618451131888634e+01 -2.632875607740820101e+01 -5.265751215481639935e-02 1.000000000000000000e+00
5.731477043173371300e+01 -2.620714012669806436e+01 -5.241428025339613106e-02 1.000000000000000000e+00
5.734335635214854676e+01 -2.608531002321818448e+01 -5.217062004643636952e-02 1.000000000000000000e+00
5.737194227256337342e+01 -2.596326676250851406e+01 -5.192653352501702679e-02 1.000000000000000000e+00
5.740052819297820008e+01 -2.584101134185084092e+01 -5.168202268370167968e-02 1.000000000000000000e+00
5.742911411339303385e+01 -2.571854476026048886e+01 -5.143708952052097882e-02 1.000000000000000000e+00
5.745770003380786051e+01 -2.559586801847843773e+01 -5.119173603695686969e-02 1.000000000000000000e+00
5.748628595422269427e+01 -2.547298211896292841e+01 -5.094596423792585593e-02 1.000000000000000000e+00
5.751487187463752093e+01 -2.534988806588140520e+01 -5.069977613176281095e-02 1.000000000000000000e+00
5.754345779505235470e+01 -2.522658686510208881e+01 -5.045317373020418578e-02 1.000000000000000000e+00
5.757204371546718136e+01 -2.510307952418619237e+01 -5.020615904837238269e-02 1.000000000000000000e+00
5.760062963588200802e+01 -2.497936705237915689e+01 -4.995873410475831777e-02 1.000000000000000000e+00
5.762921555629684178e+01 -2.485545046060268604e+01 -4.971090092120537124e-02 1.000000000000000000e+00
5.765780147671166844e+01 -2.473133076144667797e+01 -4.946266152289335166e-02 1.000000000000000000e+00
5.768638739712650221e+01 -2.460700896916045366e+01 -4.921401793832090588e-02 1.000000000000000000e+00
5.771497331754132887e+01 -2.448248609964491962e+01 -4.896497219928984401e-02 1.000000000000000000e+00
5.774355923795616263e+01 -2.435776317044404848e+01 -4.871552634088809758e-02 1.000000000000000000e+00
5.777214515837098929e+01 -2.423284120073663317e+01 -4.846568240147327428e-02 1.000000000000000000e+00
5.780073107878582306e+01 -2.410772121132783852e+01 -4.821544242265568547e-02 1.000000000000000000e+00
5.782931699920064972e+01 -2.398240422464106558e+01 -4.796480844928213694e-02 1.000000000000000000e+00
5.785790291961547638e+01 -2.385689126470948196e+01 -4.771378252941896325e-02 1.000000000000000000e+00
5.788648884003031014e+01 -2.373118335716754146e+01 -4.746236671433508997e-02 1.000000000000000000e+00
5.791507476044513680e+01 -2.360528152924285195e+01 -4.721056305848569945e-02 1.000000000000000000e+00
5.794366068085997057e+01 -2.347918680974758843e+01 -4.695837361949517508e-02 1.000000000000000000e+00
5.797224660127479723e+01 -2.335290022907020813e+01 -4.670580045814042014e-02 1.000000000000000000e+00
5.800083252168963099e+01 -2.322642281916679963e+01 -4.645284563833360775e-02 1.000000000000000000e+00
5.802941844210445765e+01 -2.309975561355311413e+01 -4.619951122710622138e-02 1.000000000000000000e+00
5.805800436251929142e+01 -2.297289964729551315e+01 -4.594579929459102763e-02 1.000000000000000000e+00
5.808659028293411808e+01 -2.284585595700302463e+01 -4.569171191400605431e-02 1.000000000000000000e+00
5.811517620334894474e+01 -2.271862558081864947e+01 -4.543725116163729871e-02 1.000000000000000000e+00
5.814376212376377850e+01 -2.259120955841077816e+01 -4.518241911682155387e-02 1.000000000000000000e+00
5.817234804417860516e+01 -2.246360893096495204e+01 -4.492721786192990785e-02 1.000000000000000000e+00
5.820093396459343893e+01 -2.233582474117516625e+01 -4.467164948235033406e-02 1.000000000000000000e+00
5.822951988500826559e+01 -2.220785803323544982e+01 -4.441571606647089915e-02 1.000000000000000000e+00
5.825810580542309935e+01 -2.207970985283116150e+01 -4.415941970566233249e-02 1.000000000000000000e+00
5.828669172583792601e+01 -2.195138124713070837e+01 -4.390276249426141447e-02 1.000000000000000000e+00
5.831527764625275267e+01 -2.182287326477682043e+01 -4.364574652955363621e-02 1.000000000000000000e+00
5.834386356666758644e+01 -2.169418695587791746e+01 -4.338837391175583147e-02 1.000000000000000000e+00
5.837244948708241310e+01 -2.156532337199972815e+01 -4.313064674399945397e-02 1.000000000000000000e+00
5.840103540749724687e+01 -2.143628356615656116e+01 -4.287256713231311911e-02 1.000000000000000000e+00
5.842962132791207353e+01 -2.130706859280275367e+01 -4.261413718560551345e-02 1.000000000000000000e+00
5.845820724832690729e+01 -2.117767950782389619e+01 -4.235535901564779770e-02 1.000000000000000000e+00
5.848679316874173395e+01 -2.104811736852860093e+01 -4.209623473705720320e-02 1.000000000000000000e+00
5.851537908915656772e+01 -2.091838323363932517e+01 -4.183676646727865767e-02 1.000000000000000000e+00
5.854396500957139438e+01 -2.078847816328416442e+01 -4.157695632656833312e-02 1.000000000000000000e+00
5.857255092998622104e+01 -2.065840321898800980e+01 -4.131680643797602109e-02 1.000000000000000000e+00
5.860113685040105480e+01 -2.052815946366376210e+01 -4.105631892732752863e-02 1.000000000000000000e+00
5.862972277081588146e+01 -2.039774796160389769e+01 -4.079549592320780294e-02 1.000000000000000000e+00
5.865830869123071523e+01 -2.026716977847160450e+01 -4.053433955694320939e-02 1.000000000000000000e+00
5.868689461164554189e+01 -2.013642598129214178e+01 -4.027285196258428845e-02 1.000000000000000000e+00
5.871548053206037565e+01 -2.000551763844398323e+01 -4.001103527688796430e-02 1.000000000000000000e+00
5.874406645247520231e+01 -1.987444581965029755e+01 -3.974889163930059310e-02 1.000000000000000000e+00
5.877265237289003608e+01 -1.974321159597008091e+01 -3.948642319194016481e-02 1.000000000000000000e+00
5.880123829330486274e+01 -1.961181603978946342e+01 -3.922363207957892811e-02 1.000000000000000000e+00
5.882982421371968940e+01 -1.948026022481278474e+01 -3.896052044962557137e-02 1.000000000000000000e+00
5.885841013413452316e+01 -1.934854522605407112e+01 -3.869709045210813908e-02 1.000000000000000000e+00
5.888699605454934982e+01 -1.921667211982812162e+01 -3.843334423965624747e-02 1.000000000000000000e+00
5.891558197496418359e+01 -1.908464198374156595e+01 -3.816928396748313357e-02 1.000000000000000000e+00
5.894416789537901025e+01 -1.895245589668448005e+01 -3.790491179336896721e-02 1.000000000000000000e+00
5.897275381579384401e+01 -1.882011493882103181e+01 -3.764022987764206740e-02 1.000000000000000000e+00
5.900133973620867067e+01 -1.868762019158106469e+01 -3.737524038316213104e-02 1.000000000000000000e+00
5.902992565662349733e+01 -1.855497273765113775e+01 -3.710994547530227505e-02 1.000000000000000000e+00
5.905851157703833110e+01 -1.842217366096553022e+01 -3.684434732193105771e-02 1.000000000000000000e+00
5.908709749745315776e+01 -1.828922404669762258e+01 -3.657844809339524245e-02 1.000000000000000000e+00
5.911568341786799152e+01 -1.815612498125090468e+01 -3.631224996250181219e-02 1.000000000000000000e+00
5.914426933828281818e+01 -1.802287755225013299e+01 -3.604575510450026832e-02 1.000000000000000000e+00
5.917285525869765195e+01 -1.788948284853230675e+01 -3.577896569706461721e-02 1.000000000000000000e+00
5.920144117911247861e+01 -1.775594196013801351e+01 -3.551188392027603002e-02 1.000000000000000000e+00
5.923002709952731237e+01 -1.762225597830235202e+01 -3.524451195660470437e-02 1.000000000000000000e+00
5.925861301994213903e+01 -1.748842599544609655e+01 -3.497685199089219099e-02 1.000000000000000000e+00
5.928719894035696569e+01 -1.735445310516660555e+01 -3.470890621033321383e-02 1.000000000000000000e+00
5.931578486077179946e+01 -1.722033840222914947e+01 -3.444067680445830198e-02 1.000000000000000000e+00
5.934437078118662612e+01 -1.708608298255781222e+01 -3.417216596511562371e-02 1.000000000000000000e+00
5.937295670160145988e+01 -1.695168794322638561e+01 -3.390337588645277178e-02 1.000000000000000000e+00
5.940154262201628654e+01 -1.681715438244987126e+01 -3.363430876489974936e-02 1.000000000000000000e+00
5.943012854243112031e+01 -1.668248339957490600e+01 -3.336496679914981861e-02 1.000000000000000000e+00
5.945871446284594697e+01 -1.654767609507124604e+01 -3.309535219014249352e-02 1.000000000000000000e+00
5.948730038326078073e+01 -1.641273357052255832e+01 -3.282546714104511709e-02 1.000000000000000000e+00
5.951588630367560739e+01 -1.627765692861751745e+01 -3.255531385723502841e-02 1.000000000000000000e+00
5.954447222409043405e+01 -1.614244727314060768e+01 -3.228489454628121619e-02 1.000000000000000000e+00
5.957305814450526782e+01 -1.600710570896337259e+01 -3.201421141792674951e-02 1.000000000000000000e+00
5.960164406492009448e+01 -1.587163334203525444e+01 -3.174326668407050772e-02 1.000000000000000000e+00
5.963022998533492824e+01 -1.573603127937442459e+01 -3.147206255874884784e-02 1.000000000000000000e+00
5.965881590574975490e+01 -1.560030062905899761e+01 -3.120060125811799367e-02 1.000000000000000000e+00
5.968740182616458867e+01 -1.546444250021779965e+01 -3.092888500043560265e-02 1.000000000000000000e+00
5.971598774657941533e+01 -1.532845800302140660e+01 -3.065691600604281142e-02 1.000000000000000000e+00
5.974457366699424199e+01 -1.519234824867288580e+01 -3.038469649734577144e-02 1.000000000000000000e+00
5.977315958740907575e+01 -1.505611434939896753e+01 -3.011222869879794095e-02 1.000000000000000000e+00
5.980174550782390241e+01 -1.491975741844085768e+01 -2.983951483688171424e-02 1.000000000000000000e+00
5.983033142823873618e+01 -1.478327857004493140e+01 -2.956655714008986358e-02 1.000000000000000000e+00
5.985891734865356284e+01 -1.464667891945412315e+01 -2.929335783890824746e-02 1.000000000000000000e+00
5.988750326906839661e+01 -1.450995958289821353e+01 -2.901991916579642686e-02 1.000000000000000000e+00
5.991608918948322327e+01 -1.437312167758516246e+01 -2.874624335517032836e-02 1.000000000000000000e+00
5.994467510989805703e+01 -1.423616632169179042e+01 -2.847233264338358202e-02 1.000000000000000000e+00
5.997326103031288369e+01 -1.409909463435469767e+01 -2.819818926870939699e-02 1.000000000000000000e+00
6.000184695072771035e+01 -1.396190773566097931e+01 -2.792381547132195829e-02 1.000000000000000000e+00
6.003043287114254412e+01 -1.382460674663929900e+01 -2.764921349327859740e-02 1.000000000000000000e+00
6.005901879155737078e+01 -1.368719278925062177e+01 -2.737438557850124451e-02 1.000000000000000000e+00
6.008760471197220454e+01 -1.354966698637890943e+01 -2.709933397275782196e-02 1.000000000000000000e+00
6.011619063238703120e+01 -1.341203046182220859e+01 -2.682406092364441816e-02 1.000000000000000000e+00
6.014477655280186497e+01 -1.327428434028327331e+01 -2.654856868056654912e-02 1.000000000000000000e+00
6.017336247321669163e+01 -1.313642974736049851e+01 -2.627285949472099591e-02 1.000000000000000000e+00
6.020194839363151829e+01 -1.299846780953850711e+01 -2.599693561907701067e-02 1.000000000000000000e+00
6.023053431404635205e+01 -1.286039965417923803e+01 -2.572079930835848016e-02 1.000000000000000000e+00
6.025912023446117871e+01 -1.272222640951259365e+01 -2.544445281902518730e-02 1.000000000000000000e+00
6.028770615487601248e+01 -1.258394920462703581e+01 -2.516789840925406918e-02 1.000000000000000000e+00
6.031629207529083914e+01 -1.244556916946084613e+01 -2.489113833892168948e-02 1.000000000000000000e+00
6.034487799570567290e+01 -1.230708743479229206e+01 -2.461417486958458745e-02 1.000000000000000000e+00
6.037346391612049956e+01 -1.216850513223085173e+01 -2.433701026446170521e-02 1.000000000000000000e+00
6.040204983653533333e+01 -1.202982339420775304e+01 -2.405964678841550353e-02 1.000000000000000000e+00
6.043063575695015999e+01 -1.189104335396680945e+01 -2.378208670793362234e-02 1.000000000000000000e+00
6.045922167736498665e+01 -1.175216614555498928e+01 -2.350433229110998265e-02 1.000000000000000000e+00
6.048780759777982041e+01 -1.161319290381340252e+01 -2.322638580762680441e-02 1.000000000000000000e+00
6.051639351819464707e+01 -1.147412476436789319e+01 -2.294824952873578822e-02 1.000000000000000000e+00
6.054497943860948084e+01 -1.133496286361964600e+01 -2.266992572723929358e-02 1.000000000000000000e+00
6.057356535902430750e+01 -1.119570833873614291e+01 -2.239141667747228739e-02 1.000000000000000000e+00
6.060215127943914126e+01 -1.105636232764171112e+01 -2.211272465528342501e-02 1.000000000000000000e+00
6.063073719985396792e+01 -1.091692596900829493e+01 -2.183385193801659629e-02 1.000000000000000000e+00
6.065932312026880169e+01 -1.077740040224595752e+01 -2.155480080449191649e-02 1.000000000000000000e+00
6.068790904068362835e+01 -1.063778676749402052e+01 -2.127557353498804246e-02 1.000000000000000000e+00
6.071649496109845501e+01 -1.049808620561120343e+01 -2.099617241122240727e-02 1.000000000000000000e+00
6.074508088151328877e+01 -1.035829985816655174e+01 -2.071659971633310615e-02 1.000000000000000000e+00
6.077366680192811543e+01 -1.021842886743038115e+01 -2.043685773486075830e-02 1.000000000000000000e+00
6.080225272234294920e+01 -1.007847437636435117e+01 -2.015694875272870321e-02 1.000000000000000000e+00
6.083083864275777586e+01 -9.938437528612638516e+00 -1.987687505722527531e-02 1.000000000000000000e+00
6.085942456317260962e+01 -9.798319468492350026e+00 -1.959663893698470119e-02 1.000000000000000000e+00
6.088801048358743628e+01 -9.658121340984269665e+00 -1.931624268196853803e-02 1.000000000000000000e+00
6.091659640400226294e+01 -9.517844291723317696e+00 -1.903568858344664022e-02 1.000000000000000000e+00
6.094518232441709671e+01 -9.377489466989471723e+00 -1.875497893397894481e-02 1.000000000000000000e+00
6.097376824483192337e+01 -9.237058013698240089e+00 -1.847411602739648315e-02 1.000000000000000000e+00
6.100235416524675713e+01 -9.096551079391181460e+00 -1.819310215878236145e-02 1.000000000000000000e+00
6.103094008566158379e+01 -8.955969812226779680e+00 -1.791193962445355656e-02 1.000000000000000000e+00
6.105952600607641756e+01 -8.815315360970888747e+00 -1.763063072194177849e-02 1.000000000000000000e+00
6.108811192649124422e+01 -8.674588874987435361e+00 -1.734917774997487422e-02 1.000000000000000000e+00
6.111669784690607798e+01 -8.533791504228807057e+00 -1.706758300845761731e-02 1.000000000000000000e+00
6.114528376732090464e+01 -8.392924399226931342e+00 -1.678584879845386110e-02 1.000000000000000000e+00
6.117386968773573130e+01 -8.251988711083310335e+00 -1.650397742216662064e-02 1.000000000000000000e+00
6.120245560815056507e+01 -8.110985591459879629e+00 -1.622197118291976090e-02 1.000000000000000000e+00
6.123104152856539173e+01 -7.969916192569854729e+00 -1.593983238513970932e-02 1.000000000000000000e+00
6.125962744898022549e+01 -7.828781667167747038e+00 -1.565756333433549613e-02 1.000000000000000000e+00
6.128821336939505215e+01 -7.687583168540430556e+00 -1.537516633708086236e-02 1.000000000000000000e+00
6.131679928980988592e+01 -7.546321850497492711e+00 -1.509264370099498535e-02 1.000000000000000000e+00
6.134538521022471258e+01 -7.404998867361895165e+00 -1.480999773472379405e-02 1.000000000000000000e+00
6.137397113063954635e+01 -7.263615373960374377e+00 -1.452723074792074826e-02 1.000000000000000000e+00
6.140255705105437301e+01 -7.122172525614248073e+00 -1.424434505122849741e-02 1.000000000000000000e+00
6.143114297146919967e+01 -6.980671478129868213e+00 -1.396134295625973791e-02 1.000000000000000000e+00
6.145972889188403343e+01 -6.839113387789023335e+00 -1.367822677557804789e-02 1.000000000000000000e+00
6.148831481229886009e+01 -6.697499411339767228e+00 -1.339499882267953385e-02 1.000000000000000000e+00
6.151690073271369386e+01 -6.555830705986778639e+00 -1.311166141197355785e-02 1.000000000000000000e+00
6.154548665312852052e+01 -6.414108429382008758e+00 -1.282821685876401642e-02 1.000000000000000000e+00
6.157407257354335428e+01 -6.272333739614985859e+00 -1.254466747922997061e-02 1.000000000000000000e+00
6.160265849395818094e+01 -6.130507795203845589e+00 -1.226101559040769159e-02 1.000000000000000000e+00
6.163124441437300760e+01 -5.988631755085287445e+00 -1.197726351017057433e-02 1.000000000000000000e+00
6.165983033478784137e+01 -5.846706778605371468e+00 -1.169341355721074255e-02 1.000000000000000000e+00
6.168841625520266803e+01 -5.704734025510307838e+00 -1.140946805102061555e-02 1.000000000000000000e+00
6.171700217561750179e+01 -5.562714655936404462e+00 -1.112542931187280974e-02 1.000000000000000000e+00
6.174558809603232845e+01 -5.420649830401077729e+00 -1.084129966080215474e-02 1.000000000000000000e+00
6.177417401644716222e+01 -5.278540709793141161e+00 -1.055708141958628353e-02 1.000000000000000000e+00
6.180275993686198888e+01 -5.136388455363416483e+00 -1.027277691072683331e-02 1.000000000000000000e+00
6.183134585727682264e+01 -4.994194228715057804e+00 -9.988388457430115441e-03 1.000000000000000000e+00
6.185993177769164930e+01 -4.851959191794333215e+00 -9.703918383588666652e-03 1.000000000000000000e+00
6.188851769810647596e+01 -4.709684506880991606e+00 -9.419369013761983225e-03 1.000000000000000000e+00
6.191710361852130973e+01 -4.567371336578634811e+00 -9.134742673157270759e-03 1.000000000000000000e+00
6.194568953893613639e+01 -4.425020843805484105e+00 -8.850041687610969363e-03 1.000000000000000000e+00
6.197427545935097015e+01 -4.282634191784696398e+00 -8.565268383569392407e-03 1.000000000000000000e+00
6.200286137976579681e+01 -4.140212544034949538e+00 -8.280425088069899575e-03 1.000000000000000000e+00
6.203144730018063058e+01 -3.997757064360716317e+00 -7.995514128721433258e-03 1.000000000000000000e+00
6.206003322059545724e+01 -3.855268916843237026e+00 -7.710537833686473969e-03 1.000000000000000000e+00
6.208861914101028390e+01 -3.712749265830430634e+00 -7.425498531660861164e-03 1.000000000000000000e+00
6.211720506142511766e+01 -3.570199275927650184e+00 -7.140398551855301097e-03 1.000000000000000000e+00
6.214579098183994432e+01 -3.427620111988432861e+00 -6.855240223976865124e-03 1.000000000000000000e+00
6.217437690225477809e+01 -3.285012939104396956e+00 -6.570025878208794051e-03 1.000000000000000000e+00
6.220296282266960475e+01 -3.142378922596217983e+00 -6.284757845192436194e-03 1.000000000000000000e+00
6.223154874308443851e+01 -2.999719228003880023e+00 -5.999438456007760365e-03 1.000000000000000000e+00
6.226013466349926517e+01 -2.857035021077241943e+00 -5.714070042154484677e-03 1.000000000000000000e+00
6.228872058391409894e+01 -2.714327467766331825e+00 -5.428654935532664996e-03 1.000000000000000000e+00
6.231730650432892560e+01 -2.571597734212088149e+00 -5.143195468424176763e-03 1.000000000000000000e+00
6.234589242474375226e+01 -2.428846986736693747e+00 -4.857693973473388438e-03 1.000000000000000000e+00
6.237447834515858602e+01 -2.286076391833918198e+00 -4.572152783667836687e-03 1.000000000000000000e+00
6.240306426557341268e+01 -2.143287116159844796e+00 -4.286574232319689121e-03 1.000000000000000000e+00
6.243165018598824645e+01 -2.000480326523164987e+00 -4.000960653046330140e-03 1.000000000000000000e+00
6.246023610640307311e+01 -1.857657189875730586e+00 -3.715314379751461990e-03 1.000000000000000000e+00
6.248882202681790687e+01 -1.714818873302796032e+00 -3.429637746605592157e-03 1.000000000000000000e+00
6.251740794723273353e+01 -1.571966544013969624e+00 -3.143933088027939336e-03 1.000000000000000000e+00
6.254599386764756730e+01 -1.429101369333054983e+00 -2.858202738666110274e-03 1.000000000000000000e+00
6.257457978806239396e+01 -1.286224516688999175e+00 -2.572449033377998805e-03 1.000000000000000000e+00
6.260316570847722062e+01 -1.143337153606177159e+00 -2.286674307212354339e-03 1.000000000000000000e+00
6.263175162889205438e+01 -1.000440447694715962e+00 -2.000880895389432323e-03 1.000000000000000000e+00
6.266033754930688104e+01 -8.575355666412227684e-01 -1.715071133282445497e-03 1.000000000000000000e+00
6.268892346972171481e+01 -7.146236781990624731e-01 -1.429247356398125231e-03 1.000000000000000000e+00
6.271750939013654147e+01 -5.717059501789064635e-01 -1.143411900357813038e-03 1.000000000000000000e+00
6.274609531055137523e+01 -4.287835504390107300e-01 -8.575671008780214825e-04 1.000000000000000000e+00
6.277468123096620189e+01 -2.858576468759398970e-01 -5.717152937518797922e-04 1.000000000000000000e+00
6.280326715138102855e+01 -1.429294074148901028e-01 -2.858588148297802546e-04 1.000000000000000000e+00
6.283185307179586232e+01 -1.224646799147353059e-14 -2.449293598294706538e-17 1.000000000000000000e+00
