0.000000000000000000e+00 0.000000000000000000e+00 -7.500000000000000000e-01 1.000000000000000000e+00
7.152988737681678644e-03 2.861179879762052250e-02 -7.499877203740172860e-01 1.000000000000000000e+00
1.430597747536335729e-02 5.722266068273992173e-02 -7.499508818981739378e-01 1.000000000000000000e+00
2.145896621304503593e-02 8.583164877353684219e-02 -7.498894857787703483e-01 1.000000000000000000e+00
2.861195495072671457e-02 1.144378262495486798e-01 -7.498035340262634296e-01 1.000000000000000000e+00
3.576494368840839322e-02 1.430402563823482132e-01 -7.496930294552009988e-01 1.000000000000000000e+00
4.291793242609007186e-02 1.716380025662174458e-01 -7.495579756841290742e-01 1.000000000000000000e+00
5.007092116377175051e-02 2.002301283488176487e-01 -7.493983771354739698e-01 1.000000000000000000e+00
5.722390990145342915e-02 2.288156974618535955e-01 -7.492142390353968562e-01 1.000000000000000000e+00
6.437689863913510779e-02 2.573937738517327323e-01 -7.490055674136228969e-01 1.000000000000000000e+00
7.152988737681678644e-02 2.859634217102166587e-01 -7.487723691032444062e-01 1.000000000000000000e+00
7.868287611449846508e-02 3.145237055050651431e-01 -7.485146517404958066e-01 1.000000000000000000e+00
8.583586485218014372e-02 3.430736900106702292e-01 -7.482324237645047171e-01 1.000000000000000000e+00
9.298885358986182237e-02 3.716124403386810715e-01 -7.479256944170151744e-01 1.000000000000000000e+00
1.001418423275435010e-01 4.001390219686174476e-01 -7.475944737420848751e-01 1.000000000000000000e+00
1.072948310652251797e-01 4.286525007784717789e-01 -7.472387725857566609e-01 1.000000000000000000e+00
1.144478198029068583e-01 4.571519430752964963e-01 -7.468586025957026919e-01 1.000000000000000000e+00
1.216008085405885369e-01 4.856364156257791942e-01 -7.464539762208438622e-01 1.000000000000000000e+00
1.287537972782702156e-01 5.141049856868019630e-01 -7.460249067109416821e-01 1.000000000000000000e+00
1.359067860159519081e-01 5.425567210359849568e-01 -7.455714081161644025e-01 1.000000000000000000e+00
1.430597747536335729e-01 5.709906900022109211e-01 -7.450934952866269390e-01 1.000000000000000000e+00
1.502127634913152376e-01 5.994059614961361193e-01 -7.445911838719049269e-01 1.000000000000000000e+00
1.573657522289969302e-01 6.278016050406776127e-01 -7.440644903205216876e-01 1.000000000000000000e+00
1.645187409666786227e-01 6.561766908014825539e-01 -7.435134318794101027e-01 1.000000000000000000e+00
1.716717297043602874e-01 6.845302896173762752e-01 -7.429380265933477334e-01 1.000000000000000000e+00
1.788247184420419522e-01 7.128614730307893943e-01 -7.423382933043655152e-01 1.000000000000000000e+00
1.859777071797236447e-01 7.411693133181590509e-01 -7.417142516511316952e-01 1.000000000000000000e+00
1.931306959174053373e-01 7.694528835203090500e-01 -7.410659220683079029e-01 1.000000000000000000e+00
2.002836846550870020e-01 7.977112574728034700e-01 -7.403933257858799077e-01 1.000000000000000000e+00
2.074366733927686668e-01 8.259435098362735150e-01 -7.396964848284632854e-01 1.000000000000000000e+00
2.145896621304503593e-01 8.541487161267210526e-01 -7.389754220145816621e-01 1.000000000000000000e+00
2.217426508681320518e-01 8.823259527457882889e-01 -7.382301609559195343e-01 1.000000000000000000e+00
2.288956396058137166e-01 9.104742970110031308e-01 -7.374607260565488875e-01 1.000000000000000000e+00
2.360486283434953814e-01 9.385928271859936833e-01 -7.366671425121305017e-01 1.000000000000000000e+00
2.432016170811770739e-01 9.666806225106704398e-01 -7.358494363090888335e-01 1.000000000000000000e+00
2.503546058188587664e-01 9.947367632313754982e-01 -7.350076342237604754e-01 1.000000000000000000e+00
2.575075945565404312e-01 1.022760330631004244e+00 -7.341417638215184116e-01 1.000000000000000000e+00
2.646605832942220959e-01 1.050750407059086289e+00 -7.332518534558685186e-01 1.000000000000000000e+00
2.718135720319038162e-01 1.078706075961835431e+00 -7.323379322675209746e-01 1.000000000000000000e+00
2.789665607695854810e-01 1.106626421912163094e+00 -7.314000301834369111e-01 1.000000000000000000e+00
2.861195495072671457e-01 1.134510530639654124e+00 -7.304381779158479748e-01 1.000000000000000000e+00
2.932725382449488105e-01 1.162357489060506399e+00 -7.294524069612504658e-01 1.000000000000000000e+00
3.004255269826304753e-01 1.190166385307428021e+00 -7.284427495993737178e-01 1.000000000000000000e+00
3.075785157203121956e-01 1.217936308759500319e+00 -7.274092388921239438e-01 1.000000000000000000e+00
3.147315044579938603e-01 1.245666350071993111e+00 -7.263519086825009907e-01 1.000000000000000000e+00
3.218844931956755251e-01 1.273355601206143772e+00 -7.252707935934903372e-01 1.000000000000000000e+00
3.290374819333572454e-01 1.301003155458893001e+00 -7.241659290269291116e-01 1.000000000000000000e+00
3.361904706710389101e-01 1.328608107492571966e+00 -7.230373511623469085e-01 1.000000000000000000e+00
3.433434594087205749e-01 1.356169553364550362e+00 -7.218850969557811803e-01 1.000000000000000000e+00
3.504964481464022397e-01 1.383686590556837404e+00 -7.207092041385673165e-01 1.000000000000000000e+00
3.576494368840839044e-01 1.411158318005632850e+00 -7.195097112161024100e-01 1.000000000000000000e+00
3.648024256217656247e-01 1.438583836130835403e+00 -7.182866574665852655e-01 1.000000000000000000e+00
3.719554143594472895e-01 1.465962246865497809e+00 -7.170400829397294284e-01 1.000000000000000000e+00
3.791084030971289542e-01 1.493292653685236893e+00 -7.157700284554519010e-01 1.000000000000000000e+00
3.862613918348106745e-01 1.520574161637589850e+00 -7.144765356025369885e-01 1.000000000000000000e+00
3.934143805724923393e-01 1.547805877371318806e+00 -7.131596467372738335e-01 1.000000000000000000e+00
4.005673693101740040e-01 1.574986909165667193e+00 -7.118194049820696367e-01 1.000000000000000000e+00
4.077203580478556688e-01 1.602116366959556171e+00 -7.104558542240377861e-01 1.000000000000000000e+00
4.148733467855373336e-01 1.629193362380733312e+00 -7.090690391135603399e-01 1.000000000000000000e+00
4.220263355232190539e-01 1.656217008774861110e+00 -7.076590050628263073e-01 1.000000000000000000e+00
4.291793242609007186e-01 1.683186421234551533e+00 -7.062257982443445048e-01 1.000000000000000000e+00
4.363323129985823834e-01 1.710100716628344175e+00 -7.047694655894312099e-01 1.000000000000000000e+00
4.434853017362641037e-01 1.736959013629621795e+00 -7.032900547866741681e-01 1.000000000000000000e+00
4.506382904739457684e-01 1.763760432745474116e+00 -7.017876142803701756e-01 1.000000000000000000e+00
4.577912792116274332e-01 1.790504096345494123e+00 -7.002621932689392370e-01 1.000000000000000000e+00
4.649442679493090980e-01 1.817189128690517519e+00 -6.987138417033129656e-01 1.000000000000000000e+00
4.720972566869907627e-01 1.843814655961300897e+00 -6.971426102853002238e-01 1.000000000000000000e+00
4.792502454246724830e-01 1.870379806287133739e+00 -6.955485504659248974e-01 1.000000000000000000e+00
4.864032341623541478e-01 1.896883709774388471e+00 -6.939317144437429086e-01 1.000000000000000000e+00
4.935562229000358125e-01 1.923325498535006339e+00 -6.922921551631320281e-01 1.000000000000000000e+00
5.007092116377175328e-01 1.949704306714918012e+00 -6.906299263125578181e-01 1.000000000000000000e+00
5.078622003753991976e-01 1.976019270522394233e+00 -6.889450823228171483e-01 1.000000000000000000e+00
5.150151891130808623e-01 2.002269528256332531e+00 -6.872376783652535126e-01 1.000000000000000000e+00
5.221681778507625271e-01 2.028454220334475089e+00 -6.855077703499523611e-01 1.000000000000000000e+00
5.293211665884441919e-01 2.054572489321554674e+00 -6.837554149239097878e-01 1.000000000000000000e+00
5.364741553261258566e-01 2.080623479957372179e+00 -6.819806694691766813e-01 1.000000000000000000e+00
5.436271440638076324e-01 2.106606339184804888e+00 -6.801835921009811159e-01 1.000000000000000000e+00
5.507801328014892972e-01 2.132520216177735239e+00 -6.783642416658238750e-01 1.000000000000000000e+00
5.579331215391709620e-01 2.158364262368919206e+00 -6.765226777395528801e-01 1.000000000000000000e+00
5.650861102768526267e-01 2.184137631477765851e+00 -6.746589606254114191e-01 1.000000000000000000e+00
5.722390990145342915e-01 2.209839479538055151e+00 -6.727731513520638362e-01 1.000000000000000000e+00
5.793920877522159563e-01 2.235468964925569679e+00 -6.708653116715965758e-01 1.000000000000000000e+00
5.865450764898976210e-01 2.261025248385656994e+00 -6.689355040574971323e-01 1.000000000000000000e+00
5.936980652275792858e-01 2.286507493060710772e+00 -6.669837917026075758e-01 1.000000000000000000e+00
6.008510539652609506e-01 2.311914864517573776e+00 -6.650102385170549857e-01 1.000000000000000000e+00
6.080040427029427264e-01 2.337246530774864439e+00 -6.630149091261593464e-01 1.000000000000000000e+00
6.151570314406243911e-01 2.362501662330215524e+00 -6.609978688683169068e-01 1.000000000000000000e+00
6.223100201783060559e-01 2.387679432187440831e+00 -6.589591837928610030e-01 1.000000000000000000e+00
6.294630089159877206e-01 2.412779015883616651e+00 -6.568989206578990103e-01 1.000000000000000000e+00
6.366159976536693854e-01 2.437799591516074837e+00 -6.548171469281260926e-01 1.000000000000000000e+00
6.437689863913510502e-01 2.462740339769321718e+00 -6.527139307726164130e-01 1.000000000000000000e+00
6.509219751290327149e-01 2.487600443941862416e+00 -6.505893410625902540e-01 1.000000000000000000e+00
6.580749638667144907e-01 2.512379089972946566e+00 -6.484434473691601530e-01 1.000000000000000000e+00
6.652279526043961555e-01 2.537075466469227436e+00 -6.462763199610509490e-01 1.000000000000000000e+00
6.723809413420778203e-01 2.561688764731325563e+00 -6.440880298023003991e-01 1.000000000000000000e+00
6.795339300797594850e-01 2.586218178780318677e+00 -6.418786485499340388e-01 1.000000000000000000e+00
6.866869188174411498e-01 2.610662905384123711e+00 -6.396482485516197247e-01 1.000000000000000000e+00
6.938399075551228146e-01 2.635022144083809970e+00 -6.373969028432983075e-01 1.000000000000000000e+00
7.009928962928044793e-01 2.659295097219801285e+00 -6.351246851467916565e-01 1.000000000000000000e+00
7.081458850304861441e-01 2.683480969958001783e+00 -6.328316698673892571e-01 1.000000000000000000e+00
7.152988737681678089e-01 2.707578970315822176e+00 -6.305179320914107155e-01 1.000000000000000000e+00
7.224518625058495847e-01 2.731588309188111907e+00 -6.281835475837485028e-01 1.000000000000000000e+00
7.296048512435312494e-01 2.755508200372999816e+00 -6.258285927853854957e-01 1.000000000000000000e+00
7.367578399812129142e-01 2.779337860597640653e+00 -6.234531448108926455e-01 1.000000000000000000e+00
7.439108287188945789e-01 2.803076509543861228e+00 -6.210572814459036639e-01 1.000000000000000000e+00
7.510638174565762437e-01 2.826723369873714198e+00 -6.186410811445682834e-01 1.000000000000000000e+00
7.582168061942579085e-01 2.850277667254930147e+00 -6.162046230269822011e-01 1.000000000000000000e+00
7.653697949319395732e-01 2.873738630386278192e+00 -6.137479868765973734e-01 1.000000000000000000e+00
7.725227836696213490e-01 2.897105491022818224e+00 -6.112712531376085501e-01 1.000000000000000000e+00
7.796757724073030138e-01 2.920377484001058566e+00 -6.087745029123197149e-01 1.000000000000000000e+00
7.868287611449846786e-01 2.943553847264015033e+00 -6.062578179584882099e-01 1.000000000000000000e+00
7.939817498826663433e-01 2.966633821886159428e+00 -6.037212806866469883e-01 1.000000000000000000e+00
8.011347386203480081e-01 2.989616652098276095e+00 -6.011649741574067729e-01 1.000000000000000000e+00
8.082877273580296729e-01 3.012501585312208352e+00 -5.985889820787358984e-01 1.000000000000000000e+00
8.154407160957113376e-01 3.035287872145500998e+00 -5.959933888032188376e-01 1.000000000000000000e+00
8.225937048333930024e-01 3.057974766445941128e+00 -5.933782793252948551e-01 1.000000000000000000e+00
8.297466935710746672e-01 3.080561525315990590e+00 -5.907437392784737895e-01 1.000000000000000000e+00
8.368996823087564429e-01 3.103047409137114077e+00 -5.880898549325328517e-01 1.000000000000000000e+00
8.440526710464381077e-01 3.125431681593994870e+00 -5.854167131906912180e-01 1.000000000000000000e+00
8.512056597841197725e-01 3.147713609698651105e+00 -5.827244015867643068e-01 1.000000000000000000e+00
8.583586485218014372e-01 3.169892463814432571e+00 -5.800130082822975153e-01 1.000000000000000000e+00
8.655116372594831020e-01 3.191967517679919375e+00 -5.772826220636791961e-01 1.000000000000000000e+00
8.726646259971647668e-01 3.213938048432696704e+00 -5.745333323392336489e-01 1.000000000000000000e+00
8.798176147348464315e-01 3.235803336633030103e+00 -5.717652291362927963e-01 1.000000000000000000e+00
8.869706034725282073e-01 3.257562666287425301e+00 -5.689784030982487639e-01 1.000000000000000000e+00
8.941235922102098721e-01 3.279215324872066795e+00 -5.661729454815853657e-01 1.000000000000000000e+00
9.012765809478915369e-01 3.300760603356159617e+00 -5.633489481528899390e-01 1.000000000000000000e+00
9.084295696855732016e-01 3.322197796225137001e+00 -5.605065035858450839e-01 1.000000000000000000e+00
9.155825584232548664e-01 3.343526201503774775e+00 -5.576457048582004195e-01 1.000000000000000000e+00
9.227355471609365312e-01 3.364745120779164544e+00 -5.547666456487250208e-01 1.000000000000000000e+00
9.298885358986181959e-01 3.385853859223594053e+00 -5.518694202341398736e-01 1.000000000000000000e+00
9.370415246362998607e-01 3.406851725617294768e+00 -5.489541234860300101e-01 1.000000000000000000e+00
9.441945133739815255e-01 3.427738032371077548e+00 -5.460208508677386607e-01 1.000000000000000000e+00
9.513475021116633012e-01 3.448512095548850187e+00 -5.430696984312407549e-01 1.000000000000000000e+00
9.585004908493449660e-01 3.469173234890008839e+00 -5.401007628139983252e-01 1.000000000000000000e+00
9.656534795870266308e-01 3.489720773831717970e+00 -5.371141412357949285e-01 1.000000000000000000e+00
9.728064683247082955e-01 3.510154039531063308e+00 -5.341099314955533028e-01 1.000000000000000000e+00
9.799594570623899603e-01 3.530472362887082216e+00 -5.310882319681319297e-01 1.000000000000000000e+00
9.871124458000716251e-01 3.550675078562679943e+00 -5.280491416011041661e-01 1.000000000000000000e+00
9.942654345377532898e-01 3.570761525006408199e+00 -5.249927599115182808e-01 1.000000000000000000e+00
1.001418423275435066e+00 3.590731044474135381e+00 -5.219191869826380614e-01 1.000000000000000000e+00
1.008571412013116619e+00 3.610582983050581340e+00 -5.188285234606664353e-01 1.000000000000000000e+00
1.015724400750798395e+00 3.630316690670730928e+00 -5.157208705514486624e-01 1.000000000000000000e+00
1.022877389488479949e+00 3.649931521141119184e+00 -5.125963300171595405e-01 1.000000000000000000e+00
1.030030378226161725e+00 3.669426832160996188e+00 -5.094550041729697387e-01 1.000000000000000000e+00
1.037183366963843500e+00 3.688801985343353351e+00 -5.062969958836966988e-01 1.000000000000000000e+00
1.044336355701525054e+00 3.708056346235833800e+00 -5.031224085604353302e-01 1.000000000000000000e+00
1.051489344439206830e+00 3.727189284341501985e+00 -4.999313461571722739e-01 1.000000000000000000e+00
1.058642333176888384e+00 3.746200173139493828e+00 -4.967239131673817365e-01 1.000000000000000000e+00
1.065795321914570160e+00 3.765088390105533200e+00 -4.935002146206035611e-01 1.000000000000000000e+00
1.072948310652251713e+00 3.783853316732313843e+00 -4.902603560790044224e-01 1.000000000000000000e+00
1.080101299389933489e+00 3.802494338549752495e+00 -4.870044436339203697e-01 1.000000000000000000e+00
1.087254288127615265e+00 3.821010845145116352e+00 -4.837325839023837171e-01 1.000000000000000000e+00
1.094407276865296819e+00 3.839402230183000864e+00 -4.804448840236313356e-01 1.000000000000000000e+00
1.101560265602978594e+00 3.857667891425196061e+00 -4.771414516555958496e-01 1.000000000000000000e+00
1.108713254340660148e+00 3.875807230750399679e+00 -4.738223949713813443e-01 1.000000000000000000e+00
1.115866243078341924e+00 3.893819654173803713e+00 -4.704878226557202003e-01 1.000000000000000000e+00
1.123019231816023478e+00 3.911704571866548630e+00 -4.671378439014148842e-01 1.000000000000000000e+00
1.130172220553705253e+00 3.929461398175034592e+00 -4.637725684057615871e-01 1.000000000000000000e+00
1.137325209291386807e+00 3.947089551640099003e+00 -4.603921063669588754e-01 1.000000000000000000e+00
1.144478198029068583e+00 3.964588455016059054e+00 -4.569965684804985773e-01 1.000000000000000000e+00
1.151631186766750359e+00 3.981957535289611272e+00 -4.535860659355414048e-01 1.000000000000000000e+00
1.158784175504431913e+00 3.999196223698597841e+00 -4.501607104112760327e-01 1.000000000000000000e+00
1.165937164242113688e+00 4.016303955750628596e+00 -4.467206140732613573e-01 1.000000000000000000e+00
1.173090152979795242e+00 4.033280171241567125e+00 -4.432658895697546009e-01 1.000000000000000000e+00
1.180243141717477018e+00 4.050124314273875648e+00 -4.397966500280215962e-01 1.000000000000000000e+00
1.187396130455158572e+00 4.066835833274818235e+00 -4.363130090506333048e-01 1.000000000000000000e+00
1.194549119192840347e+00 4.083414181014519251e+00 -4.328150807117449039e-01 1.000000000000000000e+00
1.201702107930521901e+00 4.099858814623885017e+00 -4.293029795533610526e-01 1.000000000000000000e+00
1.208855096668203677e+00 4.116169195612385145e+00 -4.257768205815846141e-01 1.000000000000000000e+00
1.216008085405885453e+00 4.132344789885674885e+00 -4.222367192628514454e-01 1.000000000000000000e+00
1.223161074143567006e+00 4.148385067763094902e+00 -4.186827915201484229e-01 1.000000000000000000e+00
1.230314062881248782e+00 4.164289503995009412e+00 -4.151151537292180338e-01 1.000000000000000000e+00
1.237467051618930336e+00 4.180057577780011968e+00 -4.115339227147476464e-01 1.000000000000000000e+00
1.244620040356612112e+00 4.195688772781969611e+00 -4.079392157465433488e-01 1.000000000000000000e+00
1.251773029094293666e+00 4.211182577146942663e+00 -4.043311505356911861e-01 1.000000000000000000e+00
1.258926017831975441e+00 4.226538483519936662e+00 -4.007098452307009673e-01 1.000000000000000000e+00
1.266079006569657217e+00 4.241755989061519294e+00 -3.970754184136386922e-01 1.000000000000000000e+00
1.273231995307338771e+00 4.256834595464288107e+00 -3.934279890962432136e-01 1.000000000000000000e+00
1.280384984045020547e+00 4.271773808969184572e+00 -3.897676767160281885e-01 1.000000000000000000e+00
1.287537972782702100e+00 4.286573140381661595e+00 -3.860946011323729832e-01 1.000000000000000000e+00
1.294690961520383876e+00 4.301232105087708923e+00 -3.824088826225953142e-01 1.000000000000000000e+00
1.301843950258065430e+00 4.315750223069716895e+00 -3.787106418780148420e-01 1.000000000000000000e+00
1.308996938995747206e+00 4.330127018922192761e+00 -3.749999999999998335e-01 1.000000000000000000e+00
1.316149927733428981e+00 4.344362021867337553e+00 -3.712770784960022219e-01 1.000000000000000000e+00
1.323302916471110535e+00 4.358454765770448880e+00 -3.675419992755784016e-01 1.000000000000000000e+00
1.330455905208792311e+00 4.372404789155198479e+00 -3.637948846463969210e-01 1.000000000000000000e+00
1.337608893946473865e+00 4.386211635218733029e+00 -3.600358573102347415e-01 1.000000000000000000e+00
1.344761882684155641e+00 4.399874851846636403e+00 -3.562650403589574521e-01 1.000000000000000000e+00
1.351914871421837194e+00 4.413393991627737378e+00 -3.524825572704899379e-01 1.000000000000000000e+00
1.359067860159518970e+00 4.426768611868753034e+00 -3.486885319047725584e-01 1.000000000000000000e+00
1.366220848897200524e+00 4.439998274608795370e+00 -3.448830884997053925e-01 1.000000000000000000e+00
1.373373837634882300e+00 4.453082546633701178e+00 -3.410663516670793260e-01 1.000000000000000000e+00
1.380526826372564075e+00 4.466020999490227794e+00 -3.372384463884964267e-01 1.000000000000000000e+00
1.387679815110245629e+00 4.478813209500073889e+00 -3.333994980112775508e-01 1.000000000000000000e+00
1.394832803847927405e+00 4.491458757773764354e+00 -3.295496322443560722e-01 1.000000000000000000e+00
1.401985792585608959e+00 4.503957230224354902e+00 -3.256889751541634515e-01 1.000000000000000000e+00
1.409138781323290734e+00 4.516308217581001649e+00 -3.218176531605000390e-01 1.000000000000000000e+00
1.416291770060972288e+00 4.528511315402356630e+00 -3.179357930323954973e-01 1.000000000000000000e+00
1.423444758798654064e+00 4.540566124089814082e+00 -3.140435218839576770e-01 1.000000000000000000e+00
1.430597747536335618e+00 4.552472248900595986e+00 -3.101409671702105020e-01 1.000000000000000000e+00
1.437750736274017394e+00 4.564229299960677722e+00 -3.062282566829199748e-01 1.000000000000000000e+00
1.444903725011699169e+00 4.575836892277551193e+00 -3.023055185464096906e-01 1.000000000000000000e+00
1.452056713749380723e+00 4.587294645752837852e+00 -2.983728812133654706e-01 1.000000000000000000e+00
1.459209702487062499e+00 4.598602185194732073e+00 -2.944304734606287277e-01 1.000000000000000000e+00
1.466362691224744053e+00 4.609759140330287330e+00 -2.904784243849801717e-01 1.000000000000000000e+00
1.473515679962425828e+00 4.620765145817539832e+00 -2.865168633989115254e-01 1.000000000000000000e+00
1.480668668700107382e+00 4.631619841257474057e+00 -2.825459202263888026e-01 1.000000000000000000e+00
1.487821657437789158e+00 4.642322871205822210e+00 -2.785657248986039281e-01 1.000000000000000000e+00
1.494974646175470934e+00 4.652873885184707348e+00 -2.745764077497168110e-01 1.000000000000000000e+00
1.502127634913152487e+00 4.663272537694112430e+00 -2.705780994125873695e-01 1.000000000000000000e+00
1.509280623650834263e+00 4.673518488223201928e+00 -2.665709308144983414e-01 1.000000000000000000e+00
1.516433612388515817e+00 4.683611401261468465e+00 -2.625550331728673803e-01 1.000000000000000000e+00
1.523586601126197593e+00 4.693550946309721361e+00 -2.585305379909502155e-01 1.000000000000000000e+00
1.530739589863879146e+00 4.703336797890902865e+00 -2.544975770535356507e-01 1.000000000000000000e+00
1.537892578601560922e+00 4.712968635560755182e+00 -2.504562824226283513e-01 1.000000000000000000e+00
1.545045567339242698e+00 4.722446143918307193e+00 -2.464067864331259683e-01 1.000000000000000000e+00
1.552198556076924252e+00 4.731769012616203973e+00 -2.423492216884849393e-01 1.000000000000000000e+00
1.559351544814606028e+00 4.740936936370869326e+00 -2.382837210563785169e-01 1.000000000000000000e+00
1.566504533552287581e+00 4.749949614972505785e+00 -2.342104176643460267e-01 1.000000000000000000e+00
1.573657522289969357e+00 4.758806753294918757e+00 -2.301294448954327720e-01 1.000000000000000000e+00
1.580810511027650911e+00 4.767508061305189671e+00 -2.260409363838240537e-01 1.000000000000000000e+00
1.587963499765332687e+00 4.776053254073158172e+00 -2.219450260104670059e-01 1.000000000000000000e+00
1.595116488503014240e+00 4.784442051780772864e+00 -2.178418478986882678e-01 1.000000000000000000e+00
1.602269477240696016e+00 4.792674179731235995e+00 -2.137315364098013593e-01 1.000000000000000000e+00
1.609422465978377792e+00 4.800749368358009583e+00 -2.096142261387069494e-01 1.000000000000000000e+00
1.616575454716059346e+00 4.808667353233635922e+00 -2.054900519094857159e-01 1.000000000000000000e+00
1.623728443453741122e+00 4.816427875078400866e+00 -2.013591487709824879e-01 1.000000000000000000e+00
1.630881432191422675e+00 4.824030679768823049e+00 -1.972216519923860045e-01 1.000000000000000000e+00
1.638034420929104451e+00 4.831475518345976994e+00 -1.930776970587969321e-01 1.000000000000000000e+00
1.645187409666786005e+00 4.838762147023635940e+00 -1.889274196667932726e-01 1.000000000000000000e+00
1.652340398404467781e+00 4.845890327196268998e+00 -1.847709557199859465e-01 1.000000000000000000e+00
1.659493387142149334e+00 4.852859825446846465e+00 -1.806084413245688802e-01 1.000000000000000000e+00
1.666646375879831110e+00 4.859670413554483481e+00 -1.764400127848615996e-01 1.000000000000000000e+00
1.673799364617512886e+00 4.866321868501914061e+00 -1.722658065988464382e-01 1.000000000000000000e+00
1.680952353355194440e+00 4.872813972482792799e+00 -1.680859594536992796e-01 1.000000000000000000e+00
1.688105342092876215e+00 4.879146512908831390e+00 -1.639006082213118609e-01 1.000000000000000000e+00
1.695258330830557769e+00 4.885319282416753950e+00 -1.597098899538116901e-01 1.000000000000000000e+00
1.702411319568239545e+00 4.891332078875094247e+00 -1.555139418790731920e-01 1.000000000000000000e+00
1.709564308305921099e+00 4.897184705390804638e+00 -1.513129013962245251e-01 1.000000000000000000e+00
1.716717297043602874e+00 4.902876970315714900e+00 -1.471069060711477083e-01 1.000000000000000000e+00
1.723870285781284650e+00 4.908408687252800107e+00 -1.428960936319746688e-01 1.000000000000000000e+00
1.731023274518966204e+00 4.913779675062285968e+00 -1.386806019645774879e-01 1.000000000000000000e+00
1.738176263256647980e+00 4.918989757867581858e+00 -1.344605691080516530e-01 1.000000000000000000e+00
1.745329251994329534e+00 4.924038765061039769e+00 -1.302361332501976166e-01 1.000000000000000000e+00
1.752482240732011309e+00 4.928926531309540948e+00 -1.260074327229949720e-01 1.000000000000000000e+00
1.759635229469692863e+00 4.933652896559906686e+00 -1.217746059980727991e-01 1.000000000000000000e+00
1.766788218207374639e+00 4.938217706044144784e+00 -1.175377916821749025e-01 1.000000000000000000e+00
1.773941206945056415e+00 4.942620810284511279e+00 -1.132971285126216643e-01 1.000000000000000000e+00
1.781094195682737968e+00 4.946862065098414085e+00 -1.090527553527672888e-01 1.000000000000000000e+00
1.788247184420419744e+00 4.950941331603123885e+00 -1.048048111874511079e-01 1.000000000000000000e+00
1.795400173158101298e+00 4.954858476220329599e+00 -1.005534351184481090e-01 1.000000000000000000e+00
1.802553161895783074e+00 4.958613370680507337e+00 -9.629876635991302392e-02 1.000000000000000000e+00
1.809706150633464627e+00 4.962205892027125032e+00 -9.204094423382212786e-02 1.000000000000000000e+00
1.816859139371146403e+00 4.965635922620669440e+00 -8.778010816541030603e-02 1.000000000000000000e+00
1.824012128108827957e+00 4.968903350142491071e+00 -8.351639767860652430e-02 1.000000000000000000e+00
1.831165116846509733e+00 4.972008067598489234e+00 -7.924995239146429005e-02 1.000000000000000000e+00
1.838318105584191509e+00 4.974949973322613239e+00 -7.498091201159003127e-02 1.000000000000000000e+00
1.845471094321873062e+00 4.977728970980190404e+00 -7.070941633156818673e-02 1.000000000000000000e+00
1.852624083059554838e+00 4.980344969571082636e+00 -6.643560522438365923e-02 1.000000000000000000e+00
1.859777071797236392e+00 4.982797883432665387e+00 -6.215961863884174321e-02 1.000000000000000000e+00
1.866930060534918168e+00 4.985087632242632516e+00 -5.788159659498468695e-02 1.000000000000000000e+00
1.874083049272599721e+00 4.987214141021627967e+00 -5.360167917950772049e-02 1.000000000000000000e+00
1.881236038010281497e+00 4.989177340135696248e+00 -4.932000654117111443e-02 1.000000000000000000e+00
1.888389026747963051e+00 4.990977165298570384e+00 -4.503671888621123276e-02 1.000000000000000000e+00
1.895542015485644827e+00 4.992613557573769789e+00 -4.075195647374859481e-02 1.000000000000000000e+00
1.902695004223326602e+00 4.994086463376533835e+00 -3.646585961119663127e-02 1.000000000000000000e+00
1.909847992961008156e+00 4.995395834475576891e+00 -3.217856864966573555e-02 1.000000000000000000e+00
1.917000981698689932e+00 4.996541627994666612e+00 -2.789022397936753717e-02 1.000000000000000000e+00
1.924153970436371486e+00 4.997523806414026382e+00 -2.360096602501856461e-02 1.000000000000000000e+00
1.931306959174053262e+00 4.998342337571566318e+00 -1.931093524124127825e-02 1.000000000000000000e+00
1.938459947911734815e+00 4.998997194663936661e+00 -1.502027210796512760e-02 1.000000000000000000e+00
1.945612936649416591e+00 4.999488356247402621e+00 -1.072911712582559282e-02 1.000000000000000000e+00
1.952765925387098367e+00 4.999815806238550486e+00 -6.437610811565078889e-03 1.000000000000000000e+00
1.959918914124779921e+00 4.999979533914808982e+00 -2.145893693430096175e-03 1.000000000000000000e+00
1.967071902862461696e+00 4.999979533914808982e+00 2.145893693430262709e-03 1.000000000000000000e+00
1.974224891600143250e+00 4.999815806238548710e+00 6.437610811565411956e-03 1.000000000000000000e+00
1.981377880337825026e+00 4.999488356247402621e+00 1.072911712582592589e-02 1.000000000000000000e+00
1.988530869075506580e+00 4.998997194663936661e+00 1.502027210796512760e-02 1.000000000000000000e+00
1.995683857813188355e+00 4.998342337571566318e+00 1.931093524124161132e-02 1.000000000000000000e+00
2.002836846550870131e+00 4.997523806414026382e+00 2.360096602501889768e-02 1.000000000000000000e+00
2.009989835288551685e+00 4.996541627994666612e+00 2.789022397936770370e-02 1.000000000000000000e+00
2.017142824026233239e+00 4.995395834475576891e+00 3.217856864966590208e-02 1.000000000000000000e+00
2.024295812763915237e+00 4.994086463376533835e+00 3.646585961119713087e-02 1.000000000000000000e+00
2.031448801501596790e+00 4.992613557573769789e+00 4.075195647374892788e-02 1.000000000000000000e+00
2.038601790239278344e+00 4.990977165298570384e+00 4.503671888621123276e-02 1.000000000000000000e+00
2.045754778976959898e+00 4.989177340135696248e+00 4.932000654117128097e-02 1.000000000000000000e+00
2.052907767714641896e+00 4.987214141021627967e+00 5.360167917950805355e-02 1.000000000000000000e+00
2.060060756452323449e+00 4.985087632242632516e+00 5.788159659498485349e-02 1.000000000000000000e+00
2.067213745190005003e+00 4.982797883432665387e+00 6.215961863884190974e-02 1.000000000000000000e+00
2.074366733927687001e+00 4.980344969571082636e+00 6.643560522438415883e-02 1.000000000000000000e+00
2.081519722665368555e+00 4.977728970980190404e+00 7.070941633156851980e-02 1.000000000000000000e+00
2.088672711403050108e+00 4.974949973322613239e+00 7.498091201159019781e-02 1.000000000000000000e+00
2.095825700140731662e+00 4.972008067598489234e+00 7.924995239146445658e-02 1.000000000000000000e+00
2.102978688878413660e+00 4.968903350142491959e+00 8.351639767860685737e-02 1.000000000000000000e+00
2.110131677616095214e+00 4.965635922620669440e+00 8.778010816541047256e-02 1.000000000000000000e+00
2.117284666353776768e+00 4.962205892027125032e+00 9.204094423382229440e-02 1.000000000000000000e+00
2.124437655091458765e+00 4.958613370680506449e+00 9.629876635991352352e-02 1.000000000000000000e+00
2.131590643829140319e+00 4.954858476220329599e+00 1.005534351184484421e-01 1.000000000000000000e+00
2.138743632566821873e+00 4.950941331603123885e+00 1.048048111874512744e-01 1.000000000000000000e+00
2.145896621304503427e+00 4.946862065098414085e+00 1.090527553527674554e-01 1.000000000000000000e+00
2.153049610042185424e+00 4.942620810284511279e+00 1.132971285126221639e-01 1.000000000000000000e+00
2.160202598779866978e+00 4.938217706044144784e+00 1.175377916821750690e-01 1.000000000000000000e+00
2.167355587517548532e+00 4.933652896559906686e+00 1.217746059980729656e-01 1.000000000000000000e+00
2.174508576255230530e+00 4.928926531309540948e+00 1.260074327229954716e-01 1.000000000000000000e+00
2.181661564992912083e+00 4.924038765061039769e+00 1.302361332501979496e-01 1.000000000000000000e+00
2.188814553730593637e+00 4.918989757867581858e+00 1.344605691080518195e-01 1.000000000000000000e+00
2.195967542468275191e+00 4.913779675062285968e+00 1.386806019645776544e-01 1.000000000000000000e+00
2.203120531205957189e+00 4.908408687252799218e+00 1.428960936319751684e-01 1.000000000000000000e+00
2.210273519943638743e+00 4.902876970315714900e+00 1.471069060711478749e-01 1.000000000000000000e+00
2.217426508681320296e+00 4.897184705390804638e+00 1.513129013962246916e-01 1.000000000000000000e+00
2.224579497419001850e+00 4.891332078875094247e+00 1.555139418790733308e-01 1.000000000000000000e+00
2.231732486156683848e+00 4.885319282416753950e+00 1.597098899538120231e-01 1.000000000000000000e+00
2.238885474894365402e+00 4.879146512908831390e+00 1.639006082213120274e-01 1.000000000000000000e+00
2.246038463632046955e+00 4.872813972482792799e+00 1.680859594536994461e-01 1.000000000000000000e+00
2.253191452369728953e+00 4.866321868501914061e+00 1.722658065988469378e-01 1.000000000000000000e+00
2.260344441107410507e+00 4.859670413554483481e+00 1.764400127848617383e-01 1.000000000000000000e+00
2.267497429845092061e+00 4.852859825446846465e+00 1.806084413245690468e-01 1.000000000000000000e+00
2.274650418582773614e+00 4.845890327196268998e+00 1.847709557199861130e-01 1.000000000000000000e+00
2.281803407320455612e+00 4.838762147023634164e+00 1.889274196667936057e-01 1.000000000000000000e+00
2.288956396058137166e+00 4.831475518345976994e+00 1.930776970587970987e-01 1.000000000000000000e+00
2.296109384795818720e+00 4.824030679768823049e+00 1.972216519923861711e-01 1.000000000000000000e+00
2.303262373533500718e+00 4.816427875078400866e+00 2.013591487709829875e-01 1.000000000000000000e+00
2.310415362271182271e+00 4.808667353233635922e+00 2.054900519094858269e-01 1.000000000000000000e+00
2.317568351008863825e+00 4.800749368358009583e+00 2.096142261387072825e-01 1.000000000000000000e+00
2.324721339746545379e+00 4.792674179731235995e+00 2.137315364098015258e-01 1.000000000000000000e+00
2.331874328484227377e+00 4.784442051780772864e+00 2.178418478986885731e-01 1.000000000000000000e+00
2.339027317221908930e+00 4.776053254073158172e+00 2.219450260104671724e-01 1.000000000000000000e+00
2.346180305959590484e+00 4.767508061305189671e+00 2.260409363838242203e-01 1.000000000000000000e+00
2.353333294697272482e+00 4.758806753294918757e+00 2.301294448954332439e-01 1.000000000000000000e+00
2.360486283434954036e+00 4.749949614972505785e+00 2.342104176643461377e-01 1.000000000000000000e+00
2.367639272172635589e+00 4.740936936370868438e+00 2.382837210563788499e-01 1.000000000000000000e+00
2.374792260910317143e+00 4.731769012616203973e+00 2.423492216884851058e-01 1.000000000000000000e+00
2.381945249647999141e+00 4.722446143918306305e+00 2.464067864331263014e-01 1.000000000000000000e+00
2.389098238385680695e+00 4.712968635560755182e+00 2.504562824226285178e-01 1.000000000000000000e+00
2.396251227123362249e+00 4.703336797890902865e+00 2.544975770535358173e-01 1.000000000000000000e+00
2.403404215861043802e+00 4.693550946309721361e+00 2.585305379909503820e-01 1.000000000000000000e+00
2.410557204598725800e+00 4.683611401261468465e+00 2.625550331728675468e-01 1.000000000000000000e+00
2.417710193336407354e+00 4.673518488223201039e+00 2.665709308144986744e-01 1.000000000000000000e+00
2.424863182074088908e+00 4.663272537694112430e+00 2.705780994125875361e-01 1.000000000000000000e+00
2.432016170811770905e+00 4.652873885184706459e+00 2.745764077497170885e-01 1.000000000000000000e+00
2.439169159549452459e+00 4.642322871205822210e+00 2.785657248986040946e-01 1.000000000000000000e+00
2.446322148287134013e+00 4.631619841257474057e+00 2.825459202263889691e-01 1.000000000000000000e+00
2.453475137024815567e+00 4.620765145817540720e+00 2.865168633989115254e-01 1.000000000000000000e+00
2.460628125762497564e+00 4.609759140330287330e+00 2.904784243849803382e-01 1.000000000000000000e+00
2.467781114500179118e+00 4.598602185194732073e+00 2.944304734606290053e-01 1.000000000000000000e+00
2.474934103237860672e+00 4.587294645752837852e+00 2.983728812133655817e-01 1.000000000000000000e+00
2.482087091975542670e+00 4.575836892277550305e+00 3.023055185464100236e-01 1.000000000000000000e+00
2.489240080713224224e+00 4.564229299960677722e+00 3.062282566829201413e-01 1.000000000000000000e+00
2.496393069450905777e+00 4.552472248900595986e+00 3.101409671702106685e-01 1.000000000000000000e+00
2.503546058188587331e+00 4.540566124089814082e+00 3.140435218839578990e-01 1.000000000000000000e+00
2.510699046926269329e+00 4.528511315402356630e+00 3.179357930323958303e-01 1.000000000000000000e+00
2.517852035663950883e+00 4.516308217581001649e+00 3.218176531605003166e-01 1.000000000000000000e+00
2.525005024401632436e+00 4.503957230224354902e+00 3.256889751541636180e-01 1.000000000000000000e+00
2.532158013139314434e+00 4.491458757773763466e+00 3.295496322443564052e-01 1.000000000000000000e+00
2.539311001876995988e+00 4.478813209500073889e+00 3.333994980112776618e-01 1.000000000000000000e+00
2.546463990614677542e+00 4.466020999490227794e+00 3.372384463884965933e-01 1.000000000000000000e+00
2.553616979352359095e+00 4.453082546633701178e+00 3.410663516670794926e-01 1.000000000000000000e+00
2.560769968090041093e+00 4.439998274608794482e+00 3.448830884997056700e-01 1.000000000000000000e+00
2.567922956827722647e+00 4.426768611868753034e+00 3.486885319047728915e-01 1.000000000000000000e+00
2.575075945565404201e+00 4.413393991627737378e+00 3.524825572704900489e-01 1.000000000000000000e+00
2.582228934303086199e+00 4.399874851846636403e+00 3.562650403589577297e-01 1.000000000000000000e+00
2.589381923040767752e+00 4.386211635218733029e+00 3.600358573102349080e-01 1.000000000000000000e+00
2.596534911778449306e+00 4.372404789155198479e+00 3.637948846463970876e-01 1.000000000000000000e+00
2.603687900516130860e+00 4.358454765770448880e+00 3.675419992755785681e-01 1.000000000000000000e+00
2.610840889253812858e+00 4.344362021867335777e+00 3.712770784960026660e-01 1.000000000000000000e+00
2.617993877991494411e+00 4.330127018922191873e+00 3.750000000000001665e-01 1.000000000000000000e+00
2.625146866729175965e+00 4.315750223069716895e+00 3.787106418780148975e-01 1.000000000000000000e+00
2.632299855466857963e+00 4.301232105087708923e+00 3.824088826225955362e-01 1.000000000000000000e+00
2.639452844204539517e+00 4.286573140381661595e+00 3.860946011323730387e-01 1.000000000000000000e+00
2.646605832942221070e+00 4.271773808969184572e+00 3.897676767160284106e-01 1.000000000000000000e+00
2.653758821679902624e+00 4.256834595464288107e+00 3.934279890962434356e-01 1.000000000000000000e+00
2.660911810417584622e+00 4.241755989061518406e+00 3.970754184136392473e-01 1.000000000000000000e+00
2.668064799155266176e+00 4.226538483519935774e+00 4.007098452307013003e-01 1.000000000000000000e+00
2.675217787892947729e+00 4.211182577146942663e+00 4.043311505356912416e-01 1.000000000000000000e+00
2.682370776630629283e+00 4.195688772781969611e+00 4.079392157465433488e-01 1.000000000000000000e+00
2.689523765368311281e+00 4.180057577780010192e+00 4.115339227147477019e-01 1.000000000000000000e+00
2.696676754105992835e+00 4.164289503995009412e+00 4.151151537292181448e-01 1.000000000000000000e+00
2.703829742843674389e+00 4.148385067763094014e+00 4.186827915201486450e-01 1.000000000000000000e+00
2.710982731581356386e+00 4.132344789885673997e+00 4.222367192628518895e-01 1.000000000000000000e+00
2.718135720319037940e+00 4.116169195612385145e+00 4.257768205815849472e-01 1.000000000000000000e+00
2.725288709056719494e+00 4.099858814623885017e+00 4.293029795533611637e-01 1.000000000000000000e+00
2.732441697794401048e+00 4.083414181014519251e+00 4.328150807117449039e-01 1.000000000000000000e+00
2.739594686532083045e+00 4.066835833274818235e+00 4.363130090506334713e-01 1.000000000000000000e+00
2.746747675269764599e+00 4.050124314273875648e+00 4.397966500280217073e-01 1.000000000000000000e+00
2.753900664007446153e+00 4.033280171241567125e+00 4.432658895697547674e-01 1.000000000000000000e+00
2.761053652745128151e+00 4.016303955750626820e+00 4.467206140732618014e-01 1.000000000000000000e+00
2.768206641482809705e+00 3.999196223698596064e+00 4.501607104112762547e-01 1.000000000000000000e+00
2.775359630220491258e+00 3.981957535289610384e+00 4.535860659355416269e-01 1.000000000000000000e+00
2.782512618958172812e+00 3.964588455016059054e+00 4.569965684804985773e-01 1.000000000000000000e+00
2.789665607695854810e+00 3.947089551640099003e+00 4.603921063669589309e-01 1.000000000000000000e+00
2.796818596433536364e+00 3.929461398175034592e+00 4.637725684057616427e-01 1.000000000000000000e+00
2.803971585171217917e+00 3.911704571866548186e+00 4.671378439014151063e-01 1.000000000000000000e+00
2.811124573908899915e+00 3.893819654173802380e+00 4.704878226557206444e-01 1.000000000000000000e+00
2.818277562646581469e+00 3.875807230750399235e+00 4.738223949713816219e-01 1.000000000000000000e+00
2.825430551384263023e+00 3.857667891425196061e+00 4.771414516555959606e-01 1.000000000000000000e+00
2.832583540121944576e+00 3.839402230183000864e+00 4.804448840236313356e-01 1.000000000000000000e+00
2.839736528859626574e+00 3.821010845145115020e+00 4.837325839023839391e-01 1.000000000000000000e+00
2.846889517597308128e+00 3.802494338549752495e+00 4.870044436339203697e-01 1.000000000000000000e+00
2.854042506334989682e+00 3.783853316732312067e+00 4.902603560790045334e-01 1.000000000000000000e+00
2.861195495072671235e+00 3.765088390105533200e+00 4.935002146206037277e-01 1.000000000000000000e+00
2.868348483810353233e+00 3.746200173139492939e+00 4.967239131673820141e-01 1.000000000000000000e+00
2.875501472548034787e+00 3.727189284341501097e+00 4.999313461571724959e-01 1.000000000000000000e+00
2.882654461285716341e+00 3.708056346235833800e+00 5.031224085604353302e-01 1.000000000000000000e+00
2.889807450023398339e+00 3.688801985343352907e+00 5.062969958836969209e-01 1.000000000000000000e+00
2.896960438761079892e+00 3.669426832160996188e+00 5.094550041729698497e-01 1.000000000000000000e+00
2.904113427498761446e+00 3.649931521141118296e+00 5.125963300171597625e-01 1.000000000000000000e+00
2.911266416236443000e+00 3.630316690670729596e+00 5.157208705514488845e-01 1.000000000000000000e+00
2.918419404974124998e+00 3.610582983050580896e+00 5.188285234606666574e-01 1.000000000000000000e+00
2.925572393711806551e+00 3.590731044474134048e+00 5.219191869826382835e-01 1.000000000000000000e+00
2.932725382449488105e+00 3.570761525006408199e+00 5.249927599115182808e-01 1.000000000000000000e+00
2.939878371187170103e+00 3.550675078562678610e+00 5.280491416011043881e-01 1.000000000000000000e+00
2.947031359924851657e+00 3.530472362887082216e+00 5.310882319681320407e-01 1.000000000000000000e+00
2.954184348662533210e+00 3.510154039531061976e+00 5.341099314955535249e-01 1.000000000000000000e+00
2.961337337400214764e+00 3.489720773831717970e+00 5.371141412357950395e-01 1.000000000000000000e+00
2.968490326137896762e+00 3.469173234890007951e+00 5.401007628139985473e-01 1.000000000000000000e+00
2.975643314875578316e+00 3.448512095548849743e+00 5.430696984312409770e-01 1.000000000000000000e+00
2.982796303613259870e+00 3.427738032371077548e+00 5.460208508677386607e-01 1.000000000000000000e+00
2.989949292350941867e+00 3.406851725617293880e+00 5.489541234860301211e-01 1.000000000000000000e+00
2.997102281088623421e+00 3.385853859223594053e+00 5.518694202341399846e-01 1.000000000000000000e+00
3.004255269826304975e+00 3.364745120779163212e+00 5.547666456487253539e-01 1.000000000000000000e+00
3.011408258563986529e+00 3.343526201503774331e+00 5.576457048582005305e-01 1.000000000000000000e+00
3.018561247301668526e+00 3.322197796225136113e+00 5.605065035858451949e-01 1.000000000000000000e+00
3.025714236039350080e+00 3.300760603356157841e+00 5.633489481528900500e-01 1.000000000000000000e+00
3.032867224777031634e+00 3.279215324872066795e+00 5.661729454815854767e-01 1.000000000000000000e+00
3.040020213514713632e+00 3.257562666287423081e+00 5.689784030982488749e-01 1.000000000000000000e+00
3.047173202252395185e+00 3.235803336633028326e+00 5.717652291362930184e-01 1.000000000000000000e+00
3.054326190990076739e+00 3.213938048432694927e+00 5.745333323392337599e-01 1.000000000000000000e+00
3.061479179727758293e+00 3.191967517679918931e+00 5.772826220636793071e-01 1.000000000000000000e+00
3.068632168465440291e+00 3.169892463814431238e+00 5.800130082822976263e-01 1.000000000000000000e+00
3.075785157203121845e+00 3.147713609698649773e+00 5.827244015867645288e-01 1.000000000000000000e+00
3.082938145940803398e+00 3.125431681593994870e+00 5.854167131906913291e-01 1.000000000000000000e+00
3.090091134678485396e+00 3.103047409137112744e+00 5.880898549325330738e-01 1.000000000000000000e+00
3.097244123416166950e+00 3.080561525315988813e+00 5.907437392784740116e-01 1.000000000000000000e+00
3.104397112153848504e+00 3.057974766445939796e+00 5.933782793252949661e-01 1.000000000000000000e+00
3.111550100891530057e+00 3.035287872145500998e+00 5.959933888032189486e-01 1.000000000000000000e+00
3.118703089629212055e+00 3.012501585312207020e+00 5.985889820787361204e-01 1.000000000000000000e+00
3.125856078366893609e+00 2.989616652098276095e+00 6.011649741574069949e-01 1.000000000000000000e+00
3.133009067104575163e+00 2.966633821886159428e+00 6.037212806866469883e-01 1.000000000000000000e+00
3.140162055842256716e+00 2.943553847264014145e+00 6.062578179584883209e-01 1.000000000000000000e+00
3.147315044579938714e+00 2.920377484001056345e+00 6.087745029123200480e-01 1.000000000000000000e+00
3.154468033317620268e+00 2.897105491022816448e+00 6.112712531376087721e-01 1.000000000000000000e+00
3.161621022055301822e+00 2.873738630386278192e+00 6.137479868765974844e-01 1.000000000000000000e+00
3.168774010792983820e+00 2.850277667254929259e+00 6.162046230269824232e-01 1.000000000000000000e+00
3.175926999530665373e+00 2.826723369873712866e+00 6.186410811445683944e-01 1.000000000000000000e+00
3.183079988268346927e+00 2.803076509543861228e+00 6.210572814459037749e-01 1.000000000000000000e+00
3.190232977006028481e+00 2.779337860597639764e+00 6.234531448108927565e-01 1.000000000000000000e+00
3.197385965743710479e+00 2.755508200372998484e+00 6.258285927853857178e-01 1.000000000000000000e+00
3.204538954481392032e+00 2.731588309188110131e+00 6.281835475837487248e-01 1.000000000000000000e+00
3.211691943219073586e+00 2.707578970315822176e+00 6.305179320914108265e-01 1.000000000000000000e+00
3.218844931956755584e+00 2.683480969958000006e+00 6.328316698673893681e-01 1.000000000000000000e+00
3.225997920694437138e+00 2.659295097219800397e+00 6.351246851467917676e-01 1.000000000000000000e+00
3.233150909432118691e+00 2.635022144083809970e+00 6.373969028432983075e-01 1.000000000000000000e+00
3.240303898169800245e+00 2.610662905384122823e+00 6.396482485516199468e-01 1.000000000000000000e+00
3.247456886907482243e+00 2.586218178780316013e+00 6.418786485499342609e-01 1.000000000000000000e+00
3.254609875645163797e+00 2.561688764731324230e+00 6.440880298023005102e-01 1.000000000000000000e+00
3.261762864382845351e+00 2.537075466469226104e+00 6.462763199610511711e-01 1.000000000000000000e+00
3.268915853120527348e+00 2.512379089972945234e+00 6.484434473691603751e-01 1.000000000000000000e+00
3.276068841858208902e+00 2.487600443941861528e+00 6.505893410625904760e-01 1.000000000000000000e+00
3.283221830595890456e+00 2.462740339769321718e+00 6.527139307726164130e-01 1.000000000000000000e+00
3.290374819333572010e+00 2.437799591516073949e+00 6.548171469281263146e-01 1.000000000000000000e+00
3.297527808071254007e+00 2.412779015883614431e+00 6.568989206578993434e-01 1.000000000000000000e+00
3.304680796808935561e+00 2.387679432187439943e+00 6.589591837928612250e-01 1.000000000000000000e+00
3.311833785546617115e+00 2.362501662330214192e+00 6.609978688683170178e-01 1.000000000000000000e+00
3.318986774284298669e+00 2.337246530774864439e+00 6.630149091261593464e-01 1.000000000000000000e+00
3.326139763021980666e+00 2.311914864517573331e+00 6.650102385170550967e-01 1.000000000000000000e+00
3.333292751759662220e+00 2.286507493060710772e+00 6.669837917026075758e-01 1.000000000000000000e+00
3.340445740497343774e+00 2.261025248385655662e+00 6.689355040574973543e-01 1.000000000000000000e+00
3.347598729235025772e+00 2.235468964925567015e+00 6.708653116715967979e-01 1.000000000000000000e+00
3.354751717972707326e+00 2.209839479538053375e+00 6.727731513520638362e-01 1.000000000000000000e+00
3.361904706710388879e+00 2.184137631477764963e+00 6.746589606254115301e-01 1.000000000000000000e+00
3.369057695448070433e+00 2.158364262368919206e+00 6.765226777395528801e-01 1.000000000000000000e+00
3.376210684185752431e+00 2.132520216177733907e+00 6.783642416658239860e-01 1.000000000000000000e+00
3.383363672923433985e+00 2.106606339184804000e+00 6.801835921009811159e-01 1.000000000000000000e+00
3.390516661661115538e+00 2.080623479957371291e+00 6.819806694691769033e-01 1.000000000000000000e+00
3.397669650398797536e+00 2.054572489321552453e+00 6.837554149239100099e-01 1.000000000000000000e+00
3.404822639136479090e+00 2.028454220334473757e+00 6.855077703499525832e-01 1.000000000000000000e+00
3.411975627874160644e+00 2.002269528256331643e+00 6.872376783652536236e-01 1.000000000000000000e+00
3.419128616611842197e+00 1.976019270522394233e+00 6.889450823228171483e-01 1.000000000000000000e+00
3.426281605349524195e+00 1.949704306714916680e+00 6.906299263125580401e-01 1.000000000000000000e+00
3.433434594087205749e+00 1.923325498535006117e+00 6.922921551631320281e-01 1.000000000000000000e+00
3.440587582824887303e+00 1.896883709774386917e+00 6.939317144437430196e-01 1.000000000000000000e+00
3.447740571562569301e+00 1.870379806287131297e+00 6.955485504659251195e-01 1.000000000000000000e+00
3.454893560300250854e+00 1.843814655961299342e+00 6.971426102853002238e-01 1.000000000000000000e+00
3.462046549037932408e+00 1.817189128690516853e+00 6.987138417033130766e-01 1.000000000000000000e+00
3.469199537775613962e+00 1.790504096345494123e+00 7.002621932689392370e-01 1.000000000000000000e+00
3.476352526513295960e+00 1.763760432745473006e+00 7.017876142803702866e-01 1.000000000000000000e+00
3.483505515250977513e+00 1.736959013629621573e+00 7.032900547866742791e-01 1.000000000000000000e+00
3.490658503988659067e+00 1.710100716628342399e+00 7.047694655894314320e-01 1.000000000000000000e+00
3.497811492726341065e+00 1.683186421234548868e+00 7.062257982443446158e-01 1.000000000000000000e+00
3.504964481464022619e+00 1.656217008774859334e+00 7.076590050628264184e-01 1.000000000000000000e+00
3.512117470201704172e+00 1.629193362380732202e+00 7.090690391135603399e-01 1.000000000000000000e+00
3.519270458939385726e+00 1.602116366959556171e+00 7.104558542240377861e-01 1.000000000000000000e+00
3.526423447677067724e+00 1.574986909165666082e+00 7.118194049820696367e-01 1.000000000000000000e+00
3.533576436414749278e+00 1.547805877371318584e+00 7.131596467372738335e-01 1.000000000000000000e+00
3.540729425152430832e+00 1.520574161637587851e+00 7.144765356025370995e-01 1.000000000000000000e+00
3.547882413890112829e+00 1.493292653685234450e+00 7.157700284554520120e-01 1.000000000000000000e+00
3.555035402627794383e+00 1.465962246865495811e+00 7.170400829397294284e-01 1.000000000000000000e+00
3.562188391365475937e+00 1.438583836130834070e+00 7.182866574665853765e-01 1.000000000000000000e+00
3.569341380103157491e+00 1.411158318005632850e+00 7.195097112161024100e-01 1.000000000000000000e+00
3.576494368840839488e+00 1.383686590556836071e+00 7.207092041385674275e-01 1.000000000000000000e+00
3.583647357578521042e+00 1.356169553364550140e+00 7.218850969557811803e-01 1.000000000000000000e+00
3.590800346316202596e+00 1.328608107492570189e+00 7.230373511623469085e-01 1.000000000000000000e+00
3.597953335053884150e+00 1.301003155458892113e+00 7.241659290269291116e-01 1.000000000000000000e+00
3.605106323791566147e+00 1.273355601206141996e+00 7.252707935934904482e-01 1.000000000000000000e+00
3.612259312529247701e+00 1.245666350071991779e+00 7.263519086825012128e-01 1.000000000000000000e+00
3.619412301266929255e+00 1.217936308759500319e+00 7.274092388921240548e-01 1.000000000000000000e+00
3.626565290004611253e+00 1.190166385307426911e+00 7.284427495993737178e-01 1.000000000000000000e+00
3.633718278742292807e+00 1.162357489060505955e+00 7.294524069612504658e-01 1.000000000000000000e+00
3.640871267479974360e+00 1.134510530639652570e+00 7.304381779158480859e-01 1.000000000000000000e+00
3.648024256217655914e+00 1.106626421912161984e+00 7.314000301834370221e-01 1.000000000000000000e+00
3.655177244955337912e+00 1.078706075961833433e+00 7.323379322675209746e-01 1.000000000000000000e+00
3.662330233693019466e+00 1.050750407059085179e+00 7.332518534558685186e-01 1.000000000000000000e+00
3.669483222430701019e+00 1.022760330631004244e+00 7.341417638215184116e-01 1.000000000000000000e+00
3.676636211168383017e+00 9.947367632313739438e-01 7.350076342237605864e-01 1.000000000000000000e+00
3.683789199906064571e+00 9.666806225106696626e-01 7.358494363090888335e-01 1.000000000000000000e+00
3.690942188643746125e+00 9.385928271859921290e-01 7.366671425121305017e-01 1.000000000000000000e+00
3.698095177381427678e+00 9.104742970110024647e-01 7.374607260565488875e-01 1.000000000000000000e+00
3.705248166119109676e+00 8.823259527457860685e-01 7.382301609559196454e-01 1.000000000000000000e+00
3.712401154856791230e+00 8.541487161267197203e-01 7.389754220145817731e-01 1.000000000000000000e+00
3.719554143594472784e+00 8.259435098362735150e-01 7.396964848284632854e-01 1.000000000000000000e+00
3.726707132332154782e+00 7.977112574728016936e-01 7.403933257858799077e-01 1.000000000000000000e+00
3.733860121069836335e+00 7.694528835203084949e-01 7.410659220683077919e-01 1.000000000000000000e+00
3.741013109807517889e+00 7.411693133181571636e-01 7.417142516511318062e-01 1.000000000000000000e+00
3.748166098545199443e+00 7.128614730307885061e-01 7.423382933043656262e-01 1.000000000000000000e+00
3.755319087282881441e+00 6.845302896173742768e-01 7.429380265933477334e-01 1.000000000000000000e+00
3.762472076020562994e+00 6.561766908014812216e-01 7.435134318794102137e-01 1.000000000000000000e+00
3.769625064758244548e+00 6.278016050406772797e-01 7.440644903205216876e-01 1.000000000000000000e+00
3.776778053495926102e+00 5.994059614961368965e-01 7.445911838719049269e-01 1.000000000000000000e+00
3.783931042233608100e+00 5.709906900022104770e-01 7.450934952866270500e-01 1.000000000000000000e+00
3.791084030971289653e+00 5.425567210359830694e-01 7.455714081161644025e-01 1.000000000000000000e+00
3.798237019708971207e+00 5.141049856868011858e-01 7.460249067109416821e-01 1.000000000000000000e+00
3.805390008446653205e+00 4.856364156257771403e-01 7.464539762208438622e-01 1.000000000000000000e+00
3.812542997184334759e+00 4.571519430752953306e-01 7.468586025957026919e-01 1.000000000000000000e+00
3.819695985922016312e+00 4.286525007784716124e-01 7.472387725857566609e-01 1.000000000000000000e+00
3.826848974659697866e+00 4.001390219686181693e-01 7.475944737420848751e-01 1.000000000000000000e+00
3.834001963397379864e+00 3.716124403386805164e-01 7.479256944170151744e-01 1.000000000000000000e+00
3.841154952135061418e+00 3.430736900106683973e-01 7.482324237645048282e-01 1.000000000000000000e+00
3.848307940872742972e+00 3.145237055050641994e-01 7.485146517404959177e-01 1.000000000000000000e+00
3.855460929610424969e+00 2.859634217102145493e-01 7.487723691032444062e-01 1.000000000000000000e+00
3.862613918348106523e+00 2.573937738517314555e-01 7.490055674136230079e-01 1.000000000000000000e+00
3.869766907085788077e+00 2.288156974618532624e-01 7.492142390353967452e-01 1.000000000000000000e+00
3.876919895823469631e+00 2.002301283488182870e-01 7.493983771354739698e-01 1.000000000000000000e+00
3.884072884561151628e+00 1.716380025662168907e-01 7.495579756841291852e-01 1.000000000000000000e+00
3.891225873298833182e+00 1.430402563823463258e-01 7.496930294552009988e-01 1.000000000000000000e+00
3.898378862036514736e+00 1.144378262495477361e-01 7.498035340262634296e-01 1.000000000000000000e+00
3.905531850774196734e+00 8.583164877353463562e-02 7.498894857787702373e-01 1.000000000000000000e+00
3.912684839511878288e+00 5.722266068273863804e-02 7.499508818981739378e-01 1.000000000000000000e+00
3.919837828249559841e+00 2.861179879762018596e-02 7.499877203740172860e-01 1.000000000000000000e+00
3.926990816987241395e+00 6.123233995736765296e-16 7.500000000000000000e-01 1.000000000000000000e+00
3.934143805724923393e+00 -2.861179879762118863e-02 7.499877203740172860e-01 1.000000000000000000e+00
3.941296794462604947e+00 -5.722266068274184381e-02 7.499508818981739378e-01 1.000000000000000000e+00
3.948449783200286500e+00 -8.583164877353785527e-02 7.498894857787703483e-01 1.000000000000000000e+00
3.955602771937968498e+00 -1.144378262495509418e-01 7.498035340262634296e-01 1.000000000000000000e+00
3.962755760675650052e+00 -1.430402563823495454e-01 7.496930294552008878e-01 1.000000000000000000e+00
3.969908749413331606e+00 -1.716380025662178621e-01 7.495579756841290742e-01 1.000000000000000000e+00
3.977061738151013159e+00 -2.002301283488170380e-01 7.493983771354739698e-01 1.000000000000000000e+00
3.984214726888695157e+00 -2.288156974618542894e-01 7.492142390353968562e-01 1.000000000000000000e+00
3.991367715626376711e+00 -2.573937738517346752e-01 7.490055674136228969e-01 1.000000000000000000e+00
3.998520704364058265e+00 -2.859634217102177134e-01 7.487723691032444062e-01 1.000000000000000000e+00
4.005673693101740263e+00 -3.145237055050674746e-01 7.485146517404958066e-01 1.000000000000000000e+00
4.012826681839421816e+00 -3.430736900106715614e-01 7.482324237645047171e-01 1.000000000000000000e+00
4.019979670577103370e+00 -3.716124403386815156e-01 7.479256944170151744e-01 1.000000000000000000e+00
4.027132659314784924e+00 -4.001390219686170591e-01 7.475944737420848751e-01 1.000000000000000000e+00
4.034285648052466478e+00 -4.286525007784725561e-01 7.472387725857566609e-01 1.000000000000000000e+00
4.041438636790148031e+00 -4.571519430752963298e-01 7.468586025957026919e-01 1.000000000000000000e+00
4.048591625527830473e+00 -4.856364156257824138e-01 7.464539762208437512e-01 1.000000000000000000e+00
4.055744614265512027e+00 -5.141049856868044055e-01 7.460249067109416821e-01 1.000000000000000000e+00
4.062897603003193581e+00 -5.425567210359860670e-01 7.455714081161644025e-01 1.000000000000000000e+00
4.070050591740875134e+00 -5.709906900022114762e-01 7.450934952866269390e-01 1.000000000000000000e+00
4.077203580478556688e+00 -5.994059614961357862e-01 7.445911838719049269e-01 1.000000000000000000e+00
4.084356569216238242e+00 -6.278016050406783899e-01 7.440644903205216876e-01 1.000000000000000000e+00
4.091509557953919796e+00 -6.561766908014823318e-01 7.435134318794101027e-01 1.000000000000000000e+00
4.098662546691602238e+00 -6.845302896173798279e-01 7.429380265933476224e-01 1.000000000000000000e+00
4.105815535429283791e+00 -7.128614730307918368e-01 7.423382933043655152e-01 1.000000000000000000e+00
4.112968524166965345e+00 -7.411693133181606052e-01 7.417142516511316952e-01 1.000000000000000000e+00
4.120121512904646899e+00 -7.694528835203096051e-01 7.410659220683079029e-01 1.000000000000000000e+00
4.127274501642328453e+00 -7.977112574728028038e-01 7.403933257858799077e-01 1.000000000000000000e+00
4.134427490380010006e+00 -8.259435098362745142e-01 7.396964848284632854e-01 1.000000000000000000e+00
4.141580479117691560e+00 -8.541487161267210526e-01 7.389754220145816621e-01 1.000000000000000000e+00
4.148733467855374002e+00 -8.823259527457915086e-01 7.382301609559195343e-01 1.000000000000000000e+00
4.155886456593055556e+00 -9.104742970110055733e-01 7.374607260565488875e-01 1.000000000000000000e+00
4.163039445330737109e+00 -9.385928271859952376e-01 7.366671425121305017e-01 1.000000000000000000e+00
4.170192434068418663e+00 -9.666806225106706618e-01 7.358494363090888335e-01 1.000000000000000000e+00
4.177345422806100217e+00 -9.947367632313751651e-01 7.350076342237604754e-01 1.000000000000000000e+00
4.184498411543781771e+00 -1.022760330631005132e+00 7.341417638215184116e-01 1.000000000000000000e+00
4.191651400281463324e+00 -1.050750407059086289e+00 7.332518534558685186e-01 1.000000000000000000e+00
4.198804389019145766e+00 -1.078706075961838762e+00 7.323379322675207526e-01 1.000000000000000000e+00
4.205957377756827320e+00 -1.106626421912165315e+00 7.314000301834369111e-01 1.000000000000000000e+00
4.213110366494508874e+00 -1.134510530639655679e+00 7.304381779158479748e-01 1.000000000000000000e+00
4.220263355232190428e+00 -1.162357489060507065e+00 7.294524069612504658e-01 1.000000000000000000e+00
4.227416343969871981e+00 -1.190166385307428021e+00 7.284427495993737178e-01 1.000000000000000000e+00
4.234569332707553535e+00 -1.217936308759501207e+00 7.274092388921239438e-01 1.000000000000000000e+00
4.241722321445235089e+00 -1.245666350071993111e+00 7.263519086825011017e-01 1.000000000000000000e+00
4.248875310182917531e+00 -1.273355601206147547e+00 7.252707935934903372e-01 1.000000000000000000e+00
4.256028298920599084e+00 -1.301003155458895444e+00 7.241659290269290006e-01 1.000000000000000000e+00
4.263181287658280638e+00 -1.328608107492573298e+00 7.230373511623467975e-01 1.000000000000000000e+00
4.270334276395962192e+00 -1.356169553364551250e+00 7.218850969557811803e-01 1.000000000000000000e+00
4.277487265133643746e+00 -1.383686590556837182e+00 7.207092041385673165e-01 1.000000000000000000e+00
4.284640253871325299e+00 -1.411158318005633960e+00 7.195097112161024100e-01 1.000000000000000000e+00
4.291793242609006853e+00 -1.438583836130835403e+00 7.182866574665852655e-01 1.000000000000000000e+00
4.298946231346689295e+00 -1.465962246865501140e+00 7.170400829397292064e-01 1.000000000000000000e+00
4.306099220084370849e+00 -1.493292653685239335e+00 7.157700284554517900e-01 1.000000000000000000e+00
4.313252208822052403e+00 -1.520574161637591404e+00 7.144765356025369885e-01 1.000000000000000000e+00
4.320405197559733956e+00 -1.547805877371319694e+00 7.131596467372738335e-01 1.000000000000000000e+00
4.327558186297415510e+00 -1.574986909165667193e+00 7.118194049820696367e-01 1.000000000000000000e+00
4.334711175035097064e+00 -1.602116366959557059e+00 7.104558542240376751e-01 1.000000000000000000e+00
4.341864163772778618e+00 -1.629193362380733312e+00 7.090690391135603399e-01 1.000000000000000000e+00
4.349017152510461059e+00 -1.656217008774864219e+00 7.076590050628261963e-01 1.000000000000000000e+00
4.356170141248142613e+00 -1.683186421234554198e+00 7.062257982443443938e-01 1.000000000000000000e+00
4.363323129985824167e+00 -1.710100716628345285e+00 7.047694655894312099e-01 1.000000000000000000e+00
4.370476118723505721e+00 -1.736959013629622683e+00 7.032900547866741681e-01 1.000000000000000000e+00
4.377629107461187274e+00 -1.763760432745473894e+00 7.017876142803702866e-01 1.000000000000000000e+00
4.384782096198868828e+00 -1.790504096345495011e+00 7.002621932689391260e-01 1.000000000000000000e+00
4.391935084936550382e+00 -1.817189128690517963e+00 6.987138417033129656e-01 1.000000000000000000e+00
4.399088073674231936e+00 -1.843814655961300453e+00 6.971426102853002238e-01 1.000000000000000000e+00
4.406241062411914378e+00 -1.870379806287136182e+00 6.955485504659246754e-01 1.000000000000000000e+00
4.413394051149595931e+00 -1.896883709774390026e+00 6.939317144437429086e-01 1.000000000000000000e+00
4.420547039887277485e+00 -1.923325498535007227e+00 6.922921551631320281e-01 1.000000000000000000e+00
4.427700028624959039e+00 -1.949704306714917790e+00 6.906299263125579291e-01 1.000000000000000000e+00
4.434853017362640593e+00 -1.976019270522395122e+00 6.889450823228170373e-01 1.000000000000000000e+00
4.442006006100322146e+00 -2.002269528256332976e+00 6.872376783652535126e-01 1.000000000000000000e+00
4.449158994838003700e+00 -2.028454220334474645e+00 6.855077703499524722e-01 1.000000000000000000e+00
4.456311983575686142e+00 -2.054572489321556894e+00 6.837554149239096768e-01 1.000000000000000000e+00
4.463464972313367696e+00 -2.080623479957374400e+00 6.819806694691766813e-01 1.000000000000000000e+00
4.470617961051049249e+00 -2.106606339184805332e+00 6.801835921009811159e-01 1.000000000000000000e+00
4.477770949788730803e+00 -2.132520216177734795e+00 6.783642416658239860e-01 1.000000000000000000e+00
4.484923938526412357e+00 -2.158364262368920095e+00 6.765226777395527691e-01 1.000000000000000000e+00
4.492076927264093911e+00 -2.184137631477766295e+00 6.746589606254114191e-01 1.000000000000000000e+00
4.499229916001775464e+00 -2.209839479538054263e+00 6.727731513520638362e-01 1.000000000000000000e+00
4.506382904739457906e+00 -2.235468964925571900e+00 6.708653116715964648e-01 1.000000000000000000e+00
4.513535893477139460e+00 -2.261025248385658326e+00 6.689355040574971323e-01 1.000000000000000000e+00
4.520688882214821014e+00 -2.286507493060711660e+00 6.669837917026074647e-01 1.000000000000000000e+00
4.527841870952502568e+00 -2.311914864517574220e+00 6.650102385170549857e-01 1.000000000000000000e+00
4.534994859690184121e+00 -2.337246530774865327e+00 6.630149091261591243e-01 1.000000000000000000e+00
4.542147848427865675e+00 -2.362501662330215524e+00 6.609978688683169068e-01 1.000000000000000000e+00
4.549300837165547229e+00 -2.387679432187440387e+00 6.589591837928611140e-01 1.000000000000000000e+00
4.556453825903229671e+00 -2.412779015883619316e+00 6.568989206578988993e-01 1.000000000000000000e+00
4.563606814640911225e+00 -2.437799591516077058e+00 6.548171469281260926e-01 1.000000000000000000e+00
4.570759803378592778e+00 -2.462740339769322606e+00 6.527139307726163020e-01 1.000000000000000000e+00
4.577912792116274332e+00 -2.487600443941862416e+00 6.505893410625903650e-01 1.000000000000000000e+00
4.585065780853955886e+00 -2.512379089972947899e+00 6.484434473691600420e-01 1.000000000000000000e+00
4.592218769591637439e+00 -2.537075466469227436e+00 6.462763199610510600e-01 1.000000000000000000e+00
4.599371758329318993e+00 -2.561688764731325563e+00 6.440880298023003991e-01 1.000000000000000000e+00
4.606524747067001435e+00 -2.586218178780321342e+00 6.418786485499338168e-01 1.000000000000000000e+00
4.613677735804682989e+00 -2.610662905384125487e+00 6.396482485516196137e-01 1.000000000000000000e+00
4.620830724542364543e+00 -2.635022144083810414e+00 6.373969028432981965e-01 1.000000000000000000e+00
4.627983713280046096e+00 -2.659295097219801285e+00 6.351246851467917676e-01 1.000000000000000000e+00
4.635136702017727650e+00 -2.683480969958002671e+00 6.328316698673891461e-01 1.000000000000000000e+00
4.642289690755409204e+00 -2.707578970315822176e+00 6.305179320914107155e-01 1.000000000000000000e+00
4.649442679493090758e+00 -2.731588309188111907e+00 6.281835475837485028e-01 1.000000000000000000e+00
4.656595668230773200e+00 -2.755508200373002925e+00 6.258285927853852737e-01 1.000000000000000000e+00
4.663748656968454753e+00 -2.779337860597642429e+00 6.234531448108924234e-01 1.000000000000000000e+00
4.670901645706136307e+00 -2.803076509543862560e+00 6.210572814459036639e-01 1.000000000000000000e+00
4.678054634443817861e+00 -2.826723369873714198e+00 6.186410811445682834e-01 1.000000000000000000e+00
4.685207623181499414e+00 -2.850277667254931924e+00 6.162046230269822011e-01 1.000000000000000000e+00
4.692360611919180968e+00 -2.873738630386278636e+00 6.137479868765972624e-01 1.000000000000000000e+00
4.699513600656862522e+00 -2.897105491022817780e+00 6.112712531376085501e-01 1.000000000000000000e+00
4.706666589394544964e+00 -2.920377484001060786e+00 6.087745029123194929e-01 1.000000000000000000e+00
4.713819578132226518e+00 -2.943553847264016810e+00 6.062578179584879878e-01 1.000000000000000000e+00
4.720972566869908071e+00 -2.966633821886160760e+00 6.037212806866468773e-01 1.000000000000000000e+00
4.728125555607589625e+00 -2.989616652098276095e+00 6.011649741574067729e-01 1.000000000000000000e+00
4.735278544345271179e+00 -3.012501585312210128e+00 5.985889820787357873e-01 1.000000000000000000e+00
4.742431533082952733e+00 -3.035287872145501442e+00 5.959933888032187266e-01 1.000000000000000000e+00
4.749584521820634286e+00 -3.057974766445941128e+00 5.933782793252948551e-01 1.000000000000000000e+00
4.756737510558316728e+00 -3.080561525315993698e+00 5.907437392784735675e-01 1.000000000000000000e+00
4.763890499295998282e+00 -3.103047409137114965e+00 5.880898549325326297e-01 1.000000000000000000e+00
4.771043488033679836e+00 -3.125431681593995759e+00 5.854167131906911070e-01 1.000000000000000000e+00
4.778196476771361390e+00 -3.147713609698651105e+00 5.827244015867643068e-01 1.000000000000000000e+00
4.785349465509042943e+00 -3.169892463814434347e+00 5.800130082822972932e-01 1.000000000000000000e+00
4.792502454246724497e+00 -3.191967517679919819e+00 5.772826220636790850e-01 1.000000000000000000e+00
4.799655442984406051e+00 -3.213938048432696259e+00 5.745333323392336489e-01 1.000000000000000000e+00
4.806808431722087604e+00 -3.235803336633029659e+00 5.717652291362929073e-01 1.000000000000000000e+00
4.813961420459770046e+00 -3.257562666287426190e+00 5.689784030982485419e-01 1.000000000000000000e+00
4.821114409197451600e+00 -3.279215324872067239e+00 5.661729454815852547e-01 1.000000000000000000e+00
4.828267397935133154e+00 -3.300760603356159617e+00 5.633489481528899390e-01 1.000000000000000000e+00
4.835420386672814708e+00 -3.322197796225138333e+00 5.605065035858449729e-01 1.000000000000000000e+00
4.842573375410496261e+00 -3.343526201503775219e+00 5.576457048582004195e-01 1.000000000000000000e+00
4.849726364148177815e+00 -3.364745120779164544e+00 5.547666456487251319e-01 1.000000000000000000e+00
4.856879352885859369e+00 -3.385853859223592721e+00 5.518694202341399846e-01 1.000000000000000000e+00
4.864032341623541811e+00 -3.406851725617296545e+00 5.489541234860297880e-01 1.000000000000000000e+00
4.871185330361223365e+00 -3.427738032371078880e+00 5.460208508677384387e-01 1.000000000000000000e+00
4.878338319098904918e+00 -3.448512095548850187e+00 5.430696984312407549e-01 1.000000000000000000e+00
4.885491307836586472e+00 -3.469173234890010171e+00 5.401007628139981032e-01 1.000000000000000000e+00
4.892644296574268026e+00 -3.489720773831718859e+00 5.371141412357949285e-01 1.000000000000000000e+00
4.899797285311949580e+00 -3.510154039531062420e+00 5.341099314955533028e-01 1.000000000000000000e+00
4.906950274049631133e+00 -3.530472362887081772e+00 5.310882319681320407e-01 1.000000000000000000e+00
4.914103262787313575e+00 -3.550675078562680831e+00 5.280491416011039441e-01 1.000000000000000000e+00
4.921256251524995129e+00 -3.570761525006409087e+00 5.249927599115181698e-01 1.000000000000000000e+00
4.928409240262676683e+00 -3.590731044474135381e+00 5.219191869826380614e-01 1.000000000000000000e+00
4.935562229000358236e+00 -3.610582983050581785e+00 5.188285234606662133e-01 1.000000000000000000e+00
4.942715217738039790e+00 -3.630316690670730928e+00 5.157208705514486624e-01 1.000000000000000000e+00
4.949868206475721344e+00 -3.649931521141119184e+00 5.125963300171595405e-01 1.000000000000000000e+00
4.957021195213402898e+00 -3.669426832160995300e+00 5.094550041729699608e-01 1.000000000000000000e+00
4.964174183951085340e+00 -3.688801985343355128e+00 5.062969958836964768e-01 1.000000000000000000e+00
4.971327172688766893e+00 -3.708056346235834244e+00 5.031224085604352192e-01 1.000000000000000000e+00
4.978480161426448447e+00 -3.727189284341501985e+00 4.999313461571722739e-01 1.000000000000000000e+00
4.985633150164130001e+00 -3.746200173139495160e+00 4.967239131673816255e-01 1.000000000000000000e+00
4.992786138901811555e+00 -3.765088390105534089e+00 4.935002146206035611e-01 1.000000000000000000e+00
4.999939127639493108e+00 -3.783853316732313843e+00 4.902603560790044224e-01 1.000000000000000000e+00
5.007092116377174662e+00 -3.802494338549753827e+00 4.870044436339202587e-01 1.000000000000000000e+00
5.014245105114857104e+00 -3.821010845145117685e+00 4.837325839023834950e-01 1.000000000000000000e+00
5.021398093852538658e+00 -3.839402230183003084e+00 4.804448840236308360e-01 1.000000000000000000e+00
5.028551082590220211e+00 -3.857667891425196061e+00 4.771414516555958496e-01 1.000000000000000000e+00
5.035704071327901765e+00 -3.875807230750400567e+00 4.738223949713811223e-01 1.000000000000000000e+00
5.042857060065583319e+00 -3.893819654173802824e+00 4.704878226557204224e-01 1.000000000000000000e+00
5.050010048803264873e+00 -3.911704571866548630e+00 4.671378439014148842e-01 1.000000000000000000e+00
5.057163037540946426e+00 -3.929461398175035036e+00 4.637725684057614206e-01 1.000000000000000000e+00
5.064316026278628868e+00 -3.947089551640100336e+00 4.603921063669585423e-01 1.000000000000000000e+00
5.071469015016310422e+00 -3.964588455016061275e+00 4.569965684804981887e-01 1.000000000000000000e+00
5.078622003753991976e+00 -3.981957535289611272e+00 4.535860659355414048e-01 1.000000000000000000e+00
5.085774992491673530e+00 -3.999196223698599173e+00 4.501607104112758106e-01 1.000000000000000000e+00
5.092927981229355083e+00 -4.016303955750626820e+00 4.467206140732615793e-01 1.000000000000000000e+00
5.100080969967036637e+00 -4.033280171241567125e+00 4.432658895697546009e-01 1.000000000000000000e+00
5.107233958704718191e+00 -4.050124314273877424e+00 4.397966500280214852e-01 1.000000000000000000e+00
5.114386947442400633e+00 -4.066835833274820011e+00 4.363130090506329717e-01 1.000000000000000000e+00
5.121539936180082186e+00 -4.083414181014521027e+00 4.328150807117444598e-01 1.000000000000000000e+00
5.128692924917763740e+00 -4.099858814623886794e+00 4.293029795533609416e-01 1.000000000000000000e+00
5.135845913655445294e+00 -4.116169195612386034e+00 4.257768205815845031e-01 1.000000000000000000e+00
5.142998902393126848e+00 -4.132344789885673997e+00 4.222367192628516674e-01 1.000000000000000000e+00
5.150151891130808401e+00 -4.148385067763094902e+00 4.186827915201484229e-01 1.000000000000000000e+00
5.157304879868489955e+00 -4.164289503995010300e+00 4.151151537292178673e-01 1.000000000000000000e+00
5.164457868606172397e+00 -4.180057577780011968e+00 4.115339227147472023e-01 1.000000000000000000e+00
5.171610857343853951e+00 -4.195688772781971387e+00 4.079392157465429603e-01 1.000000000000000000e+00
5.178763846081535505e+00 -4.211182577146942663e+00 4.043311505356911306e-01 1.000000000000000000e+00
5.185916834819217058e+00 -4.226538483519936662e+00 4.007098452307007452e-01 1.000000000000000000e+00
5.193069823556898612e+00 -4.241755989061518406e+00 3.970754184136389697e-01 1.000000000000000000e+00
5.200222812294580166e+00 -4.256834595464288107e+00 3.934279890962432136e-01 1.000000000000000000e+00
5.207375801032261720e+00 -4.271773808969184572e+00 3.897676767160281330e-01 1.000000000000000000e+00
5.214528789769944161e+00 -4.286573140381662483e+00 3.860946011323725946e-01 1.000000000000000000e+00
5.221681778507625715e+00 -4.301232105087709812e+00 3.824088826225948146e-01 1.000000000000000000e+00
5.228834767245307269e+00 -4.315750223069716895e+00 3.787106418780147310e-01 1.000000000000000000e+00
5.235987755982988823e+00 -4.330127018922192761e+00 3.749999999999996114e-01 1.000000000000000000e+00
5.243140744720670376e+00 -4.344362021867335777e+00 3.712770784960024439e-01 1.000000000000000000e+00
5.250293733458351930e+00 -4.358454765770448880e+00 3.675419992755783460e-01 1.000000000000000000e+00
5.257446722196033484e+00 -4.372404789155198479e+00 3.637948846463968655e-01 1.000000000000000000e+00
5.264599710933715926e+00 -4.386211635218733029e+00 3.600358573102343529e-01 1.000000000000000000e+00
5.271752699671397480e+00 -4.399874851846637291e+00 3.562650403589568970e-01 1.000000000000000000e+00
5.278905688409079033e+00 -4.413393991627737378e+00 3.524825572704898269e-01 1.000000000000000000e+00
5.286058677146760587e+00 -4.426768611868753922e+00 3.486885319047723364e-01 1.000000000000000000e+00
5.293211665884442141e+00 -4.439998274608794482e+00 3.448830884997054480e-01 1.000000000000000000e+00
5.300364654622123695e+00 -4.453082546633701178e+00 3.410663516670792150e-01 1.000000000000000000e+00
5.307517643359805248e+00 -4.466020999490227794e+00 3.372384463884963712e-01 1.000000000000000000e+00
5.314670632097486802e+00 -4.478813209500073000e+00 3.333994980112777728e-01 1.000000000000000000e+00
5.321823620835169244e+00 -4.491458757773766131e+00 3.295496322443555726e-01 1.000000000000000000e+00
5.328976609572850798e+00 -4.503957230224354902e+00 3.256889751541633959e-01 1.000000000000000000e+00
5.336129598310532351e+00 -4.516308217581002538e+00 3.218176531604997614e-01 1.000000000000000000e+00
5.343282587048213905e+00 -4.528511315402356630e+00 3.179357930323956083e-01 1.000000000000000000e+00
5.350435575785895459e+00 -4.540566124089814082e+00 3.140435218839576215e-01 1.000000000000000000e+00
5.357588564523577013e+00 -4.552472248900595986e+00 3.101409671702102799e-01 1.000000000000000000e+00
5.364741553261258566e+00 -4.564229299960676833e+00 3.062282566829201969e-01 1.000000000000000000e+00
5.371894541998941008e+00 -4.575836892277552082e+00 3.023055185464091910e-01 1.000000000000000000e+00
5.379047530736622562e+00 -4.587294645752837852e+00 2.983728812133653596e-01 1.000000000000000000e+00
5.386200519474304116e+00 -4.598602185194733849e+00 2.944304734606285057e-01 1.000000000000000000e+00
5.393353508211985670e+00 -4.609759140330287330e+00 2.904784243849802827e-01 1.000000000000000000e+00
5.400506496949667223e+00 -4.620765145817539832e+00 2.865168633989114699e-01 1.000000000000000000e+00
5.407659485687348777e+00 -4.631619841257474945e+00 2.825459202263885805e-01 1.000000000000000000e+00
5.414812474425030331e+00 -4.642322871205822210e+00 2.785657248986040946e-01 1.000000000000000000e+00
5.421965463162712773e+00 -4.652873885184708236e+00 2.745764077497162559e-01 1.000000000000000000e+00
5.429118451900394327e+00 -4.663272537694112430e+00 2.705780994125873695e-01 1.000000000000000000e+00
5.436271440638075880e+00 -4.673518488223201928e+00 2.665709308144981193e-01 1.000000000000000000e+00
5.443424429375757434e+00 -4.683611401261468465e+00 2.625550331728674358e-01 1.000000000000000000e+00
5.450577418113438988e+00 -4.693550946309721361e+00 2.585305379909502710e-01 1.000000000000000000e+00
5.457730406851120541e+00 -4.703336797890902865e+00 2.544975770535353732e-01 1.000000000000000000e+00
5.464883395588802095e+00 -4.712968635560755182e+00 2.504562824226286288e-01 1.000000000000000000e+00
5.472036384326484537e+00 -4.722446143918308081e+00 2.464067864331254132e-01 1.000000000000000000e+00
5.479189373064166091e+00 -4.731769012616203973e+00 2.423492216884848283e-01 1.000000000000000000e+00
5.486342361801847645e+00 -4.740936936370870214e+00 2.382837210563782393e-01 1.000000000000000000e+00
5.493495350539529198e+00 -4.749949614972505785e+00 2.342104176643460822e-01 1.000000000000000000e+00
5.500648339277210752e+00 -4.758806753294918757e+00 2.301294448954327998e-01 1.000000000000000000e+00
5.507801328014892306e+00 -4.767508061305189671e+00 2.260409363838237762e-01 1.000000000000000000e+00
5.514954316752573860e+00 -4.776053254073158172e+00 2.219450260104672279e-01 1.000000000000000000e+00
5.522107305490256302e+00 -4.784442051780774641e+00 2.178418478986877127e-01 1.000000000000000000e+00
5.529260294227937855e+00 -4.792674179731235995e+00 2.137315364098012760e-01 1.000000000000000000e+00
5.536413282965619409e+00 -4.800749368358010472e+00 2.096142261387066996e-01 1.000000000000000000e+00
5.543566271703300963e+00 -4.808667353233635033e+00 2.054900519094857714e-01 1.000000000000000000e+00
5.550719260440982517e+00 -4.816427875078400866e+00 2.013591487709825434e-01 1.000000000000000000e+00
5.557872249178664070e+00 -4.824030679768823937e+00 1.972216519923857270e-01 1.000000000000000000e+00
5.565025237916345624e+00 -4.831475518345975217e+00 1.930776970587971819e-01 1.000000000000000000e+00
5.572178226654028066e+00 -4.838762147023635940e+00 1.889274196667927175e-01 1.000000000000000000e+00
5.579331215391709620e+00 -4.845890327196268998e+00 1.847709557199858632e-01 1.000000000000000000e+00
5.586484204129391173e+00 -4.852859825446847353e+00 1.806084413245684916e-01 1.000000000000000000e+00
5.593637192867072727e+00 -4.859670413554482593e+00 1.764400127848616828e-01 1.000000000000000000e+00
5.600790181604754281e+00 -4.866321868501914061e+00 1.722658065988465492e-01 1.000000000000000000e+00
5.607943170342435835e+00 -4.872813972482792799e+00 1.680859594536990576e-01 1.000000000000000000e+00
5.615096159080117388e+00 -4.879146512908831390e+00 1.639006082213121385e-01 1.000000000000000000e+00
5.622249147817799830e+00 -4.885319282416754838e+00 1.597098899538111072e-01 1.000000000000000000e+00
5.629402136555481384e+00 -4.891332078875094247e+00 1.555139418790731087e-01 1.000000000000000000e+00
5.636555125293162938e+00 -4.897184705390805526e+00 1.513129013962241087e-01 1.000000000000000000e+00
5.643708114030844492e+00 -4.902876970315714900e+00 1.471069060711477916e-01 1.000000000000000000e+00
5.650861102768526045e+00 -4.908408687252800107e+00 1.428960936319747521e-01 1.000000000000000000e+00
5.658014091506207599e+00 -4.913779675062285968e+00 1.386806019645772103e-01 1.000000000000000000e+00
5.665167080243889153e+00 -4.918989757867581858e+00 1.344605691080518750e-01 1.000000000000000000e+00
5.672320068981571595e+00 -4.924038765061041545e+00 1.302361332501970337e-01 1.000000000000000000e+00
5.679473057719253148e+00 -4.928926531309540948e+00 1.260074327229948887e-01 1.000000000000000000e+00
5.686626046456934702e+00 -4.933652896559906686e+00 1.217746059980723827e-01 1.000000000000000000e+00
5.693779035194616256e+00 -4.938217706044144784e+00 1.175377916821749857e-01 1.000000000000000000e+00
5.700932023932297810e+00 -4.942620810284511279e+00 1.132971285126217476e-01 1.000000000000000000e+00
5.708085012669979363e+00 -4.946862065098414973e+00 1.090527553527670390e-01 1.000000000000000000e+00
5.715238001407660917e+00 -4.950941331603124773e+00 1.048048111874513577e-01 1.000000000000000000e+00
5.722390990145342471e+00 -4.954858476220329599e+00 1.005534351184481923e-01 1.000000000000000000e+00
5.729543978883024913e+00 -4.958613370680507337e+00 9.629876635991294065e-02 1.000000000000000000e+00
5.736696967620706467e+00 -4.962205892027125920e+00 9.204094423382172541e-02 1.000000000000000000e+00
5.743849956358388020e+00 -4.965635922620669440e+00 8.778010816541040318e-02 1.000000000000000000e+00
5.751002945096069574e+00 -4.968903350142491071e+00 8.351639767860644104e-02 1.000000000000000000e+00
5.758155933833751128e+00 -4.972008067598490122e+00 7.924995239146404025e-02 1.000000000000000000e+00
5.765308922571432682e+00 -4.974949973322613239e+00 7.498091201159029495e-02 1.000000000000000000e+00
5.772461911309114235e+00 -4.977728970980190404e+00 7.070941633156828388e-02 1.000000000000000000e+00
5.779614900046796677e+00 -4.980344969571082636e+00 6.643560522438358984e-02 1.000000000000000000e+00
5.786767888784478231e+00 -4.982797883432665387e+00 6.215961863884133382e-02 1.000000000000000000e+00
5.793920877522159785e+00 -4.985087632242632516e+00 5.788159659498477716e-02 1.000000000000000000e+00
5.801073866259841338e+00 -4.987214141021627967e+00 5.360167917950764416e-02 1.000000000000000000e+00
5.808226854997522892e+00 -4.989177340135697136e+00 4.932000654117087157e-02 1.000000000000000000e+00
5.815379843735204446e+00 -4.990977165298570384e+00 4.503671888621132990e-02 1.000000000000000000e+00
5.822532832472886000e+00 -4.992613557573769789e+00 4.075195647374869196e-02 1.000000000000000000e+00
5.829685821210568442e+00 -4.994086463376533835e+00 3.646585961119656188e-02 1.000000000000000000e+00
5.836838809948249995e+00 -4.995395834475577779e+00 3.217856864966532615e-02 1.000000000000000000e+00
5.843991798685931549e+00 -4.996541627994667500e+00 2.789022397936763084e-02 1.000000000000000000e+00
5.851144787423613103e+00 -4.997523806414026382e+00 2.360096602501849175e-02 1.000000000000000000e+00
5.858297776161294657e+00 -4.998342337571566318e+00 1.931093524124103886e-02 1.000000000000000000e+00
5.865450764898976210e+00 -4.998997194663936661e+00 1.502027210796521781e-02 1.000000000000000000e+00
5.872603753636657764e+00 -4.999488356247402621e+00 1.072911712582568476e-02 1.000000000000000000e+00
5.879756742374340206e+00 -4.999815806238550486e+00 6.437610811565004296e-03 1.000000000000000000e+00
5.886909731112021760e+00 -4.999979533914808982e+00 2.145893693429688515e-03 1.000000000000000000e+00
5.894062719849703313e+00 -4.999979533914808982e+00 -2.145893693430171202e-03 1.000000000000000000e+00
5.901215708587384867e+00 -4.999815806238550486e+00 -6.437610811565486549e-03 1.000000000000000000e+00
5.908368697325066421e+00 -4.999488356247402621e+00 -1.072911712582616701e-02 1.000000000000000000e+00
5.915521686062747975e+00 -4.998997194663936661e+00 -1.502027210796503739e-02 1.000000000000000000e+00
5.922674674800429528e+00 -4.998342337571566318e+00 -1.931093524124152111e-02 1.000000000000000000e+00
5.929827663538111970e+00 -4.997523806414025493e+00 -2.360096602501897053e-02 1.000000000000000000e+00
5.936980652275793524e+00 -4.996541627994666612e+00 -2.789022397936810962e-02 1.000000000000000000e+00
5.944133641013475078e+00 -4.995395834475576891e+00 -3.217856864966580493e-02 1.000000000000000000e+00
5.951286629751156632e+00 -4.994086463376533835e+00 -3.646585961119704067e-02 1.000000000000000000e+00
5.958439618488838185e+00 -4.992613557573769789e+00 -4.075195647374917074e-02 1.000000000000000000e+00
5.965592607226519739e+00 -4.990977165298570384e+00 -4.503671888621114255e-02 1.000000000000000000e+00
5.972745595964201293e+00 -4.989177340135696248e+00 -4.932000654117135729e-02 1.000000000000000000e+00
5.979898584701883735e+00 -4.987214141021627967e+00 -5.360167917950812988e-02 1.000000000000000000e+00
5.987051573439565288e+00 -4.985087632242632516e+00 -5.788159659498526288e-02 1.000000000000000000e+00
5.994204562177246842e+00 -4.982797883432665387e+00 -6.215961863884181260e-02 1.000000000000000000e+00
6.001357550914928396e+00 -4.980344969571082636e+00 -6.643560522438406168e-02 1.000000000000000000e+00
6.008510539652609950e+00 -4.977728970980190404e+00 -7.070941633156874184e-02 1.000000000000000000e+00
6.015663528390291503e+00 -4.974949973322613239e+00 -7.498091201159010066e-02 1.000000000000000000e+00
6.022816517127973057e+00 -4.972008067598489234e+00 -7.924995239146452597e-02 1.000000000000000000e+00
6.029969505865655499e+00 -4.968903350142491071e+00 -8.351639767860692676e-02 1.000000000000000000e+00
6.037122494603337053e+00 -4.965635922620669440e+00 -8.778010816541087502e-02 1.000000000000000000e+00
6.044275483341018607e+00 -4.962205892027125032e+00 -9.204094423382286339e-02 1.000000000000000000e+00
6.051428472078700160e+00 -4.958613370680506449e+00 -9.629876635991344025e-02 1.000000000000000000e+00
6.058581460816381714e+00 -4.954858476220327823e+00 -1.005534351184486919e-01 1.000000000000000000e+00
6.065734449554063268e+00 -4.950941331603123885e+00 -1.048048111874511912e-01 1.000000000000000000e+00
6.072887438291744822e+00 -4.946862065098414085e+00 -1.090527553527675386e-01 1.000000000000000000e+00
6.080040427029427264e+00 -4.942620810284511279e+00 -1.132971285126222194e-01 1.000000000000000000e+00
6.087193415767108817e+00 -4.938217706044144784e+00 -1.175377916821754853e-01 1.000000000000000000e+00
6.094346404504790371e+00 -4.933652896559905798e+00 -1.217746059980735346e-01 1.000000000000000000e+00
6.101499393242471925e+00 -4.928926531309540948e+00 -1.260074327229953883e-01 1.000000000000000000e+00
6.108652381980153478e+00 -4.924038765061039769e+00 -1.302361332501981994e-01 1.000000000000000000e+00
6.115805370717835032e+00 -4.918989757867581858e+00 -1.344605691080517085e-01 1.000000000000000000e+00
6.122958359455516586e+00 -4.913779675062285079e+00 -1.386806019645777099e-01 1.000000000000000000e+00
6.130111348193199028e+00 -4.908408687252799218e+00 -1.428960936319752517e-01 1.000000000000000000e+00
6.137264336930880582e+00 -4.902876970315714011e+00 -1.471069060711482912e-01 1.000000000000000000e+00
6.144417325668562135e+00 -4.897184705390803749e+00 -1.513129013962252745e-01 1.000000000000000000e+00
6.151570314406243689e+00 -4.891332078875093359e+00 -1.555139418790735806e-01 1.000000000000000000e+00
6.158723303143925243e+00 -4.885319282416753950e+00 -1.597098899538122452e-01 1.000000000000000000e+00
6.165876291881606797e+00 -4.879146512908831390e+00 -1.639006082213119719e-01 1.000000000000000000e+00
6.173029280619288350e+00 -4.872813972482791911e+00 -1.680859594536995294e-01 1.000000000000000000e+00
6.180182269356970792e+00 -4.866321868501912284e+00 -1.722658065988470488e-01 1.000000000000000000e+00
6.187335258094652346e+00 -4.859670413554482593e+00 -1.764400127848621547e-01 1.000000000000000000e+00
6.194488246832333900e+00 -4.852859825446846465e+00 -1.806084413245696019e-01 1.000000000000000000e+00
6.201641235570015454e+00 -4.845890327196268110e+00 -1.847709557199863351e-01 1.000000000000000000e+00
6.208794224307697007e+00 -4.838762147023634164e+00 -1.889274196667938555e-01 1.000000000000000000e+00
6.215947213045378561e+00 -4.831475518345976994e+00 -1.930776970587970154e-01 1.000000000000000000e+00
6.223100201783060115e+00 -4.824030679768823049e+00 -1.972216519923862266e-01 1.000000000000000000e+00
6.230253190520741668e+00 -4.816427875078400866e+00 -2.013591487709830152e-01 1.000000000000000000e+00
6.237406179258424110e+00 -4.808667353233634145e+00 -2.054900519094862432e-01 1.000000000000000000e+00
6.244559167996105664e+00 -4.800749368358007807e+00 -2.096142261387078376e-01 1.000000000000000000e+00
6.251712156733787218e+00 -4.792674179731235995e+00 -2.137315364098017756e-01 1.000000000000000000e+00
6.258865145471468772e+00 -4.784442051780771976e+00 -2.178418478986888229e-01 1.000000000000000000e+00
6.266018134209150325e+00 -4.776053254073158172e+00 -2.219450260104670614e-01 1.000000000000000000e+00
6.273171122946831879e+00 -4.767508061305187894e+00 -2.260409363838242758e-01 1.000000000000000000e+00
6.280324111684513433e+00 -4.758806753294918757e+00 -2.301294448954332994e-01 1.000000000000000000e+00
6.287477100422195875e+00 -4.749949614972504008e+00 -2.342104176643465818e-01 1.000000000000000000e+00
6.294630089159877429e+00 -4.740936936370867549e+00 -2.382837210563793773e-01 1.000000000000000000e+00
6.301783077897558982e+00 -4.731769012616202197e+00 -2.423492216884853279e-01 1.000000000000000000e+00
6.308936066635240536e+00 -4.722446143918305417e+00 -2.464067864331265234e-01 1.000000000000000000e+00
6.316089055372922090e+00 -4.712968635560755182e+00 -2.504562824226284068e-01 1.000000000000000000e+00
6.323242044110603644e+00 -4.703336797890902865e+00 -2.544975770535358728e-01 1.000000000000000000e+00
6.330395032848285197e+00 -4.693550946309719585e+00 -2.585305379909507151e-01 1.000000000000000000e+00
6.337548021585967639e+00 -4.683611401261467577e+00 -2.625550331728679909e-01 1.000000000000000000e+00
6.344701010323649193e+00 -4.673518488223199263e+00 -2.665709308144991740e-01 1.000000000000000000e+00
6.351853999061330747e+00 -4.663272537694111541e+00 -2.705780994125878136e-01 1.000000000000000000e+00
6.359006987799012300e+00 -4.652873885184706459e+00 -2.745764077497173106e-01 1.000000000000000000e+00
6.366159976536693854e+00 -4.642322871205822210e+00 -2.785657248986039836e-01 1.000000000000000000e+00
6.373312965274375408e+00 -4.631619841257474057e+00 -2.825459202263890246e-01 1.000000000000000000e+00
6.380465954012056962e+00 -4.620765145817538944e+00 -2.865168633989119140e-01 1.000000000000000000e+00
6.387618942749739404e+00 -4.609759140330285554e+00 -2.904784243849807268e-01 1.000000000000000000e+00
6.394771931487420957e+00 -4.598602185194730296e+00 -2.944304734606295604e-01 1.000000000000000000e+00
6.401924920225102511e+00 -4.587294645752836963e+00 -2.983728812133658592e-01 1.000000000000000000e+00
6.409077908962784065e+00 -4.575836892277549417e+00 -3.023055185464102457e-01 1.000000000000000000e+00
6.416230897700465619e+00 -4.564229299960677722e+00 -3.062282566829200303e-01 1.000000000000000000e+00
6.423383886438147172e+00 -4.552472248900595986e+00 -3.101409671702107795e-01 1.000000000000000000e+00
6.430536875175828726e+00 -4.540566124089813194e+00 -3.140435218839580656e-01 1.000000000000000000e+00
6.437689863913511168e+00 -4.528511315402355741e+00 -3.179357930323960524e-01 1.000000000000000000e+00
6.444842852651192722e+00 -4.516308217580999873e+00 -3.218176531605008162e-01 1.000000000000000000e+00
6.451995841388874275e+00 -4.503957230224354014e+00 -3.256889751541638400e-01 1.000000000000000000e+00
6.459148830126555829e+00 -4.491458757773762578e+00 -3.295496322443566273e-01 1.000000000000000000e+00
6.466301818864237383e+00 -4.478813209500073889e+00 -3.333994980112776063e-01 1.000000000000000000e+00
6.473454807601918937e+00 -4.466020999490226906e+00 -3.372384463884968153e-01 1.000000000000000000e+00
6.480607796339600490e+00 -4.453082546633700289e+00 -3.410663516670796591e-01 1.000000000000000000e+00
6.487760785077282932e+00 -4.439998274608793594e+00 -3.448830884997059476e-01 1.000000000000000000e+00
6.494913773814964486e+00 -4.426768611868750369e+00 -3.486885319047733356e-01 1.000000000000000000e+00
6.502066762552646040e+00 -4.413393991627735602e+00 -3.524825572704902710e-01 1.000000000000000000e+00
6.509219751290327594e+00 -4.399874851846634627e+00 -3.562650403589578962e-01 1.000000000000000000e+00
6.516372740028009147e+00 -4.386211635218733029e+00 -3.600358573102347970e-01 1.000000000000000000e+00
6.523525728765690701e+00 -4.372404789155197591e+00 -3.637948846463973096e-01 1.000000000000000000e+00
6.530678717503372255e+00 -4.358454765770447104e+00 -3.675419992755787901e-01 1.000000000000000000e+00
6.537831706241054697e+00 -4.344362021867334889e+00 -3.712770784960028880e-01 1.000000000000000000e+00
6.544984694978736250e+00 -4.330127018922190096e+00 -3.750000000000006661e-01 1.000000000000000000e+00
6.552137683716417804e+00 -4.315750223069715119e+00 -3.787106418780151751e-01 1.000000000000000000e+00
6.559290672454099358e+00 -4.301232105087707147e+00 -3.824088826225958138e-01 1.000000000000000000e+00
6.566443661191780912e+00 -4.286573140381661595e+00 -3.860946011323730387e-01 1.000000000000000000e+00
6.573596649929462465e+00 -4.271773808969182795e+00 -3.897676767160286326e-01 1.000000000000000000e+00
6.580749638667144019e+00 -4.256834595464286330e+00 -3.934279890962436577e-01 1.000000000000000000e+00
6.587902627404826461e+00 -4.241755989061517518e+00 -3.970754184136393583e-01 1.000000000000000000e+00
6.595055616142508015e+00 -4.226538483519932221e+00 -4.007098452307017444e-01 1.000000000000000000e+00
6.602208604880189569e+00 -4.211182577146940886e+00 -4.043311505356915192e-01 1.000000000000000000e+00
6.609361593617871122e+00 -4.195688772781966946e+00 -4.079392157465439039e-01 1.000000000000000000e+00
6.616514582355552676e+00 -4.180057577780011968e+00 -4.115339227147476464e-01 1.000000000000000000e+00
6.623667571093234230e+00 -4.164289503995009412e+00 -4.151151537292182558e-01 1.000000000000000000e+00
6.630820559830915784e+00 -4.148385067763093126e+00 -4.186827915201488670e-01 1.000000000000000000e+00
6.637973548568597337e+00 -4.132344789885674885e+00 -4.222367192628515564e-01 1.000000000000000000e+00
6.645126537306279779e+00 -4.116169195612382481e+00 -4.257768205815853912e-01 1.000000000000000000e+00
6.652279526043961333e+00 -4.099858814623885017e+00 -4.293029795533613857e-01 1.000000000000000000e+00
6.659432514781642887e+00 -4.083414181014517474e+00 -4.328150807117453480e-01 1.000000000000000000e+00
6.666585503519324440e+00 -4.066835833274818235e+00 -4.363130090506334158e-01 1.000000000000000000e+00
6.673738492257005994e+00 -4.050124314273875648e+00 -4.397966500280218738e-01 1.000000000000000000e+00
6.680891480994687548e+00 -4.033280171241565348e+00 -4.432658895697549895e-01 1.000000000000000000e+00
6.688044469732369102e+00 -4.016303955750628596e+00 -4.467206140732614683e-01 1.000000000000000000e+00
6.695197458470051544e+00 -3.999196223698593844e+00 -4.501607104112767543e-01 1.000000000000000000e+00
6.702350447207733097e+00 -3.981957535289610384e+00 -4.535860659355418489e-01 1.000000000000000000e+00
6.709503435945414651e+00 -3.964588455016056834e+00 -4.569965684804990769e-01 1.000000000000000000e+00
6.716656424683096205e+00 -3.947089551640099003e+00 -4.603921063669589309e-01 1.000000000000000000e+00
6.723809413420777759e+00 -3.929461398175034148e+00 -4.637725684057618647e-01 1.000000000000000000e+00
6.730962402158459312e+00 -3.911704571866546853e+00 -4.671378439014152728e-01 1.000000000000000000e+00
6.738115390896140866e+00 -3.893819654173803713e+00 -4.704878226557203114e-01 1.000000000000000000e+00
6.745268379633823308e+00 -3.875807230750395682e+00 -4.738223949713820105e-01 1.000000000000000000e+00
6.752421368371504862e+00 -3.857667891425194284e+00 -4.771414516555961827e-01 1.000000000000000000e+00
6.759574357109186415e+00 -3.839402230182998199e+00 -4.804448840236317242e-01 1.000000000000000000e+00
6.766727345846867969e+00 -3.821010845145115020e+00 -4.837325839023838281e-01 1.000000000000000000e+00
6.773880334584549523e+00 -3.802494338549751607e+00 -4.870044436339206473e-01 1.000000000000000000e+00
6.781033323322231077e+00 -3.783853316732311622e+00 -4.902603560790047554e-01 1.000000000000000000e+00
6.788186312059912630e+00 -3.765088390105533200e+00 -4.935002146206036722e-01 1.000000000000000000e+00
6.795339300797595072e+00 -3.746200173139490275e+00 -4.967239131673824026e-01 1.000000000000000000e+00
6.802492289535276626e+00 -3.727189284341500208e+00 -4.999313461571726624e-01 1.000000000000000000e+00
6.809645278272958180e+00 -3.708056346235831580e+00 -5.031224085604357743e-01 1.000000000000000000e+00
6.816798267010639734e+00 -3.688801985343353351e+00 -5.062969958836968098e-01 1.000000000000000000e+00
6.823951255748321287e+00 -3.669426832160995300e+00 -5.094550041729699608e-01 1.000000000000000000e+00
6.831104244486002841e+00 -3.649931521141116519e+00 -5.125963300171599846e-01 1.000000000000000000e+00
6.838257233223684395e+00 -3.630316690670730928e+00 -5.157208705514487734e-01 1.000000000000000000e+00
6.845410221961366837e+00 -3.610582983050577344e+00 -5.188285234606671015e-01 1.000000000000000000e+00
6.852563210699048390e+00 -3.590731044474133604e+00 -5.219191869826383945e-01 1.000000000000000000e+00
6.859716199436729944e+00 -3.570761525006405535e+00 -5.249927599115187249e-01 1.000000000000000000e+00
6.866869188174411498e+00 -3.550675078562679943e+00 -5.280491416011043881e-01 1.000000000000000000e+00
6.874022176912093052e+00 -3.530472362887081772e+00 -5.310882319681321517e-01 1.000000000000000000e+00
6.881175165649774605e+00 -3.510154039531061088e+00 -5.341099314955537469e-01 1.000000000000000000e+00
6.888328154387456159e+00 -3.489720773831717970e+00 -5.371141412357950395e-01 1.000000000000000000e+00
6.895481143125138601e+00 -3.469173234890004842e+00 -5.401007628139988803e-01 1.000000000000000000e+00
6.902634131862820155e+00 -3.448512095548847967e+00 -5.430696984312410880e-01 1.000000000000000000e+00
6.909787120600501709e+00 -3.427738032371074883e+00 -5.460208508677391048e-01 1.000000000000000000e+00
6.916940109338183262e+00 -3.406851725617293880e+00 -5.489541234860301211e-01 1.000000000000000000e+00
6.924093098075864816e+00 -3.385853859223592721e+00 -5.518694202341400956e-01 1.000000000000000000e+00
6.931246086813546370e+00 -3.364745120779161880e+00 -5.547666456487254649e-01 1.000000000000000000e+00
6.938399075551227924e+00 -3.343526201503774775e+00 -5.576457048582004195e-01 1.000000000000000000e+00
6.945552064288910366e+00 -3.322197796225133448e+00 -5.605065035858456390e-01 1.000000000000000000e+00
6.952705053026591919e+00 -3.300760603356156953e+00 -5.633489481528902720e-01 1.000000000000000000e+00
6.959858041764273473e+00 -3.279215324872063242e+00 -5.661729454815858098e-01 1.000000000000000000e+00
6.967011030501955027e+00 -3.257562666287424413e+00 -5.689784030982488749e-01 1.000000000000000000e+00
6.974164019239636580e+00 -3.235803336633029659e+00 -5.717652291362930184e-01 1.000000000000000000e+00
6.981317007977318134e+00 -3.213938048432694039e+00 -5.745333323392338709e-01 1.000000000000000000e+00
6.988469996714999688e+00 -3.191967517679919375e+00 -5.772826220636793071e-01 1.000000000000000000e+00
6.995622985452682130e+00 -3.169892463814428574e+00 -5.800130082822980704e-01 1.000000000000000000e+00
7.002775974190363684e+00 -3.147713609698648884e+00 -5.827244015867645288e-01 1.000000000000000000e+00
7.009928962928045237e+00 -3.125431681593991762e+00 -5.854167131906916621e-01 1.000000000000000000e+00
7.017081951665726791e+00 -3.103047409137113188e+00 -5.880898549325329627e-01 1.000000000000000000e+00
7.024234940403408345e+00 -3.080561525315989702e+00 -5.907437392784740116e-01 1.000000000000000000e+00
7.031387929141089899e+00 -3.057974766445938908e+00 -5.933782793252951882e-01 1.000000000000000000e+00
7.038540917878771452e+00 -3.035287872145500998e+00 -5.959933888032189486e-01 1.000000000000000000e+00
7.045693906616453894e+00 -3.012501585312203911e+00 -5.985889820787364535e-01 1.000000000000000000e+00
7.052846895354135448e+00 -2.989616652098273875e+00 -6.011649741574071060e-01 1.000000000000000000e+00
7.059999884091817002e+00 -2.966633821886156763e+00 -6.037212806866474324e-01 1.000000000000000000e+00
7.067152872829498556e+00 -2.943553847264014145e+00 -6.062578179584883209e-01 1.000000000000000000e+00
7.074305861567180109e+00 -2.920377484001057233e+00 -6.087745029123199370e-01 1.000000000000000000e+00
7.081458850304861663e+00 -2.897105491022815560e+00 -6.112712531376088831e-01 1.000000000000000000e+00
7.088611839042543217e+00 -2.873738630386278192e+00 -6.137479868765973734e-01 1.000000000000000000e+00
7.095764827780225659e+00 -2.850277667254925706e+00 -6.162046230269828673e-01 1.000000000000000000e+00
7.102917816517907212e+00 -2.826723369873711977e+00 -6.186410811445685054e-01 1.000000000000000000e+00
7.110070805255588766e+00 -2.803076509543858563e+00 -6.210572814459041080e-01 1.000000000000000000e+00
7.117223793993270320e+00 -2.779337860597640653e+00 -6.234531448108927565e-01 1.000000000000000000e+00
7.124376782730951874e+00 -2.755508200372998484e+00 -6.258285927853856068e-01 1.000000000000000000e+00
7.131529771468633427e+00 -2.731588309188109243e+00 -6.281835475837488358e-01 1.000000000000000000e+00
7.138682760206314981e+00 -2.707578970315822176e+00 -6.305179320914108265e-01 1.000000000000000000e+00
7.145835748943996535e+00 -2.683480969958000451e+00 -6.328316698673892571e-01 1.000000000000000000e+00
7.152988737681678977e+00 -2.659295097219798620e+00 -6.351246851467918786e-01 1.000000000000000000e+00
7.160141726419360531e+00 -2.635022144083806417e+00 -6.373969028432986406e-01 1.000000000000000000e+00
7.167294715157042084e+00 -2.610662905384123711e+00 -6.396482485516197247e-01 1.000000000000000000e+00
7.174447703894723638e+00 -2.586218178780316901e+00 -6.418786485499341499e-01 1.000000000000000000e+00
7.181600692632405192e+00 -2.561688764731322898e+00 -6.440880298023006212e-01 1.000000000000000000e+00
7.188753681370086746e+00 -2.537075466469226992e+00 -6.462763199610510600e-01 1.000000000000000000e+00
7.195906670107768299e+00 -2.512379089972945234e+00 -6.484434473691602641e-01 1.000000000000000000e+00
7.203059658845450741e+00 -2.487600443941859751e+00 -6.505893410625904760e-01 1.000000000000000000e+00
7.210212647583132295e+00 -2.462740339769318609e+00 -6.527139307726166351e-01 1.000000000000000000e+00
7.217365636320813849e+00 -2.437799591516074837e+00 -6.548171469281262036e-01 1.000000000000000000e+00
7.224518625058495402e+00 -2.412779015883614875e+00 -6.568989206578992324e-01 1.000000000000000000e+00
7.231671613796176956e+00 -2.387679432187438167e+00 -6.589591837928613360e-01 1.000000000000000000e+00
7.238824602533858510e+00 -2.362501662330215080e+00 -6.609978688683169068e-01 1.000000000000000000e+00
7.245977591271540064e+00 -2.337246530774863107e+00 -6.630149091261594574e-01 1.000000000000000000e+00
7.253130580009222506e+00 -2.311914864517571999e+00 -6.650102385170550967e-01 1.000000000000000000e+00
7.260283568746904059e+00 -2.286507493060707219e+00 -6.669837917026077978e-01 1.000000000000000000e+00
7.267436557484585613e+00 -2.261025248385656106e+00 -6.689355040574972433e-01 1.000000000000000000e+00
7.274589546222267167e+00 -2.235468964925567903e+00 -6.708653116715966869e-01 1.000000000000000000e+00
7.281742534959948721e+00 -2.209839479538052043e+00 -6.727731513520639473e-01 1.000000000000000000e+00
7.288895523697630274e+00 -2.184137631477765851e+00 -6.746589606254114191e-01 1.000000000000000000e+00
7.296048512435311828e+00 -2.158364262368917430e+00 -6.765226777395529911e-01 1.000000000000000000e+00
7.303201501172994270e+00 -2.132520216177732575e+00 -6.783642416658239860e-01 1.000000000000000000e+00
7.310354489910675824e+00 -2.106606339184800447e+00 -6.801835921009813379e-01 1.000000000000000000e+00
7.317507478648357377e+00 -2.080623479957371735e+00 -6.819806694691767923e-01 1.000000000000000000e+00
7.324660467386038931e+00 -2.054572489321552897e+00 -6.837554149239098988e-01 1.000000000000000000e+00
7.331813456123720485e+00 -2.028454220334471980e+00 -6.855077703499526942e-01 1.000000000000000000e+00
7.338966444861402039e+00 -2.002269528256332531e+00 -6.872376783652535126e-01 1.000000000000000000e+00
7.346119433599083592e+00 -1.976019270522392235e+00 -6.889450823228171483e-01 1.000000000000000000e+00
7.353272422336766034e+00 -1.949704306714915569e+00 -6.906299263125581511e-01 1.000000000000000000e+00
7.360425411074447588e+00 -1.923325498535002342e+00 -6.922921551631321391e-01 1.000000000000000000e+00
7.367578399812129142e+00 -1.896883709774387139e+00 -6.939317144437430196e-01 1.000000000000000000e+00
7.374731388549810696e+00 -1.870379806287131519e+00 -6.955485504659250084e-01 1.000000000000000000e+00
7.381884377287492249e+00 -1.843814655961297788e+00 -6.971426102853003348e-01 1.000000000000000000e+00
7.389037366025173803e+00 -1.817189128690517297e+00 -6.987138417033129656e-01 1.000000000000000000e+00
7.396190354762855357e+00 -1.790504096345492124e+00 -7.002621932689392370e-01 1.000000000000000000e+00
7.403343343500537799e+00 -1.763760432745471451e+00 -7.017876142803703976e-01 1.000000000000000000e+00
7.410496332238219352e+00 -1.736959013629617798e+00 -7.032900547866745011e-01 1.000000000000000000e+00
7.417649320975900906e+00 -1.710100716628342843e+00 -7.047694655894313209e-01 1.000000000000000000e+00
7.424802309713582460e+00 -1.683186421234549757e+00 -7.062257982443445048e-01 1.000000000000000000e+00
7.431955298451264014e+00 -1.656217008774857558e+00 -7.076590050628265294e-01 1.000000000000000000e+00
7.439108287188945567e+00 -1.629193362380732646e+00 -7.090690391135603399e-01 1.000000000000000000e+00
7.446261275926627121e+00 -1.602116366959554394e+00 -7.104558542240377861e-01 1.000000000000000000e+00
7.453414264664309563e+00 -1.574986909165664306e+00 -7.118194049820696367e-01 1.000000000000000000e+00
7.460567253401991117e+00 -1.547805877371314809e+00 -7.131596467372739445e-01 1.000000000000000000e+00
7.467720242139672671e+00 -1.520574161637588517e+00 -7.144765356025370995e-01 1.000000000000000000e+00
7.474873230877354224e+00 -1.493292653685234894e+00 -7.157700284554520120e-01 1.000000000000000000e+00
7.482026219615035778e+00 -1.465962246865494478e+00 -7.170400829397295395e-01 1.000000000000000000e+00
7.489179208352717332e+00 -1.438583836130834737e+00 -7.182866574665852655e-01 1.000000000000000000e+00
7.496332197090398886e+00 -1.411158318005631074e+00 -7.195097112161025210e-01 1.000000000000000000e+00
7.503485185828081327e+00 -1.383686590556834517e+00 -7.207092041385674275e-01 1.000000000000000000e+00
7.510638174565762881e+00 -1.356169553364546143e+00 -7.218850969557812913e-01 1.000000000000000000e+00
7.517791163303444435e+00 -1.328608107492570412e+00 -7.230373511623469085e-01 1.000000000000000000e+00
7.524944152041125989e+00 -1.301003155458890781e+00 -7.241659290269291116e-01 1.000000000000000000e+00
7.532097140778807542e+00 -1.273355601206140220e+00 -7.252707935934905592e-01 1.000000000000000000e+00
7.539250129516489096e+00 -1.245666350071992445e+00 -7.263519086825011017e-01 1.000000000000000000e+00
7.546403118254170650e+00 -1.217936308759498765e+00 -7.274092388921240548e-01 1.000000000000000000e+00
7.553556106991852204e+00 -1.190166385307429797e+00 -7.284427495993736068e-01 1.000000000000000000e+00
7.560709095729534646e+00 -1.162357489060502402e+00 -7.294524069612504658e-01 1.000000000000000000e+00
7.567862084467216199e+00 -1.134510530639653014e+00 -7.304381779158479748e-01 1.000000000000000000e+00
7.575015073204897753e+00 -1.106626421912160652e+00 -7.314000301834371331e-01 1.000000000000000000e+00
7.582168061942579307e+00 -1.078706075961831656e+00 -7.323379322675210856e-01 1.000000000000000000e+00
7.589321050680260861e+00 -1.050750407059085845e+00 -7.332518534558685186e-01 1.000000000000000000e+00
7.596474039417942414e+00 -1.022760330631002690e+00 -7.341417638215185226e-01 1.000000000000000000e+00
7.603627028155623968e+00 -9.947367632313768304e-01 -7.350076342237604754e-01 1.000000000000000000e+00
7.610780016893306410e+00 -9.666806225106659989e-01 -7.358494363090888335e-01 1.000000000000000000e+00
7.617933005630987964e+00 -9.385928271859926841e-01 -7.366671425121305017e-01 1.000000000000000000e+00
7.625085994368669517e+00 -9.104742970110009104e-01 -7.374607260565489986e-01 1.000000000000000000e+00
7.632238983106351071e+00 -8.823259527457845142e-01 -7.382301609559196454e-01 1.000000000000000000e+00
7.639391971844032625e+00 -8.541487161267204975e-01 -7.389754220145816621e-01 1.000000000000000000e+00
7.646544960581714179e+00 -8.259435098362719607e-01 -7.396964848284633964e-01 1.000000000000000000e+00
7.653697949319395732e+00 -7.977112574728046912e-01 -7.403933257858797967e-01 1.000000000000000000e+00
7.660850938057078174e+00 -7.694528835203049422e-01 -7.410659220683079029e-01 1.000000000000000000e+00
7.668003926794759728e+00 -7.411693133181579407e-01 -7.417142516511318062e-01 1.000000000000000000e+00
7.675156915532441282e+00 -7.128614730307871739e-01 -7.423382933043656262e-01 1.000000000000000000e+00
7.682309904270122836e+00 -6.845302896173727225e-01 -7.429380265933477334e-01 1.000000000000000000e+00
7.689462893007804389e+00 -6.561766908014818878e-01 -7.435134318794101027e-01 1.000000000000000000e+00
7.696615881745485943e+00 -6.278016050406758364e-01 -7.440644903205216876e-01 1.000000000000000000e+00
7.703768870483167497e+00 -5.994059614961375626e-01 -7.445911838719048159e-01 1.000000000000000000e+00
7.710921859220849939e+00 -5.709906900022065912e-01 -7.450934952866270500e-01 1.000000000000000000e+00
7.718074847958531493e+00 -5.425567210359836245e-01 -7.455714081161644025e-01 1.000000000000000000e+00
7.725227836696213046e+00 -5.141049856867996315e-01 -7.460249067109416821e-01 1.000000000000000000e+00
7.732380825433894600e+00 -4.856364156257755305e-01 -7.464539762208439733e-01 1.000000000000000000e+00
7.739533814171576154e+00 -4.571519430752958857e-01 -7.468586025957026919e-01 1.000000000000000000e+00
7.746686802909257707e+00 -4.286525007784699470e-01 -7.472387725857566609e-01 1.000000000000000000e+00
7.753839791646939261e+00 -4.001390219686188354e-01 -7.475944737420848751e-01 1.000000000000000000e+00
7.760992780384621703e+00 -3.716124403386766861e-01 -7.479256944170151744e-01 1.000000000000000000e+00
7.768145769122303257e+00 -3.430736900106690079e-01 -7.482324237645047171e-01 1.000000000000000000e+00
7.775298757859984811e+00 -3.145237055050626451e-01 -7.485146517404959177e-01 1.000000000000000000e+00
7.782451746597666364e+00 -2.859634217102128839e-01 -7.487723691032444062e-01 1.000000000000000000e+00
7.789604735335347918e+00 -2.573937738517320661e-01 -7.490055674136230079e-01 1.000000000000000000e+00
7.796757724073029472e+00 -2.288156974618516526e-01 -7.492142390353967452e-01 1.000000000000000000e+00
7.803910712810711026e+00 -2.002301283488188699e-01 -7.493983771354739698e-01 1.000000000000000000e+00
7.811063701548393468e+00 -1.716380025662130326e-01 -7.495579756841290742e-01 1.000000000000000000e+00
7.818216690286075021e+00 -1.430402563823469364e-01 -7.496930294552008878e-01 1.000000000000000000e+00
7.825369679023756575e+00 -1.144378262495461401e-01 -7.498035340262634296e-01 1.000000000000000000e+00
7.832522667761438129e+00 -8.583164877353302580e-02 -7.498894857787703483e-01 1.000000000000000000e+00
7.839675656499119683e+00 -5.722266068273924866e-02 -7.499508818981739378e-01 1.000000000000000000e+00
7.846828645236801236e+00 -2.861179879761857961e-02 -7.499877203740173970e-01 1.000000000000000000e+00
7.853981633974482790e+00 -1.224646799147353059e-15 -7.500000000000000000e-01 1.000000000000000000e+00
