0.000000000000000000e+00 0.000000000000000000e+00 -2.524773378056109241e+00 1.000000000000000000e+00
1.429826528368074480e-02 9.014109610163627273e-02 -2.537817496087332092e+00 1.000000000000000000e+00
2.859653056736148960e-02 1.802811864196108560e-01 -2.550833297451857717e+00 1.000000000000000000e+00
4.289479585104223613e-02 2.704192651814844028e-01 -2.563820636920917106e+00 1.000000000000000000e+00
5.719306113472297920e-02 3.605543266372623346e-01 -2.576779369583319657e+00 1.000000000000000000e+00
7.149132641840372226e-02 4.506853650706168501e-01 -2.589709350847060776e+00 1.000000000000000000e+00
8.578959170208447227e-02 5.408113748101085472e-01 -2.602610436440943253e+00 1.000000000000000000e+00
1.000878569857652084e-01 6.309313502404071405e-01 -2.615482482416183529e+00 1.000000000000000000e+00
1.143861222694459584e-01 7.210442858135135413e-01 -2.628325345148018855e+00 1.000000000000000000e+00
1.286843875531266945e-01 8.111491760599772727e-01 -2.641138881337308231e+00 1.000000000000000000e+00
1.429826528368074445e-01 9.012450156001176049e-01 -2.653922948012137351e+00 1.000000000000000000e+00
1.572809181204881945e-01 9.913307991552399168e-01 -2.666677402529404439e+00 1.000000000000000000e+00
1.715791834041689445e-01 1.081405521558853611e+00 -2.679402102576418532e+00 1.000000000000000000e+00
1.858774486878496945e-01 1.171468177767886587e+00 -2.692096906172485760e+00 1.000000000000000000e+00
2.001757139715304168e-01 1.261517762873900494e+00 -2.704761671670490752e+00 1.000000000000000000e+00
2.144739792552111668e-01 1.351553272114301985e+00 -2.717396257758484701e+00 1.000000000000000000e+00
2.287722445388919168e-01 1.441573700883555409e+00 -2.730000523461253437e+00 1.000000000000000000e+00
2.430705098225726668e-01 1.531578044744390521e+00 -2.742574328141894391e+00 1.000000000000000000e+00
2.573687751062533891e-01 1.621565299439011065e+00 -2.755117531503385564e+00 1.000000000000000000e+00
2.716670403899341668e-01 1.711534460900299592e+00 -2.767629993590152271e+00 1.000000000000000000e+00
2.859653056736148891e-01 1.801484525263020275e+00 -2.780111574789623230e+00 1.000000000000000000e+00
3.002635709572956668e-01 1.891414488875021727e+00 -2.792562135833799974e+00 1.000000000000000000e+00
3.145618362409763891e-01 1.981323348308432930e+00 -2.804981537800796065e+00 1.000000000000000000e+00
3.288601015246571113e-01 2.071210100370861174e+00 -2.817369642116397177e+00 1.000000000000000000e+00
3.431583668083378891e-01 2.161073742116585983e+00 -2.829726310555604751e+00 1.000000000000000000e+00
3.574566320920186113e-01 2.250913270857747950e+00 -2.842051405244175655e+00 1.000000000000000000e+00
3.717548973756993891e-01 2.340727684175538670e+00 -2.854344788660168053e+00 1.000000000000000000e+00
3.860531626593801113e-01 2.430515979931383352e+00 -2.866606323635465969e+00 1.000000000000000000e+00
4.003514279430608336e-01 2.520277156278125652e+00 -2.878835873357315833e+00 1.000000000000000000e+00
4.146496932267416113e-01 2.610010211671203173e+00 -2.891033301369851927e+00 1.000000000000000000e+00
4.289479585104223336e-01 2.699714144879823419e+00 -2.903198471575617390e+00 1.000000000000000000e+00
4.432462237941031113e-01 2.789387954998137520e+00 -2.915331248237089667e+00 1.000000000000000000e+00
4.575444890777838336e-01 2.879030641456404194e+00 -2.927431495978182419e+00 1.000000000000000000e+00
4.718427543614645558e-01 2.968641204032158143e+00 -2.939499079785766522e+00 1.000000000000000000e+00
4.861410196451453336e-01 3.058218642861367798e+00 -2.951533865011172875e+00 1.000000000000000000e+00
5.004392849288260559e-01 3.147761958449591724e+00 -2.963535717371695188e+00 1.000000000000000000e+00
5.147375502125067781e-01 3.237270151683133701e+00 -2.975504502952086572e+00 1.000000000000000000e+00
5.290358154961876114e-01 3.326742223840186252e+00 -2.987440088206059219e+00 1.000000000000000000e+00
5.433340807798683336e-01 3.416177176601976839e+00 -2.999342339957767223e+00 1.000000000000000000e+00
5.576323460635490559e-01 3.505574012063908729e+00 -3.011211125403296052e+00 1.000000000000000000e+00
5.719306113472297781e-01 3.594931732746691200e+00 -3.023046312112145362e+00 1.000000000000000000e+00
5.862288766309105004e-01 3.684249341607473305e+00 -3.034847768028704706e+00 1.000000000000000000e+00
6.005271419145913336e-01 3.773525842050966084e+00 -3.046615361473729688e+00 1.000000000000000000e+00
6.148254071982720559e-01 3.862760237940562558e+00 -3.058348961145808342e+00 1.000000000000000000e+00
6.291236724819527781e-01 3.951951533609456391e+00 -3.070048436122825297e+00 1.000000000000000000e+00
6.434219377656335004e-01 4.041098733871744564e+00 -3.081713655863426826e+00 1.000000000000000000e+00
6.577202030493142226e-01 4.130200844033539376e+00 -3.093344490208473907e+00 1.000000000000000000e+00
6.720184683329950559e-01 4.219256869904061347e+00 -3.104940809382494837e+00 1.000000000000000000e+00
6.863167336166757782e-01 4.308265817806729459e+00 -3.116502483995137851e+00 1.000000000000000000e+00
7.006149989003565004e-01 4.397226694590261609e+00 -3.128029385042607746e+00 1.000000000000000000e+00
7.149132641840372226e-01 4.486138507639740425e+00 -3.139521383909109176e+00 1.000000000000000000e+00
7.292115294677179449e-01 4.575000264887701285e+00 -3.150978352368281055e+00 1.000000000000000000e+00
7.435097947513987782e-01 4.663810974825193689e+00 -3.162400162584626973e+00 1.000000000000000000e+00
7.578080600350795004e-01 4.752569646512844415e+00 -3.173786687114945160e+00 1.000000000000000000e+00
7.721063253187602227e-01 4.841275289591921549e+00 -3.185137798909744689e+00 1.000000000000000000e+00
7.864045906024409449e-01 4.929926914295377216e+00 -3.196453371314665226e+00 1.000000000000000000e+00
8.007028558861216672e-01 5.018523531458893849e+00 -3.207733278071891903e+00 1.000000000000000000e+00
8.150011211698025004e-01 5.107064152531926027e+00 -3.218977393321562186e+00 1.000000000000000000e+00
8.292993864534832227e-01 5.195547789588718324e+00 -3.230185591603170980e+00 1.000000000000000000e+00
8.435976517371639449e-01 5.283973455339343595e+00 -3.241357747856972615e+00 1.000000000000000000e+00
8.578959170208446672e-01 5.372340163140707503e+00 -3.252493737425372178e+00 1.000000000000000000e+00
8.721941823045253894e-01 5.460646927007561935e+00 -3.263593436054317731e+00 1.000000000000000000e+00
8.864924475882062227e-01 5.548892761623509529e+00 -3.274656719894687651e+00 1.000000000000000000e+00
9.007907128718869449e-01 5.637076682351989554e+00 -3.285683465503672185e+00 1.000000000000000000e+00
9.150889781555676672e-01 5.725197705247269120e+00 -3.296673549846154128e+00 1.000000000000000000e+00
9.293872434392483894e-01 5.813254847065424613e+00 -3.307626850296073062e+00 1.000000000000000000e+00
9.436855087229291117e-01 5.901247125275311589e+00 -3.318543244637802925e+00 1.000000000000000000e+00
9.579837740066099450e-01 5.989173558069522230e+00 -3.329422611067508697e+00 1.000000000000000000e+00
9.722820392902906672e-01 6.077033164375345464e+00 -3.340264828194511093e+00 1.000000000000000000e+00
9.865803045739713895e-01 6.164824963865711105e+00 -3.351069775042634369e+00 1.000000000000000000e+00
1.000878569857652112e+00 6.252547976970132204e+00 -3.361837331051566569e+00 1.000000000000000000e+00
1.015176835141332834e+00 6.340201224885628761e+00 -3.372567376078192236e+00 1.000000000000000000e+00
1.029475100425013556e+00 6.427783729587655870e+00 -3.383259790397942446e+00 1.000000000000000000e+00
1.043773365708694278e+00 6.515294513841008772e+00 -3.393914454706124850e+00 1.000000000000000000e+00
1.058071630992375223e+00 6.602732601210737684e+00 -3.404531250119258168e+00 1.000000000000000000e+00
1.072369896276055945e+00 6.690097016073027980e+00 -3.415110058176400010e+00 1.000000000000000000e+00
1.086668161559736667e+00 6.777386783626099032e+00 -3.425650760840463604e+00 1.000000000000000000e+00
1.100966426843417389e+00 6.864600929901072845e+00 -3.436153240499538075e+00 1.000000000000000000e+00
1.115264692127098112e+00 6.951738481772851586e+00 -3.446617379968201167e+00 1.000000000000000000e+00
1.129562957410778834e+00 7.038798466970957790e+00 -3.457043062488825313e+00 1.000000000000000000e+00
1.143861222694459556e+00 7.125779914090409228e+00 -3.467430171732879707e+00 1.000000000000000000e+00
1.158159487978140278e+00 7.212681852602520927e+00 -3.477778591802233699e+00 1.000000000000000000e+00
1.172457753261821001e+00 7.299503312865776472e+00 -3.488088207230442439e+00 1.000000000000000000e+00
1.186756018545501723e+00 7.386243326136613163e+00 -3.498358902984039176e+00 1.000000000000000000e+00
1.201054283829182667e+00 7.472900924580252457e+00 -3.508590564463818229e+00 1.000000000000000000e+00
1.215352549112863390e+00 7.559475141281480681e+00 -3.518783077506112633e+00 1.000000000000000000e+00
1.229650814396544112e+00 7.645965010255457273e+00 -3.528936328384074006e+00 1.000000000000000000e+00
1.243949079680224834e+00 7.732369566458478616e+00 -3.539050203808931094e+00 1.000000000000000000e+00
1.258247344963905556e+00 7.818687845798751646e+00 -3.549124590931260759e+00 1.000000000000000000e+00
1.272545610247586279e+00 7.904918885147153240e+00 -3.559159377342246522e+00 1.000000000000000000e+00
1.286843875531267001e+00 7.991061722347965635e+00 -3.569154451074931345e+00 1.000000000000000000e+00
1.301142140814947723e+00 8.077115396229633149e+00 -3.579109700605466404e+00 1.000000000000000000e+00
1.315440406098628445e+00 8.163078946615460296e+00 -3.589025014854360762e+00 1.000000000000000000e+00
1.329738671382309168e+00 8.248951414334349863e+00 -3.598900283187712379e+00 1.000000000000000000e+00
1.344036936665990112e+00 8.334731841231487692e+00 -3.608735395418448011e+00 1.000000000000000000e+00
1.358335201949670834e+00 8.420419270179042570e+00 -3.618530241807551562e+00 1.000000000000000000e+00
1.372633467233351556e+00 8.506012745086840354e+00 -3.628284713065287104e+00 1.000000000000000000e+00
1.386931732517032279e+00 8.591511310913036326e+00 -3.637998700352423675e+00 1.000000000000000000e+00
1.401229997800713001e+00 8.676914013674778658e+00 -3.647672095281441873e+00 1.000000000000000000e+00
1.415528263084393723e+00 8.762219900458827482e+00 -3.657304789917747989e+00 1.000000000000000000e+00
1.429826528368074445e+00 8.847428019432220125e+00 -3.666896676780877051e+00 1.000000000000000000e+00
1.444124793651755168e+00 8.932537419852865312e+00 -3.676447648845693639e+00 1.000000000000000000e+00
1.458423058935435890e+00 9.017547152080165773e+00 -3.685957599543582042e+00 1.000000000000000000e+00
1.472721324219116612e+00 9.102456267585612437e+00 -3.695426422763642638e+00 1.000000000000000000e+00
1.487019589502797556e+00 9.187263818963357309e+00 -3.704854012853868284e+00 1.000000000000000000e+00
1.501317854786478279e+00 9.271968859940800556e+00 -3.714240264622325149e+00 1.000000000000000000e+00
1.515616120070159001e+00 9.356570445389140289e+00 -3.723585073338330442e+00 1.000000000000000000e+00
1.529914385353839723e+00 9.441067631333913468e+00 -3.732888334733614144e+00 1.000000000000000000e+00
1.544212650637520445e+00 9.525459474965547457e+00 -3.742149945003491851e+00 1.000000000000000000e+00
1.558510915921201168e+00 9.609745034649847639e+00 -3.751369800808013633e+00 1.000000000000000000e+00
1.572809181204881890e+00 9.693923369938541867e+00 -3.760547799273120440e+00 1.000000000000000000e+00
1.587107446488562612e+00 9.777993541579739656e+00 -3.769683837991794739e+00 1.000000000000000000e+00
1.601405711772243334e+00 9.861954611528439330e+00 -3.778777815025199160e+00 1.000000000000000000e+00
1.615703977055924057e+00 9.945805642956976556e+00 -3.787829628903815582e+00 1.000000000000000000e+00
1.630002242339605001e+00 1.002954570026548531e+01 -3.796839178628580225e+00 1.000000000000000000e+00
1.644300507623285723e+00 1.011317384909233574e+01 -3.805806363672004089e+00 1.000000000000000000e+00
1.658598772906966445e+00 1.019668915632455786e+01 -3.814731083979300497e+00 1.000000000000000000e+00
1.672897038190647168e+00 1.028009069010825982e+01 -3.823613239969497979e+00 1.000000000000000000e+00
1.687195303474327890e+00 1.036337751985901434e+01 -3.832452732536552276e+00 1.000000000000000000e+00
1.701493568758008612e+00 1.044654871627225567e+01 -3.841249463050455670e+00 1.000000000000000000e+00
1.715791834041689334e+00 1.052960335133362868e+01 -3.850003333358330782e+00 1.000000000000000000e+00
1.730090099325370057e+00 1.061254049832936985e+01 -3.858714245785531016e+00 1.000000000000000000e+00
1.744388364609050779e+00 1.069535923185662263e+01 -3.867382103136728588e+00 1.000000000000000000e+00
1.758686629892731501e+00 1.077805862783378110e+01 -3.876006808696997652e+00 1.000000000000000000e+00
1.772984895176412445e+00 1.086063776351079468e+01 -3.884588266232898324e+00 1.000000000000000000e+00
1.787283160460093168e+00 1.094309571747945498e+01 -3.893126379993544717e+00 1.000000000000000000e+00
1.801581425743773890e+00 1.102543156968368976e+01 -3.901621054711674308e+00 1.000000000000000000e+00
1.815879691027454612e+00 1.110764440142982146e+01 -3.910072195604715084e+00 1.000000000000000000e+00
1.830177956311135334e+00 1.118973329539682737e+01 -3.918479708375838477e+00 1.000000000000000000e+00
1.844476221594816057e+00 1.127169733564655729e+01 -3.926843499215013633e+00 1.000000000000000000e+00
1.858774486878496779e+00 1.135353560763396885e+01 -3.935163474800055017e+00 1.000000000000000000e+00
1.873072752162177501e+00 1.143524719821733271e+01 -3.943439542297661582e+00 1.000000000000000000e+00
1.887371017445858223e+00 1.151683119566840574e+01 -3.951671609364453275e+00 1.000000000000000000e+00
1.901669282729539168e+00 1.159828668968262022e+01 -3.959859584148001765e+00 1.000000000000000000e+00
1.915967548013219890e+00 1.167961277138923215e+01 -3.968003375287855405e+00 1.000000000000000000e+00
1.930265813296900612e+00 1.176080853336146248e+01 -3.976102891916557081e+00 1.000000000000000000e+00
1.944564078580581334e+00 1.184187306962662767e+01 -3.984158043660662951e+00 1.000000000000000000e+00
1.958862343864262057e+00 1.192280547567624893e+01 -3.992168740641744318e+00 1.000000000000000000e+00
1.973160609147942779e+00 1.200360484847613662e+01 -4.000134893477393483e+00 1.000000000000000000e+00
1.987458874431623501e+00 1.208427028647646040e+01 -4.008056413282220731e+00 1.000000000000000000e+00
2.001757139715304223e+00 1.216480088962183892e+01 -4.015933211668849090e+00 1.000000000000000000e+00
2.016055404998985168e+00 1.224519575936134608e+01 -4.023765200748896653e+00 1.000000000000000000e+00
2.030353670282665668e+00 1.232545399865855451e+01 -4.031552293133956688e+00 1.000000000000000000e+00
2.044651935566346612e+00 1.240557471200155426e+01 -4.039294401936575518e+00 1.000000000000000000e+00
2.058950200850027112e+00 1.248555700541292346e+01 -4.046991440771222415e+00 1.000000000000000000e+00
2.073248466133708057e+00 1.256539998645971679e+01 -4.054643323755249718e+00 1.000000000000000000e+00
2.087546731417388557e+00 1.264510276426341662e+01 -4.062249965509852956e+00 1.000000000000000000e+00
2.101844996701069501e+00 1.272466444950988240e+01 -4.069811281161029193e+00 1.000000000000000000e+00
2.116143261984750445e+00 1.280408415445926096e+01 -4.077327186340512277e+00 1.000000000000000000e+00
2.130441527268430946e+00 1.288336099295590387e+01 -4.084797597186724971e+00 1.000000000000000000e+00
2.144739792552111890e+00 1.296249408043825113e+01 -4.092222430345707096e+00 1.000000000000000000e+00
2.159038057835792390e+00 1.304148253394868284e+01 -4.099601602972049896e+00 1.000000000000000000e+00
2.173336323119473334e+00 1.312032547214341882e+01 -4.106935032729824187e+00 1.000000000000000000e+00
2.187634588403153835e+00 1.319902201530229036e+01 -4.114222637793487181e+00 1.000000000000000000e+00
2.201932853686834779e+00 1.327757128533860431e+01 -4.121464336848807086e+00 1.000000000000000000e+00
2.216231118970515279e+00 1.335597240580892020e+01 -4.128660049093763718e+00 1.000000000000000000e+00
2.230529384254196223e+00 1.343422450192283790e+01 -4.135809694239452661e+00 1.000000000000000000e+00
2.244827649537876724e+00 1.351232670055273566e+01 -4.142913192510981446e+00 1.000000000000000000e+00
2.259125914821557668e+00 1.359027813024355069e+01 -4.149970464648359503e+00 1.000000000000000000e+00
2.273424180105238612e+00 1.366807792122247456e+01 -4.156981431907381008e+00 1.000000000000000000e+00
2.287722445388919112e+00 1.374572520540865916e+01 -4.163946016060504185e+00 1.000000000000000000e+00
2.302020710672600057e+00 1.382321911642291568e+01 -4.170864139397724379e+00 1.000000000000000000e+00
2.316318975956280557e+00 1.390055878959737790e+01 -4.177735724727442701e+00 1.000000000000000000e+00
2.330617241239961501e+00 1.397774336198514256e+01 -4.184560695377324890e+00 1.000000000000000000e+00
2.344915506523642001e+00 1.405477197236989895e+01 -4.191338975195157524e+00 1.000000000000000000e+00
2.359213771807322946e+00 1.413164376127554966e+01 -4.198070488549697110e+00 1.000000000000000000e+00
2.373512037091003446e+00 1.420835787097578695e+01 -4.204755160331516528e+00 1.000000000000000000e+00
2.387810302374684390e+00 1.428491344550367437e+01 -4.211392915953841687e+00 1.000000000000000000e+00
2.402108567658365335e+00 1.436130963066118937e+01 -4.217983681353380199e+00 1.000000000000000000e+00
2.416406832942045835e+00 1.443754557402874994e+01 -4.224527382991155378e+00 1.000000000000000000e+00
2.430705098225726779e+00 1.451362042497475002e+01 -4.231023947853319811e+00 1.000000000000000000e+00
2.445003363509407279e+00 1.458953333466501334e+01 -4.237473303451972484e+00 1.000000000000000000e+00
2.459301628793088224e+00 1.466528345607229866e+01 -4.243875377825968798e+00 1.000000000000000000e+00
2.473599894076768724e+00 1.474086994398574291e+01 -4.250230099541720818e+00 1.000000000000000000e+00
2.487898159360449668e+00 1.481629195502025986e+01 -4.256537397693999303e+00 1.000000000000000000e+00
2.502196424644130168e+00 1.489154864762600106e+01 -4.262797201906717959e+00 1.000000000000000000e+00
2.516494689927811113e+00 1.496663918209772248e+01 -4.269009442333723925e+00 1.000000000000000000e+00
2.530792955211491613e+00 1.504156272058413002e+01 -4.275174049659574926e+00 1.000000000000000000e+00
2.545091220495172557e+00 1.511631842709728168e+01 -4.281290955100314655e+00 1.000000000000000000e+00
2.559389485778853501e+00 1.519090546752184601e+01 -4.287360090404235713e+00 1.000000000000000000e+00
2.573687751062534002e+00 1.526532300962449540e+01 -4.293381387852647002e+00 1.000000000000000000e+00
2.587986016346214946e+00 1.533957022306309881e+01 -4.299354780260625120e+00 1.000000000000000000e+00
2.602284281629895446e+00 1.541364627939606535e+01 -4.305280200977766647e+00 1.000000000000000000e+00
2.616582546913576390e+00 1.548755035209153519e+01 -4.311157583888928890e+00 1.000000000000000000e+00
2.630880812197256891e+00 1.556128161653663255e+01 -4.316986863414970621e+00 1.000000000000000000e+00
2.645179077480937835e+00 1.563483925004664954e+01 -4.322767974513482159e+00 1.000000000000000000e+00
2.659477342764618335e+00 1.570822243187423339e+01 -4.328500852679511901e+00 1.000000000000000000e+00
2.673775608048299279e+00 1.578143034321854543e+01 -4.334185433946284860e+00 1.000000000000000000e+00
2.688073873331980224e+00 1.585446216723438972e+01 -4.339821654885915869e+00 1.000000000000000000e+00
2.702372138615660724e+00 1.592731708904132937e+01 -4.345409452610121903e+00 1.000000000000000000e+00
2.716670403899341668e+00 1.599999429573279208e+01 -4.350948764770917521e+00 1.000000000000000000e+00
2.730968669183022168e+00 1.607249297638512431e+01 -4.356439529561314750e+00 1.000000000000000000e+00
2.745266934466703113e+00 1.614481232206663819e+01 -4.361881685716011425e+00 1.000000000000000000e+00
2.759565199750383613e+00 1.621695152584664967e+01 -4.367275172512073311e+00 1.000000000000000000e+00
2.773863465034064557e+00 1.628890978280448820e+01 -4.372619929769616220e+00 1.000000000000000000e+00
2.788161730317745057e+00 1.636068629003844066e+01 -4.377915897852470373e+00 1.000000000000000000e+00
2.802459995601426002e+00 1.643228024667475751e+01 -4.383163017668852746e+00 1.000000000000000000e+00
2.816758260885106946e+00 1.650369085387655943e+01 -4.388361230672024327e+00 1.000000000000000000e+00
2.831056526168787446e+00 1.657491731485275821e+01 -4.393510478860937596e+00 1.000000000000000000e+00
2.845354791452468390e+00 1.664595883486694916e+01 -4.398610704780893776e+00 1.000000000000000000e+00
2.859653056736148891e+00 1.671681462124627160e+01 -4.403661851524176996e+00 1.000000000000000000e+00
2.873951322019829835e+00 1.678748388339026931e+01 -4.408663862730689331e+00 1.000000000000000000e+00
2.888249587303510335e+00 1.685796583277969063e+01 -4.413616682588584972e+00 1.000000000000000000e+00
2.902547852587191279e+00 1.692825968298530626e+01 -4.418520255834885724e+00 1.000000000000000000e+00
2.916846117870871780e+00 1.699836464967666316e+01 -4.423374527756102736e+00 1.000000000000000000e+00
2.931144383154552724e+00 1.706827995063086334e+01 -4.428179444188845792e+00 1.000000000000000000e+00
2.945442648438233224e+00 1.713800480574126439e+01 -4.432934951520428157e+00 1.000000000000000000e+00
2.959740913721914168e+00 1.720753843702620145e+01 -4.437640996689460771e+00 1.000000000000000000e+00
2.974039179005595113e+00 1.727688006863766290e+01 -4.442297527186451767e+00 1.000000000000000000e+00
2.988337444289275613e+00 1.734602892686994480e+01 -4.446904491054385566e+00 1.000000000000000000e+00
3.002635709572956557e+00 1.741498424016828750e+01 -4.451461836889303747e+00 1.000000000000000000e+00
3.016933974856637057e+00 1.748374523913747680e+01 -4.455969513840883245e+00 1.000000000000000000e+00
3.031232240140318002e+00 1.755231115655045215e+01 -4.460427471613000350e+00 1.000000000000000000e+00
3.045530505423998502e+00 1.762068122735681897e+01 -4.464835660464289369e+00 1.000000000000000000e+00
3.059828770707679446e+00 1.768885468869144972e+01 -4.469194031208701290e+00 1.000000000000000000e+00
3.074127035991359946e+00 1.775683077988293945e+01 -4.473502535216053566e+00 1.000000000000000000e+00
3.088425301275040891e+00 1.782460874246212867e+01 -4.477761124412568350e+00 1.000000000000000000e+00
3.102723566558721835e+00 1.789218782017054110e+01 -4.481969751281413394e+00 1.000000000000000000e+00
3.117021831842402335e+00 1.795956725896883555e+01 -4.486128368863228744e+00 1.000000000000000000e+00
3.131320097126083279e+00 1.802674630704524361e+01 -4.490236930756650757e+00 1.000000000000000000e+00
3.145618362409763780e+00 1.809372421482389370e+01 -4.494295391118836136e+00 1.000000000000000000e+00
3.159916627693444724e+00 1.816050023497323807e+01 -4.498303704665962854e+00 1.000000000000000000e+00
3.174214892977125224e+00 1.822707362241436257e+01 -4.502261826673744416e+00 1.000000000000000000e+00
3.188513158260806168e+00 1.829344363432931075e+01 -4.506169712977925457e+00 1.000000000000000000e+00
3.202811423544486669e+00 1.835960953016935449e+01 -4.510027319974773796e+00 1.000000000000000000e+00
3.217109688828167613e+00 1.842557057166326473e+01 -4.513834604621567159e+00 1.000000000000000000e+00
3.231407954111848113e+00 1.849132602282557514e+01 -4.517591524437076345e+00 1.000000000000000000e+00
3.245706219395529057e+00 1.855687514996475684e+01 -4.521298037502033296e+00 1.000000000000000000e+00
3.260004484679210002e+00 1.862221722169141458e+01 -4.524954102459606275e+00 1.000000000000000000e+00
3.274302749962890502e+00 1.868735150892646502e+01 -4.528559678515856390e+00 1.000000000000000000e+00
3.288601015246571446e+00 1.875227728490925472e+01 -4.532114725440193226e+00 1.000000000000000000e+00
3.302899280530251946e+00 1.881699382520567099e+01 -4.535619203565823376e+00 1.000000000000000000e+00
3.317197545813932891e+00 1.888150040771623139e+01 -4.539073073790198087e+00 1.000000000000000000e+00
3.331495811097613391e+00 1.894579631268414133e+01 -4.542476297575439581e+00 1.000000000000000000e+00
3.345794076381294335e+00 1.900988082270331603e+01 -4.545828836948783369e+00 1.000000000000000000e+00
3.360092341664974835e+00 1.907375322272638840e+01 -4.549130654502991256e+00 1.000000000000000000e+00
3.374390606948655780e+00 1.913741280007269197e+01 -4.552381713396774110e+00 1.000000000000000000e+00
3.388688872232336724e+00 1.920085884443621538e+01 -4.555581977355203982e+00 1.000000000000000000e+00
3.402987137516017224e+00 1.926409064789352144e+01 -4.558731410670113782e+00 1.000000000000000000e+00
3.417285402799698169e+00 1.932710750491163409e+01 -4.561829978200499625e+00 1.000000000000000000e+00
3.431583668083378669e+00 1.938990871235594327e+01 -4.564877645372913406e+00 1.000000000000000000e+00
3.445881933367059613e+00 1.945249356949802433e+01 -4.567874378181846495e+00 1.000000000000000000e+00
3.460180198650740113e+00 1.951486137802345411e+01 -4.570820143190108098e+00 1.000000000000000000e+00
3.474478463934421058e+00 1.957701144203963040e+01 -4.573714907529202733e+00 1.000000000000000000e+00
3.488776729218101558e+00 1.963894306808350265e+01 -4.576558638899692610e+00 1.000000000000000000e+00
3.503074994501782502e+00 1.970065556512933114e+01 -4.579351305571560893e+00 1.000000000000000000e+00
3.517373259785463002e+00 1.976214824459638919e+01 -4.582092876384563418e+00 1.000000000000000000e+00
3.531671525069143946e+00 1.982342042035666196e+01 -4.584783320748578639e+00 1.000000000000000000e+00
3.545969790352824891e+00 1.988447140874246699e+01 -4.587422608643946909e+00 1.000000000000000000e+00
3.560268055636505391e+00 1.994530052855411384e+01 -4.590010710621806211e+00 1.000000000000000000e+00
3.574566320920186335e+00 2.000590710106750336e+01 -4.592547597804423454e+00 1.000000000000000000e+00
3.588864586203866835e+00 2.006629045004168432e+01 -4.595033241885509767e+00 1.000000000000000000e+00
3.603162851487547780e+00 2.012644990172640647e+01 -4.597467615130546470e+00 1.000000000000000000e+00
3.617461116771228280e+00 2.018638478486964516e+01 -4.599850690377082607e+00 1.000000000000000000e+00
3.631759382054909224e+00 2.024609443072507631e+01 -4.602182441035047589e+00 1.000000000000000000e+00
3.646057647338589724e+00 2.030557817305955481e+01 -4.604462841087046066e+00 1.000000000000000000e+00
3.660355912622270669e+00 2.036483534816053265e+01 -4.606691865088642146e+00 1.000000000000000000e+00
3.674654177905951613e+00 2.042386529484348401e+01 -4.608869488168652495e+00 1.000000000000000000e+00
3.688952443189632113e+00 2.048266735445925590e+01 -4.610995686029415452e+00 1.000000000000000000e+00
3.703250708473313058e+00 2.054124087090145423e+01 -4.613070434947068144e+00 1.000000000000000000e+00
3.717548973756993558e+00 2.059958519061370197e+01 -4.615093711771807605e+00 1.000000000000000000e+00
3.731847239040674502e+00 2.065769966259702173e+01 -4.617065493928151909e+00 1.000000000000000000e+00
3.746145504324355002e+00 2.071558363841701578e+01 -4.618985759415187964e+00 1.000000000000000000e+00
3.760443769608035947e+00 2.077323647221114911e+01 -4.620854486806823758e+00 1.000000000000000000e+00
3.774742034891716447e+00 2.083065752069593302e+01 -4.622671655252018397e+00 1.000000000000000000e+00
3.789040300175397391e+00 2.088784614317412291e+01 -4.624437244475021913e+00 1.000000000000000000e+00
3.803338565459078335e+00 2.094480170154184506e+01 -4.626151234775599974e+00 1.000000000000000000e+00
3.817636830742758836e+00 2.100152356029573752e+01 -4.627813607029251486e+00 1.000000000000000000e+00
3.831935096026439780e+00 2.105801108654003073e+01 -4.629424342687424421e+00 1.000000000000000000e+00
3.846233361310120280e+00 2.111426364999359251e+01 -4.630983423777720986e+00 1.000000000000000000e+00
3.860531626593801224e+00 2.117028062299699798e+01 -4.632490832904100131e+00 1.000000000000000000e+00
3.874829891877481725e+00 2.122606138051950353e+01 -4.633946553247068501e+00 1.000000000000000000e+00
3.889128157161162669e+00 2.128160530016602436e+01 -4.635350568563870510e+00 1.000000000000000000e+00
3.903426422444843169e+00 2.133691176218410490e+01 -4.636702863188671309e+00 1.000000000000000000e+00
3.917724687728524113e+00 2.139198014947078974e+01 -4.638003422032727308e+00 1.000000000000000000e+00
3.932022953012204614e+00 2.144680984757954789e+01 -4.639252230584557601e+00 1.000000000000000000e+00
3.946321218295885558e+00 2.150140024472710465e+01 -4.640449274910102950e+00 1.000000000000000000e+00
3.960619483579566502e+00 2.155575073180029122e+01 -4.641594541652885653e+00 1.000000000000000000e+00
3.974917748863247002e+00 2.160986070236280554e+01 -4.642688018034155206e+00 1.000000000000000000e+00
3.989216014146927947e+00 2.166372955266201927e+01 -4.643729691853032193e+00 1.000000000000000000e+00
4.003514279430608447e+00 2.171735668163568533e+01 -4.644719551486643283e+00 1.000000000000000000e+00
4.017812544714288947e+00 2.177074149091865607e+01 -4.645657585890250907e+00 1.000000000000000000e+00
4.032110809997970335e+00 2.182388338484956591e+01 -4.646543784597380267e+00 1.000000000000000000e+00
4.046409075281650836e+00 2.187678177047746075e+01 -4.647378137719930358e+00 1.000000000000000000e+00
4.060707340565331336e+00 2.192943605756842373e+01 -4.648160635948288544e+00 1.000000000000000000e+00
4.075005605849011836e+00 2.198184565861216910e+01 -4.648891270551431809e+00 1.000000000000000000e+00
4.089303871132693224e+00 2.203400998882857920e+01 -4.649570033377026235e+00 1.000000000000000000e+00
4.103602136416373725e+00 2.208592846617423788e+01 -4.650196916851515816e+00 1.000000000000000000e+00
4.117900401700054225e+00 2.213760051134893914e+01 -4.650771913980209504e+00 1.000000000000000000e+00
4.132198666983735613e+00 2.218902554780212810e+01 -4.651295018347358479e+00 1.000000000000000000e+00
4.146496932267416113e+00 2.224020300173933862e+01 -4.651766224116225423e+00 1.000000000000000000e+00
4.160795197551096614e+00 2.229113230212862362e+01 -4.652185526029152030e+00 1.000000000000000000e+00
4.175093462834777114e+00 2.234181288070686833e+01 -4.652552919407617615e+00 1.000000000000000000e+00
4.189391728118458502e+00 2.239224417198620642e+01 -4.652868400152291528e+00 1.000000000000000000e+00
4.203689993402139002e+00 2.244242561326025509e+01 -4.653131964743074889e+00 1.000000000000000000e+00
4.217988258685819503e+00 2.249235664461044593e+01 -4.653343610239145889e+00 1.000000000000000000e+00
4.232286523969500891e+00 2.254203670891225997e+01 -4.653503334278990877e+00 1.000000000000000000e+00
4.246584789253181391e+00 2.259146525184142362e+01 -4.653611135080425676e+00 1.000000000000000000e+00
4.260883054536861891e+00 2.264064172188011170e+01 -4.653667011440623114e+00 1.000000000000000000e+00
4.275181319820542392e+00 2.268956557032311494e+01 -4.653670962736121020e+00 1.000000000000000000e+00
4.289479585104223780e+00 2.273823625128392223e+01 -4.653622988922830217e+00 1.000000000000000000e+00
4.303777850387904280e+00 2.278665322170085261e+01 -4.653523090536038964e+00 1.000000000000000000e+00
4.318076115671584780e+00 2.283481594134308779e+01 -4.653371268690400520e+00 1.000000000000000000e+00
4.332374380955265281e+00 2.288272387281671527e+01 -4.653167525079924260e+00 1.000000000000000000e+00
4.346672646238946669e+00 2.293037648157071828e+01 -4.652911861977958807e+00 1.000000000000000000e+00
4.360970911522627169e+00 2.297777323590292653e+01 -4.652604282237160938e+00 1.000000000000000000e+00
4.375269176806307669e+00 2.302491360696599898e+01 -4.652244789289470717e+00 1.000000000000000000e+00
4.389567442089989058e+00 2.307179706877324321e+01 -4.651833387146067089e+00 1.000000000000000000e+00
4.403865707373669558e+00 2.311842309820455910e+01 -4.651370080397325246e+00 1.000000000000000000e+00
4.418163972657350058e+00 2.316479117501224749e+01 -4.650854874212769552e+00 1.000000000000000000e+00
4.432462237941030558e+00 2.321090078182679051e+01 -4.650287774341007818e+00 1.000000000000000000e+00
4.446760503224711947e+00 2.325675140416267084e+01 -4.649668787109671797e+00 1.000000000000000000e+00
4.461058768508392447e+00 2.330234253042408099e+01 -4.648997919425350567e+00 1.000000000000000000e+00
4.475357033792072947e+00 2.334767365191063959e+01 -4.648275178773504379e+00 1.000000000000000000e+00
4.489655299075753447e+00 2.339274426282306862e+01 -4.647500573218388276e+00 1.000000000000000000e+00
4.503953564359434836e+00 2.343755386026883514e+01 -4.646674111402958829e+00 1.000000000000000000e+00
4.518251829643115336e+00 2.348210194426776454e+01 -4.645795802548779996e+00 1.000000000000000000e+00
4.532550094926795836e+00 2.352638801775761479e+01 -4.644865656455916536e+00 1.000000000000000000e+00
4.546848360210477225e+00 2.357041158659963642e+01 -4.643883683502828319e+00 1.000000000000000000e+00
4.561146625494157725e+00 2.361417215958406501e+01 -4.642849894646253972e+00 1.000000000000000000e+00
4.575444890777838225e+00 2.365766924843561370e+01 -4.641764301421086536e+00 1.000000000000000000e+00
4.589743156061518725e+00 2.370090236781891946e+01 -4.640626915940246455e+00 1.000000000000000000e+00
4.604041421345200114e+00 2.374387103534397170e+01 -4.639437750894546575e+00 1.000000000000000000e+00
4.618339686628880614e+00 2.378657477157147326e+01 -4.638196819552548256e+00 1.000000000000000000e+00
4.632637951912561114e+00 2.382901310001818374e+01 -4.636904135760417489e+00 1.000000000000000000e+00
4.646936217196242502e+00 2.387118554716228758e+01 -4.635559713941765914e+00 1.000000000000000000e+00
4.661234482479923003e+00 2.391309164244860952e+01 -4.634163569097493607e+00 1.000000000000000000e+00
4.675532747763603503e+00 2.395473091829389745e+01 -4.632715716805618555e+00 1.000000000000000000e+00
4.689831013047284003e+00 2.399610291009207330e+01 -4.631216173221106125e+00 1.000000000000000000e+00
4.704129278330965391e+00 2.403720715621934190e+01 -4.629664955075683430e+00 1.000000000000000000e+00
4.718427543614645892e+00 2.407804319803939563e+01 -4.628062079677660812e+00 1.000000000000000000e+00
4.732725808898326392e+00 2.411861057990853041e+01 -4.626407564911731107e+00 1.000000000000000000e+00
4.747024074182006892e+00 2.415890884918070824e+01 -4.624701429238773365e+00 1.000000000000000000e+00
4.761322339465688280e+00 2.419893755621262343e+01 -4.622943691695647672e+00 1.000000000000000000e+00
4.775620604749368781e+00 2.423869625436869768e+01 -4.621134371894981108e+00 1.000000000000000000e+00
4.789918870033049281e+00 2.427818450002609652e+01 -4.619273490024949247e+00 1.000000000000000000e+00
4.804217135316730669e+00 2.431740185257966402e+01 -4.617361066849051454e+00 1.000000000000000000e+00
4.818515400600411169e+00 2.435634787444681848e+01 -4.615397123705879068e+00 1.000000000000000000e+00
4.832813665884091670e+00 2.439502213107247641e+01 -4.613381682508876480e+00 1.000000000000000000e+00
4.847111931167772170e+00 2.443342419093386297e+01 -4.611314765746097777e+00 1.000000000000000000e+00
4.861410196451453558e+00 2.447155362554535429e+01 -4.609196396479954494e+00 1.000000000000000000e+00
4.875708461735134058e+00 2.450941000946323101e+01 -4.607026598346960711e+00 1.000000000000000000e+00
4.890006727018814559e+00 2.454699292029045310e+01 -4.604805395557466596e+00 1.000000000000000000e+00
4.904304992302495059e+00 2.458430193868135660e+01 -4.602532812895388403e+00 1.000000000000000000e+00
4.918603257586176447e+00 2.462133664834635027e+01 -4.600208875717934909e+00 1.000000000000000000e+00
4.932901522869856947e+00 2.465809663605651991e+01 -4.597833609955321421e+00 1.000000000000000000e+00
4.947199788153537447e+00 2.469458149164828598e+01 -4.595407042110481122e+00 1.000000000000000000e+00
4.961498053437218836e+00 2.473079080802795815e+01 -4.592929199258771078e+00 1.000000000000000000e+00
4.975796318720899336e+00 2.476672418117628638e+01 -4.590400109047667598e+00 1.000000000000000000e+00
4.990094584004579836e+00 2.480238121015293018e+01 -4.587819799696459810e+00 1.000000000000000000e+00
5.004392849288260336e+00 2.483776149710100611e+01 -4.585188299995933470e+00 1.000000000000000000e+00
5.018691114571941725e+00 2.487286464725147184e+01 -4.582505639308048551e+00 1.000000000000000000e+00
5.032989379855622225e+00 2.490769026892752791e+01 -4.579771847565617726e+00 1.000000000000000000e+00
5.047287645139302725e+00 2.494223797354902317e+01 -4.576986955271962643e+00 1.000000000000000000e+00
5.061585910422983225e+00 2.497650737563676415e+01 -4.574150993500582629e+00 1.000000000000000000e+00
5.075884175706664614e+00 2.501049809281682812e+01 -4.571263993894802979e+00 1.000000000000000000e+00
5.090182440990345114e+00 2.504420974582481918e+01 -4.568325988667421456e+00 1.000000000000000000e+00
5.104480706274025614e+00 2.507764195851011380e+01 -4.565337010600353906e+00 1.000000000000000000e+00
5.118778971557707003e+00 2.511079435784004943e+01 -4.562297093044262120e+00 1.000000000000000000e+00
5.133077236841387503e+00 2.514366657390407767e+01 -4.559206269918185228e+00 1.000000000000000000e+00
5.147375502125068003e+00 2.517625823991791734e+01 -4.556064575709162234e+00 1.000000000000000000e+00
5.161673767408748503e+00 2.520856899222761882e+01 -4.552872045471845652e+00 1.000000000000000000e+00
5.175972032692429892e+00 2.524059847031364257e+01 -4.549628714828105380e+00 1.000000000000000000e+00
5.190270297976110392e+00 2.527234631679486654e+01 -4.546334619966645008e+00 1.000000000000000000e+00
5.204568563259790892e+00 2.530381217743259015e+01 -4.542989797642580818e+00 1.000000000000000000e+00
5.218866828543472280e+00 2.533499570113446708e+01 -4.539594285177044775e+00 1.000000000000000000e+00
5.233165093827152781e+00 2.536589653995843108e+01 -4.536148120456762634e+00 1.000000000000000000e+00
5.247463359110833281e+00 2.539651434911660033e+01 -4.532651341933632061e+00 1.000000000000000000e+00
5.261761624394513781e+00 2.542684878697907536e+01 -4.529103988624291866e+00 1.000000000000000000e+00
5.276059889678195169e+00 2.545689951507780791e+01 -4.525506100109691232e+00 1.000000000000000000e+00
5.290358154961875670e+00 2.548666619811033840e+01 -4.521857716534642080e+00 1.000000000000000000e+00
5.304656420245556170e+00 2.551614850394354406e+01 -4.518158878607376749e+00 1.000000000000000000e+00
5.318954685529236670e+00 2.554534610361733371e+01 -4.514409627599090591e+00 1.000000000000000000e+00
5.333252950812918058e+00 2.557425867134838526e+01 -4.510610005343480111e+00 1.000000000000000000e+00
5.347551216096598559e+00 2.560288588453367709e+01 -4.506760054236282009e+00 1.000000000000000000e+00
5.361849481380279059e+00 2.563122742375415442e+01 -4.502859817234792672e+00 1.000000000000000000e+00
5.376147746663960447e+00 2.565928297277829628e+01 -4.498909337857393886e+00 1.000000000000000000e+00
5.390446011947640947e+00 2.568705221856560428e+01 -4.494908660183067006e+00 1.000000000000000000e+00
5.404744277231321448e+00 2.571453485127013394e+01 -4.490857828850899125e+00 1.000000000000000000e+00
5.419042542515001948e+00 2.574173056424392314e+01 -4.486756889059586584e+00 1.000000000000000000e+00
5.433340807798683336e+00 2.576863905404043464e+01 -4.482605886566926934e+00 1.000000000000000000e+00
5.447639073082363836e+00 2.579526002041792054e+01 -4.478404867689316227e+00 1.000000000000000000e+00
5.461937338366044337e+00 2.582159316634281154e+01 -4.474153879301224102e+00 1.000000000000000000e+00
5.476235603649724837e+00 2.584763819799297124e+01 -4.469852968834674201e+00 1.000000000000000000e+00
5.490533868933406225e+00 2.587339482476103569e+01 -4.465502184278715703e+00 1.000000000000000000e+00
5.504832134217086725e+00 2.589886275925761083e+01 -4.461101574178888640e+00 1.000000000000000000e+00
5.519130399500767226e+00 2.592404171731450901e+01 -4.456651187636676781e+00 1.000000000000000000e+00
5.533428664784448614e+00 2.594893141798789671e+01 -4.452151074308964951e+00 1.000000000000000000e+00
5.547726930068129114e+00 2.597353158356144931e+01 -4.447601284407485700e+00 1.000000000000000000e+00
5.562025195351809614e+00 2.599784193954943845e+01 -4.443001868698255308e+00 1.000000000000000000e+00
5.576323460635490115e+00 2.602186221469978733e+01 -4.438352878501007126e+00 1.000000000000000000e+00
5.590621725919171503e+00 2.604559214099711895e+01 -4.433654365688624033e+00 1.000000000000000000e+00
5.604919991202852003e+00 2.606903145366572971e+01 -4.428906382686554011e+00 1.000000000000000000e+00
5.619218256486532503e+00 2.609217989117253822e+01 -4.424108982472229279e+00 1.000000000000000000e+00
5.633516521770213892e+00 2.611503719523004108e+01 -4.419262218574472101e+00 1.000000000000000000e+00
5.647814787053894392e+00 2.613760311079913379e+01 -4.414366145072898817e+00 1.000000000000000000e+00
5.662113052337574892e+00 2.615987738609202040e+01 -4.409420816597318549e+00 1.000000000000000000e+00
5.676411317621255392e+00 2.618185977257496688e+01 -4.404426288327117689e+00 1.000000000000000000e+00
5.690709582904936781e+00 2.620355002497112196e+01 -4.399382615990652390e+00 1.000000000000000000e+00
5.705007848188617281e+00 2.622494790126320297e+01 -4.394289855864619732e+00 1.000000000000000000e+00
5.719306113472297781e+00 2.624605316269626698e+01 -4.389148064773434221e+00 1.000000000000000000e+00
5.733604378755978281e+00 2.626686557378029363e+01 -4.383957300088589193e+00 1.000000000000000000e+00
5.747902644039659670e+00 2.628738490229287805e+01 -4.378717619728022648e+00 1.000000000000000000e+00
5.762200909323340170e+00 2.630761091928177109e+01 -4.373429082155467995e+00 1.000000000000000000e+00
5.776499174607020670e+00 2.632754339906749053e+01 -4.368091746379797691e+00 1.000000000000000000e+00
5.790797439890702059e+00 2.634718211924578668e+01 -4.362705671954373976e+00 1.000000000000000000e+00
5.805095705174382559e+00 2.636652686069013285e+01 -4.357270918976374752e+00 1.000000000000000000e+00
5.819393970458063059e+00 2.638557740755421577e+01 -4.351787548086130997e+00 1.000000000000000000e+00
5.833692235741743559e+00 2.640433354727428394e+01 -4.346255620466443759e+00 1.000000000000000000e+00
5.847990501025424948e+00 2.642279507057156351e+01 -4.340675197841905586e+00 1.000000000000000000e+00
5.862288766309105448e+00 2.644096177145455329e+01 -4.335046342478211301e+00 1.000000000000000000e+00
5.876587031592785948e+00 2.645883344722136243e+01 -4.329369117181459892e+00 1.000000000000000000e+00
5.890885296876466448e+00 2.647640989846195936e+01 -4.323643585297459957e+00 1.000000000000000000e+00
5.905183562160147837e+00 2.649369092906038148e+01 -4.317869810711015610e+00 1.000000000000000000e+00
5.919481827443828337e+00 2.651067634619693791e+01 -4.312047857845220378e+00 1.000000000000000000e+00
5.933780092727508837e+00 2.652736596035035177e+01 -4.306177791660733334e+00 1.000000000000000000e+00
5.948078358011190225e+00 2.654375958529990598e+01 -4.300259677655056123e+00 1.000000000000000000e+00
5.962376623294870726e+00 2.655985703812745768e+01 -4.294293581861805542e+00 1.000000000000000000e+00
5.976674888578551226e+00 2.657565813921954145e+01 -4.288279570849968358e+00 1.000000000000000000e+00
5.990973153862231726e+00 2.659116271226935169e+01 -4.282217711723168563e+00 1.000000000000000000e+00
6.005271419145913114e+00 2.660637058427870016e+01 -4.276108072118908865e+00 1.000000000000000000e+00
6.019569684429593615e+00 2.662128158555994872e+01 -4.269950720207826400e+00 1.000000000000000000e+00
6.033867949713274115e+00 2.663589554973791351e+01 -4.263745724692921790e+00 1.000000000000000000e+00
6.048166214996954615e+00 2.665021231375171951e+01 -4.257493154808799751e+00 1.000000000000000000e+00
6.062464480280636003e+00 2.666423171785660884e+01 -4.251193080320893714e+00 1.000000000000000000e+00
6.076762745564316504e+00 2.667795360562572782e+01 -4.244845571524687777e+00 1.000000000000000000e+00
6.091061010847997004e+00 2.669137782395188907e+01 -4.238450699244931563e+00 1.000000000000000000e+00
6.105359276131678392e+00 2.670450422304925198e+01 -4.232008534834853286e+00 1.000000000000000000e+00
6.119657541415358892e+00 2.671733265645501376e+01 -4.225519150175358618e+00 1.000000000000000000e+00
6.133955806699039393e+00 2.672986298103103309e+01 -4.218982617674232216e+00 1.000000000000000000e+00
6.148254071982719893e+00 2.674209505696543943e+01 -4.212399010265328592e+00 1.000000000000000000e+00
6.162552337266401281e+00 2.675402874777416429e+01 -4.205768401407758539e+00 1.000000000000000000e+00
6.176850602550081781e+00 2.676566392030252217e+01 -4.199090865085069346e+00 1.000000000000000000e+00
6.191148867833762282e+00 2.677700044472662100e+01 -4.192366475804420567e+00 1.000000000000000000e+00
6.205447133117443670e+00 2.678803819455487911e+01 -4.185595308595748243e+00 1.000000000000000000e+00
6.219745398401124170e+00 2.679877704662937887e+01 -4.178777439010935346e+00 1.000000000000000000e+00
6.234043663684804670e+00 2.680921688112729484e+01 -4.171912943122961792e+00 1.000000000000000000e+00
6.248341928968485171e+00 2.681935758156218697e+01 -4.165001897525058006e+00 1.000000000000000000e+00
6.262640194252166559e+00 2.682919903478531509e+01 -4.158044379329851381e+00 1.000000000000000000e+00
6.276938459535847059e+00 2.683874113098692149e+01 -4.151040466168505638e+00 1.000000000000000000e+00
6.291236724819527559e+00 2.684798376369741746e+01 -4.143990236189852183e+00 1.000000000000000000e+00
6.305534990103208060e+00 2.685692682978861612e+01 -4.136893768059522358e+00 1.000000000000000000e+00
6.319833255386889448e+00 2.686557022947483375e+01 -4.129751140959066369e+00 1.000000000000000000e+00
6.334131520670569948e+00 2.687391386631405510e+01 -4.122562434585068658e+00 1.000000000000000000e+00
6.348429785954250448e+00 2.688195764720895653e+01 -4.115327729148264169e+00 1.000000000000000000e+00
6.362728051237931837e+00 2.688970148240799318e+01 -4.108047105372636842e+00 1.000000000000000000e+00
6.377026316521612337e+00 2.689714528550636530e+01 -4.100720644494524336e+00 1.000000000000000000e+00
6.391324581805292837e+00 2.690428897344700587e+01 -4.093348428261709415e+00 1.000000000000000000e+00
6.405622847088973337e+00 2.691113246652149016e+01 -4.085930538932505129e+00 1.000000000000000000e+00
6.419921112372654726e+00 2.691767568837092384e+01 -4.078467059274840878e+00 1.000000000000000000e+00
6.434219377656335226e+00 2.692391856598682764e+01 -4.070958072565338703e+00 1.000000000000000000e+00
6.448517642940015726e+00 2.692986102971190832e+01 -4.063403662588381593e+00 1.000000000000000000e+00
6.462815908223696226e+00 2.693550301324085439e+01 -4.055803913635180891e+00 1.000000000000000000e+00
6.477114173507377615e+00 2.694084445362108937e+01 -4.048158910502832164e+00 1.000000000000000000e+00
6.491412438791058115e+00 2.694588529125345744e+01 -4.040468738493375511e+00 1.000000000000000000e+00
6.505710704074738615e+00 2.695062546989288421e+01 -4.032733483412839881e+00 1.000000000000000000e+00
6.520008969358420003e+00 2.695506493664901981e+01 -4.024953231570280288e+00 1.000000000000000000e+00
6.534307234642100504e+00 2.695920364198681796e+01 -4.017128069776827459e+00 1.000000000000000000e+00
6.548605499925781004e+00 2.696304153972709727e+01 -4.009258085344707290e+00 1.000000000000000000e+00
6.562903765209461504e+00 2.696657858704706001e+01 -4.001343366086273612e+00 1.000000000000000000e+00
6.577202030493142892e+00 2.696981474448073612e+01 -3.993384000313025428e+00 1.000000000000000000e+00
6.591500295776823393e+00 2.697274997591947354e+01 -3.985380076834621921e+00 1.000000000000000000e+00
6.605798561060503893e+00 2.697538424861230055e+01 -3.977331684957892133e+00 1.000000000000000000e+00
6.620096826344185281e+00 2.697771753316632015e+01 -3.969238914485837988e+00 1.000000000000000000e+00
6.634395091627865781e+00 2.697974980354702268e+01 -3.961101855716634201e+00 1.000000000000000000e+00
6.648693356911546282e+00 2.698148103707857359e+01 -3.952920599442615313e+00 1.000000000000000000e+00
6.662991622195226782e+00 2.698291121444406926e+01 -3.944695236949271155e+00 1.000000000000000000e+00
6.677289887478908170e+00 2.698404031968577144e+01 -3.936425860014219680e+00 1.000000000000000000e+00
6.691588152762588670e+00 2.698486834020524938e+01 -3.928112560906188211e+00 1.000000000000000000e+00
6.705886418046269171e+00 2.698539526676354328e+01 -3.919755432383983162e+00 1.000000000000000000e+00
6.720184683329949671e+00 2.698562109348127791e+01 -3.911354567695453088e+00 1.000000000000000000e+00
6.734482948613631059e+00 2.698554581783870887e+01 -3.902910060576449958e+00 1.000000000000000000e+00
6.748781213897311559e+00 2.698516944067574741e+01 -3.894422005249783769e+00 1.000000000000000000e+00
6.763079479180992060e+00 2.698449196619195689e+01 -3.885890496424167839e+00 1.000000000000000000e+00
6.777377744464673448e+00 2.698351340194653147e+01 -3.877315629293166754e+00 1.000000000000000000e+00
6.791676009748353948e+00 2.698223375885817177e+01 -3.868697499534132334e+00 1.000000000000000000e+00
6.805974275032034448e+00 2.698065305120497470e+01 -3.860036203307132485e+00 1.000000000000000000e+00
6.820272540315714949e+00 2.697877129662430207e+01 -3.851331837253885393e+00 1.000000000000000000e+00
6.834570805599396337e+00 2.697658851611253539e+01 -3.842584498496673717e+00 1.000000000000000000e+00
6.848869070883076837e+00 2.697410473402488407e+01 -3.833794284637267236e+00 1.000000000000000000e+00
6.863167336166757337e+00 2.697131997807510473e+01 -3.824961293755829495e+00 1.000000000000000000e+00
6.877465601450437838e+00 2.696823427933516726e+01 -3.816085624409825350e+00 1.000000000000000000e+00
6.891763866734119226e+00 2.696484767223492440e+01 -3.807167375632919626e+00 1.000000000000000000e+00
6.906062132017799726e+00 2.696116019456174584e+01 -3.798206646933877551e+00 1.000000000000000000e+00
6.920360397301480226e+00 2.695717188746006698e+01 -3.789203538295445206e+00 1.000000000000000000e+00
6.934658662585161615e+00 2.695288279543094490e+01 -3.780158150173241527e+00 1.000000000000000000e+00
6.948956927868842115e+00 2.694829296633156801e+01 -3.771070583494636086e+00 1.000000000000000000e+00
6.963255193152522615e+00 2.694340245137469125e+01 -3.761940939657617999e+00 1.000000000000000000e+00
6.977553458436203115e+00 2.693821130512811379e+01 -3.752769320529672825e+00 1.000000000000000000e+00
6.991851723719884504e+00 2.693271958551402179e+01 -3.743555828446636813e+00 1.000000000000000000e+00
7.006149989003565004e+00 2.692692735380837021e+01 -3.734300566211564476e+00 1.000000000000000000e+00
7.020448254287245504e+00 2.692083467464020075e+01 -3.725003637093573960e+00 1.000000000000000000e+00
7.034746519570926004e+00 2.691444161599089924e+01 -3.715665144826696853e+00 1.000000000000000000e+00
7.049044784854607393e+00 2.690774824919346031e+01 -3.706285193608722217e+00 1.000000000000000000e+00
7.063343050138287893e+00 2.690075464893167378e+01 -3.696863888100035744e+00 1.000000000000000000e+00
7.077641315421968393e+00 2.689346089323930400e+01 -3.687401333422446026e+00 1.000000000000000000e+00
7.091939580705649782e+00 2.688586706349920874e+01 -3.677897635158014822e+00 1.000000000000000000e+00
7.106237845989330282e+00 2.687797324444244751e+01 -3.668352899347882445e+00 1.000000000000000000e+00
7.120536111273010782e+00 2.686977952414731163e+01 -3.658767232491078047e+00 1.000000000000000000e+00
7.134834376556691282e+00 2.686128599403835437e+01 -3.649140741543336564e+00 1.000000000000000000e+00
7.149132641840372671e+00 2.685249274888539261e+01 -3.639473533915901893e+00 1.000000000000000000e+00
7.163430907124053171e+00 2.684339988680239841e+01 -3.629765717474330078e+00 1.000000000000000000e+00
7.177729172407733671e+00 2.683400750924645806e+01 -3.620017400537287600e+00 1.000000000000000000e+00
7.192027437691415059e+00 2.682431572101660322e+01 -3.610228691875336349e+00 1.000000000000000000e+00
7.206325702975095560e+00 2.681432463025265633e+01 -3.600399700709728812e+00 1.000000000000000000e+00
7.220623968258776060e+00 2.680403434843402977e+01 -3.590530536711183274e+00 1.000000000000000000e+00
7.234922233542456560e+00 2.679344499037845750e+01 -3.580621309998660351e+00 1.000000000000000000e+00
7.249220498826137948e+00 2.678255667424075170e+01 -3.570672131138135086e+00 1.000000000000000000e+00
7.263518764109818449e+00 2.677136952151144911e+01 -3.560683111141369483e+00 1.000000000000000000e+00
7.277817029393498949e+00 2.675988365701547167e+01 -3.550654361464661513e+00 1.000000000000000000e+00
7.292115294677179449e+00 2.674809920891073034e+01 -3.540585994007610537e+00 1.000000000000000000e+00
7.306413559960860837e+00 2.673601630868670753e+01 -3.530478121111867651e+00 1.000000000000000000e+00
7.320711825244541338e+00 2.672363509116296143e+01 -3.520330855559880234e+00 1.000000000000000000e+00
7.335010090528221838e+00 2.671095569448766227e+01 -3.510144310573633852e+00 1.000000000000000000e+00
7.349308355811903226e+00 2.669797826013600073e+01 -3.499918599813389708e+00 1.000000000000000000e+00
7.363606621095583726e+00 2.668470293290865669e+01 -3.489653837376415879e+00 1.000000000000000000e+00
7.377904886379264227e+00 2.667112986093016502e+01 -3.479350137795714559e+00 1.000000000000000000e+00
7.392203151662944727e+00 2.665725919564724222e+01 -3.469007616038743969e+00 1.000000000000000000e+00
7.406501416946626115e+00 2.664309109182712731e+01 -3.458626387506134048e+00 1.000000000000000000e+00
7.420799682230306615e+00 2.662862570755584457e+01 -3.448206568030404373e+00 1.000000000000000000e+00
7.435097947513987116e+00 2.661386320423644491e+01 -3.437748273874663862e+00 1.000000000000000000e+00
7.449396212797667616e+00 2.659880374658717983e+01 -3.427251621731317588e+00 1.000000000000000000e+00
7.463694478081349004e+00 2.658344750263968947e+01 -3.416716728720766927e+00 1.000000000000000000e+00
7.477992743365029504e+00 2.656779464373713040e+01 -3.406143712390098610e+00 1.000000000000000000e+00
7.492291008648710005e+00 2.655184534453224998e+01 -3.395532690711774215e+00 1.000000000000000000e+00
7.506589273932391393e+00 2.653559978298542532e+01 -3.384883782082316106e+00 1.000000000000000000e+00
7.520887539216071893e+00 2.651905814036271636e+01 -3.374197105320984935e+00 1.000000000000000000e+00
7.535185804499752393e+00 2.650222060123380530e+01 -3.363472779668451818e+00 1.000000000000000000e+00
7.549484069783432894e+00 2.648508735346996090e+01 -3.352710924785471391e+00 1.000000000000000000e+00
7.563782335067114282e+00 2.646765858824191753e+01 -3.341911660751542001e+00 1.000000000000000000e+00
7.578080600350794782e+00 2.644993450001778612e+01 -3.331075108063574763e+00 1.000000000000000000e+00
7.592378865634475282e+00 2.643191528656083733e+01 -3.320201387634538204e+00 1.000000000000000000e+00
7.606677130918156671e+00 2.641360114892731659e+01 -3.309290620792114002e+00 1.000000000000000000e+00
7.620975396201837171e+00 2.639499229146419523e+01 -3.298342929277346958e+00 1.000000000000000000e+00
7.635273661485517671e+00 2.637608892180690745e+01 -3.287358435243279420e+00 1.000000000000000000e+00
7.649571926769198171e+00 2.635689125087700546e+01 -3.276337261253594146e+00 1.000000000000000000e+00
7.663870192052879560e+00 2.633739949287982185e+01 -3.265279530281242959e+00 1.000000000000000000e+00
7.678168457336560060e+00 2.631761386530208924e+01 -3.254185365707077615e+00 1.000000000000000000e+00
7.692466722620240560e+00 2.629753458890948892e+01 -3.243054891318470467e+00 1.000000000000000000e+00
7.706764987903921060e+00 2.627716188774420658e+01 -3.231888231307935566e+00 1.000000000000000000e+00
7.721063253187602449e+00 2.625649598912242766e+01 -3.220685510271739105e+00 1.000000000000000000e+00
7.735361518471282949e+00 2.623553712363179713e+01 -3.209446853208517414e+00 1.000000000000000000e+00
7.749659783754963449e+00 2.621428552512884735e+01 -3.198172385517871419e+00 1.000000000000000000e+00
7.763958049038644837e+00 2.619274143073639749e+01 -3.186862232998973088e+00 1.000000000000000000e+00
7.778256314322325338e+00 2.617090508084090317e+01 -3.175516521849166995e+00 1.000000000000000000e+00
7.792554579606005838e+00 2.614877671908976353e+01 -3.164135378662550568e+00 1.000000000000000000e+00
7.806852844889686338e+00 2.612635659238861052e+01 -3.152718930428568989e+00 1.000000000000000000e+00
7.821151110173367726e+00 2.610364495089856618e+01 -3.141267304530598992e+00 1.000000000000000000e+00
7.835449375457048227e+00 2.608064204803343245e+01 -3.129780628744525561e+00 1.000000000000000000e+00
7.849747640740728727e+00 2.605734814045686321e+01 -3.118259031237312850e+00 1.000000000000000000e+00
7.864045906024409227e+00 2.603376348807952567e+01 -3.106702640565582207e+00 1.000000000000000000e+00
7.878344171308090615e+00 2.600988835405617650e+01 -3.095111585674167554e+00 1.000000000000000000e+00
7.892642436591771116e+00 2.598572300478272012e+01 -3.083485995894687637e+00 1.000000000000000000e+00
7.906940701875451616e+00 2.596126770989326715e+01 -3.071826000944093860e+00 1.000000000000000000e+00
7.921238967159133004e+00 2.593652274225709320e+01 -3.060131730923225213e+00 1.000000000000000000e+00
7.935537232442813504e+00 2.591148837797561555e+01 -3.048403316315363210e+00 1.000000000000000000e+00
7.949835497726494005e+00 2.588616489637930940e+01 -3.036640887984765946e+00 1.000000000000000000e+00
7.964133763010174505e+00 2.586055258002456370e+01 -3.024844577175212823e+00 1.000000000000000000e+00
7.978432028293855893e+00 2.583465171469057609e+01 -3.013014515508542157e+00 1.000000000000000000e+00
7.992730293577536393e+00 2.580846258937613413e+01 -3.001150834983179916e+00 1.000000000000000000e+00
8.007028558861216894e+00 2.578198549629638237e+01 -2.989253667972665340e+00 1.000000000000000000e+00
8.021326824144898282e+00 2.575522073087959640e+01 -2.977323147224177458e+00 1.000000000000000000e+00
8.035625089428577894e+00 2.572816859176385051e+01 -2.965359405857054043e+00 1.000000000000000000e+00
8.049923354712259282e+00 2.570082938079371004e+01 -2.953362577361299479e+00 1.000000000000000000e+00
8.064221619995940671e+00 2.567320340301684212e+01 -2.941332795596105498e+00 1.000000000000000000e+00
8.078519885279620283e+00 2.564529096668063701e+01 -2.929270194788351045e+00 1.000000000000000000e+00
8.092818150563301671e+00 2.561709238322873716e+01 -2.917174909531103477e+00 1.000000000000000000e+00
8.107116415846983060e+00 2.558860796729760168e+01 -2.905047074782123762e+00 1.000000000000000000e+00
8.121414681130662672e+00 2.555983803671297849e+01 -2.892886825862353462e+00 1.000000000000000000e+00
8.135712946414344060e+00 2.553078291248632326e+01 -2.880694298454406610e+00 1.000000000000000000e+00
8.150011211698023672e+00 2.550144291881127145e+01 -2.868469628601061139e+00 1.000000000000000000e+00
8.164309476981705060e+00 2.547181838305999690e+01 -2.856212952703729435e+00 1.000000000000000000e+00
8.178607742265386449e+00 2.544190963577955245e+01 -2.843924407520951103e+00 1.000000000000000000e+00
8.192906007549066061e+00 2.541171701068820354e+01 -2.831604130166856859e+00 1.000000000000000000e+00
8.207204272832747449e+00 2.538124084467166952e+01 -2.819252258109637310e+00 1.000000000000000000e+00
8.221502538116428838e+00 2.535048147777940386e+01 -2.806868929170017513e+00 1.000000000000000000e+00
8.235800803400108450e+00 2.531943925322076794e+01 -2.794454281519715977e+00 1.000000000000000000e+00
8.250099068683789838e+00 2.528811451736122962e+01 -2.782008453679895243e+00 1.000000000000000000e+00
8.264397333967471226e+00 2.525650761971847302e+01 -2.769531584519628442e+00 1.000000000000000000e+00
8.278695599251150838e+00 2.522461891295851188e+01 -2.757023813254342759e+00 1.000000000000000000e+00
8.292993864534832227e+00 2.519244875289176733e+01 -2.744485279444265569e+00 1.000000000000000000e+00
8.307292129818513615e+00 2.515999749846905686e+01 -2.731916122992870566e+00 1.000000000000000000e+00
8.321590395102193227e+00 2.512726551177764378e+01 -2.719316484145317236e+00 1.000000000000000000e+00
8.335888660385874616e+00 2.509425315803713730e+01 -2.706686503486877893e+00 1.000000000000000000e+00
8.350186925669554228e+00 2.506096080559547445e+01 -2.694026321941383806e+00 1.000000000000000000e+00
8.364485190953235616e+00 2.502738882592477410e+01 -2.681336080769633590e+00 1.000000000000000000e+00
8.378783456236917004e+00 2.499353759361720861e+01 -2.668615921567838001e+00 1.000000000000000000e+00
8.393081721520596616e+00 2.495940748638081885e+01 -2.655865986266025214e+00 1.000000000000000000e+00
8.407379986804278005e+00 2.492499888503527217e+01 -2.643086417126458088e+00 1.000000000000000000e+00
8.421678252087959393e+00 2.489031217350768443e+01 -2.630277356742056316e+00 1.000000000000000000e+00
8.435976517371639005e+00 2.485534773882826798e+01 -2.617438948034797264e+00 1.000000000000000000e+00
8.450274782655320394e+00 2.482010597112602923e+01 -2.604571334254120796e+00 1.000000000000000000e+00
8.464573047939001782e+00 2.478458726362444153e+01 -2.591674658975337220e+00 1.000000000000000000e+00
8.478871313222681394e+00 2.474879201263702555e+01 -2.578749066098020570e+00 1.000000000000000000e+00
8.493169578506362782e+00 2.471272061756294747e+01 -2.565794699844401006e+00 1.000000000000000000e+00
8.507467843790042394e+00 2.467637348088256743e+01 -2.552811704757765199e+00 1.000000000000000000e+00
8.521766109073723783e+00 2.463975100815290986e+01 -2.539800225700827419e+00 1.000000000000000000e+00
8.536064374357405171e+00 2.460285360800319054e+01 -2.526760407854132140e+00 1.000000000000000000e+00
8.550362639641084783e+00 2.456568169213023012e+01 -2.513692396714421573e+00 1.000000000000000000e+00
8.564660904924766172e+00 2.452823567529384974e+01 -2.500596338093009852e+00 1.000000000000000000e+00
8.578959170208447560e+00 2.449051597531226321e+01 -2.487472378114168325e+00 1.000000000000000000e+00
8.593257435492127172e+00 2.445252301305743359e+01 -2.474320663213489535e+00 1.000000000000000000e+00
8.607555700775808560e+00 2.441425721245030189e+01 -2.461141340136244526e+00 1.000000000000000000e+00
8.621853966059489949e+00 2.437571900045613660e+01 -2.447934555935758816e+00 1.000000000000000000e+00
8.636152231343169561e+00 2.433690880707975523e+01 -2.434700457971767040e+00 1.000000000000000000e+00
8.650450496626850949e+00 2.429782706536067138e+01 -2.421439193908760057e+00 1.000000000000000000e+00
8.664748761910530561e+00 2.425847421136834470e+01 -2.408150911714353359e+00 1.000000000000000000e+00
8.679047027194211950e+00 2.421885068419723552e+01 -2.394835759657622631e+00 1.000000000000000000e+00
8.693345292477893338e+00 2.417895692596197676e+01 -2.381493886307456176e+00 1.000000000000000000e+00
8.707643557761572950e+00 2.413879338179238943e+01 -2.368125440530896686e+00 1.000000000000000000e+00
8.721941823045254338e+00 2.409836049982853368e+01 -2.354730571491472801e+00 1.000000000000000000e+00
8.736240088328935727e+00 2.405765873121570309e+01 -2.341309428647547541e+00 1.000000000000000000e+00
8.750538353612615339e+00 2.401668853009941884e+01 -2.327862161750640979e+00 1.000000000000000000e+00
8.764836618896296727e+00 2.397545035362032806e+01 -2.314388920843762687e+00 1.000000000000000000e+00
8.779134884179978116e+00 2.393394466190910208e+01 -2.300889856259736632e+00 1.000000000000000000e+00
8.793433149463657728e+00 2.389217191808134544e+01 -2.287365118619527404e+00 1.000000000000000000e+00
8.807731414747339116e+00 2.385013258823235915e+01 -2.273814858830549568e+00 1.000000000000000000e+00
8.822029680031018728e+00 2.380782714143201062e+01 -2.260239228084997443e+00 1.000000000000000000e+00
8.836327945314700116e+00 2.376525604971946493e+01 -2.246638377858148239e+00 1.000000000000000000e+00
8.850626210598381505e+00 2.372241978809790552e+01 -2.233012459906677627e+00 1.000000000000000000e+00
8.864924475882061117e+00 2.367931883452927266e+01 -2.219361626266962428e+00 1.000000000000000000e+00
8.879222741165742505e+00 2.363595366992887747e+01 -2.205686029253383307e+00 1.000000000000000000e+00
8.893521006449423894e+00 2.359232477816009421e+01 -2.191985821456631456e+00 1.000000000000000000e+00
8.907819271733103506e+00 2.354843264602893171e+01 -2.178261155742001520e+00 1.000000000000000000e+00
8.922117537016784894e+00 2.350427776327858354e+01 -2.164512185247685405e+00 1.000000000000000000e+00
8.936415802300466282e+00 2.345986062258399940e+01 -2.150739063383065641e+00 1.000000000000000000e+00
8.950714067584145894e+00 2.341518171954637140e+01 -2.136941943827005641e+00 1.000000000000000000e+00
8.965012332867827283e+00 2.337024155268759884e+01 -2.123120980526124413e+00 1.000000000000000000e+00
8.979310598151506895e+00 2.332504062344473539e+01 -2.109276327693094366e+00 1.000000000000000000e+00
8.993608863435188283e+00 2.327957943616438996e+01 -2.095408139804909364e+00 1.000000000000000000e+00
9.007907128718869672e+00 2.323385849809709924e+01 -2.081516571601166543e+00 1.000000000000000000e+00
9.022205394002549284e+00 2.318787831939167177e+01 -2.067601778082337471e+00 1.000000000000000000e+00
9.036503659286230672e+00 2.314163941308948225e+01 -2.053663914508035315e+00 1.000000000000000000e+00
9.050801924569912060e+00 2.309514229511876593e+01 -2.039703136395290439e+00 1.000000000000000000e+00
9.065100189853591672e+00 2.304838748428885964e+01 -2.025719599516810021e+00 1.000000000000000000e+00
9.079398455137273061e+00 2.300137550228439309e+01 -2.011713459899240330e+00 1.000000000000000000e+00
9.093696720420954449e+00 2.295410687365948377e+01 -1.997684873821426121e+00 1.000000000000000000e+00
9.107994985704634061e+00 2.290658212583189979e+01 -1.983633997812670025e+00 1.000000000000000000e+00
9.122293250988315449e+00 2.285880178907711979e+01 -1.969560988650975508e+00 1.000000000000000000e+00
9.136591516271995062e+00 2.281076639652248872e+01 -1.955466003361313154e+00 1.000000000000000000e+00
9.150889781555676450e+00 2.276247648414121727e+01 -1.941349199213856958e+00 1.000000000000000000e+00
9.165188046839357838e+00 2.271393259074642756e+01 -1.927210733722233726e+00 1.000000000000000000e+00
9.179486312123037450e+00 2.266513525798512418e+01 -1.913050764641766488e+00 1.000000000000000000e+00
9.193784577406718839e+00 2.261608503033215101e+01 -1.898869449967708123e+00 1.000000000000000000e+00
9.208082842690400227e+00 2.256678245508413738e+01 -1.884666947933487435e+00 1.000000000000000000e+00
9.222381107974079839e+00 2.251722808235337325e+01 -1.870443417008938569e+00 1.000000000000000000e+00
9.236679373257761227e+00 2.246742246506167717e+01 -1.856199015898532423e+00 1.000000000000000000e+00
9.250977638541442616e+00 2.241736615893421103e+01 -1.841933903539608286e+00 1.000000000000000000e+00
9.265275903825122228e+00 2.236705972249332319e+01 -1.827648239100599481e+00 1.000000000000000000e+00
9.279574169108803616e+00 2.231650371705223890e+01 -1.813342181979252787e+00 1.000000000000000000e+00
9.293872434392485005e+00 2.226569870670888918e+01 -1.799015891800858302e+00 1.000000000000000000e+00
9.308170699676164617e+00 2.221464525833955506e+01 -1.784669528416463757e+00 1.000000000000000000e+00
9.322468964959846005e+00 2.216334394159254728e+01 -1.770303251901090613e+00 1.000000000000000000e+00
9.336767230243525617e+00 2.211179532888189669e+01 -1.755917222551950152e+00 1.000000000000000000e+00
9.351065495527207005e+00 2.205999999538088829e+01 -1.741511600886648692e+00 1.000000000000000000e+00
9.365363760810888394e+00 2.200795851901572675e+01 -1.727086547641406344e+00 1.000000000000000000e+00
9.379662026094568006e+00 2.195567148045902783e+01 -1.712642223769256677e+00 1.000000000000000000e+00
9.393960291378249394e+00 2.190313946312336668e+01 -1.698178790438253039e+00 1.000000000000000000e+00
9.408258556661930783e+00 2.185036305315476923e+01 -1.683696409029668883e+00 1.000000000000000000e+00
9.422556821945610395e+00 2.179734283942616457e+01 -1.669195241136201213e+00 1.000000000000000000e+00
9.436855087229291783e+00 2.174407941353079465e+01 -1.654675448560157580e+00 1.000000000000000000e+00
9.451153352512973171e+00 2.169057336977566308e+01 -1.640137193311664188e+00 1.000000000000000000e+00
9.465451617796652783e+00 2.163682530517484892e+01 -1.625580637606849121e+00 1.000000000000000000e+00
9.479749883080334172e+00 2.158283581944289509e+01 -1.611005943866034684e+00 1.000000000000000000e+00
9.494048148364013784e+00 2.152860551498809016e+01 -1.596413274711927510e+00 1.000000000000000000e+00
9.508346413647695172e+00 2.147413499690571470e+01 -1.581802792967795357e+00 1.000000000000000000e+00
9.522644678931376561e+00 2.141942487297136921e+01 -1.567174661655663881e+00 1.000000000000000000e+00
9.536942944215056173e+00 2.136447575363412099e+01 -1.552529043994486990e+00 1.000000000000000000e+00
9.551241209498737561e+00 2.130928825200973620e+01 -1.537866103398330297e+00 1.000000000000000000e+00
9.565539474782418949e+00 2.125386298387380890e+01 -1.523186003474546135e+00 1.000000000000000000e+00
9.579837740066098561e+00 2.119820056765491145e+01 -1.508488908021950792e+00 1.000000000000000000e+00
9.594136005349779950e+00 2.114230162442768446e+01 -1.493774981028988647e+00 1.000000000000000000e+00
9.608434270633461338e+00 2.108616677790589833e+01 -1.479044386671914291e+00 1.000000000000000000e+00
9.622732535917140950e+00 2.102979665443551838e+01 -1.464297289312952888e+00 1.000000000000000000e+00
9.637030801200822339e+00 2.097319188298770598e+01 -1.449533853498468083e+00 1.000000000000000000e+00
9.651329066484501951e+00 2.091635309515179131e+01 -1.434754243957127917e+00 1.000000000000000000e+00
9.665627331768183339e+00 2.085928092512821763e+01 -1.419958625598059632e+00 1.000000000000000000e+00
9.679925597051864727e+00 2.080197600972148919e+01 -1.405147163509020247e+00 1.000000000000000000e+00
9.694223862335544339e+00 2.074443898833306932e+01 -1.390320022954547152e+00 1.000000000000000000e+00
9.708522127619225728e+00 2.068667050295420751e+01 -1.375477369374116909e+00 1.000000000000000000e+00
9.722820392902907116e+00 2.062867119815882333e+01 -1.360619368380298067e+00 1.000000000000000000e+00
9.737118658186586728e+00 2.057044172109628732e+01 -1.345746185756905744e+00 1.000000000000000000e+00
9.751416923470268117e+00 2.051198272148418056e+01 -1.330857987457144453e+00 1.000000000000000000e+00
9.765715188753949505e+00 2.045329485160110039e+01 -1.315954939601766904e+00 1.000000000000000000e+00
9.780013454037629117e+00 2.039437876627934543e+01 -1.301037208477214602e+00 1.000000000000000000e+00
9.794311719321310505e+00 2.033523512289760404e+01 -1.286104960533761554e+00 1.000000000000000000e+00
9.808609984604990117e+00 2.027586458137363934e+01 -1.271158362383662643e+00 1.000000000000000000e+00
9.822908249888671506e+00 2.021626780415689950e+01 -1.256197580799283342e+00 1.000000000000000000e+00
9.837206515172352894e+00 2.015644545622117434e+01 -1.241222782711252526e+00 1.000000000000000000e+00
9.851504780456032506e+00 2.009639820505712393e+01 -1.226234135206591747e+00 1.000000000000000000e+00
9.865803045739713895e+00 2.003612672066484990e+01 -1.211231805526852279e+00 1.000000000000000000e+00
9.880101311023395283e+00 1.997563167554643826e+01 -1.196215961066250388e+00 1.000000000000000000e+00
9.894399576307074895e+00 1.991491374469843478e+01 -1.181186769369799272e+00 1.000000000000000000e+00
9.908697841590756283e+00 1.985397360560429192e+01 -1.166144398131434334e+00 1.000000000000000000e+00
9.922996106874437672e+00 1.979281193822686191e+01 -1.151089015192152010e+00 1.000000000000000000e+00
9.937294372158117284e+00 1.973142942500078334e+01 -1.136020788538129711e+00 1.000000000000000000e+00
9.951592637441798672e+00 1.966982675082486054e+01 -1.120939886298854216e+00 1.000000000000000000e+00
9.965890902725478284e+00 1.960800460305443238e+01 -1.105846476745245832e+00 1.000000000000000000e+00
9.980189168009159673e+00 1.954596367149367708e+01 -1.090740728287775241e+00 1.000000000000000000e+00
9.994487433292841061e+00 1.948370464838796323e+01 -1.075622809474594099e+00 1.000000000000000000e+00
1.000878569857652067e+01 1.942122822841609064e+01 -1.060492888989650107e+00 1.000000000000000000e+00
1.002308396386020206e+01 1.935853510868252769e+01 -1.045351135650796071e+00 1.000000000000000000e+00
1.003738222914388345e+01 1.929562598870969126e+01 -1.030197718407926288e+00 1.000000000000000000e+00
1.005168049442756306e+01 1.923250157043008102e+01 -1.015032806341073179e+00 1.000000000000000000e+00
1.006597875971124445e+01 1.916916255817845638e+01 -9.998565686585237922e-01 1.000000000000000000e+00
1.008027702499492584e+01 1.910560965868401695e+01 -9.846691746949404189e-01 1.000000000000000000e+00
1.009457529027860545e+01 1.904184358106247288e+01 -9.694707939094641125e-01 1.000000000000000000e+00
1.010887355556228684e+01 1.897786503680815784e+01 -9.542615958838255308e-01 1.000000000000000000e+00
1.012317182084596645e+01 1.891367473978609581e+01 -9.390417503204547822e-01 1.000000000000000000e+00
1.013747008612964784e+01 1.884927340622398617e+01 -9.238114270405799466e-01 1.000000000000000000e+00
1.015176835141332923e+01 1.878466175470429178e+01 -9.085707959823442481e-01 1.000000000000000000e+00
1.016606661669700884e+01 1.871984050615615658e+01 -8.933200271989036878e-01 1.000000000000000000e+00
1.018036488198069023e+01 1.865481038384736578e+01 -8.780592908565221233e-01 1.000000000000000000e+00
1.019466314726437162e+01 1.858957211337633808e+01 -8.627887572326923271e-01 1.000000000000000000e+00
1.020896141254805123e+01 1.852412642266395437e+01 -8.475085967142174104e-01 1.000000000000000000e+00
1.022325967783173262e+01 1.845847404194546115e+01 -8.322189797953126744e-01 1.000000000000000000e+00
1.023755794311541401e+01 1.839261570376233834e+01 -8.169200770757126806e-01 1.000000000000000000e+00
1.025185620839909362e+01 1.832655214295412449e+01 -8.016120592587600013e-01 1.000000000000000000e+00
1.026615447368277501e+01 1.826028409665018870e+01 -7.862950971495021868e-01 1.000000000000000000e+00
1.028045273896645639e+01 1.819381230426153806e+01 -7.709693616527862892e-01 1.000000000000000000e+00
1.029475100425013601e+01 1.812713750747256114e+01 -7.556350237713536089e-01 1.000000000000000000e+00
1.030904926953381739e+01 1.806026045023271109e+01 -7.402922546039240048e-01 1.000000000000000000e+00
1.032334753481749701e+01 1.799318187874827757e+01 -7.249412253433006326e-01 1.000000000000000000e+00
1.033764580010117839e+01 1.792590254147399520e+01 -7.095821072744415980e-01 1.000000000000000000e+00
1.035194406538485978e+01 1.785842318910474802e+01 -6.942150717725711351e-01 1.000000000000000000e+00
1.036624233066853940e+01 1.779074457456714597e+01 -6.788402903012492606e-01 1.000000000000000000e+00
1.038054059595222078e+01 1.772286745301113342e+01 -6.634579344104604148e-01 1.000000000000000000e+00
1.039483886123590217e+01 1.765479258180158695e+01 -6.480681757347097616e-01 1.000000000000000000e+00
1.040913712651958178e+01 1.758652072050984927e+01 -6.326711859910997271e-01 1.000000000000000000e+00
1.042343539180326317e+01 1.751805263090525600e+01 -6.172671369774160866e-01 1.000000000000000000e+00
1.043773365708694456e+01 1.744938907694663399e+01 -6.018562005702111639e-01 1.000000000000000000e+00
1.045203192237062417e+01 1.738053082477378197e+01 -5.864385487228882532e-01 1.000000000000000000e+00
1.046633018765430556e+01 1.731147864269889070e+01 -5.710143534637742713e-01 1.000000000000000000e+00
1.048062845293798517e+01 1.724223330119804487e+01 -5.555837868942150592e-01 1.000000000000000000e+00
1.049492671822166656e+01 1.717279557290252612e+01 -5.401470211866366000e-01 1.000000000000000000e+00
1.050922498350534795e+01 1.710316623259029356e+01 -5.247042285826464258e-01 1.000000000000000000e+00
1.052352324878902756e+01 1.703334605717728323e+01 -5.092555813910930596e-01 1.000000000000000000e+00
1.053782151407270895e+01 1.696333582570870036e+01 -4.938012519861462168e-01 1.000000000000000000e+00
1.055211977935639034e+01 1.689313631935042181e+01 -4.783414128053826708e-01 1.000000000000000000e+00
1.056641804464006995e+01 1.682274832138022802e+01 -4.628762363478570729e-01 1.000000000000000000e+00
1.058071630992375134e+01 1.675217261717902062e+01 -4.474058951721682220e-01 1.000000000000000000e+00
1.059501457520743273e+01 1.668140999422216808e+01 -4.319305618945548098e-01 1.000000000000000000e+00
1.060931284049111234e+01 1.661046124207063102e+01 -4.164504091869504765e-01 1.000000000000000000e+00
1.062361110577479373e+01 1.653932715236214435e+01 -4.009656097750595727e-01 1.000000000000000000e+00
1.063790937105847334e+01 1.646800851880247762e+01 -3.854763364364417466e-01 1.000000000000000000e+00
1.065220763634215473e+01 1.639650613715645022e+01 -3.699827619985661675e-01 1.000000000000000000e+00
1.066650590162583612e+01 1.632482080523919166e+01 -3.544850593369054392e-01 1.000000000000000000e+00
1.068080416690951573e+01 1.625295332290713191e+01 -3.389834013729881024e-01 1.000000000000000000e+00
1.069510243219319712e+01 1.618090449204909476e+01 -3.234779610724716203e-01 1.000000000000000000e+00
1.070940069747687851e+01 1.610867511657740536e+01 -3.079689114432222485e-01 1.000000000000000000e+00
1.072369896276055812e+01 1.603626600241888411e+01 -2.924564255333788054e-01 1.000000000000000000e+00
1.073799722804423951e+01 1.596367795750580498e+01 -2.769406764294135570e-01 1.000000000000000000e+00
1.075229549332792089e+01 1.589091179176699775e+01 -2.614218372542213009e-01 1.000000000000000000e+00
1.076659375861160051e+01 1.581796831711871398e+01 -2.459000811651694263e-01 1.000000000000000000e+00
1.078089202389528189e+01 1.574484834745557116e+01 -2.303755813521677631e-01 1.000000000000000000e+00
1.079519028917896151e+01 1.567155269864153944e+01 -2.148485110357484795e-01 1.000000000000000000e+00
1.080948855446264290e+01 1.559808218850075079e+01 -1.993190434651148646e-01 1.000000000000000000e+00
1.082378681974632428e+01 1.552443763680847155e+01 -1.837873519162308011e-01 1.000000000000000000e+00
1.083808508503000390e+01 1.545061986528187958e+01 -1.682536096898689382e-01 1.000000000000000000e+00
1.085238335031368528e+01 1.537662969757090181e+01 -1.527179901096789583e-01 1.000000000000000000e+00
1.086668161559736667e+01 1.530246795924905712e+01 -1.371806665202640330e-01 1.000000000000000000e+00
1.088097988088104628e+01 1.522813547780424059e+01 -1.216418122852404998e-01 1.000000000000000000e+00
1.089527814616472767e+01 1.515363308262943676e+01 -1.061016007852951942e-01 1.000000000000000000e+00
1.090957641144840906e+01 1.507896160501356775e+01 -9.056020541627150811e-02 1.000000000000000000e+00
1.092387467673208867e+01 1.500412187813212839e+01 -7.501779958721613295e-02 1.000000000000000000e+00
1.093817294201577006e+01 1.492911473703788694e+01 -5.947455671844623787e-02 1.000000000000000000e+00
1.095247120729944967e+01 1.485394101865166228e+01 -4.393065023962679921e-02 1.000000000000000000e+00
1.096676947258313106e+01 1.477860156175286477e+01 -2.838625358781905056e-02 1.000000000000000000e+00
1.098106773786681245e+01 1.470309720697022193e+01 -1.284154020555763540e-02 1.000000000000000000e+00
1.099536600315049206e+01 1.462742879677239927e+01 2.703316461082560032e-03 1.000000000000000000e+00
1.100966426843417345e+01 1.455159717545851628e+01 1.824814296444029690e-02 1.000000000000000000e+00
1.102396253371785484e+01 1.447560318914882238e+01 3.379276585718263282e-02 1.000000000000000000e+00
1.103826079900153445e+01 1.439944768577521828e+01 4.933701169424848515e-02 1.000000000000000000e+00
1.105255906428521584e+01 1.432313151507174531e+01 6.488070703479217882e-02 1.000000000000000000e+00
1.106685732956889723e+01 1.424665552856522233e+01 8.042367844409802069e-02 1.000000000000000000e+00
1.108115559485257684e+01 1.417002057956563199e+01 9.596575249553405962e-02 1.000000000000000000e+00
1.109545386013625823e+01 1.409322752315663152e+01 1.115067557724850472e-01 1.000000000000000000e+00
1.110975212541993784e+01 1.401627721618606337e+01 1.270465148702751013e-01 1.000000000000000000e+00
1.112405039070361923e+01 1.393917051725629896e+01 1.425848563981190198e-01 1.000000000000000000e+00
1.113834865598730062e+01 1.386190828671475117e+01 1.581216069810444658e-01 1.000000000000000000e+00
1.115264692127098023e+01 1.378449138664424645e+01 1.736565932618245600e-01 1.000000000000000000e+00
1.116694518655466162e+01 1.370692068085335791e+01 1.891896419029306387e-01 1.000000000000000000e+00
1.118124345183834301e+01 1.362919703486682366e+01 2.047205795884456947e-01 1.000000000000000000e+00
1.119554171712202262e+01 1.355132131591588340e+01 2.202492330260066855e-01 1.000000000000000000e+00
1.120983998240570401e+01 1.347329439292854225e+01 2.357754289487460075e-01 1.000000000000000000e+00
1.122413824768938539e+01 1.339511713651998903e+01 2.512989941172043551e-01 1.000000000000000000e+00
1.123843651297306501e+01 1.331679041898277838e+01 2.668197553212824369e-01 1.000000000000000000e+00
1.125273477825674640e+01 1.323831511427711405e+01 2.823375393821710988e-01 1.000000000000000000e+00
1.126703304354042778e+01 1.315969209802115714e+01 2.978521731542738693e-01 1.000000000000000000e+00
1.128133130882410740e+01 1.308092224748120458e+01 3.133634835271447150e-01 1.000000000000000000e+00
1.129562957410778878e+01 1.300200644156187835e+01 3.288712974274279333e-01 1.000000000000000000e+00
1.130992783939146840e+01 1.292294556079642831e+01 3.443754418207665702e-01 1.000000000000000000e+00
1.132422610467514978e+01 1.284374048733675444e+01 3.598757437137622417e-01 1.000000000000000000e+00
1.133852436995883117e+01 1.276439210494368304e+01 3.753720301558821637e-01 1.000000000000000000e+00
1.135282263524251078e+01 1.268490129897706886e+01 3.908641282413977680e-01 1.000000000000000000e+00
1.136712090052619217e+01 1.260526895638587597e+01 4.063518651113197100e-01 1.000000000000000000e+00
1.138141916580987356e+01 1.252549596569834378e+01 4.218350679553164451e-01 1.000000000000000000e+00
1.139571743109355317e+01 1.244558321701207504e+01 4.373135640136404101e-01 1.000000000000000000e+00
1.141001569637723456e+01 1.236553160198400647e+01 4.527871805790741333e-01 1.000000000000000000e+00
1.142431396166091595e+01 1.228534201382058200e+01 4.682557449988367093e-01 1.000000000000000000e+00
1.143861222694459556e+01 1.220501534726772519e+01 4.837190846765185848e-01 1.000000000000000000e+00
1.145291049222827695e+01 1.212455249860082773e+01 4.991770270740151783e-01 1.000000000000000000e+00
1.146720875751195656e+01 1.204395436561485333e+01 5.146293997134302467e-01 1.000000000000000000e+00
1.148150702279563795e+01 1.196322184761418583e+01 5.300760301790280460e-01 1.000000000000000000e+00
1.149580528807931934e+01 1.188235584540269407e+01 5.455167461191354761e-01 1.000000000000000000e+00
1.151010355336299895e+01 1.180135726127365636e+01 5.609513752480730364e-01 1.000000000000000000e+00
1.152440181864668034e+01 1.172022699899964415e+01 5.763797453480831168e-01 1.000000000000000000e+00
1.153870008393036173e+01 1.163896596382250870e+01 5.918016842712414682e-01 1.000000000000000000e+00
1.155299834921404134e+01 1.155757506244327004e+01 6.072170199413761127e-01 1.000000000000000000e+00
1.156729661449772273e+01 1.147605520301193138e+01 6.226255803560059032e-01 1.000000000000000000e+00
1.158159487978140412e+01 1.139440729511742312e+01 6.380271935882387835e-01 1.000000000000000000e+00
1.159589314506508373e+01 1.131263224977742965e+01 6.534216877886982466e-01 1.000000000000000000e+00
1.161019141034876512e+01 1.123073097942818421e+01 6.688088911874496834e-01 1.000000000000000000e+00
1.162448967563244473e+01 1.114870439791438628e+01 6.841886320958939782e-01 1.000000000000000000e+00
1.163878794091612612e+01 1.106655342047887736e+01 6.995607389087119543e-01 1.000000000000000000e+00
1.165308620619980751e+01 1.098427896375253354e+01 7.149250401057563042e-01 1.000000000000000000e+00
1.166738447148348712e+01 1.090188194574399283e+01 7.302813642539742744e-01 1.000000000000000000e+00
1.168168273676716851e+01 1.081936328582939844e+01 7.456295400093257975e-01 1.000000000000000000e+00
1.169598100205084990e+01 1.073672390474216698e+01 7.609693961186859701e-01 1.000000000000000000e+00
1.171027926733452951e+01 1.065396472456274957e+01 7.763007614217529717e-01 1.000000000000000000e+00
1.172457753261821090e+01 1.057108666870822944e+01 7.916234648529769657e-01 1.000000000000000000e+00
1.173887579790189228e+01 1.048809066192213812e+01 8.069373354434475898e-01 1.000000000000000000e+00
1.175317406318557190e+01 1.040497763026409395e+01 8.222422023228109778e-01 1.000000000000000000e+00
1.176747232846925328e+01 1.032174850109940856e+01 8.375378947211833403e-01 1.000000000000000000e+00
1.178177059375293290e+01 1.023840420308888355e+01 8.528242419710342359e-01 1.000000000000000000e+00
1.179606885903661428e+01 1.015494566617828021e+01 8.681010735091199138e-01 1.000000000000000000e+00
1.181036712432029567e+01 1.007137382158806815e+01 8.833682188783634759e-01 1.000000000000000000e+00
1.182466538960397529e+01 9.987689601802992811e+00 8.986255077297652383e-01 1.000000000000000000e+00
1.183896365488765667e+01 9.903893940561628639e+00 9.138727698243094277e-01 1.000000000000000000e+00
1.185326192017133806e+01 9.819987772846033636e+00 9.291098350348533375e-01 1.000000000000000000e+00
1.186756018545501767e+01 9.735972034871306136e+00 9.443365333480242541e-01 1.000000000000000000e+00
1.188185845073869906e+01 9.651847664075056343e+00 9.595526948661340372e-01 1.000000000000000000e+00
1.189615671602238045e+01 9.567615599107050173e+00 9.747581498090543972e-01 1.000000000000000000e+00
1.191045498130606006e+01 9.483276779818693214e+00 9.899527285161203727e-01 1.000000000000000000e+00
1.192475324658974145e+01 9.398832147252505820e+00 1.005136261448028367e+00 1.000000000000000000e+00
1.193905151187342106e+01 9.314282643631695890e+00 1.020308579188716314e+00 1.000000000000000000e+00
1.195334977715710245e+01 9.229629212349601985e+00 1.035469512447261931e+00 1.000000000000000000e+00
1.196764804244078384e+01 9.144872797959170185e+00 1.050618892059769882e+00 1.000000000000000000e+00
1.198194630772446345e+01 9.060014346162434506e+00 1.065756548991256381e+00 1.000000000000000000e+00
1.199624457300814484e+01 8.975054803799915604e+00 1.080882314337544781e+00 1.000000000000000000e+00
1.201054283829182623e+01 8.889995118840110067e+00 1.095996019327138526e+00 1.000000000000000000e+00
1.202484110357550584e+01 8.804836240368935307e+00 1.111097495323103646e+00 1.000000000000000000e+00
1.203913936885918723e+01 8.719579118579019905e+00 1.126186573824967896e+00 1.000000000000000000e+00
1.205343763414286862e+01 8.634224704759235536e+00 1.141263086470579946e+00 1.000000000000000000e+00
1.206773589942654823e+01 8.548773951284021066e+00 1.156326865037998086e+00 1.000000000000000000e+00
1.208203416471022962e+01 8.463227811602727968e+00 1.171377741447370946e+00 1.000000000000000000e+00
1.209633242999390923e+01 8.377587240229049215e+00 1.186415547762801781e+00 1.000000000000000000e+00
1.211063069527759062e+01 8.291853192730325617e+00 1.201440116194231855e+00 1.000000000000000000e+00
1.212492896056127201e+01 8.206026625716896561e+00 1.216451279099307392e+00 1.000000000000000000e+00
1.213922722584495162e+01 8.120108496831425882e+00 1.231448868985250744e+00 1.000000000000000000e+00
1.215352549112863301e+01 8.034099764738188654e+00 1.246432718510736892e+00 1.000000000000000000e+00
1.216782375641231440e+01 7.948001389112415715e+00 1.261402660487748628e+00 1.000000000000000000e+00
1.218212202169599401e+01 7.861814330629613323e+00 1.276358527883443283e+00 1.000000000000000000e+00
1.219642028697967540e+01 7.775539550954721157e+00 1.291300153822031449e+00 1.000000000000000000e+00
1.221071855226335678e+01 7.689178012731511025e+00 1.306227371586620611e+00 1.000000000000000000e+00
1.222501681754703640e+01 7.602730679571800820e+00 1.321140014621083436e+00 1.000000000000000000e+00
1.223931508283071778e+01 7.516198516044661382e+00 1.336037916531920278e+00 1.000000000000000000e+00
1.225361334811439917e+01 7.429582487665707724e+00 1.350920911090109033e+00 1.000000000000000000e+00
1.226791161339807879e+01 7.342883560886352079e+00 1.365788832232954997e+00 1.000000000000000000e+00
1.228220987868176017e+01 7.256102703082905059e+00 1.380641514065962916e+00 1.000000000000000000e+00
1.229650814396543979e+01 7.169240882545907745e+00 1.395478790864665752e+00 1.000000000000000000e+00
1.231080640924912117e+01 7.082299068469233738e+00 1.410300497076492965e+00 1.000000000000000000e+00
1.232510467453280256e+01 6.995278230939344866e+00 1.425106467322601711e+00 1.000000000000000000e+00
1.233940293981648217e+01 6.908179340924427869e+00 1.439896536399731808e+00 1.000000000000000000e+00
1.235370120510016356e+01 6.821003370263571952e+00 1.454670539282046482e+00 1.000000000000000000e+00
1.236799947038384495e+01 6.733751291655919680e+00 1.469428311122972897e+00 1.000000000000000000e+00
1.238229773566752456e+01 6.646424078649826761e+00 1.484169687257040682e+00 1.000000000000000000e+00
1.239659600095120595e+01 6.559022705631962324e+00 1.498894503201727568e+00 1.000000000000000000e+00
1.241089426623488734e+01 6.471548147816480245e+00 1.513602594659282818e+00 1.000000000000000000e+00
1.242519253151856695e+01 6.384001381234158501e+00 1.528293797518559982e+00 1.000000000000000000e+00
1.243949079680224834e+01 6.296383382721405297e+00 1.542967947856865862e+00 1.000000000000000000e+00
1.245378906208592795e+01 6.208695129909479249e+00 1.557624881941766848e+00 1.000000000000000000e+00
1.246808732736960934e+01 6.120937601213486623e+00 1.572264436232934104e+00 1.000000000000000000e+00
1.248238559265329073e+01 6.033111775821536682e+00 1.586886447383955012e+00 1.000000000000000000e+00
1.249668385793697034e+01 5.945218633683774456e+00 1.601490752244163263e+00 1.000000000000000000e+00
1.251098212322065173e+01 5.857259155501458814e+00 1.616077187860456288e+00 1.000000000000000000e+00
1.252528038850433312e+01 5.769234322716018326e+00 1.630645591479115808e+00 1.000000000000000000e+00
1.253957865378801273e+01 5.681145117498110686e+00 1.645195800547618825e+00 1.000000000000000000e+00
1.255387691907169412e+01 5.592992522736618177e+00 1.659727652716462609e+00 1.000000000000000000e+00
1.256817518435537551e+01 5.504777522027741732e+00 1.674240985840963480e+00 1.000000000000000000e+00
1.258247344963905512e+01 5.416501099664033703e+00 1.688735637983065807e+00 1.000000000000000000e+00
1.259677171492273651e+01 5.328164240623310732e+00 1.703211447413164770e+00 1.000000000000000000e+00
1.261106998020641612e+01 5.239767930557796660e+00 1.717668252611892488e+00 1.000000000000000000e+00
1.262536824549009751e+01 5.151313155783013187e+00 1.732105892271933456e+00 1.000000000000000000e+00
1.263966651077377890e+01 5.062800903266859720e+00 1.746524205299815335e+00 1.000000000000000000e+00
1.265396477605745851e+01 4.974232160618556442e+00 1.760923030817710400e+00 1.000000000000000000e+00
1.266826304134113990e+01 4.885607916077630009e+00 1.775302208165231432e+00 1.000000000000000000e+00
1.268256130662482128e+01 4.796929158502893031e+00 1.789661576901221851e+00 1.000000000000000000e+00
1.269685957190850090e+01 4.708196877361418231e+00 1.804000976805546719e+00 1.000000000000000000e+00
1.271115783719218228e+01 4.619412062717454859e+00 1.818320247880886198e+00 1.000000000000000000e+00
1.272545610247586367e+01 4.530575705221446370e+00 1.832619230354509021e+00 1.000000000000000000e+00
1.273975436775954329e+01 4.441688796098937964e+00 1.846897764680064391e+00 1.000000000000000000e+00
1.275405263304322467e+01 4.352752327139521427e+00 1.861155691539359891e+00 1.000000000000000000e+00
1.276835089832690429e+01 4.263767290685783529e+00 1.875392851844135844e+00 1.000000000000000000e+00
1.278264916361058567e+01 4.174734679622186029e+00 1.889609086737849664e+00 1.000000000000000000e+00
1.279694742889426706e+01 4.085655487364056704e+00 1.903804237597436222e+00 1.000000000000000000e+00
1.281124569417794667e+01 3.996530707846461805e+00 1.917978146035085762e+00 1.000000000000000000e+00
1.282554395946162806e+01 3.907361335513121148e+00 1.932130653900008266e+00 1.000000000000000000e+00
1.283984222474530945e+01 3.818148365305318759e+00 1.946261603280199148e+00 1.000000000000000000e+00
1.285414049002898906e+01 3.728892792650809529e+00 1.960370836504199188e+00 1.000000000000000000e+00
1.286843875531267045e+01 3.639595613452666800e+00 1.974458196142860666e+00 1.000000000000000000e+00
1.288273702059635184e+01 3.550257824078237423e+00 1.988523525011093085e+00 1.000000000000000000e+00
1.289703528588003145e+01 3.460880421347983127e+00 2.002566666169625087e+00 1.000000000000000000e+00
1.291133355116371284e+01 3.371464402524365855e+00 2.016587462926752394e+00 1.000000000000000000e+00
1.292563181644739245e+01 3.282010765300732213e+00 2.030585758840086186e+00 1.000000000000000000e+00
1.293993008173107384e+01 3.192520507790135742e+00 2.044561397718303919e+00 1.000000000000000000e+00
1.295422834701475523e+01 3.102994628514270214e+00 2.058514223622881723e+00 1.000000000000000000e+00
1.296852661229843484e+01 3.013434126392281698e+00 2.072444080869843219e+00 1.000000000000000000e+00
1.298282487758211623e+01 2.923840000729631239e+00 2.086350814031493250e+00 1.000000000000000000e+00
1.299712314286579762e+01 2.834213251206951334e+00 2.100234267938151600e+00 1.000000000000000000e+00
1.301142140814947723e+01 2.744554877868896625e+00 2.114094287679883610e+00 1.000000000000000000e+00
1.302571967343315862e+01 2.654865881112941306e+00 2.127930718608237903e+00 1.000000000000000000e+00
1.304001793871684001e+01 2.565147261678287993e+00 2.141743406337954791e+00 1.000000000000000000e+00
1.305431620400051962e+01 2.475400020634654474e+00 2.155532196748704443e+00 1.000000000000000000e+00
1.306861446928420101e+01 2.385625159371114190e+00 2.169296935986796626e+00 1.000000000000000000e+00
1.308291273456788062e+01 2.295823679584935384e+00 2.183037470466902885e+00 1.000000000000000000e+00
1.309721099985156201e+01 2.205996583270358524e+00 2.196753646873771171e+00 1.000000000000000000e+00
1.311150926513524340e+01 2.116144872707484303e+00 2.210445312163930698e+00 1.000000000000000000e+00
1.312580753041892301e+01 2.026269550451044843e+00 2.224112313567403465e+00 1.000000000000000000e+00
1.314010579570260440e+01 1.936371619319228632e+00 2.237754498589407781e+00 1.000000000000000000e+00
1.315440406098628578e+01 1.846452082382491033e+00 2.251371715012061347e+00 1.000000000000000000e+00
1.316870232626996540e+01 1.756511942952376115e+00 2.264963810896075902e+00 1.000000000000000000e+00
1.318300059155364679e+01 1.666552204570269868e+00 2.278530634582461190e+00 1.000000000000000000e+00
1.319729885683732817e+01 1.576573870996278659e+00 2.292072034694205396e+00 1.000000000000000000e+00
1.321159712212100779e+01 1.486577946197978672e+00 2.305587860137972012e+00 1.000000000000000000e+00
1.322589538740468917e+01 1.396565434339227973e+00 2.319077960105782044e+00 1.000000000000000000e+00
1.324019365268837056e+01 1.306537339768960360e+00 2.332542184076701108e+00 1.000000000000000000e+00
1.325449191797205017e+01 1.216494667009991648e+00 2.345980381818512761e+00 1.000000000000000000e+00
1.326879018325573156e+01 1.126438420747763791e+00 2.359392403389402926e+00 1.000000000000000000e+00
1.328308844853941117e+01 1.036369605819206008e+00 2.372778099139623897e+00 1.000000000000000000e+00
1.329738671382309256e+01 9.462892272014752360e-01 2.386137319713169447e+00 1.000000000000000000e+00
1.331168497910677395e+01 8.561982900007546471e-01 2.399469916049440599e+00 1.000000000000000000e+00
1.332598324439045356e+01 7.660977994410509417e-01 2.412775739384907414e+00 1.000000000000000000e+00
1.334028150967413495e+01 6.759887608529302483e-01 2.426054641254772548e+00 1.000000000000000000e+00
1.335457977495781634e+01 5.858721796623720390e-01 2.439306473494623706e+00 1.000000000000000000e+00
1.336887804024149595e+01 4.957490613795035306e-01 2.452531088242086987e+00 1.000000000000000000e+00
1.338317630552517734e+01 4.056204115873922600e-01 2.465728337938479342e+00 1.000000000000000000e+00
1.339747457080885873e+01 3.154872359308253382e-01 2.478898075330453921e+00 1.000000000000000000e+00
1.341177283609253834e+01 2.253505401051012491e-01 2.492040153471640096e+00 1.000000000000000000e+00
1.342607110137621973e+01 1.352113298447598644e-01 2.505154425724292366e+00 1.000000000000000000e+00
1.344036936665989934e+01 4.507061091243291101e-02 2.518240745760914390e+00 1.000000000000000000e+00
1.345466763194358073e+01 -4.507061091242630518e-02 2.531298967565898117e+00 1.000000000000000000e+00
1.346896589722726212e+01 -1.352113298447532863e-01 2.544328945437153600e+00 1.000000000000000000e+00
1.348326416251094173e+01 -2.253505401050826529e-01 2.557330533987731247e+00 1.000000000000000000e+00
1.349756242779462312e+01 -3.154872359308187879e-01 2.570303588147450746e+00 1.000000000000000000e+00
1.351186069307830451e+01 -4.056204115873856542e-01 2.583247963164509997e+00 1.000000000000000000e+00
1.352615895836198412e+01 -4.957490613794968692e-01 2.596163514607108702e+00 1.000000000000000000e+00
1.354045722364566551e+01 -5.858721796623653777e-01 2.609050098365054193e+00 1.000000000000000000e+00
1.355475548892934690e+01 -6.759887608529235870e-01 2.621907570651373032e+00 1.000000000000000000e+00
1.356905375421302651e+01 -7.660977994410326231e-01 2.634735788003913282e+00 1.000000000000000000e+00
1.358335201949670790e+01 -8.561982900007482078e-01 2.647534607286949004e+00 1.000000000000000000e+00
1.359765028478038751e+01 -9.462892272014565842e-01 2.660303885692769654e+00 1.000000000000000000e+00
1.361194855006406890e+01 -1.036369605819199347e+00 2.673043480743285905e+00 1.000000000000000000e+00
1.362624681534775029e+01 -1.126438420747757130e+00 2.685753250291601724e+00 1.000000000000000000e+00
1.364054508063142990e+01 -1.216494667009973218e+00 2.698433052523615316e+00 1.000000000000000000e+00
1.365484334591511129e+01 -1.306537339768953476e+00 2.711082745959600526e+00 1.000000000000000000e+00
1.366914161119879267e+01 -1.396565434339221090e+00 2.723702189455775802e+00 1.000000000000000000e+00
1.368343987648247229e+01 -1.486577946197972233e+00 2.736291242205887819e+00 1.000000000000000000e+00
1.369773814176615367e+01 -1.576573870996272220e+00 2.748849763742777785e+00 1.000000000000000000e+00
1.371203640704983506e+01 -1.666552204570263207e+00 2.761377613939952180e+00 1.000000000000000000e+00
1.372633467233351467e+01 -1.756511942952357463e+00 2.773874653013142844e+00 1.000000000000000000e+00
1.374063293761719606e+01 -1.846452082382484594e+00 2.786340741521871500e+00 1.000000000000000000e+00
1.375493120290087568e+01 -1.936371619319209980e+00 2.798775740370998744e+00 1.000000000000000000e+00
1.376922946818455706e+01 -2.026269550451038626e+00 2.811179510812285898e+00 1.000000000000000000e+00
1.378352773346823845e+01 -2.116144872707478086e+00 2.823551914445928901e+00 1.000000000000000000e+00
1.379782599875191806e+01 -2.205996583270340761e+00 2.835892813222114839e+00 1.000000000000000000e+00
1.381212426403559945e+01 -2.295823679584917176e+00 2.848202069442561601e+00 1.000000000000000000e+00
1.382642252931928084e+01 -2.385625159371107529e+00 2.860479545762046882e+00 1.000000000000000000e+00
1.384072079460296045e+01 -2.475400020634647813e+00 2.872725105189945172e+00 1.000000000000000000e+00
1.385501905988664184e+01 -2.565147261678281332e+00 2.884938611091756311e+00 1.000000000000000000e+00
1.386931732517032323e+01 -2.654865881112934201e+00 2.897119927190630495e+00 1.000000000000000000e+00
1.388361559045400284e+01 -2.744554877868877973e+00 2.909268917568884394e+00 1.000000000000000000e+00
1.389791385573768423e+01 -2.834213251206945117e+00 2.921385446669527486e+00 1.000000000000000000e+00
1.391221212102136384e+01 -2.923840000729613475e+00 2.933469379297762192e+00 1.000000000000000000e+00
1.392651038630504523e+01 -3.013434126392274592e+00 2.945520580622505324e+00 1.000000000000000000e+00
1.394080865158872662e+01 -3.102994628514263553e+00 2.957538916177876676e+00 1.000000000000000000e+00
1.395510691687240623e+01 -3.192520507790117090e+00 2.969524251864713804e+00 1.000000000000000000e+00
1.396940518215608762e+01 -3.282010765300713562e+00 2.981476453952064620e+00 1.000000000000000000e+00
1.398370344743976901e+01 -3.371464402524358750e+00 2.993395389078675084e+00 1.000000000000000000e+00
1.399800171272344862e+01 -3.460880421347964475e+00 3.005280924254477348e+00 1.000000000000000000e+00
1.401229997800713001e+01 -3.550257824078230762e+00 3.017132926862084563e+00 1.000000000000000000e+00
1.402659824329081140e+01 -3.639595613452659251e+00 3.028951264658252818e+00 1.000000000000000000e+00
1.404089650857449101e+01 -3.728892792650790433e+00 3.040735805775370171e+00 1.000000000000000000e+00
1.405519477385817240e+01 -3.818148365305311209e+00 3.052486418722926143e+00 1.000000000000000000e+00
1.406949303914185201e+01 -3.907361335513101608e+00 3.064202972388973212e+00 1.000000000000000000e+00
1.408379130442553340e+01 -3.996530707846454256e+00 3.075885336041598972e+00 1.000000000000000000e+00
1.409808956970921479e+01 -4.085655487364050487e+00 3.087533379330370309e+00 1.000000000000000000e+00
1.411238783499289440e+01 -4.174734679622168265e+00 3.099146972287801116e+00 1.000000000000000000e+00
1.412668610027657579e+01 -4.263767290685766653e+00 3.110725985330802246e+00 1.000000000000000000e+00
1.414098436556025717e+01 -4.352752327139516098e+00 3.122270289262116805e+00 1.000000000000000000e+00
1.415528263084393679e+01 -4.441688796098920200e+00 3.133779755271768774e+00 1.000000000000000000e+00
1.416958089612761817e+01 -4.530575705221439264e+00 3.145254254938507188e+00 1.000000000000000000e+00
1.418387916141129956e+01 -4.619412062717446865e+00 3.156693660231218779e+00 1.000000000000000000e+00
1.419817742669497918e+01 -4.708196877361399579e+00 3.168097843510377043e+00 1.000000000000000000e+00
1.421247569197866056e+01 -4.796929158502885038e+00 3.179466677529459329e+00 1.000000000000000000e+00
1.422677395726234195e+01 -4.885607916077623791e+00 3.190800035436363480e+00 1.000000000000000000e+00
1.424107222254602156e+01 -4.974232160618550225e+00 3.202097790774824926e+00 1.000000000000000000e+00
1.425537048782970295e+01 -5.062800903266853503e+00 3.213359817485829328e+00 1.000000000000000000e+00
1.426966875311338256e+01 -5.151313155782995423e+00 3.224585989909016792e+00 1.000000000000000000e+00
1.428396701839706395e+01 -5.239767930557778008e+00 3.235776182784089183e+00 1.000000000000000000e+00
1.429826528368074534e+01 -5.328164240623304515e+00 3.246930271252200129e+00 1.000000000000000000e+00
1.431256354896442495e+01 -5.416501099664015051e+00 3.258048130857351676e+00 1.000000000000000000e+00
1.432686181424810634e+01 -5.504777522027747061e+00 3.269129637547788736e+00 1.000000000000000000e+00
1.434116007953178773e+01 -5.592992522736612848e+00 3.280174667677369982e+00 1.000000000000000000e+00
1.435545834481546734e+01 -5.681145117498092922e+00 3.291183098006957408e+00 1.000000000000000000e+00
1.436975661009914873e+01 -5.769234322716012109e+00 3.302154805705795670e+00 1.000000000000000000e+00
1.438405487538283012e+01 -5.857259155501453485e+00 3.313089668352868333e+00 1.000000000000000000e+00
1.439835314066650973e+01 -5.945218633683767351e+00 3.323987563938275436e+00 1.000000000000000000e+00
1.441265140595019112e+01 -6.033111775821528688e+00 3.334848370864589295e+00 1.000000000000000000e+00
1.442694967123387073e+01 -6.120937601213467083e+00 3.345671967948213421e+00 1.000000000000000000e+00
1.444124793651755212e+01 -6.208695129909460597e+00 3.356458234420737874e+00 1.000000000000000000e+00
1.445554620180123351e+01 -6.296383382721399080e+00 3.367207049930278195e+00 1.000000000000000000e+00
1.446984446708491312e+01 -6.384001381234140737e+00 3.377918294542824995e+00 1.000000000000000000e+00
1.448414273236859451e+01 -6.471548147816484686e+00 3.388591848743584212e+00 1.000000000000000000e+00
1.449844099765227590e+01 -6.559022705631956107e+00 3.399227593438300943e+00 1.000000000000000000e+00
1.451273926293595551e+01 -6.646424078649808997e+00 3.409825409954595266e+00 1.000000000000000000e+00
1.452703752821963690e+01 -6.733751291655911686e+00 3.420385180043290951e+00 1.000000000000000000e+00
1.454133579350331829e+01 -6.821003370263566623e+00 3.430906785879724197e+00 1.000000000000000000e+00
1.455563405878699790e+01 -6.908179340924410106e+00 3.441390110065062569e+00 1.000000000000000000e+00
1.456993232407067929e+01 -6.995278230939338648e+00 3.451835035627623061e+00 1.000000000000000000e+00
1.458423058935435890e+01 -7.082299068469215086e+00 3.462241446024158176e+00 1.000000000000000000e+00
1.459852885463804029e+01 -7.169240882545889981e+00 3.472609225141179756e+00 1.000000000000000000e+00
1.461282711992172167e+01 -7.256102703082897953e+00 3.482938257296235740e+00 1.000000000000000000e+00
1.462712538520540129e+01 -7.342883560886335204e+00 3.493228427239209122e+00 1.000000000000000000e+00
1.464142365048908268e+01 -7.429582487665713941e+00 3.503479620153607588e+00 1.000000000000000000e+00
1.465572191577276406e+01 -7.516198516044654276e+00 3.513691721657832279e+00 1.000000000000000000e+00
1.467002018105644368e+01 -7.602730679571783945e+00 3.523864617806465205e+00 1.000000000000000000e+00
1.468431844634012506e+01 -7.689178012731505696e+00 3.533998195091541117e+00 1.000000000000000000e+00
1.469861671162380645e+01 -7.775539550954714052e+00 3.544092340443803835e+00 1.000000000000000000e+00
1.471291497690748606e+01 -7.861814330629594672e+00 3.554146941233975454e+00 1.000000000000000000e+00
1.472721324219116745e+01 -7.948001389112422821e+00 3.564161885274016672e+00 1.000000000000000000e+00
1.474151150747484706e+01 -8.034099764738170890e+00 3.574137060818364020e+00 1.000000000000000000e+00
1.475580977275852845e+01 -8.120108496831408118e+00 3.584072356565195516e+00 1.000000000000000000e+00
1.477010803804220984e+01 -8.206026625716889455e+00 3.593967661657658130e+00 1.000000000000000000e+00
1.478440630332588945e+01 -8.291853192730309630e+00 3.603822865685109900e+00 1.000000000000000000e+00
1.479870456860957084e+01 -8.377587240229043886e+00 3.613637858684356274e+00 1.000000000000000000e+00
1.481300283389325223e+01 -8.463227811602722639e+00 3.623412531140865589e+00 1.000000000000000000e+00
1.482730109917693184e+01 -8.548773951284005079e+00 3.633146773990000966e+00 1.000000000000000000e+00
1.484159936446061323e+01 -8.634224704759230207e+00 3.642840478618238897e+00 1.000000000000000000e+00
1.485589762974429462e+01 -8.719579118579016352e+00 3.652493536864370505e+00 1.000000000000000000e+00
1.487019589502797423e+01 -8.804836240368917544e+00 3.662105841020714792e+00 1.000000000000000000e+00
1.488449416031165562e+01 -8.889995118840115396e+00 3.671677283834326566e+00 1.000000000000000000e+00
1.489879242559533523e+01 -8.975054803799896064e+00 3.681207758508175942e+00 1.000000000000000000e+00
1.491309069087901662e+01 -9.060014346162416743e+00 3.690697158702360703e+00 1.000000000000000000e+00
1.492738895616269801e+01 -9.144872797959163080e+00 3.700145378535276919e+00 1.000000000000000000e+00
1.494168722144637762e+01 -9.229629212349582446e+00 3.709552312584808220e+00 1.000000000000000000e+00
1.495598548673005901e+01 -9.314282643631679903e+00 3.718917855889501300e+00 1.000000000000000000e+00
1.497028375201374040e+01 -9.398832147252498714e+00 3.728241903949734315e+00 1.000000000000000000e+00
1.498458201729742001e+01 -9.483276779818675450e+00 3.737524352728881283e+00 1.000000000000000000e+00
1.499888028258110140e+01 -9.567615599107044844e+00 3.746765098654483594e+00 1.000000000000000000e+00
1.501317854786478279e+01 -9.651847664075049238e+00 3.755964038619391765e+00 1.000000000000000000e+00
1.502747681314846240e+01 -9.735972034871288372e+00 3.765121069982924062e+00 1.000000000000000000e+00
1.504177507843214379e+01 -9.819987772846037188e+00 3.774236090572013147e+00 1.000000000000000000e+00
1.505607334371582340e+01 -9.903893940561612652e+00 3.783308998682335833e+00 1.000000000000000000e+00
1.507037160899950479e+01 -9.987689601802973272e+00 3.792339693079462393e+00 1.000000000000000000e+00
1.508466987428318618e+01 -1.007137382158806282e+01 3.801328072999975660e+00 1.000000000000000000e+00
1.509896813956686579e+01 -1.015494566617826244e+01 3.810274038152595910e+00 1.000000000000000000e+00
1.511326640485054718e+01 -1.023840420308886756e+01 3.819177488719307068e+00 1.000000000000000000e+00
1.512756467013422856e+01 -1.032174850109941389e+01 3.828038325356463822e+00 1.000000000000000000e+00
1.514186293541790818e+01 -1.040497763026407441e+01 3.836856449195897856e+00 1.000000000000000000e+00
1.515616120070158956e+01 -1.048809066192213457e+01 3.845631761846033392e+00 1.000000000000000000e+00
1.517045946598527095e+01 -1.057108666870822589e+01 3.854364165392969444e+00 1.000000000000000000e+00
1.518475773126895056e+01 -1.065396472456273180e+01 3.863053562401583374e+00 1.000000000000000000e+00
1.519905599655263195e+01 -1.073672390474217408e+01 3.871699855916617139e+00 1.000000000000000000e+00
1.521335426183631334e+01 -1.081936328582939311e+01 3.880302949463747986e+00 1.000000000000000000e+00
1.522765252711999295e+01 -1.090188194574397684e+01 3.888862747050679136e+00 1.000000000000000000e+00
1.524195079240367434e+01 -1.098427896375252644e+01 3.897379153168206489e+00 1.000000000000000000e+00
1.525624905768735395e+01 -1.106655342047886137e+01 3.905852072791278218e+00 1.000000000000000000e+00
1.527054732297103534e+01 -1.114870439791436851e+01 3.914281411380063247e+00 1.000000000000000000e+00
1.528484558825471673e+01 -1.123073097942818777e+01 3.922667074881001970e+00 1.000000000000000000e+00
1.529914385353839634e+01 -1.131263224977741366e+01 3.931008969727852076e+00 1.000000000000000000e+00
1.531344211882207773e+01 -1.139440729511741601e+01 3.939307002842743266e+00 1.000000000000000000e+00
1.532774038410575912e+01 -1.147605520301192605e+01 3.947561081637204428e+00 1.000000000000000000e+00
1.534203864938943873e+01 -1.155757506244325405e+01 3.955771114013202361e+00 1.000000000000000000e+00
1.535633691467312012e+01 -1.163896596382250159e+01 3.963937008364171621e+00 1.000000000000000000e+00
1.537063517995680151e+01 -1.172022699899963705e+01 3.972058673576030596e+00 1.000000000000000000e+00
1.538493344524048112e+01 -1.180135726127363860e+01 3.980136019028200245e+00 1.000000000000000000e+00
1.539923171052416251e+01 -1.188235584540269052e+01 3.988168954594618842e+00 1.000000000000000000e+00
1.541352997580784212e+01 -1.196322184761416985e+01 3.996157390644743401e+00 1.000000000000000000e+00
1.542782824109152351e+01 -1.204395436561483734e+01 4.004101238044553313e+00 1.000000000000000000e+00
1.544212650637520490e+01 -1.212455249860083129e+01 4.012000408157541109e+00 1.000000000000000000e+00
1.545642477165888451e+01 -1.220501534726770920e+01 4.019854812845700565e+00 1.000000000000000000e+00
1.547072303694256590e+01 -1.228534201382057489e+01 4.027664364470518343e+00 1.000000000000000000e+00
1.548502130222624729e+01 -1.236553160198400114e+01 4.035428975893942116e+00 1.000000000000000000e+00
1.549931956750992690e+01 -1.244558321701205728e+01 4.043148560479357556e+00 1.000000000000000000e+00
1.551361783279360829e+01 -1.252549596569834023e+01 4.050823032092557341e+00 1.000000000000000000e+00
1.552791609807728967e+01 -1.260526895638587064e+01 4.058452305102696833e+00 1.000000000000000000e+00
1.554221436336096929e+01 -1.268490129897705287e+01 4.066036294383250649e+00 1.000000000000000000e+00
1.555651262864465068e+01 -1.276439210494367593e+01 4.073574915312967448e+00 1.000000000000000000e+00
1.557081089392833029e+01 -1.284374048733673668e+01 4.081068083776806965e+00 1.000000000000000000e+00
1.558510915921201168e+01 -1.292294556079641232e+01 4.088515716166885916e+00 1.000000000000000000e+00
1.559940742449569306e+01 -1.300200644156188368e+01 4.095917729383405259e+00 1.000000000000000000e+00
1.561370568977937268e+01 -1.308092224748118859e+01 4.103274040835577452e+00 1.000000000000000000e+00
1.562800395506305406e+01 -1.315969209802115003e+01 4.110584568442552822e+00 1.000000000000000000e+00
1.564230222034673545e+01 -1.323831511427711050e+01 4.117849230634330837e+00 1.000000000000000000e+00
1.565660048563041506e+01 -1.331679041898276239e+01 4.125067946352672266e+00 1.000000000000000000e+00
1.567089875091409645e+01 -1.339511713651998370e+01 4.132240635052003341e+00 1.000000000000000000e+00
1.568519701619777784e+01 -1.347329439292854580e+01 4.139367216700314600e+00 1.000000000000000000e+00
1.569949528148145745e+01 -1.355132131591586386e+01 4.146447611780050835e+00 1.000000000000000000e+00
1.571379354676513884e+01 -1.362919703486681655e+01 4.153481741289005491e+00 1.000000000000000000e+00
1.572809181204881845e+01 -1.370692068085334014e+01 4.160469526741193746e+00 1.000000000000000000e+00
1.574239007733249984e+01 -1.378449138664423224e+01 4.167410890167736248e+00 1.000000000000000000e+00
1.575668834261618123e+01 -1.386190828671475295e+01 4.174305754117723311e+00 1.000000000000000000e+00
1.577098660789986084e+01 -1.393917051725628298e+01 4.181154041659076448e+00 1.000000000000000000e+00
1.578528487318354223e+01 -1.401627721618604561e+01 4.187955676379419678e+00 1.000000000000000000e+00
1.579958313846722362e+01 -1.409322752315662797e+01 4.194710582386917963e+00 1.000000000000000000e+00
1.581388140375090323e+01 -1.417002057956561600e+01 4.201418684311128970e+00 1.000000000000000000e+00
1.582817966903458462e+01 -1.424665552856521522e+01 4.208079907303849510e+00 1.000000000000000000e+00
1.584247793431826601e+01 -1.432313151507175064e+01 4.214694177039943312e+00 1.000000000000000000e+00
1.585677619960194562e+01 -1.439944768577520051e+01 4.221261419718171481e+00 1.000000000000000000e+00
1.587107446488562701e+01 -1.447560318914881883e+01 4.227781562062019383e+00 1.000000000000000000e+00
1.588537273016930662e+01 -1.455159717545849851e+01 4.234254531320511106e+00 1.000000000000000000e+00
1.589967099545298801e+01 -1.462742879677237973e+01 4.240680255269024812e+00 1.000000000000000000e+00
1.591396926073666940e+01 -1.470309720697021483e+01 4.247058662210093871e+00 1.000000000000000000e+00
1.592826752602034901e+01 -1.477860156175284700e+01 4.253389680974210663e+00 1.000000000000000000e+00
1.594256579130403040e+01 -1.485394101865164629e+01 4.259673240920617054e+00 1.000000000000000000e+00
1.595686405658771179e+01 -1.492911473703788339e+01 4.265909271938098435e+00 1.000000000000000000e+00
1.597116232187139140e+01 -1.500412187813211240e+01 4.272097704445756428e+00 1.000000000000000000e+00
1.598546058715507279e+01 -1.507896160501356064e+01 4.278238469393798482e+00 1.000000000000000000e+00
1.599975885243875418e+01 -1.515363308262944031e+01 4.284331498264297267e+00 1.000000000000000000e+00
1.601405711772243379e+01 -1.522813547780422638e+01 4.290376723071956278e+00 1.000000000000000000e+00
1.602835538300611518e+01 -1.530246795924905001e+01 4.296374076364876338e+00 1.000000000000000000e+00
1.604265364828979656e+01 -1.537662969757089471e+01 4.302323491225300778e+00 1.000000000000000000e+00
1.605695191357347795e+01 -1.545061986528187781e+01 4.308224901270362395e+00 1.000000000000000000e+00
1.607125017885715579e+01 -1.552443763680846800e+01 4.314078240652827745e+00 1.000000000000000000e+00
1.608554844414083718e+01 -1.559808218850074368e+01 4.319883444061831668e+00 1.000000000000000000e+00
1.609984670942451856e+01 -1.567155269864152523e+01 4.325640446723602039e+00 1.000000000000000000e+00
1.611414497470819995e+01 -1.574484834745556405e+01 4.331349184402186303e+00 1.000000000000000000e+00
1.612844323999188134e+01 -1.581796831711870688e+01 4.337009593400165564e+00 1.000000000000000000e+00
1.614274150527555918e+01 -1.589091179176698176e+01 4.342621610559366019e+00 1.000000000000000000e+00
1.615703977055924057e+01 -1.596367795750579965e+01 4.348185173261570391e+00 1.000000000000000000e+00
1.617133803584292195e+01 -1.603626600241886990e+01 4.353700219429200935e+00 1.000000000000000000e+00
1.618563630112660334e+01 -1.610867511657740181e+01 4.359166687526028205e+00 1.000000000000000000e+00
1.619993456641028473e+01 -1.618090449204908765e+01 4.364584516557850513e+00 1.000000000000000000e+00
1.621423283169396612e+01 -1.625295332290712480e+01 4.369953646073171605e+00 1.000000000000000000e+00
1.622853109697764395e+01 -1.632482080523917389e+01 4.375274016163881008e+00 1.000000000000000000e+00
1.624282936226132534e+01 -1.639650613715644312e+01 4.380545567465924606e+00 1.000000000000000000e+00
1.625712762754500673e+01 -1.646800851880246341e+01 4.385768241159953007e+00 1.000000000000000000e+00
1.627142589282868812e+01 -1.653932715236214435e+01 4.390941978971993898e+00 1.000000000000000000e+00
1.628572415811236951e+01 -1.661046124207062391e+01 4.396066723174095081e+00 1.000000000000000000e+00
1.630002242339604734e+01 -1.668140999422215742e+01 4.401142416584966632e+00 1.000000000000000000e+00
1.631432068867972873e+01 -1.675217261717901351e+01 4.406169002570626603e+00 1.000000000000000000e+00
1.632861895396341012e+01 -1.682274832138021381e+01 4.411146425045021857e+00 1.000000000000000000e+00
1.634291721924709151e+01 -1.689313631935041826e+01 4.416074628470663122e+00 1.000000000000000000e+00
1.635721548453077290e+01 -1.696333582570869680e+01 4.420953557859241378e+00 1.000000000000000000e+00
1.637151374981445429e+01 -1.703334605717727612e+01 4.425783158772240711e+00 1.000000000000000000e+00
1.638581201509813212e+01 -1.710316623259027935e+01 4.430563377321545815e+00 1.000000000000000000e+00
1.640011028038181351e+01 -1.717279557290252257e+01 4.435294160170047739e+00 1.000000000000000000e+00
1.641440854566549490e+01 -1.724223330119803066e+01 4.439975454532230970e+00 1.000000000000000000e+00
1.642870681094917629e+01 -1.731147864269888359e+01 4.444607208174766733e+00 1.000000000000000000e+00
1.644300507623285768e+01 -1.738053082477377842e+01 4.449189369417099194e+00 1.000000000000000000e+00
1.645730334151653551e+01 -1.744938907694661978e+01 4.453721887132013890e+00 1.000000000000000000e+00
1.647160160680021690e+01 -1.751805263090525244e+01 4.458204710746218602e+00 1.000000000000000000e+00
1.648589987208389829e+01 -1.758652072050984572e+01 4.462637790240897573e+00 1.000000000000000000e+00
1.650019813736757968e+01 -1.765479258180158340e+01 4.467021076152275505e+00 1.000000000000000000e+00
1.651449640265126106e+01 -1.772286745301112632e+01 4.471354519572168229e+00 1.000000000000000000e+00
1.652879466793494245e+01 -1.779074457456714242e+01 4.475638072148528046e+00 1.000000000000000000e+00
1.654309293321862029e+01 -1.785842318910473026e+01 4.479871686085981075e+00 1.000000000000000000e+00
1.655739119850230168e+01 -1.792590254147398809e+01 4.484055314146369042e+00 1.000000000000000000e+00
1.657168946378598307e+01 -1.799318187874826691e+01 4.488188909649262648e+00 1.000000000000000000e+00
1.658598772906966445e+01 -1.806026045023270399e+01 4.492272426472495361e+00 1.000000000000000000e+00
1.660028599435334584e+01 -1.812713750747255403e+01 4.496305819052669683e+00 1.000000000000000000e+00
1.661458425963702723e+01 -1.819381230426154517e+01 4.500289042385669624e+00 1.000000000000000000e+00
1.662888252492070507e+01 -1.826028409665018160e+01 4.504222052027161638e+00 1.000000000000000000e+00
1.664318079020438645e+01 -1.832655214295411739e+01 4.508104804093091111e+00 1.000000000000000000e+00
1.665747905548806784e+01 -1.839261570376233479e+01 4.511937255260169977e+00 1.000000000000000000e+00
1.667177732077174923e+01 -1.845847404194545405e+01 4.515719362766362543e+00 1.000000000000000000e+00
1.668607558605543062e+01 -1.852412642266394727e+01 4.519451084411363340e+00 1.000000000000000000e+00
1.670037385133910846e+01 -1.858957211337632032e+01 4.523132378557061628e+00 1.000000000000000000e+00
1.671467211662278984e+01 -1.865481038384736223e+01 4.526763204128017470e+00 1.000000000000000000e+00
1.672897038190647123e+01 -1.871984050615614592e+01 4.530343520611907593e+00 1.000000000000000000e+00
1.674326864719015262e+01 -1.878466175470429178e+01 4.533873288059985462e+00 1.000000000000000000e+00
1.675756691247383401e+01 -1.884927340622398262e+01 4.537352467087524488e+00 1.000000000000000000e+00
1.677186517775751540e+01 -1.891367473978608871e+01 4.540781018874257668e+00 1.000000000000000000e+00
1.678616344304119323e+01 -1.897786503680814718e+01 4.544158905164810136e+00 1.000000000000000000e+00
1.680046170832487462e+01 -1.904184358106246577e+01 4.547486088269129034e+00 1.000000000000000000e+00
1.681475997360855601e+01 -1.910560965868400984e+01 4.550762531062897409e+00 1.000000000000000000e+00
1.682905823889223740e+01 -1.916916255817844927e+01 4.553988196987956982e+00 1.000000000000000000e+00
1.684335650417591879e+01 -1.923250157043007746e+01 4.557163050052708719e+00 1.000000000000000000e+00
1.685765476945959662e+01 -1.929562598870968060e+01 4.560287054832518727e+00 1.000000000000000000e+00
1.687195303474327801e+01 -1.935853510868252414e+01 4.563360176470113494e+00 1.000000000000000000e+00
1.688625130002695940e+01 -1.942122822841608354e+01 4.566382380675963581e+00 1.000000000000000000e+00
1.690054956531064079e+01 -1.948370464838795968e+01 4.569353633728675312e+00 1.000000000000000000e+00
1.691484783059432218e+01 -1.954596367149367708e+01 4.572273902475357588e+00 1.000000000000000000e+00
1.692914609587800356e+01 -1.960800460305442883e+01 4.575143154331999362e+00 1.000000000000000000e+00
1.694344436116168140e+01 -1.966982675082484988e+01 4.577961357283827581e+00 1.000000000000000000e+00
1.695774262644536279e+01 -1.973142942500078334e+01 4.580728479885669557e+00 1.000000000000000000e+00
1.697204089172904418e+01 -1.979281193822685836e+01 4.583444491262297582e+00 1.000000000000000000e+00
1.698633915701272556e+01 -1.985397360560428481e+01 4.586109361108778870e+00 1.000000000000000000e+00
1.700063742229640695e+01 -1.991491374469842768e+01 4.588723059690813066e+00 1.000000000000000000e+00
1.701493568758008479e+01 -1.997563167554642760e+01 4.591285557845059984e+00 1.000000000000000000e+00
1.702923395286376618e+01 -2.003612672066484635e+01 4.593796826979470005e+00 1.000000000000000000e+00
1.704353221814744757e+01 -2.009639820505712038e+01 4.596256839073599387e+00 1.000000000000000000e+00
1.705783048343112895e+01 -2.015644545622117079e+01 4.598665566678923788e+00 1.000000000000000000e+00
1.707212874871481034e+01 -2.021626780415689595e+01 4.601022982919149129e+00 1.000000000000000000e+00
1.708642701399849173e+01 -2.027586458137363223e+01 4.603329061490502028e+00 1.000000000000000000e+00
1.710072527928216957e+01 -2.033523512289758983e+01 4.605583776662031781e+00 1.000000000000000000e+00
1.711502354456585095e+01 -2.039437876627934187e+01 4.607787103275894580e+00 1.000000000000000000e+00
1.712932180984953234e+01 -2.045329485160109328e+01 4.609939016747632401e+00 1.000000000000000000e+00
1.714362007513321373e+01 -2.051198272148416990e+01 4.612039493066450113e+00 1.000000000000000000e+00
1.715791834041689512e+01 -2.057044172109629088e+01 4.614088508795483712e+00 1.000000000000000000e+00
1.717221660570057296e+01 -2.062867119815881978e+01 4.616086041072055224e+00 1.000000000000000000e+00
1.718651487098425434e+01 -2.068667050295420395e+01 4.618032067607939162e+00 1.000000000000000000e+00
1.720081313626793573e+01 -2.074443898833305866e+01 4.619926566689601444e+00 1.000000000000000000e+00
1.721511140155161712e+01 -2.080197600972148564e+01 4.621769517178446307e+00 1.000000000000000000e+00
1.722940966683529851e+01 -2.085928092512821053e+01 4.623560898511049899e+00 1.000000000000000000e+00
1.724370793211897990e+01 -2.091635309515178776e+01 4.625300690699391204e+00 1.000000000000000000e+00
1.725800619740265773e+01 -2.097319188298769532e+01 4.626988874331076751e+00 1.000000000000000000e+00
1.727230446268633912e+01 -2.102979665443550417e+01 4.628625430569553778e+00 1.000000000000000000e+00
1.728660272797002051e+01 -2.108616677790588412e+01 4.630210341154320730e+00 1.000000000000000000e+00
1.730090099325370190e+01 -2.114230162442767025e+01 4.631743588401133316e+00 1.000000000000000000e+00
1.731519925853738329e+01 -2.119820056765491856e+01 4.633225155202202572e+00 1.000000000000000000e+00
1.732949752382106112e+01 -2.125386298387380180e+01 4.634655025026378716e+00 1.000000000000000000e+00
1.734379578910474251e+01 -2.130928825200973620e+01 4.636033181919345658e+00 1.000000000000000000e+00
1.735809405438842390e+01 -2.136447575363412099e+01 4.637359610503792418e+00 1.000000000000000000e+00
1.737239231967210529e+01 -2.141942487297136211e+01 4.638634295979584543e+00 1.000000000000000000e+00
1.738669058495578668e+01 -2.147413499690571115e+01 4.639857224123933754e+00 1.000000000000000000e+00
1.740098885023946806e+01 -2.152860551498807951e+01 4.641028381291553373e+00 1.000000000000000000e+00
1.741528711552314590e+01 -2.158283581944288443e+01 4.642147754414810201e+00 1.000000000000000000e+00
1.742958538080682729e+01 -2.163682530517484182e+01 4.643215331003871071e+00 1.000000000000000000e+00
1.744388364609050868e+01 -2.169057336977564887e+01 4.644231099146843178e+00 1.000000000000000000e+00
1.745818191137419007e+01 -2.174407941353078400e+01 4.645195047509906416e+00 1.000000000000000000e+00
1.747248017665787145e+01 -2.179734283942615036e+01 4.646107165337438616e+00 1.000000000000000000e+00
1.748677844194154929e+01 -2.185036305315476568e+01 4.646967442452138108e+00 1.000000000000000000e+00
1.750107670722523068e+01 -2.190313946312336313e+01 4.647775869255133863e+00 1.000000000000000000e+00
1.751537497250891207e+01 -2.195567148045902073e+01 4.648532436726096506e+00 1.000000000000000000e+00
1.752967323779259345e+01 -2.200795851901571965e+01 4.649237136423335137e+00 1.000000000000000000e+00
1.754397150307627484e+01 -2.205999999538088829e+01 4.649889960483895024e+00 1.000000000000000000e+00
1.755826976835995623e+01 -2.211179532888189314e+01 4.650490901623641093e+00 1.000000000000000000e+00
1.757256803364363407e+01 -2.216334394159253662e+01 4.651039953137344973e+00 1.000000000000000000e+00
1.758686629892731546e+01 -2.221464525833954085e+01 4.651537108898754269e+00 1.000000000000000000e+00
1.760116456421099684e+01 -2.226569870670887852e+01 4.651982363360662731e+00 1.000000000000000000e+00
1.761546282949467823e+01 -2.231650371705222824e+01 4.652375711554975979e+00 1.000000000000000000e+00
1.762976109477835962e+01 -2.236705972249331253e+01 4.652717149092761240e+00 1.000000000000000000e+00
1.764405936006203746e+01 -2.241736615893421103e+01 4.653006672164297974e+00 1.000000000000000000e+00
1.765835762534571884e+01 -2.246742246506167362e+01 4.653244277539122287e+00 1.000000000000000000e+00
1.767265589062940023e+01 -2.251722808235336970e+01 4.653429962566061562e+00 1.000000000000000000e+00
1.768695415591308162e+01 -2.256678245508413738e+01 4.653563725173264665e+00 1.000000000000000000e+00
1.770125242119676301e+01 -2.261608503033214390e+01 4.653645563868225032e+00 1.000000000000000000e+00
1.771555068648044440e+01 -2.266513525798511353e+01 4.653675477737793997e+00 1.000000000000000000e+00
1.772984895176412223e+01 -2.271393259074641335e+01 4.653653466448197662e+00 1.000000000000000000e+00
1.774414721704780362e+01 -2.276247648414120661e+01 4.653579530245036011e+00 1.000000000000000000e+00
1.775844548233148501e+01 -2.281076639652247806e+01 4.653453669953278471e+00 1.000000000000000000e+00
1.777274374761516640e+01 -2.285880178907711269e+01 4.653275886977260356e+00 1.000000000000000000e+00
1.778704201289884779e+01 -2.290658212583188558e+01 4.653046183300664218e+00 1.000000000000000000e+00
1.780134027818252562e+01 -2.295410687365948021e+01 4.652764561486494088e+00 1.000000000000000000e+00
1.781563854346620701e+01 -2.300137550228438599e+01 4.652431024677055049e+00 1.000000000000000000e+00
1.782993680874988840e+01 -2.304838748428885609e+01 4.652045576593908827e+00 1.000000000000000000e+00
1.784423507403356979e+01 -2.309514229511876593e+01 4.651608221537840926e+00 1.000000000000000000e+00
1.785853333931725118e+01 -2.314163941308947514e+01 4.651118964388808230e+00 1.000000000000000000e+00
1.787283160460093256e+01 -2.318787831939166821e+01 4.650577810605882156e+00 1.000000000000000000e+00
1.788712986988461040e+01 -2.323385849809708859e+01 4.649984766227192701e+00 1.000000000000000000e+00
1.790142813516829179e+01 -2.327957943616437575e+01 4.649339837869860048e+00 1.000000000000000000e+00
1.791572640045197318e+01 -2.332504062344472473e+01 4.648643032729916413e+00 1.000000000000000000e+00
1.793002466573565457e+01 -2.337024155268759174e+01 4.647894358582232321e+00 1.000000000000000000e+00
1.794432293101933595e+01 -2.341518171954636429e+01 4.647093823780425126e+00 1.000000000000000000e+00
1.795862119630301379e+01 -2.345986062258399585e+01 4.646241437256766638e+00 1.000000000000000000e+00
1.797291946158669518e+01 -2.350427776327857998e+01 4.645337208522084538e+00 1.000000000000000000e+00
1.798721772687037657e+01 -2.354843264602892461e+01 4.644381147665655796e+00 1.000000000000000000e+00
1.800151599215405795e+01 -2.359232477816009421e+01 4.643373265355094759e+00 1.000000000000000000e+00
1.801581425743773934e+01 -2.363595366992887747e+01 4.642313572836232360e+00 1.000000000000000000e+00
1.803011252272142073e+01 -2.367931883452926911e+01 4.641202081932992662e+00 1.000000000000000000e+00
1.804441078800509857e+01 -2.372241978809789487e+01 4.640038805047258741e+00 1.000000000000000000e+00
1.805870905328877996e+01 -2.376525604971945427e+01 4.638823755158735018e+00 1.000000000000000000e+00
1.807300731857246134e+01 -2.380782714143199996e+01 4.637556945824806043e+00 1.000000000000000000e+00
1.808730558385614273e+01 -2.385013258823234850e+01 4.636238391180379281e+00 1.000000000000000000e+00
1.810160384913982412e+01 -2.389217191808133833e+01 4.634868105937731464e+00 1.000000000000000000e+00
1.811590211442350196e+01 -2.393394466190909853e+01 4.633446105386341607e+00 1.000000000000000000e+00
1.813020037970718334e+01 -2.397545035362032451e+01 4.631972405392724923e+00 1.000000000000000000e+00
1.814449864499086473e+01 -2.401668853009941884e+01 4.630447022400250745e+00 1.000000000000000000e+00
1.815879691027454612e+01 -2.405765873121569953e+01 4.628869973428960449e+00 1.000000000000000000e+00
1.817309517555822751e+01 -2.409836049982852657e+01 4.627241276075380938e+00 1.000000000000000000e+00
1.818739344084190890e+01 -2.413879338179238587e+01 4.625560948512323911e+00 1.000000000000000000e+00
1.820169170612558673e+01 -2.417895692596196611e+01 4.623829009488684250e+00 1.000000000000000000e+00
1.821598997140926812e+01 -2.421885068419722842e+01 4.622045478329233070e+00 1.000000000000000000e+00
1.823028823669294951e+01 -2.425847421136833404e+01 4.620210374934398345e+00 1.000000000000000000e+00
1.824458650197663090e+01 -2.429782706536066783e+01 4.618323719780048187e+00 1.000000000000000000e+00
1.825888476726031229e+01 -2.433690880707974458e+01 4.616385533917255479e+00 1.000000000000000000e+00
1.827318303254399012e+01 -2.437571900045613660e+01 4.614395838972067843e+00 1.000000000000000000e+00
1.828748129782767151e+01 -2.441425721245029479e+01 4.612354657145266934e+00 1.000000000000000000e+00
1.830177956311135290e+01 -2.445252301305742648e+01 4.610262011212117095e+00 1.000000000000000000e+00
1.831607782839503429e+01 -2.449051597531227031e+01 4.608117924522113995e+00 1.000000000000000000e+00
1.833037609367871568e+01 -2.452823567529384974e+01 4.605922420998720845e+00 1.000000000000000000e+00
1.834467435896239706e+01 -2.456568169213022657e+01 4.603675525139108160e+00 1.000000000000000000e+00
1.835897262424607490e+01 -2.460285360800318699e+01 4.601377262013872205e+00 1.000000000000000000e+00
1.837327088952975629e+01 -2.463975100815289920e+01 4.599027657266759661e+00 1.000000000000000000e+00
1.838756915481343768e+01 -2.467637348088255678e+01 4.596626737114382522e+00 1.000000000000000000e+00
1.840186742009711907e+01 -2.471272061756294747e+01 4.594174528345923214e+00 1.000000000000000000e+00
1.841616568538080045e+01 -2.474879201263702200e+01 4.591671058322836174e+00 1.000000000000000000e+00
1.843046395066447829e+01 -2.478458726362443443e+01 4.589116354978544088e+00 1.000000000000000000e+00
1.844476221594815968e+01 -2.482010597112602923e+01 4.586510446818121700e+00 1.000000000000000000e+00
1.845906048123184107e+01 -2.485534773882826798e+01 4.583853362917985841e+00 1.000000000000000000e+00
1.847335874651552245e+01 -2.489031217350768443e+01 4.581145132925561470e+00 1.000000000000000000e+00
1.848765701179920384e+01 -2.492499888503527217e+01 4.578385787058959266e+00 1.000000000000000000e+00
1.850195527708288523e+01 -2.495940748638081885e+01 4.575575356106631908e+00 1.000000000000000000e+00
1.851625354236656307e+01 -2.499353759361720151e+01 4.572713871427036558e+00 1.000000000000000000e+00
1.853055180765024446e+01 -2.502738882592476699e+01 4.569801364948276934e+00 1.000000000000000000e+00
1.854485007293392584e+01 -2.506096080559546735e+01 4.566837869167757802e+00 1.000000000000000000e+00
1.855914833821760723e+01 -2.509425315803712664e+01 4.563823417151812833e+00 1.000000000000000000e+00
1.857344660350128862e+01 -2.512726551177763668e+01 4.560758042535340451e+00 1.000000000000000000e+00
1.858774486878497001e+01 -2.515999749846905686e+01 4.557641779521425462e+00 1.000000000000000000e+00
1.860204313406864784e+01 -2.519244875289176733e+01 4.554474662880963365e+00 1.000000000000000000e+00
1.861634139935232923e+01 -2.522461891295851188e+01 4.551256727952265102e+00 1.000000000000000000e+00
1.863063966463601062e+01 -2.525650761971847302e+01 4.547988010640666268e+00 1.000000000000000000e+00
1.864493792991969201e+01 -2.528811451736122962e+01 4.544668547418128313e+00 1.000000000000000000e+00
1.865923619520337340e+01 -2.531943925322076794e+01 4.541298375322827319e+00 1.000000000000000000e+00
1.867353446048705123e+01 -2.535048147777939320e+01 4.537877531958745436e+00 1.000000000000000000e+00
1.868783272577073262e+01 -2.538124084467166242e+01 4.534406055495245447e+00 1.000000000000000000e+00
1.870213099105441401e+01 -2.541171701068819999e+01 4.530883984666649766e+00 1.000000000000000000e+00
1.871642925633809540e+01 -2.544190963577955245e+01 4.527311358771808791e+00 1.000000000000000000e+00
1.873072752162177679e+01 -2.547181838305999690e+01 4.523688217673658585e+00 1.000000000000000000e+00
1.874502578690545818e+01 -2.550144291881126790e+01 4.520014601798776788e+00 1.000000000000000000e+00
1.875932405218913601e+01 -2.553078291248632326e+01 4.516290552136934089e+00 1.000000000000000000e+00
1.877362231747281740e+01 -2.555983803671297849e+01 4.512516110240635037e+00 1.000000000000000000e+00
1.878792058275649879e+01 -2.558860796729760168e+01 4.508691318224654410e+00 1.000000000000000000e+00
1.880221884804018018e+01 -2.561709238322873716e+01 4.504816218765569147e+00 1.000000000000000000e+00
1.881651711332386157e+01 -2.564529096668063701e+01 4.500890855101278731e+00 1.000000000000000000e+00
1.883081537860753940e+01 -2.567320340301683146e+01 4.496915271030526462e+00 1.000000000000000000e+00
1.884511364389122079e+01 -2.570082938079370649e+01 4.492889510912405626e+00 1.000000000000000000e+00
1.885941190917490218e+01 -2.572816859176384696e+01 4.488813619665871890e+00 1.000000000000000000e+00
1.887371017445858357e+01 -2.575522073087959285e+01 4.484687642769237037e+00 1.000000000000000000e+00
1.888800843974226495e+01 -2.578198549629638237e+01 4.480511626259660929e+00 1.000000000000000000e+00
1.890230670502594634e+01 -2.580846258937612703e+01 4.476285616732640804e+00 1.000000000000000000e+00
1.891660497030962418e+01 -2.583465171469056898e+01 4.472009661341489917e+00 1.000000000000000000e+00
1.893090323559330557e+01 -2.586055258002456014e+01 4.467683807796810846e+00 1.000000000000000000e+00
1.894520150087698696e+01 -2.588616489637930229e+01 4.463308104365967033e+00 1.000000000000000000e+00
1.895949976616066834e+01 -2.591148837797561555e+01 4.458882599872535657e+00 1.000000000000000000e+00
1.897379803144434973e+01 -2.593652274225709320e+01 4.454407343695772070e+00 1.000000000000000000e+00
1.898809629672802757e+01 -2.596126770989326360e+01 4.449882385770055571e+00 1.000000000000000000e+00
1.900239456201170896e+01 -2.598572300478271657e+01 4.445307776584328074e+00 1.000000000000000000e+00
1.901669282729539034e+01 -2.600988835405616939e+01 4.440683567181536340e+00 1.000000000000000000e+00
1.903099109257907173e+01 -2.603376348807952567e+01 4.436009809158061756e+00 1.000000000000000000e+00
1.904528935786275312e+01 -2.605734814045685610e+01 4.431286554663141253e+00 1.000000000000000000e+00
1.905958762314643451e+01 -2.608064204803342534e+01 4.426513856398289093e+00 1.000000000000000000e+00
1.907388588843011235e+01 -2.610364495089856263e+01 4.421691767616706237e+00 1.000000000000000000e+00
1.908818415371379373e+01 -2.612635659238861052e+01 4.416820342122687926e+00 1.000000000000000000e+00
1.910248241899747512e+01 -2.614877671908976353e+01 4.411899634271021498e+00 1.000000000000000000e+00
1.911678068428115651e+01 -2.617090508084090317e+01 4.406929698966382425e+00 1.000000000000000000e+00
1.913107894956483790e+01 -2.619274143073640460e+01 4.401910591662718808e+00 1.000000000000000000e+00
1.914537721484851573e+01 -2.621428552512884380e+01 4.396842368362636755e+00 1.000000000000000000e+00
1.915967548013219712e+01 -2.623553712363179002e+01 4.391725085616767998e+00 1.000000000000000000e+00
1.917397374541587851e+01 -2.625649598912242766e+01 4.386558800523147283e+00 1.000000000000000000e+00
1.918827201069955990e+01 -2.627716188774420658e+01 4.381343570726572878e+00 1.000000000000000000e+00
1.920257027598324129e+01 -2.629753458890948892e+01 4.376079454417958203e+00 1.000000000000000000e+00
1.921686854126692268e+01 -2.631761386530208569e+01 4.370766510333690569e+00 1.000000000000000000e+00
1.923116680655060051e+01 -2.633739949287982185e+01 4.365404797754969479e+00 1.000000000000000000e+00
1.924546507183428190e+01 -2.635689125087700191e+01 4.359994376507148495e+00 1.000000000000000000e+00
1.925976333711796329e+01 -2.637608892180690745e+01 4.354535306959064656e+00 1.000000000000000000e+00
1.927406160240164468e+01 -2.639499229146419523e+01 4.349027650022370572e+00 1.000000000000000000e+00
1.928835986768532607e+01 -2.641360114892731659e+01 4.343471467150848753e+00 1.000000000000000000e+00
1.930265813296900390e+01 -2.643191528656083378e+01 4.337866820339730367e+00 1.000000000000000000e+00
1.931695639825268529e+01 -2.644993450001778257e+01 4.332213772124996254e+00 1.000000000000000000e+00
1.933125466353636668e+01 -2.646765858824191398e+01 4.326512385582691245e+00 1.000000000000000000e+00
1.934555292882004807e+01 -2.648508735346995380e+01 4.320762724328207405e+00 1.000000000000000000e+00
1.935985119410372945e+01 -2.650222060123380174e+01 4.314964852515586813e+00 1.000000000000000000e+00
1.937414945938741084e+01 -2.651905814036271636e+01 4.309118834836793255e+00 1.000000000000000000e+00
1.938844772467108868e+01 -2.653559978298542532e+01 4.303224736520999016e+00 1.000000000000000000e+00
1.940274598995477007e+01 -2.655184534453224998e+01 4.297282623333855689e+00 1.000000000000000000e+00
1.941704425523845146e+01 -2.656779464373713040e+01 4.291292561576755205e+00 1.000000000000000000e+00
1.943134252052213284e+01 -2.658344750263968947e+01 4.285254618086098866e+00 1.000000000000000000e+00
1.944564078580581423e+01 -2.659880374658717983e+01 4.279168860232542393e+00 1.000000000000000000e+00
1.945993905108949207e+01 -2.661386320423643781e+01 4.273035355920252520e+00 1.000000000000000000e+00
1.947423731637317346e+01 -2.662862570755584457e+01 4.266854173586140497e+00 1.000000000000000000e+00
1.948853558165685484e+01 -2.664309109182712376e+01 4.260625382199106248e+00 1.000000000000000000e+00
1.950283384694053623e+01 -2.665725919564723867e+01 4.254349051259266545e+00 1.000000000000000000e+00
1.951713211222421762e+01 -2.667112986093016147e+01 4.248025250797176966e+00 1.000000000000000000e+00
1.953143037750789901e+01 -2.668470293290865669e+01 4.241654051373053846e+00 1.000000000000000000e+00
1.954572864279157685e+01 -2.669797826013600073e+01 4.235235524075984692e+00 1.000000000000000000e+00
1.956002690807525823e+01 -2.671095569448765517e+01 4.228769740523135923e+00 1.000000000000000000e+00
1.957432517335893962e+01 -2.672363509116296143e+01 4.222256772858953511e+00 1.000000000000000000e+00
1.958862343864262101e+01 -2.673601630868670753e+01 4.215696693754359181e+00 1.000000000000000000e+00
1.960292170392630240e+01 -2.674809920891073034e+01 4.209089576405936839e+00 1.000000000000000000e+00
1.961721996920998023e+01 -2.675988365701546456e+01 4.202435494535120775e+00 1.000000000000000000e+00
1.963151823449366162e+01 -2.677136952151144200e+01 4.195734522387363441e+00 1.000000000000000000e+00
1.964581649977734301e+01 -2.678255667424075170e+01 4.188986734731318329e+00 1.000000000000000000e+00
1.966011476506102440e+01 -2.679344499037845395e+01 4.182192206858002415e+00 1.000000000000000000e+00
1.967441303034470579e+01 -2.680403434843402621e+01 4.175351014579950615e+00 1.000000000000000000e+00
1.968871129562838718e+01 -2.681432463025265278e+01 4.168463234230375569e+00 1.000000000000000000e+00
1.970300956091206501e+01 -2.682431572101660322e+01 4.161528942662313213e+00 1.000000000000000000e+00
1.971730782619574640e+01 -2.683400750924645450e+01 4.154548217247766573e+00 1.000000000000000000e+00
1.973160609147942779e+01 -2.684339988680239841e+01 4.147521135876842457e+00 1.000000000000000000e+00
1.974590435676310918e+01 -2.685249274888539261e+01 4.140447776956881931e+00 1.000000000000000000e+00
1.976020262204679057e+01 -2.686128599403835437e+01 4.133328219411583682e+00 1.000000000000000000e+00
1.977450088733046840e+01 -2.686977952414730808e+01 4.126162542680130052e+00 1.000000000000000000e+00
1.978879915261414979e+01 -2.687797324444244751e+01 4.118950826716288205e+00 1.000000000000000000e+00
1.980309741789783118e+01 -2.688586706349920874e+01 4.111693151987530825e+00 1.000000000000000000e+00
1.981739568318151257e+01 -2.689346089323930400e+01 4.104389599474131956e+00 1.000000000000000000e+00
1.983169394846519396e+01 -2.690075464893167023e+01 4.097040250668265493e+00 1.000000000000000000e+00
1.984599221374887534e+01 -2.690774824919346031e+01 4.089645187573093921e+00 1.000000000000000000e+00
1.986029047903255318e+01 -2.691444161599089924e+01 4.082204492701853482e+00 1.000000000000000000e+00
1.987458874431623457e+01 -2.692083467464020075e+01 4.074718249076935805e+00 1.000000000000000000e+00
1.988888700959991596e+01 -2.692692735380837021e+01 4.067186540228958869e+00 1.000000000000000000e+00
1.990318527488359734e+01 -2.693271958551402179e+01 4.059609450195837965e+00 1.000000000000000000e+00
1.991748354016727873e+01 -2.693821130512811379e+01 4.051987063521845123e+00 1.000000000000000000e+00
1.993178180545095657e+01 -2.694340245137469125e+01 4.044319465256668522e+00 1.000000000000000000e+00
1.994608007073463796e+01 -2.694829296633156801e+01 4.036606740954455930e+00 1.000000000000000000e+00
1.996037833601831935e+01 -2.695288279543094490e+01 4.028848976672874116e+00 1.000000000000000000e+00
1.997467660130200073e+01 -2.695717188746006698e+01 4.021046258972135412e+00 1.000000000000000000e+00
1.998897486658568212e+01 -2.696116019456174584e+01 4.013198674914039366e+00 1.000000000000000000e+00
2.000327313186936351e+01 -2.696484767223492440e+01 4.005306312060999296e+00 1.000000000000000000e+00
2.001757139715304135e+01 -2.696823427933516015e+01 3.997369258475064413e+00 1.000000000000000000e+00
2.003186966243672273e+01 -2.697131997807510473e+01 3.989387602716932157e+00 1.000000000000000000e+00
2.004616792772040412e+01 -2.697410473402488407e+01 3.981361433844976982e+00 1.000000000000000000e+00
2.006046619300408551e+01 -2.697658851611253539e+01 3.973290841414238272e+00 1.000000000000000000e+00
2.007476445828776690e+01 -2.697877129662430207e+01 3.965175915475428692e+00 1.000000000000000000e+00
2.008906272357144474e+01 -2.698065305120497470e+01 3.957016746573930988e+00 1.000000000000000000e+00
2.010336098885512612e+01 -2.698223375885817177e+01 3.948813425748781913e+00 1.000000000000000000e+00
2.011765925413880751e+01 -2.698351340194653147e+01 3.940566044531662815e+00 1.000000000000000000e+00
2.013195751942248890e+01 -2.698449196619195689e+01 3.932274694945876448e+00 1.000000000000000000e+00
2.014625578470617029e+01 -2.698516944067574741e+01 3.923939469505317579e+00 1.000000000000000000e+00
2.016055404998985168e+01 -2.698554581783870887e+01 3.915560461213443588e+00 1.000000000000000000e+00
2.017485231527352951e+01 -2.698562109348127791e+01 3.907137763562238408e+00 1.000000000000000000e+00
2.018915058055721090e+01 -2.698539526676354683e+01 3.898671470531156480e+00 1.000000000000000000e+00
2.020344884584089229e+01 -2.698486834020524938e+01 3.890161676586097794e+00 1.000000000000000000e+00
2.021774711112457368e+01 -2.698404031968577144e+01 3.881608476678331865e+00 1.000000000000000000e+00
2.023204537640825507e+01 -2.698291121444406926e+01 3.873011966243450566e+00 1.000000000000000000e+00
2.024634364169193290e+01 -2.698148103707857359e+01 3.864372241200298319e+00 1.000000000000000000e+00
2.026064190697561429e+01 -2.697974980354702268e+01 3.855689397949899178e+00 1.000000000000000000e+00
2.027494017225929568e+01 -2.697771753316632015e+01 3.846963533374390565e+00 1.000000000000000000e+00
2.028923843754297707e+01 -2.697538424861230055e+01 3.838194744835934813e+00 1.000000000000000000e+00
2.030353670282665846e+01 -2.697274997591947354e+01 3.829383130175635142e+00 1.000000000000000000e+00
2.031783496811033984e+01 -2.696981474448073612e+01 3.820528787712441865e+00 1.000000000000000000e+00
2.033213323339401768e+01 -2.696657858704706001e+01 3.811631816242062154e+00 1.000000000000000000e+00
2.034643149867769907e+01 -2.696304153972709727e+01 3.802692315035840487e+00 1.000000000000000000e+00
2.036072976396138046e+01 -2.695920364198681796e+01 3.793710383839678624e+00 1.000000000000000000e+00
2.037502802924506184e+01 -2.695506493664901981e+01 3.784686122872897407e+00 1.000000000000000000e+00
2.038932629452874323e+01 -2.695062546989288421e+01 3.775619632827131422e+00 1.000000000000000000e+00
2.040362455981242107e+01 -2.694588529125345744e+01 3.766511014865202789e+00 1.000000000000000000e+00
2.041792282509610246e+01 -2.694084445362108937e+01 3.757360370619986512e+00 1.000000000000000000e+00
2.043222109037978385e+01 -2.693550301324085439e+01 3.748167802193288267e+00 1.000000000000000000e+00
2.044651935566346523e+01 -2.692986102971190832e+01 3.738933412154696434e+00 1.000000000000000000e+00
2.046081762094714662e+01 -2.692391856598682764e+01 3.729657303540440338e+00 1.000000000000000000e+00
2.047511588623082801e+01 -2.691767568837092384e+01 3.720339579852239620e+00 1.000000000000000000e+00
2.048941415151450585e+01 -2.691113246652149016e+01 3.710980345056154039e+00 1.000000000000000000e+00
2.050371241679818723e+01 -2.690428897344700587e+01 3.701579703581406200e+00 1.000000000000000000e+00
2.051801068208186862e+01 -2.689714528550636530e+01 3.692137760319248230e+00 1.000000000000000000e+00
2.053230894736555001e+01 -2.688970148240799318e+01 3.682654620621759634e+00 1.000000000000000000e+00
2.054660721264923140e+01 -2.688195764720895653e+01 3.673130390300689108e+00 1.000000000000000000e+00
2.056090547793291279e+01 -2.687391386631405510e+01 3.663565175626270154e+00 1.000000000000000000e+00
2.057520374321659062e+01 -2.686557022947484086e+01 3.653959083326034918e+00 1.000000000000000000e+00
2.058950200850027201e+01 -2.685692682978861612e+01 3.644312220583618256e+00 1.000000000000000000e+00
2.060380027378395340e+01 -2.684798376369741746e+01 3.634624695037572906e+00 1.000000000000000000e+00
2.061809853906763479e+01 -2.683874113098692149e+01 3.624896614780160675e+00 1.000000000000000000e+00
2.063239680435131618e+01 -2.682919903478531509e+01 3.615128088356146296e+00 1.000000000000000000e+00
2.064669506963499401e+01 -2.681935758156219052e+01 3.605319224761593055e+00 1.000000000000000000e+00
2.066099333491867540e+01 -2.680921688112729484e+01 3.595470133442630001e+00 1.000000000000000000e+00
2.067529160020235679e+01 -2.679877704662937887e+01 3.585580924294256899e+00 1.000000000000000000e+00
2.068958986548603818e+01 -2.678803819455487911e+01 3.575651707659095901e+00 1.000000000000000000e+00
2.070388813076971957e+01 -2.677700044472662100e+01 3.565682594326167631e+00 1.000000000000000000e+00
2.071818639605340095e+01 -2.676566392030252217e+01 3.555673695529657063e+00 1.000000000000000000e+00
2.073248466133707879e+01 -2.675402874777417139e+01 3.545625122947672292e+00 1.000000000000000000e+00
2.074678292662076018e+01 -2.674209505696543943e+01 3.535536988700990424e+00 1.000000000000000000e+00
2.076108119190444157e+01 -2.672986298103103664e+01 3.525409405351818570e+00 1.000000000000000000e+00
2.077537945718812296e+01 -2.671733265645501376e+01 3.515242485902531300e+00 1.000000000000000000e+00
2.078967772247180434e+01 -2.670450422304925198e+01 3.505036343794410314e+00 1.000000000000000000e+00
2.080397598775548218e+01 -2.669137782395189973e+01 3.494791092906382346e+00 1.000000000000000000e+00
2.081827425303916357e+01 -2.667795360562572782e+01 3.484506847553732634e+00 1.000000000000000000e+00
2.083257251832284496e+01 -2.666423171785660884e+01 3.474183722486860137e+00 1.000000000000000000e+00
2.084687078360652635e+01 -2.665021231375171951e+01 3.463821832889967922e+00 1.000000000000000000e+00
2.086116904889020773e+01 -2.663589554973791351e+01 3.453421294379791284e+00 1.000000000000000000e+00
2.087546731417388912e+01 -2.662128158555994872e+01 3.442982223004305009e+00 1.000000000000000000e+00
2.088976557945756696e+01 -2.660637058427870372e+01 3.432504735241433291e+00 1.000000000000000000e+00
2.090406384474124835e+01 -2.659116271226935524e+01 3.421988947997736119e+00 1.000000000000000000e+00
2.091836211002492973e+01 -2.657565813921954501e+01 3.411434978607123636e+00 1.000000000000000000e+00
2.093266037530861112e+01 -2.655985703812745768e+01 3.400842944829534531e+00 1.000000000000000000e+00
2.094695864059229251e+01 -2.654375958529990598e+01 3.390212964849626420e+00 1.000000000000000000e+00
2.096125690587597035e+01 -2.652736596035036243e+01 3.379545157275457345e+00 1.000000000000000000e+00
2.097555517115965174e+01 -2.651067634619694147e+01 3.368839641137154395e+00 1.000000000000000000e+00
2.098985343644333312e+01 -2.649369092906038148e+01 3.358096535885596978e+00 1.000000000000000000e+00
2.100415170172701451e+01 -2.647640989846195936e+01 3.347315961391085448e+00 1.000000000000000000e+00
2.101844996701069590e+01 -2.645883344722136243e+01 3.336498037941988404e+00 1.000000000000000000e+00
2.103274823229437729e+01 -2.644096177145455329e+01 3.325642886243412644e+00 1.000000000000000000e+00
2.104704649757805512e+01 -2.642279507057156351e+01 3.314750627415858020e+00 1.000000000000000000e+00
2.106134476286173651e+01 -2.640433354727428750e+01 3.303821382993849642e+00 1.000000000000000000e+00
2.107564302814541790e+01 -2.638557740755422287e+01 3.292855274924604725e+00 1.000000000000000000e+00
2.108994129342909929e+01 -2.636652686069013285e+01 3.281852425566656350e+00 1.000000000000000000e+00
2.110423955871278068e+01 -2.634718211924578668e+01 3.270812957688492784e+00 1.000000000000000000e+00
2.111853782399645851e+01 -2.632754339906750118e+01 3.259736994467191007e+00 1.000000000000000000e+00
2.113283608928013990e+01 -2.630761091928178175e+01 3.248624659487029387e+00 1.000000000000000000e+00
2.114713435456382129e+01 -2.628738490229287805e+01 3.237476076738123432e+00 1.000000000000000000e+00
2.116143261984750268e+01 -2.626686557378029363e+01 3.226291370615043341e+00 1.000000000000000000e+00
2.117573088513118407e+01 -2.624605316269626698e+01 3.215070665915412018e+00 1.000000000000000000e+00
2.119002915041486546e+01 -2.622494790126320297e+01 3.203814087838520841e+00 1.000000000000000000e+00
2.120432741569854329e+01 -2.620355002497112196e+01 3.192521761983937001e+00 1.000000000000000000e+00
2.121862568098222468e+01 -2.618185977257497044e+01 3.181193814350086413e+00 1.000000000000000000e+00
2.123292394626590607e+01 -2.615987738609202395e+01 3.169830371332869490e+00 1.000000000000000000e+00
2.124722221154958746e+01 -2.613760311079914089e+01 3.158431559724235616e+00 1.000000000000000000e+00
2.126152047683326884e+01 -2.611503719523004108e+01 3.146997506710772718e+00 1.000000000000000000e+00
2.127581874211694668e+01 -2.609217989117254533e+01 3.135528339872292403e+00 1.000000000000000000e+00
2.129011700740062807e+01 -2.606903145366573327e+01 3.124024187180391543e+00 1.000000000000000000e+00
2.130441527268430946e+01 -2.604559214099711895e+01 3.112485176997041858e+00 1.000000000000000000e+00
2.131871353796799085e+01 -2.602186221469978733e+01 3.100911438073156834e+00 1.000000000000000000e+00
2.133301180325167223e+01 -2.599784193954943845e+01 3.089303099547140441e+00 1.000000000000000000e+00
2.134731006853535362e+01 -2.597353158356144931e+01 3.077660290943456278e+00 1.000000000000000000e+00
2.136160833381903146e+01 -2.594893141798790381e+01 3.065983142171186948e+00 1.000000000000000000e+00
2.137590659910271285e+01 -2.592404171731450901e+01 3.054271783522566341e+00 1.000000000000000000e+00
2.139020486438639423e+01 -2.589886275925761794e+01 3.042526345671548782e+00 1.000000000000000000e+00
2.140450312967007562e+01 -2.587339482476103569e+01 3.030746959672337759e+00 1.000000000000000000e+00
2.141880139495375701e+01 -2.584763819799297124e+01 3.018933756957924874e+00 1.000000000000000000e+00
2.143309966023743485e+01 -2.582159316634281865e+01 3.007086869338628787e+00 1.000000000000000000e+00
2.144739792552111624e+01 -2.579526002041793120e+01 2.995206429000610626e+00 1.000000000000000000e+00
2.146169619080479762e+01 -2.576863905404043464e+01 2.983292568504414266e+00 1.000000000000000000e+00
2.147599445608847901e+01 -2.574173056424392314e+01 2.971345420783489288e+00 1.000000000000000000e+00
2.149029272137216040e+01 -2.571453485127013394e+01 2.959365119142689959e+00 1.000000000000000000e+00
2.150459098665584179e+01 -2.568705221856560428e+01 2.947351797256801742e+00 1.000000000000000000e+00
2.151888925193951962e+01 -2.565928297277830339e+01 2.935305589169048268e+00 1.000000000000000000e+00
2.153318751722320101e+01 -2.563122742375416152e+01 2.923226629289584988e+00 1.000000000000000000e+00
2.154748578250688240e+01 -2.560288588453367709e+01 2.911115052394017244e+00 1.000000000000000000e+00
2.156178404779056379e+01 -2.557425867134838882e+01 2.898970993621883707e+00 1.000000000000000000e+00
2.157608231307424518e+01 -2.554534610361734437e+01 2.886794588475152690e+00 1.000000000000000000e+00
2.159038057835792301e+01 -2.551614850394354761e+01 2.874585972816711354e+00 1.000000000000000000e+00
2.160467884364160440e+01 -2.548666619811034550e+01 2.862345282868839380e+00 1.000000000000000000e+00
2.161897710892528579e+01 -2.545689951507781146e+01 2.850072655211703943e+00 1.000000000000000000e+00
2.163327537420896718e+01 -2.542684878697907536e+01 2.837768226781836045e+00 1.000000000000000000e+00
2.164757363949264857e+01 -2.539651434911660033e+01 2.825432134870585088e+00 1.000000000000000000e+00
2.166187190477632996e+01 -2.536589653995843108e+01 2.813064517122602304e+00 1.000000000000000000e+00
2.167617017006000779e+01 -2.533499570113446708e+01 2.800665511534302876e+00 1.000000000000000000e+00
2.169046843534368918e+01 -2.530381217743259370e+01 2.788235256452315181e+00 1.000000000000000000e+00
2.170476670062737057e+01 -2.527234631679487009e+01 2.775773890571954450e+00 1.000000000000000000e+00
2.171906496591105196e+01 -2.524059847031364612e+01 2.763281552935663132e+00 1.000000000000000000e+00
2.173336323119473334e+01 -2.520856899222762237e+01 2.750758382931463242e+00 1.000000000000000000e+00
2.174766149647841118e+01 -2.517625823991792799e+01 2.738204520291404709e+00 1.000000000000000000e+00
2.176195976176209257e+01 -2.514366657390408477e+01 2.725620105089990641e+00 1.000000000000000000e+00
2.177625802704577396e+01 -2.511079435784005653e+01 2.713005277742638111e+00 1.000000000000000000e+00
2.179055629232945535e+01 -2.507764195851011380e+01 2.700360179004090977e+00 1.000000000000000000e+00
2.180485455761313673e+01 -2.504420974582481918e+01 2.687684949966868242e+00 1.000000000000000000e+00
2.181915282289681812e+01 -2.501049809281682812e+01 2.674979732059668880e+00 1.000000000000000000e+00
2.183345108818049596e+01 -2.497650737563677126e+01 2.662244667045812196e+00 1.000000000000000000e+00
2.184774935346417735e+01 -2.494223797354902672e+01 2.649479897021635111e+00 1.000000000000000000e+00
2.186204761874785873e+01 -2.490769026892753146e+01 2.636685564414932958e+00 1.000000000000000000e+00
2.187634588403154012e+01 -2.487286464725147539e+01 2.623861811983351000e+00 1.000000000000000000e+00
2.189064414931522151e+01 -2.483776149710101677e+01 2.611008782812798579e+00 1.000000000000000000e+00
2.190494241459889935e+01 -2.480238121015294084e+01 2.598126620315854396e+00 1.000000000000000000e+00
2.191924067988258074e+01 -2.476672418117629348e+01 2.585215468230153135e+00 1.000000000000000000e+00
2.193353894516626212e+01 -2.473079080802797236e+01 2.572275470616802284e+00 1.000000000000000000e+00
2.194783721044994351e+01 -2.469458149164828598e+01 2.559306771858757212e+00 1.000000000000000000e+00
2.196213547573362490e+01 -2.465809663605651991e+01 2.546309516659228223e+00 1.000000000000000000e+00
2.197643374101730629e+01 -2.462133664834635027e+01 2.533283850040044083e+00 1.000000000000000000e+00
2.199073200630098412e+01 -2.458430193868136726e+01 2.520229917340051973e+00 1.000000000000000000e+00
2.200503027158466551e+01 -2.454699292029045665e+01 2.507147864213477462e+00 1.000000000000000000e+00
2.201932853686834690e+01 -2.450941000946323456e+01 2.494037836628322236e+00 1.000000000000000000e+00
2.203362680215202829e+01 -2.447155362554535785e+01 2.480899980864719634e+00 1.000000000000000000e+00
2.204792506743570968e+01 -2.443342419093386297e+01 2.467734443513306175e+00 1.000000000000000000e+00
2.206222333271938751e+01 -2.439502213107248707e+01 2.454541371473589972e+00 1.000000000000000000e+00
2.207652159800306890e+01 -2.435634787444682914e+01 2.441320911952297390e+00 1.000000000000000000e+00
2.209081986328675029e+01 -2.431740185257967113e+01 2.428073212461751673e+00 1.000000000000000000e+00
2.210511812857043168e+01 -2.427818450002609652e+01 2.414798420818209834e+00 1.000000000000000000e+00
2.211941639385411307e+01 -2.423869625436869768e+01 2.401496685140229292e+00 1.000000000000000000e+00
2.213371465913779446e+01 -2.419893755621261988e+01 2.388168153846995878e+00 1.000000000000000000e+00
2.214801292442147229e+01 -2.415890884918071890e+01 2.374812975656685587e+00 1.000000000000000000e+00
2.216231118970515368e+01 -2.411861057990854107e+01 2.361431299584785926e+00 1.000000000000000000e+00
2.217660945498883507e+01 -2.407804319803939919e+01 2.348023274942454997e+00 1.000000000000000000e+00
2.219090772027251646e+01 -2.403720715621934545e+01 2.334589051334841514e+00 1.000000000000000000e+00
2.220520598555619785e+01 -2.399610291009208041e+01 2.321128778659420355e+00 1.000000000000000000e+00
2.221950425083987568e+01 -2.395473091829391876e+01 2.307642607104320565e+00 1.000000000000000000e+00
2.223380251612355707e+01 -2.391309164244862373e+01 2.294130687146638703e+00 1.000000000000000000e+00
2.224810078140723846e+01 -2.387118554716229823e+01 2.280593169550778843e+00 1.000000000000000000e+00
2.226239904669091985e+01 -2.382901310001818374e+01 2.267030205366754370e+00 1.000000000000000000e+00
2.227669731197460123e+01 -2.378657477157146616e+01 2.253441945928516876e+00 1.000000000000000000e+00
2.229099557725828262e+01 -2.374387103534396815e+01 2.239828542852251747e+00 1.000000000000000000e+00
2.230529384254196046e+01 -2.370090236781892656e+01 2.226190148034699057e+00 1.000000000000000000e+00
2.231959210782564185e+01 -2.365766924843561725e+01 2.212526913651444271e+00 1.000000000000000000e+00
2.233389037310932324e+01 -2.361417215958406857e+01 2.198838992155239591e+00 1.000000000000000000e+00
2.234818863839300462e+01 -2.357041158659963642e+01 2.185126536274291098e+00 1.000000000000000000e+00
2.236248690367668601e+01 -2.352638801775762190e+01 2.171389699010554342e+00 1.000000000000000000e+00
2.237678516896036385e+01 -2.348210194426777520e+01 2.157628633638034810e+00 1.000000000000000000e+00
2.239108343424404524e+01 -2.343755386026884580e+01 2.143843493701060865e+00 1.000000000000000000e+00
2.240538169952772662e+01 -2.339274426282307928e+01 2.130034433012593098e+00 1.000000000000000000e+00
2.241967996481140801e+01 -2.334767365191063959e+01 2.116201605652489270e+00 1.000000000000000000e+00
2.243397823009508940e+01 -2.330234253042407744e+01 2.102345165965804785e+00 1.000000000000000000e+00
2.244827649537877079e+01 -2.325675140416267084e+01 2.088465268561046084e+00 1.000000000000000000e+00
2.246257476066244863e+01 -2.321090078182679761e+01 2.074562068308466678e+00 1.000000000000000000e+00
2.247687302594613001e+01 -2.316479117501225105e+01 2.060635720338319210e+00 1.000000000000000000e+00
2.249117129122981140e+01 -2.311842309820456620e+01 2.046686380039146602e+00 1.000000000000000000e+00
2.250546955651349279e+01 -2.307179706877324676e+01 2.032714203056033675e+00 1.000000000000000000e+00
2.251976782179717418e+01 -2.302491360696599898e+01 2.018719345288874312e+00 1.000000000000000000e+00
2.253406608708085557e+01 -2.297777323590293364e+01 2.004701962890632405e+00 1.000000000000000000e+00
2.254836435236453340e+01 -2.293037648157073249e+01 1.990662212265602582e+00 1.000000000000000000e+00
2.256266261764821479e+01 -2.288272387281672948e+01 1.976600250067649389e+00 1.000000000000000000e+00
2.257696088293189618e+01 -2.283481594134308779e+01 1.962516233198479787e+00 1.000000000000000000e+00
2.259125914821557757e+01 -2.278665322170084551e+01 1.948410318805891661e+00 1.000000000000000000e+00
2.260555741349925896e+01 -2.273823625128391868e+01 1.934282664282001241e+00 1.000000000000000000e+00
2.261985567878293679e+01 -2.268956557032311849e+01 1.920133427261506709e+00 1.000000000000000000e+00
2.263415394406661818e+01 -2.264064172188011881e+01 1.905962765619908739e+00 1.000000000000000000e+00
2.264845220935029957e+01 -2.259146525184143073e+01 1.891770837471774103e+00 1.000000000000000000e+00
2.266275047463398096e+01 -2.254203670891226707e+01 1.877557801168953766e+00 1.000000000000000000e+00
2.267704873991766235e+01 -2.249235664461045303e+01 1.863323815298821406e+00 1.000000000000000000e+00
2.269134700520134373e+01 -2.244242561326025509e+01 1.849069038682504162e+00 1.000000000000000000e+00
2.270564527048502157e+01 -2.239224417198622064e+01 1.834793630373112494e+00 1.000000000000000000e+00
2.271994353576870296e+01 -2.234181288070688609e+01 1.820497749653952058e+00 1.000000000000000000e+00
2.273424180105238435e+01 -2.229113230212863428e+01 1.806181556036768887e+00 1.000000000000000000e+00
2.274854006633606573e+01 -2.224020300173933862e+01 1.791845209259949501e+00 1.000000000000000000e+00
2.276283833161974712e+01 -2.218902554780212100e+01 1.777488869286759199e+00 1.000000000000000000e+00
2.277713659690342496e+01 -2.213760051134894979e+01 1.763112696303536842e+00 1.000000000000000000e+00
2.279143486218710635e+01 -2.208592846617424854e+01 1.748716850717908944e+00 1.000000000000000000e+00
2.280573312747078774e+01 -2.203400998882858275e+01 1.734301493157016871e+00 1.000000000000000000e+00
2.282003139275446912e+01 -2.198184565861217266e+01 1.719866784465710730e+00 1.000000000000000000e+00
2.283432965803815051e+01 -2.192943605756843084e+01 1.705412885704758796e+00 1.000000000000000000e+00
2.284862792332183190e+01 -2.187678177047746431e+01 1.690939958149049627e+00 1.000000000000000000e+00
2.286292618860550974e+01 -2.182388338484958368e+01 1.676448163285796378e+00 1.000000000000000000e+00
2.287722445388919112e+01 -2.177074149091867383e+01 1.661937662812720262e+00 1.000000000000000000e+00
2.289152271917287251e+01 -2.171735668163569599e+01 1.647408618636268640e+00 1.000000000000000000e+00
2.290582098445655390e+01 -2.166372955266201572e+01 1.632861192869789813e+00 1.000000000000000000e+00
2.292011924974023529e+01 -2.160986070236280199e+01 1.618295547831743342e+00 1.000000000000000000e+00
2.293441751502391313e+01 -2.155575073180029477e+01 1.603711846043869294e+00 1.000000000000000000e+00
2.294871578030759451e+01 -2.150140024472711175e+01 1.589110250229375243e+00 1.000000000000000000e+00
2.296301404559127590e+01 -2.144680984757955500e+01 1.574490923311139934e+00 1.000000000000000000e+00
2.297731231087495729e+01 -2.139198014947079329e+01 1.559854028409879190e+00 1.000000000000000000e+00
2.299161057615863868e+01 -2.133691176218410845e+01 1.545199728842330922e+00 1.000000000000000000e+00
2.300590884144232007e+01 -2.128160530016603147e+01 1.530528188119432365e+00 1.000000000000000000e+00
2.302020710672599790e+01 -2.122606138051951419e+01 1.515839569944498644e+00 1.000000000000000000e+00
2.303450537200967929e+01 -2.117028062299700863e+01 1.501134038211382249e+00 1.000000000000000000e+00
2.304880363729336068e+01 -2.111426364999360317e+01 1.486411757002666034e+00 1.000000000000000000e+00
2.306310190257704207e+01 -2.105801108654002718e+01 1.471672890587814475e+00 1.000000000000000000e+00
2.307740016786072346e+01 -2.100152356029573397e+01 1.456917603421358898e+00 1.000000000000000000e+00
2.309169843314440129e+01 -2.094480170154185927e+01 1.442146060141044073e+00 1.000000000000000000e+00
2.310599669842808268e+01 -2.088784614317412647e+01 1.427358425565990352e+00 1.000000000000000000e+00
2.312029496371176407e+01 -2.083065752069594012e+01 1.412554864694874901e+00 1.000000000000000000e+00
2.313459322899544546e+01 -2.077323647221115621e+01 1.397735542704074518e+00 1.000000000000000000e+00
2.314889149427912685e+01 -2.071558363841701933e+01 1.382900624945826884e+00 1.000000000000000000e+00
2.316318975956280823e+01 -2.065769966259702528e+01 1.368050276946385146e+00 1.000000000000000000e+00
2.317748802484648607e+01 -2.059958519061372328e+01 1.353184664404175175e+00 1.000000000000000000e+00
2.319178629013016746e+01 -2.054124087090146489e+01 1.338303953187931716e+00 1.000000000000000000e+00
2.320608455541384885e+01 -2.048266735445927367e+01 1.323408309334869193e+00 1.000000000000000000e+00
2.322038282069753024e+01 -2.042386529484348401e+01 1.308497899048812085e+00 1.000000000000000000e+00
2.323468108598121162e+01 -2.036483534816052909e+01 1.293572888698357737e+00 1.000000000000000000e+00
2.324897935126488946e+01 -2.030557817305956192e+01 1.278633444815002518e+00 1.000000000000000000e+00
2.326327761654857085e+01 -2.024609443072508341e+01 1.263679734091281537e+00 1.000000000000000000e+00
2.327757588183225224e+01 -2.018638478486965226e+01 1.248711923378929667e+00 1.000000000000000000e+00
2.329187414711593362e+01 -2.012644990172641002e+01 1.233730179687004380e+00 1.000000000000000000e+00
2.330617241239961501e+01 -2.006629045004168788e+01 1.218734670180025015e+00 1.000000000000000000e+00
2.332047067768329640e+01 -2.000590710106750691e+01 1.203725562176108710e+00 1.000000000000000000e+00
2.333476894296697424e+01 -1.994530052855413160e+01 1.188703023145107007e+00 1.000000000000000000e+00
2.334906720825065563e+01 -1.988447140874247765e+01 1.173667220706720915e+00 1.000000000000000000e+00
2.336336547353433701e+01 -1.982342042035667617e+01 1.158618322628655051e+00 1.000000000000000000e+00
2.337766373881801840e+01 -1.976214824459638919e+01 1.143556496824725821e+00 1.000000000000000000e+00
2.339196200410169979e+01 -1.970065556512932403e+01 1.128481911353007572e+00 1.000000000000000000e+00
2.340626026938537763e+01 -1.963894306808350976e+01 1.113394734413937659e+00 1.000000000000000000e+00
2.342055853466905901e+01 -1.957701144203963750e+01 1.098295134348439062e+00 1.000000000000000000e+00
2.343485679995274040e+01 -1.951486137802346477e+01 1.083183279636062979e+00 1.000000000000000000e+00
2.344915506523642179e+01 -1.945249356949802788e+01 1.068059338893092569e+00 1.000000000000000000e+00
2.346345333052010318e+01 -1.938990871235594682e+01 1.052923480870665340e+00 1.000000000000000000e+00
2.347775159580378457e+01 -1.932710750491163409e+01 1.037775874452890212e+00 1.000000000000000000e+00
2.349204986108746240e+01 -1.926409064789353565e+01 1.022616688654967243e+00 1.000000000000000000e+00
2.350634812637114379e+01 -1.920085884443622959e+01 1.007446092621286260e+00 1.000000000000000000e+00
2.352064639165482518e+01 -1.913741280007270618e+01 9.922642556235629074e-01 1.000000000000000000e+00
2.353494465693850657e+01 -1.907375322272638485e+01 9.770713470589302840e-01 1.000000000000000000e+00
2.354924292222218796e+01 -1.900988082270330892e+01 9.618675364480685497e-01 1.000000000000000000e+00
2.356354118750586579e+01 -1.894579631268415199e+01 9.466529934332937879e-01 1.000000000000000000e+00
2.357783945278954718e+01 -1.888150040771624205e+01 9.314278877766646314e-01 1.000000000000000000e+00
2.359213771807322857e+01 -1.881699382520567809e+01 9.161923893581088718e-01 1.000000000000000000e+00
2.360643598335690996e+01 -1.875227728490926182e+01 9.009466681735113225e-01 1.000000000000000000e+00
2.362073424864059135e+01 -1.868735150892646857e+01 8.856908943328212214e-01 1.000000000000000000e+00
2.363503251392427273e+01 -1.862221722169141458e+01 8.704252380581537496e-01 1.000000000000000000e+00
2.364933077920795057e+01 -1.855687514996477461e+01 8.551498696818958800e-01 1.000000000000000000e+00
2.366362904449163196e+01 -1.849132602282559290e+01 8.398649596447885779e-01 1.000000000000000000e+00
2.367792730977531335e+01 -1.842557057166327894e+01 8.245706784940493028e-01 1.000000000000000000e+00
2.369222557505899474e+01 -1.835960953016936514e+01 8.092671968814539873e-01 1.000000000000000000e+00
2.370652384034267612e+01 -1.829344363432930365e+01 7.939546855614315612e-01 1.000000000000000000e+00
2.372082210562635396e+01 -1.822707362241437679e+01 7.786333153891799030e-01 1.000000000000000000e+00
2.373512037091003535e+01 -1.816050023497324517e+01 7.633032573187182868e-01 1.000000000000000000e+00
2.374941863619371674e+01 -1.809372421482389726e+01 7.479646824010213191e-01 1.000000000000000000e+00
2.376371690147739812e+01 -1.802674630704524716e+01 7.326177617820889276e-01 1.000000000000000000e+00
2.377801516676107951e+01 -1.795956725896884265e+01 7.172626667010414403e-01 1.000000000000000000e+00
2.379231343204476090e+01 -1.789218782017054110e+01 7.018995684882092245e-01 1.000000000000000000e+00
2.380661169732843874e+01 -1.782460874246214644e+01 6.865286385632244359e-01 1.000000000000000000e+00
2.382090996261212013e+01 -1.775683077988295722e+01 6.711500484330925609e-01 1.000000000000000000e+00
2.383520822789580151e+01 -1.768885468869146749e+01 6.557639696903025950e-01 1.000000000000000000e+00
2.384950649317948290e+01 -1.762068122735683318e+01 6.403705740108965871e-01 1.000000000000000000e+00
2.386380475846316429e+01 -1.755231115655044505e+01 6.249700331525546160e-01 1.000000000000000000e+00
2.387810302374684213e+01 -1.748374523913749101e+01 6.095625189526974186e-01 1.000000000000000000e+00
2.389240128903052351e+01 -1.741498424016829816e+01 5.941482033265292895e-01 1.000000000000000000e+00
2.390669955431420490e+01 -1.734602892686995190e+01 5.787272582651603603e-01 1.000000000000000000e+00
2.392099781959788629e+01 -1.727688006863767001e+01 5.632998558336668182e-01 1.000000000000000000e+00
2.393529608488156768e+01 -1.720753843702620856e+01 5.478661681691758822e-01 1.000000000000000000e+00
2.394959435016524907e+01 -1.713800480574126439e+01 5.324263674789443401e-01 1.000000000000000000e+00
2.396389261544892690e+01 -1.706827995063088110e+01 5.169806260384417484e-01 1.000000000000000000e+00
2.397819088073260829e+01 -1.699836464967668093e+01 5.015291161894112060e-01 1.000000000000000000e+00
2.399248914601628968e+01 -1.692825968298532047e+01 4.860720103379717050e-01 1.000000000000000000e+00
2.400678741129997107e+01 -1.685796583277970484e+01 4.706094809526774059e-01 1.000000000000000000e+00
2.402108567658365246e+01 -1.678748388339026221e+01 4.551417005625935652e-01 1.000000000000000000e+00
2.403538394186733029e+01 -1.671681462124628581e+01 4.396688417553920036e-01 1.000000000000000000e+00
2.404968220715101168e+01 -1.664595883486695982e+01 4.241910771753844012e-01 1.000000000000000000e+00
2.406398047243469307e+01 -1.657491731485276176e+01 4.087085795216365280e-01 1.000000000000000000e+00
2.407827873771837446e+01 -1.650369085387656654e+01 3.932215215460214686e-01 1.000000000000000000e+00
2.409257700300205585e+01 -1.643228024667476106e+01 3.777300760512957711e-01 1.000000000000000000e+00
2.410687526828573723e+01 -1.636068629003844066e+01 3.622344158891711574e-01 1.000000000000000000e+00
2.412117353356941507e+01 -1.628890978280450597e+01 3.467347139583906723e-01 1.000000000000000000e+00
2.413547179885309646e+01 -1.621695152584667099e+01 3.312311432027821301e-01 1.000000000000000000e+00
2.414977006413677785e+01 -1.614481232206665240e+01 3.157238766093539151e-01 1.000000000000000000e+00
2.416406832942045924e+01 -1.607249297638513852e+01 3.002130872063477618e-01 1.000000000000000000e+00
2.417836659470414062e+01 -1.599999429573278498e+01 2.846989480613085766e-01 1.000000000000000000e+00
2.419266485998781846e+01 -1.592731708904134180e+01 2.691816322791736882e-01 1.000000000000000000e+00
2.420696312527149985e+01 -1.585446216723439861e+01 2.536613130003002592e-01 1.000000000000000000e+00
2.422126139055518124e+01 -1.578143034321855076e+01 2.381381633985745205e-01 1.000000000000000000e+00
2.423555965583886262e+01 -1.570822243187424228e+01 2.226123566794591113e-01 1.000000000000000000e+00
2.424985792112254401e+01 -1.563483925004665487e+01 2.070840660780643716e-01 1.000000000000000000e+00
2.426415618640622540e+01 -1.556128161653663611e+01 1.915534648572156107e-01 1.000000000000000000e+00
2.427845445168990324e+01 -1.548755035209155828e+01 1.760207263055237614e-01 1.000000000000000000e+00
2.429275271697358463e+01 -1.541364627939608312e+01 1.604860237354355512e-01 1.000000000000000000e+00
2.430705098225726601e+01 -1.533957022306311480e+01 1.449495304813243068e-01 1.000000000000000000e+00
2.432134924754094740e+01 -1.526532300962450783e+01 1.294114198975395147e-01 1.000000000000000000e+00
2.433564751282462879e+01 -1.519090546752184068e+01 1.138718653564724653e-01 1.000000000000000000e+00
2.434994577810830663e+01 -1.511631842709729057e+01 9.833104024664254816e-02 1.000000000000000000e+00
2.436424404339198801e+01 -1.504156272058414245e+01 8.278911797072113776e-02 1.000000000000000000e+00
2.437854230867566940e+01 -1.496663918209773136e+01 6.724627194363823335e-02 1.000000000000000000e+00
2.439284057395935079e+01 -1.489154864762600994e+01 5.170267559062678708e-02 1.000000000000000000e+00
2.440713883924303218e+01 -1.481629195502026164e+01 3.615850234529179724e-02 1.000000000000000000e+00
2.442143710452671357e+01 -1.474086994398574468e+01 2.061392564767518601e-02 1.000000000000000000e+00
2.443573536981039140e+01 -1.466528345607232175e+01 5.069118942324648061e-03 1.000000000000000000e+00
2.445003363509407279e+01 -1.458953333466503111e+01 -1.047574432365810417e-02 1.000000000000000000e+00
2.446433190037775418e+01 -1.451362042497476601e+01 -2.602049070252786603e-02 1.000000000000000000e+00
2.447863016566143557e+01 -1.443754557402876593e+01 -4.156494674784778215e-02 1.000000000000000000e+00
2.449292843094511696e+01 -1.436130963066118227e+01 -5.710893901642462994e-02 1.000000000000000000e+00
2.450722669622879835e+01 -1.428491344550366549e+01 -7.265229407022756603e-02 1.000000000000000000e+00
2.452152496151247618e+01 -1.420835787097579761e+01 -8.819483847834395929e-02 1.000000000000000000e+00
2.453582322679615757e+01 -1.413164376127555322e+01 -1.037363988189145408e-01 1.000000000000000000e+00
2.455012149207983896e+01 -1.405477197236990250e+01 -1.192768016810477893e-01 1.000000000000000000e+00
2.456441975736352035e+01 -1.397774336198514433e+01 -1.348158736667712521e-01 1.000000000000000000e+00
2.457871802264720174e+01 -1.390055878959737967e+01 -1.503534413929622782e-01 1.000000000000000000e+00
2.459301628793087957e+01 -1.382321911642293699e+01 -1.658893314932784746e-01 1.000000000000000000e+00
2.460731455321456096e+01 -1.374572520540867693e+01 -1.814233706201085206e-01 1.000000000000000000e+00
2.462161281849824235e+01 -1.366807792122248877e+01 -1.969553854464816678e-01 1.000000000000000000e+00
2.463591108378192374e+01 -1.359027813024356668e+01 -2.124852026680182360e-01 1.000000000000000000e+00
2.465020934906560512e+01 -1.351232670055275165e+01 -2.280126490048590970e-01 1.000000000000000000e+00
2.466450761434928651e+01 -1.343422450192282547e+01 -2.435375512036033752e-01 1.000000000000000000e+00
2.467880587963296435e+01 -1.335597240580893263e+01 -2.590597360392208337e-01 1.000000000000000000e+00
2.469310414491664574e+01 -1.327757128533861319e+01 -2.745790303170259627e-01 1.000000000000000000e+00
2.470740241020032713e+01 -1.319902201530229569e+01 -2.900952608745693828e-01 1.000000000000000000e+00
2.472170067548400851e+01 -1.312032547214342237e+01 -3.056082545835903663e-01 1.000000000000000000e+00
2.473599894076768990e+01 -1.304148253394868462e+01 -3.211178383519445179e-01 1.000000000000000000e+00
2.475029720605136774e+01 -1.296249408043826890e+01 -3.366238391255311768e-01 1.000000000000000000e+00
2.476459547133504913e+01 -1.288336099295592341e+01 -3.521260838902405821e-01 1.000000000000000000e+00
2.477889373661873051e+01 -1.280408415445927872e+01 -3.676243996738596809e-01 1.000000000000000000e+00
2.479319200190241190e+01 -1.272466444950989661e+01 -3.831186135480186827e-01 1.000000000000000000e+00
2.480749026718609329e+01 -1.264510276426343260e+01 -3.986085526301165194e-01 1.000000000000000000e+00
2.482178853246977468e+01 -1.256539998645970613e+01 -4.140940440852536319e-01 1.000000000000000000e+00
2.483608679775345252e+01 -1.248555700541293234e+01 -4.295749151281403888e-01 1.000000000000000000e+00
2.485038506303713390e+01 -1.240557471200156314e+01 -4.450509930250655666e-01 1.000000000000000000e+00
2.486468332832081529e+01 -1.232545399865856162e+01 -4.605221050957830076e-01 1.000000000000000000e+00
2.487898159360449668e+01 -1.224519575936134785e+01 -4.759880787154587845e-01 1.000000000000000000e+00
2.489327985888817807e+01 -1.216480088962183892e+01 -4.914487413165930518e-01 1.000000000000000000e+00
2.490757812417185590e+01 -1.208427028647648171e+01 -5.069039203909417868e-01 1.000000000000000000e+00
2.492187638945553729e+01 -1.200360484847615439e+01 -5.223534434914575142e-01 1.000000000000000000e+00
2.493617465473921868e+01 -1.192280547567626847e+01 -5.377971382341896200e-01 1.000000000000000000e+00
2.495047292002290007e+01 -1.184187306962664366e+01 -5.532348323002230783e-01 1.000000000000000000e+00
2.496477118530658146e+01 -1.176080853336147669e+01 -5.686663534375983042e-01 1.000000000000000000e+00
2.497906945059026285e+01 -1.167961277138921972e+01 -5.840915294632361698e-01 1.000000000000000000e+00
2.499336771587394068e+01 -1.159828668968262733e+01 -5.995101882648394831e-01 1.000000000000000000e+00
2.500766598115762207e+01 -1.151683119566841285e+01 -6.149221578028538637e-01 1.000000000000000000e+00
2.502196424644130346e+01 -1.143524719821733804e+01 -6.303272661123465737e-01 1.000000000000000000e+00
2.503626251172498485e+01 -1.135353560763397418e+01 -6.457253413049458546e-01 1.000000000000000000e+00
2.505056077700866624e+01 -1.127169733564655729e+01 -6.611162115707543974e-01 1.000000000000000000e+00
2.506485904229234407e+01 -1.118973329539684691e+01 -6.764997051802628114e-01 1.000000000000000000e+00
2.507915730757602546e+01 -1.110764440142984277e+01 -6.918756504862818568e-01 1.000000000000000000e+00
2.509345557285970685e+01 -1.102543156968370575e+01 -7.072438759258325991e-01 1.000000000000000000e+00
2.510775383814338824e+01 -1.094309571747947096e+01 -7.226042100220780862e-01 1.000000000000000000e+00
2.512205210342706962e+01 -1.086063776351080890e+01 -7.379564813862317108e-01 1.000000000000000000e+00
2.513635036871075101e+01 -1.077805862783377222e+01 -7.533005187194741215e-01 1.000000000000000000e+00
2.515064863399442885e+01 -1.069535923185663151e+01 -7.686361508148440436e-01 1.000000000000000000e+00
2.516494689927811024e+01 -1.061254049832937518e+01 -7.839632065591892740e-01 1.000000000000000000e+00
2.517924516456179163e+01 -1.052960335133363579e+01 -7.992815149350351867e-01 1.000000000000000000e+00
2.519354342984547301e+01 -1.044654871627225745e+01 -8.145909050225129677e-01 1.000000000000000000e+00
2.520784169512915440e+01 -1.036337751985901612e+01 -8.298912060012636482e-01 1.000000000000000000e+00
2.522213996041283224e+01 -1.028009069010828291e+01 -8.451822471523390279e-01 1.000000000000000000e+00
2.523643822569651363e+01 -1.019668915632457740e+01 -8.604638578601233601e-01 1.000000000000000000e+00
2.525073649098019501e+01 -1.011317384909235528e+01 -8.757358676142120713e-01 1.000000000000000000e+00
2.526503475626387640e+01 -1.002954570026550130e+01 -8.909981060113313367e-01 1.000000000000000000e+00
2.527933302154755779e+01 -9.945805642956990766e+00 -9.062504027572350074e-01 1.000000000000000000e+00
2.529363128683123918e+01 -9.861954611528428671e+00 -9.214925876686084205e-01 1.000000000000000000e+00
2.530792955211491702e+01 -9.777993541579750314e+00 -9.367244906749475630e-01 1.000000000000000000e+00
2.532222781739859840e+01 -9.693923369938548973e+00 -9.519459418204970769e-01 1.000000000000000000e+00
2.533652608268227979e+01 -9.609745034649852968e+00 -9.671567712661058858e-01 1.000000000000000000e+00
2.535082434796596118e+01 -9.525459474965549234e+00 -9.823568092911425520e-01 1.000000000000000000e+00
2.536512261324964257e+01 -9.441067631333917021e+00 -9.975458862953853201e-01 1.000000000000000000e+00
2.537942087853332040e+01 -9.356570445389159829e+00 -1.012723832800910051e+00 1.000000000000000000e+00
2.539371914381700179e+01 -9.271968859940820096e+00 -1.027890479453997141e+00 1.000000000000000000e+00
2.540801740910068318e+01 -9.187263818963373296e+00 -1.043045657026998141e+00 1.000000000000000000e+00
2.542231567438436457e+01 -9.102456267585624872e+00 -1.058189196420237899e+00 1.000000000000000000e+00
2.543661393966804596e+01 -9.017547152080179984e+00 -1.073320928663900498e+00 1.000000000000000000e+00
2.545091220495172735e+01 -8.932537419852875971e+00 -1.088440684919911305e+00 1.000000000000000000e+00
2.546521047023540518e+01 -8.847428019432230784e+00 -1.103548296483822799e+00 1.000000000000000000e+00
2.547950873551908657e+01 -8.762219900458836364e+00 -1.118643594786696616e+00 1.000000000000000000e+00
2.549380700080276796e+01 -8.676914013674780435e+00 -1.133726411396984268e+00 1.000000000000000000e+00
2.550810526608644935e+01 -8.591511310913039878e+00 -1.148796578022406534e+00 1.000000000000000000e+00
2.552240353137013074e+01 -8.506012745086840354e+00 -1.163853926511831283e+00 1.000000000000000000e+00
2.553670179665380857e+01 -8.420419270179062110e+00 -1.178898288857145094e+00 1.000000000000000000e+00
2.555100006193748996e+01 -8.334731841231507232e+00 -1.193929497195145517e+00 1.000000000000000000e+00
2.556529832722117135e+01 -8.248951414334369403e+00 -1.208947383809387377e+00 1.000000000000000000e+00
2.557959659250485274e+01 -8.163078946615478060e+00 -1.223951781132073480e+00 1.000000000000000000e+00
2.559389485778853413e+01 -8.077115396229647359e+00 -1.238942521745916903e+00 1.000000000000000000e+00
2.560819312307221551e+01 -7.991061722347978957e+00 -1.253919438386011942e+00 1.000000000000000000e+00
2.562249138835589335e+01 -7.904918885147161234e+00 -1.268882363941698399e+00 1.000000000000000000e+00
2.563678965363957474e+01 -7.818687845798759639e+00 -1.283831131458427199e+00 1.000000000000000000e+00
2.565108791892325613e+01 -7.732369566458483057e+00 -1.298765574139623125e+00 1.000000000000000000e+00
2.566538618420693751e+01 -7.645965010255459937e+00 -1.313685525348545102e+00 1.000000000000000000e+00
2.567968444949061890e+01 -7.559475141281483346e+00 -1.328590818610147384e+00 1.000000000000000000e+00
2.569398271477429674e+01 -7.472900924580274662e+00 -1.343481287612930952e+00 1.000000000000000000e+00
2.570828098005797813e+01 -7.386243326136635368e+00 -1.358356766210815803e+00 1.000000000000000000e+00
2.572257924534165952e+01 -7.299503312865796012e+00 -1.373217088424972143e+00 1.000000000000000000e+00
2.573687751062534090e+01 -7.212681852602539578e+00 -1.388062088445686904e+00 1.000000000000000000e+00
2.575117577590902229e+01 -7.125779914090422551e+00 -1.402891600634209590e+00 1.000000000000000000e+00
2.576547404119270368e+01 -7.038798466970971113e+00 -1.417705459524602141e+00 1.000000000000000000e+00
2.577977230647638152e+01 -6.951738481772860467e+00 -1.432503499825583448e+00 1.000000000000000000e+00
2.579407057176006290e+01 -6.864600929901079951e+00 -1.447285556422374331e+00 1.000000000000000000e+00
2.580836883704374429e+01 -6.777386783626101696e+00 -1.462051464378540278e+00 1.000000000000000000e+00
2.582266710232742568e+01 -6.690097016073028868e+00 -1.476801058937831312e+00 1.000000000000000000e+00
2.583696536761110707e+01 -6.602732601210737684e+00 -1.491534175526020078e+00 1.000000000000000000e+00
2.585126363289478491e+01 -6.515294513841031865e+00 -1.506250649752734816e+00 1.000000000000000000e+00
2.586556189817846629e+01 -6.427783729587676298e+00 -1.520950317413308994e+00 1.000000000000000000e+00
2.587986016346214768e+01 -6.340201224885648301e+00 -1.535633014490589865e+00 1.000000000000000000e+00
2.589415842874582907e+01 -6.252547976970148191e+00 -1.550298577156784763e+00 1.000000000000000000e+00
2.590845669402951046e+01 -6.164824963865724428e+00 -1.564946841775284092e+00 1.000000000000000000e+00
2.592275495931319185e+01 -6.077033164375357011e+00 -1.579577644902488309e+00 1.000000000000000000e+00
2.593705322459686968e+01 -5.989173558069531111e+00 -1.594190823289630909e+00 1.000000000000000000e+00
2.595135148988055107e+01 -5.901247125275320471e+00 -1.608786213884600302e+00 1.000000000000000000e+00
2.596564975516423246e+01 -5.813254847065430830e+00 -1.623363653833759024e+00 1.000000000000000000e+00
2.597994802044791385e+01 -5.725197705247270896e+00 -1.637922980483760504e+00 1.000000000000000000e+00
2.599424628573159524e+01 -5.637076682351989554e+00 -1.652464031383364285e+00 1.000000000000000000e+00
2.600854455101527307e+01 -5.548892761623531733e+00 -1.666986644285245234e+00 1.000000000000000000e+00
2.602284281629895446e+01 -5.460646927007583251e+00 -1.681490657147817647e+00 1.000000000000000000e+00
2.603714108158263585e+01 -5.372340163140726155e+00 -1.695975908137022703e+00 1.000000000000000000e+00
2.605143934686631724e+01 -5.283973455339360470e+00 -1.710442235628146568e+00 1.000000000000000000e+00
2.606573761214999863e+01 -5.195547789588731646e+00 -1.724889478207623394e+00 1.000000000000000000e+00
2.608003587743368001e+01 -5.107064152531936685e+00 -1.739317474674833219e+00 1.000000000000000000e+00
2.609433414271735785e+01 -5.018523531458903619e+00 -1.753726064043902300e+00 1.000000000000000000e+00
2.610863240800103924e+01 -4.929926914295383433e+00 -1.768115085545498566e+00 1.000000000000000000e+00
2.612293067328472063e+01 -4.841275289591925990e+00 -1.782484378628627075e+00 1.000000000000000000e+00
2.613722893856840201e+01 -4.752569646512847079e+00 -1.796833782962418580e+00 1.000000000000000000e+00
2.615152720385208340e+01 -4.663810974825194577e+00 -1.811163138437921871e+00 1.000000000000000000e+00
2.616582546913576124e+01 -4.575000264887724377e+00 -1.825472285169883246e+00 1.000000000000000000e+00
2.618012373441944263e+01 -4.486138507639760853e+00 -1.839761063498547955e+00 1.000000000000000000e+00
2.619442199970312402e+01 -4.397226694590278484e+00 -1.854029313991418348e+00 1.000000000000000000e+00
2.620872026498680540e+01 -4.308265817806745446e+00 -1.868276877445046669e+00 1.000000000000000000e+00
2.622301853027048679e+01 -4.219256869904073781e+00 -1.882503594886809628e+00 1.000000000000000000e+00
2.623731679555416818e+01 -4.130200844033551810e+00 -1.896709307576680992e+00 1.000000000000000000e+00
2.625161506083784602e+01 -4.041098733871755222e+00 -1.910893857009003050e+00 1.000000000000000000e+00
2.626591332612152740e+01 -3.951951533609463940e+00 -1.925057084914254757e+00 1.000000000000000000e+00
2.628021159140520879e+01 -3.862760237940567887e+00 -1.939198833260819210e+00 1.000000000000000000e+00
2.629450985668889018e+01 -3.773525842050968304e+00 -1.953318944256744683e+00 1.000000000000000000e+00
2.630880812197257157e+01 -3.684249341607474637e+00 -1.967417260351507435e+00 1.000000000000000000e+00
2.632310638725624941e+01 -3.594931732746712960e+00 -1.981493624237764539e+00 1.000000000000000000e+00
2.633740465253993079e+01 -3.505574012063928713e+00 -1.995547878853123569e+00 1.000000000000000000e+00
2.635170291782361218e+01 -3.416177176601995047e+00 -2.009579867381875218e+00 1.000000000000000000e+00
2.636600118310729357e+01 -3.326742223840201351e+00 -2.023589433256754777e+00 1.000000000000000000e+00
2.638029944839097496e+01 -3.237270151683147024e+00 -2.037576420160687185e+00 1.000000000000000000e+00
2.639459771367465635e+01 -3.147761958449603714e+00 -2.051540672028532075e+00 1.000000000000000000e+00
2.640889597895833418e+01 -3.058218642861377123e+00 -2.065482033048822164e+00 1.000000000000000000e+00
2.642319424424201557e+01 -2.968641204032164804e+00 -2.079400347665504079e+00 1.000000000000000000e+00
2.643749250952569696e+01 -2.879030641456409079e+00 -2.093295460579674305e+00 1.000000000000000000e+00
2.645179077480937835e+01 -2.789387954998140184e+00 -2.107167216751310690e+00 1.000000000000000000e+00
2.646608904009305974e+01 -2.699714144879823863e+00 -2.121015461401002167e+00 1.000000000000000000e+00
2.648038730537674112e+01 -2.610010211671201397e+00 -2.134840040011677154e+00 1.000000000000000000e+00
2.649468557066041896e+01 -2.520277156278146080e+00 -2.148640798330323509e+00 1.000000000000000000e+00
2.650898383594410035e+01 -2.430515979931401560e+00 -2.162417582369723146e+00 1.000000000000000000e+00
2.652328210122778174e+01 -2.340727684175553769e+00 -2.176170238410149782e+00 1.000000000000000000e+00
2.653758036651146313e+01 -2.250913270857761717e+00 -2.189898613001098671e+00 1.000000000000000000e+00
2.655187863179514451e+01 -2.161073742116597529e+00 -2.203602552962992789e+00 1.000000000000000000e+00
2.656617689707882235e+01 -2.071210100370870499e+00 -2.217281905388896135e+00 1.000000000000000000e+00
2.658047516236250374e+01 -1.981323348308439591e+00 -2.230936517646215922e+00 1.000000000000000000e+00
2.659477342764618513e+01 -1.891414488875026390e+00 -2.244566237378407880e+00 1.000000000000000000e+00
2.660907169292986651e+01 -1.801484525263023162e+00 -2.258170912506674899e+00 1.000000000000000000e+00
2.662336995821354790e+01 -1.711534460900300036e+00 -2.271750391231666111e+00 1.000000000000000000e+00
2.663766822349722929e+01 -1.621565299439009289e+00 -2.285304522035167096e+00 1.000000000000000000e+00
2.665196648878090713e+01 -1.531578044744410505e+00 -2.298833153681790087e+00 1.000000000000000000e+00
2.666626475406458852e+01 -1.441573700883572950e+00 -2.312336135220674826e+00 1.000000000000000000e+00
2.668056301934826990e+01 -1.351553272114317528e+00 -2.325813315987151242e+00 1.000000000000000000e+00
2.669486128463195129e+01 -1.261517762873913817e+00 -2.339264545604433199e+00 1.000000000000000000e+00
2.670915954991563268e+01 -1.171468177767897911e+00 -2.352689673985296714e+00 1.000000000000000000e+00
2.672345781519931052e+01 -1.081405521558862715e+00 -2.366088551333750623e+00 1.000000000000000000e+00
2.673775608048299191e+01 -9.913307991552468001e-01 -2.379461028146711232e+00 1.000000000000000000e+00
2.675205434576667329e+01 -9.012450156001220458e-01 -2.392806955215666331e+00 1.000000000000000000e+00
2.676635261105035468e+01 -8.111491760599794931e-01 -2.406126183628345405e+00 1.000000000000000000e+00
2.678065087633403607e+01 -7.210442858135136524e-01 -2.419418564770376978e+00 1.000000000000000000e+00
2.679494914161771746e+01 -6.309313502404052532e-01 -2.432683950326948175e+00 1.000000000000000000e+00
2.680924740690139529e+01 -5.408113748101281981e-01 -2.445922192284456287e+00 1.000000000000000000e+00
2.682354567218507668e+01 -4.506853650706344472e-01 -2.459133142932174554e+00 1.000000000000000000e+00
2.683784393746875807e+01 -3.605543266372777111e-01 -2.472316654863878416e+00 1.000000000000000000e+00
2.685214220275243946e+01 -2.704192651814976145e-01 -2.485472580979505963e+00 1.000000000000000000e+00
2.686644046803612085e+01 -1.802811864196218472e-01 -2.498600774486791742e+00 1.000000000000000000e+00
2.688073873331979868e+01 -9.014109610164507125e-02 -2.511701088902911216e+00 1.000000000000000000e+00
2.689503699860348007e+01 -6.609573203680103227e-15 -2.524773378056107909e+00 1.000000000000000000e+00
