0.000000000000000000e+00 0.000000000000000000e+00 -2.568319380178167410e+00 1.000000000000000000e+00
1.429844746405642061e-02 1.155724862591410163e-01 -2.568218193882073397e+00 1.000000000000000000e+00
2.859689492811284123e-02 2.311423697386014997e-01 -2.568059169372520323e+00 1.000000000000000000e+00
4.289534239216925837e-02 3.467070477173174181e-01 -2.567842310230859848e+00 1.000000000000000000e+00
5.719378985622568246e-02 4.622639175914566301e-01 -2.567567621340924422e+00 1.000000000000000000e+00
7.149223732028210654e-02 5.778103769330312778e-01 -2.567235108888914485e+00 1.000000000000000000e+00
8.579068478433851674e-02 6.933438235485066548e-01 -2.566844780363261691e+00 1.000000000000000000e+00
1.000891322483949408e-01 8.088616555374045225e-01 -2.566396644554459705e+00 1.000000000000000000e+00
1.143875797124513649e-01 9.243612713509000711e-01 -2.565890711554865256e+00 1.000000000000000000e+00
1.286860271765077890e-01 1.039840069850409776e+00 -2.565326992758471647e+00 1.000000000000000000e+00
1.429844746405642131e-01 1.155295450366172538e+00 -2.564705500860651188e+00 1.000000000000000000e+00
1.572829221046206372e-01 1.270724812755817057e+00 -2.564026249857871864e+00 1.000000000000000000e+00
1.715813695686770335e-01 1.386125557462920543e+00 -2.563289255047378479e+00 1.000000000000000000e+00
1.858798170327334576e-01 1.501495085575552446e+00 -2.562494533026852039e+00 1.000000000000000000e+00
2.001782644967898817e-01 1.616830798884802523e+00 -2.561642101694030949e+00 1.000000000000000000e+00
2.144767119608463057e-01 1.732130099943296031e+00 -2.560731980246313988e+00 1.000000000000000000e+00
2.287751594249027298e-01 1.847390392123689606e+00 -2.559764189180322891e+00 1.000000000000000000e+00
2.430736068889591539e-01 1.962609079677148705e+00 -2.558738750291443598e+00 1.000000000000000000e+00
2.573720543530155780e-01 2.077783567791807062e+00 -2.557655686673334650e+00 1.000000000000000000e+00
2.716705018170719743e-01 2.192911262651203064e+00 -2.556515022717406715e+00 1.000000000000000000e+00
2.859689492811284262e-01 2.307989571492695013e+00 -2.555316784112272810e+00 1.000000000000000000e+00
3.002673967451848225e-01 2.423015902665849097e+00 -2.554060997843172309e+00 1.000000000000000000e+00
3.145658442092412743e-01 2.537987665690812467e+00 -2.552747692191359885e+00 1.000000000000000000e+00
3.288642916732976706e-01 2.652902271316642580e+00 -2.551376896733470900e+00 1.000000000000000000e+00
3.431627391373540670e-01 2.767757131579629881e+00 -2.549948642340854832e+00 1.000000000000000000e+00
3.574611866014105188e-01 2.882549659861573410e+00 -2.548462961178878494e+00 1.000000000000000000e+00
3.717596340654669151e-01 2.997277270948032868e+00 -2.546919886706204839e+00 1.000000000000000000e+00
3.860580815295233670e-01 3.111937381086557597e+00 -2.545319453674035337e+00 1.000000000000000000e+00
4.003565289935797633e-01 3.226527408044864043e+00 -2.543661698125331050e+00 1.000000000000000000e+00
4.146549764576362151e-01 3.341044771168999006e+00 -2.541946657393999498e+00 1.000000000000000000e+00
4.289534239216926115e-01 3.455486891441450936e+00 -2.540174370104052670e+00 1.000000000000000000e+00
4.432518713857490633e-01 3.569851191539235469e+00 -2.538344876168739273e+00 1.000000000000000000e+00
4.575503188498054596e-01 3.684135095891935663e+00 -2.536458216789644116e+00 1.000000000000000000e+00
4.718487663138618560e-01 3.798336030739709823e+00 -2.534514434455761744e+00 1.000000000000000000e+00
4.861472137779183078e-01 3.912451424191251359e+00 -2.532513572942538982e+00 1.000000000000000000e+00
5.004456612419747596e-01 4.026478706281711339e+00 -2.530455677310886831e+00 1.000000000000000000e+00
5.147441087060311560e-01 4.140415309030569979e+00 -2.528340793906170170e+00 1.000000000000000000e+00
5.290425561700875523e-01 4.254258666499482366e+00 -2.526168970357161037e+00 1.000000000000000000e+00
5.433410036341439486e-01 4.368006214850053581e+00 -2.523940255574965263e+00 1.000000000000000000e+00
5.576394510982004560e-01 4.481655392401584059e+00 -2.521654699751923356e+00 1.000000000000000000e+00
5.719378985622568523e-01 4.595203639688756780e+00 -2.519312354360478956e+00 1.000000000000000000e+00
5.862363460263132486e-01 4.708648399519280936e+00 -2.516913272152018433e+00 1.000000000000000000e+00
6.005347934903696450e-01 4.821987117031484082e+00 -2.514457507155686500e+00 1.000000000000000000e+00
6.148332409544260413e-01 4.935217239751843898e+00 -2.511945114677164526e+00 1.000000000000000000e+00
6.291316884184825486e-01 5.048336217652475533e+00 -2.509376151297429303e+00 1.000000000000000000e+00
6.434301358825389450e-01 5.161341503208561221e+00 -2.506750674871476736e+00 1.000000000000000000e+00
6.577285833465953413e-01 5.274230551455717730e+00 -2.504068744527017998e+00 1.000000000000000000e+00
6.720270308106517376e-01 5.387000820047314953e+00 -2.501330420663150811e+00 1.000000000000000000e+00
6.863254782747081340e-01 5.499649769311731440e+00 -2.498535764948996096e+00 1.000000000000000000e+00
7.006239257387646413e-01 5.612174862309550427e+00 -2.495684840322311970e+00 1.000000000000000000e+00
7.149223732028210376e-01 5.724573564890685695e+00 -2.492777710988073991e+00 1.000000000000000000e+00
7.292208206668774340e-01 5.836843345751461243e+00 -2.489814442417030982e+00 1.000000000000000000e+00
7.435192681309338303e-01 5.948981676491620796e+00 -2.486795101344228431e+00 1.000000000000000000e+00
7.578177155949903376e-01 6.060986031671257379e+00 -2.483719755767508364e+00 1.000000000000000000e+00
7.721161630590467340e-01 6.172853888867698480e+00 -2.480588474945975452e+00 1.000000000000000000e+00
7.864146105231031303e-01 6.284582728732304169e+00 -2.477401329398439156e+00 1.000000000000000000e+00
8.007130579871595266e-01 6.396170035047219038e+00 -2.474158390901824323e+00 1.000000000000000000e+00
8.150115054512159229e-01 6.507613294782021107e+00 -2.470859732489555149e+00 1.000000000000000000e+00
8.293099529152724303e-01 6.618909998150334317e+00 -2.467505428449910720e+00 1.000000000000000000e+00
8.436084003793288266e-01 6.730057638666333553e+00 -2.464095554324351234e+00 1.000000000000000000e+00
8.579068478433852230e-01 6.841053713201206143e+00 -2.460630186905817585e+00 1.000000000000000000e+00
8.722052953074416193e-01 6.951895722039523662e+00 -2.457109404237001193e+00 1.000000000000000000e+00
8.865037427714981266e-01 7.062581168935529341e+00 -2.453533285608586745e+00 1.000000000000000000e+00
9.008021902355545230e-01 7.173107561169359769e+00 -2.449901911557467393e+00 1.000000000000000000e+00
9.151006376996109193e-01 7.283472409603180431e+00 -2.446215363864928882e+00 1.000000000000000000e+00
9.293990851636673156e-01 7.393673228737248415e+00 -2.442473725554810127e+00 1.000000000000000000e+00
9.436975326277237119e-01 7.503707536765888975e+00 -2.438677080891631821e+00 1.000000000000000000e+00
9.579959800917802193e-01 7.613572855633371717e+00 -2.434825515378698402e+00 1.000000000000000000e+00
9.722944275558366156e-01 7.723266711089740610e+00 -2.430919115756175586e+00 1.000000000000000000e+00
9.865928750198930119e-01 7.832786632746519651e+00 -2.426957969999132381e+00 1.000000000000000000e+00
1.000891322483949519e+00 7.942130154132353681e+00 -2.422942167315563555e+00 1.000000000000000000e+00
1.015189769948005916e+00 8.051294812748555074e+00 -2.418871798144378360e+00 1.000000000000000000e+00
1.029488217412062312e+00 8.160278150124565144e+00 -2.414746954153364378e+00 1.000000000000000000e+00
1.043786664876118708e+00 8.269077711873308090e+00 -2.410567728237124729e+00 1.000000000000000000e+00
1.058085112340175105e+00 8.377691047746482766e+00 -2.406334214514982861e+00 1.000000000000000000e+00
1.072383559804231501e+00 8.486115711689727448e+00 -2.402046508328865571e+00 1.000000000000000000e+00
1.086682007268287897e+00 8.594349261897722414e+00 -2.397704706241154060e+00 1.000000000000000000e+00
1.100980454732344294e+00 8.702389260869169973e+00 -2.393308906032511452e+00 1.000000000000000000e+00
1.115278902196400912e+00 8.810233275461694546e+00 -2.388859206699677884e+00 1.000000000000000000e+00
1.129577349660457308e+00 8.917878876946627287e+00 -2.384355708453243405e+00 1.000000000000000000e+00
1.143875797124513705e+00 9.025323641063723201e+00 -2.379798512715389780e+00 1.000000000000000000e+00
1.158174244588570101e+00 9.132565148075745043e+00 -2.375187722117607425e+00 1.000000000000000000e+00
1.172472692052626497e+00 9.239600982822953057e+00 -2.370523440498382595e+00 1.000000000000000000e+00
1.186771139516682894e+00 9.346428734777511238e+00 -2.365805772900860138e+00 1.000000000000000000e+00
1.201069586980739290e+00 9.453045998097760361e+00 -2.361034825570477835e+00 1.000000000000000000e+00
1.215368034444795686e+00 9.559450371682396863e+00 -2.356210705952573203e+00 1.000000000000000000e+00
1.229666481908852083e+00 9.665639459224571794e+00 -2.351333522689962763e+00 1.000000000000000000e+00
1.243964929372908701e+00 9.771610869265828114e+00 -2.346403385620497772e+00 1.000000000000000000e+00
1.258263376836965097e+00 9.877362215249968713e+00 -2.341420405774588875e+00 1.000000000000000000e+00
1.272561824301021494e+00 9.982891115576812524e+00 -2.336384695372705878e+00 1.000000000000000000e+00
1.286860271765077890e+00 1.008819519365581918e+01 -2.331296367822849991e+00 1.000000000000000000e+00
1.301158719229134286e+00 1.019327207795961776e+01 -2.326155537718000765e+00 1.000000000000000000e+00
1.315457166693190683e+00 1.029811940207740761e+01 -2.320962320833535486e+00 1.000000000000000000e+00
1.329755614157247079e+00 1.040273480476826329e+01 -2.315716834124620149e+00 1.000000000000000000e+00
1.344054061621303475e+00 1.050711593001430266e+01 -2.310419195723577346e+00 1.000000000000000000e+00
1.358352509085359872e+00 1.061126042707374495e+01 -2.305069524937224834e+00 1.000000000000000000e+00
1.372650956549416268e+00 1.071516595053386034e+01 -2.299667942244190133e+00 1.000000000000000000e+00
1.386949404013472886e+00 1.081883016036378109e+01 -2.294214569292194916e+00 1.000000000000000000e+00
1.401247851477529283e+00 1.092225072196720248e+01 -2.288709528895316314e+00 1.000000000000000000e+00
1.415546298941585679e+00 1.102542530623497541e+01 -2.283152945031222014e+00 1.000000000000000000e+00
1.429844746405642075e+00 1.112835158959752313e+01 -2.277544942838378272e+00 1.000000000000000000e+00
1.444143193869698472e+00 1.123102725407721358e+01 -2.271885648613229058e+00 1.000000000000000000e+00
1.458441641333754868e+00 1.133344998734053277e+01 -2.266175189807355661e+00 1.000000000000000000e+00
1.472740088797811264e+00 1.143561748275016932e+01 -2.260413695024602543e+00 1.000000000000000000e+00
1.487038536261867661e+00 1.153752743941695691e+01 -2.254601294018184543e+00 1.000000000000000000e+00
1.501336983725924057e+00 1.163917756225170663e+01 -2.248738117687761662e+00 1.000000000000000000e+00
1.515635431189980675e+00 1.174056556201687584e+01 -2.242824298076493417e+00 1.000000000000000000e+00
1.529933878654037072e+00 1.184168915537813049e+01 -2.236859968368064777e+00 1.000000000000000000e+00
1.544232326118093468e+00 1.194254606495577420e+01 -2.230845262883684121e+00 1.000000000000000000e+00
1.558530773582149864e+00 1.204313401937602279e+01 -2.224780317079062986e+00 1.000000000000000000e+00
1.572829221046206261e+00 1.214345075332217760e+01 -2.218665267541361175e+00 1.000000000000000000e+00
1.587127668510262657e+00 1.224349400758561757e+01 -2.212500251986113220e+00 1.000000000000000000e+00
1.601426115974319053e+00 1.234326152911670071e+01 -2.206285409254124641e+00 1.000000000000000000e+00
1.615724563438375450e+00 1.244275107107547917e+01 -2.200020879308349553e+00 1.000000000000000000e+00
1.630023010902431846e+00 1.254196039288233600e+01 -2.193706803230732305e+00 1.000000000000000000e+00
1.644321458366488464e+00 1.264088726026840881e+01 -2.187343323219035351e+00 1.000000000000000000e+00
1.658619905830544861e+00 1.273952944532592468e+01 -2.180930582583635147e+00 1.000000000000000000e+00
1.672918353294601257e+00 1.283788472655837154e+01 -2.174468725744294506e+00 1.000000000000000000e+00
1.687216800758657653e+00 1.293595088893053813e+01 -2.167957898226909652e+00 1.000000000000000000e+00
1.701515248222714050e+00 1.303372572391837103e+01 -2.161398246660233280e+00 1.000000000000000000e+00
1.715813695686770446e+00 1.313120702955874641e+01 -2.154789918772574087e+00 1.000000000000000000e+00
1.730112143150826842e+00 1.322839261049902504e+01 -2.148133063388466546e+00 1.000000000000000000e+00
1.744410590614883239e+00 1.332528027804653448e+01 -2.141427830425322032e+00 1.000000000000000000e+00
1.758709038078939635e+00 1.342186785021781326e+01 -2.134674370890050632e+00 1.000000000000000000e+00
1.773007485542996253e+00 1.351815315178779109e+01 -2.127872836875662532e+00 1.000000000000000000e+00
1.787305933007052650e+00 1.361413401433875059e+01 -2.121023381557840537e+00 1.000000000000000000e+00
1.801604380471109046e+00 1.370980827630917709e+01 -2.114126159191491716e+00 1.000000000000000000e+00
1.815902827935165442e+00 1.380517378304242726e+01 -2.107181325107273739e+00 1.000000000000000000e+00
1.830201275399221839e+00 1.390022838683526274e+01 -2.100189035708094565e+00 1.000000000000000000e+00
1.844499722863278235e+00 1.399496994698620966e+01 -2.093149448465593032e+00 1.000000000000000000e+00
1.858798170327334631e+00 1.408939632984378143e+01 -2.086062721916590590e+00 1.000000000000000000e+00
1.873096617791391028e+00 1.418350540885451849e+01 -2.078929015659521706e+00 1.000000000000000000e+00
1.887395065255447424e+00 1.427729506461087539e+01 -2.071748490350839411e+00 1.000000000000000000e+00
1.901693512719504042e+00 1.437076318489897453e+01 -2.064521307701396413e+00 1.000000000000000000e+00
1.915991960183560439e+00 1.446390766474614509e+01 -2.057247630472805344e+00 1.000000000000000000e+00
1.930290407647616835e+00 1.455672640646835880e+01 -2.049927622473770583e+00 1.000000000000000000e+00
1.944588855111673231e+00 1.464921731971743846e+01 -2.042561448556401427e+00 1.000000000000000000e+00
1.958887302575729628e+00 1.474137832152816685e+01 -2.035149274612497283e+00 1.000000000000000000e+00
1.973185750039786024e+00 1.483320733636517019e+01 -2.027691267569813771e+00 1.000000000000000000e+00
1.987484197503842420e+00 1.492470229616968602e+01 -2.020187595388303503e+00 1.000000000000000000e+00
2.001782644967899039e+00 1.501586114040611086e+01 -2.012638427056329782e+00 1.000000000000000000e+00
2.016081092431955213e+00 1.510668181610841110e+01 -2.005043932586866973e+00 1.000000000000000000e+00
2.030379539896011831e+00 1.519716227792639174e+01 -1.997404283013664683e+00 1.000000000000000000e+00
2.044677987360068006e+00 1.528730048817170406e+01 -1.989719650387402616e+00 1.000000000000000000e+00
2.058976434824124624e+00 1.537709441686378042e+01 -1.981990207771811452e+00 1.000000000000000000e+00
2.073274882288180798e+00 1.546654204177551506e+01 -1.974216129239776629e+00 1.000000000000000000e+00
2.087573329752237417e+00 1.555564134847885427e+01 -1.966397589869418150e+00 1.000000000000000000e+00
2.101871777216294035e+00 1.564439033039009885e+01 -1.958534765740147954e+00 1.000000000000000000e+00
2.116170224680350209e+00 1.573278698881515147e+01 -1.950627833928704424e+00 1.000000000000000000e+00
2.130468672144406828e+00 1.582082933299450289e+01 -1.942676972505163357e+00 1.000000000000000000e+00
2.144767119608463002e+00 1.590851538014805655e+01 -1.934682360528930056e+00 1.000000000000000000e+00
2.159065567072519620e+00 1.599584315551981462e+01 -1.926644178044703448e+00 1.000000000000000000e+00
2.173364014536575795e+00 1.608281069242231354e+01 -1.918562606078424881e+00 1.000000000000000000e+00
2.187662462000632413e+00 1.616941603228093527e+01 -1.910437826633198277e+00 1.000000000000000000e+00
2.201960909464688587e+00 1.625565722467801422e+01 -1.902270022685193851e+00 1.000000000000000000e+00
2.216259356928745206e+00 1.634153232739676653e+01 -1.894059378179524966e+00 1.000000000000000000e+00
2.230557804392801824e+00 1.642703940646501692e+01 -1.885806078026107446e+00 1.000000000000000000e+00
2.244856251856857998e+00 1.651217653619875492e+01 -1.877510308095495128e+00 1.000000000000000000e+00
2.259154699320914617e+00 1.659694179924552415e+01 -1.869172255214691214e+00 1.000000000000000000e+00
2.273453146784970791e+00 1.668133328662757719e+01 -1.860792107162945186e+00 1.000000000000000000e+00
2.287751594249027409e+00 1.676534909778488114e+01 -1.852370052667519751e+00 1.000000000000000000e+00
2.302050041713083584e+00 1.684898734061790648e+01 -1.843906281399444236e+00 1.000000000000000000e+00
2.316348489177140202e+00 1.693224613153025970e+01 -1.835400983969239119e+00 1.000000000000000000e+00
2.330646936641196376e+00 1.701512359547108133e+01 -1.826854351922626796e+00 1.000000000000000000e+00
2.344945384105252995e+00 1.709761786597729483e+01 -1.818266577736216139e+00 1.000000000000000000e+00
2.359243831569309613e+00 1.717972708521561387e+01 -1.809637854813167523e+00 1.000000000000000000e+00
2.373542279033365787e+00 1.726144940402440753e+01 -1.800968377478839422e+00 1.000000000000000000e+00
2.387840726497422406e+00 1.734278298195533452e+01 -1.792258340976408348e+00 1.000000000000000000e+00
2.402139173961478580e+00 1.742372598731478561e+01 -1.783507941462475710e+00 1.000000000000000000e+00
2.416437621425535198e+00 1.750427659720515194e+01 -1.774717376002646452e+00 1.000000000000000000e+00
2.430736068889591373e+00 1.758443299756585887e+01 -1.765886842567095494e+00 1.000000000000000000e+00
2.445034516353647991e+00 1.766419338321422572e+01 -1.757016540026103968e+00 1.000000000000000000e+00
2.459332963817704165e+00 1.774355595788612305e+01 -1.748106668145585907e+00 1.000000000000000000e+00
2.473631411281760784e+00 1.782251893427643807e+01 -1.739157427582584292e+00 1.000000000000000000e+00
2.487929858745817402e+00 1.790108053407929845e+01 -1.730169019880757109e+00 1.000000000000000000e+00
2.502228306209873576e+00 1.797923898802813625e+01 -1.721141647465833424e+00 1.000000000000000000e+00
2.516526753673930195e+00 1.805699253593554232e+01 -1.712075513641059032e+00 1.000000000000000000e+00
2.530825201137986369e+00 1.813433942673288257e+01 -1.702970822582615451e+00 1.000000000000000000e+00
2.545123648602042987e+00 1.821127791850977218e+01 -1.693827779335020711e+00 1.000000000000000000e+00
2.559422096066099162e+00 1.828780627855325491e+01 -1.684646589806515715e+00 1.000000000000000000e+00
2.573720543530155780e+00 1.836392278338686879e+01 -1.675427460764421728e+00 1.000000000000000000e+00
2.588018990994211954e+00 1.843962571880942747e+01 -1.666170599830489207e+00 1.000000000000000000e+00
2.602317438458268573e+00 1.851491337993365605e+01 -1.656876215476216441e+00 1.000000000000000000e+00
2.616615885922325191e+00 1.858978407122455323e+01 -1.647544517018160404e+00 1.000000000000000000e+00
2.630914333386381365e+00 1.866423610653761145e+01 -1.638175714613217870e+00 1.000000000000000000e+00
2.645212780850437984e+00 1.873826780915676338e+01 -1.628770019253894530e+00 1.000000000000000000e+00
2.659511228314494158e+00 1.881187751183214374e+01 -1.619327642763554786e+00 1.000000000000000000e+00
2.673809675778550776e+00 1.888506355681765569e+01 -1.609848797791648245e+00 1.000000000000000000e+00
2.688108123242606950e+00 1.895782429590828855e+01 -1.600333697808923317e+00 1.000000000000000000e+00
2.702406570706663569e+00 1.903015809047724716e+01 -1.590782557102617512e+00 1.000000000000000000e+00
2.716705018170719743e+00 1.910206331151283976e+01 -1.581195590771634629e+00 1.000000000000000000e+00
2.731003465634776362e+00 1.917353833965518461e+01 -1.571573014721695971e+00 1.000000000000000000e+00
2.745301913098832536e+00 1.924458156523265728e+01 -1.561915045660482670e+00 1.000000000000000000e+00
2.759600360562889154e+00 1.931519138829817450e+01 -1.552221901092752265e+00 1.000000000000000000e+00
2.773898808026945773e+00 1.938536621866517251e+01 -1.542493799315441505e+00 1.000000000000000000e+00
2.788197255491001947e+00 1.945510447594347880e+01 -1.532730959412750060e+00 1.000000000000000000e+00
2.802495702955058565e+00 1.952440458957487124e+01 -1.522933601251206248e+00 1.000000000000000000e+00
2.816794150419114739e+00 1.959326499886843820e+01 -1.513101945474715437e+00 1.000000000000000000e+00
2.831092597883171358e+00 1.966168415303576822e+01 -1.503236213499591134e+00 1.000000000000000000e+00
2.845391045347227532e+00 1.972966051122581632e+01 -1.493336627509569858e+00 1.000000000000000000e+00
2.859689492811284151e+00 1.979719254255966732e+01 -1.483403410450804039e+00 1.000000000000000000e+00
2.873987940275340325e+00 1.986427872616496515e+01 -1.473436786026845136e+00 1.000000000000000000e+00
2.888286387739396943e+00 1.993091755121018593e+01 -1.463436978693601676e+00 1.000000000000000000e+00
2.902584835203453562e+00 1.999710751693865873e+01 -1.453404213654288180e+00 1.000000000000000000e+00
2.916883282667509736e+00 2.006284713270236253e+01 -1.443338716854351222e+00 1.000000000000000000e+00
2.931181730131566354e+00 2.012813491799550292e+01 -1.433240714976380614e+00 1.000000000000000000e+00
2.945480177595622528e+00 2.019296940248784011e+01 -1.423110435435005705e+00 1.000000000000000000e+00
2.959778625059679147e+00 2.025734912605781091e+01 -1.412948106371772816e+00 1.000000000000000000e+00
2.974077072523735321e+00 2.032127263882542678e+01 -1.402753956650007794e+00 1.000000000000000000e+00
2.988375519987791940e+00 2.038473850118489139e+01 -1.392528215849661910e+00 1.000000000000000000e+00
3.002673967451848114e+00 2.044774528383704748e+01 -1.382271114262141998e+00 1.000000000000000000e+00
3.016972414915904732e+00 2.051029156782156804e+01 -1.371982882885121491e+00 1.000000000000000000e+00
3.031270862379961351e+00 2.057237594454889518e+01 -1.361663753417342804e+00 1.000000000000000000e+00
3.045569309844017525e+00 2.063399701583197299e+01 -1.351313958253394842e+00 1.000000000000000000e+00
3.059867757308074143e+00 2.069515339391773168e+01 -1.340933730478481634e+00 1.000000000000000000e+00
3.074166204772130317e+00 2.075584370151835856e+01 -1.330523303863172968e+00 1.000000000000000000e+00
3.088464652236186936e+00 2.081606657184227060e+01 -1.320082912858138835e+00 1.000000000000000000e+00
3.102763099700243110e+00 2.087582064862496267e+01 -1.309612792588870533e+00 1.000000000000000000e+00
3.117061547164299729e+00 2.093510458615947201e+01 -1.299113178850383576e+00 1.000000000000000000e+00
3.131359994628355903e+00 2.099391704932676816e+01 -1.288584308101910603e+00 1.000000000000000000e+00
3.145658442092412521e+00 2.105225671362575213e+01 -1.278026417461572306e+00 1.000000000000000000e+00
3.159956889556469140e+00 2.111012226520312396e+01 -1.267439744701039928e+00 1.000000000000000000e+00
3.174255337020525314e+00 2.116751240088294495e+01 -1.256824528240181538e+00 1.000000000000000000e+00
3.188553784484581932e+00 2.122442582819603274e+01 -1.246181007141687225e+00 1.000000000000000000e+00
3.202852231948638106e+00 2.128086126540900835e+01 -1.235509421105693173e+00 1.000000000000000000e+00
3.217150679412694725e+00 2.133681744155320104e+01 -1.224810010464374876e+00 1.000000000000000000e+00
3.231449126876750899e+00 2.139229309645325827e+01 -1.214083016176543017e+00 1.000000000000000000e+00
3.245747574340807518e+00 2.144728698075554263e+01 -1.203328679822208924e+00 1.000000000000000000e+00
3.260046021804863692e+00 2.150179785595623372e+01 -1.192547243597151807e+00 1.000000000000000000e+00
3.274344469268920310e+00 2.155582449442926318e+01 -1.181738950307456459e+00 1.000000000000000000e+00
3.288642916732976929e+00 2.160936567945390507e+01 -1.170904043364052738e+00 1.000000000000000000e+00
3.302941364197033103e+00 2.166242020524225254e+01 -1.160042766777227952e+00 1.000000000000000000e+00
3.317239811661089721e+00 2.171498687696630725e+01 -1.149155365151134145e+00 1.000000000000000000e+00
3.331538259125145895e+00 2.176706451078491966e+01 -1.138242083678278949e+00 1.000000000000000000e+00
3.345836706589202514e+00 2.181865193387044499e+01 -1.127303168134003775e+00 1.000000000000000000e+00
3.360135154053258688e+00 2.186974798443514700e+01 -1.116338864870948466e+00 1.000000000000000000e+00
3.374433601517315306e+00 2.192035151175738505e+01 -1.105349420813504180e+00 1.000000000000000000e+00
3.388732048981371481e+00 2.197046137620748851e+01 -1.094335083452250723e+00 1.000000000000000000e+00
3.403030496445428099e+00 2.202007644927347485e+01 -1.083296100838384790e+00 1.000000000000000000e+00
3.417328943909484718e+00 2.206919561358642312e+01 -1.072232721578131542e+00 1.000000000000000000e+00
3.431627391373540892e+00 2.211781776294564850e+01 -1.061145194827149751e+00 1.000000000000000000e+00
3.445925838837597510e+00 2.216594180234363520e+01 -1.050033770284913848e+00 1.000000000000000000e+00
3.460224286301653684e+00 2.221356664799066394e+01 -1.038898698189099079e+00 1.000000000000000000e+00
3.474522733765710303e+00 2.226069122733922967e+01 -1.027740229309936693e+00 1.000000000000000000e+00
3.488821181229766477e+00 2.230731447910822141e+01 -1.016558614944576000e+00 1.000000000000000000e+00
3.503119628693823095e+00 2.235343535330680353e+01 -1.005354106911416023e+00 1.000000000000000000e+00
3.517418076157879270e+00 2.239905281125804137e+01 -9.941269575444416917e-01 1.000000000000000000e+00
3.531716523621935888e+00 2.244416582562233131e+01 -9.828774196875347258e-01 1.000000000000000000e+00
3.546014971085992507e+00 2.248877338042052187e+01 -9.716057466887857430e-01 1.000000000000000000e+00
3.560313418550048681e+00 2.253287447105678609e+01 -9.603121923947836036e-01 1.000000000000000000e+00
3.574611866014105299e+00 2.257646810434124873e+01 -9.489970111449006485e-01 1.000000000000000000e+00
3.588910313478161473e+00 2.261955329851236129e+01 -9.376604577655648365e-01 1.000000000000000000e+00
3.603208760942218092e+00 2.266212908325902831e+01 -9.263027875645205578e-01 1.000000000000000000e+00
3.617507208406274266e+00 2.270419449974239967e+01 -9.149242563250792326e-01 1.000000000000000000e+00
3.631805655870330884e+00 2.274574860061753157e+01 -9.035251203003580311e-01 1.000000000000000000e+00
3.646104103334387059e+00 2.278679045005468851e+01 -8.921056362075101553e-01 1.000000000000000000e+00
3.660402550798443677e+00 2.282731912376041805e+01 -8.806660612219420203e-01 1.000000000000000000e+00
3.674700998262500296e+00 2.286733370899838391e+01 -8.692066529715226642e-01 1.000000000000000000e+00
3.688999445726556470e+00 2.290683330460990419e+01 -8.577276695307808341e-01 1.000000000000000000e+00
3.703297893190613088e+00 2.294581702103425158e+01 -8.462293694150937462e-01 1.000000000000000000e+00
3.717596340654669262e+00 2.298428398032868003e+01 -8.347120115748639657e-01 1.000000000000000000e+00
3.731894788118725881e+00 2.302223331618822399e+01 -8.231758553896889596e-01 1.000000000000000000e+00
3.746193235582782055e+00 2.305966417396517443e+01 -8.116211606625204356e-01 1.000000000000000000e+00
3.760491683046838673e+00 2.309657571068833803e+01 -8.000481876138084703e-01 1.000000000000000000e+00
3.774790130510894848e+00 2.313296709508203364e+01 -7.884571968756493021e-01 1.000000000000000000e+00
3.789088577974951466e+00 2.316883750758480076e+01 -7.768484494859068112e-01 1.000000000000000000e+00
3.803387025439008085e+00 2.320418614036785598e+01 -7.652222068823414380e-01 1.000000000000000000e+00
3.817685472903064259e+00 2.323901219735328638e+01 -7.535787308967174525e-01 1.000000000000000000e+00
3.831983920367120877e+00 2.327331489423198718e+01 -7.419182837489077809e-01 1.000000000000000000e+00
3.846282367831177051e+00 2.330709345848131875e+01 -7.302411280409897287e-01 1.000000000000000000e+00
3.860580815295233670e+00 2.334034712938250422e+01 -7.185475267513288244e-01 1.000000000000000000e+00
3.874879262759289844e+00 2.337307515803775360e+01 -7.068377432286583328e-01 1.000000000000000000e+00
3.889177710223346462e+00 2.340527680738714267e+01 -6.951120411861475556e-01 1.000000000000000000e+00
3.903476157687402637e+00 2.343695135222520776e+01 -6.833706846954625824e-01 1.000000000000000000e+00
3.917774605151459255e+00 2.346809807921727753e+01 -6.716139381808194919e-01 1.000000000000000000e+00
3.932073052615515873e+00 2.349871628691553482e+01 -6.598420664130296709e-01 1.000000000000000000e+00
3.946371500079572048e+00 2.352880528577481911e+01 -6.480553345035363622e-01 1.000000000000000000e+00
3.960669947543628666e+00 2.355836439816814831e+01 -6.362540078984444403e-01 1.000000000000000000e+00
3.974968395007684840e+00 2.358739295840198125e+01 -6.244383523725425267e-01 1.000000000000000000e+00
3.989266842471741459e+00 2.361589031273122075e+01 -6.126086340233171113e-01 1.000000000000000000e+00
4.003565289935798077e+00 2.364385581937392544e+01 -6.007651192649596794e-01 1.000000000000000000e+00
4.017863737399854251e+00 2.367128884852576576e+01 -5.889080748223695094e-01 1.000000000000000000e+00
4.032162184863910426e+00 2.369818878237419923e+01 -5.770377677251412596e-01 1.000000000000000000e+00
4.046460632327966600e+00 2.372455501511239717e+01 -5.651544653015566633e-01 1.000000000000000000e+00
4.060759079792023662e+00 2.375038695295289415e+01 -5.532584351725610139e-01 1.000000000000000000e+00
4.075057527256079837e+00 2.377568401414092847e+01 -5.413499452457388728e-01 1.000000000000000000e+00
4.089355974720136011e+00 2.380044562896758364e+01 -5.294292637092775644e-01 1.000000000000000000e+00
4.103654422184193074e+00 2.382467123978259593e+01 -5.174966590259272303e-01 1.000000000000000000e+00
4.117952869648249248e+00 2.384836030100689896e+01 -5.055523999269594393e-01 1.000000000000000000e+00
4.132251317112305422e+00 2.387151227914494456e+01 -4.935967554061099216e-01 1.000000000000000000e+00
4.146549764576361596e+00 2.389412665279670733e+01 -4.816299947135237458e-01 1.000000000000000000e+00
4.160848212040418659e+00 2.391620291266940868e+01 -4.696523873496882273e-01 1.000000000000000000e+00
4.175146659504474833e+00 2.393774056158899910e+01 -4.576642030593694455e-01 1.000000000000000000e+00
4.189445106968531007e+00 2.395873911451136351e+01 -4.456657118255314964e-01 1.000000000000000000e+00
4.203743554432588070e+00 2.397919809853322803e+01 -4.336571838632586329e-01 1.000000000000000000e+00
4.218042001896644244e+00 2.399911705290281816e+01 -4.216388896136722408e-01 1.000000000000000000e+00
4.232340449360700418e+00 2.401849552903023621e+01 -4.096110997378342167e-01 1.000000000000000000e+00
4.246638896824756593e+00 2.403733309049756883e+01 -3.975740851106576157e-01 1.000000000000000000e+00
4.260937344288813655e+00 2.405562931306869601e+01 -3.855281168148025350e-01 1.000000000000000000e+00
4.275235791752869829e+00 2.407338378469887630e+01 -3.734734661345748830e-01 1.000000000000000000e+00
4.289534239216926004e+00 2.409059610554399100e+01 -3.614104045498108819e-01 1.000000000000000000e+00
4.303832686680982178e+00 2.410726588796957515e+01 -3.493392037297691766e-01 1.000000000000000000e+00
4.318131134145039240e+00 2.412339275655955007e+01 -3.372601355270087309e-01 1.000000000000000000e+00
4.332429581609095415e+00 2.413897634812463977e+01 -3.251734719712702781e-01 1.000000000000000000e+00
4.346728029073151589e+00 2.415401631171059904e+01 -3.130794852633443370e-01 1.000000000000000000e+00
4.361026476537208652e+00 2.416851230860608268e+01 -3.009784477689458893e-01 1.000000000000000000e+00
4.375324924001264826e+00 2.418246401235029808e+01 -2.888706320125801197e-01 1.000000000000000000e+00
4.389623371465321000e+00 2.419587110874034153e+01 -2.767563106714022725e-01 1.000000000000000000e+00
4.403921818929377174e+00 2.420873329583827172e+01 -2.646357565690791724e-01 1.000000000000000000e+00
4.418220266393434237e+00 2.422105028397791671e+01 -2.525092426696419201e-01 1.000000000000000000e+00
4.432518713857490411e+00 2.423282179577140738e+01 -2.403770420713442491e-01 1.000000000000000000e+00
4.446817161321546585e+00 2.424404756611540890e+01 -2.282394280005063114e-01 1.000000000000000000e+00
4.461115608785603648e+00 2.425472734219708926e+01 -2.160966738053637370e-01 1.000000000000000000e+00
4.475414056249659822e+00 2.426486088349982140e+01 -2.039490529499139448e-01 1.000000000000000000e+00
4.489712503713715996e+00 2.427444796180860820e+01 -1.917968390077517682e-01 1.000000000000000000e+00
4.504010951177772171e+00 2.428348836121520904e+01 -1.796403056559141564e-01 1.000000000000000000e+00
4.518309398641829233e+00 2.429198187812299636e+01 -1.674797266687132191e-01 1.000000000000000000e+00
4.532607846105885407e+00 2.429992832125154578e+01 -1.553153759115741828e-01 1.000000000000000000e+00
4.546906293569941582e+00 2.430732751164096683e+01 -1.431475273348618571e-01 1.000000000000000000e+00
4.561204741033997756e+00 2.431417928265590334e+01 -1.309764549677170098e-01 1.000000000000000000e+00
4.575503188498054818e+00 2.432048347998929572e+01 -1.188024329118813338e-01 1.000000000000000000e+00
4.589801635962110993e+00 2.432623996166585556e+01 -1.066257353355281046e-01 1.000000000000000000e+00
4.604100083426167167e+00 2.433144859804526661e+01 -9.444663646708188753e-02 1.000000000000000000e+00
4.618398530890224229e+00 2.433610927182510864e+01 -8.226541058904787707e-02 1.000000000000000000e+00
4.632696978354280404e+00 2.434022187804348647e+01 -7.008233203183424076e-02 1.000000000000000000e+00
4.646995425818336578e+00 2.434378632408139964e+01 -5.789767516757179239e-02 1.000000000000000000e+00
4.661293873282392752e+00 2.434680252966483849e+01 -4.571171440393483748e-02 1.000000000000000000e+00
4.675592320746449815e+00 2.434927042686656407e+01 -3.352472417796363569e-02 1.000000000000000000e+00
4.689890768210505989e+00 2.435118996010767134e+01 -2.133697894988384122e-02 1.000000000000000000e+00
4.704189215674562163e+00 2.435256108615882198e+01 -9.148753196922621359e-03 1.000000000000000000e+00
4.718487663138619226e+00 2.435338377414123201e+01 3.039678592871063959e-03 1.000000000000000000e+00
4.732786110602675400e+00 2.435365800552733262e+01 1.522804192680587802e-02 1.000000000000000000e+00
4.747084558066731574e+00 2.435338377414123201e+01 2.741606231373558411e-02 1.000000000000000000e+00
4.761383005530787749e+00 2.435256108615882198e+01 3.960346527023508173e-02 1.000000000000000000e+00
4.775681452994844811e+00 2.435118996010767134e+01 5.178997632678541269e-02 1.000000000000000000e+00
4.789979900458900985e+00 2.434927042686656407e+01 6.397532103395160707e-02 1.000000000000000000e+00
4.804278347922957160e+00 2.434680252966483849e+01 7.615922496856918078e-02 1.000000000000000000e+00
4.818576795387013334e+00 2.434378632408139964e+01 8.834141373991866164e-02 1.000000000000000000e+00
4.832875242851070396e+00 2.434022187804348647e+01 1.005216129959084631e-01 1.000000000000000000e+00
4.847173690315126571e+00 2.433610927182510864e+01 1.126995484292501321e-01 1.000000000000000000e+00
4.861472137779182745e+00 2.433144859804526661e+01 1.248749457836416249e-01 1.000000000000000000e+00
4.875770585243239807e+00 2.432623996166585556e+01 1.370475308599386488e-01 1.000000000000000000e+00
4.890069032707295982e+00 2.432048347998929572e+01 1.492170295223304022e-01 1.000000000000000000e+00
4.904367480171352156e+00 2.431417928265590334e+01 1.613831677045155510e-01 1.000000000000000000e+00
4.918665927635408330e+00 2.430732751164096683e+01 1.735456714158745417e-01 1.000000000000000000e+00
4.932964375099465393e+00 2.429992832125154578e+01 1.857042667476375974e-01 1.000000000000000000e+00
4.947262822563521567e+00 2.429198187812299636e+01 1.978586798790535339e-01 1.000000000000000000e+00
4.961561270027577741e+00 2.428348836121520904e+01 2.100086370835586302e-01 1.000000000000000000e+00
4.975859717491634804e+00 2.427444796180860820e+01 2.221538647349416973e-01 1.000000000000000000e+00
4.990158164955690978e+00 2.426486088349982140e+01 2.342940893135011804e-01 1.000000000000000000e+00
5.004456612419747152e+00 2.425472734219708926e+01 2.464290374122108662e-01 1.000000000000000000e+00
5.018755059883803327e+00 2.424404756611540890e+01 2.585584357428742375e-01 1.000000000000000000e+00
5.033053507347860389e+00 2.423282179577140738e+01 2.706820111422802433e-01 1.000000000000000000e+00
5.047351954811916563e+00 2.422105028397791671e+01 2.827994905783525748e-01 1.000000000000000000e+00
5.061650402275972738e+00 2.420873329583827172e+01 2.949106011563037977e-01 1.000000000000000000e+00
5.075948849740028912e+00 2.419587110874034153e+01 3.070150701247759129e-01 1.000000000000000000e+00
5.090247297204085974e+00 2.418246401235029808e+01 3.191126248819858846e-01 1.000000000000000000e+00
5.104545744668142149e+00 2.416851230860608268e+01 3.312029929818618990e-01 1.000000000000000000e+00
5.118844192132198323e+00 2.415401631171059904e+01 3.432859021401843402e-01 1.000000000000000000e+00
5.133142639596255385e+00 2.413897634812463977e+01 3.553610802407129454e-01 1.000000000000000000e+00
5.147441087060311560e+00 2.412339275655955007e+01 3.674282553413156238e-01 1.000000000000000000e+00
5.161739534524367734e+00 2.410726588796958225e+01 3.794871556800948897e-01 1.000000000000000000e+00
5.176037981988423908e+00 2.409059610554399455e+01 3.915375096815083555e-01 1.000000000000000000e+00
5.190336429452480971e+00 2.407338378469887630e+01 4.035790459624825632e-01 1.000000000000000000e+00
5.204634876916537145e+00 2.405562931306869601e+01 4.156114933385244847e-01 1.000000000000000000e+00
5.218933324380593319e+00 2.403733309049756883e+01 4.276345808298314122e-01 1.000000000000000000e+00
5.233231771844650382e+00 2.401849552903023621e+01 4.396480376673937429e-01 1.000000000000000000e+00
5.247530219308706556e+00 2.399911705290281816e+01 4.516515932990882720e-01 1.000000000000000000e+00
5.261828666772762730e+00 2.397919809853322448e+01 4.636449773957767029e-01 1.000000000000000000e+00
5.276127114236818905e+00 2.395873911451136351e+01 4.756279198573902245e-01 1.000000000000000000e+00
5.290425561700875967e+00 2.393774056158899910e+01 4.876001508190157541e-01 1.000000000000000000e+00
5.304724009164932141e+00 2.391620291266940868e+01 4.995614006569678023e-01 1.000000000000000000e+00
5.319022456628988316e+00 2.389412665279670733e+01 5.115113999948666113e-01 1.000000000000000000e+00
5.333320904093044490e+00 2.387151227914494456e+01 5.234498797097013600e-01 1.000000000000000000e+00
5.347619351557101552e+00 2.384836030100689186e+01 5.353765709378924820e-01 1.000000000000000000e+00
5.361917799021157727e+00 2.382467123978259593e+01 5.472912050813438789e-01 1.000000000000000000e+00
5.376216246485213901e+00 2.380044562896758720e+01 5.591935138134973560e-01 1.000000000000000000e+00
5.390514693949270963e+00 2.377568401414092847e+01 5.710832290853706805e-01 1.000000000000000000e+00
5.404813141413327138e+00 2.375038695295289415e+01 5.829600831315945308e-01 1.000000000000000000e+00
5.419111588877383312e+00 2.372455501511239717e+01 5.948238084764456701e-01 1.000000000000000000e+00
5.433410036341439486e+00 2.369818878237419923e+01 6.066741379398697953e-01 1.000000000000000000e+00
5.447708483805496549e+00 2.367128884852576576e+01 6.185108046434970586e-01 1.000000000000000000e+00
5.462006931269552723e+00 2.364385581937392544e+01 6.303335420166521486e-01 1.000000000000000000e+00
5.476305378733608897e+00 2.361589031273122430e+01 6.421420838023599309e-01 1.000000000000000000e+00
5.490603826197665072e+00 2.358739295840198125e+01 6.539361640633416517e-01 1.000000000000000000e+00
5.504902273661722134e+00 2.355836439816814831e+01 6.657155171880020372e-01 1.000000000000000000e+00
5.519200721125778308e+00 2.352880528577481911e+01 6.774798778964107315e-01 1.000000000000000000e+00
5.533499168589834483e+00 2.349871628691554193e+01 6.892289812462792931e-01 1.000000000000000000e+00
5.547797616053891545e+00 2.346809807921727753e+01 7.009625626389278663e-01 1.000000000000000000e+00
5.562096063517947719e+00 2.343695135222520776e+01 7.126803578252398630e-01 1.000000000000000000e+00
5.576394510982003894e+00 2.340527680738714267e+01 7.243821029116177534e-01 1.000000000000000000e+00
5.590692958446060068e+00 2.337307515803775360e+01 7.360675343659237591e-01 1.000000000000000000e+00
5.604991405910117130e+00 2.334034712938250422e+01 7.477363890234172139e-01 1.000000000000000000e+00
5.619289853374173305e+00 2.330709345848131875e+01 7.593884040926762724e-01 1.000000000000000000e+00
5.633588300838229479e+00 2.327331489423198718e+01 7.710233171615215042e-01 1.000000000000000000e+00
5.647886748302286541e+00 2.323901219735328283e+01 7.826408662029237240e-01 1.000000000000000000e+00
5.662185195766342716e+00 2.320418614036785598e+01 7.942407895809026064e-01 1.000000000000000000e+00
5.676483643230398890e+00 2.316883750758480076e+01 8.058228260564226364e-01 1.000000000000000000e+00
5.690782090694455064e+00 2.313296709508203719e+01 8.173867147932756261e-01 1.000000000000000000e+00
5.705080538158512127e+00 2.309657571068833803e+01 8.289321953639534613e-01 1.000000000000000000e+00
5.719378985622568301e+00 2.305966417396517443e+01 8.404590077555120775e-01 1.000000000000000000e+00
5.733677433086624475e+00 2.302223331618822755e+01 8.519668923754306622e-01 1.000000000000000000e+00
5.747975880550680650e+00 2.298428398032868358e+01 8.634555900574569787e-01 1.000000000000000000e+00
5.762274328014737712e+00 2.294581702103425158e+01 8.749248420674419213e-01 1.000000000000000000e+00
5.776572775478793886e+00 2.290683330460990419e+01 8.863743901091665212e-01 1.000000000000000000e+00
5.790871222942850061e+00 2.286733370899838746e+01 8.978039763301614018e-01 1.000000000000000000e+00
5.805169670406907123e+00 2.282731912376041805e+01 9.092133433275136900e-01 1.000000000000000000e+00
5.819468117870963297e+00 2.278679045005468851e+01 9.206022341536600484e-01 1.000000000000000000e+00
5.833766565335019472e+00 2.274574860061753157e+01 9.319703923221772657e-01 1.000000000000000000e+00
5.848065012799075646e+00 2.270419449974240322e+01 9.433175618135570817e-01 1.000000000000000000e+00
5.862363460263132708e+00 2.266212908325902831e+01 9.546434870809736850e-01 1.000000000000000000e+00
5.876661907727188883e+00 2.261955329851236840e+01 9.659479130560341131e-01 1.000000000000000000e+00
5.890960355191245057e+00 2.257646810434125229e+01 9.772305851545278754e-01 1.000000000000000000e+00
5.905258802655302119e+00 2.253287447105678609e+01 9.884912492821583685e-01 1.000000000000000000e+00
5.919557250119358294e+00 2.248877338042052187e+01 9.997296518402628562e-01 1.000000000000000000e+00
5.933855697583414468e+00 2.244416582562233131e+01 1.010945539731528786e+00 1.000000000000000000e+00
5.948154145047470642e+00 2.239905281125804493e+01 1.022138660365689677e+00 1.000000000000000000e+00
5.962452592511527705e+00 2.235343535330680353e+01 1.033308761665215014e+00 1.000000000000000000e+00
5.976751039975583879e+00 2.230731447910822496e+01 1.044455592070986150e+00 1.000000000000000000e+00
5.991049487439640053e+00 2.226069122733922967e+01 1.055578900547962995e+00 1.000000000000000000e+00
6.005347934903696228e+00 2.221356664799066394e+01 1.066678436590838830e+00 1.000000000000000000e+00
6.019646382367753290e+00 2.216594180234363520e+01 1.077753950229678237e+00 1.000000000000000000e+00
6.033944829831809464e+00 2.211781776294565205e+01 1.088805192035548153e+00 1.000000000000000000e+00
6.048243277295865639e+00 2.206919561358643023e+01 1.099831913126136484e+00 1.000000000000000000e+00
6.062541724759922701e+00 2.202007644927347840e+01 1.110833865171356960e+00 1.000000000000000000e+00
6.076840172223978875e+00 2.197046137620749207e+01 1.121810800398938435e+00 1.000000000000000000e+00
6.091138619688035050e+00 2.192035151175738505e+01 1.132762471600010423e+00 1.000000000000000000e+00
6.105437067152091224e+00 2.186974798443515411e+01 1.143688632134664429e+00 1.000000000000000000e+00
6.119735514616148286e+00 2.181865193387044499e+01 1.154589035937514385e+00 1.000000000000000000e+00
6.134033962080204461e+00 2.176706451078491966e+01 1.165463437523232892e+00 1.000000000000000000e+00
6.148332409544260635e+00 2.171498687696630725e+01 1.176311591992081906e+00 1.000000000000000000e+00
6.162630857008317697e+00 2.166242020524224898e+01 1.187133255035431656e+00 1.000000000000000000e+00
6.176929304472373872e+00 2.160936567945390507e+01 1.197928182941254693e+00 1.000000000000000000e+00
6.191227751936430046e+00 2.155582449442925608e+01 1.208696132599623274e+00 1.000000000000000000e+00
6.205526199400486220e+00 2.150179785595623727e+01 1.219436861508176539e+00 1.000000000000000000e+00
6.219824646864543283e+00 2.144728698075553908e+01 1.230150127777589031e+00 1.000000000000000000e+00
6.234123094328599457e+00 2.139229309645326182e+01 1.240835690137010783e+00 1.000000000000000000e+00
6.248421541792655631e+00 2.133681744155320104e+01 1.251493307939508748e+00 1.000000000000000000e+00
6.262719989256711806e+00 2.128086126540900835e+01 1.262122741167478690e+00 1.000000000000000000e+00
6.277018436720768868e+00 2.122442582819602919e+01 1.272723750438057966e+00 1.000000000000000000e+00
6.291316884184825042e+00 2.116751240088295205e+01 1.283296097008508996e+00 1.000000000000000000e+00
6.305615331648881217e+00 2.111012226520312041e+01 1.293839542781603846e+00 1.000000000000000000e+00
6.319913779112938279e+00 2.105225671362574857e+01 1.304353850310979945e+00 1.000000000000000000e+00
6.334212226576994453e+00 2.099391704932676816e+01 1.314838782806488693e+00 1.000000000000000000e+00
6.348510674041050628e+00 2.093510458615947911e+01 1.325294104139532525e+00 1.000000000000000000e+00
6.362809121505106802e+00 2.087582064862496267e+01 1.335719578848379330e+00 1.000000000000000000e+00
6.377107568969163864e+00 2.081606657184227060e+01 1.346114972143463318e+00 1.000000000000000000e+00
6.391406016433220039e+00 2.075584370151835856e+01 1.356480049912675234e+00 1.000000000000000000e+00
6.405704463897276213e+00 2.069515339391773523e+01 1.366814578726636142e+00 1.000000000000000000e+00
6.420002911361333275e+00 2.063399701583197299e+01 1.377118325843952329e+00 1.000000000000000000e+00
6.434301358825389450e+00 2.057237594454889162e+01 1.387391059216455780e+00 1.000000000000000000e+00
6.448599806289445624e+00 2.051029156782156804e+01 1.397632547494430888e+00 1.000000000000000000e+00
6.462898253753501798e+00 2.044774528383704748e+01 1.407842560031827839e+00 1.000000000000000000e+00
6.477196701217558861e+00 2.038473850118489139e+01 1.418020866891453347e+00 1.000000000000000000e+00
6.491495148681615035e+00 2.032127263882542678e+01 1.428167238850148513e+00 1.000000000000000000e+00
6.505793596145671209e+00 2.025734912605781446e+01 1.438281447403952473e+00 1.000000000000000000e+00
6.520092043609727384e+00 2.019296940248784722e+01 1.448363264773250947e+00 1.000000000000000000e+00
6.534390491073784446e+00 2.012813491799550647e+01 1.458412463907902357e+00 1.000000000000000000e+00
6.548688938537840620e+00 2.006284713270236608e+01 1.468428818492351740e+00 1.000000000000000000e+00
6.562987386001896795e+00 1.999710751693866584e+01 1.478412102950727558e+00 1.000000000000000000e+00
6.577285833465953857e+00 1.993091755121018593e+01 1.488362092451925411e+00 1.000000000000000000e+00
6.591584280930010031e+00 1.986427872616496515e+01 1.498278562914665102e+00 1.000000000000000000e+00
6.605882728394066206e+00 1.979719254255966732e+01 1.508161291012543481e+00 1.000000000000000000e+00
6.620181175858122380e+00 1.972966051122581987e+01 1.518010054179057988e+00 1.000000000000000000e+00
6.634479623322179442e+00 1.966168415303576822e+01 1.527824630612625301e+00 1.000000000000000000e+00
6.648778070786235617e+00 1.959326499886844530e+01 1.537604799281569568e+00 1.000000000000000000e+00
6.663076518250291791e+00 1.952440458957487124e+01 1.547350339929107310e+00 1.000000000000000000e+00
6.677374965714348853e+00 1.945510447594347880e+01 1.557061033078301238e+00 1.000000000000000000e+00
6.691673413178405028e+00 1.938536621866517606e+01 1.566736660037007178e+00 1.000000000000000000e+00
6.705971860642461202e+00 1.931519138829818161e+01 1.576377002902798141e+00 1.000000000000000000e+00
6.720270308106517376e+00 1.924458156523266439e+01 1.585981844567873500e+00 1.000000000000000000e+00
6.734568755570574439e+00 1.917353833965518461e+01 1.595550968723942642e+00 1.000000000000000000e+00
6.748867203034630613e+00 1.910206331151284331e+01 1.605084159867102178e+00 1.000000000000000000e+00
6.763165650498686787e+00 1.903015809047725426e+01 1.614581203302687840e+00 1.000000000000000000e+00
6.777464097962742962e+00 1.895782429590828855e+01 1.624041885150109277e+00 1.000000000000000000e+00
6.791762545426800024e+00 1.888506355681765569e+01 1.633465992347664875e+00 1.000000000000000000e+00
6.806060992890856198e+00 1.881187751183214374e+01 1.642853312657342135e+00 1.000000000000000000e+00
6.820359440354912373e+00 1.873826780915676338e+01 1.652203634669598964e+00 1.000000000000000000e+00
6.834657887818969435e+00 1.866423610653760790e+01 1.661516747808120975e+00 1.000000000000000000e+00
6.848956335283025609e+00 1.858978407122455323e+01 1.670792442334564809e+00 1.000000000000000000e+00
6.863254782747081784e+00 1.851491337993365960e+01 1.680030509353285462e+00 1.000000000000000000e+00
6.877553230211137958e+00 1.843962571880943102e+01 1.689230740816036969e+00 1.000000000000000000e+00
6.891851677675195020e+00 1.836392278338686523e+01 1.698392929526657102e+00 1.000000000000000000e+00
6.906150125139251195e+00 1.828780627855325847e+01 1.707516869145734972e+00 1.000000000000000000e+00
6.920448572603307369e+00 1.821127791850977928e+01 1.716602354195260416e+00 1.000000000000000000e+00
6.934747020067364431e+00 1.813433942673288612e+01 1.725649180063248522e+00 1.000000000000000000e+00
6.949045467531420606e+00 1.805699253593553877e+01 1.734657143008347502e+00 1.000000000000000000e+00
6.963343914995476780e+00 1.797923898802813980e+01 1.743626040164426572e+00 1.000000000000000000e+00
6.977642362459532954e+00 1.790108053407930555e+01 1.752555669545149408e+00 1.000000000000000000e+00
6.991940809923590017e+00 1.782251893427644518e+01 1.761445830048518513e+00 1.000000000000000000e+00
7.006239257387646191e+00 1.774355595788612305e+01 1.770296321461403366e+00 1.000000000000000000e+00
7.020537704851702365e+00 1.766419338321422572e+01 1.779106944464052598e+00 1.000000000000000000e+00
7.034836152315758540e+00 1.758443299756586597e+01 1.787877500634582617e+00 1.000000000000000000e+00
7.049134599779815602e+00 1.750427659720515550e+01 1.796607792453444263e+00 1.000000000000000000e+00
7.063433047243871776e+00 1.742372598731478561e+01 1.805297623307871469e+00 1.000000000000000000e+00
7.077731494707927951e+00 1.734278298195533452e+01 1.813946797496309715e+00 1.000000000000000000e+00
7.092029942171985013e+00 1.726144940402440753e+01 1.822555120232824732e+00 1.000000000000000000e+00
7.106328389636041187e+00 1.717972708521561742e+01 1.831122397651485434e+00 1.000000000000000000e+00
7.120626837100097362e+00 1.709761786597729483e+01 1.839648436810735088e+00 1.000000000000000000e+00
7.134925284564153536e+00 1.701512359547108844e+01 1.848133045697730736e+00 1.000000000000000000e+00
7.149223732028210598e+00 1.693224613153025970e+01 1.856576033232673728e+00 1.000000000000000000e+00
7.163522179492266773e+00 1.684898734061791004e+01 1.864977209273106062e+00 1.000000000000000000e+00
7.177820626956322947e+00 1.676534909778488114e+01 1.873336384618199624e+00 1.000000000000000000e+00
7.192119074420380009e+00 1.668133328662757719e+01 1.881653371013011444e+00 1.000000000000000000e+00
7.206417521884436184e+00 1.659694179924552770e+01 1.889927981152725645e+00 1.000000000000000000e+00
7.220715969348492358e+00 1.651217653619876202e+01 1.898160028686872502e+00 1.000000000000000000e+00
7.235014416812548532e+00 1.642703940646501692e+01 1.906349328223524875e+00 1.000000000000000000e+00
7.249312864276605595e+00 1.634153232739676653e+01 1.914495695333471748e+00 1.000000000000000000e+00
7.263611311740661769e+00 1.625565722467802132e+01 1.922598946554371580e+00 1.000000000000000000e+00
7.277909759204717943e+00 1.616941603228094237e+01 1.930658899394887662e+00 1.000000000000000000e+00
7.292208206668774118e+00 1.608281069242231709e+01 1.938675372338795277e+00 1.000000000000000000e+00
7.306506654132831180e+00 1.599584315551981462e+01 1.946648184849068208e+00 1.000000000000000000e+00
7.320805101596887354e+00 1.590851538014806366e+01 1.954577157371945928e+00 1.000000000000000000e+00
7.335103549060943529e+00 1.582082933299450644e+01 1.962462111340979920e+00 1.000000000000000000e+00
7.349401996525000591e+00 1.573278698881515325e+01 1.970302869181052019e+00 1.000000000000000000e+00
7.363700443989056765e+00 1.564439033039009708e+01 1.978099254312372324e+00 1.000000000000000000e+00
7.377998891453112940e+00 1.555564134847885605e+01 1.985851091154459125e+00 1.000000000000000000e+00
7.392297338917169114e+00 1.546654204177552572e+01 1.993558205130092631e+00 1.000000000000000000e+00
7.406595786381226176e+00 1.537709441686378398e+01 2.001220422669245380e+00 1.000000000000000000e+00
7.420894233845282351e+00 1.528730048817170939e+01 2.008837571212990891e+00 1.000000000000000000e+00
7.435192681309338525e+00 1.519716227792639884e+01 2.016409479217389666e+00 1.000000000000000000e+00
7.449491128773394699e+00 1.510668181610841643e+01 2.023935976157356542e+00 1.000000000000000000e+00
7.463789576237451762e+00 1.501586114040610376e+01 2.031416892530494511e+00 1.000000000000000000e+00
7.478088023701507936e+00 1.492470229616968602e+01 2.038852059860916555e+00 1.000000000000000000e+00
7.492386471165564110e+00 1.483320733636518085e+01 2.046241310703039051e+00 1.000000000000000000e+00
7.506684918629621173e+00 1.474137832152816863e+01 2.053584478645352540e+00 1.000000000000000000e+00
7.520983366093677347e+00 1.464921731971743490e+01 2.060881398314168500e+00 1.000000000000000000e+00
7.535281813557733521e+00 1.455672640646835880e+01 2.068131905377343482e+00 1.000000000000000000e+00
7.549580261021789696e+00 1.446390766474615575e+01 2.075335836547983703e+00 1.000000000000000000e+00
7.563878708485846758e+00 1.437076318489897808e+01 2.082493029588118549e+00 1.000000000000000000e+00
7.578177155949902932e+00 1.427729506461087539e+01 2.089603323312354100e+00 1.000000000000000000e+00
7.592475603413959107e+00 1.418350540885452205e+01 2.096666557591504887e+00 1.000000000000000000e+00
7.606774050878016169e+00 1.408939632984378143e+01 2.103682573356202123e+00 1.000000000000000000e+00
7.621072498342072343e+00 1.399496994698621677e+01 2.110651212600469506e+00 1.000000000000000000e+00
7.635370945806128518e+00 1.390022838683526274e+01 2.117572318385289698e+00 1.000000000000000000e+00
7.649669393270184692e+00 1.380517378304242904e+01 2.124445734842131284e+00 1.000000000000000000e+00
7.663967840734241754e+00 1.370980827630917709e+01 2.131271307176466401e+00 1.000000000000000000e+00
7.678266288198297929e+00 1.361413401433875592e+01 2.138048881671248402e+00 1.000000000000000000e+00
7.692564735662354103e+00 1.351815315178779109e+01 2.144778305690383302e+00 1.000000000000000000e+00
7.706863183126410277e+00 1.342186785021781859e+01 2.151459427682157699e+00 1.000000000000000000e+00
7.721161630590467340e+00 1.332528027804653625e+01 2.158092097182658708e+00 1.000000000000000000e+00
7.735460078054523514e+00 1.322839261049903570e+01 2.164676164819159698e+00 1.000000000000000000e+00
7.749758525518579688e+00 1.313120702955874641e+01 2.171211482313484709e+00 1.000000000000000000e+00
7.764056972982636751e+00 1.303372572391836925e+01 2.177697902485348003e+00 1.000000000000000000e+00
7.778355420446692925e+00 1.293595088893053813e+01 2.184135279255667417e+00 1.000000000000000000e+00
7.792653867910749099e+00 1.283788472655838220e+01 2.190523467649856393e+00 1.000000000000000000e+00
7.806952315374805274e+00 1.273952944532592824e+01 2.196862323801088035e+00 1.000000000000000000e+00
7.821250762838862336e+00 1.264088726026840881e+01 2.203151704953533851e+00 1.000000000000000000e+00
7.835549210302918510e+00 1.254196039288233955e+01 2.209391469465578961e+00 1.000000000000000000e+00
7.849847657766974685e+00 1.244275107107549161e+01 2.215581476813014650e+00 1.000000000000000000e+00
7.864146105231031747e+00 1.234326152911670427e+01 2.221721587592201175e+00 1.000000000000000000e+00
7.878444552695087921e+00 1.224349400758561757e+01 2.227811663523205254e+00 1.000000000000000000e+00
7.892743000159144096e+00 1.214345075332218293e+01 2.233851567452916242e+00 1.000000000000000000e+00
7.907041447623200270e+00 1.204313401937603345e+01 2.239841163358136988e+00 1.000000000000000000e+00
7.921339895087257332e+00 1.194254606495577953e+01 2.245780316348644501e+00 1.000000000000000000e+00
7.935638342551313507e+00 1.184168915537813049e+01 2.251668892670226629e+00 1.000000000000000000e+00
7.949936790015369681e+00 1.174056556201688117e+01 2.257506759707696986e+00 1.000000000000000000e+00
7.964235237479425855e+00 1.163917756225171907e+01 2.263293785987881002e+00 1.000000000000000000e+00
7.978533684943482918e+00 1.153752743941696401e+01 2.269029841182576224e+00 1.000000000000000000e+00
7.992832132407539092e+00 1.143561748275016932e+01 2.274714796111487303e+00 1.000000000000000000e+00
8.007130579871596154e+00 1.133344998734052744e+01 2.280348522745135664e+00 1.000000000000000000e+00
8.021429027335651440e+00 1.123102725407722424e+01 2.285930894207740316e+00 1.000000000000000000e+00
8.035727474799708503e+00 1.112835158959753024e+01 2.291461784780082667e+00 1.000000000000000000e+00
8.050025922263765565e+00 1.102542530623497541e+01 2.296941069902328714e+00 1.000000000000000000e+00
8.064324369727820851e+00 1.092225072196721136e+01 2.302368626176837463e+00 1.000000000000000000e+00
8.078622817191877914e+00 1.081883016036378287e+01 2.307744331370944479e+00 1.000000000000000000e+00
8.092921264655933200e+00 1.071516595053386744e+01 2.313068064419707248e+00 1.000000000000000000e+00
8.107219712119990263e+00 1.061126042707374850e+01 2.318339705428637210e+00 1.000000000000000000e+00
8.121518159584047325e+00 1.050711593001430266e+01 2.323559135676397158e+00 1.000000000000000000e+00
8.135816607048102611e+00 1.040273480476826862e+01 2.328726237617475103e+00 1.000000000000000000e+00
8.150115054512159674e+00 1.029811940207740761e+01 2.333840894884833705e+00 1.000000000000000000e+00
8.164413501976216736e+00 1.019327207795961066e+01 2.338902992292528182e+00 1.000000000000000000e+00
8.178711949440272022e+00 1.008819519365582806e+01 2.343912415838299790e+00 1.000000000000000000e+00
8.193010396904329085e+00 9.982891115576816077e+00 2.348869052706149763e+00 1.000000000000000000e+00
8.207308844368386147e+00 9.877362215249966937e+00 2.353772791268870179e+00 1.000000000000000000e+00
8.221607291832441433e+00 9.771610869265831667e+00 2.358623521090565056e+00 1.000000000000000000e+00
8.235905739296498496e+00 9.665639459224573571e+00 2.363421132929135471e+00 1.000000000000000000e+00
8.250204186760555558e+00 9.559450371682396863e+00 2.368165518738739372e+00 1.000000000000000000e+00
8.264502634224610844e+00 9.453045998097760361e+00 2.372856571672224746e+00 1.000000000000000000e+00
8.278801081688667907e+00 9.346428734777509462e+00 2.377494186083536132e+00 1.000000000000000000e+00
8.293099529152723193e+00 9.239600982822965491e+00 2.382078257530094501e+00 1.000000000000000000e+00
8.307397976616780255e+00 9.132565148075752148e+00 2.386608682775149592e+00 1.000000000000000000e+00
8.321696424080837318e+00 9.025323641063724978e+00 2.391085359790101617e+00 1.000000000000000000e+00
8.335994871544892604e+00 8.917878876946634392e+00 2.395508187756803853e+00 1.000000000000000000e+00
8.350293319008949666e+00 8.810233275461694546e+00 2.399877067069830172e+00 1.000000000000000000e+00
8.364591766473006729e+00 8.702389260869169973e+00 2.404191899338718574e+00 1.000000000000000000e+00
8.378890213937062015e+00 8.594349261897727743e+00 2.408452587390186306e+00 1.000000000000000000e+00
8.393188661401119077e+00 8.486115711689727448e+00 2.412659035270321883e+00 1.000000000000000000e+00
8.407487108865176140e+00 8.377691047746475661e+00 2.416811148246741592e+00 1.000000000000000000e+00
8.421785556329231426e+00 8.269077711873316971e+00 2.420908832810724665e+00 1.000000000000000000e+00
8.436084003793288488e+00 8.160278150124570473e+00 2.424951996679320487e+00 1.000000000000000000e+00
8.450382451257343774e+00 8.051294812748565732e+00 2.428940548797424270e+00 1.000000000000000000e+00
8.464680898721400837e+00 7.942130154132357234e+00 2.432874399339830518e+00 1.000000000000000000e+00
8.478979346185457899e+00 7.832786632746519651e+00 2.436753459713254077e+00 1.000000000000000000e+00
8.493277793649513185e+00 7.723266711089746828e+00 2.440577642558324545e+00 1.000000000000000000e+00
8.507576241113570248e+00 7.613572855633373493e+00 2.444346861751556688e+00 1.000000000000000000e+00
8.521874688577627310e+00 7.503707536765884534e+00 2.448061032407287119e+00 1.000000000000000000e+00
8.536173136041682596e+00 7.393673228737260850e+00 2.451720070879586988e+00 1.000000000000000000e+00
8.550471583505739659e+00 7.283472409603185760e+00 2.455323894764147141e+00 1.000000000000000000e+00
8.564770030969796721e+00 7.173107561169359769e+00 2.458872422900131749e+00 1.000000000000000000e+00
8.579068478433852007e+00 7.062581168935536446e+00 2.462365575372006177e+00 1.000000000000000000e+00
8.593366925897909070e+00 6.951895722039528103e+00 2.465803273511339544e+00 1.000000000000000000e+00
8.607665373361964356e+00 6.841053713201215025e+00 2.469185439898572199e+00 1.000000000000000000e+00
8.621963820826021418e+00 6.730057638666335329e+00 2.472511998364763652e+00 1.000000000000000000e+00
8.636262268290078481e+00 6.618909998150331653e+00 2.475782873993304101e+00 1.000000000000000000e+00
8.650560715754133767e+00 6.507613294782035318e+00 2.478997993121603738e+00 1.000000000000000000e+00
8.664859163218190830e+00 6.396170035047228808e+00 2.482157283342752319e+00 1.000000000000000000e+00
8.679157610682247892e+00 6.284582728732307721e+00 2.485260673507147189e+00 1.000000000000000000e+00
8.693456058146303178e+00 6.172853888867707361e+00 2.488308093724098224e+00 1.000000000000000000e+00
8.707754505610360241e+00 6.060986031671261820e+00 2.491299475363400351e+00 1.000000000000000000e+00
8.722052953074417303e+00 5.948981676491620796e+00 2.494234751056879862e+00 1.000000000000000000e+00
8.736351400538472589e+00 5.836843345751466572e+00 2.497113854699910984e+00 1.000000000000000000e+00
8.750649848002529652e+00 5.724573564890684807e+00 2.499936721452905353e+00 1.000000000000000000e+00
8.764948295466586714e+00 5.612174862309544210e+00 2.502703287742771288e+00 1.000000000000000000e+00
8.779246742930642000e+00 5.499649769311734104e+00 2.505413491264346426e+00 1.000000000000000000e+00
8.793545190394699063e+00 5.387000820047310512e+00 2.508067270981801045e+00 1.000000000000000000e+00
8.807843637858754349e+00 5.274230551455729277e+00 2.510664567130010738e+00 1.000000000000000000e+00
8.822142085322811411e+00 5.161341503208567438e+00 2.513205321215905119e+00 1.000000000000000000e+00
8.836440532786868474e+00 5.048336217652477309e+00 2.515689476019783655e+00 1.000000000000000000e+00
8.850738980250923760e+00 4.935217239751851004e+00 2.518116975596602636e+00 1.000000000000000000e+00
8.865037427714980822e+00 4.821987117031486747e+00 2.520487765277239056e+00 1.000000000000000000e+00
8.879335875179037885e+00 4.708648399519278271e+00 2.522801791669718519e+00 1.000000000000000000e+00
8.893634322643093171e+00 4.595203639688758557e+00 2.525059002660418273e+00 1.000000000000000000e+00
8.907932770107150233e+00 4.481655392401581395e+00 2.527259347415243607e+00 1.000000000000000000e+00
8.922231217571207296e+00 4.368006214850046476e+00 2.529402776380766937e+00 1.000000000000000000e+00
8.936529665035262582e+00 4.254258666499491248e+00 2.531489241285349578e+00 1.000000000000000000e+00
8.950828112499319644e+00 4.140415309030572644e+00 2.533518695140227095e+00 1.000000000000000000e+00
8.965126559963374930e+00 4.026478706281719333e+00 2.535491092240564459e+00 1.000000000000000000e+00
8.979425007427431993e+00 3.912451424191255356e+00 2.537406388166490334e+00 1.000000000000000000e+00
8.993723454891489055e+00 3.798336030739709823e+00 2.539264539784092722e+00 1.000000000000000000e+00
9.008021902355544341e+00 3.684135095891940104e+00 2.541065505246395073e+00 1.000000000000000000e+00
9.022320349819601404e+00 3.569851191539234136e+00 2.542809243994293755e+00 1.000000000000000000e+00
9.036618797283658466e+00 3.455486891441445163e+00 2.544495716757475989e+00 1.000000000000000000e+00
9.050917244747713752e+00 3.341044771169009664e+00 2.546124885555300477e+00 1.000000000000000000e+00
9.065215692211770815e+00 3.226527408044870704e+00 2.547696713697656712e+00 1.000000000000000000e+00
9.079514139675827877e+00 3.111937381086558041e+00 2.549211165785786548e+00 1.000000000000000000e+00
9.093812587139883163e+00 2.997277270948039529e+00 2.550668207713085778e+00 1.000000000000000000e+00
9.108111034603940226e+00 2.882549659861574298e+00 2.552067806665869742e+00 1.000000000000000000e+00
9.122409482067995512e+00 2.767757131579637431e+00 2.553409931124112298e+00 1.000000000000000000e+00
9.136707929532052574e+00 2.652902271316644800e+00 2.554694550862157687e+00 1.000000000000000000e+00
9.151006376996109637e+00 2.537987665690808470e+00 2.555921636949398668e+00 1.000000000000000000e+00
9.165304824460164923e+00 2.423015902665862864e+00 2.557091161750929764e+00 1.000000000000000000e+00
9.179603271924221986e+00 2.307989571492703007e+00 2.558203098928169883e+00 1.000000000000000000e+00
9.193901719388279048e+00 2.192911262651206616e+00 2.559257423439452950e+00 1.000000000000000000e+00
9.208200166852334334e+00 2.077783567791815944e+00 2.560254111540595456e+00 1.000000000000000000e+00
9.222498614316391397e+00 1.962609079677152479e+00 2.561193140785427591e+00 1.000000000000000000e+00
9.236797061780448459e+00 1.847390392123688052e+00 2.562074490026302609e+00 1.000000000000000000e+00
9.251095509244503745e+00 1.732130099943300250e+00 2.562898139414569787e+00 1.000000000000000000e+00
9.265393956708560808e+00 1.616830798884801634e+00 2.563664070401022066e+00 1.000000000000000000e+00
9.279692404172616094e+00 1.501495085575567989e+00 2.564372265736315271e+00 1.000000000000000000e+00
9.293990851636673156e+00 1.386125557462930757e+00 2.565022709471356688e+00 1.000000000000000000e+00
9.308289299100730219e+00 1.270724812755822164e+00 2.565615386957660782e+00 1.000000000000000000e+00
9.322587746564785505e+00 1.155295450366183196e+00 2.566150284847683594e+00 1.000000000000000000e+00
9.336886194028842567e+00 1.039840069850415549e+00 2.566627391095120281e+00 1.000000000000000000e+00
9.351184641492899630e+00 9.243612713509008483e-01 2.567046694955178232e+00 1.000000000000000000e+00
9.365483088956954916e+00 8.088616555374111838e-01 2.567408186984817764e+00 1.000000000000000000e+00
9.379781536421011978e+00 6.933438235485078760e-01 2.567711859042964839e+00 1.000000000000000000e+00
9.394079983885069041e+00 5.778103769330275030e-01 2.567957704290696253e+00 1.000000000000000000e+00
9.408378431349124327e+00 4.622639175914583509e-01 2.568145717191390620e+00 1.000000000000000000e+00
9.422676878813181389e+00 3.467070477173140874e-01 2.568275893510855390e+00 1.000000000000000000e+00
9.436975326277238452e+00 2.311423697385930898e-01 2.568348230317421432e+00 1.000000000000000000e+00
9.451273773741293738e+00 1.155724862591491486e-01 2.568362725982010097e+00 1.000000000000000000e+00
9.465572221205350800e+00 2.982462932399835783e-15 2.568319380178167410e+00 1.000000000000000000e+00
9.479870668669406086e+00 -1.155724862591323565e-01 2.568218193882073397e+00 1.000000000000000000e+00
9.494169116133463149e+00 -2.311423697385979192e-01 2.568059169372520323e+00 1.000000000000000000e+00
9.508467563597520211e+00 -3.467070477173189724e-01 2.567842310230859848e+00 1.000000000000000000e+00
9.522766011061575497e+00 -4.622639175914525222e-01 2.567567621340924422e+00 1.000000000000000000e+00
9.537064458525632560e+00 -5.778103769330322770e-01 2.567235108888914485e+00 1.000000000000000000e+00
9.551362905989689622e+00 -6.933438235485129830e-01 2.566844780363261691e+00 1.000000000000000000e+00
9.565661353453744908e+00 -8.088616555373943084e-01 2.566396644554459705e+00 1.000000000000000000e+00
9.579959800917801971e+00 -9.243612713508948531e-01 2.565890711554865256e+00 1.000000000000000000e+00
9.594258248381859033e+00 -1.039840069850409554e+00 2.565326992758471647e+00 1.000000000000000000e+00
9.608556695845914319e+00 -1.155295450366166543e+00 2.564705500860651188e+00 1.000000000000000000e+00
9.622855143309971382e+00 -1.270724812755816169e+00 2.564026249857871864e+00 1.000000000000000000e+00
9.637153590774026668e+00 -1.386125557462914104e+00 2.563289255047378479e+00 1.000000000000000000e+00
9.651452038238083730e+00 -1.501495085575551336e+00 2.562494533026852039e+00 1.000000000000000000e+00
9.665750485702140793e+00 -1.616830798884806519e+00 2.561642101694030949e+00 1.000000000000000000e+00
9.680048933166196079e+00 -1.732130099943283819e+00 2.560731980246313988e+00 1.000000000000000000e+00
9.694347380630253141e+00 -1.847390392123682279e+00 2.559764189180322891e+00 1.000000000000000000e+00
9.708645828094310204e+00 -1.962609079677146484e+00 2.558738750291443598e+00 1.000000000000000000e+00
9.722944275558365490e+00 -2.077783567791799513e+00 2.557655686673334650e+00 1.000000000000000000e+00
9.737242723022422553e+00 -2.192911262651200399e+00 2.556515022717406715e+00 1.000000000000000000e+00
9.751541170486479615e+00 -2.307989571492696790e+00 2.555316784112272810e+00 1.000000000000000000e+00
9.765839617950534901e+00 -2.423015902665845989e+00 2.554060997843172309e+00 1.000000000000000000e+00
9.780138065414591964e+00 -2.537987665690813355e+00 2.552747692191359885e+00 1.000000000000000000e+00
9.794436512878647250e+00 -2.652902271316627925e+00 2.551376896733471344e+00 1.000000000000000000e+00
9.808734960342704312e+00 -2.767757131579620111e+00 2.549948642340854832e+00 1.000000000000000000e+00
9.823033407806761375e+00 -2.882549659861568081e+00 2.548462961178878494e+00 1.000000000000000000e+00
9.837331855270816661e+00 -2.997277270948023098e+00 2.546919886706204839e+00 1.000000000000000000e+00
9.851630302734873723e+00 -3.111937381086551824e+00 2.545319453674035337e+00 1.000000000000000000e+00
9.865928750198930786e+00 -3.226527408044864043e+00 2.543661698125331050e+00 1.000000000000000000e+00
9.880227197662986072e+00 -3.341044771168993677e+00 2.541946657393999498e+00 1.000000000000000000e+00
9.894525645127043134e+00 -3.455486891441449604e+00 2.540174370104052670e+00 1.000000000000000000e+00
9.908824092591100197e+00 -3.569851191539239466e+00 2.538344876168739273e+00 1.000000000000000000e+00
9.923122540055155483e+00 -3.684135095891923672e+00 2.536458216789644560e+00 1.000000000000000000e+00
9.937420987519212545e+00 -3.798336030739703606e+00 2.534514434455762188e+00 1.000000000000000000e+00
9.951719434983269608e+00 -3.912451424191250027e+00 2.532513572942538982e+00 1.000000000000000000e+00
9.966017882447324894e+00 -4.026478706281703346e+00 2.530455677310887275e+00 1.000000000000000000e+00
9.980316329911381956e+00 -4.140415309030566426e+00 2.528340793906170614e+00 1.000000000000000000e+00
9.994614777375437242e+00 -4.254258666499474373e+00 2.526168970357161481e+00 1.000000000000000000e+00
1.000891322483949430e+01 -4.368006214850050917e+00 2.523940255574965263e+00 1.000000000000000000e+00
1.002321167230355137e+01 -4.481655392401585836e+00 2.521654699751923356e+00 1.000000000000000000e+00
1.003751011976760665e+01 -4.595203639688752340e+00 2.519312354360478956e+00 1.000000000000000000e+00
1.005180856723166372e+01 -4.708648399519282712e+00 2.516913272152018433e+00 1.000000000000000000e+00
1.006610701469572078e+01 -4.821987117031491188e+00 2.514457507155686056e+00 1.000000000000000000e+00
1.008040546215977606e+01 -4.935217239751834128e+00 2.511945114677164970e+00 1.000000000000000000e+00
1.009470390962383313e+01 -5.048336217652471092e+00 2.509376151297429303e+00 1.000000000000000000e+00
1.010900235708789019e+01 -5.161341503208561221e+00 2.506750674871476736e+00 1.000000000000000000e+00
1.012330080455194548e+01 -5.274230551455712401e+00 2.504068744527017998e+00 1.000000000000000000e+00
1.013759925201600254e+01 -5.387000820047315841e+00 2.501330420663150811e+00 1.000000000000000000e+00
1.015189769948005782e+01 -5.499649769311726999e+00 2.498535764948996096e+00 1.000000000000000000e+00
1.016619614694411489e+01 -5.612174862309550427e+00 2.495684840322311970e+00 1.000000000000000000e+00
1.018049459440817195e+01 -5.724573564890689248e+00 2.492777710988073991e+00 1.000000000000000000e+00
1.019479304187222723e+01 -5.836843345751451473e+00 2.489814442417031426e+00 1.000000000000000000e+00
1.020909148933628430e+01 -5.948981676491613690e+00 2.486795101344228875e+00 1.000000000000000000e+00
1.022338993680034136e+01 -6.060986031671255603e+00 2.483719755767508364e+00 1.000000000000000000e+00
1.023768838426439665e+01 -6.172853888867690486e+00 2.480588474945975896e+00 1.000000000000000000e+00
1.025198683172845371e+01 -6.284582728732303281e+00 2.477401329398439156e+00 1.000000000000000000e+00
1.026628527919251077e+01 -6.396170035047221702e+00 2.474158390901824323e+00 1.000000000000000000e+00
1.028058372665656606e+01 -6.507613294782019331e+00 2.470859732489555149e+00 1.000000000000000000e+00
1.029488217412062312e+01 -6.618909998150336094e+00 2.467505428449910720e+00 1.000000000000000000e+00
1.030918062158467841e+01 -6.730057638666319342e+00 2.464095554324351678e+00 1.000000000000000000e+00
1.032347906904873547e+01 -6.841053713201198150e+00 2.460630186905817585e+00 1.000000000000000000e+00
1.033777751651279253e+01 -6.951895722039520109e+00 2.457109404237001193e+00 1.000000000000000000e+00
1.035207596397684782e+01 -7.062581168935521347e+00 2.453533285608587189e+00 1.000000000000000000e+00
1.036637441144090488e+01 -7.173107561169355328e+00 2.449901911557467837e+00 1.000000000000000000e+00
1.038067285890496194e+01 -7.283472409603180431e+00 2.446215363864928882e+00 1.000000000000000000e+00
1.039497130636901723e+01 -7.393673228737244862e+00 2.442473725554810127e+00 1.000000000000000000e+00
1.040926975383307429e+01 -7.503707536765888975e+00 2.438677080891631821e+00 1.000000000000000000e+00
1.042356820129713135e+01 -7.613572855633376157e+00 2.434825515378698402e+00 1.000000000000000000e+00
1.043786664876118664e+01 -7.723266711089731729e+00 2.430919115756176030e+00 1.000000000000000000e+00
1.045216509622524370e+01 -7.832786632746513433e+00 2.426957969999132381e+00 1.000000000000000000e+00
1.046646354368930076e+01 -7.942130154132351905e+00 2.422942167315563555e+00 1.000000000000000000e+00
1.048076199115335605e+01 -8.051294812748549745e+00 2.418871798144378360e+00 1.000000000000000000e+00
1.049506043861741311e+01 -8.160278150124563368e+00 2.414746954153364378e+00 1.000000000000000000e+00
1.050935888608146840e+01 -8.269077711873302761e+00 2.410567728237125174e+00 1.000000000000000000e+00
1.052365733354552546e+01 -8.377691047746480990e+00 2.406334214514982861e+00 1.000000000000000000e+00
1.053795578100958252e+01 -8.486115711689732777e+00 2.402046508328865126e+00 1.000000000000000000e+00
1.055225422847363781e+01 -8.594349261897711756e+00 2.397704706241154948e+00 1.000000000000000000e+00
1.056655267593769487e+01 -8.702389260869164644e+00 2.393308906032511452e+00 1.000000000000000000e+00
1.058085112340175193e+01 -8.810233275461689217e+00 2.388859206699678328e+00 1.000000000000000000e+00
1.059514957086580722e+01 -8.917878876946618405e+00 2.384355708453243849e+00 1.000000000000000000e+00
1.060944801832986428e+01 -9.025323641063717872e+00 2.379798512715390224e+00 1.000000000000000000e+00
1.062374646579392135e+01 -9.132565148075745043e+00 2.375187722117607425e+00 1.000000000000000000e+00
1.063804491325797663e+01 -9.239600982822951281e+00 2.370523440498382595e+00 1.000000000000000000e+00
1.065234336072203369e+01 -9.346428734777513014e+00 2.365805772900860138e+00 1.000000000000000000e+00
1.066664180818608898e+01 -9.453045998097753255e+00 2.361034825570477835e+00 1.000000000000000000e+00
1.068094025565014604e+01 -9.559450371682398639e+00 2.356210705952573203e+00 1.000000000000000000e+00
1.069523870311420310e+01 -9.665639459224577124e+00 2.351333522689962763e+00 1.000000000000000000e+00
1.070953715057825839e+01 -9.771610869265815680e+00 2.346403385620498661e+00 1.000000000000000000e+00
1.072383559804231545e+01 -9.877362215249963384e+00 2.341420405774589764e+00 1.000000000000000000e+00
1.073813404550637252e+01 -9.982891115576808971e+00 2.336384695372705878e+00 1.000000000000000000e+00
1.075243249297042780e+01 -1.008819519365581208e+01 2.331296367822850435e+00 1.000000000000000000e+00
1.076673094043448486e+01 -1.019327207795961598e+01 2.326155537718001209e+00 1.000000000000000000e+00
1.078102938789854193e+01 -1.029811940207740939e+01 2.320962320833535486e+00 1.000000000000000000e+00
1.079532783536259721e+01 -1.040273480476826151e+01 2.315716834124620149e+00 1.000000000000000000e+00
1.080962628282665428e+01 -1.050711593001430799e+01 2.310419195723577346e+00 1.000000000000000000e+00
1.082392473029070956e+01 -1.061126042707373429e+01 2.305069524937225722e+00 1.000000000000000000e+00
1.083822317775476662e+01 -1.071516595053385323e+01 2.299667942244190577e+00 1.000000000000000000e+00
1.085252162521882369e+01 -1.081883016036377931e+01 2.294214569292194916e+00 1.000000000000000000e+00
1.086682007268287897e+01 -1.092225072196719537e+01 2.288709528895316758e+00 1.000000000000000000e+00
1.088111852014693604e+01 -1.102542530623496830e+01 2.283152945031222014e+00 1.000000000000000000e+00
1.089541696761099310e+01 -1.112835158959752491e+01 2.277544942838378272e+00 1.000000000000000000e+00
1.090971541507504838e+01 -1.123102725407721181e+01 2.271885648613229503e+00 1.000000000000000000e+00
1.092401386253910545e+01 -1.133344998734053455e+01 2.266175189807355217e+00 1.000000000000000000e+00
1.093831231000316251e+01 -1.143561748275017464e+01 2.260413695024602543e+00 1.000000000000000000e+00
1.095261075746721779e+01 -1.153752743941694803e+01 2.254601294018184987e+00 1.000000000000000000e+00
1.096690920493127486e+01 -1.163917756225170308e+01 2.248738117687761662e+00 1.000000000000000000e+00
1.098120765239533014e+01 -1.174056556201686519e+01 2.242824298076494305e+00 1.000000000000000000e+00
1.099550609985938721e+01 -1.184168915537812694e+01 2.236859968368064777e+00 1.000000000000000000e+00
1.100980454732344427e+01 -1.194254606495577420e+01 2.230845262883684121e+00 1.000000000000000000e+00
1.102410299478749955e+01 -1.204313401937602102e+01 2.224780317079063430e+00 1.000000000000000000e+00
1.103840144225155662e+01 -1.214345075332217760e+01 2.218665267541361175e+00 1.000000000000000000e+00
1.105269988971561368e+01 -1.224349400758562290e+01 2.212500251986112776e+00 1.000000000000000000e+00
1.106699833717966897e+01 -1.234326152911668828e+01 2.206285409254125529e+00 1.000000000000000000e+00
1.108129678464372603e+01 -1.244275107107547562e+01 2.200020879308349553e+00 1.000000000000000000e+00
1.109559523210778309e+01 -1.254196039288233422e+01 2.193706803230732305e+00 1.000000000000000000e+00
1.110989367957183838e+01 -1.264088726026840170e+01 2.187343323219035796e+00 1.000000000000000000e+00
1.112419212703589544e+01 -1.273952944532592113e+01 2.180930582583635591e+00 1.000000000000000000e+00
1.113849057449995250e+01 -1.283788472655837509e+01 2.174468725744294506e+00 1.000000000000000000e+00
1.115278902196400779e+01 -1.293595088893053457e+01 2.167957898226909652e+00 1.000000000000000000e+00
1.116708746942806485e+01 -1.303372572391837458e+01 2.161398246660233280e+00 1.000000000000000000e+00
1.118138591689212014e+01 -1.313120702955873398e+01 2.154789918772574975e+00 1.000000000000000000e+00
1.119568436435617720e+01 -1.322839261049902149e+01 2.148133063388466990e+00 1.000000000000000000e+00
1.120998281182023426e+01 -1.332528027804652915e+01 2.141427830425322032e+00 1.000000000000000000e+00
1.122428125928428955e+01 -1.342186785021780793e+01 2.134674370890051076e+00 1.000000000000000000e+00
1.123857970674834661e+01 -1.351815315178778754e+01 2.127872836875662976e+00 1.000000000000000000e+00
1.125287815421240367e+01 -1.361413401433875059e+01 2.121023381557840537e+00 1.000000000000000000e+00
1.126717660167645896e+01 -1.370980827630917354e+01 2.114126159191492604e+00 1.000000000000000000e+00
1.128147504914051602e+01 -1.380517378304242726e+01 2.107181325107273739e+00 1.000000000000000000e+00
1.129577349660457308e+01 -1.390022838683526452e+01 2.100189035708094121e+00 1.000000000000000000e+00
1.131007194406862837e+01 -1.399496994698620966e+01 2.093149448465593032e+00 1.000000000000000000e+00
1.132437039153268543e+01 -1.408939632984378854e+01 2.086062721916590146e+00 1.000000000000000000e+00
1.133866883899674072e+01 -1.418350540885450783e+01 2.078929015659522594e+00 1.000000000000000000e+00
1.135296728646079778e+01 -1.427729506461086828e+01 2.071748490350839411e+00 1.000000000000000000e+00
1.136726573392485484e+01 -1.437076318489897275e+01 2.064521307701396857e+00 1.000000000000000000e+00
1.138156418138891013e+01 -1.446390766474614153e+01 2.057247630472805788e+00 1.000000000000000000e+00
1.139586262885296719e+01 -1.455672640646835525e+01 2.049927622473770583e+00 1.000000000000000000e+00
1.141016107631702425e+01 -1.464921731971744201e+01 2.042561448556400983e+00 1.000000000000000000e+00
1.142445952378107954e+01 -1.474137832152816152e+01 2.035149274612497283e+00 1.000000000000000000e+00
1.143875797124513660e+01 -1.483320733636517375e+01 2.027691267569813771e+00 1.000000000000000000e+00
1.145305641870919366e+01 -1.492470229616969313e+01 2.020187595388302615e+00 1.000000000000000000e+00
1.146735486617324895e+01 -1.501586114040610020e+01 2.012638427056330670e+00 1.000000000000000000e+00
1.148165331363730601e+01 -1.510668181610841110e+01 2.005043932586866973e+00 1.000000000000000000e+00
1.149595176110136130e+01 -1.519716227792638286e+01 1.997404283013665349e+00 1.000000000000000000e+00
1.151025020856541836e+01 -1.528730048817170228e+01 1.989719650387403060e+00 1.000000000000000000e+00
1.152454865602947542e+01 -1.537709441686378042e+01 1.981990207771811452e+00 1.000000000000000000e+00
1.153884710349353071e+01 -1.546654204177551506e+01 1.974216129239777073e+00 1.000000000000000000e+00
1.155314555095758777e+01 -1.555564134847885427e+01 1.966397589869418150e+00 1.000000000000000000e+00
1.156744399842164484e+01 -1.564439033039009885e+01 1.958534765740147510e+00 1.000000000000000000e+00
1.158174244588570012e+01 -1.573278698881514259e+01 1.950627833928705090e+00 1.000000000000000000e+00
1.159604089334975718e+01 -1.582082933299449756e+01 1.942676972505164024e+00 1.000000000000000000e+00
1.161033934081381425e+01 -1.590851538014805655e+01 1.934682360528930056e+00 1.000000000000000000e+00
1.162463778827786953e+01 -1.599584315551981284e+01 1.926644178044703892e+00 1.000000000000000000e+00
1.163893623574192659e+01 -1.608281069242231354e+01 1.918562606078424881e+00 1.000000000000000000e+00
1.165323468320598366e+01 -1.616941603228093527e+01 1.910437826633197833e+00 1.000000000000000000e+00
1.166753313067003894e+01 -1.625565722467801422e+01 1.902270022685193851e+00 1.000000000000000000e+00
1.168183157813409601e+01 -1.634153232739677009e+01 1.894059378179524966e+00 1.000000000000000000e+00
1.169613002559815129e+01 -1.642703940646500627e+01 1.885806078026109001e+00 1.000000000000000000e+00
1.171042847306220835e+01 -1.651217653619874781e+01 1.877510308095495573e+00 1.000000000000000000e+00
1.172472692052626542e+01 -1.659694179924552060e+01 1.869172255214691658e+00 1.000000000000000000e+00
1.173902536799032070e+01 -1.668133328662757009e+01 1.860792107162945852e+00 1.000000000000000000e+00
1.175332381545437777e+01 -1.676534909778487403e+01 1.852370052667520417e+00 1.000000000000000000e+00
1.176762226291843483e+01 -1.684898734061790648e+01 1.843906281399444014e+00 1.000000000000000000e+00
1.178192071038249011e+01 -1.693224613153025615e+01 1.835400983969239341e+00 1.000000000000000000e+00
1.179621915784654718e+01 -1.701512359547108133e+01 1.826854351922626574e+00 1.000000000000000000e+00
1.181051760531060424e+01 -1.709761786597729483e+01 1.818266577736215472e+00 1.000000000000000000e+00
1.182481605277465952e+01 -1.717972708521560321e+01 1.809637854813168634e+00 1.000000000000000000e+00
1.183911450023871659e+01 -1.726144940402440398e+01 1.800968377478840088e+00 1.000000000000000000e+00
1.185341294770277187e+01 -1.734278298195532386e+01 1.792258340976409681e+00 1.000000000000000000e+00
1.186771139516682894e+01 -1.742372598731478206e+01 1.783507941462476376e+00 1.000000000000000000e+00
1.188200984263088600e+01 -1.750427659720515194e+01 1.774717376002646674e+00 1.000000000000000000e+00
1.189630829009494128e+01 -1.758443299756585176e+01 1.765886842567095938e+00 1.000000000000000000e+00
1.191060673755899835e+01 -1.766419338321422572e+01 1.757016540026104412e+00 1.000000000000000000e+00
1.192490518502305541e+01 -1.774355595788613016e+01 1.748106668145585463e+00 1.000000000000000000e+00
1.193920363248711070e+01 -1.782251893427643807e+01 1.739157427582584514e+00 1.000000000000000000e+00
1.195350207995116776e+01 -1.790108053407930200e+01 1.730169019880756887e+00 1.000000000000000000e+00
1.196780052741522482e+01 -1.797923898802814335e+01 1.721141647465832980e+00 1.000000000000000000e+00
1.198209897487928011e+01 -1.805699253593553522e+01 1.712075513641059921e+00 1.000000000000000000e+00
1.199639742234333717e+01 -1.813433942673288257e+01 1.702970822582615451e+00 1.000000000000000000e+00
1.201069586980739246e+01 -1.821127791850976507e+01 1.693827779335021599e+00 1.000000000000000000e+00
1.202499431727144952e+01 -1.828780627855325491e+01 1.684646589806515937e+00 1.000000000000000000e+00
1.203929276473550658e+01 -1.836392278338686879e+01 1.675427460764421728e+00 1.000000000000000000e+00
1.205359121219956187e+01 -1.843962571880941681e+01 1.666170599830490318e+00 1.000000000000000000e+00
1.206788965966361893e+01 -1.851491337993365249e+01 1.656876215476216885e+00 1.000000000000000000e+00
1.208218810712767599e+01 -1.858978407122454968e+01 1.647544517018161070e+00 1.000000000000000000e+00
1.209648655459173128e+01 -1.866423610653760790e+01 1.638175714613218537e+00 1.000000000000000000e+00
1.211078500205578834e+01 -1.873826780915676338e+01 1.628770019253894308e+00 1.000000000000000000e+00
1.212508344951984540e+01 -1.881187751183214374e+01 1.619327642763554786e+00 1.000000000000000000e+00
1.213938189698390069e+01 -1.888506355681764859e+01 1.609848797791648689e+00 1.000000000000000000e+00
1.215368034444795775e+01 -1.895782429590828144e+01 1.600333697808924205e+00 1.000000000000000000e+00
1.216797879191201481e+01 -1.903015809047724716e+01 1.590782557102617290e+00 1.000000000000000000e+00
1.218227723937607010e+01 -1.910206331151283976e+01 1.581195590771634629e+00 1.000000000000000000e+00
1.219657568684012716e+01 -1.917353833965517751e+01 1.571573014721696415e+00 1.000000000000000000e+00
1.221087413430418245e+01 -1.924458156523265018e+01 1.561915045660483559e+00 1.000000000000000000e+00
1.222517258176823951e+01 -1.931519138829817450e+01 1.552221901092751821e+00 1.000000000000000000e+00
1.223947102923229657e+01 -1.938536621866516896e+01 1.542493799315441727e+00 1.000000000000000000e+00
1.225376947669635186e+01 -1.945510447594347880e+01 1.532730959412750726e+00 1.000000000000000000e+00
1.226806792416040892e+01 -1.952440458957487479e+01 1.522933601251205582e+00 1.000000000000000000e+00
1.228236637162446598e+01 -1.959326499886844175e+01 1.513101945474715215e+00 1.000000000000000000e+00
1.229666481908852127e+01 -1.966168415303576467e+01 1.503236213499591578e+00 1.000000000000000000e+00
1.231096326655257833e+01 -1.972966051122581277e+01 1.493336627509570524e+00 1.000000000000000000e+00
1.232526171401663539e+01 -1.979719254255966732e+01 1.483403410450803372e+00 1.000000000000000000e+00
1.233956016148069068e+01 -1.986427872616496515e+01 1.473436786026844691e+00 1.000000000000000000e+00
1.235385860894474774e+01 -1.993091755121018238e+01 1.463436978693601898e+00 1.000000000000000000e+00
1.236815705640880303e+01 -1.999710751693865518e+01 1.453404213654289512e+00 1.000000000000000000e+00
1.238245550387286009e+01 -2.006284713270236963e+01 1.443338716854350778e+00 1.000000000000000000e+00
1.239675395133691715e+01 -2.012813491799550292e+01 1.433240714976380614e+00 1.000000000000000000e+00
1.241105239880097244e+01 -2.019296940248783301e+01 1.423110435435006149e+00 1.000000000000000000e+00
1.242535084626502950e+01 -2.025734912605780380e+01 1.412948106371773704e+00 1.000000000000000000e+00
1.243964929372908657e+01 -2.032127263882542678e+01 1.402753956650007350e+00 1.000000000000000000e+00
1.245394774119314185e+01 -2.038473850118488784e+01 1.392528215849662132e+00 1.000000000000000000e+00
1.246824618865719891e+01 -2.044774528383704393e+01 1.382271114262142220e+00 1.000000000000000000e+00
1.248254463612125598e+01 -2.051029156782156804e+01 1.371982882885120825e+00 1.000000000000000000e+00
1.249684308358531126e+01 -2.057237594454889518e+01 1.361663753417342360e+00 1.000000000000000000e+00
1.251114153104936833e+01 -2.063399701583197299e+01 1.351313958253395064e+00 1.000000000000000000e+00
1.252543997851342361e+01 -2.069515339391772812e+01 1.340933730478482300e+00 1.000000000000000000e+00
1.253973842597748067e+01 -2.075584370151834790e+01 1.330523303863174300e+00 1.000000000000000000e+00
1.255403687344153774e+01 -2.081606657184227416e+01 1.320082912858138613e+00 1.000000000000000000e+00
1.256833532090559302e+01 -2.087582064862495557e+01 1.309612792588870533e+00 1.000000000000000000e+00
1.258263376836965008e+01 -2.093510458615947201e+01 1.299113178850384465e+00 1.000000000000000000e+00
1.259693221583370715e+01 -2.099391704932677172e+01 1.288584308101909714e+00 1.000000000000000000e+00
1.261123066329776243e+01 -2.105225671362575213e+01 1.278026417461572084e+00 1.000000000000000000e+00
1.262552911076181950e+01 -2.111012226520311330e+01 1.267439744701040816e+00 1.000000000000000000e+00
1.263982755822587656e+01 -2.116751240088295205e+01 1.256824528240180205e+00 1.000000000000000000e+00
1.265412600568993184e+01 -2.122442582819602563e+01 1.246181007141689223e+00 1.000000000000000000e+00
1.266842445315398891e+01 -2.128086126540900835e+01 1.235509421105692951e+00 1.000000000000000000e+00
1.268272290061804597e+01 -2.133681744155319748e+01 1.224810010464375543e+00 1.000000000000000000e+00
1.269702134808210126e+01 -2.139229309645325827e+01 1.214083016176543683e+00 1.000000000000000000e+00
1.271131979554615832e+01 -2.144728698075554263e+01 1.203328679822208480e+00 1.000000000000000000e+00
1.272561824301021360e+01 -2.150179785595623727e+01 1.192547243597151585e+00 1.000000000000000000e+00
1.273991669047427067e+01 -2.155582449442925252e+01 1.181738950307457348e+00 1.000000000000000000e+00
1.275421513793832773e+01 -2.160936567945390863e+01 1.170904043364052072e+00 1.000000000000000000e+00
1.276851358540238301e+01 -2.166242020524224543e+01 1.160042766777229728e+00 1.000000000000000000e+00
1.278281203286644008e+01 -2.171498687696630370e+01 1.149155365151134367e+00 1.000000000000000000e+00
1.279711048033049714e+01 -2.176706451078491611e+01 1.138242083678279615e+00 1.000000000000000000e+00
1.281140892779455243e+01 -2.181865193387043433e+01 1.127303168134005107e+00 1.000000000000000000e+00
1.282570737525860949e+01 -2.186974798443514700e+01 1.116338864870948466e+00 1.000000000000000000e+00
1.284000582272266655e+01 -2.192035151175738150e+01 1.105349420813504402e+00 1.000000000000000000e+00
1.285430427018672184e+01 -2.197046137620748496e+01 1.094335083452251611e+00 1.000000000000000000e+00
1.286860271765077890e+01 -2.202007644927347840e+01 1.083296100838384124e+00 1.000000000000000000e+00
1.288290116511483419e+01 -2.206919561358641602e+01 1.072232721578133985e+00 1.000000000000000000e+00
1.289719961257889125e+01 -2.211781776294564850e+01 1.061145194827150195e+00 1.000000000000000000e+00
1.291149806004294831e+01 -2.216594180234364231e+01 1.050033770284913182e+00 1.000000000000000000e+00
1.292579650750700360e+01 -2.221356664799065328e+01 1.038898698189100411e+00 1.000000000000000000e+00
1.294009495497106066e+01 -2.226069122733922967e+01 1.027740229309936915e+00 1.000000000000000000e+00
1.295439340243511772e+01 -2.230731447910822141e+01 1.016558614944576444e+00 1.000000000000000000e+00
1.296869184989917301e+01 -2.235343535330679998e+01 1.005354106911417356e+00 1.000000000000000000e+00
1.298299029736323007e+01 -2.239905281125804137e+01 9.941269575444409146e-01 1.000000000000000000e+00
1.299728874482728713e+01 -2.244416582562233131e+01 9.828774196875350588e-01 1.000000000000000000e+00
1.301158719229134242e+01 -2.248877338042051832e+01 9.716057466887866312e-01 1.000000000000000000e+00
1.302588563975539948e+01 -2.253287447105678609e+01 9.603121923947829375e-01 1.000000000000000000e+00
1.304018408721945477e+01 -2.257646810434124163e+01 9.489970111449025358e-01 1.000000000000000000e+00
1.305448253468351183e+01 -2.261955329851236129e+01 9.376604577655650585e-01 1.000000000000000000e+00
1.306878098214756889e+01 -2.266212908325902831e+01 9.263027875645214460e-01 1.000000000000000000e+00
1.308307942961162418e+01 -2.270419449974239612e+01 9.149242563250805649e-01 1.000000000000000000e+00
1.309737787707568124e+01 -2.274574860061753157e+01 9.035251203003579201e-01 1.000000000000000000e+00
1.311167632453973830e+01 -2.278679045005468495e+01 8.921056362075104884e-01 1.000000000000000000e+00
1.312597477200379359e+01 -2.282731912376041805e+01 8.806660612219429085e-01 1.000000000000000000e+00
1.314027321946785065e+01 -2.286733370899838746e+01 8.692066529715219980e-01 1.000000000000000000e+00
1.315457166693190771e+01 -2.290683330460990419e+01 8.577276695307806120e-01 1.000000000000000000e+00
1.316887011439596300e+01 -2.294581702103425158e+01 8.462293694150939682e-01 1.000000000000000000e+00
1.318316856186002006e+01 -2.298428398032867648e+01 8.347120115748648539e-01 1.000000000000000000e+00
1.319746700932407535e+01 -2.302223331618821689e+01 8.231758553896908470e-01 1.000000000000000000e+00
1.321176545678813241e+01 -2.305966417396517443e+01 8.116211606625201025e-01 1.000000000000000000e+00
1.322606390425218947e+01 -2.309657571068833803e+01 8.000481876138093584e-01 1.000000000000000000e+00
1.324036235171624476e+01 -2.313296709508203364e+01 7.884571968756501903e-01 1.000000000000000000e+00
1.325466079918030182e+01 -2.316883750758480076e+01 7.768484494859064782e-01 1.000000000000000000e+00
1.326895924664435888e+01 -2.320418614036785598e+01 7.652222068823416601e-01 1.000000000000000000e+00
1.328325769410841417e+01 -2.323901219735328283e+01 7.535787308967182296e-01 1.000000000000000000e+00
1.329755614157247123e+01 -2.327331489423198718e+01 7.419182837489092242e-01 1.000000000000000000e+00
1.331185458903652830e+01 -2.330709345848131875e+01 7.302411280409893957e-01 1.000000000000000000e+00
1.332615303650058358e+01 -2.334034712938250422e+01 7.185475267513290465e-01 1.000000000000000000e+00
1.334045148396464064e+01 -2.337307515803775004e+01 7.068377432286592210e-01 1.000000000000000000e+00
1.335474993142869771e+01 -2.340527680738714622e+01 6.951120411861467785e-01 1.000000000000000000e+00
1.336904837889275299e+01 -2.343695135222520776e+01 6.833706846954622494e-01 1.000000000000000000e+00
1.338334682635681006e+01 -2.346809807921727753e+01 6.716139381808198250e-01 1.000000000000000000e+00
1.339764527382086534e+01 -2.349871628691553127e+01 6.598420664130305591e-01 1.000000000000000000e+00
1.341194372128492240e+01 -2.352880528577481556e+01 6.480553345035376944e-01 1.000000000000000000e+00
1.342624216874897947e+01 -2.355836439816814831e+01 6.362540078984442182e-01 1.000000000000000000e+00
1.344054061621303475e+01 -2.358739295840198125e+01 6.244383523725427487e-01 1.000000000000000000e+00
1.345483906367709181e+01 -2.361589031273122075e+01 6.126086340233178884e-01 1.000000000000000000e+00
1.346913751114114888e+01 -2.364385581937392544e+01 6.007651192649594574e-01 1.000000000000000000e+00
1.348343595860520416e+01 -2.367128884852576576e+01 5.889080748223692874e-01 1.000000000000000000e+00
1.349773440606926123e+01 -2.369818878237419568e+01 5.770377677251415927e-01 1.000000000000000000e+00
1.351203285353331829e+01 -2.372455501511240072e+01 5.651544653015552200e-01 1.000000000000000000e+00
1.352633130099737357e+01 -2.375038695295289060e+01 5.532584351725630123e-01 1.000000000000000000e+00
1.354062974846143064e+01 -2.377568401414092847e+01 5.413499452457390948e-01 1.000000000000000000e+00
1.355492819592548592e+01 -2.380044562896758364e+01 5.294292637092778975e-01 1.000000000000000000e+00
1.356922664338954299e+01 -2.382467123978259238e+01 5.174966590259286736e-01 1.000000000000000000e+00
1.358352509085360005e+01 -2.384836030100689896e+01 5.055523999269592172e-01 1.000000000000000000e+00
1.359782353831765533e+01 -2.387151227914494456e+01 4.935967554061103102e-01 1.000000000000000000e+00
1.361212198578171240e+01 -2.389412665279670378e+01 4.816299947135240234e-01 1.000000000000000000e+00
1.362642043324576946e+01 -2.391620291266941223e+01 4.696523873496873946e-01 1.000000000000000000e+00
1.364071888070982475e+01 -2.393774056158899910e+01 4.576642030593691679e-01 1.000000000000000000e+00
1.365501732817388181e+01 -2.395873911451136351e+01 4.456657118255317740e-01 1.000000000000000000e+00
1.366931577563793887e+01 -2.397919809853322803e+01 4.336571838632578557e-01 1.000000000000000000e+00
1.368361422310199416e+01 -2.399911705290281105e+01 4.216388896136736841e-01 1.000000000000000000e+00
1.369791267056605122e+01 -2.401849552903023621e+01 4.096110997378339946e-01 1.000000000000000000e+00
1.371221111803010650e+01 -2.403733309049756883e+01 3.975740851106578932e-01 1.000000000000000000e+00
1.372650956549416357e+01 -2.405562931306869601e+01 3.855281168148039783e-01 1.000000000000000000e+00
1.374080801295822063e+01 -2.407338378469887630e+01 3.734734661345740503e-01 1.000000000000000000e+00
1.375510646042227592e+01 -2.409059610554399100e+01 3.614104045498106599e-01 1.000000000000000000e+00
1.376940490788633298e+01 -2.410726588796957515e+01 3.493392037297695096e-01 1.000000000000000000e+00
1.378370335535039004e+01 -2.412339275655955007e+01 3.372601355270078982e-01 1.000000000000000000e+00
1.379800180281444533e+01 -2.413897634812463977e+01 3.251734719712717214e-01 1.000000000000000000e+00
1.381230025027850239e+01 -2.415401631171059904e+01 3.130794852633441150e-01 1.000000000000000000e+00
1.382659869774255945e+01 -2.416851230860608268e+01 3.009784477689467219e-01 1.000000000000000000e+00
1.384089714520661474e+01 -2.418246401235029808e+01 2.888706320125816185e-01 1.000000000000000000e+00
1.385519559267067180e+01 -2.419587110874034153e+01 2.767563106714020504e-01 1.000000000000000000e+00
1.386949404013472886e+01 -2.420873329583827172e+01 2.646357565690788949e-01 1.000000000000000000e+00
1.388379248759878415e+01 -2.422105028397791671e+01 2.525092426696428083e-01 1.000000000000000000e+00
1.389809093506284121e+01 -2.423282179577140738e+01 2.403770420713434164e-01 1.000000000000000000e+00
1.391238938252689650e+01 -2.424404756611540535e+01 2.282394280005083098e-01 1.000000000000000000e+00
1.392668782999095356e+01 -2.425472734219708926e+01 2.160966738053646252e-01 1.000000000000000000e+00
1.394098627745501062e+01 -2.426486088349982140e+01 2.039490529499148330e-01 1.000000000000000000e+00
1.395528472491906591e+01 -2.427444796180860820e+01 1.917968390077532392e-01 1.000000000000000000e+00
1.396958317238312297e+01 -2.428348836121520904e+01 1.796403056559139066e-01 1.000000000000000000e+00
1.398388161984718003e+01 -2.429198187812298926e+01 1.674797266687141073e-01 1.000000000000000000e+00
1.399818006731123532e+01 -2.429992832125154578e+01 1.553153759115750432e-01 1.000000000000000000e+00
1.401247851477529238e+01 -2.430732751164096683e+01 1.431475273348610244e-01 1.000000000000000000e+00
1.402677696223934944e+01 -2.431417928265590334e+01 1.309764549677167322e-01 1.000000000000000000e+00
1.404107540970340473e+01 -2.432048347998929572e+01 1.188024329118822220e-01 1.000000000000000000e+00
1.405537385716746179e+01 -2.432623996166585556e+01 1.066257353355289927e-01 1.000000000000000000e+00
1.406967230463151708e+01 -2.433144859804526661e+01 9.444663646708334470e-02 1.000000000000000000e+00
1.408397075209557414e+01 -2.433610927182510864e+01 8.226541058904818238e-02 1.000000000000000000e+00
1.409826919955963120e+01 -2.434022187804348647e+01 7.008233203183512894e-02 1.000000000000000000e+00
1.411256764702368649e+01 -2.434378632408139964e+01 5.789767516757268057e-02 1.000000000000000000e+00
1.412686609448774355e+01 -2.434680252966483849e+01 4.571171440393401869e-02 1.000000000000000000e+00
1.414116454195180062e+01 -2.434927042686656407e+01 3.352472417796394794e-02 1.000000000000000000e+00
1.415546298941585590e+01 -2.435118996010767134e+01 2.133697894988472246e-02 1.000000000000000000e+00
1.416976143687991296e+01 -2.435256108615882198e+01 9.148753196924076792e-03 1.000000000000000000e+00
1.418405988434397003e+01 -2.435338377414123201e+01 -3.039678592870749107e-03 1.000000000000000000e+00
1.419835833180802531e+01 -2.435365800552733262e+01 -1.522804192680556404e-02 1.000000000000000000e+00
1.421265677927208237e+01 -2.435338377414123201e+01 -2.741606231373469593e-02 1.000000000000000000e+00
1.422695522673613766e+01 -2.435256108615882198e+01 -3.960346527023362456e-02 1.000000000000000000e+00
1.424125367420019472e+01 -2.435118996010767134e+01 -5.178997632678510044e-02 1.000000000000000000e+00
1.425555212166425179e+01 -2.434927042686656407e+01 -6.397532103395130176e-02 1.000000000000000000e+00
1.426985056912830707e+01 -2.434680252966483849e+01 -7.615922496856830648e-02 1.000000000000000000e+00
1.428414901659236413e+01 -2.434378632408139964e+01 -8.834141373991948043e-02 1.000000000000000000e+00
1.429844746405642120e+01 -2.434022187804348647e+01 -1.005216129959081439e-01 1.000000000000000000e+00
1.431274591152047648e+01 -2.433610927182510864e+01 -1.126995484292498129e-01 1.000000000000000000e+00
1.432704435898453355e+01 -2.433144859804526661e+01 -1.248749457836407506e-01 1.000000000000000000e+00
1.434134280644859061e+01 -2.432623996166585556e+01 -1.370475308599389264e-01 1.000000000000000000e+00
1.435564125391264589e+01 -2.432048347998929572e+01 -1.492170295223300691e-01 1.000000000000000000e+00
1.436993970137670296e+01 -2.431417928265590334e+01 -1.613831677045152180e-01 1.000000000000000000e+00
1.438423814884076002e+01 -2.430732751164096683e+01 -1.735456714158759295e-01 1.000000000000000000e+00
1.439853659630481530e+01 -2.429992832125154578e+01 -1.857042667476378472e-01 1.000000000000000000e+00
1.441283504376887237e+01 -2.429198187812299636e+01 -1.978586798790532564e-01 1.000000000000000000e+00
1.442713349123292765e+01 -2.428348836121520904e+01 -2.100086370835583527e-01 1.000000000000000000e+00
1.444143193869698472e+01 -2.427444796180860820e+01 -2.221538647349402262e-01 1.000000000000000000e+00
1.445573038616104178e+01 -2.426486088349982140e+01 -2.342940893135014302e-01 1.000000000000000000e+00
1.447002883362509706e+01 -2.425472734219708926e+01 -2.464290374122105332e-01 1.000000000000000000e+00
1.448432728108915413e+01 -2.424404756611540890e+01 -2.585584357428732938e-01 1.000000000000000000e+00
1.449862572855321119e+01 -2.423282179577140738e+01 -2.706820111422805208e-01 1.000000000000000000e+00
1.451292417601726648e+01 -2.422105028397791671e+01 -2.827994905783527968e-01 1.000000000000000000e+00
1.452722262348132354e+01 -2.420873329583827172e+01 -2.949106011563035201e-01 1.000000000000000000e+00
1.454152107094538060e+01 -2.419587110874034153e+01 -3.070150701247773006e-01 1.000000000000000000e+00
1.455581951840943589e+01 -2.418246401235030518e+01 -3.191126248819838862e-01 1.000000000000000000e+00
1.457011796587349295e+01 -2.416851230860608268e+01 -3.312029929818621210e-01 1.000000000000000000e+00
1.458441641333754824e+01 -2.415401631171059904e+01 -3.432859021401840072e-01 1.000000000000000000e+00
1.459871486080160530e+01 -2.413897634812464332e+01 -3.553610802407115021e-01 1.000000000000000000e+00
1.461301330826566236e+01 -2.412339275655955007e+01 -3.674282553413158459e-01 1.000000000000000000e+00
1.462731175572971765e+01 -2.410726588796958225e+01 -3.794871556800951118e-01 1.000000000000000000e+00
1.464161020319377471e+01 -2.409059610554399455e+01 -3.915375096815080780e-01 1.000000000000000000e+00
1.465590865065783177e+01 -2.407338378469887630e+01 -4.035790459624833959e-01 1.000000000000000000e+00
1.467020709812188706e+01 -2.405562931306869956e+01 -4.156114933385224863e-01 1.000000000000000000e+00
1.468450554558594412e+01 -2.403733309049756883e+01 -4.276345808298315787e-01 1.000000000000000000e+00
1.469880399305000118e+01 -2.401849552903023621e+01 -4.396480376673927992e-01 1.000000000000000000e+00
1.471310244051405647e+01 -2.399911705290282171e+01 -4.516515932990868287e-01 1.000000000000000000e+00
1.472740088797811353e+01 -2.397919809853322448e+01 -4.636449773957769249e-01 1.000000000000000000e+00
1.474169933544216882e+01 -2.395873911451136351e+01 -4.756279198573905020e-01 1.000000000000000000e+00
1.475599778290622588e+01 -2.393774056158900265e+01 -4.876001508190148104e-01 1.000000000000000000e+00
1.477029623037028294e+01 -2.391620291266940868e+01 -4.995614006569686349e-01 1.000000000000000000e+00
1.478459467783433823e+01 -2.389412665279670733e+01 -5.115113999948646129e-01 1.000000000000000000e+00
1.479889312529839529e+01 -2.387151227914494456e+01 -5.234498797097010270e-01 1.000000000000000000e+00
1.481319157276245235e+01 -2.384836030100689896e+01 -5.353765709378910387e-01 1.000000000000000000e+00
1.482749002022650764e+01 -2.382467123978259593e+01 -5.472912050813424356e-01 1.000000000000000000e+00
1.484178846769056470e+01 -2.380044562896758720e+01 -5.591935138134975780e-01 1.000000000000000000e+00
1.485608691515462176e+01 -2.377568401414092847e+01 -5.710832290853697923e-01 1.000000000000000000e+00
1.487038536261867705e+01 -2.375038695295289770e+01 -5.829600831315931986e-01 1.000000000000000000e+00
1.488468381008273411e+01 -2.372455501511239717e+01 -5.948238084764464473e-01 1.000000000000000000e+00
1.489898225754678940e+01 -2.369818878237419923e+01 -6.066741379398700174e-01 1.000000000000000000e+00
1.491328070501084646e+01 -2.367128884852576931e+01 -6.185108046434962814e-01 1.000000000000000000e+00
1.492757915247490352e+01 -2.364385581937392544e+01 -6.303335420166529257e-01 1.000000000000000000e+00
1.494187759993895881e+01 -2.361589031273122785e+01 -6.421420838023584876e-01 1.000000000000000000e+00
1.495617604740301587e+01 -2.358739295840198125e+01 -6.539361640633418737e-01 1.000000000000000000e+00
1.497047449486707293e+01 -2.355836439816814831e+01 -6.657155171880011491e-01 1.000000000000000000e+00
1.498477294233112822e+01 -2.352880528577482266e+01 -6.774798778964092882e-01 1.000000000000000000e+00
1.499907138979518528e+01 -2.349871628691553482e+01 -6.892289812462799592e-01 1.000000000000000000e+00
1.501336983725924235e+01 -2.346809807921728463e+01 -7.009625626389275332e-01 1.000000000000000000e+00
1.502766828472329763e+01 -2.343695135222520776e+01 -7.126803578252389748e-01 1.000000000000000000e+00
1.504196673218735469e+01 -2.340527680738713556e+01 -7.243821029116186416e-01 1.000000000000000000e+00
1.505626517965141176e+01 -2.337307515803775360e+01 -7.360675343659245362e-01 1.000000000000000000e+00
1.507056362711546704e+01 -2.334034712938250422e+01 -7.477363890234168808e-01 1.000000000000000000e+00
1.508486207457952410e+01 -2.330709345848132230e+01 -7.593884040926753842e-01 1.000000000000000000e+00
1.509916052204357939e+01 -2.327331489423199429e+01 -7.710233171615202830e-01 1.000000000000000000e+00
1.511345896950763645e+01 -2.323901219735328638e+01 -7.826408662029235019e-01 1.000000000000000000e+00
1.512775741697169352e+01 -2.320418614036785598e+01 -7.942407895809018292e-01 1.000000000000000000e+00
1.514205586443574880e+01 -2.316883750758480431e+01 -8.058228260564217482e-01 1.000000000000000000e+00
1.515635431189980586e+01 -2.313296709508203364e+01 -8.173867147932765143e-01 1.000000000000000000e+00
1.517065275936386293e+01 -2.309657571068833803e+01 -8.289321953639530172e-01 1.000000000000000000e+00
1.518495120682791821e+01 -2.305966417396517443e+01 -8.404590077555111893e-01 1.000000000000000000e+00
1.519924965429197528e+01 -2.302223331618823110e+01 -8.519668923754298850e-01 1.000000000000000000e+00
1.521354810175603234e+01 -2.298428398032868003e+01 -8.634555900574577558e-01 1.000000000000000000e+00
1.522784654922008762e+01 -2.294581702103425158e+01 -8.749248420674415883e-01 1.000000000000000000e+00
1.524214499668414469e+01 -2.290683330460990774e+01 -8.863743901091656330e-01 1.000000000000000000e+00
1.525644344414819997e+01 -2.286733370899839457e+01 -8.978039763301605136e-01 1.000000000000000000e+00
1.527074189161225704e+01 -2.282731912376041805e+01 -9.092133433275140231e-01 1.000000000000000000e+00
1.528504033907631410e+01 -2.278679045005468851e+01 -9.206022341536597153e-01 1.000000000000000000e+00
1.529933878654036938e+01 -2.274574860061753157e+01 -9.319703923221763775e-01 1.000000000000000000e+00
1.531363723400442645e+01 -2.270419449974240322e+01 -9.433175618135561935e-01 1.000000000000000000e+00
1.532793568146848351e+01 -2.266212908325902831e+01 -9.546434870809739071e-01 1.000000000000000000e+00
1.534223412893253879e+01 -2.261955329851236840e+01 -9.659479130560338911e-01 1.000000000000000000e+00
1.535653257639659586e+01 -2.257646810434125229e+01 -9.772305851545270983e-01 1.000000000000000000e+00
1.537083102386065292e+01 -2.253287447105677899e+01 -9.884912492821587016e-01 1.000000000000000000e+00
1.538512947132470821e+01 -2.248877338042052187e+01 -9.997296518402630783e-01 1.000000000000000000e+00
1.539942791878876527e+01 -2.244416582562233842e+01 -1.010945539731528564e+00 1.000000000000000000e+00
1.541372636625282055e+01 -2.239905281125804493e+01 -1.022138660365689011e+00 1.000000000000000000e+00
1.542802481371687762e+01 -2.235343535330680709e+01 -1.033308761665213238e+00 1.000000000000000000e+00
1.544232326118093468e+01 -2.230731447910822496e+01 -1.044455592070985928e+00 1.000000000000000000e+00
1.545662170864498997e+01 -2.226069122733922967e+01 -1.055578900547962773e+00 1.000000000000000000e+00
1.547092015610904703e+01 -2.221356664799066749e+01 -1.066678436590837942e+00 1.000000000000000000e+00
1.548521860357310409e+01 -2.216594180234363520e+01 -1.077753950229678459e+00 1.000000000000000000e+00
1.549951705103715938e+01 -2.211781776294565205e+01 -1.088805192035547931e+00 1.000000000000000000e+00
1.551381549850121644e+01 -2.206919561358643023e+01 -1.099831913126136040e+00 1.000000000000000000e+00
1.552811394596527350e+01 -2.202007644927347485e+01 -1.110833865171357626e+00 1.000000000000000000e+00
1.554241239342932879e+01 -2.197046137620748851e+01 -1.121810800398939101e+00 1.000000000000000000e+00
1.555671084089338585e+01 -2.192035151175738505e+01 -1.132762471600010423e+00 1.000000000000000000e+00
1.557100928835744291e+01 -2.186974798443514345e+01 -1.143688632134666205e+00 1.000000000000000000e+00
1.558530773582149820e+01 -2.181865193387045210e+01 -1.154589035937513053e+00 1.000000000000000000e+00
1.559960618328555526e+01 -2.176706451078491966e+01 -1.165463437523232670e+00 1.000000000000000000e+00
1.561390463074961055e+01 -2.171498687696631436e+01 -1.176311591992081684e+00 1.000000000000000000e+00
1.562820307821366761e+01 -2.166242020524225609e+01 -1.187133255035430324e+00 1.000000000000000000e+00
1.564250152567772467e+01 -2.160936567945390507e+01 -1.197928182941255359e+00 1.000000000000000000e+00
1.565679997314177996e+01 -2.155582449442926318e+01 -1.208696132599623052e+00 1.000000000000000000e+00
1.567109842060583702e+01 -2.150179785595623727e+01 -1.219436861508176317e+00 1.000000000000000000e+00
1.568539686806989408e+01 -2.144728698075553908e+01 -1.230150127777589697e+00 1.000000000000000000e+00
1.569969531553394937e+01 -2.139229309645327248e+01 -1.240835690137009450e+00 1.000000000000000000e+00
1.571399376299800643e+01 -2.133681744155320104e+01 -1.251493307939508526e+00 1.000000000000000000e+00
1.572829221046206349e+01 -2.128086126540900835e+01 -1.262122741167478468e+00 1.000000000000000000e+00
1.574259065792611878e+01 -2.122442582819603984e+01 -1.272723750438056634e+00 1.000000000000000000e+00
1.575688910539017584e+01 -2.116751240088294495e+01 -1.283296097008509884e+00 1.000000000000000000e+00
1.577118755285423113e+01 -2.111012226520312396e+01 -1.293839542781603846e+00 1.000000000000000000e+00
1.578548600031828819e+01 -2.105225671362575568e+01 -1.304353850310978391e+00 1.000000000000000000e+00
1.579978444778234525e+01 -2.099391704932676816e+01 -1.314838782806489137e+00 1.000000000000000000e+00
1.581408289524640054e+01 -2.093510458615948266e+01 -1.325294104139531193e+00 1.000000000000000000e+00
1.582838134271045760e+01 -2.087582064862496267e+01 -1.335719578848379108e+00 1.000000000000000000e+00
1.584267979017451466e+01 -2.081606657184227771e+01 -1.346114972143462207e+00 1.000000000000000000e+00
1.585697823763856995e+01 -2.075584370151836566e+01 -1.356480049912674124e+00 1.000000000000000000e+00
1.587127668510262701e+01 -2.069515339391773168e+01 -1.366814578726636809e+00 1.000000000000000000e+00
1.588557513256668408e+01 -2.063399701583197299e+01 -1.377118325843952107e+00 1.000000000000000000e+00
1.589987358003073936e+01 -2.057237594454889518e+01 -1.387391059216454448e+00 1.000000000000000000e+00
1.591417202749479642e+01 -2.051029156782156448e+01 -1.397632547494431554e+00 1.000000000000000000e+00
1.592847047495885171e+01 -2.044774528383705814e+01 -1.407842560031826507e+00 1.000000000000000000e+00
1.594276892242290877e+01 -2.038473850118489139e+01 -1.418020866891452902e+00 1.000000000000000000e+00
1.595706736988696584e+01 -2.032127263882543389e+01 -1.428167238850147402e+00 1.000000000000000000e+00
1.597136581735102112e+01 -2.025734912605782512e+01 -1.438281447403951363e+00 1.000000000000000000e+00
1.598566426481507818e+01 -2.019296940248784011e+01 -1.448363264773251391e+00 1.000000000000000000e+00
1.599996271227913525e+01 -2.012813491799550647e+01 -1.458412463907901913e+00 1.000000000000000000e+00
1.601426115974319231e+01 -2.006284713270236253e+01 -1.468428818492352628e+00 1.000000000000000000e+00
1.602855960720724582e+01 -1.999710751693866939e+01 -1.478412102950726448e+00 1.000000000000000000e+00
1.604285805467130288e+01 -1.993091755121020014e+01 -1.488362092451923413e+00 1.000000000000000000e+00
1.605715650213535994e+01 -1.986427872616497226e+01 -1.498278562914664880e+00 1.000000000000000000e+00
1.607145494959941701e+01 -1.979719254255967442e+01 -1.508161291012542371e+00 1.000000000000000000e+00
1.608575339706347407e+01 -1.972966051122581632e+01 -1.518010054179058654e+00 1.000000000000000000e+00
1.610005184452753113e+01 -1.966168415303576822e+01 -1.527824630612625079e+00 1.000000000000000000e+00
1.611435029199158464e+01 -1.959326499886844886e+01 -1.537604799281569345e+00 1.000000000000000000e+00
1.612864873945564170e+01 -1.952440458957487834e+01 -1.547350339929106200e+00 1.000000000000000000e+00
1.614294718691969877e+01 -1.945510447594348236e+01 -1.557061033078301016e+00 1.000000000000000000e+00
1.615724563438375583e+01 -1.938536621866517606e+01 -1.566736660037006956e+00 1.000000000000000000e+00
1.617154408184781289e+01 -1.931519138829816740e+01 -1.576377002902799918e+00 1.000000000000000000e+00
1.618584252931186640e+01 -1.924458156523267149e+01 -1.585981844567872390e+00 1.000000000000000000e+00
1.620014097677592346e+01 -1.917353833965519527e+01 -1.595550968723940644e+00 1.000000000000000000e+00
1.621443942423998053e+01 -1.910206331151284687e+01 -1.605084159867101956e+00 1.000000000000000000e+00
1.622873787170403759e+01 -1.903015809047725426e+01 -1.614581203302687396e+00 1.000000000000000000e+00
1.624303631916809465e+01 -1.895782429590828855e+01 -1.624041885150110165e+00 1.000000000000000000e+00
1.625733476663215171e+01 -1.888506355681765569e+01 -1.633465992347664653e+00 1.000000000000000000e+00
1.627163321409620522e+01 -1.881187751183214374e+01 -1.642853312657341913e+00 1.000000000000000000e+00
1.628593166156026228e+01 -1.873826780915677048e+01 -1.652203634669597854e+00 1.000000000000000000e+00
1.630023010902431935e+01 -1.866423610653760790e+01 -1.661516747808120753e+00 1.000000000000000000e+00
1.631452855648837641e+01 -1.858978407122455323e+01 -1.670792442334564809e+00 1.000000000000000000e+00
1.632882700395243347e+01 -1.851491337993364539e+01 -1.680030509353287016e+00 1.000000000000000000e+00
1.634312545141649053e+01 -1.843962571880942392e+01 -1.689230740816037635e+00 1.000000000000000000e+00
1.635742389888054404e+01 -1.836392278338688300e+01 -1.698392929526655104e+00 1.000000000000000000e+00
1.637172234634460111e+01 -1.828780627855326202e+01 -1.707516869145734750e+00 1.000000000000000000e+00
1.638602079380865817e+01 -1.821127791850977928e+01 -1.716602354195260194e+00 1.000000000000000000e+00
1.640031924127271523e+01 -1.813433942673288257e+01 -1.725649180063249410e+00 1.000000000000000000e+00
1.641461768873677229e+01 -1.805699253593554232e+01 -1.734657143008347280e+00 1.000000000000000000e+00
1.642891613620082580e+01 -1.797923898802815401e+01 -1.743626040164424795e+00 1.000000000000000000e+00
1.644321458366488287e+01 -1.790108053407930555e+01 -1.752555669545149186e+00 1.000000000000000000e+00
1.645751303112893993e+01 -1.782251893427644873e+01 -1.761445830048517180e+00 1.000000000000000000e+00
1.647181147859299699e+01 -1.774355595788612661e+01 -1.770296321461403144e+00 1.000000000000000000e+00
1.648610992605705405e+01 -1.766419338321423282e+01 -1.779106944464052376e+00 1.000000000000000000e+00
1.650040837352111112e+01 -1.758443299756585176e+01 -1.787877500634583949e+00 1.000000000000000000e+00
1.651470682098516463e+01 -1.750427659720516615e+01 -1.796607792453443153e+00 1.000000000000000000e+00
1.652900526844922169e+01 -1.742372598731478917e+01 -1.805297623307871246e+00 1.000000000000000000e+00
1.654330371591327875e+01 -1.734278298195533807e+01 -1.813946797496309493e+00 1.000000000000000000e+00
1.655760216337733581e+01 -1.726144940402440042e+01 -1.822555120232825399e+00 1.000000000000000000e+00
1.657190061084139288e+01 -1.717972708521560676e+01 -1.831122397651486100e+00 1.000000000000000000e+00
1.658619905830544639e+01 -1.709761786597730904e+01 -1.839648436810733090e+00 1.000000000000000000e+00
1.660049750576950345e+01 -1.701512359547108844e+01 -1.848133045697730514e+00 1.000000000000000000e+00
1.661479595323356051e+01 -1.693224613153026681e+01 -1.856576033232672840e+00 1.000000000000000000e+00
1.662909440069761757e+01 -1.684898734061790648e+01 -1.864977209273106729e+00 1.000000000000000000e+00
1.664339284816167464e+01 -1.676534909778488114e+01 -1.873336384618199624e+00 1.000000000000000000e+00
1.665769129562573170e+01 -1.668133328662756654e+01 -1.881653371013012110e+00 1.000000000000000000e+00
1.667198974308978521e+01 -1.659694179924553481e+01 -1.889927981152724534e+00 1.000000000000000000e+00
1.668628819055384227e+01 -1.651217653619876913e+01 -1.898160028686871392e+00 1.000000000000000000e+00
1.670058663801789933e+01 -1.642703940646501692e+01 -1.906349328223524875e+00 1.000000000000000000e+00
1.671488508548195639e+01 -1.634153232739677719e+01 -1.914495695333470859e+00 1.000000000000000000e+00
1.672918353294601346e+01 -1.625565722467801422e+01 -1.922598946554372246e+00 1.000000000000000000e+00
1.674348198041006697e+01 -1.616941603228095303e+01 -1.930658899394886774e+00 1.000000000000000000e+00
1.675778042787412403e+01 -1.608281069242232064e+01 -1.938675372338795055e+00 1.000000000000000000e+00
1.677207887533818109e+01 -1.599584315551982883e+01 -1.946648184849067320e+00 1.000000000000000000e+00
1.678637732280223815e+01 -1.590851538014805655e+01 -1.954577157371946594e+00 1.000000000000000000e+00
1.680067577026629522e+01 -1.582082933299450289e+01 -1.962462111340980586e+00 1.000000000000000000e+00
1.681497421773035228e+01 -1.573278698881514259e+01 -1.970302869181053129e+00 1.000000000000000000e+00
1.682927266519440579e+01 -1.564439033039010596e+01 -1.978099254312371436e+00 1.000000000000000000e+00
1.684357111265846285e+01 -1.555564134847886493e+01 -1.985851091154458237e+00 1.000000000000000000e+00
1.685786956012251991e+01 -1.546654204177552216e+01 -1.993558205130092853e+00 1.000000000000000000e+00
1.687216800758657698e+01 -1.537709441686378753e+01 -2.001220422669245380e+00 1.000000000000000000e+00
1.688646645505063404e+01 -1.528730048817170228e+01 -2.008837571212991335e+00 1.000000000000000000e+00
1.690076490251468755e+01 -1.519716227792640773e+01 -2.016409479217388778e+00 1.000000000000000000e+00
1.691506334997874461e+01 -1.510668181610841820e+01 -2.023935976157356098e+00 1.000000000000000000e+00
1.692936179744280167e+01 -1.501586114040611442e+01 -2.031416892530493623e+00 1.000000000000000000e+00
1.694366024490685874e+01 -1.492470229616968069e+01 -2.038852059860916999e+00 1.000000000000000000e+00
1.695795869237091580e+01 -1.483320733636517019e+01 -2.046241310703039051e+00 1.000000000000000000e+00
1.697225713983497286e+01 -1.474137832152815264e+01 -2.053584478645353428e+00 1.000000000000000000e+00
1.698655558729902637e+01 -1.464921731971744734e+01 -2.060881398314167612e+00 1.000000000000000000e+00
1.700085403476308343e+01 -1.455672640646837124e+01 -2.068131905377342594e+00 1.000000000000000000e+00
1.701515248222714050e+01 -1.446390766474614864e+01 -2.075335836547984147e+00 1.000000000000000000e+00
1.702945092969119756e+01 -1.437076318489897808e+01 -2.082493029588118549e+00 1.000000000000000000e+00
1.704374937715525462e+01 -1.427729506461086828e+01 -2.089603323312354544e+00 1.000000000000000000e+00
1.705804782461930813e+01 -1.418350540885453448e+01 -2.096666557591504443e+00 1.000000000000000000e+00
1.707234627208336519e+01 -1.408939632984380452e+01 -2.103682573356200791e+00 1.000000000000000000e+00
1.708664471954742226e+01 -1.399496994698621855e+01 -2.110651212600469506e+00 1.000000000000000000e+00
1.710094316701147932e+01 -1.390022838683527162e+01 -2.117572318385288810e+00 1.000000000000000000e+00
1.711524161447553638e+01 -1.380517378304242193e+01 -2.124445734842131728e+00 1.000000000000000000e+00
1.712954006193959344e+01 -1.370980827630917709e+01 -2.131271307176465957e+00 1.000000000000000000e+00
1.714383850940364695e+01 -1.361413401433875947e+01 -2.138048881671248402e+00 1.000000000000000000e+00
1.715813695686770401e+01 -1.351815315178780352e+01 -2.144778305690382414e+00 1.000000000000000000e+00
1.717243540433176108e+01 -1.342186785021781503e+01 -2.151459427682157699e+00 1.000000000000000000e+00
1.718673385179581814e+01 -1.332528027804653803e+01 -2.158092097182658708e+00 1.000000000000000000e+00
1.720103229925987520e+01 -1.322839261049901971e+01 -2.164676164819160586e+00 1.000000000000000000e+00
1.721533074672392871e+01 -1.313120702955875707e+01 -2.171211482313483820e+00 1.000000000000000000e+00
1.722962919418798577e+01 -1.303372572391839235e+01 -2.177697902485346670e+00 1.000000000000000000e+00
1.724392764165204284e+01 -1.293595088893054346e+01 -2.184135279255667417e+00 1.000000000000000000e+00
1.725822608911609990e+01 -1.283788472655838397e+01 -2.190523467649855949e+00 1.000000000000000000e+00
1.727252453658015696e+01 -1.273952944532592113e+01 -2.196862323801088479e+00 1.000000000000000000e+00
1.728682298404421402e+01 -1.264088726026841059e+01 -2.203151704953533407e+00 1.000000000000000000e+00
1.730112143150826753e+01 -1.254196039288236086e+01 -2.209391469465577629e+00 1.000000000000000000e+00
1.731541987897232460e+01 -1.244275107107549339e+01 -2.215581476813014650e+00 1.000000000000000000e+00
1.732971832643638166e+01 -1.234326152911671493e+01 -2.221721587592200287e+00 1.000000000000000000e+00
1.734401677390043872e+01 -1.224349400758562290e+01 -2.227811663523204810e+00 1.000000000000000000e+00
1.735831522136449578e+01 -1.214345075332218649e+01 -2.233851567452916242e+00 1.000000000000000000e+00
1.737261366882854929e+01 -1.204313401937603700e+01 -2.239841163358136988e+00 1.000000000000000000e+00
1.738691211629260636e+01 -1.194254606495579019e+01 -2.245780316348644057e+00 1.000000000000000000e+00
1.740121056375666342e+01 -1.184168915537813227e+01 -2.251668892670226629e+00 1.000000000000000000e+00
1.741550901122072048e+01 -1.174056556201688295e+01 -2.257506759707696986e+00 1.000000000000000000e+00
1.742980745868477754e+01 -1.163917756225170308e+01 -2.263293785987881890e+00 1.000000000000000000e+00
1.744410590614883461e+01 -1.153752743941695691e+01 -2.269029841182577112e+00 1.000000000000000000e+00
1.745840435361288812e+01 -1.143561748275019063e+01 -2.274714796111486415e+00 1.000000000000000000e+00
1.747270280107694518e+01 -1.133344998734054165e+01 -2.280348522745134776e+00 1.000000000000000000e+00
1.748700124854100224e+01 -1.123102725407722602e+01 -2.285930894207739872e+00 1.000000000000000000e+00
1.750129969600505930e+01 -1.112835158959752313e+01 -2.291461784780083111e+00 1.000000000000000000e+00
1.751559814346911637e+01 -1.102542530623497719e+01 -2.296941069902328270e+00 1.000000000000000000e+00
1.752989659093317343e+01 -1.092225072196719537e+01 -2.302368626176838351e+00 1.000000000000000000e+00
1.754419503839722694e+01 -1.081883016036379708e+01 -2.307744331370944035e+00 1.000000000000000000e+00
1.755849348586128400e+01 -1.071516595053386212e+01 -2.313068064419707248e+00 1.000000000000000000e+00
1.757279193332534106e+01 -1.061126042707375206e+01 -2.318339705428636766e+00 1.000000000000000000e+00
1.758709038078939813e+01 -1.050711593001429378e+01 -2.323559135676397602e+00 1.000000000000000000e+00
1.760138882825345519e+01 -1.040273480476826151e+01 -2.328726237617475547e+00 1.000000000000000000e+00
1.761568727571750870e+01 -1.029811940207743071e+01 -2.333840894884832817e+00 1.000000000000000000e+00
1.762998572318156576e+01 -1.019327207795962487e+01 -2.338902992292527294e+00 1.000000000000000000e+00
1.764428417064562282e+01 -1.008819519365583162e+01 -2.343912415838299790e+00 1.000000000000000000e+00
1.765858261810967988e+01 -9.982891115576808971e+00 -2.348869052706150207e+00 1.000000000000000000e+00
1.767288106557373695e+01 -9.877362215249970490e+00 -2.353772791268869735e+00 1.000000000000000000e+00
1.768717951303779401e+01 -9.771610869265813903e+00 -2.358623521090565944e+00 1.000000000000000000e+00
1.770147796050184752e+01 -9.665639459224587782e+00 -2.363421132929135027e+00 1.000000000000000000e+00
1.771577640796590458e+01 -9.559450371682416403e+00 -2.368165518738738484e+00 1.000000000000000000e+00
1.773007485542996164e+01 -9.453045998097763913e+00 -2.372856571672224302e+00 1.000000000000000000e+00
1.774437330289401871e+01 -9.346428734777521896e+00 -2.377494186083535688e+00 1.000000000000000000e+00
1.775867175035807577e+01 -9.239600982822949504e+00 -2.382078257530095389e+00 1.000000000000000000e+00
1.777297019782212928e+01 -9.132565148075764583e+00 -2.386608682775148704e+00 1.000000000000000000e+00
1.778726864528618634e+01 -9.025323641063728530e+00 -2.391085359790101617e+00 1.000000000000000000e+00
1.780156709275024340e+01 -8.917878876946636169e+00 -2.395508187756803853e+00 1.000000000000000000e+00
1.781586554021430047e+01 -8.810233275461687441e+00 -2.399877067069830616e+00 1.000000000000000000e+00
1.783016398767835753e+01 -8.702389260869171750e+00 -2.404191899338718130e+00 1.000000000000000000e+00
1.784446243514241459e+01 -8.594349261897709980e+00 -2.408452587390187194e+00 1.000000000000000000e+00
1.785876088260646810e+01 -8.486115711689739882e+00 -2.412659035270321439e+00 1.000000000000000000e+00
1.787305933007052516e+01 -8.377691047746498754e+00 -2.416811148246740704e+00 1.000000000000000000e+00
1.788735777753458223e+01 -8.269077711873309866e+00 -2.420908832810724665e+00 1.000000000000000000e+00
1.790165622499863929e+01 -8.160278150124570473e+00 -2.424951996679320043e+00 1.000000000000000000e+00
1.791595467246269635e+01 -8.051294812748547969e+00 -2.428940548797424714e+00 1.000000000000000000e+00
1.793025311992674986e+01 -7.942130154132371445e+00 -2.432874399339830518e+00 1.000000000000000000e+00
1.794455156739080692e+01 -7.832786632746541855e+00 -2.436753459713253633e+00 1.000000000000000000e+00
1.795885001485486399e+01 -7.723266711089749492e+00 -2.440577642558324545e+00 1.000000000000000000e+00
1.797314846231892105e+01 -7.613572855633385927e+00 -2.444346861751556244e+00 1.000000000000000000e+00
1.798744690978297811e+01 -7.503707536765888086e+00 -2.448061032407287119e+00 1.000000000000000000e+00
1.800174535724703517e+01 -7.393673228737253744e+00 -2.451720070879587432e+00 1.000000000000000000e+00
1.801604380471108868e+01 -7.283472409603189313e+00 -2.455323894764147141e+00 1.000000000000000000e+00
1.803034225217514575e+01 -7.173107561169373980e+00 -2.458872422900131305e+00 1.000000000000000000e+00
1.804464069963920281e+01 -7.062581168935529341e+00 -2.462365575372006621e+00 1.000000000000000000e+00
1.805893914710325987e+01 -6.951895722039530767e+00 -2.465803273511339544e+00 1.000000000000000000e+00
1.807323759456731693e+01 -6.841053713201197262e+00 -2.469185439898572643e+00 1.000000000000000000e+00
1.808753604203137044e+01 -6.730057638666348652e+00 -2.472511998364763208e+00 1.000000000000000000e+00
1.810183448949542750e+01 -6.618909998150356522e+00 -2.475782873993303657e+00 1.000000000000000000e+00
1.811613293695948457e+01 -6.507613294782029989e+00 -2.478997993121603738e+00 1.000000000000000000e+00
1.813043138442354163e+01 -6.396170035047232361e+00 -2.482157283342752319e+00 1.000000000000000000e+00
1.814472983188759869e+01 -6.284582728732302392e+00 -2.485260673507147189e+00 1.000000000000000000e+00
1.815902827935165575e+01 -6.172853888867699368e+00 -2.488308093724098224e+00 1.000000000000000000e+00
1.817332672681570926e+01 -6.060986031671264485e+00 -2.491299475363400351e+00 1.000000000000000000e+00
1.818762517427976633e+01 -5.948981676491634119e+00 -2.494234751056879418e+00 1.000000000000000000e+00
1.820192362174382339e+01 -5.836843345751458578e+00 -2.497113854699910984e+00 1.000000000000000000e+00
1.821622206920788045e+01 -5.724573564890687472e+00 -2.499936721452905353e+00 1.000000000000000000e+00
1.823052051667193751e+01 -5.612174862309537993e+00 -2.502703287742771288e+00 1.000000000000000000e+00
1.824481896413599102e+01 -5.499649769311747427e+00 -2.505413491264346426e+00 1.000000000000000000e+00
1.825911741160004809e+01 -5.387000820047335381e+00 -2.508067270981800601e+00 1.000000000000000000e+00
1.827341585906410515e+01 -5.274230551455721283e+00 -2.510664567130010738e+00 1.000000000000000000e+00
1.828771430652816221e+01 -5.161341503208569215e+00 -2.513205321215905119e+00 1.000000000000000000e+00
1.830201275399221927e+01 -5.048336217652469315e+00 -2.515689476019783655e+00 1.000000000000000000e+00
1.831631120145627634e+01 -4.935217239751843010e+00 -2.518116975596602636e+00 1.000000000000000000e+00
1.833060964892032985e+01 -4.821987117031509840e+00 -2.520487765277238612e+00 1.000000000000000000e+00
1.834490809638438691e+01 -4.708648399519291594e+00 -2.522801791669718074e+00 1.000000000000000000e+00
1.835920654384844397e+01 -4.595203639688772768e+00 -2.525059002660418273e+00 1.000000000000000000e+00
1.837350499131250103e+01 -4.481655392401584059e+00 -2.527259347415243607e+00 1.000000000000000000e+00
1.838780343877655810e+01 -4.368006214850059798e+00 -2.529402776380766937e+00 1.000000000000000000e+00
1.840210188624061161e+01 -4.254258666499494801e+00 -2.531489241285349578e+00 1.000000000000000000e+00
1.841640033370466867e+01 -4.140415309030586855e+00 -2.533518695140227095e+00 1.000000000000000000e+00
1.843069878116872573e+01 -4.026478706281711339e+00 -2.535491092240564459e+00 1.000000000000000000e+00
1.844499722863278279e+01 -3.912451424191258909e+00 -2.537406388166490334e+00 1.000000000000000000e+00
1.845929567609683986e+01 -3.798336030739700941e+00 -2.539264539784093166e+00 1.000000000000000000e+00
1.847359412356089692e+01 -3.684135095891932110e+00 -2.541065505246395073e+00 1.000000000000000000e+00
1.848789257102495043e+01 -3.569851191539258561e+00 -2.542809243994293311e+00 1.000000000000000000e+00
1.850219101848900749e+01 -3.455486891441458930e+00 -2.544495716757475545e+00 1.000000000000000000e+00
1.851648946595306455e+01 -3.341044771169012773e+00 -2.546124885555300477e+00 1.000000000000000000e+00
1.853078791341712162e+01 -3.226527408044862266e+00 -2.547696713697656712e+00 1.000000000000000000e+00
1.854508636088117868e+01 -3.111937381086561150e+00 -2.549211165785786548e+00 1.000000000000000000e+00
1.855938480834523219e+01 -2.997277270948063954e+00 -2.550668207713085334e+00 1.000000000000000000e+00
1.857368325580928925e+01 -2.882549659861588065e+00 -2.552067806665869298e+00 1.000000000000000000e+00
1.858798170327334631e+01 -2.767757131579650753e+00 -2.553409931124111854e+00 1.000000000000000000e+00
1.860228015073740337e+01 -2.652902271316647465e+00 -2.554694550862157687e+00 1.000000000000000000e+00
1.861657859820146044e+01 -2.537987665690822681e+00 -2.555921636949398668e+00 1.000000000000000000e+00
1.863087704566551750e+01 -2.423015902665844212e+00 -2.557091161750930208e+00 1.000000000000000000e+00
1.864517549312957101e+01 -2.307989571492716774e+00 -2.558203098928169439e+00 1.000000000000000000e+00
1.865947394059362807e+01 -2.192911262651209281e+00 -2.559257423439452950e+00 1.000000000000000000e+00
1.867377238805768513e+01 -2.077783567791818609e+00 -2.560254111540595012e+00 1.000000000000000000e+00
1.868807083552174220e+01 -1.962609079677144708e+00 -2.561193140785428035e+00 1.000000000000000000e+00
1.870236928298579926e+01 -1.847390392123690717e+00 -2.562074490026302609e+00 1.000000000000000000e+00
1.871666773044985632e+01 -1.732130099943281598e+00 -2.562898139414569787e+00 1.000000000000000000e+00
1.873096617791390983e+01 -1.616830798884815179e+00 -2.563664070401021622e+00 1.000000000000000000e+00
1.874526462537796689e+01 -1.501495085575571098e+00 -2.564372265736315271e+00 1.000000000000000000e+00
1.875956307284202396e+01 -1.386125557462923208e+00 -2.565022709471356688e+00 1.000000000000000000e+00
1.877386152030608102e+01 -1.270724812755825051e+00 -2.565615386957660782e+00 1.000000000000000000e+00
1.878815996777013808e+01 -1.155295450366164545e+00 -2.566150284847683594e+00 1.000000000000000000e+00
1.880245841523419159e+01 -1.039840069850429316e+00 -2.566627391095120281e+00 1.000000000000000000e+00
1.881675686269824865e+01 -9.243612713509038459e-01 -2.567046694955178232e+00 1.000000000000000000e+00
1.883105531016230572e+01 -8.088616555374141814e-01 -2.567408186984817764e+00 1.000000000000000000e+00
1.884535375762636278e+01 -6.933438235485003265e-01 -2.567711859042964839e+00 1.000000000000000000e+00
1.885965220509041984e+01 -5.778103769330303896e-01 -2.567957704290696253e+00 1.000000000000000000e+00
1.887395065255447690e+01 -4.622639175914397547e-01 -2.568145717191390620e+00 1.000000000000000000e+00
1.888824910001853041e+01 -3.467070477173279097e-01 -2.568275893510855390e+00 1.000000000000000000e+00
1.890254754748258748e+01 -2.311423697386176812e-01 -2.568348230317421432e+00 1.000000000000000000e+00
1.891684599494664454e+01 -1.155724862591412799e-01 -2.568362725982010097e+00 1.000000000000000000e+00
1.893114444241070160e+01 -5.964925864799671566e-15 -2.568319380178167410e+00 1.000000000000000000e+00
