0.000000000000000000e+00 0.000000000000000000e+00 -1.345204158429399888e+00 1.000000000000000000e+00
1.430851909750270254e-02 1.115710251149422544e-01 -1.356922606038545087e+00 1.000000000000000000e+00
2.861703819500540508e-02 2.231389188138844237e-01 -1.368602969484215670e+00 1.000000000000000000e+00
4.292555729250810415e-02 3.347005497687144393e-01 -1.380244920938672681e+00 1.000000000000000000e+00
5.723407639001081015e-02 4.462527868270941833e-01 -1.391848133652269226e+00 1.000000000000000000e+00
7.154259548751351616e-02 5.577924991003399002e-01 -1.403412281962621799e+00 1.000000000000000000e+00
8.585111458501620829e-02 6.693165560512950307e-01 -1.414937041303750753e+00 1.000000000000000000e+00
1.001596336825189143e-01 7.808218275821957599e-01 -1.426422088215190342e+00 1.000000000000000000e+00
1.144681527800216203e-01 8.923051841225186909e-01 -1.437867100351065908e+00 1.000000000000000000e+00
1.287766718775243124e-01 1.003763496716820303e+00 -1.449271756489141527e+00 1.000000000000000000e+00
1.430851909750270323e-01 1.115193637112554148e+00 -1.460635736539836360e+00 1.000000000000000000e+00
1.573937100725297245e-01 1.226592477847871177e+00 -1.471958721555207239e+00 1.000000000000000000e+00
1.717022291700324166e-01 1.337956892339395853e+00 -1.483240393737901064e+00 1.000000000000000000e+00
1.860107482675351365e-01 1.449283754969980853e+00 -1.494480436450074778e+00 1.000000000000000000e+00
2.003192673650378286e-01 1.560569941176427777e+00 -1.505678534222281373e+00 1.000000000000000000e+00
2.146277864625405485e-01 1.671812327537189224e+00 -1.516834372762323913e+00 1.000000000000000000e+00
2.289363055600432406e-01 1.783007791860026892e+00 -1.527947638964078259e+00 1.000000000000000000e+00
2.432448246575459327e-01 1.894153213269644143e+00 -1.539018020916279372e+00 1.000000000000000000e+00
2.575533437550486249e-01 2.005245472295277054e+00 -1.550045207911275424e+00 1.000000000000000000e+00
2.718618628525513725e-01 2.116281450958248378e+00 -1.561028890453749929e+00 1.000000000000000000e+00
2.861703819500540646e-01 2.227258032859475545e+00 -1.571968760269406129e+00 1.000000000000000000e+00
3.004789010475567568e-01 2.338172103266940915e+00 -1.582864510313620521e+00 1.000000000000000000e+00
3.147874201450594489e-01 2.449020549203110519e+00 -1.593715834780061291e+00 1.000000000000000000e+00
3.290959392425621410e-01 2.559800259532302835e+00 -1.604522429109268788e+00 1.000000000000000000e+00
3.434044583400648332e-01 2.670508125048009607e+00 -1.615283989997205349e+00 1.000000000000000000e+00
3.577129774375675808e-01 2.781141038560161149e+00 -1.626000215403768046e+00 1.000000000000000000e+00
3.720214965350702729e-01 2.891695894982330373e+00 -1.636670804561264791e+00 1.000000000000000000e+00
3.863300156325729651e-01 3.002169591418888839e+00 -1.647295457982856703e+00 1.000000000000000000e+00
4.006385347300756572e-01 3.112559027252088217e+00 -1.657873877470963819e+00 1.000000000000000000e+00
4.149470538275783493e-01 3.222861104229087115e+00 -1.668405766125633738e+00 1.000000000000000000e+00
4.292555729250810970e-01 3.333072726548906406e+00 -1.678890828352874287e+00 1.000000000000000000e+00
4.435640920225837891e-01 3.443190800949321506e+00 -1.689328769872952440e+00 1.000000000000000000e+00
4.578726111200864812e-01 3.553212236793673373e+00 -1.699719297728649714e+00 1.000000000000000000e+00
4.721811302175891734e-01 3.663133946157620446e+00 -1.710062120293487364e+00 1.000000000000000000e+00
4.864896493150918655e-01 3.772952843915795107e+00 -1.720356947279911397e+00 1.000000000000000000e+00
5.007981684125946131e-01 3.882665847828405958e+00 -1.730603489747437385e+00 1.000000000000000000e+00
5.151066875100972497e-01 3.992269878627733526e+00 -1.740801460110763310e+00 1.000000000000000000e+00
5.294152066075999974e-01 4.101761860104563340e+00 -1.750950572147838225e+00 1.000000000000000000e+00
5.437237257051027450e-01 4.211138719194517321e+00 -1.761050541007898040e+00 1.000000000000000000e+00
5.580322448026053817e-01 4.320397386064310119e+00 -1.771101083219458472e+00 1.000000000000000000e+00
5.723407639001081293e-01 4.429534794197909520e+00 -1.781101916698271337e+00 1.000000000000000000e+00
5.866492829976107659e-01 4.538547880482592056e+00 -1.791052760755242890e+00 1.000000000000000000e+00
6.009578020951135136e-01 4.647433585294931113e+00 -1.800953336104310409e+00 1.000000000000000000e+00
6.152663211926162612e-01 4.756188852586655358e+00 -1.810803364870281706e+00 1.000000000000000000e+00
6.295748402901188978e-01 4.864810629970430789e+00 -1.820602570596633774e+00 1.000000000000000000e+00
6.438833593876216455e-01 4.973295868805522879e+00 -1.830350678253271468e+00 1.000000000000000000e+00
6.581918784851242821e-01 5.081641524283371680e+00 -1.840047414244248447e+00 1.000000000000000000e+00
6.725003975826270297e-01 5.189844555513037250e+00 -1.849692506415443249e+00 1.000000000000000000e+00
6.868089166801296663e-01 5.297901925606557150e+00 -1.859285684062200739e+00 1.000000000000000000e+00
7.011174357776324140e-01 5.405810601764176937e+00 -1.868826677936927805e+00 1.000000000000000000e+00
7.154259548751351616e-01 5.513567555359472294e+00 -1.878315220256650209e+00 1.000000000000000000e+00
7.297344739726377982e-01 5.621169762024343264e+00 -1.887751044710530124e+00 1.000000000000000000e+00
7.440429930701405459e-01 5.728614201733915223e+00 -1.897133886467338826e+00 1.000000000000000000e+00
7.583515121676431825e-01 5.835897858891285317e+00 -1.906463482182889635e+00 1.000000000000000000e+00
7.726600312651459301e-01 5.943017722412170301e+00 -1.915739570007430892e+00 1.000000000000000000e+00
7.869685503626486778e-01 6.049970785809403395e+00 -1.924961889592992748e+00 1.000000000000000000e+00
8.012770694601513144e-01 6.156754047277335218e+00 -1.934130182100695983e+00 1.000000000000000000e+00
8.155855885576540620e-01 6.263364509776067734e+00 -1.943244190208015976e+00 1.000000000000000000e+00
8.298941076551566987e-01 6.369799181115578079e+00 -1.952303658116005147e+00 1.000000000000000000e+00
8.442026267526594463e-01 6.476055074039703818e+00 -1.961308331556472107e+00 1.000000000000000000e+00
8.585111458501621939e-01 6.582129206309972780e+00 -1.970257957799118609e+00 1.000000000000000000e+00
8.728196649476648306e-01 6.688018600789311208e+00 -1.979152285658631660e+00 1.000000000000000000e+00
8.871281840451675782e-01 6.793720285525608027e+00 -1.987991065501734989e+00 1.000000000000000000e+00
9.014367031426702148e-01 6.899231293835113021e+00 -1.996774049254194550e+00 1.000000000000000000e+00
9.157452222401729625e-01 7.004548664385714218e+00 -2.005500990407780293e+00 1.000000000000000000e+00
9.300537413376757101e-01 7.109669441280045632e+00 -2.014171644027186847e+00 1.000000000000000000e+00
9.443622604351783467e-01 7.214590674138452009e+00 -2.022785766756906245e+00 1.000000000000000000e+00
9.586707795326810944e-01 7.319309418181791038e+00 -2.031343116828059348e+00 1.000000000000000000e+00
9.729792986301837310e-01 7.423822734314093452e+00 -2.039843454065179085e+00 1.000000000000000000e+00
9.872878177276864786e-01 7.528127689205040163e+00 -2.048286539892955727e+00 1.000000000000000000e+00
1.001596336825189226e+00 7.632221355372303506e+00 -2.056672137342927975e+00 1.000000000000000000e+00
1.015904855922691974e+00 7.736100811263700194e+00 -2.065000011060136753e+00 1.000000000000000000e+00
1.030213375020194499e+00 7.839763141339195052e+00 -2.073269927309731475e+00 1.000000000000000000e+00
1.044521894117697247e+00 7.943205436152738663e+00 -2.081481653983527025e+00 1.000000000000000000e+00
1.058830413215199995e+00 8.046424792433906958e+00 -2.089634960606520764e+00 1.000000000000000000e+00
1.073138932312702742e+00 8.149418313169395134e+00 -2.097729618343361579e+00 1.000000000000000000e+00
1.087447451410205490e+00 8.252183107684336605e+00 -2.105765400004769194e+00 1.000000000000000000e+00
1.101755970507708016e+00 8.354716291723411459e+00 -2.113742080053914840e+00 1.000000000000000000e+00
1.116064489605210763e+00 8.457014987531831451e+00 -2.121659434612748640e+00 1.000000000000000000e+00
1.130373008702713511e+00 8.559076323936071873e+00 -2.129517241468283473e+00 1.000000000000000000e+00
1.144681527800216259e+00 8.660897436424473739e+00 -2.137315280078831758e+00 1.000000000000000000e+00
1.158990046897719006e+00 8.762475467227648807e+00 -2.145053331580196954e+00 1.000000000000000000e+00
1.173298565995221532e+00 8.863807565398673205e+00 -2.152731178791813083e+00 1.000000000000000000e+00
1.187607085092724279e+00 8.964890886893099875e+00 -2.160348606222843859e+00 1.000000000000000000e+00
1.201915604190227027e+00 9.065722594648809363e+00 -2.167905400078227185e+00 1.000000000000000000e+00
1.216224123287729775e+00 9.166299858665595934e+00 -2.175401348264679235e+00 1.000000000000000000e+00
1.230532642385232522e+00 9.266619856084631124e+00 -2.182836240396644367e+00 1.000000000000000000e+00
1.244841161482735048e+00 9.366679771267667931e+00 -2.190209867802201060e+00 1.000000000000000000e+00
1.259149680580237796e+00 9.466476795876085149e+00 -2.197522023528918567e+00 1.000000000000000000e+00
1.273458199677740543e+00 9.566008128949693656e+00 -2.204772502349665597e+00 1.000000000000000000e+00
1.287766718775243291e+00 9.665270976985350870e+00 -2.211961100768369715e+00 1.000000000000000000e+00
1.302075237872746039e+00 9.764262554015374462e+00 -2.219087617025729653e+00 1.000000000000000000e+00
1.316383756970248564e+00 9.862980081685723377e+00 -2.226151851104877011e+00 1.000000000000000000e+00
1.330692276067751312e+00 9.961420789333988779e+00 -2.233153604736990872e+00 1.000000000000000000e+00
1.345000795165254059e+00 1.005958191406714342e+01 -2.240092681406860908e+00 1.000000000000000000e+00
1.359309314262756807e+00 1.015746070083909913e+01 -2.246968886358406525e+00 1.000000000000000000e+00
1.373617833360259333e+00 1.025505440252801570e+01 -2.253782026600138266e+00 1.000000000000000000e+00
1.387926352457762080e+00 1.035236028001343556e+01 -2.260531910910578368e+00 1.000000000000000000e+00
1.402234871555264828e+00 1.044937560225311124e+01 -2.267218349843625358e+00 1.000000000000000000e+00
1.416543390652767576e+00 1.054609764635970670e+01 -2.273841155733872021e+00 1.000000000000000000e+00
1.430851909750270323e+00 1.064252369767718243e+01 -2.280400142701872745e+00 1.000000000000000000e+00
1.445160428847772849e+00 1.073865104985701002e+01 -2.286895126659358901e+00 1.000000000000000000e+00
1.459468947945275596e+00 1.083447700493412214e+01 -2.293325925314408931e+00 1.000000000000000000e+00
1.473777467042778344e+00 1.092999887340262255e+01 -2.299692358176560703e+00 1.000000000000000000e+00
1.488085986140281092e+00 1.102521397429130445e+01 -2.305994246561880345e+00 1.000000000000000000e+00
1.502394505237783839e+00 1.112011963523885072e+01 -2.312231413597975571e+00 1.000000000000000000e+00
1.516703024335286365e+00 1.121471319256887433e+01 -2.318403684228959261e+00 1.000000000000000000e+00
1.531011543432789113e+00 1.130899199136466926e+01 -2.324510885220366418e+00 1.000000000000000000e+00
1.545320062530291860e+00 1.140295338554371618e+01 -2.330552845164011178e+00 1.000000000000000000e+00
1.559628581627794608e+00 1.149659473793195907e+01 -2.336529394482802058e+00 1.000000000000000000e+00
1.573937100725297356e+00 1.158991342033781180e+01 -2.342440365435497718e+00 1.000000000000000000e+00
1.588245619822799881e+00 1.168290681362593020e+01 -2.348285592121417409e+00 1.000000000000000000e+00
1.602554138920302629e+00 1.177557230779072306e+01 -2.354064910485096807e+00 1.000000000000000000e+00
1.616862658017805376e+00 1.186790730202960376e+01 -2.359778158320891883e+00 1.000000000000000000e+00
1.631171177115308124e+00 1.195990920481597364e+01 -2.365425175277531267e+00 1.000000000000000000e+00
1.645479696212810872e+00 1.205157543397197983e+01 -2.371005802862617529e+00 1.000000000000000000e+00
1.659788215310313397e+00 1.214290341674097284e+01 -2.376519884447075626e+00 1.000000000000000000e+00
1.674096734407816145e+00 1.223389058985972078e+01 -2.381967265269547607e+00 1.000000000000000000e+00
1.688405253505318893e+00 1.232453439963035358e+01 -2.387347792440738026e+00 1.000000000000000000e+00
1.702713772602821640e+00 1.241483230199202126e+01 -2.392661314947703843e+00 1.000000000000000000e+00
1.717022291700324388e+00 1.250478176259231944e+01 -2.397907683658092370e+00 1.000000000000000000e+00
1.731330810797826913e+00 1.259438025685840401e+01 -2.403086751324329029e+00 1.000000000000000000e+00
1.745639329895329661e+00 1.268362527006785179e+01 -2.408198372587747382e+00 1.000000000000000000e+00
1.759947848992832409e+00 1.277251429741924049e+01 -2.413242403982671647e+00 1.000000000000000000e+00
1.774256368090335156e+00 1.286104484410245341e+01 -2.418218703940440140e+00 1.000000000000000000e+00
1.788564887187837904e+00 1.294921442536868916e+01 -2.423127132793381211e+00 1.000000000000000000e+00
1.802873406285340430e+00 1.303702056660021924e+01 -2.427967552778732774e+00 1.000000000000000000e+00
1.817181925382843177e+00 1.312446080337982046e+01 -2.432739828042507213e+00 1.000000000000000000e+00
1.831490444480345925e+00 1.321153268155995697e+01 -2.437443824643307000e+00 1.000000000000000000e+00
1.845798963577848673e+00 1.329823375733164958e+01 -2.442079410556081243e+00 1.000000000000000000e+00
1.860107482675351420e+00 1.338456159729307693e+01 -2.446646455675832499e+00 1.000000000000000000e+00
1.874416001772853946e+00 1.347051377851786924e+01 -2.451144831821269410e+00 1.000000000000000000e+00
1.888724520870356693e+00 1.355608788862310021e+01 -2.455574412738401602e+00 1.000000000000000000e+00
1.903033039967859441e+00 1.364128152583701237e+01 -2.459935074104086183e+00 1.000000000000000000e+00
1.917341559065362189e+00 1.372609229906640849e+01 -2.464226693529515622e+00 1.000000000000000000e+00
1.931650078162864936e+00 1.381051782796377481e+01 -2.468449150563651440e+00 1.000000000000000000e+00
1.945958597260367462e+00 1.389455574299409157e+01 -2.472602326696607289e+00 1.000000000000000000e+00
1.960267116357870210e+00 1.397820368550131320e+01 -2.476686105362974732e+00 1.000000000000000000e+00
1.974575635455372957e+00 1.406145930777459974e+01 -2.480700371945093075e+00 1.000000000000000000e+00
1.988884154552875705e+00 1.414432027311419482e+01 -2.484645013776267675e+00 1.000000000000000000e+00
2.003192673650378453e+00 1.422678425589699636e+01 -2.488519920143931863e+00 1.000000000000000000e+00
2.017501192747880978e+00 1.430884894164185361e+01 -2.492324982292754232e+00 1.000000000000000000e+00
2.031809711845383948e+00 1.439051202707450905e+01 -2.496060093427692195e+00 1.000000000000000000e+00
2.046118230942886473e+00 1.447177122019225592e+01 -2.499725148716986034e+00 1.000000000000000000e+00
2.060426750040388999e+00 1.455262424032823354e+01 -2.503320045295104990e+00 1.000000000000000000e+00
2.074735269137891969e+00 1.463306881821550398e+01 -2.506844682265632063e+00 1.000000000000000000e+00
2.089043788235394494e+00 1.471310269605066345e+01 -2.510298960704095972e+00 1.000000000000000000e+00
2.103352307332897464e+00 1.479272362755728132e+01 -2.513682783660749820e+00 1.000000000000000000e+00
2.117660826430399990e+00 1.487192937804889503e+01 -2.516996056163288920e+00 1.000000000000000000e+00
2.131969345527902515e+00 1.495071772449174929e+01 -2.520238685219517105e+00 1.000000000000000000e+00
2.146277864625405485e+00 1.502908645556720479e+01 -2.523410579819960642e+00 1.000000000000000000e+00
2.160586383722908010e+00 1.510703337173375793e+01 -2.526511650940415521e+00 1.000000000000000000e+00
2.174894902820410980e+00 1.518455628528884027e+01 -2.529541811544453012e+00 1.000000000000000000e+00
2.189203421917913506e+00 1.526165302043014904e+01 -2.532500976585856822e+00 1.000000000000000000e+00
2.203511941015416031e+00 1.533832141331676269e+01 -2.535389063011014521e+00 1.000000000000000000e+00
2.217820460112919001e+00 1.541455931212986386e+01 -2.538205989761245895e+00 1.000000000000000000e+00
2.232128979210421527e+00 1.549036457713311243e+01 -2.540951677775078910e+00 1.000000000000000000e+00
2.246437498307924496e+00 1.556573508073272372e+01 -2.543626049990467930e+00 1.000000000000000000e+00
2.260746017405427022e+00 1.564066870753717353e+01 -2.546229031346957772e+00 1.000000000000000000e+00
2.275054536502929547e+00 1.571516335441656587e+01 -2.548760548787790015e+00 1.000000000000000000e+00
2.289363055600432517e+00 1.578921693056168074e+01 -2.551220531261952473e+00 1.000000000000000000e+00
2.303671574697935043e+00 1.586282735754262063e+01 -2.553608909726174936e+00 1.000000000000000000e+00
2.317980093795438012e+00 1.593599256936718689e+01 -2.555925617146865392e+00 1.000000000000000000e+00
2.332288612892940538e+00 1.600871051253881561e+01 -2.558170588501992526e+00 1.000000000000000000e+00
2.346597131990443064e+00 1.608097914611426660e+01 -2.560343760782910483e+00 1.000000000000000000e+00
2.360905651087946033e+00 1.615279644176085938e+01 -2.562445072996127227e+00 1.000000000000000000e+00
2.375214170185448559e+00 1.622416038381344094e+01 -2.564474466165016064e+00 1.000000000000000000e+00
2.389522689282951529e+00 1.629506896933092008e+01 -2.566431883331471653e+00 1.000000000000000000e+00
2.403831208380454054e+00 1.636552020815250685e+01 -2.568317269557506943e+00 1.000000000000000000e+00
2.418139727477956580e+00 1.643551212295357544e+01 -2.570130571926797725e+00 1.000000000000000000e+00
2.432448246575459549e+00 1.650504274930113269e+01 -2.571871739546166324e+00 1.000000000000000000e+00
2.446756765672962075e+00 1.657411013570897751e+01 -2.573540723547009357e+00 1.000000000000000000e+00
2.461065284770465045e+00 1.664271234369248020e+01 -2.575137477086669957e+00 1.000000000000000000e+00
2.475373803867967570e+00 1.671084744782293896e+01 -2.576661955349753175e+00 1.000000000000000000e+00
2.489682322965470096e+00 1.677851353578169125e+01 -2.578114115549382745e+00 1.000000000000000000e+00
2.503990842062973066e+00 1.684570870841372781e+01 -2.579493916928403685e+00 1.000000000000000000e+00
2.518299361160475591e+00 1.691243107978102955e+01 -2.580801320760522266e+00 1.000000000000000000e+00
2.532607880257978561e+00 1.697867877721547458e+01 -2.582036290351398033e+00 1.000000000000000000e+00
2.546916399355481087e+00 1.704444994137142189e+01 -2.583198791039670095e+00 1.000000000000000000e+00
2.561224918452983612e+00 1.710974272627787940e+01 -2.584288790197931451e+00 1.000000000000000000e+00
2.575533437550486582e+00 1.717455529939032033e+01 -2.585306257233644267e+00 1.000000000000000000e+00
2.589841956647989107e+00 1.723888584164211935e+01 -2.586251163589998736e+00 1.000000000000000000e+00
2.604150475745492077e+00 1.730273254749560152e+01 -2.587123482746714220e+00 1.000000000000000000e+00
2.618458994842994603e+00 1.736609362499271114e+01 -2.587923190220783987e+00 1.000000000000000000e+00
2.632767513940497128e+00 1.742896729580533588e+01 -2.588650263567162657e+00 1.000000000000000000e+00
2.647076033038000098e+00 1.749135179528517625e+01 -2.589304682379394151e+00 1.000000000000000000e+00
2.661384552135502624e+00 1.755324537251330241e+01 -2.589886428290187670e+00 1.000000000000000000e+00
2.675693071233005593e+00 1.761464629034929885e+01 -2.590395484971930173e+00 1.000000000000000000e+00
2.690001590330508119e+00 1.767555282547998985e+01 -2.590831838137147347e+00 1.000000000000000000e+00
2.704310109428010644e+00 1.773596326846783811e+01 -2.591195475538902393e+00 1.000000000000000000e+00
2.718618628525513614e+00 1.779587592379891703e+01 -2.591486386971140643e+00 1.000000000000000000e+00
2.732927147623016140e+00 1.785528910993046736e+01 -2.591704564268975552e+00 1.000000000000000000e+00
2.747235666720518665e+00 1.791420115933815538e+01 -2.591850001308919182e+00 1.000000000000000000e+00
2.761544185818021635e+00 1.797261041856280173e+01 -2.591922694009052286e+00 1.000000000000000000e+00
2.775852704915524161e+00 1.803051524825684027e+01 -2.591922640329140215e+00 1.000000000000000000e+00
2.790161224013027130e+00 1.808791402323030795e+01 -2.591849840270689764e+00 1.000000000000000000e+00
2.804469743110529656e+00 1.814480513249645810e+01 -2.591704295876948727e+00 1.000000000000000000e+00
2.818778262208032181e+00 1.820118697931698648e+01 -2.591486011232848607e+00 1.000000000000000000e+00
2.833086781305535151e+00 1.825705798124684165e+01 -2.591194992464891822e+00 1.000000000000000000e+00
2.847395300403037677e+00 1.831241657017861613e+01 -2.590831247740975396e+00 1.000000000000000000e+00
2.861703819500540646e+00 1.836726119238660715e+01 -2.590394787270168031e+00 1.000000000000000000e+00
2.876012338598043172e+00 1.842159030857036939e+01 -2.589885623302416562e+00 1.000000000000000000e+00
2.890320857695545698e+00 1.847540239389795147e+01 -2.589303770128208004e+00 1.000000000000000000e+00
2.904629376793048667e+00 1.852869593804869908e+01 -2.588649244078164990e+00 1.000000000000000000e+00
2.918937895890551193e+00 1.858146944525560684e+01 -2.587922063522588800e+00 1.000000000000000000e+00
2.933246414988054163e+00 1.863372143434734340e+01 -2.587122248870943775e+00 1.000000000000000000e+00
2.947554934085556688e+00 1.868545043878978262e+01 -2.586249822571283552e+00 1.000000000000000000e+00
2.961863453183059214e+00 1.873665500672720441e+01 -2.585304809109622237e+00 1.000000000000000000e+00
2.976171972280562183e+00 1.878733370102300171e+01 -2.584287235009246508e+00 1.000000000000000000e+00
2.990480491378064709e+00 1.883748509930005710e+01 -2.583197128829970879e+00 1.000000000000000000e+00
3.004789010475567679e+00 1.888710779398063266e+01 -2.582034521167337449e+00 1.000000000000000000e+00
3.019097529573070204e+00 1.893620039232587260e+01 -2.580799444651754815e+00 1.000000000000000000e+00
3.033406048670572730e+00 1.898476151647495058e+01 -2.579491933947585469e+00 1.000000000000000000e+00
3.047714567768075700e+00 1.903278980348364513e+01 -2.578112025752169689e+00 1.000000000000000000e+00
3.062023086865578225e+00 1.908028390536268404e+01 -2.576659758794797916e+00 1.000000000000000000e+00
3.076331605963081195e+00 1.912724248911552749e+01 -2.575135173835622737e+00 1.000000000000000000e+00
3.090640125060583721e+00 1.917366423677578524e+01 -2.573538313664514465e+00 1.000000000000000000e+00
3.104948644158086246e+00 1.921954784544422168e+01 -2.571869223099861212e+00 1.000000000000000000e+00
3.119257163255589216e+00 1.926489202732532036e+01 -2.570127948987309896e+00 1.000000000000000000e+00
3.133565682353091741e+00 1.930969550976342219e+01 -2.568314540198453066e+00 1.000000000000000000e+00
3.147874201450594711e+00 1.935395703527844447e+01 -2.566429047629455784e+00 1.000000000000000000e+00
3.162182720548097237e+00 1.939767536160116990e+01 -2.564471524199626984e+00 1.000000000000000000e+00
3.176491239645599762e+00 1.944084926170813787e+01 -2.562442024849935773e+00 1.000000000000000000e+00
3.190799758743102732e+00 1.948347752385604892e+01 -2.560340606541467334e+00 1.000000000000000000e+00
3.205108277840605258e+00 1.952555895161579258e+01 -2.558167328253826422e+00 1.000000000000000000e+00
3.219416796938108227e+00 1.956709236390602769e+01 -2.555922250983480026e+00 1.000000000000000000e+00
3.233725316035610753e+00 1.960807659502632561e+01 -2.553605437742047624e+00 1.000000000000000000e+00
3.248033835133113278e+00 1.964851049468988720e+01 -2.551216953554529709e+00 1.000000000000000000e+00
3.262342354230616248e+00 1.968839292805584051e+01 -2.548756865457485699e+00 1.000000000000000000e+00
3.276650873328118774e+00 1.972772277576106603e+01 -2.546225242497150543e+00 1.000000000000000000e+00
3.290959392425621743e+00 1.976649893395163105e+01 -2.543622155727497613e+00 1.000000000000000000e+00
3.305267911523124269e+00 1.980472031431377999e+01 -2.540947678208243854e+00 1.000000000000000000e+00
3.319576430620626795e+00 1.984238584410445938e+01 -2.538201885002800751e+00 1.000000000000000000e+00
3.333884949718129764e+00 1.987949446618143412e+01 -2.535384853176165798e+00 1.000000000000000000e+00
3.348193468815632290e+00 1.991604513903295981e+01 -2.532496661792759785e+00 1.000000000000000000e+00
3.362501987913135260e+00 1.995203683680701445e+01 -2.529537391914209010e+00 1.000000000000000000e+00
3.376810507010637785e+00 1.998746854934009320e+01 -2.526507126597068886e+00 1.000000000000000000e+00
3.391119026108140311e+00 2.002233928218554482e+01 -2.523405950890493354e+00 1.000000000000000000e+00
3.405427545205643280e+00 2.005664805664150663e+01 -2.520233951833848796e+00 1.000000000000000000e+00
3.419736064303145806e+00 2.009039390977834927e+01 -2.516991218454267543e+00 1.000000000000000000e+00
3.434044583400648776e+00 2.012357589446572703e+01 -2.513677841764154763e+00 1.000000000000000000e+00
3.448353102498151301e+00 2.015619307939913085e+01 -2.510293914758628731e+00 1.000000000000000000e+00
3.462661621595653827e+00 2.018824454912605404e+01 -2.506839532412914906e+00 1.000000000000000000e+00
3.476970140693156797e+00 2.021972940407168196e+01 -2.503314791679676965e+00 1.000000000000000000e+00
3.491278659790659322e+00 2.025064676056411272e+01 -2.499719791486298082e+00 1.000000000000000000e+00
3.505587178888162292e+00 2.028099575085920492e+01 -2.496054632732103595e+00 1.000000000000000000e+00
3.519895697985664818e+00 2.031077552316488877e+01 -2.492319418285527721e+00 1.000000000000000000e+00
3.534204217083167343e+00 2.033998524166509370e+01 -2.488514252981229635e+00 1.000000000000000000e+00
3.548512736180670313e+00 2.036862408654321044e+01 -2.484639243617147830e+00 1.000000000000000000e+00
3.562821255278172838e+00 2.039669125400508776e+01 -2.480694498951504734e+00 1.000000000000000000e+00
3.577129774375675808e+00 2.042418595630161349e+01 -2.476680129699752264e+00 1.000000000000000000e+00
3.591438293473178334e+00 2.045110742175078400e+01 -2.472596248531467200e+00 1.000000000000000000e+00
3.605746812570680859e+00 2.047745489475940062e+01 -2.468442970067186160e+00 1.000000000000000000e+00
3.620055331668183829e+00 2.050322763584427577e+01 -2.464220410875191281e+00 1.000000000000000000e+00
3.634363850765686355e+00 2.052842492165295951e+01 -2.459928689468235952e+00 1.000000000000000000e+00
3.648672369863189324e+00 2.055304604498406462e+01 -2.455567926300219028e+00 1.000000000000000000e+00
3.662980888960691850e+00 2.057709031480710138e+01 -2.451138243762807090e+00 1.000000000000000000e+00
3.677289408058194375e+00 2.060055705628188960e+01 -2.446639766181994968e+00 1.000000000000000000e+00
3.691597927155697345e+00 2.062344561077747684e+01 -2.442072619814618761e+00 1.000000000000000000e+00
3.705906446253199871e+00 2.064575533589065159e+01 -2.437436932844813331e+00 1.000000000000000000e+00
3.720214965350702840e+00 2.066748560546395197e+01 -2.432732835380411185e+00 1.000000000000000000e+00
3.734523484448205366e+00 2.068863580960323389e+01 -2.427960459449294284e+00 1.000000000000000000e+00
3.748832003545707892e+00 2.070920535469480583e+01 -2.423119938995685896e+00 1.000000000000000000e+00
3.763140522643210861e+00 2.072919366342210523e+01 -2.418211409876393159e+00 1.000000000000000000e+00
3.777449041740713387e+00 2.074860017478185270e+01 -2.413235009856992352e+00 1.000000000000000000e+00
3.791757560838216357e+00 2.076742434409983673e+01 -2.408190878607963548e+00 1.000000000000000000e+00
3.806066079935718882e+00 2.078566564304619035e+01 -2.403079157700770629e+00 1.000000000000000000e+00
3.820374599033221408e+00 2.080332355965022018e+01 -2.397899990603887144e+00 1.000000000000000000e+00
3.834683118130724377e+00 2.082039759831476644e+01 -2.392653522678768407e+00 1.000000000000000000e+00
3.848991637228226903e+00 2.083688727983012612e+01 -2.387339901175775658e+00 1.000000000000000000e+00
3.863300156325729873e+00 2.085279214138749637e+01 -2.381959275230038475e+00 1.000000000000000000e+00
3.877608675423232398e+00 2.086811173659197394e+01 -2.376511795857272347e+00 1.000000000000000000e+00
3.891917194520734924e+00 2.088284563547505712e+01 -2.370997615949539838e+00 1.000000000000000000e+00
3.906225713618237894e+00 2.089699342450673925e+01 -2.365416890270957140e+00 1.000000000000000000e+00
3.920534232715740419e+00 2.091055470660711535e+01 -2.359769775453353535e+00 1.000000000000000000e+00
3.934842751813243389e+00 2.092352910115749864e+01 -2.354056429991872701e+00 1.000000000000000000e+00
3.949151270910745914e+00 2.093591624401114615e+01 -2.348277014240525151e+00 1.000000000000000000e+00
3.963459790008248440e+00 2.094771578750343721e+01 -2.342431690407690059e+00 1.000000000000000000e+00
3.977768309105751410e+00 2.095892740046165770e+01 -2.336520622551556237e+00 1.000000000000000000e+00
3.992076828203253935e+00 2.096955076821429031e+01 -2.330543976575526255e+00 1.000000000000000000e+00
4.006385347300756905e+00 2.097958559259983247e+01 -2.324501920223552176e+00 1.000000000000000000e+00
4.020693866398259431e+00 2.098903159197519130e+01 -2.318394623075433092e+00 1.000000000000000000e+00
4.035002385495761956e+00 2.099788850122355655e+01 -2.312222256542052268e+00 1.000000000000000000e+00
4.049310904593264482e+00 2.100615607176185762e+01 -2.305984993860568100e+00 1.000000000000000000e+00
4.063619423690767896e+00 2.101383407154776251e+01 -2.299683010089550450e+00 1.000000000000000000e+00
4.077927942788270421e+00 2.102092228508613658e+01 -2.293316482104069465e+00 1.000000000000000000e+00
4.092236461885772947e+00 2.102742051343514262e+01 -2.286885588590728879e+00 1.000000000000000000e+00
4.106544980983275472e+00 2.103332857421179725e+01 -2.280390510042653140e+00 1.000000000000000000e+00
4.120853500080777998e+00 2.103864630159710813e+01 -2.273831428754418571e+00 1.000000000000000000e+00
4.135162019178281412e+00 2.104337354634069612e+01 -2.267208528816940127e+00 1.000000000000000000e+00
4.149470538275783937e+00 2.104751017576501937e+01 -2.260521996112304421e+00 1.000000000000000000e+00
4.163779057373286463e+00 2.105105607376907884e+01 -2.253772018308550340e+00 1.000000000000000000e+00
4.178087576470788989e+00 2.105401114083167613e+01 -2.246958784854402591e+00 1.000000000000000000e+00
4.192396095568291514e+00 2.105637529401421659e+01 -2.240082486973955955e+00 1.000000000000000000e+00
4.206704614665794928e+00 2.105814846696302567e+01 -2.233143317661306693e+00 1.000000000000000000e+00
4.221013133763297454e+00 2.105933060991122829e+01 -2.226141471675137762e+00 1.000000000000000000e+00
4.235321652860799979e+00 2.105992168968011669e+01 -2.219077145533249862e+00 1.000000000000000000e+00
4.249630171958302505e+00 2.105992168968011669e+01 -2.211950537507048509e+00 1.000000000000000000e+00
4.263938691055805030e+00 2.105933060991122829e+01 -2.204761847615977377e+00 1.000000000000000000e+00
4.278247210153308444e+00 2.105814846696302567e+01 -2.197511277621904568e+00 1.000000000000000000e+00
4.292555729250810970e+00 2.105637529401421659e+01 -2.190199031023462251e+00 1.000000000000000000e+00
4.306864248348313495e+00 2.105401114083167613e+01 -2.182825313050332561e+00 1.000000000000000000e+00
4.321172767445816021e+00 2.105105607376907884e+01 -2.175390330657487770e+00 1.000000000000000000e+00
4.335481286543318546e+00 2.104751017576501937e+01 -2.167894292519382038e+00 1.000000000000000000e+00
4.349789805640821960e+00 2.104337354634069612e+01 -2.160337409024095212e+00 1.000000000000000000e+00
4.364098324738324486e+00 2.103864630159710813e+01 -2.152719892267429103e+00 1.000000000000000000e+00
4.378406843835827011e+00 2.103332857421179725e+01 -2.145041956046950915e+00 1.000000000000000000e+00
4.392715362933329537e+00 2.102742051343514262e+01 -2.137303815855996714e+00 1.000000000000000000e+00
4.407023882030832063e+00 2.102092228508613658e+01 -2.129505688877620262e+00 1.000000000000000000e+00
4.421332401128335476e+00 2.101383407154776251e+01 -2.121647793978498786e+00 1.000000000000000000e+00
4.435640920225838002e+00 2.100615607176185762e+01 -2.113730351702791221e+00 1.000000000000000000e+00
4.449949439323340528e+00 2.099788850122355655e+01 -2.105753584265946277e+00 1.000000000000000000e+00
4.464257958420843053e+00 2.098903159197519486e+01 -2.097717715548466977e+00 1.000000000000000000e+00
4.478566477518345579e+00 2.097958559259983247e+01 -2.089622971089625469e+00 1.000000000000000000e+00
4.492874996615848993e+00 2.096955076821429031e+01 -2.081469578081134308e+00 1.000000000000000000e+00
4.507183515713351518e+00 2.095892740046165770e+01 -2.073257765360771110e+00 1.000000000000000000e+00
4.521492034810854044e+00 2.094771578750344077e+01 -2.064987763405953469e+00 1.000000000000000000e+00
4.535800553908356569e+00 2.093591624401114615e+01 -2.056659804327270802e+00 1.000000000000000000e+00
4.550109073005859095e+00 2.092352910115750575e+01 -2.048274121861970443e+00 1.000000000000000000e+00
4.564417592103362509e+00 2.091055470660711535e+01 -2.039830951367396672e+00 1.000000000000000000e+00
4.578726111200865034e+00 2.089699342450673925e+01 -2.031330529814387553e+00 1.000000000000000000e+00
4.593034630298367560e+00 2.088284563547505712e+01 -2.022773095780620700e+00 1.000000000000000000e+00
4.607343149395870086e+00 2.086811173659197394e+01 -2.014158889443917744e+00 1.000000000000000000e+00
4.621651668493372611e+00 2.085279214138750348e+01 -2.005488152575504834e+00 1.000000000000000000e+00
4.635960187590876025e+00 2.083688727983012612e+01 -1.996761128533226293e+00 1.000000000000000000e+00
4.650268706688378550e+00 2.082039759831476644e+01 -1.987978062254714740e+00 1.000000000000000000e+00
4.664577225785881076e+00 2.080332355965022018e+01 -1.979139200250516373e+00 1.000000000000000000e+00
4.678885744883383602e+00 2.078566564304619035e+01 -1.970244790597170059e+00 1.000000000000000000e+00
4.693194263980886127e+00 2.076742434409983673e+01 -1.961295082930249123e+00 1.000000000000000000e+00
4.707502783078389541e+00 2.074860017478185270e+01 -1.952290328437350064e+00 1.000000000000000000e+00
4.721811302175892067e+00 2.072919366342210523e+01 -1.943230779851047973e+00 1.000000000000000000e+00
4.736119821273394592e+00 2.070920535469480583e+01 -1.934116691441798208e+00 1.000000000000000000e+00
4.750428340370897118e+00 2.068863580960323389e+01 -1.924948319010801212e+00 1.000000000000000000e+00
4.764736859468399643e+00 2.066748560546395197e+01 -1.915725919882825146e+00 1.000000000000000000e+00
4.779045378565903057e+00 2.064575533589065159e+01 -1.906449752898981886e+00 1.000000000000000000e+00
4.793353897663405583e+00 2.062344561077747684e+01 -1.897120078409462840e+00 1.000000000000000000e+00
4.807662416760908108e+00 2.060055705628188960e+01 -1.887737158266231674e+00 1.000000000000000000e+00
4.821970935858410634e+00 2.057709031480710493e+01 -1.878301255815673754e+00 1.000000000000000000e+00
4.836279454955913160e+00 2.055304604498406462e+01 -1.868812635891206719e+00 1.000000000000000000e+00
4.850587974053416573e+00 2.052842492165296662e+01 -1.859271564805847321e+00 1.000000000000000000e+00
4.864896493150919099e+00 2.050322763584427577e+01 -1.849678310344736731e+00 1.000000000000000000e+00
4.879205012248421625e+00 2.047745489475940772e+01 -1.840033141757624113e+00 1.000000000000000000e+00
4.893513531345924150e+00 2.045110742175078755e+01 -1.830336329751308888e+00 1.000000000000000000e+00
4.907822050443426676e+00 2.042418595630161349e+01 -1.820588146482045921e+00 1.000000000000000000e+00
4.922130569540930090e+00 2.039669125400508776e+01 -1.810788865547903637e+00 1.000000000000000000e+00
4.936439088638432615e+00 2.036862408654321044e+01 -1.800938761981089042e+00 1.000000000000000000e+00
4.950747607735935141e+00 2.033998524166509370e+01 -1.791038112240224134e+00 1.000000000000000000e+00
4.965056126833437666e+00 2.031077552316488877e+01 -1.781087194202588542e+00 1.000000000000000000e+00
4.979364645930940192e+00 2.028099575085920847e+01 -1.771086287156321326e+00 1.000000000000000000e+00
4.993673165028443606e+00 2.025064676056411628e+01 -1.761035671792581025e+00 1.000000000000000000e+00
5.007981684125946131e+00 2.021972940407168196e+01 -1.750935630197669512e+00 1.000000000000000000e+00
5.022290203223448657e+00 2.018824454912605404e+01 -1.740786445845112551e+00 1.000000000000000000e+00
5.036598722320951182e+00 2.015619307939913085e+01 -1.730588403587703494e+00 1.000000000000000000e+00
5.050907241418453708e+00 2.012357589446573058e+01 -1.720341789649510789e+00 1.000000000000000000e+00
5.065215760515957122e+00 2.009039390977834927e+01 -1.710046891617842624e+00 1.000000000000000000e+00
5.079524279613459647e+00 2.005664805664150663e+01 -1.699703998435177388e+00 1.000000000000000000e+00
5.093832798710962173e+00 2.002233928218554837e+01 -1.689313400391051934e+00 1.000000000000000000e+00
5.108141317808464699e+00 1.998746854934009320e+01 -1.678875389113914096e+00 1.000000000000000000e+00
5.122449836905967224e+00 1.995203683680701801e+01 -1.668390257562939683e+00 1.000000000000000000e+00
5.136758356003470638e+00 1.991604513903295981e+01 -1.657858300019808162e+00 1.000000000000000000e+00
5.151066875100973164e+00 1.987949446618143412e+01 -1.647279812080445938e+00 1.000000000000000000e+00
5.165375394198475689e+00 1.984238584410445938e+01 -1.636655090646724986e+00 1.000000000000000000e+00
5.179683913295978215e+00 1.980472031431378355e+01 -1.625984433918135075e+00 1.000000000000000000e+00
5.193992432393480740e+00 1.976649893395163460e+01 -1.615268141383411349e+00 1.000000000000000000e+00
5.208300951490984154e+00 1.972772277576106603e+01 -1.604506513812129720e+00 1.000000000000000000e+00
5.222609470588486680e+00 1.968839292805584407e+01 -1.593699853246265841e+00 1.000000000000000000e+00
5.236917989685989205e+00 1.964851049468989430e+01 -1.582848462991715222e+00 1.000000000000000000e+00
5.251226508783491731e+00 1.960807659502632561e+01 -1.571952647609783815e+00 1.000000000000000000e+00
5.265535027880994257e+00 1.956709236390602769e+01 -1.561012712908637745e+00 1.000000000000000000e+00
5.279843546978497670e+00 1.952555895161579258e+01 -1.550028965934721503e+00 1.000000000000000000e+00
5.294152066076000196e+00 1.948347752385604892e+01 -1.539001714964141065e+00 1.000000000000000000e+00
5.308460585173502722e+00 1.944084926170814143e+01 -1.527931269494007038e+00 1.000000000000000000e+00
5.322769104271005247e+00 1.939767536160117345e+01 -1.516817940233754491e+00 1.000000000000000000e+00
5.337077623368507773e+00 1.935395703527844447e+01 -1.505662039096418825e+00 1.000000000000000000e+00
5.351386142466011187e+00 1.930969550976342219e+01 -1.494463879189880329e+00 1.000000000000000000e+00
5.365694661563513712e+00 1.926489202732532391e+01 -1.483223774808080986e+00 1.000000000000000000e+00
5.380003180661016238e+00 1.921954784544422523e+01 -1.471942041422197311e+00 1.000000000000000000e+00
5.394311699758518763e+00 1.917366423677578524e+01 -1.460618995671790765e+00 1.000000000000000000e+00
5.408620218856021289e+00 1.912724248911553104e+01 -1.449254955355919749e+00 1.000000000000000000e+00
5.422928737953524703e+00 1.908028390536268404e+01 -1.437850239424216081e+00 1.000000000000000000e+00
5.437237257051027228e+00 1.903278980348364513e+01 -1.426405167967942589e+00 1.000000000000000000e+00
5.451545776148529754e+00 1.898476151647495058e+01 -1.414920062210997864e+00 1.000000000000000000e+00
5.465854295246032279e+00 1.893620039232587970e+01 -1.403395244500909467e+00 1.000000000000000000e+00
5.480162814343534805e+00 1.888710779398063266e+01 -1.391831038299780277e+00 1.000000000000000000e+00
5.494471333441037331e+00 1.883748509930006421e+01 -1.380227768175214864e+00 1.000000000000000000e+00
5.508779852538540744e+00 1.878733370102300171e+01 -1.368585759791206780e+00 1.000000000000000000e+00
5.523088371636043270e+00 1.873665500672720441e+01 -1.356905339899003415e+00 1.000000000000000000e+00
5.537396890733545796e+00 1.868545043878978973e+01 -1.345186836327928015e+00 1.000000000000000000e+00
5.551705409831048321e+00 1.863372143434734696e+01 -1.333430577976181253e+00 1.000000000000000000e+00
5.566013928928550847e+00 1.858146944525561395e+01 -1.321636894801613282e+00 1.000000000000000000e+00
5.580322448026054261e+00 1.852869593804869908e+01 -1.309806117812459370e+00 1.000000000000000000e+00
5.594630967123556786e+00 1.847540239389795858e+01 -1.297938579058053543e+00 1.000000000000000000e+00
5.608939486221059312e+00 1.842159030857037294e+01 -1.286034611619502721e+00 1.000000000000000000e+00
5.623248005318561837e+00 1.836726119238661070e+01 -1.274094549600343740e+00 1.000000000000000000e+00
5.637556524416064363e+00 1.831241657017862323e+01 -1.262118728117165078e+00 1.000000000000000000e+00
5.651865043513567777e+00 1.825705798124684165e+01 -1.250107483290198829e+00 1.000000000000000000e+00
5.666173562611070302e+00 1.820118697931699359e+01 -1.238061152233893569e+00 1.000000000000000000e+00
5.680482081708572828e+00 1.814480513249646165e+01 -1.225980073047441277e+00 1.000000000000000000e+00
5.694790600806075354e+00 1.808791402323030795e+01 -1.213864584805299351e+00 1.000000000000000000e+00
5.709099119903577879e+00 1.803051524825684027e+01 -1.201715027547668013e+00 1.000000000000000000e+00
5.723407639001081293e+00 1.797261041856280173e+01 -1.189531742270946824e+00 1.000000000000000000e+00
5.737716158098583819e+00 1.791420115933816248e+01 -1.177315070918169670e+00 1.000000000000000000e+00
5.752024677196086344e+00 1.785528910993047447e+01 -1.165065356369396454e+00 1.000000000000000000e+00
5.766333196293588870e+00 1.779587592379892058e+01 -1.152782942432100777e+00 1.000000000000000000e+00
5.780641715391091395e+00 1.773596326846784876e+01 -1.140468173831514553e+00 1.000000000000000000e+00
5.794950234488594809e+00 1.767555282547998985e+01 -1.128121396200953086e+00 1.000000000000000000e+00
5.809258753586097335e+00 1.761464629034930596e+01 -1.115742956072119929e+00 1.000000000000000000e+00
5.823567272683599860e+00 1.755324537251330952e+01 -1.103333200865369790e+00 1.000000000000000000e+00
5.837875791781102386e+00 1.749135179528518336e+01 -1.090892478879968319e+00 1.000000000000000000e+00
5.852184310878604911e+00 1.742896729580533943e+01 -1.078421139284311714e+00 1.000000000000000000e+00
5.866492829976108325e+00 1.736609362499271114e+01 -1.065919532106125889e+00 1.000000000000000000e+00
5.880801349073610851e+00 1.730273254749560508e+01 -1.053388008222648997e+00 1.000000000000000000e+00
5.895109868171113376e+00 1.723888584164212645e+01 -1.040826919350771096e+00 1.000000000000000000e+00
5.909418387268615902e+00 1.717455529939032743e+01 -1.028236618037175143e+00 1.000000000000000000e+00
5.923726906366118428e+00 1.710974272627788650e+01 -1.015617457648436250e+00 1.000000000000000000e+00
5.938035425463621841e+00 1.704444994137142189e+01 -1.002969792361102508e+00 1.000000000000000000e+00
5.952343944561124367e+00 1.697867877721548169e+01 -9.902939771517623724e-01 1.000000000000000000e+00
5.966652463658626893e+00 1.691243107978103311e+01 -9.775903677870690922e-01 1.000000000000000000e+00
5.980960982756129418e+00 1.684570870841373491e+01 -9.648593208137664634e-01 1.000000000000000000e+00
5.995269501853631944e+00 1.677851353578169480e+01 -9.521011935486772826e-01 1.000000000000000000e+00
6.009578020951135358e+00 1.671084744782293896e+01 -9.393163440686739252e-01 1.000000000000000000e+00
6.023886540048637883e+00 1.664271234369248020e+01 -9.265051312006342688e-01 1.000000000000000000e+00
6.038195059146140409e+00 1.657411013570898106e+01 -9.136679145113592027e-01 1.000000000000000000e+00
6.052503578243642934e+00 1.650504274930113269e+01 -9.008050542974922470e-01 1.000000000000000000e+00
6.066812097341145460e+00 1.643551212295357900e+01 -8.879169115754014241e-01 1.000000000000000000e+00
6.081120616438648874e+00 1.636552020815250685e+01 -8.750038480710474742e-01 1.000000000000000000e+00
6.095429135536151399e+00 1.629506896933092364e+01 -8.620662262098357509e-01 1.000000000000000000e+00
6.109737654633653925e+00 1.622416038381344805e+01 -8.491044091064341437e-01 1.000000000000000000e+00
6.124046173731156451e+00 1.615279644176086649e+01 -8.361187605545924439e-01 1.000000000000000000e+00
6.138354692828658976e+00 1.608097914611426660e+01 -8.231096450169266276e-01 1.000000000000000000e+00
6.152663211926162390e+00 1.600871051253881561e+01 -8.100774276146885944e-01 1.000000000000000000e+00
6.166971731023664915e+00 1.593599256936718866e+01 -7.970224741175255811e-01 1.000000000000000000e+00
6.181280250121167441e+00 1.586282735754262774e+01 -7.839451509332018286e-01 1.000000000000000000e+00
6.195588769218669967e+00 1.578921693056168785e+01 -7.708458250973267978e-01 1.000000000000000000e+00
6.209897288316172492e+00 1.571516335441657297e+01 -7.577248642630475262e-01 1.000000000000000000e+00
6.224205807413675906e+00 1.564066870753717708e+01 -7.445826366907314364e-01 1.000000000000000000e+00
6.238514326511178432e+00 1.556573508073272727e+01 -7.314195112376302710e-01 1.000000000000000000e+00
6.252822845608680957e+00 1.549036457713311776e+01 -7.182358573475272623e-01 1.000000000000000000e+00
6.267131364706183483e+00 1.541455931212987096e+01 -7.050320450403693151e-01 1.000000000000000000e+00
6.281439883803686008e+00 1.533832141331677157e+01 -6.918084449018800930e-01 1.000000000000000000e+00
6.295748402901189422e+00 1.526165302043015437e+01 -6.785654280731602261e-01 1.000000000000000000e+00
6.310056921998691948e+00 1.518455628528884560e+01 -6.653033662402703108e-01 1.000000000000000000e+00
6.324365441096194473e+00 1.510703337173376504e+01 -6.520226316237984765e-01 1.000000000000000000e+00
6.338673960193696999e+00 1.502908645556720657e+01 -6.387235969684145198e-01 1.000000000000000000e+00
6.352982479291199525e+00 1.495071772449175640e+01 -6.254066355324068294e-01 1.000000000000000000e+00
6.367290998388702938e+00 1.487192937804890036e+01 -6.120721210772075427e-01 1.000000000000000000e+00
6.381599517486205464e+00 1.479272362755728842e+01 -5.987204278569016047e-01 1.000000000000000000e+00
6.395908036583707990e+00 1.471310269605067234e+01 -5.853519306077230588e-01 1.000000000000000000e+00
6.410216555681210515e+00 1.463306881821551109e+01 -5.719670045375373491e-01 1.000000000000000000e+00
6.424525074778713041e+00 1.455262424032824065e+01 -5.585660253153107435e-01 1.000000000000000000e+00
6.438833593876216455e+00 1.447177122019225770e+01 -5.451493690605663245e-01 1.000000000000000000e+00
6.453142112973718980e+00 1.439051202707451615e+01 -5.317174123328274327e-01 1.000000000000000000e+00
6.467450632071221506e+00 1.430884894164186072e+01 -5.182705321210496763e-01 1.000000000000000000e+00
6.481759151168724031e+00 1.422678425589699991e+01 -5.048091058330393954e-01 1.000000000000000000e+00
6.496067670266226557e+00 1.414432027311419837e+01 -4.913335112848614128e-01 1.000000000000000000e+00
6.510376189363729971e+00 1.406145930777460507e+01 -4.778441266902351825e-01 1.000000000000000000e+00
6.524684708461232496e+00 1.397820368550131676e+01 -4.643413306499191706e-01 1.000000000000000000e+00
6.538993227558735022e+00 1.389455574299409513e+01 -4.508255021410854657e-01 1.000000000000000000e+00
6.553301746656237547e+00 1.381051782796378191e+01 -4.372970205066826210e-01 1.000000000000000000e+00
6.567610265753740073e+00 1.372609229906641382e+01 -4.237562654447891153e-01 1.000000000000000000e+00
6.581918784851243487e+00 1.364128152583701770e+01 -4.102036169979563773e-01 1.000000000000000000e+00
6.596227303948746012e+00 1.355608788862310732e+01 -3.966394555425423740e-01 1.000000000000000000e+00
6.610535823046248538e+00 1.347051377851787457e+01 -3.830641617780358721e-01 1.000000000000000000e+00
6.624844342143751064e+00 1.338456159729308403e+01 -3.694781167163710967e-01 1.000000000000000000e+00
6.639152861241253589e+00 1.329823375733165314e+01 -3.558817016712345072e-01 1.000000000000000000e+00
6.653461380338757003e+00 1.321153268155996052e+01 -3.422752982473625250e-01 1.000000000000000000e+00
6.667769899436259529e+00 1.312446080337982757e+01 -3.286592883298308232e-01 1.000000000000000000e+00
6.682078418533762054e+00 1.303702056660022990e+01 -3.150340540733365113e-01 1.000000000000000000e+00
6.696386937631264580e+00 1.294921442536869627e+01 -3.013999778914724370e-01 1.000000000000000000e+00
6.710695456728767105e+00 1.286104484410245874e+01 -2.877574424459937719e-01 1.000000000000000000e+00
6.725003975826270519e+00 1.277251429741924582e+01 -2.741068306360782691e-01 1.000000000000000000e+00
6.739312494923773045e+00 1.268362527006785712e+01 -2.604485255875794714e-01 1.000000000000000000e+00
6.753621014021275570e+00 1.259438025685840756e+01 -2.467829106422737839e-01 1.000000000000000000e+00
6.767929533118778096e+00 1.250478176259232654e+01 -2.331103693471013594e-01 1.000000000000000000e+00
6.782238052216280622e+00 1.241483230199202836e+01 -2.194312854434012638e-01 1.000000000000000000e+00
6.796546571313784035e+00 1.232453439963036068e+01 -2.057460428561410370e-01 1.000000000000000000e+00
6.810855090411286561e+00 1.223389058985972611e+01 -1.920550256831414226e-01 1.000000000000000000e+00
6.825163609508789087e+00 1.214290341674097817e+01 -1.783586181842960194e-01 1.000000000000000000e+00
6.839472128606291612e+00 1.205157543397198161e+01 -1.646572047707862141e-01 1.000000000000000000e+00
6.853780647703794138e+00 1.195990920481597719e+01 -1.509511699942925056e-01 1.000000000000000000e+00
6.868089166801297552e+00 1.186790730202960731e+01 -1.372408985362009171e-01 1.000000000000000000e+00
6.882397685898800077e+00 1.177557230779073194e+01 -1.235267751968068400e-01 1.000000000000000000e+00
6.896706204996302603e+00 1.168290681362593730e+01 -1.098091848845146046e-01 1.000000000000000000e+00
6.911014724093805128e+00 1.158991342033781713e+01 -9.608851260503466218e-02 1.000000000000000000e+00
6.925323243191307654e+00 1.149659473793196618e+01 -8.236514345057764641e-02 1.000000000000000000e+00
6.939631762288811068e+00 1.140295338554372329e+01 -6.863946258904626840e-02 1.000000000000000000e+00
6.953940281386313593e+00 1.130899199136467637e+01 -5.491185525322492267e-02 1.000000000000000000e+00
6.968248800483816119e+00 1.121471319256887966e+01 -4.118270672996753035e-02 1.000000000000000000e+00
6.982557319581318644e+00 1.112011963523885605e+01 -2.745240234938383858e-02 1.000000000000000000e+00
6.996865838678821170e+00 1.102521397429130801e+01 -1.372132747402455590e-02 1.000000000000000000e+00
7.011174357776324584e+00 1.092999887340263143e+01 1.013251193445607161e-05 1.000000000000000000e+00
7.025482876873827109e+00 1.083447700493412746e+01 1.374159221350861222e-02 1.000000000000000000e+00
7.039791395971329635e+00 1.073865104985701713e+01 2.747266623572130334e-02 1.000000000000000000e+00
7.054099915068832161e+00 1.064252369767718776e+01 4.120296919442061750e-02 1.000000000000000000e+00
7.068408434166334686e+00 1.054609764635971025e+01 5.493211572709576912e-02 1.000000000000000000e+00
7.082716953263838100e+00 1.044937560225311657e+01 6.865972050369283097e-02 1.000000000000000000e+00
7.097025472361340626e+00 1.035236028001344089e+01 8.238539823742976886e-02 1.000000000000000000e+00
7.111333991458843151e+00 1.025505440252802636e+01 9.610876369560993060e-02 1.000000000000000000e+00
7.125642510556345677e+00 1.015746070083910269e+01 1.098294317104343970e-01 1.000000000000000000e+00
7.139951029653848202e+00 1.005958191406714874e+01 1.235470171898121750e-01 1.000000000000000000e+00
7.154259548751351616e+00 9.961420789333994108e+00 1.372611351281684822e-01 1.000000000000000000e+00
7.168568067848854142e+00 9.862980081685728706e+00 1.509714006172505618e-01 1.000000000000000000e+00
7.182876586946356667e+00 9.764262554015379791e+00 1.646774288569305966e-01 1.000000000000000000e+00
7.197185106043859193e+00 9.665270976985356199e+00 1.783788351660059446e-01 1.000000000000000000e+00
7.211493625141361719e+00 9.566008128949698985e+00 1.920752349929956138e-01 1.000000000000000000e+00
7.225802144238865132e+00 9.466476795876090478e+00 2.057662439269334342e-01 1.000000000000000000e+00
7.240110663336367658e+00 9.366679771267673260e+00 2.194514777081571222e-01 1.000000000000000000e+00
7.254419182433870184e+00 9.266619856084634677e+00 2.331305522390930696e-01 1.000000000000000000e+00
7.268727701531372709e+00 9.166299858665599487e+00 2.468030835950367763e-01 1.000000000000000000e+00
7.283036220628875235e+00 9.065722594648812915e+00 2.604686880349281197e-01 1.000000000000000000e+00
7.297344739726378648e+00 8.964890886893106980e+00 2.741269820121218781e-01 1.000000000000000000e+00
7.311653258823881174e+00 8.863807565398676758e+00 2.877775821851523697e-01 1.000000000000000000e+00
7.325961777921383700e+00 8.762475467227654136e+00 3.014201054284925685e-01 1.000000000000000000e+00
7.340270297018886225e+00 8.660897436424479068e+00 3.150541688433072252e-01 1.000000000000000000e+00
7.354578816116388751e+00 8.559076323936075426e+00 3.286793897681994370e-01 1.000000000000000000e+00
7.368887335213892165e+00 8.457014987531838557e+00 3.422953857899507790e-01 1.000000000000000000e+00
7.383195854311394690e+00 8.354716291723418564e+00 3.559017747542539967e-01 1.000000000000000000e+00
7.397504373408897216e+00 8.252183107684338381e+00 3.694981747764390367e-01 1.000000000000000000e+00
7.411812892506399741e+00 8.149418313169400463e+00 3.830842042521914736e-01 1.000000000000000000e+00
7.426121411603902267e+00 8.046424792433910511e+00 3.966594818682621648e-01 1.000000000000000000e+00
7.440429930701405681e+00 7.943205436152744880e+00 4.102236266131699671e-01 1.000000000000000000e+00
7.454738449798908206e+00 7.839763141339202157e+00 4.237762577878952941e-01 1.000000000000000000e+00
7.469046968896410732e+00 7.736100811263704635e+00 4.373169950165647912e-01 1.000000000000000000e+00
7.483355487993913258e+00 7.632221355372308835e+00 4.508454582571277958e-01 1.000000000000000000e+00
7.497664007091415783e+00 7.528127689205044604e+00 4.643612678120218051e-01 1.000000000000000000e+00
7.511972526188919197e+00 7.423822734314097005e+00 4.778640443388303960e-01 1.000000000000000000e+00
7.526281045286421723e+00 7.319309418181795479e+00 4.913534088609291528e-01 1.000000000000000000e+00
7.540589564383924248e+00 7.214590674138456450e+00 5.048289827781229366e-01 1.000000000000000000e+00
7.554898083481426774e+00 7.109669441280050961e+00 5.182903878772713302e-01 1.000000000000000000e+00
7.569206602578929299e+00 7.004548664385718659e+00 5.317372463429042018e-01 1.000000000000000000e+00
7.583515121676432713e+00 6.899231293835118350e+00 5.451691807678256119e-01 1.000000000000000000e+00
7.597823640773935239e+00 6.793720285525612468e+00 5.585858141637060070e-01 1.000000000000000000e+00
7.612132159871437764e+00 6.688018600789316537e+00 5.719867699716633114e-01 1.000000000000000000e+00
7.626440678968940290e+00 6.582129206309977221e+00 5.853716720728316947e-01 1.000000000000000000e+00
7.640749198066442816e+00 6.476055074039708259e+00 5.987401447989179060e-01 1.000000000000000000e+00
7.655057717163946229e+00 6.369799181115582520e+00 6.120918129427443954e-01 1.000000000000000000e+00
7.669366236261448755e+00 6.263364509776072175e+00 6.254263017687813342e-01 1.000000000000000000e+00
7.683674755358951280e+00 6.156754047277339659e+00 6.387432370236626467e-01 1.000000000000000000e+00
7.697983274456453806e+00 6.049970785809407836e+00 6.520422449466914960e-01 1.000000000000000000e+00
7.712291793553956332e+00 5.943017722412174741e+00 6.653229522803292273e-01 1.000000000000000000e+00
7.726600312651459745e+00 5.835897858891289758e+00 6.785849862806723198e-01 1.000000000000000000e+00
7.740908831748962271e+00 5.728614201733919664e+00 6.918279747279133529e-01 1.000000000000000000e+00
7.755217350846464797e+00 5.621169762024348593e+00 7.050515459367885374e-01 1.000000000000000000e+00
7.769525869943967322e+00 5.513567555359475847e+00 7.182553287670093711e-01 1.000000000000000000e+00
7.783834389041469848e+00 5.405810601764181378e+00 7.314389526336790848e-01 1.000000000000000000e+00
7.798142908138973262e+00 5.297901925606561591e+00 7.446020475176938769e-01 1.000000000000000000e+00
7.812451427236475787e+00 5.189844555513041691e+00 7.577442439761280513e-01 1.000000000000000000e+00
7.826759946333978313e+00 5.081641524283375233e+00 7.708651731526035000e-01 1.000000000000000000e+00
7.841068465431480838e+00 4.973295868805526432e+00 7.839644667876410900e-01 1.000000000000000000e+00
7.855376984528983364e+00 4.864810629970443223e+00 7.970417572289963948e-01 1.000000000000000000e+00
7.869685503626486778e+00 4.756188852586659799e+00 8.100966774419836591e-01 1.000000000000000000e+00
7.883994022723989303e+00 4.647433585294935554e+00 8.231288610197657896e-01 1.000000000000000000e+00
7.898302541821491829e+00 4.538547880482596497e+00 8.361379421936497858e-01 1.000000000000000000e+00
7.912611060918994355e+00 4.429534794197912184e+00 8.491235558433465336e-01 1.000000000000000000e+00
7.926919580016496880e+00 4.320397386064323442e+00 8.620853375072189406e-01 1.000000000000000000e+00
7.941228099114000294e+00 4.211138719194520874e+00 8.750229233925163053e-01 1.000000000000000000e+00
7.955536618211502820e+00 4.101761860104566892e+00 8.879359503855738245e-01 1.000000000000000000e+00
7.969845137309005345e+00 3.992269878627737523e+00 9.008240560620148774e-01 1.000000000000000000e+00
7.984153656406507871e+00 3.882665847828409955e+00 9.136868786969180034e-01 1.000000000000000000e+00
7.998462175504010396e+00 3.772952843915808874e+00 9.265240572749685599e-01 1.000000000000000000e+00
8.012770694601513810e+00 3.663133946157623111e+00 9.393352315005969455e-01 1.000000000000000000e+00
8.027079213699016336e+00 3.553212236793677370e+00 9.521200418080801864e-01 1.000000000000000000e+00
8.041387732796518861e+00 3.443190800949325059e+00 9.648781293716444107e-01 1.000000000000000000e+00
8.055696251894021387e+00 3.333072726548910403e+00 9.776091361155303527e-01 1.000000000000000000e+00
8.070004770991523912e+00 3.222861104229099993e+00 9.903127047240434244e-01 1.000000000000000000e+00
8.084313290089026438e+00 3.112559027252101096e+00 1.002988478651586579e+00 1.000000000000000000e+00
8.098621809186528964e+00 3.002169591418901717e+00 1.015636102132660978e+00 1.000000000000000000e+00
8.112930328284031489e+00 2.891695894982343251e+00 1.028255220191855335e+00 1.000000000000000000e+00
8.127238847381535791e+00 2.781141038560164258e+00 1.040845478653808609e+00 1.000000000000000000e+00
8.141547366479038317e+00 2.670508125048013159e+00 1.053406524153146950e+00 1.000000000000000000e+00
8.155855885576540842e+00 2.559800259532306388e+00 1.065938004144407092e+00 1.000000000000000000e+00
8.170164404674043368e+00 2.449020549203114072e+00 1.078439566911926883e+00 1.000000000000000000e+00
8.184472923771545894e+00 2.338172103266944468e+00 1.090910861579718283e+00 1.000000000000000000e+00
8.198781442869048419e+00 2.227258032859478654e+00 1.103351538121315256e+00 1.000000000000000000e+00
8.213089961966550945e+00 2.116281450958261257e+00 1.115761247369595921e+00 1.000000000000000000e+00
8.227398481064053470e+00 2.005245472295289932e+00 1.128139641026587814e+00 1.000000000000000000e+00
8.241707000161555996e+00 1.894153213269656577e+00 1.140486371673236077e+00 1.000000000000000000e+00
8.256015519259058522e+00 1.783007791860039326e+00 1.152801092779159209e+00 1.000000000000000000e+00
8.270324038356562824e+00 1.671812327537192333e+00 1.165083458712374842e+00 1.000000000000000000e+00
8.284632557454065349e+00 1.560569941176430886e+00 1.177333124748996429e+00 1.000000000000000000e+00
8.298941076551567875e+00 1.449283754969983962e+00 1.189549747082913722e+00 1.000000000000000000e+00
8.313249595649070400e+00 1.337956892339399406e+00 1.201732982835439723e+00 1.000000000000000000e+00
8.327558114746572926e+00 1.226592477847874285e+00 1.213882490064933650e+00 1.000000000000000000e+00
8.341866633844075452e+00 1.115193637112557035e+00 1.225997927776398821e+00 1.000000000000000000e+00
8.356175152941577977e+00 1.003763496716832515e+00 1.238078955931052327e+00 1.000000000000000000e+00
8.370483672039080503e+00 8.923051841225310143e-01 1.250125235455872286e+00 1.000000000000000000e+00
8.384792191136583028e+00 7.808218275822079724e-01 1.262136428253108678e+00 1.000000000000000000e+00
8.399100710234085554e+00 6.693165560513074652e-01 1.274112197209776420e+00 1.000000000000000000e+00
8.413409229331589856e+00 5.577924991003425648e-01 1.286052206207117354e+00 1.000000000000000000e+00
8.427717748429092381e+00 4.462527868270969589e-01 1.297956120130030033e+00 1.000000000000000000e+00
8.442026267526594907e+00 3.347005497687171593e-01 1.309823604876480196e+00 1.000000000000000000e+00
8.456334786624097433e+00 2.231389188138870605e-01 1.321654327366875048e+00 1.000000000000000000e+00
8.470643305721599958e+00 1.115710251149448773e-01 1.333447955553412667e+00 1.000000000000000000e+00
8.484951824819102484e+00 1.193162241146837225e-14 1.345204158429398777e+00 1.000000000000000000e+00
8.499260343916605009e+00 -1.115710251149303611e-01 1.356922606038543533e+00 1.000000000000000000e+00
8.513568863014107535e+00 -2.231389188138725721e-01 1.368602969484214560e+00 1.000000000000000000e+00
8.527877382111610061e+00 -3.347005497687026709e-01 1.380244920938671571e+00 1.000000000000000000e+00
8.542185901209112586e+00 -4.462527868270824705e-01 1.391848133652267672e+00 1.000000000000000000e+00
8.556494420306616888e+00 -5.577924991003374577e-01 1.403412281962621355e+00 1.000000000000000000e+00
8.570802939404119414e+00 -6.693165560512929213e-01 1.414937041303750531e+00 1.000000000000000000e+00
8.585111458501621939e+00 -7.808218275821935395e-01 1.426422088215189898e+00 1.000000000000000000e+00
8.599419977599124465e+00 -8.923051841225165814e-01 1.437867100351065686e+00 1.000000000000000000e+00
8.613728496696626991e+00 -1.003763496716818082e+00 1.449271756489141305e+00 1.000000000000000000e+00
8.628037015794129516e+00 -1.115193637112542602e+00 1.460635736539835028e+00 1.000000000000000000e+00
8.642345534891632042e+00 -1.226592477847859852e+00 1.471958721555206129e+00 1.000000000000000000e+00
8.656654053989134567e+00 -1.337956892339384751e+00 1.483240393737899954e+00 1.000000000000000000e+00
8.670962573086637093e+00 -1.449283754969969307e+00 1.494480436450073668e+00 1.000000000000000000e+00
8.685271092184139619e+00 -1.560569941176416897e+00 1.505678534222279819e+00 1.000000000000000000e+00
8.699579611281643921e+00 -1.671812327537187004e+00 1.516834372762323468e+00 1.000000000000000000e+00
8.713888130379146446e+00 -1.783007791860025115e+00 1.527947638964078036e+00 1.000000000000000000e+00
8.728196649476648972e+00 -1.894153213269642144e+00 1.539018020916279150e+00 1.000000000000000000e+00
8.742505168574151497e+00 -2.005245472295275722e+00 1.550045207911275202e+00 1.000000000000000000e+00
8.756813687671654023e+00 -2.116281450958246602e+00 1.561028890453749707e+00 1.000000000000000000e+00
8.771122206769156548e+00 -2.227258032859464443e+00 1.571968760269405019e+00 1.000000000000000000e+00
8.785430725866659074e+00 -2.338172103266930257e+00 1.582864510313619411e+00 1.000000000000000000e+00
8.799739244964161600e+00 -2.449020549203099861e+00 1.593715834780060181e+00 1.000000000000000000e+00
8.814047764061664125e+00 -2.559800259532292177e+00 1.604522429109267678e+00 1.000000000000000000e+00
8.828356283159166651e+00 -2.670508125047998949e+00 1.615283989997204239e+00 1.000000000000000000e+00
8.842664802256670953e+00 -2.781141038560158929e+00 1.626000215403767601e+00 1.000000000000000000e+00
8.856973321354173478e+00 -2.891695894982329040e+00 1.636670804561264569e+00 1.000000000000000000e+00
8.871281840451676004e+00 -3.002169591418887062e+00 1.647295457982856259e+00 1.000000000000000000e+00
8.885590359549178530e+00 -3.112559027252086885e+00 1.657873877470963597e+00 1.000000000000000000e+00
8.899898878646681055e+00 -3.222861104229085782e+00 1.668405766125633294e+00 1.000000000000000000e+00
8.914207397744183581e+00 -3.333072726548895748e+00 1.678890828352873177e+00 1.000000000000000000e+00
8.928515916841686106e+00 -3.443190800949310848e+00 1.689328769872951330e+00 1.000000000000000000e+00
8.942824435939188632e+00 -3.553212236793663159e+00 1.699719297728648604e+00 1.000000000000000000e+00
8.957132955036691158e+00 -3.663133946157609344e+00 1.710062120293486254e+00 1.000000000000000000e+00
8.971441474134193683e+00 -3.772952843915784893e+00 1.720356947279910287e+00 1.000000000000000000e+00
8.985749993231697985e+00 -3.882665847828405514e+00 1.730603489747437163e+00 1.000000000000000000e+00
9.000058512329200511e+00 -3.992269878627733082e+00 1.740801460110762866e+00 1.000000000000000000e+00
9.014367031426703036e+00 -4.101761860104561563e+00 1.750950572147838002e+00 1.000000000000000000e+00
9.028675550524205562e+00 -4.211138719194515545e+00 1.761050541007897818e+00 1.000000000000000000e+00
9.042984069621708088e+00 -4.320397386064309231e+00 1.771101083219458028e+00 1.000000000000000000e+00
9.057292588719210613e+00 -4.429534794197898862e+00 1.781101916698270227e+00 1.000000000000000000e+00
9.071601107816713139e+00 -4.538547880482581398e+00 1.791052760755241779e+00 1.000000000000000000e+00
9.085909626914215664e+00 -4.647433585294921343e+00 1.800953336104309077e+00 1.000000000000000000e+00
9.100218146011718190e+00 -4.756188852586645588e+00 1.810803364870280596e+00 1.000000000000000000e+00
9.114526665109220716e+00 -4.864810629970420131e+00 1.820602570596632441e+00 1.000000000000000000e+00
9.128835184206725017e+00 -4.973295868805522879e+00 1.830350678253271246e+00 1.000000000000000000e+00
9.143143703304227543e+00 -5.081641524283369904e+00 1.840047414244248225e+00 1.000000000000000000e+00
9.157452222401730069e+00 -5.189844555513037250e+00 1.849692506415443027e+00 1.000000000000000000e+00
9.171760741499232594e+00 -5.297901925606557150e+00 1.859285684062200739e+00 1.000000000000000000e+00
9.186069260596735120e+00 -5.405810601764168055e+00 1.868826677936926695e+00 1.000000000000000000e+00
9.200377779694237645e+00 -5.513567555359460748e+00 1.878315220256649321e+00 1.000000000000000000e+00
9.214686298791740171e+00 -5.621169762024333494e+00 1.887751044710529236e+00 1.000000000000000000e+00
9.228994817889242697e+00 -5.728614201733906341e+00 1.897133886467337716e+00 1.000000000000000000e+00
9.243303336986745222e+00 -5.835897858891277323e+00 1.906463482182888525e+00 1.000000000000000000e+00
9.257611856084247748e+00 -5.943017722412160531e+00 1.915739570007430004e+00 1.000000000000000000e+00
9.271920375181752050e+00 -6.049970785809403395e+00 1.924961889592992526e+00 1.000000000000000000e+00
9.286228894279254575e+00 -6.156754047277333441e+00 1.934130182100695761e+00 1.000000000000000000e+00
9.300537413376757101e+00 -6.263364509776065958e+00 1.943244190208015976e+00 1.000000000000000000e+00
9.314845932474259627e+00 -6.369799181115578079e+00 1.952303658116004925e+00 1.000000000000000000e+00
9.329154451571762152e+00 -6.476055074039694937e+00 1.961308331556471218e+00 1.000000000000000000e+00
9.343462970669264678e+00 -6.582129206309962122e+00 1.970257957799117721e+00 1.000000000000000000e+00
9.357771489766767203e+00 -6.688018600789303214e+00 1.979152285658630772e+00 1.000000000000000000e+00
9.372080008864269729e+00 -6.793720285525597369e+00 1.987991065501734100e+00 1.000000000000000000e+00
9.386388527961772255e+00 -6.899231293835104140e+00 1.996774049254193439e+00 1.000000000000000000e+00
9.400697047059274780e+00 -7.004548664385705337e+00 2.005500990407779405e+00 1.000000000000000000e+00
9.415005566156779082e+00 -7.109669441280044744e+00 2.014171644027186847e+00 1.000000000000000000e+00
9.429314085254281608e+00 -7.214590674138450233e+00 2.022785766756906245e+00 1.000000000000000000e+00
9.443622604351784133e+00 -7.319309418181791038e+00 2.031343116828058903e+00 1.000000000000000000e+00
9.457931123449286659e+00 -7.423822734314092564e+00 2.039843454065179085e+00 1.000000000000000000e+00
9.472239642546789185e+00 -7.528127689205030393e+00 2.048286539892954838e+00 1.000000000000000000e+00
9.486548161644291710e+00 -7.632221355372294624e+00 2.056672137342927087e+00 1.000000000000000000e+00
9.500856680741794236e+00 -7.736100811263690424e+00 2.065000011060136309e+00 1.000000000000000000e+00
9.515165199839296761e+00 -7.839763141339189723e+00 2.073269927309730587e+00 1.000000000000000000e+00
9.529473718936799287e+00 -7.943205436152730670e+00 2.081481653983526137e+00 1.000000000000000000e+00
9.543782238034301812e+00 -8.046424792433898077e+00 2.089634960606519876e+00 1.000000000000000000e+00
9.558090757131806114e+00 -8.149418313169395134e+00 2.097729618343361135e+00 1.000000000000000000e+00
9.572399276229308640e+00 -8.252183107684336605e+00 2.105765400004768750e+00 1.000000000000000000e+00
9.586707795326811166e+00 -8.354716291723415011e+00 2.113742080053914396e+00 1.000000000000000000e+00
9.601016314424313691e+00 -8.457014987531833228e+00 2.121659434612748196e+00 1.000000000000000000e+00
9.615324833521816217e+00 -8.559076323936062991e+00 2.129517241468282585e+00 1.000000000000000000e+00
9.629633352619318742e+00 -8.660897436424466633e+00 2.137315280078830870e+00 1.000000000000000000e+00
9.643941871716821268e+00 -8.762475467227641701e+00 2.145053331580196065e+00 1.000000000000000000e+00
9.658250390814323794e+00 -8.863807565398662547e+00 2.152731178791812194e+00 1.000000000000000000e+00
9.672558909911826319e+00 -8.964890886893092770e+00 2.160348606222842971e+00 1.000000000000000000e+00
9.686867429009328845e+00 -9.065722594648800481e+00 2.167905400078226297e+00 1.000000000000000000e+00
9.701175948106833147e+00 -9.166299858665595934e+00 2.175401348264679235e+00 1.000000000000000000e+00
9.715484467204335672e+00 -9.266619856084629347e+00 2.182836240396643923e+00 1.000000000000000000e+00
9.729792986301838198e+00 -9.366679771267667931e+00 2.190209867802200616e+00 1.000000000000000000e+00
9.744101505399340724e+00 -9.466476795876078043e+00 2.197522023528917678e+00 1.000000000000000000e+00
9.758410024496843249e+00 -9.566008128949684775e+00 2.204772502349664709e+00 1.000000000000000000e+00
9.772718543594345775e+00 -9.665270976985343765e+00 2.211961100768368826e+00 1.000000000000000000e+00
9.787027062691848300e+00 -9.764262554015367357e+00 2.219087617025728765e+00 1.000000000000000000e+00
9.801335581789350826e+00 -9.862980081685716272e+00 2.226151851104876123e+00 1.000000000000000000e+00
9.815644100886853352e+00 -9.961420789333981674e+00 2.233153604736989983e+00 1.000000000000000000e+00
9.829952619984355877e+00 -1.005958191406713631e+01 2.240092681406860464e+00 1.000000000000000000e+00
9.844261139081860179e+00 -1.015746070083909913e+01 2.246968886358406525e+00 1.000000000000000000e+00
9.858569658179362705e+00 -1.025505440252802103e+01 2.253782026600138266e+00 1.000000000000000000e+00
9.872878177276865230e+00 -1.035236028001343556e+01 2.260531910910578812e+00 1.000000000000000000e+00
9.887186696374367756e+00 -1.044937560225310413e+01 2.267218349843624914e+00 1.000000000000000000e+00
9.901495215471870281e+00 -1.054609764635969782e+01 2.273841155733872021e+00 1.000000000000000000e+00
9.915803734569372807e+00 -1.064252369767717532e+01 2.280400142701872301e+00 1.000000000000000000e+00
9.930112253666875333e+00 -1.073865104985700647e+01 2.286895126659358901e+00 1.000000000000000000e+00
9.944420772764377858e+00 -1.083447700493411503e+01 2.293325925314408931e+00 1.000000000000000000e+00
9.958729291861880384e+00 -1.092999887340261900e+01 2.299692358176560703e+00 1.000000000000000000e+00
9.973037810959382909e+00 -1.102521397429129735e+01 2.305994246561879901e+00 1.000000000000000000e+00
9.987346330056887211e+00 -1.112011963523885072e+01 2.312231413597975571e+00 1.000000000000000000e+00
1.000165484915438974e+01 -1.121471319256887433e+01 2.318403684228959705e+00 1.000000000000000000e+00
1.001596336825189226e+01 -1.130899199136466926e+01 2.324510885220366863e+00 1.000000000000000000e+00
1.003027188734939479e+01 -1.140295338554371263e+01 2.330552845164011178e+00 1.000000000000000000e+00
1.004458040644689731e+01 -1.149659473793195552e+01 2.336529394482801614e+00 1.000000000000000000e+00
1.005888892554439984e+01 -1.158991342033780647e+01 2.342440365435497274e+00 1.000000000000000000e+00
1.007319744464190236e+01 -1.168290681362592665e+01 2.348285592121417409e+00 1.000000000000000000e+00
1.008750596373940489e+01 -1.177557230779071773e+01 2.354064910485096362e+00 1.000000000000000000e+00
1.010181448283690742e+01 -1.186790730202959487e+01 2.359778158320891439e+00 1.000000000000000000e+00
1.011612300193440994e+01 -1.195990920481596476e+01 2.365425175277530823e+00 1.000000000000000000e+00
1.013043152103191424e+01 -1.205157543397197983e+01 2.371005802862617973e+00 1.000000000000000000e+00
1.014474004012941677e+01 -1.214290341674097284e+01 2.376519884447075626e+00 1.000000000000000000e+00
1.015904855922691929e+01 -1.223389058985972433e+01 2.381967265269548051e+00 1.000000000000000000e+00
1.017335707832442182e+01 -1.232453439963034825e+01 2.387347792440738026e+00 1.000000000000000000e+00
1.018766559742192435e+01 -1.241483230199201593e+01 2.392661314947703399e+00 1.000000000000000000e+00
1.020197411651942687e+01 -1.250478176259231411e+01 2.397907683658092370e+00 1.000000000000000000e+00
1.021628263561692940e+01 -1.259438025685839690e+01 2.403086751324329029e+00 1.000000000000000000e+00
1.023059115471443192e+01 -1.268362527006784291e+01 2.408198372587747382e+00 1.000000000000000000e+00
1.024489967381193445e+01 -1.277251429741923516e+01 2.413242403982671203e+00 1.000000000000000000e+00
1.025920819290943697e+01 -1.286104484410243920e+01 2.418218703940439251e+00 1.000000000000000000e+00
1.027351671200694128e+01 -1.294921442536869272e+01 2.423127132793381655e+00 1.000000000000000000e+00
1.028782523110444380e+01 -1.303702056660022279e+01 2.427967552778732774e+00 1.000000000000000000e+00
1.030213375020194633e+01 -1.312446080337981691e+01 2.432739828042507213e+00 1.000000000000000000e+00
1.031644226929944885e+01 -1.321153268155994809e+01 2.437443824643306556e+00 1.000000000000000000e+00
1.033075078839695138e+01 -1.329823375733164426e+01 2.442079410556080799e+00 1.000000000000000000e+00
1.034505930749445390e+01 -1.338456159729307338e+01 2.446646455675832499e+00 1.000000000000000000e+00
1.035936782659195643e+01 -1.347051377851786391e+01 2.451144831821268966e+00 1.000000000000000000e+00
1.037367634568945896e+01 -1.355608788862309488e+01 2.455574412738401158e+00 1.000000000000000000e+00
1.038798486478696148e+01 -1.364128152583700704e+01 2.459935074104086183e+00 1.000000000000000000e+00
1.040229338388446401e+01 -1.372609229906639428e+01 2.464226693529514733e+00 1.000000000000000000e+00
1.041660190298196831e+01 -1.381051782796378014e+01 2.468449150563651440e+00 1.000000000000000000e+00
1.043091042207947083e+01 -1.389455574299409335e+01 2.472602326696607289e+00 1.000000000000000000e+00
1.044521894117697336e+01 -1.397820368550130787e+01 2.476686105362974732e+00 1.000000000000000000e+00
1.045952746027447589e+01 -1.406145930777459796e+01 2.480700371945092630e+00 1.000000000000000000e+00
1.047383597937197841e+01 -1.414432027311418594e+01 2.484645013776267231e+00 1.000000000000000000e+00
1.048814449846948094e+01 -1.422678425589698925e+01 2.488519920143931419e+00 1.000000000000000000e+00
1.050245301756698346e+01 -1.430884894164185006e+01 2.492324982292754232e+00 1.000000000000000000e+00
1.051676153666448599e+01 -1.439051202707450727e+01 2.496060093427691751e+00 1.000000000000000000e+00
1.053107005576198851e+01 -1.447177122019224704e+01 2.499725148716985590e+00 1.000000000000000000e+00
1.054537857485949104e+01 -1.455262424032822466e+01 2.503320045295104102e+00 1.000000000000000000e+00
1.055968709395699534e+01 -1.463306881821550398e+01 2.506844682265632063e+00 1.000000000000000000e+00
1.057399561305449787e+01 -1.471310269605067056e+01 2.510298960704095972e+00 1.000000000000000000e+00
1.058830413215200039e+01 -1.479272362755727954e+01 2.513682783660749376e+00 1.000000000000000000e+00
1.060261265124950292e+01 -1.487192937804889148e+01 2.516996056163288475e+00 1.000000000000000000e+00
1.061692117034700544e+01 -1.495071772449174574e+01 2.520238685219517105e+00 1.000000000000000000e+00
1.063122968944450797e+01 -1.502908645556719769e+01 2.523410579819960642e+00 1.000000000000000000e+00
1.064553820854201049e+01 -1.510703337173375616e+01 2.526511650940415521e+00 1.000000000000000000e+00
1.065984672763951302e+01 -1.518455628528883672e+01 2.529541811544452568e+00 1.000000000000000000e+00
1.067415524673701555e+01 -1.526165302043014549e+01 2.532500976585856822e+00 1.000000000000000000e+00
1.068846376583451807e+01 -1.533832141331675381e+01 2.535389063011014521e+00 1.000000000000000000e+00
1.070277228493202237e+01 -1.541455931212986563e+01 2.538205989761246339e+00 1.000000000000000000e+00
1.071708080402952490e+01 -1.549036457713311421e+01 2.540951677775078910e+00 1.000000000000000000e+00
1.073138932312702742e+01 -1.556573508073271839e+01 2.543626049990467930e+00 1.000000000000000000e+00
1.074569784222452995e+01 -1.564066870753716643e+01 2.546229031346957772e+00 1.000000000000000000e+00
1.076000636132203248e+01 -1.571516335441656231e+01 2.548760548787790015e+00 1.000000000000000000e+00
1.077431488041953500e+01 -1.578921693056167896e+01 2.551220531261952473e+00 1.000000000000000000e+00
1.078862339951703753e+01 -1.586282735754261886e+01 2.553608909726174936e+00 1.000000000000000000e+00
1.080293191861454005e+01 -1.593599256936717978e+01 2.555925617146864948e+00 1.000000000000000000e+00
1.081724043771204258e+01 -1.600871051253880495e+01 2.558170588501992082e+00 1.000000000000000000e+00
1.083154895680954510e+01 -1.608097914611425239e+01 2.560343760782910039e+00 1.000000000000000000e+00
1.084585747590704941e+01 -1.615279644176086293e+01 2.562445072996127227e+00 1.000000000000000000e+00
1.086016599500455193e+01 -1.622416038381344094e+01 2.564474466165016064e+00 1.000000000000000000e+00
1.087447451410205446e+01 -1.629506896933092008e+01 2.566431883331471653e+00 1.000000000000000000e+00
1.088878303319955698e+01 -1.636552020815251041e+01 2.568317269557507387e+00 1.000000000000000000e+00
1.090309155229705951e+01 -1.643551212295357544e+01 2.570130571926798169e+00 1.000000000000000000e+00
1.091740007139456203e+01 -1.650504274930112203e+01 2.571871739546166324e+00 1.000000000000000000e+00
1.093170859049206456e+01 -1.657411013570897040e+01 2.573540723547009357e+00 1.000000000000000000e+00
1.094601710958956708e+01 -1.664271234369246599e+01 2.575137477086669957e+00 1.000000000000000000e+00
1.096032562868706961e+01 -1.671084744782292830e+01 2.576661955349752731e+00 1.000000000000000000e+00
1.097463414778457214e+01 -1.677851353578168059e+01 2.578114115549382745e+00 1.000000000000000000e+00
1.098894266688207466e+01 -1.684570870841371715e+01 2.579493916928403241e+00 1.000000000000000000e+00
1.100325118597957896e+01 -1.691243107978103311e+01 2.580801320760522266e+00 1.000000000000000000e+00
1.101755970507708149e+01 -1.697867877721547458e+01 2.582036290351398033e+00 1.000000000000000000e+00
1.103186822417458401e+01 -1.704444994137142189e+01 2.583198791039670095e+00 1.000000000000000000e+00
1.104617674327208654e+01 -1.710974272627788295e+01 2.584288790197931451e+00 1.000000000000000000e+00
1.106048526236958907e+01 -1.717455529939031322e+01 2.585306257233644267e+00 1.000000000000000000e+00
1.107479378146709159e+01 -1.723888584164210869e+01 2.586251163589998736e+00 1.000000000000000000e+00
1.108910230056459412e+01 -1.730273254749559086e+01 2.587123482746714220e+00 1.000000000000000000e+00
1.110341081966209664e+01 -1.736609362499270404e+01 2.587923190220783987e+00 1.000000000000000000e+00
1.111771933875959917e+01 -1.742896729580532522e+01 2.588650263567162213e+00 1.000000000000000000e+00
1.113202785785710169e+01 -1.749135179528516559e+01 2.589304682379394151e+00 1.000000000000000000e+00
1.114633637695460600e+01 -1.755324537251330952e+01 2.589886428290187670e+00 1.000000000000000000e+00
1.116064489605210852e+01 -1.761464629034929885e+01 2.590395484971930173e+00 1.000000000000000000e+00
1.117495341514961105e+01 -1.767555282547999340e+01 2.590831838137147791e+00 1.000000000000000000e+00
1.118926193424711357e+01 -1.773596326846783100e+01 2.591195475538902393e+00 1.000000000000000000e+00
1.120357045334461610e+01 -1.779587592379890637e+01 2.591486386971140643e+00 1.000000000000000000e+00
1.121787897244211862e+01 -1.785528910993046736e+01 2.591704564268975552e+00 1.000000000000000000e+00
1.123218749153962115e+01 -1.791420115933815183e+01 2.591850001308919182e+00 1.000000000000000000e+00
1.124649601063712367e+01 -1.797261041856279462e+01 2.591922694009052286e+00 1.000000000000000000e+00
1.126080452973462620e+01 -1.803051524825683316e+01 2.591922640329140215e+00 1.000000000000000000e+00
1.127511304883212873e+01 -1.808791402323030084e+01 2.591849840270689764e+00 1.000000000000000000e+00
1.128942156792963303e+01 -1.814480513249645810e+01 2.591704295876948727e+00 1.000000000000000000e+00
1.130373008702713555e+01 -1.820118697931699359e+01 2.591486011232848607e+00 1.000000000000000000e+00
1.131803860612463808e+01 -1.825705798124684520e+01 2.591194992464891822e+00 1.000000000000000000e+00
1.133234712522214060e+01 -1.831241657017861257e+01 2.590831247740975396e+00 1.000000000000000000e+00
1.134665564431964313e+01 -1.836726119238660004e+01 2.590394787270168031e+00 1.000000000000000000e+00
1.136096416341714566e+01 -1.842159030857035873e+01 2.589885623302416562e+00 1.000000000000000000e+00
1.137527268251464818e+01 -1.847540239389794792e+01 2.589303770128208004e+00 1.000000000000000000e+00
1.138958120161215071e+01 -1.852869593804869552e+01 2.588649244078165435e+00 1.000000000000000000e+00
1.140388972070965323e+01 -1.858146944525560329e+01 2.587922063522588800e+00 1.000000000000000000e+00
1.141819823980715576e+01 -1.863372143434733275e+01 2.587122248870944219e+00 1.000000000000000000e+00
1.143250675890466006e+01 -1.868545043878978973e+01 2.586249822571283552e+00 1.000000000000000000e+00
1.144681527800216259e+01 -1.873665500672720796e+01 2.585304809109622237e+00 1.000000000000000000e+00
1.146112379709966511e+01 -1.878733370102300881e+01 2.584287235009246508e+00 1.000000000000000000e+00
1.147543231619716764e+01 -1.883748509930005000e+01 2.583197128829970879e+00 1.000000000000000000e+00
1.148974083529467016e+01 -1.888710779398062556e+01 2.582034521167337449e+00 1.000000000000000000e+00
1.150404935439217269e+01 -1.893620039232587260e+01 2.580799444651755259e+00 1.000000000000000000e+00
1.151835787348967521e+01 -1.898476151647493992e+01 2.579491933947585469e+00 1.000000000000000000e+00
1.153266639258717774e+01 -1.903278980348363802e+01 2.578112025752169689e+00 1.000000000000000000e+00
1.154697491168468027e+01 -1.908028390536268049e+01 2.576659758794798361e+00 1.000000000000000000e+00
1.156128343078218279e+01 -1.912724248911552039e+01 2.575135173835622737e+00 1.000000000000000000e+00
1.157559194987968709e+01 -1.917366423677578524e+01 2.573538313664514465e+00 1.000000000000000000e+00
1.158990046897718962e+01 -1.921954784544422523e+01 2.571869223099861212e+00 1.000000000000000000e+00
1.160420898807469214e+01 -1.926489202732532391e+01 2.570127948987309896e+00 1.000000000000000000e+00
1.161851750717219467e+01 -1.930969550976341864e+01 2.568314540198453511e+00 1.000000000000000000e+00
1.163282602626969719e+01 -1.935395703527843736e+01 2.566429047629456228e+00 1.000000000000000000e+00
1.164713454536719972e+01 -1.939767536160116634e+01 2.564471524199627428e+00 1.000000000000000000e+00
1.166144306446470225e+01 -1.944084926170813432e+01 2.562442024849936217e+00 1.000000000000000000e+00
1.167575158356220477e+01 -1.948347752385604537e+01 2.560340606541467778e+00 1.000000000000000000e+00
1.169006010265970730e+01 -1.952555895161578903e+01 2.558167328253826867e+00 1.000000000000000000e+00
1.170436862175720982e+01 -1.956709236390602413e+01 2.555922250983480470e+00 1.000000000000000000e+00
1.171867714085471412e+01 -1.960807659502632561e+01 2.553605437742047624e+00 1.000000000000000000e+00
1.173298565995221665e+01 -1.964851049468989430e+01 2.551216953554529709e+00 1.000000000000000000e+00
1.174729417904971918e+01 -1.968839292805583341e+01 2.548756865457486143e+00 1.000000000000000000e+00
1.176160269814722170e+01 -1.972772277576105893e+01 2.546225242497150987e+00 1.000000000000000000e+00
1.177591121724472423e+01 -1.976649893395162394e+01 2.543622155727498058e+00 1.000000000000000000e+00
1.179021973634222675e+01 -1.980472031431377289e+01 2.540947678208244298e+00 1.000000000000000000e+00
1.180452825543972928e+01 -1.984238584410445227e+01 2.538201885002801195e+00 1.000000000000000000e+00
1.181883677453723180e+01 -1.987949446618142701e+01 2.535384853176166242e+00 1.000000000000000000e+00
1.183314529363473433e+01 -1.991604513903295270e+01 2.532496661792760229e+00 1.000000000000000000e+00
1.184745381273223686e+01 -1.995203683680701445e+01 2.529537391914209454e+00 1.000000000000000000e+00
1.186176233182974116e+01 -1.998746854934009320e+01 2.526507126597068886e+00 1.000000000000000000e+00
1.187607085092724368e+01 -2.002233928218554837e+01 2.523405950890493354e+00 1.000000000000000000e+00
1.189037937002474621e+01 -2.005664805664149952e+01 2.520233951833848796e+00 1.000000000000000000e+00
1.190468788912224873e+01 -2.009039390977834927e+01 2.516991218454267987e+00 1.000000000000000000e+00
1.191899640821975126e+01 -2.012357589446571993e+01 2.513677841764155207e+00 1.000000000000000000e+00
1.193330492731725379e+01 -2.015619307939912375e+01 2.510293914758629175e+00 1.000000000000000000e+00
1.194761344641475631e+01 -2.018824454912605049e+01 2.506839532412915350e+00 1.000000000000000000e+00
1.196192196551225884e+01 -2.021972940407167485e+01 2.503314791679677409e+00 1.000000000000000000e+00
1.197623048460976136e+01 -2.025064676056411272e+01 2.499719791486298526e+00 1.000000000000000000e+00
1.199053900370726389e+01 -2.028099575085920137e+01 2.496054632732103595e+00 1.000000000000000000e+00
1.200484752280476819e+01 -2.031077552316488877e+01 2.492319418285527721e+00 1.000000000000000000e+00
1.201915604190227072e+01 -2.033998524166509370e+01 2.488514252981229191e+00 1.000000000000000000e+00
1.203346456099977324e+01 -2.036862408654320689e+01 2.484639243617148274e+00 1.000000000000000000e+00
1.204777308009727577e+01 -2.039669125400508776e+01 2.480694498951505178e+00 1.000000000000000000e+00
1.206208159919477829e+01 -2.042418595630161349e+01 2.476680129699752708e+00 1.000000000000000000e+00
1.207639011829228082e+01 -2.045110742175077689e+01 2.472596248531467644e+00 1.000000000000000000e+00
1.209069863738978334e+01 -2.047745489475940062e+01 2.468442970067187048e+00 1.000000000000000000e+00
1.210500715648728587e+01 -2.050322763584427577e+01 2.464220410875191725e+00 1.000000000000000000e+00
1.211931567558478839e+01 -2.052842492165295951e+01 2.459928689468235952e+00 1.000000000000000000e+00
1.213362419468229092e+01 -2.055304604498406107e+01 2.455567926300219472e+00 1.000000000000000000e+00
1.214793271377979522e+01 -2.057709031480710138e+01 2.451138243762806646e+00 1.000000000000000000e+00
1.216224123287729775e+01 -2.060055705628188960e+01 2.446639766181994524e+00 1.000000000000000000e+00
1.217654975197480027e+01 -2.062344561077747684e+01 2.442072619814619650e+00 1.000000000000000000e+00
1.219085827107230280e+01 -2.064575533589065159e+01 2.437436932844813775e+00 1.000000000000000000e+00
1.220516679016980532e+01 -2.066748560546394486e+01 2.432732835380411629e+00 1.000000000000000000e+00
1.221947530926730785e+01 -2.068863580960322679e+01 2.427960459449294728e+00 1.000000000000000000e+00
1.223378382836481038e+01 -2.070920535469480583e+01 2.423119938995686340e+00 1.000000000000000000e+00
1.224809234746231290e+01 -2.072919366342210168e+01 2.418211409876393603e+00 1.000000000000000000e+00
1.226240086655981543e+01 -2.074860017478184560e+01 2.413235009856992797e+00 1.000000000000000000e+00
1.227670938565731795e+01 -2.076742434409983318e+01 2.408190878607963992e+00 1.000000000000000000e+00
1.229101790475482225e+01 -2.078566564304619035e+01 2.403079157700770629e+00 1.000000000000000000e+00
1.230532642385232478e+01 -2.080332355965022018e+01 2.397899990603886700e+00 1.000000000000000000e+00
1.231963494294982731e+01 -2.082039759831475934e+01 2.392653522678769296e+00 1.000000000000000000e+00
1.233394346204732983e+01 -2.083688727983012612e+01 2.387339901175776102e+00 1.000000000000000000e+00
1.234825198114483236e+01 -2.085279214138749637e+01 2.381959275230038919e+00 1.000000000000000000e+00
1.236256050024233488e+01 -2.086811173659197394e+01 2.376511795857272791e+00 1.000000000000000000e+00
1.237686901933983741e+01 -2.088284563547505357e+01 2.370997615949540283e+00 1.000000000000000000e+00
1.239117753843733993e+01 -2.089699342450673925e+01 2.365416890270958028e+00 1.000000000000000000e+00
1.240548605753484246e+01 -2.091055470660711535e+01 2.359769775453353979e+00 1.000000000000000000e+00
1.241979457663234498e+01 -2.092352910115749864e+01 2.354056429991873145e+00 1.000000000000000000e+00
1.243410309572984929e+01 -2.093591624401114615e+01 2.348277014240525151e+00 1.000000000000000000e+00
1.244841161482735181e+01 -2.094771578750343721e+01 2.342431690407690059e+00 1.000000000000000000e+00
1.246272013392485434e+01 -2.095892740046165770e+01 2.336520622551556681e+00 1.000000000000000000e+00
1.247702865302235686e+01 -2.096955076821429031e+01 2.330543976575526699e+00 1.000000000000000000e+00
1.249133717211985939e+01 -2.097958559259983247e+01 2.324501920223552620e+00 1.000000000000000000e+00
1.250564569121736191e+01 -2.098903159197519130e+01 2.318394623075433536e+00 1.000000000000000000e+00
1.251995421031486444e+01 -2.099788850122355655e+01 2.312222256542052712e+00 1.000000000000000000e+00
1.253426272941236697e+01 -2.100615607176185762e+01 2.305984993860568544e+00 1.000000000000000000e+00
1.254857124850986949e+01 -2.101383407154776251e+01 2.299683010089550894e+00 1.000000000000000000e+00
1.256287976760737202e+01 -2.102092228508613658e+01 2.293316482104069909e+00 1.000000000000000000e+00
1.257718828670487632e+01 -2.102742051343514262e+01 2.286885588590728435e+00 1.000000000000000000e+00
1.259149680580237884e+01 -2.103332857421179725e+01 2.280390510042653140e+00 1.000000000000000000e+00
1.260580532489988137e+01 -2.103864630159710813e+01 2.273831428754418571e+00 1.000000000000000000e+00
1.262011384399738390e+01 -2.104337354634069612e+01 2.267208528816941016e+00 1.000000000000000000e+00
1.263442236309488642e+01 -2.104751017576501937e+01 2.260521996112305310e+00 1.000000000000000000e+00
1.264873088219238895e+01 -2.105105607376907884e+01 2.253772018308551228e+00 1.000000000000000000e+00
1.266303940128989147e+01 -2.105401114083167613e+01 2.246958784854403035e+00 1.000000000000000000e+00
1.267734792038739400e+01 -2.105637529401421659e+01 2.240082486973956399e+00 1.000000000000000000e+00
1.269165643948489652e+01 -2.105814846696302567e+01 2.233143317661307581e+00 1.000000000000000000e+00
1.270596495858239905e+01 -2.105933060991122829e+01 2.226141471675138206e+00 1.000000000000000000e+00
1.272027347767990335e+01 -2.105992168968011669e+01 2.219077145533249418e+00 1.000000000000000000e+00
1.273458199677740588e+01 -2.105992168968011669e+01 2.211950537507048953e+00 1.000000000000000000e+00
1.274889051587490840e+01 -2.105933060991122829e+01 2.204761847615977821e+00 1.000000000000000000e+00
1.276319903497241093e+01 -2.105814846696302567e+01 2.197511277621905457e+00 1.000000000000000000e+00
1.277750755406991345e+01 -2.105637529401421659e+01 2.190199031023463139e+00 1.000000000000000000e+00
1.279181607316741598e+01 -2.105401114083167613e+01 2.182825313050333005e+00 1.000000000000000000e+00
1.280612459226491850e+01 -2.105105607376907884e+01 2.175390330657488214e+00 1.000000000000000000e+00
1.282043311136242103e+01 -2.104751017576501937e+01 2.167894292519382482e+00 1.000000000000000000e+00
1.283474163045992356e+01 -2.104337354634069612e+01 2.160337409024096100e+00 1.000000000000000000e+00
1.284905014955742608e+01 -2.103864630159711169e+01 2.152719892267429991e+00 1.000000000000000000e+00
1.286335866865493038e+01 -2.103332857421179725e+01 2.145041956046950471e+00 1.000000000000000000e+00
1.287766718775243291e+01 -2.102742051343514262e+01 2.137303815855997158e+00 1.000000000000000000e+00
1.289197570684993543e+01 -2.102092228508613658e+01 2.129505688877620706e+00 1.000000000000000000e+00
1.290628422594743796e+01 -2.101383407154776251e+01 2.121647793978499674e+00 1.000000000000000000e+00
1.292059274504494049e+01 -2.100615607176186117e+01 2.113730351702792110e+00 1.000000000000000000e+00
1.293490126414244301e+01 -2.099788850122355655e+01 2.105753584265947165e+00 1.000000000000000000e+00
1.294920978323994554e+01 -2.098903159197519486e+01 2.097717715548467421e+00 1.000000000000000000e+00
1.296351830233744806e+01 -2.097958559259983957e+01 2.089622971089625914e+00 1.000000000000000000e+00
1.297782682143495059e+01 -2.096955076821429031e+01 2.081469578081135197e+00 1.000000000000000000e+00
1.299213534053245311e+01 -2.095892740046166125e+01 2.073257765360771998e+00 1.000000000000000000e+00
1.300644385962995742e+01 -2.094771578750344077e+01 2.064987763405954357e+00 1.000000000000000000e+00
1.302075237872745994e+01 -2.093591624401114615e+01 2.056659804327271246e+00 1.000000000000000000e+00
1.303506089782496247e+01 -2.092352910115750575e+01 2.048274121861970443e+00 1.000000000000000000e+00
1.304936941692246499e+01 -2.091055470660711535e+01 2.039830951367397560e+00 1.000000000000000000e+00
1.306367793601996752e+01 -2.089699342450674280e+01 2.031330529814388441e+00 1.000000000000000000e+00
1.307798645511747004e+01 -2.088284563547505712e+01 2.022773095780621588e+00 1.000000000000000000e+00
1.309229497421497257e+01 -2.086811173659197394e+01 2.014158889443918188e+00 1.000000000000000000e+00
1.310660349331247509e+01 -2.085279214138750348e+01 2.005488152575505278e+00 1.000000000000000000e+00
1.312091201240997762e+01 -2.083688727983012612e+01 1.996761128533227181e+00 1.000000000000000000e+00
1.313522053150748015e+01 -2.082039759831476644e+01 1.987978062254715628e+00 1.000000000000000000e+00
1.314952905060498445e+01 -2.080332355965022018e+01 1.979139200250516817e+00 1.000000000000000000e+00
1.316383756970248697e+01 -2.078566564304619391e+01 1.970244790597170725e+00 1.000000000000000000e+00
1.317814608879998950e+01 -2.076742434409983673e+01 1.961295082930249567e+00 1.000000000000000000e+00
1.319245460789749202e+01 -2.074860017478185270e+01 1.952290328437350952e+00 1.000000000000000000e+00
1.320676312699499455e+01 -2.072919366342210878e+01 1.943230779851048862e+00 1.000000000000000000e+00
1.322107164609249708e+01 -2.070920535469480939e+01 1.934116691441798874e+00 1.000000000000000000e+00
1.323538016518999960e+01 -2.068863580960323389e+01 1.924948319010801656e+00 1.000000000000000000e+00
1.324968868428750213e+01 -2.066748560546395197e+01 1.915725919882825812e+00 1.000000000000000000e+00
1.326399720338500465e+01 -2.064575533589065515e+01 1.906449752898982997e+00 1.000000000000000000e+00
1.327830572248250718e+01 -2.062344561077747684e+01 1.897120078409463950e+00 1.000000000000000000e+00
1.329261424158001148e+01 -2.060055705628188960e+01 1.887737158266232340e+00 1.000000000000000000e+00
1.330692276067751401e+01 -2.057709031480710493e+01 1.878301255815674198e+00 1.000000000000000000e+00
1.332123127977501653e+01 -2.055304604498406817e+01 1.868812635891207607e+00 1.000000000000000000e+00
1.333553979887251906e+01 -2.052842492165296662e+01 1.859271564805848431e+00 1.000000000000000000e+00
1.334984831797002158e+01 -2.050322763584428643e+01 1.849678310344737842e+00 1.000000000000000000e+00
1.336415683706752411e+01 -2.047745489475941127e+01 1.840033141757624779e+00 1.000000000000000000e+00
1.337846535616502663e+01 -2.045110742175078755e+01 1.830336329751309554e+00 1.000000000000000000e+00
1.339277387526252916e+01 -2.042418595630161349e+01 1.820588146482046366e+00 1.000000000000000000e+00
1.340708239436003169e+01 -2.039669125400509841e+01 1.810788865547904969e+00 1.000000000000000000e+00
1.342139091345753421e+01 -2.036862408654321399e+01 1.800938761981090153e+00 1.000000000000000000e+00
1.343569943255503851e+01 -2.033998524166510080e+01 1.791038112240225022e+00 1.000000000000000000e+00
1.345000795165254104e+01 -2.031077552316488877e+01 1.781087194202589208e+00 1.000000000000000000e+00
1.346431647075004356e+01 -2.028099575085920847e+01 1.771086287156321992e+00 1.000000000000000000e+00
1.347862498984754609e+01 -2.025064676056411628e+01 1.761035671792582136e+00 1.000000000000000000e+00
1.349293350894504862e+01 -2.021972940407168196e+01 1.750935630197670623e+00 1.000000000000000000e+00
1.350724202804255114e+01 -2.018824454912605759e+01 1.740786445845113439e+00 1.000000000000000000e+00
1.352155054714005367e+01 -2.015619307939913085e+01 1.730588403587703938e+00 1.000000000000000000e+00
1.353585906623755619e+01 -2.012357589446573058e+01 1.720341789649511233e+00 1.000000000000000000e+00
1.355016758533505872e+01 -2.009039390977835637e+01 1.710046891617843512e+00 1.000000000000000000e+00
1.356447610443256124e+01 -2.005664805664151018e+01 1.699703998435178498e+00 1.000000000000000000e+00
1.357878462353006555e+01 -2.002233928218554837e+01 1.689313400391052600e+00 1.000000000000000000e+00
1.359309314262756807e+01 -1.998746854934009676e+01 1.678875389113914762e+00 1.000000000000000000e+00
1.360740166172507060e+01 -1.995203683680702156e+01 1.668390257562940349e+00 1.000000000000000000e+00
1.362171018082257312e+01 -1.991604513903296336e+01 1.657858300019809272e+00 1.000000000000000000e+00
1.363601869992007565e+01 -1.987949446618143767e+01 1.647279812080446826e+00 1.000000000000000000e+00
1.365032721901757817e+01 -1.984238584410445938e+01 1.636655090646725652e+00 1.000000000000000000e+00
1.366463573811508070e+01 -1.980472031431378355e+01 1.625984433918135963e+00 1.000000000000000000e+00
1.367894425721258322e+01 -1.976649893395163460e+01 1.615268141383412237e+00 1.000000000000000000e+00
1.369325277631008575e+01 -1.972772277576106958e+01 1.604506513812130830e+00 1.000000000000000000e+00
1.370756129540758828e+01 -1.968839292805584407e+01 1.593699853246266729e+00 1.000000000000000000e+00
1.372186981450509258e+01 -1.964851049468989430e+01 1.582848462991715888e+00 1.000000000000000000e+00
1.373617833360259510e+01 -1.960807659502632916e+01 1.571952647609784259e+00 1.000000000000000000e+00
1.375048685270009763e+01 -1.956709236390603479e+01 1.561012712908638633e+00 1.000000000000000000e+00
1.376479537179760015e+01 -1.952555895161579613e+01 1.550028965934722613e+00 1.000000000000000000e+00
1.377910389089510268e+01 -1.948347752385605247e+01 1.539001714964141510e+00 1.000000000000000000e+00
1.379341240999260521e+01 -1.944084926170814498e+01 1.527931269494007704e+00 1.000000000000000000e+00
1.380772092909010773e+01 -1.939767536160117700e+01 1.516817940233755380e+00 1.000000000000000000e+00
1.382202944818761026e+01 -1.935395703527844802e+01 1.505662039096419269e+00 1.000000000000000000e+00
1.383633796728511278e+01 -1.930969550976342930e+01 1.494463879189881439e+00 1.000000000000000000e+00
1.385064648638261531e+01 -1.926489202732532746e+01 1.483223774808081874e+00 1.000000000000000000e+00
1.386495500548011961e+01 -1.921954784544422878e+01 1.471942041422197978e+00 1.000000000000000000e+00
1.387926352457762214e+01 -1.917366423677578879e+01 1.460618995671791431e+00 1.000000000000000000e+00
1.389357204367512466e+01 -1.912724248911553460e+01 1.449254955355919972e+00 1.000000000000000000e+00
1.390788056277262719e+01 -1.908028390536269114e+01 1.437850239424217635e+00 1.000000000000000000e+00
1.392218908187012971e+01 -1.903278980348365224e+01 1.426405167967943699e+00 1.000000000000000000e+00
1.393649760096763224e+01 -1.898476151647495413e+01 1.414920062210998974e+00 1.000000000000000000e+00
1.395080612006513476e+01 -1.893620039232587970e+01 1.403395244500909911e+00 1.000000000000000000e+00
1.396511463916263729e+01 -1.888710779398063266e+01 1.391831038299780499e+00 1.000000000000000000e+00
1.397942315826013981e+01 -1.883748509930006421e+01 1.380227768175214864e+00 1.000000000000000000e+00
1.399373167735764234e+01 -1.878733370102300881e+01 1.368585759791208112e+00 1.000000000000000000e+00
1.400804019645514664e+01 -1.873665500672721151e+01 1.356905339899004526e+00 1.000000000000000000e+00
1.402234871555264917e+01 -1.868545043878978973e+01 1.345186836327928237e+00 1.000000000000000000e+00
1.403665723465015169e+01 -1.863372143434735051e+01 1.333430577976181475e+00 1.000000000000000000e+00
1.405096575374765422e+01 -1.858146944525561395e+01 1.321636894801613504e+00 1.000000000000000000e+00
1.406527427284515674e+01 -1.852869593804870618e+01 1.309806117812460480e+00 1.000000000000000000e+00
1.407958279194265927e+01 -1.847540239389796213e+01 1.297938579058053987e+00 1.000000000000000000e+00
1.409389131104016180e+01 -1.842159030857037649e+01 1.286034611619502943e+00 1.000000000000000000e+00
1.410819983013766432e+01 -1.836726119238661070e+01 1.274094549600343962e+00 1.000000000000000000e+00
1.412250834923516685e+01 -1.831241657017862323e+01 1.262118728117165523e+00 1.000000000000000000e+00
1.413681686833266937e+01 -1.825705798124684520e+01 1.250107483290200161e+00 1.000000000000000000e+00
1.415112538743017367e+01 -1.820118697931699359e+01 1.238061152233893791e+00 1.000000000000000000e+00
1.416543390652767620e+01 -1.814480513249646521e+01 1.225980073047441499e+00 1.000000000000000000e+00
1.417974242562517873e+01 -1.808791402323030795e+01 1.213864584805299573e+00 1.000000000000000000e+00
1.419405094472268125e+01 -1.803051524825684737e+01 1.201715027547668235e+00 1.000000000000000000e+00
1.420835946382018378e+01 -1.797261041856280883e+01 1.189531742270948156e+00 1.000000000000000000e+00
1.422266798291768630e+01 -1.791420115933816248e+01 1.177315070918169893e+00 1.000000000000000000e+00
1.423697650201518883e+01 -1.785528910993047802e+01 1.165065356369396898e+00 1.000000000000000000e+00
1.425128502111269135e+01 -1.779587592379892058e+01 1.152782942432100999e+00 1.000000000000000000e+00
1.426559354021019388e+01 -1.773596326846784876e+01 1.140468173831514775e+00 1.000000000000000000e+00
1.427990205930769640e+01 -1.767555282547999695e+01 1.128121396200954418e+00 1.000000000000000000e+00
1.429421057840520071e+01 -1.761464629034930596e+01 1.115742956072120151e+00 1.000000000000000000e+00
1.430851909750270323e+01 -1.755324537251330952e+01 1.103333200865370234e+00 1.000000000000000000e+00
1.432282761660020576e+01 -1.749135179528518336e+01 1.090892478879968763e+00 1.000000000000000000e+00
1.433713613569770828e+01 -1.742896729580533943e+01 1.078421139284311936e+00 1.000000000000000000e+00
1.435144465479521081e+01 -1.736609362499271825e+01 1.065919532106127443e+00 1.000000000000000000e+00
1.436575317389271333e+01 -1.730273254749560508e+01 1.053388008222649219e+00 1.000000000000000000e+00
1.438006169299021586e+01 -1.723888584164212645e+01 1.040826919350771318e+00 1.000000000000000000e+00
1.439437021208771839e+01 -1.717455529939032743e+01 1.028236618037175587e+00 1.000000000000000000e+00
1.440867873118522091e+01 -1.710974272627788650e+01 1.015617457648436472e+00 1.000000000000000000e+00
1.442298725028272344e+01 -1.704444994137142899e+01 1.002969792361104062e+00 1.000000000000000000e+00
1.443729576938022774e+01 -1.697867877721548169e+01 9.902939771517628165e-01 1.000000000000000000e+00
1.445160428847773026e+01 -1.691243107978103666e+01 9.775903677870693143e-01 1.000000000000000000e+00
1.446591280757523279e+01 -1.684570870841373491e+01 9.648593208137667965e-01 1.000000000000000000e+00
1.448022132667273532e+01 -1.677851353578169835e+01 9.521011935486776157e-01 1.000000000000000000e+00
1.449452984577023784e+01 -1.671084744782294607e+01 9.393163440686753685e-01 1.000000000000000000e+00
1.450883836486774037e+01 -1.664271234369248020e+01 9.265051312006344908e-01 1.000000000000000000e+00
1.452314688396524289e+01 -1.657411013570898106e+01 9.136679145113594247e-01 1.000000000000000000e+00
1.453745540306274542e+01 -1.650504274930113979e+01 9.008050542974924690e-01 1.000000000000000000e+00
1.455176392216024794e+01 -1.643551212295357900e+01 8.879169115754017572e-01 1.000000000000000000e+00
1.456607244125775047e+01 -1.636552020815251751e+01 8.750038480710488065e-01 1.000000000000000000e+00
1.458038096035525477e+01 -1.629506896933092364e+01 8.620662262098360840e-01 1.000000000000000000e+00
1.459468947945275730e+01 -1.622416038381344805e+01 8.491044091064344768e-01 1.000000000000000000e+00
1.460899799855025982e+01 -1.615279644176087004e+01 8.361187605545927770e-01 1.000000000000000000e+00
1.462330651764776235e+01 -1.608097914611427015e+01 8.231096450169269607e-01 1.000000000000000000e+00
1.463761503674526487e+01 -1.600871051253882271e+01 8.100774276146900377e-01 1.000000000000000000e+00
1.465192355584276740e+01 -1.593599256936718866e+01 7.970224741175259142e-01 1.000000000000000000e+00
1.466623207494026992e+01 -1.586282735754262774e+01 7.839451509332021617e-01 1.000000000000000000e+00
1.468054059403777245e+01 -1.578921693056168785e+01 7.708458250973272419e-01 1.000000000000000000e+00
1.469484911313527498e+01 -1.571516335441657297e+01 7.577248642630478592e-01 1.000000000000000000e+00
1.470915763223277750e+01 -1.564066870753717886e+01 7.445826366907318805e-01 1.000000000000000000e+00
1.472346615133028003e+01 -1.556573508073272727e+01 7.314195112376304930e-01 1.000000000000000000e+00
1.473777467042778433e+01 -1.549036457713311776e+01 7.182358573475275954e-01 1.000000000000000000e+00
1.475208318952528685e+01 -1.541455931212987096e+01 7.050320450403696482e-01 1.000000000000000000e+00
1.476639170862278938e+01 -1.533832141331677157e+01 6.918084449018804261e-01 1.000000000000000000e+00
1.478070022772029191e+01 -1.526165302043015437e+01 6.785654280731604482e-01 1.000000000000000000e+00
1.479500874681779443e+01 -1.518455628528884560e+01 6.653033662402706438e-01 1.000000000000000000e+00
1.480931726591529696e+01 -1.510703337173377037e+01 6.520226316237988096e-01 1.000000000000000000e+00
1.482362578501279948e+01 -1.502908645556721190e+01 6.387235969684147419e-01 1.000000000000000000e+00
1.483793430411030201e+01 -1.495071772449176173e+01 6.254066355324070514e-01 1.000000000000000000e+00
1.485224282320780453e+01 -1.487192937804890391e+01 6.120721210772077647e-01 1.000000000000000000e+00
1.486655134230530706e+01 -1.479272362755728842e+01 5.987204278569018268e-01 1.000000000000000000e+00
1.488085986140281136e+01 -1.471310269605067234e+01 5.853519306077232809e-01 1.000000000000000000e+00
1.489516838050031389e+01 -1.463306881821551286e+01 5.719670045375376821e-01 1.000000000000000000e+00
1.490947689959781641e+01 -1.455262424032824597e+01 5.585660253153110766e-01 1.000000000000000000e+00
1.492378541869531894e+01 -1.447177122019226303e+01 5.451493690605665465e-01 1.000000000000000000e+00
1.493809393779282146e+01 -1.439051202707452148e+01 5.317174123328277657e-01 1.000000000000000000e+00
1.495240245689032399e+01 -1.430884894164186250e+01 5.182705321210498983e-01 1.000000000000000000e+00
1.496671097598782652e+01 -1.422678425589700524e+01 5.048091058330396175e-01 1.000000000000000000e+00
1.498101949508532904e+01 -1.414432027311420015e+01 4.913335112848616903e-01 1.000000000000000000e+00
1.499532801418283157e+01 -1.406145930777460862e+01 4.778441266902354601e-01 1.000000000000000000e+00
1.500963653328033409e+01 -1.397820368550132031e+01 4.643413306499195037e-01 1.000000000000000000e+00
1.502394505237783839e+01 -1.389455574299409690e+01 4.508255021410858543e-01 1.000000000000000000e+00
1.503825357147534092e+01 -1.381051782796378369e+01 4.372970205066830096e-01 1.000000000000000000e+00
1.505256209057284345e+01 -1.372609229906641737e+01 4.237562654447893928e-01 1.000000000000000000e+00
1.506687060967034597e+01 -1.364128152583701947e+01 4.102036169979566549e-01 1.000000000000000000e+00
1.508117912876784850e+01 -1.355608788862311087e+01 3.966394555425427626e-01 1.000000000000000000e+00
1.509548764786535102e+01 -1.347051377851787635e+01 3.830641617780361496e-01 1.000000000000000000e+00
1.510979616696285355e+01 -1.338456159729308759e+01 3.694781167163713742e-01 1.000000000000000000e+00
1.512410468606035607e+01 -1.329823375733165847e+01 3.558817016712347847e-01 1.000000000000000000e+00
1.513841320515785860e+01 -1.321153268155996408e+01 3.422752982473628025e-01 1.000000000000000000e+00
1.515272172425536112e+01 -1.312446080337984355e+01 3.286592883298333767e-01 1.000000000000000000e+00
1.516703024335286543e+01 -1.303702056660022990e+01 3.150340540733368444e-01 1.000000000000000000e+00
1.518133876245036795e+01 -1.294921442536870160e+01 3.013999778914727701e-01 1.000000000000000000e+00
1.519564728154787048e+01 -1.286104484410246052e+01 2.877574424459941049e-01 1.000000000000000000e+00
1.520995580064537300e+01 -1.277251429741924937e+01 2.741068306360786022e-01 1.000000000000000000e+00
1.522426431974287553e+01 -1.268362527006785889e+01 2.604485255875798044e-01 1.000000000000000000e+00
1.523857283884037805e+01 -1.259438025685841112e+01 2.467829106422741170e-01 1.000000000000000000e+00
1.525288135793788058e+01 -1.250478176259232832e+01 2.331103693471016924e-01 1.000000000000000000e+00
1.526718987703538311e+01 -1.241483230199202836e+01 2.194312854434015692e-01 1.000000000000000000e+00
1.528149839613288563e+01 -1.232453439963036246e+01 2.057460428561413424e-01 1.000000000000000000e+00
1.529580691523038816e+01 -1.223389058985974565e+01 1.920550256831440594e-01 1.000000000000000000e+00
1.531011543432789246e+01 -1.214290341674097995e+01 1.783586181842963247e-01 1.000000000000000000e+00
1.532442395342539498e+01 -1.205157543397198516e+01 1.646572047707865472e-01 1.000000000000000000e+00
1.533873247252289751e+01 -1.195990920481597719e+01 1.509511699942928109e-01 1.000000000000000000e+00
1.535304099162040004e+01 -1.186790730202960731e+01 1.372408985362012501e-01 1.000000000000000000e+00
1.536734951071790256e+01 -1.177557230779073372e+01 1.235267751968071592e-01 1.000000000000000000e+00
1.538165802981540509e+01 -1.168290681362594263e+01 1.098091848845149238e-01 1.000000000000000000e+00
1.539596654891290761e+01 -1.158991342033781891e+01 9.608851260503496750e-02 1.000000000000000000e+00
1.541027506801041014e+01 -1.149659473793196796e+01 8.236514345057795172e-02 1.000000000000000000e+00
1.542458358710791266e+01 -1.140295338554372506e+01 6.863946258904657372e-02 1.000000000000000000e+00
1.543889210620541519e+01 -1.130899199136469413e+01 5.491185525322754557e-02 1.000000000000000000e+00
1.545320062530291949e+01 -1.121471319256887966e+01 4.118270672996784953e-02 1.000000000000000000e+00
1.546750914440042202e+01 -1.112011963523885605e+01 2.745240234938415430e-02 1.000000000000000000e+00
1.548181766349792454e+01 -1.102521397429130978e+01 1.372132747402487335e-02 1.000000000000000000e+00
1.549612618259542707e+01 -1.092999887340263143e+01 -1.013251193413865110e-05 1.000000000000000000e+00
1.551043470169292959e+01 -1.083447700493412924e+01 -1.374159221350829477e-02 1.000000000000000000e+00
1.552474322079043212e+01 -1.073865104985701890e+01 -2.747266623572098762e-02 1.000000000000000000e+00
1.553905173988793464e+01 -1.064252369767718953e+01 -4.120296919442030525e-02 1.000000000000000000e+00
1.555336025898543717e+01 -1.054609764635971381e+01 -5.493211572709544299e-02 1.000000000000000000e+00
1.556766877808293970e+01 -1.044937560225312012e+01 -6.865972050369252566e-02 1.000000000000000000e+00
1.558197729718044222e+01 -1.035236028001345687e+01 -8.238539823742714596e-02 1.000000000000000000e+00
1.559628581627794652e+01 -1.025505440252802813e+01 -9.610876369560962529e-02 1.000000000000000000e+00
1.561059433537544905e+01 -1.015746070083910446e+01 -1.098294317104340639e-01 1.000000000000000000e+00
1.562490285447295157e+01 -1.005958191406715230e+01 -1.235470171898118419e-01 1.000000000000000000e+00
1.563921137357045410e+01 -9.961420789333995884e+00 -1.372611351281681769e-01 1.000000000000000000e+00
1.565351989266795663e+01 -9.862980081685732259e+00 -1.509714006172502287e-01 1.000000000000000000e+00
1.566782841176545915e+01 -9.764262554015381568e+00 -1.646774288569302913e-01 1.000000000000000000e+00
1.568213693086296168e+01 -9.665270976985359752e+00 -1.783788351660056115e-01 1.000000000000000000e+00
1.569644544996046420e+01 -9.566008128949700762e+00 -1.920752349929952807e-01 1.000000000000000000e+00
1.571075396905796673e+01 -9.466476795876110018e+00 -2.057662439269308252e-01 1.000000000000000000e+00
1.572506248815546925e+01 -9.366679771267692800e+00 -2.194514777081544854e-01 1.000000000000000000e+00
1.573937100725297356e+01 -9.266619856084636453e+00 -2.331305522390927365e-01 1.000000000000000000e+00
1.575367952635047608e+01 -9.166299858665603040e+00 -2.468030835950364432e-01 1.000000000000000000e+00
1.576798804544797861e+01 -9.065722594648816468e+00 -2.604686880349277867e-01 1.000000000000000000e+00
1.578229656454548113e+01 -8.964890886893110533e+00 -2.741269820121215450e-01 1.000000000000000000e+00
1.579660508364298366e+01 -8.863807565398678534e+00 -2.877775821851520366e-01 1.000000000000000000e+00
1.581091360274048618e+01 -8.762475467227657688e+00 -3.014201054284922354e-01 1.000000000000000000e+00
1.582522212183798871e+01 -8.660897436424482621e+00 -3.150541688433068921e-01 1.000000000000000000e+00
1.583953064093549123e+01 -8.559076323936078978e+00 -3.286793897681991594e-01 1.000000000000000000e+00
1.585383916003299376e+01 -8.457014987531858097e+00 -3.422953857899481700e-01 1.000000000000000000e+00
1.586814767913049629e+01 -8.354716291723438104e+00 -3.559017747542513876e-01 1.000000000000000000e+00
1.588245619822800059e+01 -8.252183107684341934e+00 -3.694981747764387592e-01 1.000000000000000000e+00
1.589676471732550311e+01 -8.149418313169402239e+00 -3.830842042521911406e-01 1.000000000000000000e+00
1.591107323642300564e+01 -8.046424792433914064e+00 -3.966594818682617762e-01 1.000000000000000000e+00
1.592538175552050816e+01 -7.943205436152747545e+00 -4.102236266131695785e-01 1.000000000000000000e+00
1.593969027461801069e+01 -7.839763141339203045e+00 -4.237762577878949610e-01 1.000000000000000000e+00
1.595399879371551322e+01 -7.736100811263706412e+00 -4.373169950165645137e-01 1.000000000000000000e+00
1.596830731281301574e+01 -7.632221355372309723e+00 -4.508454582571274627e-01 1.000000000000000000e+00
1.598261583191051827e+01 -7.528127689205048156e+00 -4.643612678120215276e-01 1.000000000000000000e+00
1.599692435100802079e+01 -7.423822734314117433e+00 -4.778640443388277870e-01 1.000000000000000000e+00
1.601123287010552332e+01 -7.319309418181815907e+00 -4.913534088609265993e-01 1.000000000000000000e+00
1.602554138920302762e+01 -7.214590674138458226e+00 -5.048289827781226036e-01 1.000000000000000000e+00
1.603984990830052837e+01 -7.109669441280070501e+00 -5.182903878772687767e-01 1.000000000000000000e+00
1.605415842739803267e+01 -7.004548664385721324e+00 -5.317372463429039797e-01 1.000000000000000000e+00
1.606846694649553342e+01 -6.899231293835137890e+00 -5.451691807678229473e-01 1.000000000000000000e+00
1.608277546559303772e+01 -6.793720285525615132e+00 -5.585858141637056740e-01 1.000000000000000000e+00
1.609708398469054202e+01 -6.688018600789319201e+00 -5.719867699716629783e-01 1.000000000000000000e+00
1.611139250378804277e+01 -6.582129206309978997e+00 -5.853716720728314726e-01 1.000000000000000000e+00
1.612570102288554708e+01 -6.476055074039710924e+00 -5.987401447989175729e-01 1.000000000000000000e+00
1.614000954198304782e+01 -6.369799181115603837e+00 -6.120918129427419530e-01 1.000000000000000000e+00
1.615431806108055213e+01 -6.263364509776073952e+00 -6.254263017687810011e-01 1.000000000000000000e+00
1.616862658017805288e+01 -6.156754047277360087e+00 -6.387432370236600931e-01 1.000000000000000000e+00
1.618293509927555718e+01 -6.049970785809410501e+00 -6.520422449466911630e-01 1.000000000000000000e+00
1.619724361837305793e+01 -5.943017722412195170e+00 -6.653229522803267848e-01 1.000000000000000000e+00
1.621155213747056223e+01 -5.835897858891294199e+00 -6.785849862806719868e-01 1.000000000000000000e+00
1.622586065656806298e+01 -5.728614201733940980e+00 -6.918279747279109104e-01 1.000000000000000000e+00
1.624016917566556728e+01 -5.621169762024350369e+00 -7.050515459367883153e-01 1.000000000000000000e+00
1.625447769476307158e+01 -5.513567555359478511e+00 -7.182553287670090381e-01 1.000000000000000000e+00
1.626878621386057233e+01 -5.405810601764184931e+00 -7.314389526336788627e-01 1.000000000000000000e+00
1.628309473295807663e+01 -5.297901925606563367e+00 -7.446020475176935438e-01 1.000000000000000000e+00
1.629740325205557738e+01 -5.189844555513062119e+00 -7.577442439761256088e-01 1.000000000000000000e+00
1.631171177115308168e+01 -5.081641524283377898e+00 -7.708651731526032780e-01 1.000000000000000000e+00
1.632602029025058243e+01 -4.973295868805547748e+00 -7.839644667876385364e-01 1.000000000000000000e+00
1.634032880934808674e+01 -4.864810629970437006e+00 -7.970417572289971719e-01 1.000000000000000000e+00
1.635463732844558749e+01 -4.756188852586680227e+00 -8.100966774419811056e-01 1.000000000000000000e+00
1.636894584754309179e+01 -4.647433585294937330e+00 -8.231288610197654565e-01 1.000000000000000000e+00
1.638325436664059609e+01 -4.538547880482598273e+00 -8.361379421936494527e-01 1.000000000000000000e+00
1.639756288573809684e+01 -4.429534794197914849e+00 -8.491235558433462005e-01 1.000000000000000000e+00
1.641187140483560114e+01 -4.320397386064317224e+00 -8.620853375072197178e-01 1.000000000000000000e+00
1.642617992393310189e+01 -4.211138719194542190e+00 -8.750229233925138628e-01 1.000000000000000000e+00
1.644048844303060619e+01 -4.101761860104569557e+00 -8.879359503855733804e-01 1.000000000000000000e+00
1.645479696212810694e+01 -3.992269878627759283e+00 -9.008240560620124349e-01 1.000000000000000000e+00
1.646910548122561124e+01 -3.882665847828412620e+00 -9.136868786969176703e-01 1.000000000000000000e+00
1.648341400032311199e+01 -3.772952843915820420e+00 -9.265240572749671166e-01 1.000000000000000000e+00
1.649772251942061629e+01 -3.663133946157625775e+00 -9.393352315005965014e-01 1.000000000000000000e+00
1.651203103851811704e+01 -3.553212236793698242e+00 -9.521200418080777439e-01 1.000000000000000000e+00
1.652633955761562135e+01 -3.443190800949327723e+00 -9.648781293716439666e-01 1.000000000000000000e+00
1.654064807671312565e+01 -3.333072726548912623e+00 -9.776091361155300197e-01 1.000000000000000000e+00
1.655495659581062640e+01 -3.222861104229111096e+00 -9.903127047240419811e-01 1.000000000000000000e+00
1.656926511490813070e+01 -3.112559027252094435e+00 -1.002988478651587245e+00 1.000000000000000000e+00
1.658357363400563145e+01 -3.002169591418913708e+00 -1.015636102132659646e+00 1.000000000000000000e+00
1.659788215310313575e+01 -2.891695894982336590e+00 -1.028255220191856001e+00 1.000000000000000000e+00
1.661219067220063650e+01 -2.781141038560185574e+00 -1.040845478653806166e+00 1.000000000000000000e+00
1.662649919129814080e+01 -2.670508125048015824e+00 -1.053406524153146728e+00 1.000000000000000000e+00
1.664080771039564155e+01 -2.559800259532327260e+00 -1.065938004144404649e+00 1.000000000000000000e+00
1.665511622949314585e+01 -2.449020549203116293e+00 -1.078439566911926439e+00 1.000000000000000000e+00
1.666942474859065015e+01 -2.338172103266947577e+00 -1.090910861579718061e+00 1.000000000000000000e+00
1.668373326768815090e+01 -2.227258032859481318e+00 -1.103351538121314812e+00 1.000000000000000000e+00
1.669804178678565520e+01 -2.116281450958254151e+00 -1.115761247369596587e+00 1.000000000000000000e+00
1.671235030588315595e+01 -2.005245472295301479e+00 -1.128139641026586482e+00 1.000000000000000000e+00
1.672665882498066026e+01 -1.894153213269649916e+00 -1.140486371673236743e+00 1.000000000000000000e+00
1.674096734407816101e+01 -1.783007791860051316e+00 -1.152801092779157877e+00 1.000000000000000000e+00
1.675527586317566531e+01 -1.671812327537194998e+00 -1.165083458712374620e+00 1.000000000000000000e+00
1.676958438227316606e+01 -1.560569941176452424e+00 -1.177333124748994209e+00 1.000000000000000000e+00
1.678389290137067036e+01 -1.449283754969986182e+00 -1.189549747082913500e+00 1.000000000000000000e+00
1.679820142046817111e+01 -1.337956892339420500e+00 -1.201732982835437502e+00 1.000000000000000000e+00
1.681250993956567541e+01 -1.226592477847876728e+00 -1.213882490064933428e+00 1.000000000000000000e+00
1.682681845866317971e+01 -1.115193637112559921e+00 -1.225997927776398599e+00 1.000000000000000000e+00
1.684112697776068046e+01 -1.003763496716844505e+00 -1.238078955931050995e+00 1.000000000000000000e+00
1.685543549685818476e+01 -8.923051841225241310e-01 -1.250125235455872952e+00 1.000000000000000000e+00
1.686974401595568551e+01 -7.808218275822199628e-01 -1.262136428253107345e+00 1.000000000000000000e+00
1.688405253505318981e+01 -6.693165560513006929e-01 -1.274112197209777086e+00 1.000000000000000000e+00
1.689836105415069056e+01 -5.577924991003638810e-01 -1.286052206207115134e+00 1.000000000000000000e+00
1.691266957324819487e+01 -4.462527868270995124e-01 -1.297956120130029811e+00 1.000000000000000000e+00
1.692697809234569561e+01 -3.347005497687384201e-01 -1.309823604876477976e+00 1.000000000000000000e+00
1.694128661144319992e+01 -2.231389188138896418e-01 -1.321654327366874826e+00 1.000000000000000000e+00
1.695559513054070422e+01 -1.115710251149474586e-01 -1.333447955553412223e+00 1.000000000000000000e+00
1.696990364963820497e+01 -2.386324482293674449e-14 -1.345204158429397667e+00 1.000000000000000000e+00
